source_type,source_key,current_reason,normalized_reason_code,evidence_level,proposed_action,proposed_rule_id,risk,human_decision_required,evidence_reference,notes
media,asset:fichas/13.0.Folleto-Operador-AccessPRO-FS1000-SPEED-hoja-tecnica (1).pdf,Uso documental no equivale a aprobación de propósito/identidad de medios.,R12_MEDIA_PURPOSE_UNPROVEN,NONE,KEEP_REVIEW,R-M07,MEDIUM,D09,media-master.csv:fichas/13.0.Folleto-Operador-AccessPRO-FS1000-SPEED-hoja-tecnica (1).pdf usage=PDF_APPARENTLY_UNUSED|EXACT_DUPLICATE_BYTES direct_refs=0,Sin relacion con entidad SQL y sin referencia publica atribuible. Ausencia de referencia NO demuestra orfandad (D09): se conserva en REVIEW.
media,asset:fichas/13.0.Folleto-Operador-AccessPRO-FS1000-SPEED-hoja-tecnica.pdf,Uso documental no equivale a aprobación de propósito/identidad de medios.,R09_MEDIA_OWNER_PENDING,CONFIRMED,MIGRATE,R-M04,LOW,,"media-usage-evidence.csv PUBLIC_SOURCE pages=['accesspro-fs1000speed.php', 'operadores-puerta-abatible.php', 'operadores-puerta-corrediza-residencial.php'] path=fichas/13.0.Folleto-Operador-AccessPRO-FS1000-SPEED-hoja-tecnica.pdf",Referenciada literalmente por una Page editorial aprobada (R-G02).
media,asset:fichas/Abrigo-de-anden-BG400.pdf,Uso documental no equivale a aprobación de propósito/identidad de medios.,R09_MEDIA_OWNER_PENDING,STRONG,KEEP_REVIEW,R-M04b,MEDIUM,D02,media-usage-evidence.csv PUBLIC_SOURCE pages=['shelter-abrigo-estacionario-blue-giant.php'] (1) path=fichas/Abrigo-de-anden-BG400.pdf,Referencia publica literal desde 1 pagina(s) ['PRODUCT_PAGE']; el propietario final de esas paginas aun no esta decidido.
media,asset:fichas/accesorios-doorlock.pdf,Uso documental no equivale a aprobación de propósito/identidad de medios.,R09_MEDIA_OWNER_PENDING,STRONG,KEEP_REVIEW,R-M04b,MEDIUM,D02,media-usage-evidence.csv PUBLIC_SOURCE pages=['accesorios.php'] (1) path=fichas/accesorios-doorlock.pdf,Referencia publica literal desde 1 pagina(s) ['PRODUCT_PAGE']; el propietario final de esas paginas aun no esta decidido.
media,asset:fichas/Alumina-Technical-Specifications-15.pdf,Uso documental no equivale a aprobación de propósito/identidad de medios.,R09_MEDIA_OWNER_PENDING,STRONG,KEEP_REVIEW,R-M04b,MEDIUM,D02,media-usage-evidence.csv PUBLIC_SOURCE pages=['kronos-puertas-rapidas-de-sectores-modulares-autorreparable.php'] (1) path=fichas/Alumina-Technical-Specifications-15.pdf,Referencia publica literal desde 1 pagina(s) ['PRODUCT_PAGE']; el propietario final de esas paginas aun no esta decidido.
media,asset:fichas/BGDSHS_Brochure_Sept2014_WEB.pdf,Uso documental no equivale a aprobación de propósito/identidad de medios.,R09_MEDIA_OWNER_PENDING,STRONG,KEEP_REVIEW,R-M04b,MEDIUM,D02,media-usage-evidence.csv PUBLIC_SOURCE pages=['shelter-abrigo-estacionario-blue-giant.php'] (1) path=fichas/BGDSHS_Brochure_Sept2014_WEB.pdf,Referencia publica literal desde 1 pagina(s) ['PRODUCT_PAGE']; el propietario final de esas paginas aun no esta decidido.
media,asset:fichas/cdx-commercial-operator-sellsheet.pdf,Uso documental no equivale a aprobación de propósito/identidad de medios.,R09_MEDIA_OWNER_PENDING,STRONG,KEEP_REVIEW,R-M04b,MEDIUM,D02,media-usage-evidence.csv PUBLIC_SOURCE pages=['operadores-para-puertas-de-mostrador-cdo.php'] (1) path=fichas/cdx-commercial-operator-sellsheet.pdf,Referencia publica literal desde 1 pagina(s) ['PRODUCT_PAGE']; el propietario final de esas paginas aun no esta decidido.
media,asset:fichas/Clopay-3720-07.pdf,Uso documental no equivale a aprobación de propósito/identidad de medios.,R09_MEDIA_OWNER_PENDING,STRONG,KEEP_REVIEW,R-M04b,MEDIUM,D02,media-usage-evidence.csv PUBLIC_SOURCE pages=['energy-series-with-intellicore-3720-3724-3722.php'] (1) path=fichas/Clopay-3720-07.pdf,Referencia publica literal desde 1 pagina(s) ['PRODUCT_PAGE']; el propietario final de esas paginas aun no esta decidido.
media,asset:fichas/CMDC-0524SP-14-1.pdf,Uso documental no equivale a aprobación de propósito/identidad de medios.,R09_MEDIA_OWNER_PENDING,STRONG,KEEP_REVIEW,R-M04b,MEDIUM,D02,media-usage-evidence.csv PUBLIC_SOURCE pages=['puerta-de-acero-acanalado-modelos-524.php'] (1) path=fichas/CMDC-0524SP-14-1.pdf,Referencia publica literal desde 1 pagina(s) ['PRODUCT_PAGE']; el propietario final de esas paginas aun no esta decidido.
media,asset:fichas/CMDC-3717-3718-11.pdf,Uso documental no equivale a aprobación de propósito/identidad de medios.,R09_MEDIA_OWNER_PENDING,STRONG,KEEP_REVIEW,R-M04b,MEDIUM,D02,media-usage-evidence.csv PUBLIC_SOURCE pages=['energy-series-with-intellicore-37171-3-4.php'] (1) path=fichas/CMDC-3717-3718-11.pdf,Referencia publica literal desde 1 pagina(s) ['PRODUCT_PAGE']; el propietario final de esas paginas aun no esta decidido.
media,asset:fichas/commercial-aluminum-door-systems-brochure.pdf,Uso documental no equivale a aprobación de propósito/identidad de medios.,R09_MEDIA_OWNER_PENDING,STRONG,KEEP_REVIEW,R-M04b,MEDIUM,D02,media-usage-evidence.csv PUBLIC_SOURCE pages=['cortina-en-aluminio-serie-511-521.php'] (1) path=fichas/commercial-aluminum-door-systems-brochure.pdf,Referencia publica literal desde 1 pagina(s) ['PRODUCT_PAGE']; el propietario final de esas paginas aun no esta decidido.
media,asset:fichas/CONTRA_EXPLOSION.pdf,Uso documental no equivale a aprobación de propósito/identidad de medios.,R09_MEDIA_OWNER_PENDING,STRONG,KEEP_REVIEW,R-M04b,MEDIUM,D02,media-usage-evidence.csv PUBLIC_SOURCE pages=['puerta-contra-explosion.php'] (1) path=fichas/CONTRA_EXPLOSION.pdf,Referencia publica literal desde 1 pagina(s) ['PRODUCT_PAGE']; el propietario final de esas paginas aun no esta decidido.
media,asset:fichas/CORTINA-EUROPEA.pdf,Uso documental no equivale a aprobación de propósito/identidad de medios.,R09_MEDIA_OWNER_PENDING,STRONG,KEEP_REVIEW,R-M04b,MEDIUM,D02,media-usage-evidence.csv PUBLIC_SOURCE pages=['cortina-europea.php'] (1) path=fichas/CORTINA-EUROPEA.pdf,Referencia publica literal desde 1 pagina(s) ['PRODUCT_PAGE']; el propietario final de esas paginas aun no esta decidido.
media,asset:fichas/CORTINA-PLANA.pdf,Uso documental no equivale a aprobación de propósito/identidad de medios.,R09_MEDIA_OWNER_PENDING,STRONG,KEEP_REVIEW,R-M04b,MEDIUM,D02,media-usage-evidence.csv PUBLIC_SOURCE pages=['cortina-plana.php'] (1) path=fichas/CORTINA-PLANA.pdf,Referencia publica literal desde 1 pagina(s) ['PRODUCT_PAGE']; el propietario final de esas paginas aun no esta decidido.
media,asset:fichas/Cortina-serie-610-620.pdf,Uso documental no equivale a aprobación de propósito/identidad de medios.,R09_MEDIA_OWNER_PENDING,STRONG,KEEP_REVIEW,R-M04b,MEDIUM,D02,media-usage-evidence.csv PUBLIC_SOURCE pages=['cortina-serie-610.php'] (1) path=fichas/Cortina-serie-610-620.pdf,Referencia publica literal desde 1 pagina(s) ['PRODUCT_PAGE']; el propietario final de esas paginas aun no esta decidido.
media,asset:fichas/Fast-Seal_LIT020520_ES-2.pdf,Uso documental no equivale a aprobación de propósito/identidad de medios.,R09_MEDIA_OWNER_PENDING,STRONG,KEEP_REVIEW,R-M04b,MEDIUM,D02,media-usage-evidence.csv PUBLIC_SOURCE pages=['fast-seal-high-performance-door.php'] (1) path=fichas/Fast-Seal_LIT020520_ES-2.pdf,Referencia publica literal desde 1 pagina(s) ['PRODUCT_PAGE']; el propietario final de esas paginas aun no esta decidido.
media,asset:fichas/FICHATECNICASELLOSSOLMMER S.pdf,Uso documental no equivale a aprobación de propósito/identidad de medios.,R12_MEDIA_PURPOSE_UNPROVEN,NONE,KEEP_REVIEW,R-M07,MEDIUM,D09,media-master.csv:fichas/FICHATECNICASELLOSSOLMMER S.pdf usage=PDF_APPARENTLY_UNUSED|EXACT_DUPLICATE_BYTES direct_refs=0,Sin relacion con entidad SQL y sin referencia publica atribuible. Ausencia de referencia NO demuestra orfandad (D09): se conserva en REVIEW.
media,asset:fichas/fireking-fire-door-systems-brochure.pdf,Uso documental no equivale a aprobación de propósito/identidad de medios.,R09_MEDIA_OWNER_PENDING,STRONG,KEEP_REVIEW,R-M04b,MEDIUM,D02,media-usage-evidence.csv PUBLIC_SOURCE pages=['cortina-serie-630.php'] (1) path=fichas/fireking-fire-door-systems-brochure.pdf,Referencia publica literal desde 1 pagina(s) ['PRODUCT_PAGE']; el propietario final de esas paginas aun no esta decidido.
media,asset:fichas/Folleto-de-Cortina-Enrollable-Wayne-Dalton-Firestar-700-2.pdf,Uso documental no equivale a aprobación de propósito/identidad de medios.,R09_MEDIA_OWNER_PENDING,STRONG,KEEP_REVIEW,R-M04b,MEDIUM,D02,media-usage-evidence.csv PUBLIC_SOURCE pages=['fire-rated-doors-firestar-models-700-700c.php'] (1) path=fichas/Folleto-de-Cortina-Enrollable-Wayne-Dalton-Firestar-700-2.pdf,Referencia publica literal desde 1 pagina(s) ['PRODUCT_PAGE']; el propietario final de esas paginas aun no esta decidido.
media,asset:fichas/Icaro-smart-AC-Aes.pdf,Uso documental no equivale a aprobación de propósito/identidad de medios.,R13_MEDIA_TYPE_UNSUPPORTED,MODERATE,KEEP_REVIEW,R-M06,MEDIUM,,all-review.csv media_validation=REVIEW_TYPE_LIMIT_OR_HASH; detected_type=application/pdf,Tipo/limite/hash fuera de la politica del importador; requiere revision tecnica.
media,asset:fichas/INFRACA-RAPIDA-ENROLLABLE.pdf,Uso documental no equivale a aprobación de propósito/identidad de medios.,R09_MEDIA_OWNER_PENDING,STRONG,KEEP_REVIEW,R-M04b,MEDIUM,D02,media-usage-evidence.csv PUBLIC_SOURCE pages=['rapida-enrollable-industrial.php'] (1) path=fichas/INFRACA-RAPIDA-ENROLLABLE.pdf,Referencia publica literal desde 1 pagina(s) ['PRODUCT_PAGE']; el propietario final de esas paginas aun no esta decidido.
media,asset:fichas/INFRACA-RÁPIDA-APILABLE.pdf,Uso documental no equivale a aprobación de propósito/identidad de medios.,R12_MEDIA_PURPOSE_UNPROVEN,NONE,KEEP_REVIEW,R-M07,MEDIUM,D09,media-master.csv:fichas/INFRACA-RÁPIDA-APILABLE.pdf usage=PDF_APPARENTLY_UNUSED|EXACT_DUPLICATE_BYTES direct_refs=0,Sin relacion con entidad SQL y sin referencia publica atribuible. Ausencia de referencia NO demuestra orfandad (D09): se conserva en REVIEW.
media,asset:fichas/Kelley-Hydraulic-Dock-Leveler-Brochure_web.pdf,Uso documental no equivale a aprobación de propósito/identidad de medios.,R09_MEDIA_OWNER_PENDING,STRONG,KEEP_REVIEW,R-M04b,MEDIUM,D02,media-usage-evidence.csv PUBLIC_SOURCE pages=['rampas-de-anden-hidraulicas-kelley.php'] (1) path=fichas/Kelley-Hydraulic-Dock-Leveler-Brochure_web.pdf,Referencia publica literal desde 1 pagina(s) ['PRODUCT_PAGE']; el propietario final de esas paginas aun no esta decidido.
media,asset:fichas/Kelley-Vehicle-Restraint-Brochure_web.pdf,Uso documental no equivale a aprobación de propósito/identidad de medios.,R09_MEDIA_OWNER_PENDING,STRONG,KEEP_REVIEW,R-M04b,MEDIUM,D02,media-usage-evidence.csv PUBLIC_SOURCE pages=['star4-vehicle-restraint.php'] (1) path=fichas/Kelley-Vehicle-Restraint-Brochure_web.pdf,Referencia publica literal desde 1 pagina(s) ['PRODUCT_PAGE']; el propietario final de esas paginas aun no esta decidido.
media,asset:fichas/Lift-Master-H-Sell-Sheet-Spanish.pdf,Uso documental no equivale a aprobación de propósito/identidad de medios.,R09_MEDIA_OWNER_PENDING,STRONG,KEEP_REVIEW,R-M04b,MEDIUM,D02,media-usage-evidence.csv PUBLIC_SOURCE pages=['lift-master-mod-h.php'] (1) path=fichas/Lift-Master-H-Sell-Sheet-Spanish.pdf,Referencia publica literal desde 1 pagina(s) ['PRODUCT_PAGE']; el propietario final de esas paginas aun no esta decidido.
media,asset:fichas/lisos.pdf,Uso documental no equivale a aprobación de propósito/identidad de medios.,R09_MEDIA_OWNER_PENDING,STRONG,KEEP_REVIEW,R-M04b,MEDIUM,D02,media-usage-evidence.csv PUBLIC_SOURCE pages=['coleccion-modern-steel.php'] (1) path=fichas/lisos.pdf,Referencia publica literal desde 1 pagina(s) ['PRODUCT_PAGE']; el propietario final de esas paginas aun no esta decidido.
media,asset:fichas/M-28R.pdf,Uso documental no equivale a aprobación de propósito/identidad de medios.,R09_MEDIA_OWNER_PENDING,STRONG,KEEP_REVIEW,R-M04b,MEDIUM,D02,media-usage-evidence.csv PUBLIC_SOURCE pages=['energy-series-with-intellicore-37171-3-4.php'] (1) path=fichas/M-28R.pdf,Referencia publica literal desde 1 pagina(s) ['PRODUCT_PAGE']; el propietario final de esas paginas aun no esta decidido.
media,asset:fichas/Minidock.pdf,Uso documental no equivale a aprobación de propósito/identidad de medios.,R09_MEDIA_OWNER_PENDING,STRONG,KEEP_REVIEW,R-M04b,MEDIUM,D02,media-usage-evidence.csv PUBLIC_SOURCE pages=['labio-de-elevacion-mecanico-dockman.php'] (1) path=fichas/Minidock.pdf,Referencia publica literal desde 1 pagina(s) ['PRODUCT_PAGE']; el propietario final de esas paginas aun no esta decidido.
media,asset:fichas/moovi50rm.pdf,Uso documental no equivale a aprobación de propósito/identidad de medios.,R09_MEDIA_OWNER_PENDING,STRONG,KEEP_REVIEW,R-M04b,MEDIUM,D02,media-usage-evidence.csv PUBLIC_SOURCE pages=['barreras-estacionamiento-moovi50rm.php'] (1) path=fichas/moovi50rm.pdf,Referencia publica literal desde 1 pagina(s) ['PRODUCT_PAGE']; el propietario final de esas paginas aun no esta decidido.
media,asset:fichas/operador-cortina.pdf,Uso documental no equivale a aprobación de propósito/identidad de medios.,R09_MEDIA_OWNER_PENDING,STRONG,KEEP_REVIEW,R-M04b,MEDIUM,D02,media-usage-evidence.csv PUBLIC_SOURCE pages=['operador-para-cortina-enrrollable-rsx.php'] (1) path=fichas/operador-cortina.pdf,Referencia publica literal desde 1 pagina(s) ['PRODUCT_PAGE']; el propietario final de esas paginas aun no esta decidido.
media,asset:fichas/Operador-RHX-Folleto-comercial-para-cortina.pdf,Uso documental no equivale a aprobación de propósito/identidad de medios.,R09_MEDIA_OWNER_PENDING,STRONG,KEEP_REVIEW,R-M04b,MEDIUM,D02,media-usage-evidence.csv PUBLIC_SOURCE pages=['operador-comercial-rhx.php'] (1) path=fichas/Operador-RHX-Folleto-comercial-para-cortina.pdf,Referencia publica literal desde 1 pagina(s) ['PRODUCT_PAGE']; el propietario final de esas paginas aun no esta decidido.
media,asset:fichas/pistones-electromecanicos-phobos.pdf,Uso documental no equivale a aprobación de propósito/identidad de medios.,R09_MEDIA_OWNER_PENDING,STRONG,KEEP_REVIEW,R-M04b,MEDIUM,D02,media-usage-evidence.csv PUBLIC_SOURCE pages=['phobos-n-piston-electromecanico.php'] (1) path=fichas/pistones-electromecanicos-phobos.pdf,Referencia publica literal desde 1 pagina(s) ['PRODUCT_PAGE']; el propietario final de esas paginas aun no esta decidido.
media,asset:fichas/pistones-hidraulicos-lux.pdf,Uso documental no equivale a aprobación de propósito/identidad de medios.,R09_MEDIA_OWNER_PENDING,STRONG,KEEP_REVIEW,R-M04b,MEDIUM,D02,"media-usage-evidence.csv PUBLIC_SOURCE pages=['icaro-smart.php', 'lux-2b-y-lux-gv-piston-hidraulico-para-puerta-abatible.php'] (2) path=fichas/pistones-hidraulicos-lux.pdf",Referencia publica literal desde 2 pagina(s) ['PRODUCT_PAGE']; el propietario final de esas paginas aun no esta decidido.
media,asset:fichas/pistones-hidraulicos-p457.pdf,Uso documental no equivale a aprobación de propósito/identidad de medios.,R09_MEDIA_OWNER_PENDING,STRONG,KEEP_REVIEW,R-M04b,MEDIUM,D02,media-usage-evidence.csv PUBLIC_SOURCE pages=['p45-7-piston-hidraulico-para-puerta-abatible.php'] (1) path=fichas/pistones-hidraulicos-p457.pdf,Referencia publica literal desde 1 pagina(s) ['PRODUCT_PAGE']; el propietario final de esas paginas aun no esta decidido.
media,asset:fichas/Predadoor_NXT_LIT020720_ES.pdf,Uso documental no equivale a aprobación de propósito/identidad de medios.,R09_MEDIA_OWNER_PENDING,STRONG,KEEP_REVIEW,R-M04b,MEDIUM,D02,media-usage-evidence.csv PUBLIC_SOURCE pages=['predadoor-nxt-door.php'] (1) path=fichas/Predadoor_NXT_LIT020720_ES.pdf,Referencia publica literal desde 1 pagina(s) ['PRODUCT_PAGE']; el propietario final de esas paginas aun no esta decidido.
media,asset:fichas/puerta-424.pdf,Uso documental no equivale a aprobación de propósito/identidad de medios.,R09_MEDIA_OWNER_PENDING,STRONG,KEEP_REVIEW,R-M04b,MEDIUM,D02,media-usage-evidence.csv PUBLIC_SOURCE pages=['puerta-seccional-de-acero-sin-aislamiento-424-uso-pesado.php'] (1) path=fichas/puerta-424.pdf,Referencia publica literal desde 1 pagina(s) ['PRODUCT_PAGE']; el propietario final de esas paginas aun no esta decidido.
media,asset:fichas/puerta-430.pdf,Uso documental no equivale a aprobación de propósito/identidad de medios.,R09_MEDIA_OWNER_PENDING,STRONG,KEEP_REVIEW,R-M04b,MEDIUM,D02,media-usage-evidence.csv PUBLIC_SOURCE pages=['puert-seccional-de-acero-sin-aislamiento-430-uso-medio.php'] (1) path=fichas/puerta-430.pdf,Referencia publica literal desde 1 pagina(s) ['PRODUCT_PAGE']; el propietario final de esas paginas aun no esta decidido.
media,asset:fichas/puerta-521.pdf,Uso documental no equivale a aprobación de propósito/identidad de medios.,R09_MEDIA_OWNER_PENDING,STRONG,KEEP_REVIEW,R-M04b,MEDIUM,D02,media-usage-evidence.csv PUBLIC_SOURCE pages=['puertas-seccionales-de-aluminio-521.php'] (1) path=fichas/puerta-521.pdf,Referencia publica literal desde 1 pagina(s) ['PRODUCT_PAGE']; el propietario final de esas paginas aun no esta decidido.
media,asset:fichas/Puerta-Blindada1.pdf,Uso documental no equivale a aprobación de propósito/identidad de medios.,R09_MEDIA_OWNER_PENDING,STRONG,KEEP_REVIEW,R-M04b,MEDIUM,D02,media-usage-evidence.csv PUBLIC_SOURCE pages=['puertas-blindadas.php'] (1) path=fichas/Puerta-Blindada1.pdf,Referencia publica literal desde 1 pagina(s) ['PRODUCT_PAGE']; el propietario final de esas paginas aun no esta decidido.
media,asset:fichas/Puerta-Estandar-Reforzada-Door-Lock.pdf,Uso documental no equivale a aprobación de propósito/identidad de medios.,R09_MEDIA_OWNER_PENDING,STRONG,KEEP_REVIEW,R-M04b,MEDIUM,D02,media-usage-evidence.csv PUBLIC_SOURCE pages=['puerta-estandar-reforzada.php'] (1) path=fichas/Puerta-Estandar-Reforzada-Door-Lock.pdf,Referencia publica literal desde 1 pagina(s) ['PRODUCT_PAGE']; el propietario final de esas paginas aun no esta decidido.
media,asset:fichas/Puerta-Holandesa-Door-Lock.pdf,Uso documental no equivale a aprobación de propósito/identidad de medios.,R09_MEDIA_OWNER_PENDING,STRONG,KEEP_REVIEW,R-M04b,MEDIUM,D02,media-usage-evidence.csv PUBLIC_SOURCE pages=['puerta-holandesa.php'] (1) path=fichas/Puerta-Holandesa-Door-Lock.pdf,Referencia publica literal desde 1 pagina(s) ['PRODUCT_PAGE']; el propietario final de esas paginas aun no esta decidido.
media,asset:fichas/Puerta-incendio-Door-Loock.pdf,Uso documental no equivale a aprobación de propósito/identidad de medios.,R09_MEDIA_OWNER_PENDING,STRONG,KEEP_REVIEW,R-M04b,MEDIUM,D02,media-usage-evidence.csv PUBLIC_SOURCE pages=['puertas-contra-incendio.php'] (1) path=fichas/Puerta-incendio-Door-Loock.pdf,Referencia publica literal desde 1 pagina(s) ['PRODUCT_PAGE']; el propietario final de esas paginas aun no esta decidido.
media,asset:fichas/Puerta-Rayos-X-fabricación.pdf,Uso documental no equivale a aprobación de propósito/identidad de medios.,R09_MEDIA_OWNER_PENDING,STRONG,KEEP_REVIEW,R-M04b,MEDIUM,D02,media-usage-evidence.csv PUBLIC_SOURCE pages=['puertas-contra-rayos-x.php'] (1) path=fichas/Puerta-Rayos-X-fabricación.pdf,Referencia publica literal desde 1 pagina(s) ['PRODUCT_PAGE']; el propietario final de esas paginas aun no esta decidido.
media,asset:fichas/puerta-seccional-418.pdf,Uso documental no equivale a aprobación de propósito/identidad de medios.,R09_MEDIA_OWNER_PENDING,STRONG,KEEP_REVIEW,R-M04b,MEDIUM,D02,media-usage-evidence.csv PUBLIC_SOURCE pages=['puerta-seccional-de-acero-perfiles-418.php'] (1) path=fichas/puerta-seccional-418.pdf,Referencia publica literal desde 1 pagina(s) ['PRODUCT_PAGE']; el propietario final de esas paginas aun no esta decidido.
media,asset:fichas/puerta-seccional-422.pdf,Uso documental no equivale a aprobación de propósito/identidad de medios.,R09_MEDIA_OWNER_PENDING,STRONG,KEEP_REVIEW,R-M04b,MEDIUM,D02,media-usage-evidence.csv PUBLIC_SOURCE pages=['puerta-seccionabl-acero-perfiles-422-uso-pesado.php'] (1) path=fichas/puerta-seccional-422.pdf,Referencia publica literal desde 1 pagina(s) ['PRODUCT_PAGE']; el propietario final de esas paginas aun no esta decidido.
media,asset:fichas/puerta-seccional-426.pdf,Uso documental no equivale a aprobación de propósito/identidad de medios.,R09_MEDIA_OWNER_PENDING,STRONG,KEEP_REVIEW,R-M04b,MEDIUM,D02,media-usage-evidence.csv PUBLIC_SOURCE pages=['puertas-seccionales-de-acero-perfiles-426.php'] (1) path=fichas/puerta-seccional-426.pdf,Referencia publica literal desde 1 pagina(s) ['PRODUCT_PAGE']; el propietario final de esas paginas aun no esta decidido.
media,asset:fichas/puerta-seccional-432.pdf,Uso documental no equivale a aprobación de propósito/identidad de medios.,R09_MEDIA_OWNER_PENDING,STRONG,KEEP_REVIEW,R-M04b,MEDIUM,D02,media-usage-evidence.csv PUBLIC_SOURCE pages=['puerta-seccional-de-acero-perfiles-432-uso-medio.php'] (1) path=fichas/puerta-seccional-432.pdf,Referencia publica literal desde 1 pagina(s) ['PRODUCT_PAGE']; el propietario final de esas paginas aun no esta decidido.
media,asset:fichas/Puerta-Standar-Folleto.pdf,Uso documental no equivale a aprobación de propósito/identidad de medios.,R09_MEDIA_OWNER_PENDING,STRONG,KEEP_REVIEW,R-M04b,MEDIUM,D02,media-usage-evidence.csv PUBLIC_SOURCE pages=['puerta-estandar.php'] (1) path=fichas/Puerta-Standar-Folleto.pdf,Referencia publica literal desde 1 pagina(s) ['PRODUCT_PAGE']; el propietario final de esas paginas aun no esta decidido.
media,asset:fichas/Puerta-Standar-Reforzada-folleto.pdf,Uso documental no equivale a aprobación de propósito/identidad de medios.,R09_MEDIA_OWNER_PENDING,STRONG,KEEP_REVIEW,R-M04b,MEDIUM,D02,media-usage-evidence.csv PUBLIC_SOURCE pages=['puerta-estandar-reforzada.php'] (1) path=fichas/Puerta-Standar-Reforzada-folleto.pdf,Referencia publica literal desde 1 pagina(s) ['PRODUCT_PAGE']; el propietario final de esas paginas aun no esta decidido.
media,asset:fichas/puerta-thermacore-593.pdf,Uso documental no equivale a aprobación de propósito/identidad de medios.,R09_MEDIA_OWNER_PENDING,STRONG,KEEP_REVIEW,R-M04b,MEDIUM,D02,media-usage-evidence.csv PUBLIC_SOURCE pages=['puerta-seccional-de-acero-thermacore-593-uso-medio.php'] (1) path=fichas/puerta-thermacore-593.pdf,Referencia publica literal desde 1 pagina(s) ['PRODUCT_PAGE']; el propietario final de esas paginas aun no esta decidido.
media,asset:fichas/puerta-thermacore-594.pdf,Uso documental no equivale a aprobación de propósito/identidad de medios.,R09_MEDIA_OWNER_PENDING,STRONG,KEEP_REVIEW,R-M04b,MEDIUM,D02,media-usage-evidence.csv PUBLIC_SOURCE pages=['puerta-seccional-de-acero-thermacore-594-uso-medio.php'] (1) path=fichas/puerta-thermacore-594.pdf,Referencia publica literal desde 1 pagina(s) ['PRODUCT_PAGE']; el propietario final de esas paginas aun no esta decidido.
media,asset:fichas/puerta-thermacore-595.pdf,Uso documental no equivale a aprobación de propósito/identidad de medios.,R09_MEDIA_OWNER_PENDING,STRONG,KEEP_REVIEW,R-M04b,MEDIUM,D02,media-usage-evidence.csv PUBLIC_SOURCE pages=['puerta-seccional-de-acero-thermacore-595-uso-pesado.php'] (1) path=fichas/puerta-thermacore-595.pdf,Referencia publica literal desde 1 pagina(s) ['PRODUCT_PAGE']; el propietario final de esas paginas aun no esta decidido.
media,asset:fichas/Puertas-contra-incendio.pdf,Uso documental no equivale a aprobación de propósito/identidad de medios.,R09_MEDIA_OWNER_PENDING,STRONG,KEEP_REVIEW,R-M04b,MEDIUM,D02,media-usage-evidence.csv PUBLIC_SOURCE pages=['puertas-contra-incendio.php'] (1) path=fichas/Puertas-contra-incendio.pdf,Referencia publica literal desde 1 pagina(s) ['PRODUCT_PAGE']; el propietario final de esas paginas aun no esta decidido.
media,asset:fichas/PUERTAS-INDUSTRIALES-DOCKMAN-1.pdf,Uso documental no equivale a aprobación de propósito/identidad de medios.,R09_MEDIA_OWNER_PENDING,STRONG,KEEP_REVIEW,R-M04b,MEDIUM,D02,media-usage-evidence.csv PUBLIC_SOURCE pages=['puertas-industriales-dockman.php'] (1) path=fichas/PUERTAS-INDUSTRIALES-DOCKMAN-1.pdf,Referencia publica literal desde 1 pagina(s) ['PRODUCT_PAGE']; el propietario final de esas paginas aun no esta decidido.
media,asset:fichas/Puertas-Rayosx-folleto.pdf,Uso documental no equivale a aprobación de propósito/identidad de medios.,R09_MEDIA_OWNER_PENDING,STRONG,KEEP_REVIEW,R-M04b,MEDIUM,D02,media-usage-evidence.csv PUBLIC_SOURCE pages=['puertas-contra-rayos-x.php'] (1) path=fichas/Puertas-Rayosx-folleto.pdf,Referencia publica literal desde 1 pagina(s) ['PRODUCT_PAGE']; el propietario final de esas paginas aun no esta decidido.
media,asset:fichas/Puerta_Estandar_Door-Lock.pdf,Uso documental no equivale a aprobación de propósito/identidad de medios.,R09_MEDIA_OWNER_PENDING,STRONG,KEEP_REVIEW,R-M04b,MEDIUM,D02,media-usage-evidence.csv PUBLIC_SOURCE pages=['puerta-estandar.php'] (1) path=fichas/Puerta_Estandar_Door-Lock.pdf,Referencia publica literal desde 1 pagina(s) ['PRODUCT_PAGE']; el propietario final de esas paginas aun no esta decidido.
media,asset:fichas/Rampas-Hidraulicas.pdf,Uso documental no equivale a aprobación de propósito/identidad de medios.,R09_MEDIA_OWNER_PENDING,STRONG,KEEP_REVIEW,R-M04b,MEDIUM,D02,media-usage-evidence.csv PUBLIC_SOURCE pages=['rampas-de-anden-hidraulicas.php'] (1) path=fichas/Rampas-Hidraulicas.pdf,Referencia publica literal desde 1 pagina(s) ['PRODUCT_PAGE']; el propietario final de esas paginas aun no esta decidido.
media,asset:fichas/Rampas-mecánicas.pdf,Uso documental no equivale a aprobación de propósito/identidad de medios.,R09_MEDIA_OWNER_PENDING,STRONG,KEEP_REVIEW,R-M04b,MEDIUM,D02,media-usage-evidence.csv PUBLIC_SOURCE pages=['rampas-de-anden-mecanicas.php'] (1) path=fichas/Rampas-mecánicas.pdf,Referencia publica literal desde 1 pagina(s) ['PRODUCT_PAGE']; el propietario final de esas paginas aun no esta decidido.
media,asset:fichas/Retenedor-de-vehiculos-automatico.pdf,Uso documental no equivale a aprobación de propósito/identidad de medios.,R09_MEDIA_OWNER_PENDING,STRONG,KEEP_REVIEW,R-M04b,MEDIUM,D02,media-usage-evidence.csv PUBLIC_SOURCE pages=['retenedores-de-vehiculos-automatico.php'] (1) path=fichas/Retenedor-de-vehiculos-automatico.pdf,Referencia publica literal desde 1 pagina(s) ['PRODUCT_PAGE']; el propietario final de esas paginas aun no esta decidido.
media,asset:fichas/rhx-commercial-operator-brochure.pdf,Uso documental no equivale a aprobación de propósito/identidad de medios.,R09_MEDIA_OWNER_PENDING,STRONG,KEEP_REVIEW,R-M04b,MEDIUM,D02,media-usage-evidence.csv PUBLIC_SOURCE pages=['operador-para-perfilados-comerciales-jst.php'] (1) path=fichas/rhx-commercial-operator-brochure.pdf,Referencia publica literal desde 1 pagina(s) ['PRODUCT_PAGE']; el propietario final de esas paginas aun no esta decidido.
media,asset:fichas/rmx-commercial-operator-brochure.pdf,Uso documental no equivale a aprobación de propósito/identidad de medios.,R09_MEDIA_OWNER_PENDING,STRONG,KEEP_REVIEW,R-M04b,MEDIUM,D02,media-usage-evidence.csv PUBLIC_SOURCE pages=['operador-para-perfilados-comerciales-sel.php'] (1) path=fichas/rmx-commercial-operator-brochure.pdf,Referencia publica literal desde 1 pagina(s) ['PRODUCT_PAGE']; el propietario final de esas paginas aun no esta decidido.
media,asset:fichas/rolling-service-doors-600-brochure.pdf,Uso documental no equivale a aprobación de propósito/identidad de medios.,R09_MEDIA_OWNER_PENDING,STRONG,KEEP_REVIEW,R-M04b,MEDIUM,D02,media-usage-evidence.csv PUBLIC_SOURCE pages=['cortina-serie-600.php'] (1) path=fichas/rolling-service-doors-600-brochure.pdf,Referencia publica literal desde 1 pagina(s) ['PRODUCT_PAGE']; el propietario final de esas paginas aun no esta decidido.
media,asset:fichas/rolling-service-doors-625-brochure.pdf,Uso documental no equivale a aprobación de propósito/identidad de medios.,R09_MEDIA_OWNER_PENDING,STRONG,KEEP_REVIEW,R-M04b,MEDIUM,D02,media-usage-evidence.csv PUBLIC_SOURCE pages=['cortina-serie-625.php'] (1) path=fichas/rolling-service-doors-625-brochure.pdf,Referencia publica literal desde 1 pagina(s) ['PRODUCT_PAGE']; el propietario final de esas paginas aun no esta decidido.
media,asset:fichas/rolling-sheet-doors-790-780-770-brochure.pdf,Uso documental no equivale a aprobación de propósito/identidad de medios.,R09_MEDIA_OWNER_PENDING,STRONG,KEEP_REVIEW,R-M04b,MEDIUM,D02,media-usage-evidence.csv PUBLIC_SOURCE pages=['cortina-serie-790-cw.php'] (1) path=fichas/rolling-sheet-doors-790-780-770-brochure.pdf,Referencia publica literal desde 1 pagina(s) ['PRODUCT_PAGE']; el propietario final de esas paginas aun no esta decidido.
media,asset:fichas/rolling-steel-doors-610-620-brochure.pdf,Uso documental no equivale a aprobación de propósito/identidad de medios.,R09_MEDIA_OWNER_PENDING,STRONG,KEEP_REVIEW,R-M04b,MEDIUM,D02,media-usage-evidence.csv PUBLIC_SOURCE pages=['cortina-serie-620.php'] (1) path=fichas/rolling-steel-doors-610-620-brochure.pdf,Referencia publica literal desde 1 pagina(s) ['PRODUCT_PAGE']; el propietario final de esas paginas aun no esta decidido.
media,asset:fichas/Rollizip-Technical-Specifications-15.pdf,Uso documental no equivale a aprobación de propósito/identidad de medios.,R09_MEDIA_OWNER_PENDING,STRONG,KEEP_REVIEW,R-M04b,MEDIUM,D02,media-usage-evidence.csv PUBLIC_SOURCE pages=['rolli-zip.php'] (1) path=fichas/Rollizip-Technical-Specifications-15.pdf,Referencia publica literal desde 1 pagina(s) ['PRODUCT_PAGE']; el propietario final de esas paginas aun no esta decidido.
media,asset:fichas/RSIDENCIAL-SERIE-PREMIUM.pdf,Uso documental no equivale a aprobación de propósito/identidad de medios.,R09_MEDIA_OWNER_PENDING,STRONG,KEEP_REVIEW,R-M04b,MEDIUM,D02,media-usage-evidence.csv PUBLIC_SOURCE pages=['coleccion-classic.php'] (1) path=fichas/RSIDENCIAL-SERIE-PREMIUM.pdf,Referencia publica literal desde 1 pagina(s) ['PRODUCT_PAGE']; el propietario final de esas paginas aun no esta decidido.
media,asset:fichas/sectional-steel-door-2415-brochure.pdf,Uso documental no equivale a aprobación de propósito/identidad de medios.,R09_MEDIA_OWNER_PENDING,STRONG,KEEP_REVIEW,R-M04b,MEDIUM,D02,media-usage-evidence.csv PUBLIC_SOURCE pages=['puertas-seccionales-de-acero-modelo-2415.php'] (1) path=fichas/sectional-steel-door-2415-brochure.pdf,Referencia publica literal desde 1 pagina(s) ['PRODUCT_PAGE']; el propietario final de esas paginas aun no esta decidido.
media,asset:fichas/sectional-steel-door-model-150-brochure.pdf,Uso documental no equivale a aprobación de propósito/identidad de medios.,R09_MEDIA_OWNER_PENDING,STRONG,KEEP_REVIEW,R-M04b,MEDIUM,D02,"media-usage-evidence.csv PUBLIC_SOURCE pages=['puertas-seccionales-de-acero-aisladas-thermospan-modelo-150.php', 'puertas-seccionales-de-acero-aisladas-thermospan.php'] (2) path=fichas/sectional-steel-door-model-150-brochure.pdf",Referencia publica literal desde 2 pagina(s) ['PRODUCT_PAGE']; el propietario final de esas paginas aun no esta decidido.
media,asset:fichas/sectional-thermacore-doors-592-599-brochure.pdf,Uso documental no equivale a aprobación de propósito/identidad de medios.,R09_MEDIA_OWNER_PENDING,STRONG,KEEP_REVIEW,R-M04b,MEDIUM,D02,media-usage-evidence.csv PUBLIC_SOURCE pages=['puerta-seccional-de-acero-thermacore-serie-592.php'] (1) path=fichas/sectional-thermacore-doors-592-599-brochure.pdf,Referencia publica literal desde 1 pagina(s) ['PRODUCT_PAGE']; el propietario final de esas paginas aun no esta decidido.
media,asset:fichas/security-grilles-670-671-brochure.pdf,Uso documental no equivale a aprobación de propósito/identidad de medios.,R09_MEDIA_OWNER_PENDING,STRONG,KEEP_REVIEW,R-M04b,MEDIUM,D02,media-usage-evidence.csv PUBLIC_SOURCE pages=['cortina-de-seguridad-670.php'] (1) path=fichas/security-grilles-670-671-brochure.pdf,Referencia publica literal desde 1 pagina(s) ['PRODUCT_PAGE']; el propietario final de esas paginas aun no esta decidido.
media,asset:fichas/security-grilles-670-671-brochure1.pdf,Uso documental no equivale a aprobación de propósito/identidad de medios.,R09_MEDIA_OWNER_PENDING,STRONG,KEEP_REVIEW,R-M04b,MEDIUM,D02,media-usage-evidence.csv PUBLIC_SOURCE pages=['cortina-de-seguridad-671.php'] (1) path=fichas/security-grilles-670-671-brochure1.pdf,Referencia publica literal desde 1 pagina(s) ['PRODUCT_PAGE']; el propietario final de esas paginas aun no esta decidido.
media,asset:fichas/security-grilles-681-685-brochure.pdf,Uso documental no equivale a aprobación de propósito/identidad de medios.,R09_MEDIA_OWNER_PENDING,STRONG,KEEP_REVIEW,R-M04b,MEDIUM,D02,media-usage-evidence.csv PUBLIC_SOURCE pages=['cortinas-ventiladas-685.php'] (1) path=fichas/security-grilles-681-685-brochure.pdf,Referencia publica literal desde 1 pagina(s) ['PRODUCT_PAGE']; el propietario final de esas paginas aun no esta decidido.
media,asset:fichas/Sellos-de-anden-BrochureW.pdf,Uso documental no equivale a aprobación de propósito/identidad de medios.,R09_MEDIA_OWNER_PENDING,STRONG,KEEP_REVIEW,R-M04b,MEDIUM,D02,media-usage-evidence.csv PUBLIC_SOURCE pages=['sellos-de-anden.php'] (1) path=fichas/Sellos-de-anden-BrochureW.pdf,Referencia publica literal desde 1 pagina(s) ['PRODUCT_PAGE']; el propietario final de esas paginas aun no esta decidido.
media,asset:fichas/SELLOSSOLMMER.pdf,Uso documental no equivale a aprobación de propósito/identidad de medios.,R09_MEDIA_OWNER_PENDING,STRONG,KEEP_REVIEW,R-M04b,MEDIUM,D02,media-usage-evidence.csv PUBLIC_SOURCE pages=['sellos-nacionales.php'] (1) path=fichas/SELLOSSOLMMER.pdf,Referencia publica literal desde 1 pagina(s) ['PRODUCT_PAGE']; el propietario final de esas paginas aun no esta decidido.
media,asset:fichas/SERIE-X130.pdf,Uso documental no equivale a aprobación de propósito/identidad de medios.,R09_MEDIA_OWNER_PENDING,STRONG,KEEP_REVIEW,R-M04b,MEDIUM,D02,media-usage-evidence.csv PUBLIC_SOURCE pages=['serie-x130-motor-para-cortina-oculto.php'] (1) path=fichas/SERIE-X130.pdf,Referencia publica literal desde 1 pagina(s) ['PRODUCT_PAGE']; el propietario final de esas paginas aun no esta decidido.
media,asset:fichas/SPA_U-Series_Mechanical_Dock_Leveler.pdf,Uso documental no equivale a aprobación de propósito/identidad de medios.,R09_MEDIA_OWNER_PENDING,STRONG,KEEP_REVIEW,R-M04b,MEDIUM,D02,media-usage-evidence.csv PUBLIC_SOURCE pages=['rampa-niveladora-mecanica-blue-giant.php'] (1) path=fichas/SPA_U-Series_Mechanical_Dock_Leveler.pdf,Referencia publica literal desde 1 pagina(s) ['PRODUCT_PAGE']; el propietario final de esas paginas aun no esta decidido.
media,asset:fichas/StrongArm_HVR303_Brochure_Spanish.pdf,Uso documental no equivale a aprobación de propósito/identidad de medios.,R09_MEDIA_OWNER_PENDING,STRONG,KEEP_REVIEW,R-M04b,MEDIUM,D02,media-usage-evidence.csv PUBLIC_SOURCE pages=['retenedor-de-vehiculos.php'] (1) path=fichas/StrongArm_HVR303_Brochure_Spanish.pdf,Referencia publica literal desde 1 pagina(s) ['PRODUCT_PAGE']; el propietario final de esas paginas aun no esta decidido.
media,asset:fichas/Ventana-blindad-y-pasa-documentos.pdf,Uso documental no equivale a aprobación de propósito/identidad de medios.,R09_MEDIA_OWNER_PENDING,STRONG,KEEP_REVIEW,R-M04b,MEDIUM,D02,media-usage-evidence.csv PUBLIC_SOURCE pages=['puertas-blindadas.php'] (1) path=fichas/Ventana-blindad-y-pasa-documentos.pdf,Referencia publica literal desde 1 pagina(s) ['PRODUCT_PAGE']; el propietario final de esas paginas aun no esta decidido.
media,asset:fonts/bootstrap-icons.woff,Uso documental no equivale a aprobación de propósito/identidad de medios.,R11_MEDIA_INFRASTRUCTURE,CONFIRMED,SKIP,R-M03,LOW,,media-master.csv:fonts/bootstrap-icons.woff bucket=fonts,Asset de interfaz del CMS legacy o fuente de iconos del frontend: no es media editorial. El tema nuevo aporta sus propios assets. SKIP no borra el archivo legacy.
media,asset:fonts/bootstrap-icons.woff2,Uso documental no equivale a aprobación de propósito/identidad de medios.,R11_MEDIA_INFRASTRUCTURE,CONFIRMED,SKIP,R-M03,LOW,,media-master.csv:fonts/bootstrap-icons.woff2 bucket=fonts,Asset de interfaz del CMS legacy o fuente de iconos del frontend: no es media editorial. El tema nuevo aporta sus propios assets. SKIP no borra el archivo legacy.
media,asset:fonts/fa-brands-400.ttf,Uso documental no equivale a aprobación de propósito/identidad de medios.,R11_MEDIA_INFRASTRUCTURE,CONFIRMED,SKIP,R-M03,LOW,,media-master.csv:fonts/fa-brands-400.ttf bucket=fonts,Asset de interfaz del CMS legacy o fuente de iconos del frontend: no es media editorial. El tema nuevo aporta sus propios assets. SKIP no borra el archivo legacy.
media,asset:fonts/fa-brands-400.woff2,Uso documental no equivale a aprobación de propósito/identidad de medios.,R11_MEDIA_INFRASTRUCTURE,CONFIRMED,SKIP,R-M03,LOW,,media-master.csv:fonts/fa-brands-400.woff2 bucket=fonts,Asset de interfaz del CMS legacy o fuente de iconos del frontend: no es media editorial. El tema nuevo aporta sus propios assets. SKIP no borra el archivo legacy.
media,asset:fonts/fa-regular-400.ttf,Uso documental no equivale a aprobación de propósito/identidad de medios.,R11_MEDIA_INFRASTRUCTURE,CONFIRMED,SKIP,R-M03,LOW,,media-master.csv:fonts/fa-regular-400.ttf bucket=fonts,Asset de interfaz del CMS legacy o fuente de iconos del frontend: no es media editorial. El tema nuevo aporta sus propios assets. SKIP no borra el archivo legacy.
media,asset:fonts/fa-regular-400.woff2,Uso documental no equivale a aprobación de propósito/identidad de medios.,R11_MEDIA_INFRASTRUCTURE,CONFIRMED,SKIP,R-M03,LOW,,media-master.csv:fonts/fa-regular-400.woff2 bucket=fonts,Asset de interfaz del CMS legacy o fuente de iconos del frontend: no es media editorial. El tema nuevo aporta sus propios assets. SKIP no borra el archivo legacy.
media,asset:fonts/fa-solid-900.ttf,Uso documental no equivale a aprobación de propósito/identidad de medios.,R11_MEDIA_INFRASTRUCTURE,CONFIRMED,SKIP,R-M03,LOW,,media-master.csv:fonts/fa-solid-900.ttf bucket=fonts,Asset de interfaz del CMS legacy o fuente de iconos del frontend: no es media editorial. El tema nuevo aporta sus propios assets. SKIP no borra el archivo legacy.
media,asset:fonts/fa-solid-900.woff2,Uso documental no equivale a aprobación de propósito/identidad de medios.,R11_MEDIA_INFRASTRUCTURE,CONFIRMED,SKIP,R-M03,LOW,,media-master.csv:fonts/fa-solid-900.woff2 bucket=fonts,Asset de interfaz del CMS legacy o fuente de iconos del frontend: no es media editorial. El tema nuevo aporta sus propios assets. SKIP no borra el archivo legacy.
media,asset:fonts/fa-v4compatibility.ttf,Uso documental no equivale a aprobación de propósito/identidad de medios.,R11_MEDIA_INFRASTRUCTURE,CONFIRMED,SKIP,R-M03,LOW,,media-master.csv:fonts/fa-v4compatibility.ttf bucket=fonts,Asset de interfaz del CMS legacy o fuente de iconos del frontend: no es media editorial. El tema nuevo aporta sus propios assets. SKIP no borra el archivo legacy.
media,asset:fonts/fa-v4compatibility.woff2,Uso documental no equivale a aprobación de propósito/identidad de medios.,R11_MEDIA_INFRASTRUCTURE,CONFIRMED,SKIP,R-M03,LOW,,media-master.csv:fonts/fa-v4compatibility.woff2 bucket=fonts,Asset de interfaz del CMS legacy o fuente de iconos del frontend: no es media editorial. El tema nuevo aporta sus propios assets. SKIP no borra el archivo legacy.
media,asset:fonts/feather.eot,Uso documental no equivale a aprobación de propósito/identidad de medios.,R11_MEDIA_INFRASTRUCTURE,CONFIRMED,SKIP,R-M03,LOW,,media-master.csv:fonts/feather.eot bucket=fonts,Asset de interfaz del CMS legacy o fuente de iconos del frontend: no es media editorial. El tema nuevo aporta sus propios assets. SKIP no borra el archivo legacy.
media,asset:fonts/feather.svg,Uso documental no equivale a aprobación de propósito/identidad de medios.,R11_MEDIA_INFRASTRUCTURE,CONFIRMED,SKIP,R-M03,LOW,,media-master.csv:fonts/feather.svg bucket=fonts,Asset de interfaz del CMS legacy o fuente de iconos del frontend: no es media editorial. El tema nuevo aporta sus propios assets. SKIP no borra el archivo legacy.
media,asset:fonts/feather.ttf,Uso documental no equivale a aprobación de propósito/identidad de medios.,R11_MEDIA_INFRASTRUCTURE,CONFIRMED,SKIP,R-M03,LOW,,media-master.csv:fonts/feather.ttf bucket=fonts,Asset de interfaz del CMS legacy o fuente de iconos del frontend: no es media editorial. El tema nuevo aporta sus propios assets. SKIP no borra el archivo legacy.
media,asset:fonts/feather.woff,Uso documental no equivale a aprobación de propósito/identidad de medios.,R11_MEDIA_INFRASTRUCTURE,CONFIRMED,SKIP,R-M03,LOW,,media-master.csv:fonts/feather.woff bucket=fonts,Asset de interfaz del CMS legacy o fuente de iconos del frontend: no es media editorial. El tema nuevo aporta sus propios assets. SKIP no borra el archivo legacy.
media,asset:fonts/icomoon.eot,Uso documental no equivale a aprobación de propósito/identidad de medios.,R11_MEDIA_INFRASTRUCTURE,CONFIRMED,SKIP,R-M03,LOW,,media-master.csv:fonts/icomoon.eot bucket=fonts,Asset de interfaz del CMS legacy o fuente de iconos del frontend: no es media editorial. El tema nuevo aporta sus propios assets. SKIP no borra el archivo legacy.
media,asset:fonts/icomoon.svg,Uso documental no equivale a aprobación de propósito/identidad de medios.,R11_MEDIA_INFRASTRUCTURE,CONFIRMED,SKIP,R-M03,LOW,,media-master.csv:fonts/icomoon.svg bucket=fonts,Asset de interfaz del CMS legacy o fuente de iconos del frontend: no es media editorial. El tema nuevo aporta sus propios assets. SKIP no borra el archivo legacy.
media,asset:fonts/icomoon.ttf,Uso documental no equivale a aprobación de propósito/identidad de medios.,R11_MEDIA_INFRASTRUCTURE,CONFIRMED,SKIP,R-M03,LOW,,media-master.csv:fonts/icomoon.ttf bucket=fonts,Asset de interfaz del CMS legacy o fuente de iconos del frontend: no es media editorial. El tema nuevo aporta sus propios assets. SKIP no borra el archivo legacy.
media,asset:fonts/icomoon.woff,Uso documental no equivale a aprobación de propósito/identidad de medios.,R11_MEDIA_INFRASTRUCTURE,CONFIRMED,SKIP,R-M03,LOW,,media-master.csv:fonts/icomoon.woff bucket=fonts,Asset de interfaz del CMS legacy o fuente de iconos del frontend: no es media editorial. El tema nuevo aporta sus propios assets. SKIP no borra el archivo legacy.
media,asset:fonts/themify.eot,Uso documental no equivale a aprobación de propósito/identidad de medios.,R11_MEDIA_INFRASTRUCTURE,CONFIRMED,SKIP,R-M03,LOW,,media-master.csv:fonts/themify.eot bucket=fonts,Asset de interfaz del CMS legacy o fuente de iconos del frontend: no es media editorial. El tema nuevo aporta sus propios assets. SKIP no borra el archivo legacy.
media,asset:fonts/themify.svg,Uso documental no equivale a aprobación de propósito/identidad de medios.,R11_MEDIA_INFRASTRUCTURE,CONFIRMED,SKIP,R-M03,LOW,,media-master.csv:fonts/themify.svg bucket=fonts,Asset de interfaz del CMS legacy o fuente de iconos del frontend: no es media editorial. El tema nuevo aporta sus propios assets. SKIP no borra el archivo legacy.
media,asset:fonts/themify.ttf,Uso documental no equivale a aprobación de propósito/identidad de medios.,R11_MEDIA_INFRASTRUCTURE,CONFIRMED,SKIP,R-M03,LOW,,media-master.csv:fonts/themify.ttf bucket=fonts,Asset de interfaz del CMS legacy o fuente de iconos del frontend: no es media editorial. El tema nuevo aporta sus propios assets. SKIP no borra el archivo legacy.
media,asset:fonts/themify.woff,Uso documental no equivale a aprobación de propósito/identidad de medios.,R11_MEDIA_INFRASTRUCTURE,CONFIRMED,SKIP,R-M03,LOW,,media-master.csv:fonts/themify.woff bucket=fonts,Asset de interfaz del CMS legacy o fuente de iconos del frontend: no es media editorial. El tema nuevo aporta sus propios assets. SKIP no borra el archivo legacy.
media,asset:images/2012-10-11_1235.png,Uso documental no equivale a aprobación de propósito/identidad de medios.,R09_MEDIA_OWNER_PENDING,STRONG,KEEP_REVIEW,R-M04b,MEDIUM,D02,"media-usage-evidence.csv PUBLIC_SOURCE pages=['doorlock.php', 'puertas-contra-rayos-x.php', 'puertas-peatonales-hospitales.php'] (4) path=images/2012-10-11_1235.png","Referencia publica literal desde 4 pagina(s) ['BRAND_PAGE', 'CATEGORY_PAGE', 'PRODUCT_PAGE']; el propietario final de esas paginas aun no esta decidido."
media,asset:images/2018-04-04_1153-300x234.png,Uso documental no equivale a aprobación de propósito/identidad de medios.,R09_MEDIA_OWNER_PENDING,STRONG,KEEP_REVIEW,R-M04b,MEDIUM,D02,media-usage-evidence.csv PUBLIC_SOURCE pages=['rampas-de-anden-mecanicas.php'] (1) path=images/2018-04-04_1153-300x234.png,Referencia publica literal desde 1 pagina(s) ['PRODUCT_PAGE']; el propietario final de esas paginas aun no esta decidido.
media,asset:images/2025-08-21_12h27_43.png,Uso documental no equivale a aprobación de propósito/identidad de medios.,R09_MEDIA_OWNER_PENDING,STRONG,KEEP_REVIEW,R-M04b,MEDIUM,D02,media-usage-evidence.csv PUBLIC_SOURCE pages=['icaro-smart.php'] (1) path=images/2025-08-21_12h27_43.png,Referencia publica literal desde 1 pagina(s) ['PRODUCT_PAGE']; el propietario final de esas paginas aun no esta decidido.
media,asset:images/2025-08-21_16h18_34.png,Uso documental no equivale a aprobación de propósito/identidad de medios.,R09_MEDIA_OWNER_PENDING,STRONG,KEEP_REVIEW,R-M04b,MEDIUM,D02,media-usage-evidence.csv PUBLIC_SOURCE pages=['retenedores-de-vehiculos-automatico.php'] (1) path=images/2025-08-21_16h18_34.png,Referencia publica literal desde 1 pagina(s) ['PRODUCT_PAGE']; el propietario final de esas paginas aun no esta decidido.
media,asset:images/317.jpg,Uso documental no equivale a aprobación de propósito/identidad de medios.,R09_MEDIA_OWNER_PENDING,STRONG,KEEP_REVIEW,R-M04b,MEDIUM,D02,media-usage-evidence.csv PUBLIC_SOURCE pages=['clopay.php'] (1) path=images/317.jpg,Referencia publica literal desde 1 pagina(s) ['BRAND_PAGE']; el propietario final de esas paginas aun no esta decidido.
media,asset:images/a416.png,Uso documental no equivale a aprobación de propósito/identidad de medios.,R09_MEDIA_OWNER_PENDING,STRONG,KEEP_REVIEW,R-M04b,MEDIUM,D02,media-usage-evidence.csv PUBLIC_SOURCE pages=['puertas-seccionales-industriales.php'] (1) path=images/a416.png,Referencia publica literal desde 1 pagina(s) ['CATEGORY_PAGE']; el propietario final de esas paginas aun no esta decidido.
media,asset:images/abatible.jpg,Uso documental no equivale a aprobación de propósito/identidad de medios.,R09_MEDIA_OWNER_PENDING,STRONG,KEEP_REVIEW,R-M04b,MEDIUM,D02,media-usage-evidence.csv PUBLIC_SOURCE pages=['residencial.php'] (1) path=images/abatible.jpg,Referencia publica literal desde 1 pagina(s) ['CATEGORY_PAGE']; el propietario final de esas paginas aun no esta decidido.
media,asset:images/abrigo.jpg,Uso documental no equivale a aprobación de propósito/identidad de medios.,R09_MEDIA_OWNER_PENDING,STRONG,KEEP_REVIEW,R-M04b,MEDIUM,D02,media-usage-evidence.csv PUBLIC_SOURCE pages=['equipos-y-accesorios-para-anden-de-carga.php'] (1) path=images/abrigo.jpg,Referencia publica literal desde 1 pagina(s) ['CATEGORY_PAGE']; el propietario final de esas paginas aun no esta decidido.
media,asset:images/acanalada.jpg,Uso documental no equivale a aprobación de propósito/identidad de medios.,R09_MEDIA_OWNER_PENDING,STRONG,KEEP_REVIEW,R-M04b,MEDIUM,D02,media-usage-evidence.csv PUBLIC_SOURCE pages=['puerta-de-acero-acanalado-modelos-524.php'] (1) path=images/acanalada.jpg,Referencia publica literal desde 1 pagina(s) ['PRODUCT_PAGE']; el propietario final de esas paginas aun no esta decidido.
media,asset:images/acanalado.jpg,Uso documental no equivale a aprobación de propósito/identidad de medios.,R09_MEDIA_OWNER_PENDING,CONFIRMED,MIGRATE,R-M04,LOW,,"media-usage-evidence.csv PUBLIC_SOURCE pages=['industrial.php', 'puerta-de-acero-acanalado.php', 'puertas-residenciales.php'] path=images/acanalado.jpg",Referenciada literalmente por una Page editorial aprobada (R-G02).
media,asset:images/acanalado2.jpg,Uso documental no equivale a aprobación de propósito/identidad de medios.,R09_MEDIA_OWNER_PENDING,CONFIRMED,MIGRATE,R-M04,LOW,,"media-usage-evidence.csv PUBLIC_SOURCE pages=['puerta-de-acero-acanalado.php', 'puertas-residenciales.php'] path=images/acanalado2.jpg",Referenciada literalmente por una Page editorial aprobada (R-G02).
media,asset:images/accesorio-1.jpeg,Uso documental no equivale a aprobación de propósito/identidad de medios.,R12_MEDIA_PURPOSE_UNPROVEN,NONE,KEEP_REVIEW,R-M07,MEDIUM,D09,media-master.csv:images/accesorio-1.jpeg usage=IMAGE_APPARENTLY_UNUSED|EXACT_DUPLICATE_BYTES direct_refs=0,Sin relacion con entidad SQL y sin referencia publica atribuible. Ausencia de referencia NO demuestra orfandad (D09): se conserva en REVIEW.
media,asset:images/accesorio-10.jpeg,Uso documental no equivale a aprobación de propósito/identidad de medios.,R12_MEDIA_PURPOSE_UNPROVEN,NONE,KEEP_REVIEW,R-M07,MEDIUM,D09,media-master.csv:images/accesorio-10.jpeg usage=IMAGE_APPARENTLY_UNUSED|EXACT_DUPLICATE_BYTES direct_refs=0,Sin relacion con entidad SQL y sin referencia publica atribuible. Ausencia de referencia NO demuestra orfandad (D09): se conserva en REVIEW.
media,asset:images/accesorio-11.jpeg,Uso documental no equivale a aprobación de propósito/identidad de medios.,R12_MEDIA_PURPOSE_UNPROVEN,NONE,KEEP_REVIEW,R-M07,MEDIUM,D09,media-master.csv:images/accesorio-11.jpeg usage=IMAGE_APPARENTLY_UNUSED|EXACT_DUPLICATE_BYTES direct_refs=0,Sin relacion con entidad SQL y sin referencia publica atribuible. Ausencia de referencia NO demuestra orfandad (D09): se conserva en REVIEW.
media,asset:images/accesorio-12.jpeg,Uso documental no equivale a aprobación de propósito/identidad de medios.,R12_MEDIA_PURPOSE_UNPROVEN,NONE,KEEP_REVIEW,R-M07,MEDIUM,D09,media-master.csv:images/accesorio-12.jpeg usage=IMAGE_APPARENTLY_UNUSED|EXACT_DUPLICATE_BYTES direct_refs=0,Sin relacion con entidad SQL y sin referencia publica atribuible. Ausencia de referencia NO demuestra orfandad (D09): se conserva en REVIEW.
media,asset:images/accesorio-13.jpeg,Uso documental no equivale a aprobación de propósito/identidad de medios.,R12_MEDIA_PURPOSE_UNPROVEN,NONE,KEEP_REVIEW,R-M07,MEDIUM,D09,media-master.csv:images/accesorio-13.jpeg usage=IMAGE_APPARENTLY_UNUSED|EXACT_DUPLICATE_BYTES direct_refs=0,Sin relacion con entidad SQL y sin referencia publica atribuible. Ausencia de referencia NO demuestra orfandad (D09): se conserva en REVIEW.
media,asset:images/accesorio-14.jpeg,Uso documental no equivale a aprobación de propósito/identidad de medios.,R12_MEDIA_PURPOSE_UNPROVEN,NONE,KEEP_REVIEW,R-M07,MEDIUM,D09,media-master.csv:images/accesorio-14.jpeg usage=IMAGE_APPARENTLY_UNUSED direct_refs=0,Sin relacion con entidad SQL y sin referencia publica atribuible. Ausencia de referencia NO demuestra orfandad (D09): se conserva en REVIEW.
media,asset:images/accesorio-2.jpeg,Uso documental no equivale a aprobación de propósito/identidad de medios.,R12_MEDIA_PURPOSE_UNPROVEN,NONE,KEEP_REVIEW,R-M07,MEDIUM,D09,media-master.csv:images/accesorio-2.jpeg usage=IMAGE_APPARENTLY_UNUSED|EXACT_DUPLICATE_BYTES direct_refs=0,Sin relacion con entidad SQL y sin referencia publica atribuible. Ausencia de referencia NO demuestra orfandad (D09): se conserva en REVIEW.
media,asset:images/accesorio-3.jpeg,Uso documental no equivale a aprobación de propósito/identidad de medios.,R12_MEDIA_PURPOSE_UNPROVEN,NONE,KEEP_REVIEW,R-M07,MEDIUM,D09,media-master.csv:images/accesorio-3.jpeg usage=IMAGE_APPARENTLY_UNUSED|EXACT_DUPLICATE_BYTES direct_refs=0,Sin relacion con entidad SQL y sin referencia publica atribuible. Ausencia de referencia NO demuestra orfandad (D09): se conserva en REVIEW.
media,asset:images/accesorio-4.jpeg,Uso documental no equivale a aprobación de propósito/identidad de medios.,R12_MEDIA_PURPOSE_UNPROVEN,NONE,KEEP_REVIEW,R-M07,MEDIUM,D09,media-master.csv:images/accesorio-4.jpeg usage=IMAGE_APPARENTLY_UNUSED|EXACT_DUPLICATE_BYTES direct_refs=0,Sin relacion con entidad SQL y sin referencia publica atribuible. Ausencia de referencia NO demuestra orfandad (D09): se conserva en REVIEW.
media,asset:images/accesorio-5.jpeg,Uso documental no equivale a aprobación de propósito/identidad de medios.,R12_MEDIA_PURPOSE_UNPROVEN,NONE,KEEP_REVIEW,R-M07,MEDIUM,D09,media-master.csv:images/accesorio-5.jpeg usage=IMAGE_APPARENTLY_UNUSED|EXACT_DUPLICATE_BYTES direct_refs=0,Sin relacion con entidad SQL y sin referencia publica atribuible. Ausencia de referencia NO demuestra orfandad (D09): se conserva en REVIEW.
media,asset:images/accesorio-6.jpeg,Uso documental no equivale a aprobación de propósito/identidad de medios.,R12_MEDIA_PURPOSE_UNPROVEN,NONE,KEEP_REVIEW,R-M07,MEDIUM,D09,media-master.csv:images/accesorio-6.jpeg usage=IMAGE_APPARENTLY_UNUSED|EXACT_DUPLICATE_BYTES direct_refs=0,Sin relacion con entidad SQL y sin referencia publica atribuible. Ausencia de referencia NO demuestra orfandad (D09): se conserva en REVIEW.
media,asset:images/accesorio-7.jpeg,Uso documental no equivale a aprobación de propósito/identidad de medios.,R12_MEDIA_PURPOSE_UNPROVEN,NONE,KEEP_REVIEW,R-M07,MEDIUM,D09,media-master.csv:images/accesorio-7.jpeg usage=IMAGE_APPARENTLY_UNUSED|EXACT_DUPLICATE_BYTES direct_refs=0,Sin relacion con entidad SQL y sin referencia publica atribuible. Ausencia de referencia NO demuestra orfandad (D09): se conserva en REVIEW.
media,asset:images/accesorio-8.jpeg,Uso documental no equivale a aprobación de propósito/identidad de medios.,R12_MEDIA_PURPOSE_UNPROVEN,NONE,KEEP_REVIEW,R-M07,MEDIUM,D09,media-master.csv:images/accesorio-8.jpeg usage=IMAGE_APPARENTLY_UNUSED|EXACT_DUPLICATE_BYTES direct_refs=0,Sin relacion con entidad SQL y sin referencia publica atribuible. Ausencia de referencia NO demuestra orfandad (D09): se conserva en REVIEW.
media,asset:images/accesorio-9.jpeg,Uso documental no equivale a aprobación de propósito/identidad de medios.,R12_MEDIA_PURPOSE_UNPROVEN,NONE,KEEP_REVIEW,R-M07,MEDIUM,D09,media-master.csv:images/accesorio-9.jpeg usage=IMAGE_APPARENTLY_UNUSED|EXACT_DUPLICATE_BYTES direct_refs=0,Sin relacion con entidad SQL y sin referencia publica atribuible. Ausencia de referencia NO demuestra orfandad (D09): se conserva en REVIEW.
media,asset:images/accesorios.jpg,Uso documental no equivale a aprobación de propósito/identidad de medios.,R09_MEDIA_OWNER_PENDING,STRONG,KEEP_REVIEW,R-M04b,MEDIUM,D02,"media-usage-evidence.csv PUBLIC_SOURCE pages=['doorlock.php', 'receptor-para-control-vehiculos.php'] (2) path=images/accesorios.jpg","Referencia publica literal desde 2 pagina(s) ['BRAND_PAGE', 'CATEGORY_PAGE']; el propietario final de esas paginas aun no esta decidido."
media,asset:images/accesorios.png,Uso documental no equivale a aprobación de propósito/identidad de medios.,R09_MEDIA_OWNER_PENDING,STRONG,KEEP_REVIEW,R-M04b,MEDIUM,D02,media-usage-evidence.csv PUBLIC_SOURCE pages=['accesorios.php'] (1) path=images/accesorios.png,Referencia publica literal desde 1 pagina(s) ['PRODUCT_PAGE']; el propietario final de esas paginas aun no esta decidido.
media,asset:images/Access-Pro.jpg,Uso documental no equivale a aprobación de propósito/identidad de medios.,R09_MEDIA_OWNER_PENDING,STRONG,KEEP_REVIEW,R-M04b,MEDIUM,D02,"media-usage-evidence.csv PUBLIC_SOURCE pages=['operadores-para-puerta-abatible.php', 'operadores-para-puertas-ascendentes.php', 'operadores-para-puertas-corredizas-residenciales.php'] (4) path=images/Access-Pro.jpg","Referencia publica literal desde 4 pagina(s) ['BRAND_PAGE', 'CATEGORY_PAGE']; el propietario final de esas paginas aun no esta decidido."
media,asset:images/access.jpg,Uso documental no equivale a aprobación de propósito/identidad de medios.,R09_MEDIA_OWNER_PENDING,CONFIRMED,MIGRATE,R-M04,LOW,,"media-usage-evidence.csv PUBLIC_SOURCE pages=['operadores-puerta-abatible.php', 'operadores-puerta-corrediza-residencial.php', 'operadores-puertas-ascendentes.php'] path=images/access.jpg",Referenciada literalmente por una Page editorial aprobada (R-G02).
media,asset:images/accesspro.jpg,Uso documental no equivale a aprobación de propósito/identidad de medios.,R09_MEDIA_OWNER_PENDING,STRONG,KEEP_REVIEW,R-M04b,MEDIUM,D02,"media-usage-evidence.csv PUBLIC_SOURCE pages=['accesspro-fs1000speed.php', 'q-silent-max-eagle-3-4-hp.php'] (2) path=images/accesspro.jpg",Referencia publica literal desde 2 pagina(s) ['PRODUCT_PAGE']; el propietario final de esas paginas aun no esta decidido.
media,asset:images/aisladas.jpg,Uso documental no equivale a aprobación de propósito/identidad de medios.,R09_MEDIA_OWNER_PENDING,CONFIRMED,MIGRATE,R-M04,LOW,,media-usage-evidence.csv PUBLIC_SOURCE pages=['puertas-de-garaje-aisladas.php'] path=images/aisladas.jpg,Referenciada literalmente por una Page editorial aprobada (R-G02).
media,asset:images/alumina-1.jpg,Uso documental no equivale a aprobación de propósito/identidad de medios.,R09_MEDIA_OWNER_PENDING,STRONG,KEEP_REVIEW,R-M04b,MEDIUM,D02,"media-usage-evidence.csv PUBLIC_SOURCE pages=['glg-porte-industriali.php', 'kronos-puertas-rapidas-de-sectores-modulares-autorreparable.php', 'puertas-rapidas.php'] (3) path=images/alumina-1.jpg","Referencia publica literal desde 3 pagina(s) ['BRAND_PAGE', 'CATEGORY_PAGE', 'PRODUCT_PAGE']; el propietario final de esas paginas aun no esta decidido."
media,asset:images/alumina.jpg,Uso documental no equivale a aprobación de propósito/identidad de medios.,R12_MEDIA_PURPOSE_UNPROVEN,NONE,KEEP_REVIEW,R-M07,MEDIUM,D09,media-master.csv:images/alumina.jpg usage=IMAGE_APPARENTLY_UNUSED direct_refs=0,Sin relacion con entidad SQL y sin referencia publica atribuible. Ausencia de referencia NO demuestra orfandad (D09): se conserva en REVIEW.
media,asset:images/apilable.jpg,Uso documental no equivale a aprobación de propósito/identidad de medios.,R09_MEDIA_OWNER_PENDING,STRONG,KEEP_REVIEW,R-M04b,MEDIUM,D02,"media-usage-evidence.csv PUBLIC_SOURCE pages=['infraca-quality-doors.php', 'rapida-apilable.php'] (2) path=images/apilable.jpg","Referencia publica literal desde 2 pagina(s) ['BRAND_PAGE', 'PRODUCT_PAGE']; el propietario final de esas paginas aun no esta decidido."
media,asset:images/apilable2.jpg,Uso documental no equivale a aprobación de propósito/identidad de medios.,R09_MEDIA_OWNER_PENDING,STRONG,KEEP_REVIEW,R-M04b,MEDIUM,D02,media-usage-evidence.csv PUBLIC_SOURCE pages=['rapida-apilable.php'] (1) path=images/apilable2.jpg,Referencia publica literal desde 1 pagina(s) ['PRODUCT_PAGE']; el propietario final de esas paginas aun no esta decidido.
media,asset:images/apple-touch-icon-114x114.png,Uso documental no equivale a aprobación de propósito/identidad de medios.,R09_MEDIA_OWNER_PENDING,STRONG,KEEP_REVIEW,R-M04b,MEDIUM,D02,media-usage-evidence.csv PUBLIC_SOURCE pages=['header.php'] (1) path=images/apple-touch-icon-114x114.png,Referencia publica literal desde 1 pagina(s) ['LEGACY_INTERNAL']; el propietario final de esas paginas aun no esta decidido.
media,asset:images/apple-touch-icon-57x57.png,Uso documental no equivale a aprobación de propósito/identidad de medios.,R09_MEDIA_OWNER_PENDING,STRONG,KEEP_REVIEW,R-M04b,MEDIUM,D02,media-usage-evidence.csv PUBLIC_SOURCE pages=['header.php'] (1) path=images/apple-touch-icon-57x57.png,Referencia publica literal desde 1 pagina(s) ['LEGACY_INTERNAL']; el propietario final de esas paginas aun no esta decidido.
media,asset:images/apple-touch-icon-72x72.png,Uso documental no equivale a aprobación de propósito/identidad de medios.,R09_MEDIA_OWNER_PENDING,STRONG,KEEP_REVIEW,R-M04b,MEDIUM,D02,media-usage-evidence.csv PUBLIC_SOURCE pages=['header.php'] (1) path=images/apple-touch-icon-72x72.png,Referencia publica literal desde 1 pagina(s) ['LEGACY_INTERNAL']; el propietario final de esas paginas aun no esta decidido.
media,asset:images/arc.jpg,Uso documental no equivale a aprobación de propósito/identidad de medios.,R12_MEDIA_PURPOSE_UNPROVEN,NONE,KEEP_REVIEW,R-M07,MEDIUM,D09,media-master.csv:images/arc.jpg usage=IMAGE_APPARENTLY_UNUSED direct_refs=0,Sin relacion con entidad SQL y sin referencia publica atribuible. Ausencia de referencia NO demuestra orfandad (D09): se conserva en REVIEW.
media,asset:images/ascendentes.jpg,Uso documental no equivale a aprobación de propósito/identidad de medios.,R09_MEDIA_OWNER_PENDING,STRONG,KEEP_REVIEW,R-M04b,MEDIUM,D02,media-usage-evidence.csv PUBLIC_SOURCE pages=['residencial.php'] (1) path=images/ascendentes.jpg,Referencia publica literal desde 1 pagina(s) ['CATEGORY_PAGE']; el propietario final de esas paginas aun no esta decidido.
media,asset:images/banner1.jpg,Uso documental no equivale a aprobación de propósito/identidad de medios.,R09_MEDIA_OWNER_PENDING,CONFIRMED,MIGRATE,R-M04,LOW,,"media-usage-evidence.csv PUBLIC_SOURCE pages=['1500-revolving-door.php', 'accesorios.php', 'accesspro-fs1000speed.php'] path=images/banner1.jpg",Referenciada literalmente por una Page editorial aprobada (R-G02).
media,asset:images/banner2.jpg,Uso documental no equivale a aprobación de propósito/identidad de medios.,R09_MEDIA_OWNER_PENDING,CONFIRMED,MIGRATE,R-M04,LOW,,"media-usage-evidence.csv PUBLIC_SOURCE pages=['index-estatico.php', 'index-resp.php', 'index.php'] path=images/banner2.jpg",Referenciada literalmente por una Page editorial aprobada (R-G02).
media,asset:images/banner3.jpeg,Uso documental no equivale a aprobación de propósito/identidad de medios.,R09_MEDIA_OWNER_PENDING,CONFIRMED,MIGRATE,R-M04,LOW,,"media-usage-evidence.csv PUBLIC_SOURCE pages=['index-estatico.php', 'index.php'] path=images/banner3.jpeg",Referenciada literalmente por una Page editorial aprobada (R-G02).
media,asset:images/banner3.jpg,Uso documental no equivale a aprobación de propósito/identidad de medios.,R09_MEDIA_OWNER_PENDING,CONFIRMED,MIGRATE,R-M04,LOW,,media-usage-evidence.csv PUBLIC_SOURCE pages=['index-resp.php'] path=images/banner3.jpg,Referenciada literalmente por una Page editorial aprobada (R-G02).
media,asset:images/banner4.jpg,Uso documental no equivale a aprobación de propósito/identidad de medios.,R09_MEDIA_OWNER_PENDING,CONFIRMED,MIGRATE,R-M04,LOW,,"media-usage-evidence.csv PUBLIC_SOURCE pages=['index-estatico.php', 'index.php'] path=images/banner4.jpg",Referenciada literalmente por una Page editorial aprobada (R-G02).
media,asset:images/bft.png,Uso documental no equivale a aprobación de propósito/identidad de medios.,R09_MEDIA_OWNER_PENDING,CONFIRMED,MIGRATE,R-M05,LOW,,media-usage-evidence.csv brand=['12'] path=images/bft.png,Imagen/logo de brand con relacion explicita a un termino aprobado.
media,asset:images/bix.jpg,Uso documental no equivale a aprobación de propósito/identidad de medios.,R09_MEDIA_OWNER_PENDING,STRONG,KEEP_REVIEW,R-M04b,MEDIUM,D02,media-usage-evidence.csv PUBLIC_SOURCE pages=['bix-al-antena-externa-433-mhz.php'] (1) path=images/bix.jpg,Referencia publica literal desde 1 pagina(s) ['PRODUCT_PAGE']; el propietario final de esas paginas aun no esta decidido.
media,asset:images/blindada.png,Uso documental no equivale a aprobación de propósito/identidad de medios.,R09_MEDIA_OWNER_PENDING,STRONG,KEEP_REVIEW,R-M04b,MEDIUM,D02,media-usage-evidence.csv PUBLIC_SOURCE pages=['puertas-blindadas.php'] (1) path=images/blindada.png,Referencia publica literal desde 1 pagina(s) ['PRODUCT_PAGE']; el propietario final de esas paginas aun no esta decidido.
media,asset:images/blindada3.png,Uso documental no equivale a aprobación de propósito/identidad de medios.,R09_MEDIA_OWNER_PENDING,STRONG,KEEP_REVIEW,R-M04b,MEDIUM,D02,media-usage-evidence.csv PUBLIC_SOURCE pages=['puertas-blindadas.php'] (1) path=images/blindada3.png,Referencia publica literal desde 1 pagina(s) ['PRODUCT_PAGE']; el propietario final de esas paginas aun no esta decidido.
media,asset:images/blindadas.jpg,Uso documental no equivale a aprobación de propósito/identidad de medios.,R09_MEDIA_OWNER_PENDING,STRONG,KEEP_REVIEW,R-M04b,MEDIUM,D02,"media-usage-evidence.csv PUBLIC_SOURCE pages=['blindadas.php', 'centros-comerciales.php', 'doorlock.php'] (5) path=images/blindadas.jpg","Referencia publica literal desde 5 pagina(s) ['BRAND_PAGE', 'CATEGORY_PAGE', 'PRODUCT_PAGE']; el propietario final de esas paginas aun no esta decidido."
media,asset:images/blue-giant.jpg,Uso documental no equivale a aprobación de propósito/identidad de medios.,R12_MEDIA_PURPOSE_UNPROVEN,NONE,KEEP_REVIEW,R-M07,MEDIUM,D09,media-master.csv:images/blue-giant.jpg usage=IMAGE_APPARENTLY_UNUSED direct_refs=0,Sin relacion con entidad SQL y sin referencia publica atribuible. Ausencia de referencia NO demuestra orfandad (D09): se conserva en REVIEW.
media,asset:images/blue.png,Uso documental no equivale a aprobación de propósito/identidad de medios.,R09_MEDIA_OWNER_PENDING,CONFIRMED,MIGRATE,R-M05,LOW,,media-usage-evidence.csv brand=['4'] path=images/blue.png,Imagen/logo de brand con relacion explicita a un termino aprobado.
media,asset:images/clopay.png,Uso documental no equivale a aprobación de propósito/identidad de medios.,R09_MEDIA_OWNER_PENDING,CONFIRMED,MIGRATE,R-M05,LOW,,media-usage-evidence.csv brand=['3'] path=images/clopay.png,Imagen/logo de brand con relacion explicita a un termino aprobado.
media,asset:images/com.jpg,Uso documental no equivale a aprobación de propósito/identidad de medios.,R09_MEDIA_OWNER_PENDING,STRONG,KEEP_REVIEW,R-M04b,MEDIUM,D02,media-usage-evidence.csv PUBLIC_SOURCE pages=['com-programadores-digitales-y-rotativos.php'] (1) path=images/com.jpg,Referencia publica literal desde 1 pagina(s) ['PRODUCT_PAGE']; el propietario final de esas paginas aun no esta decidido.
media,asset:images/comercial.jpg,Uso documental no equivale a aprobación de propósito/identidad de medios.,R09_MEDIA_OWNER_PENDING,STRONG,KEEP_REVIEW,R-M04b,MEDIUM,D02,"media-usage-evidence.csv PUBLIC_SOURCE pages=['sellos-para-anden-shelter-de-soporte-flexible.php', 'sellos-para-anden.php'] (2) path=images/comercial.jpg","Referencia publica literal desde 2 pagina(s) ['CATEGORY_PAGE', 'PRODUCT_PAGE']; el propietario final de esas paginas aun no esta decidido."
media,asset:images/construccion.png,Uso documental no equivale a aprobación de propósito/identidad de medios.,R09_MEDIA_OWNER_PENDING,STRONG,KEEP_REVIEW,R-M04b,MEDIUM,D02,media-usage-evidence.csv PUBLIC_SOURCE pages=['coleccion-classic.php'] (1) path=images/construccion.png,Referencia publica literal desde 1 pagina(s) ['PRODUCT_PAGE']; el propietario final de esas paginas aun no esta decidido.
media,asset:images/contact-03.jpg,Uso documental no equivale a aprobación de propósito/identidad de medios.,R09_MEDIA_OWNER_PENDING,CONFIRMED,MIGRATE,R-M04,LOW,,media-usage-evidence.csv PUBLIC_SOURCE pages=['contacto.php'] path=images/contact-03.jpg,Referenciada literalmente por una Page editorial aprobada (R-G02).
media,asset:images/contact-04.jpg,Uso documental no equivale a aprobación de propósito/identidad de medios.,R09_MEDIA_OWNER_PENDING,CONFIRMED,MIGRATE,R-M04,LOW,,media-usage-evidence.csv PUBLIC_SOURCE pages=['contacto.php'] path=images/contact-04.jpg,Referenciada literalmente por una Page editorial aprobada (R-G02).
media,asset:images/contact.jpg,Uso documental no equivale a aprobación de propósito/identidad de medios.,R09_MEDIA_OWNER_PENDING,CONFIRMED,MIGRATE,R-M04,LOW,,media-usage-evidence.csv PUBLIC_SOURCE pages=['contacto.php'] path=images/contact.jpg,Referenciada literalmente por una Page editorial aprobada (R-G02).
media,asset:images/coritna_plana.png,Uso documental no equivale a aprobación de propósito/identidad de medios.,R09_MEDIA_OWNER_PENDING,STRONG,KEEP_REVIEW,R-M04b,MEDIUM,D02,media-usage-evidence.csv PUBLIC_SOURCE pages=['dockman.php'] (1) path=images/coritna_plana.png,Referencia publica literal desde 1 pagina(s) ['BRAND_PAGE']; el propietario final de esas paginas aun no esta decidido.
media,asset:images/cortina-620.jpg,Uso documental no equivale a aprobación de propósito/identidad de medios.,R09_MEDIA_OWNER_PENDING,STRONG,KEEP_REVIEW,R-M04b,MEDIUM,D02,"media-usage-evidence.csv PUBLIC_SOURCE pages=['cortina-serie-620.php', 'overhead-door.php'] (2) path=images/cortina-620.jpg","Referencia publica literal desde 2 pagina(s) ['BRAND_PAGE', 'PRODUCT_PAGE']; el propietario final de esas paginas aun no esta decidido."
media,asset:images/cortina-670.jpg,Uso documental no equivale a aprobación de propósito/identidad de medios.,R09_MEDIA_OWNER_PENDING,STRONG,KEEP_REVIEW,R-M04b,MEDIUM,D02,"media-usage-evidence.csv PUBLIC_SOURCE pages=['cortina-de-seguridad-670.php', 'cortinas-enrollables-industriales.php'] (2) path=images/cortina-670.jpg","Referencia publica literal desde 2 pagina(s) ['CATEGORY_PAGE', 'PRODUCT_PAGE']; el propietario final de esas paginas aun no esta decidido."
media,asset:images/cortina-670t.png,Uso documental no equivale a aprobación de propósito/identidad de medios.,R09_MEDIA_OWNER_PENDING,STRONG,KEEP_REVIEW,R-M04b,MEDIUM,D02,media-usage-evidence.csv PUBLIC_SOURCE pages=['cortina-de-seguridad-670.php'] (1) path=images/cortina-670t.png,Referencia publica literal desde 1 pagina(s) ['PRODUCT_PAGE']; el propietario final de esas paginas aun no esta decidido.
media,asset:images/cortina-671.jpg,Uso documental no equivale a aprobación de propósito/identidad de medios.,R09_MEDIA_OWNER_PENDING,STRONG,KEEP_REVIEW,R-M04b,MEDIUM,D02,"media-usage-evidence.csv PUBLIC_SOURCE pages=['cortina-de-seguridad-671.php', 'cortinas-enrollables-industriales.php'] (2) path=images/cortina-671.jpg","Referencia publica literal desde 2 pagina(s) ['CATEGORY_PAGE', 'PRODUCT_PAGE']; el propietario final de esas paginas aun no esta decidido."
media,asset:images/cortina-671t.png,Uso documental no equivale a aprobación de propósito/identidad de medios.,R09_MEDIA_OWNER_PENDING,STRONG,KEEP_REVIEW,R-M04b,MEDIUM,D02,media-usage-evidence.csv PUBLIC_SOURCE pages=['cortina-de-seguridad-671.php'] (1) path=images/cortina-671t.png,Referencia publica literal desde 1 pagina(s) ['PRODUCT_PAGE']; el propietario final de esas paginas aun no esta decidido.
media,asset:images/cortina-685.jpg,Uso documental no equivale a aprobación de propósito/identidad de medios.,R09_MEDIA_OWNER_PENDING,STRONG,KEEP_REVIEW,R-M04b,MEDIUM,D02,"media-usage-evidence.csv PUBLIC_SOURCE pages=['centros-comerciales.php', 'cortinas-enrollables-industriales.php', 'cortinas-ventiladas-685.php'] (3) path=images/cortina-685.jpg","Referencia publica literal desde 3 pagina(s) ['CATEGORY_PAGE', 'PRODUCT_PAGE']; el propietario final de esas paginas aun no esta decidido."
media,asset:images/cortina-aluminio.jpg,Uso documental no equivale a aprobación de propósito/identidad de medios.,R09_MEDIA_OWNER_PENDING,STRONG,KEEP_REVIEW,R-M04b,MEDIUM,D02,"media-usage-evidence.csv PUBLIC_SOURCE pages=['cortina-en-aluminio-serie-511-521.php', 'cortinas-enrollables-industriales.php', 'overhead-door.php'] (3) path=images/cortina-aluminio.jpg","Referencia publica literal desde 3 pagina(s) ['BRAND_PAGE', 'CATEGORY_PAGE', 'PRODUCT_PAGE']; el propietario final de esas paginas aun no esta decidido."
media,asset:images/cortina-serie-620.jpg,Uso documental no equivale a aprobación de propósito/identidad de medios.,R09_MEDIA_OWNER_PENDING,STRONG,KEEP_REVIEW,R-M04b,MEDIUM,D02,media-usage-evidence.csv PUBLIC_SOURCE pages=['serie-620.php'] (1) path=images/cortina-serie-620.jpg,Referencia publica literal desde 1 pagina(s) ['PRODUCT_PAGE']; el propietario final de esas paginas aun no esta decidido.
media,asset:images/cortina-serie-630.jpg,Uso documental no equivale a aprobación de propósito/identidad de medios.,R12_MEDIA_PURPOSE_UNPROVEN,NONE,KEEP_REVIEW,R-M07,MEDIUM,D09,media-master.csv:images/cortina-serie-630.jpg usage=IMAGE_APPARENTLY_UNUSED direct_refs=0,Sin relacion con entidad SQL y sin referencia publica atribuible. Ausencia de referencia NO demuestra orfandad (D09): se conserva en REVIEW.
media,asset:images/cortina.jpg,Uso documental no equivale a aprobación de propósito/identidad de medios.,R09_MEDIA_OWNER_PENDING,CONFIRMED,MIGRATE,R-M04,LOW,,"media-usage-evidence.csv PUBLIC_SOURCE pages=['centros-comerciales.php', 'cortina-plana.php', 'cortinas-enrollables-industriales.php'] path=images/cortina.jpg",Referenciada literalmente por una Page editorial aprobada (R-G02).
media,asset:images/cortina2.jpg,Uso documental no equivale a aprobación de propósito/identidad de medios.,R09_MEDIA_OWNER_PENDING,CONFIRMED,MIGRATE,R-M04,LOW,,"media-usage-evidence.csv PUBLIC_SOURCE pages=['cortina-plana.php', 'puertas-residenciales.php'] path=images/cortina2.jpg",Referenciada literalmente por una Page editorial aprobada (R-G02).
media,asset:images/cortina625.jpg,Uso documental no equivale a aprobación de propósito/identidad de medios.,R12_MEDIA_PURPOSE_UNPROVEN,NONE,KEEP_REVIEW,R-M07,MEDIUM,D09,media-master.csv:images/cortina625.jpg usage=IMAGE_APPARENTLY_UNUSED direct_refs=0,Sin relacion con entidad SQL y sin referencia publica atribuible. Ausencia de referencia NO demuestra orfandad (D09): se conserva en REVIEW.
media,asset:images/cortinas.jpg,Uso documental no equivale a aprobación de propósito/identidad de medios.,R09_MEDIA_OWNER_PENDING,CONFIRMED,MIGRATE,R-M04,LOW,,media-usage-evidence.csv PUBLIC_SOURCE pages=['cortinas-enrollables-de-aluminio.php'] path=images/cortinas.jpg,Referenciada literalmente por una Page editorial aprobada (R-G02).
media,asset:images/cortina_europea.png,Uso documental no equivale a aprobación de propósito/identidad de medios.,R09_MEDIA_OWNER_PENDING,STRONG,KEEP_REVIEW,R-M04b,MEDIUM,D02,"media-usage-evidence.csv PUBLIC_SOURCE pages=['centros-comerciales.php', 'cortina-europea.php', 'cortinas-enrollables-industriales.php'] (4) path=images/cortina_europea.png","Referencia publica literal desde 4 pagina(s) ['BRAND_PAGE', 'CATEGORY_PAGE', 'PRODUCT_PAGE']; el propietario final de esas paginas aun no esta decidido."
media,asset:images/cross-3e.jpg,Uso documental no equivale a aprobación de propósito/identidad de medios.,R09_MEDIA_OWNER_PENDING,STRONG,KEEP_REVIEW,R-M04b,MEDIUM,D02,"media-usage-evidence.csv PUBLIC_SOURCE pages=['cross-3e.php', 'ditec-neos-y-neos.php'] (2) path=images/cross-3e.jpg",Referencia publica literal desde 2 pagina(s) ['PRODUCT_PAGE']; el propietario final de esas paginas aun no esta decidido.
media,asset:images/cross18.jpg,Uso documental no equivale a aprobación de propósito/identidad de medios.,R09_MEDIA_OWNER_PENDING,STRONG,KEEP_REVIEW,R-M04b,MEDIUM,D02,media-usage-evidence.csv PUBLIC_SOURCE pages=['sg-onixx-600.php'] (1) path=images/cross18.jpg,Referencia publica literal desde 1 pagina(s) ['PRODUCT_PAGE']; el propietario final de esas paginas aun no esta decidido.
media,asset:images/Cuadros_cortos_y_largos.png,Uso documental no equivale a aprobación de propósito/identidad de medios.,R09_MEDIA_OWNER_PENDING,STRONG,KEEP_REVIEW,R-M04b,MEDIUM,D02,media-usage-evidence.csv PUBLIC_SOURCE pages=['coleccion-classic.php'] (1) path=images/Cuadros_cortos_y_largos.png,Referencia publica literal desde 1 pagina(s) ['PRODUCT_PAGE']; el propietario final de esas paginas aun no esta decidido.
media,asset:images/cubic.jpg,Uso documental no equivale a aprobación de propósito/identidad de medios.,R12_MEDIA_PURPOSE_UNPROVEN,NONE,KEEP_REVIEW,R-M07,MEDIUM,D09,media-master.csv:images/cubic.jpg usage=IMAGE_APPARENTLY_UNUSED direct_refs=0,Sin relacion con entidad SQL y sin referencia publica atribuible. Ausencia de referencia NO demuestra orfandad (D09): se conserva en REVIEW.
media,asset:images/dab.jpg,Uso documental no equivale a aprobación de propósito/identidad de medios.,R09_MEDIA_OWNER_PENDING,STRONG,KEEP_REVIEW,R-M04b,MEDIUM,D02,media-usage-evidence.csv PUBLIC_SOURCE pages=['wel-aotmatizacion-de-puertas-peatonales-pequena-y-robusta.php'] (1) path=images/dab.jpg,Referencia publica literal desde 1 pagina(s) ['PRODUCT_PAGE']; el propietario final de esas paginas aun no esta decidido.
media,asset:images/demo-marketing-footer-dot.svg,Uso documental no equivale a aprobación de propósito/identidad de medios.,R09_MEDIA_OWNER_PENDING,STRONG,KEEP_REVIEW,R-M04b,MEDIUM,D02,media-usage-evidence.csv PUBLIC_SOURCE pages=['footer.php'] (1) path=images/demo-marketing-footer-dot.svg,Referencia publica literal desde 1 pagina(s) ['LEGACY_INTERNAL']; el propietario final de esas paginas aun no esta decidido.
media,asset:images/demoprod.jpg,Uso documental no equivale a aprobación de propósito/identidad de medios.,R09_MEDIA_OWNER_PENDING,CONFIRMED,MIGRATE,R-M04,LOW,,media-usage-evidence.csv PUBLIC_SOURCE pages=['index-resp.php'] path=images/demoprod.jpg,Referenciada literalmente por una Page editorial aprobada (R-G02).
media,asset:images/demoresidencial.jpg,Uso documental no equivale a aprobación de propósito/identidad de medios.,R09_MEDIA_OWNER_PENDING,CONFIRMED,MIGRATE,R-M04,LOW,,"media-usage-evidence.csv PUBLIC_SOURCE pages=['index-resp.php', 'puertasresidenciales.php'] path=images/demoresidencial.jpg",Referenciada literalmente por una Page editorial aprobada (R-G02).
media,asset:images/descarga-1.jpg,Uso documental no equivale a aprobación de propósito/identidad de medios.,R09_MEDIA_OWNER_PENDING,STRONG,KEEP_REVIEW,R-M04b,MEDIUM,D02,media-usage-evidence.csv PUBLIC_SOURCE pages=['rytec.php'] (1) path=images/descarga-1.jpg,Referencia publica literal desde 1 pagina(s) ['BRAND_PAGE']; el propietario final de esas paginas aun no esta decidido.
media,asset:images/detalle_de_cuadros.png,Uso documental no equivale a aprobación de propósito/identidad de medios.,R09_MEDIA_OWNER_PENDING,STRONG,KEEP_REVIEW,R-M04b,MEDIUM,D02,media-usage-evidence.csv PUBLIC_SOURCE pages=['coleccion-classic.php'] (1) path=images/detalle_de_cuadros.png,Referencia publica literal desde 1 pagina(s) ['PRODUCT_PAGE']; el propietario final de esas paginas aun no esta decidido.
media,asset:images/detalle_plana.png,Uso documental no equivale a aprobación de propósito/identidad de medios.,R09_MEDIA_OWNER_PENDING,STRONG,KEEP_REVIEW,R-M04b,MEDIUM,D02,media-usage-evidence.csv PUBLIC_SOURCE pages=['cortina-plana.php'] (1) path=images/detalle_plana.png,Referencia publica literal desde 1 pagina(s) ['PRODUCT_PAGE']; el propietario final de esas paginas aun no esta decidido.
media,asset:images/detector.jpg,Uso documental no equivale a aprobación de propósito/identidad de medios.,R09_MEDIA_OWNER_PENDING,STRONG,KEEP_REVIEW,R-M04b,MEDIUM,D02,media-usage-evidence.csv PUBLIC_SOURCE pages=['detector-de-masas-max-eagle.php'] (1) path=images/detector.jpg,Referencia publica literal desde 1 pagina(s) ['PRODUCT_PAGE']; el propietario final de esas paginas aun no esta decidido.
media,asset:images/Ditec-reset-imagen.jpg,Uso documental no equivale a aprobación de propósito/identidad de medios.,R09_MEDIA_OWNER_PENDING,STRONG,KEEP_REVIEW,R-M04b,MEDIUM,D02,media-usage-evidence.csv PUBLIC_SOURCE pages=['rolli-zip.php'] (1) path=images/Ditec-reset-imagen.jpg,Referencia publica literal desde 1 pagina(s) ['PRODUCT_PAGE']; el propietario final de esas paginas aun no esta decidido.
media,asset:images/ditec.png,Uso documental no equivale a aprobación de propósito/identidad de medios.,R12_MEDIA_PURPOSE_UNPROVEN,NONE,KEEP_REVIEW,R-M07,MEDIUM,D09,media-master.csv:images/ditec.png usage=IMAGE_APPARENTLY_UNUSED direct_refs=0,Sin relacion con entidad SQL y sin referencia publica atribuible. Ausencia de referencia NO demuestra orfandad (D09): se conserva en REVIEW.
media,asset:images/ditecc.jpg,Uso documental no equivale a aprobación de propósito/identidad de medios.,R09_MEDIA_OWNER_PENDING,STRONG,KEEP_REVIEW,R-M04b,MEDIUM,D02,media-usage-evidence.csv PUBLIC_SOURCE pages=['luxo-robusto-e-incansable-para-servicios-intensivos-para-hojas-de-hasta-5-m.php'] (1) path=images/ditecc.jpg,Referencia publica literal desde 1 pagina(s) ['PRODUCT_PAGE']; el propietario final de esas paginas aun no esta decidido.
media,asset:images/ditecneos.jpg,Uso documental no equivale a aprobación de propósito/identidad de medios.,R12_MEDIA_PURPOSE_UNPROVEN,NONE,KEEP_REVIEW,R-M07,MEDIUM,D09,media-master.csv:images/ditecneos.jpg usage=IMAGE_APPARENTLY_UNUSED direct_refs=0,Sin relacion con entidad SQL y sin referencia publica atribuible. Ausencia de referencia NO demuestra orfandad (D09): se conserva en REVIEW.
media,asset:images/dock.png,Uso documental no equivale a aprobación de propósito/identidad de medios.,R13_MEDIA_TYPE_UNSUPPORTED,MODERATE,KEEP_REVIEW,R-M06,MEDIUM,,all-review.csv media_validation=REVIEW_TYPE_LIMIT_OR_HASH; detected_type=image/jpeg,Tipo/limite/hash fuera de la politica del importador; requiere revision tecnica.
media,asset:images/dockman.png,Uso documental no equivale a aprobación de propósito/identidad de medios.,R09_MEDIA_OWNER_PENDING,CONFIRMED,MIGRATE,R-M05,LOW,,media-usage-evidence.csv brand=['10'] path=images/dockman.png,Imagen/logo de brand con relacion explicita a un termino aprobado.
media,asset:images/dockmanint.png,Uso documental no equivale a aprobación de propósito/identidad de medios.,R09_MEDIA_OWNER_PENDING,STRONG,KEEP_REVIEW,R-M04b,MEDIUM,D02,media-usage-evidence.csv PUBLIC_SOURCE pages=['puertas-industriales-dockman.php'] (1) path=images/dockmanint.png,Referencia publica literal desde 1 pagina(s) ['PRODUCT_PAGE']; el propietario final de esas paginas aun no esta decidido.
media,asset:images/dod.jpg,Uso documental no equivale a aprobación de propósito/identidad de medios.,R09_MEDIA_OWNER_PENDING,CONFIRMED,MIGRATE,R-M04,LOW,,"media-usage-evidence.csv PUBLIC_SOURCE pages=['dod-automatizacion-compacto-y-potente-para-portones-seccionales-correderos-y-enrollables.php', 'operadores-puertas-ascendentes.php'] path=images/dod.jpg",Referenciada literalmente por una Page editorial aprobada (R-G02).
media,asset:images/doda.jpg,Uso documental no equivale a aprobación de propósito/identidad de medios.,R12_MEDIA_PURPOSE_UNPROVEN,NONE,KEEP_REVIEW,R-M07,MEDIUM,D09,media-master.csv:images/doda.jpg usage=IMAGE_APPARENTLY_UNUSED direct_refs=0,Sin relacion con entidad SQL y sin referencia publica atribuible. Ausencia de referencia NO demuestra orfandad (D09): se conserva en REVIEW.
media,asset:images/door-operator-rhx-1.jpg,Uso documental no equivale a aprobación de propósito/identidad de medios.,R09_MEDIA_OWNER_PENDING,STRONG,KEEP_REVIEW,R-M04b,MEDIUM,D02,media-usage-evidence.csv PUBLIC_SOURCE pages=['operadores-para-puerta-corrediza-industrial.php'] (1) path=images/door-operator-rhx-1.jpg,Referencia publica literal desde 1 pagina(s) ['CATEGORY_PAGE']; el propietario final de esas paginas aun no esta decidido.
media,asset:images/door.png,Uso documental no equivale a aprobación de propósito/identidad de medios.,R09_MEDIA_OWNER_PENDING,CONFIRMED,MIGRATE,R-M05,LOW,,media-usage-evidence.csv brand=['6'] path=images/door.png,Imagen/logo de brand con relacion explicita a un termino aprobado.
media,asset:images/dura.png,Uso documental no equivale a aprobación de propósito/identidad de medios.,R12_MEDIA_PURPOSE_UNPROVEN,NONE,KEEP_REVIEW,R-M07,MEDIUM,D09,media-master.csv:images/dura.png usage=IMAGE_APPARENTLY_UNUSED direct_refs=0,Sin relacion con entidad SQL y sin referencia publica atribuible. Ausencia de referencia NO demuestra orfandad (D09): se conserva en REVIEW.
media,asset:images/e3720.jpg,Uso documental no equivale a aprobación de propósito/identidad de medios.,R09_MEDIA_OWNER_PENDING,STRONG,KEEP_REVIEW,R-M04b,MEDIUM,D02,media-usage-evidence.csv PUBLIC_SOURCE pages=['puertas-seccionales-industriales.php'] (1) path=images/e3720.jpg,Referencia publica literal desde 1 pagina(s) ['CATEGORY_PAGE']; el propietario final de esas paginas aun no esta decidido.
media,asset:images/emergencia.jpg,Uso documental no equivale a aprobación de propósito/identidad de medios.,R12_MEDIA_PURPOSE_UNPROVEN,NONE,KEEP_REVIEW,R-M07,MEDIUM,D09,media-master.csv:images/emergencia.jpg usage=IMAGE_APPARENTLY_UNUSED direct_refs=0,Sin relacion con entidad SQL y sin referencia publica atribuible. Ausencia de referencia NO demuestra orfandad (D09): se conserva en REVIEW.
media,asset:images/energy-series-intellicore-824x610-1.jpg,Uso documental no equivale a aprobación de propósito/identidad de medios.,R09_MEDIA_OWNER_PENDING,STRONG,KEEP_REVIEW,R-M04b,MEDIUM,D02,media-usage-evidence.csv PUBLIC_SOURCE pages=['clopay.php'] (1) path=images/energy-series-intellicore-824x610-1.jpg,Referencia publica literal desde 1 pagina(s) ['BRAND_PAGE']; el propietario final de esas paginas aun no esta decidido.
media,asset:images/energy.jpg,Uso documental no equivale a aprobación de propósito/identidad de medios.,R09_MEDIA_OWNER_PENDING,STRONG,KEEP_REVIEW,R-M04b,MEDIUM,D02,media-usage-evidence.csv PUBLIC_SOURCE pages=['energy-series-with-intellicore-37171-3-4.php'] (1) path=images/energy.jpg,Referencia publica literal desde 1 pagina(s) ['PRODUCT_PAGE']; el propietario final de esas paginas aun no esta decidido.
media,asset:images/energy2.jpg,Uso documental no equivale a aprobación de propósito/identidad de medios.,R09_MEDIA_OWNER_PENDING,STRONG,KEEP_REVIEW,R-M04b,MEDIUM,D02,media-usage-evidence.csv PUBLIC_SOURCE pages=['energy-series-with-intellicore-3720-3724-3722.php'] (1) path=images/energy2.jpg,Referencia publica literal desde 1 pagina(s) ['PRODUCT_PAGE']; el propietario final de esas paginas aun no esta decidido.
media,asset:images/enrollable.jpg,Uso documental no equivale a aprobación de propósito/identidad de medios.,R09_MEDIA_OWNER_PENDING,CONFIRMED,MIGRATE,R-M04,LOW,,media-usage-evidence.csv PUBLIC_SOURCE pages=['puertas-enrollables-de-garage.php'] path=images/enrollable.jpg,Referenciada literalmente por una Page editorial aprobada (R-G02).
media,asset:images/enrollable2.jpg,Uso documental no equivale a aprobación de propósito/identidad de medios.,R09_MEDIA_OWNER_PENDING,CONFIRMED,MIGRATE,R-M04,LOW,,media-usage-evidence.csv PUBLIC_SOURCE pages=['puertas-enrollables-de-garage.php'] path=images/enrollable2.jpg,Referenciada literalmente por una Page editorial aprobada (R-G02).
media,asset:images/equipos-accesorios-anden-carga.jpeg,Uso documental no equivale a aprobación de propósito/identidad de medios.,R09_MEDIA_OWNER_PENDING,CONFIRMED,MIGRATE,R-M04,LOW,,"media-usage-evidence.csv PUBLIC_SOURCE pages=['index-estatico.php', 'index.php'] path=images/equipos-accesorios-anden-carga.jpeg",Referenciada literalmente por una Page editorial aprobada (R-G02).
media,asset:images/estandar.jpg,Uso documental no equivale a aprobación de propósito/identidad de medios.,R09_MEDIA_OWNER_PENDING,STRONG,KEEP_REVIEW,R-M04b,MEDIUM,D02,"media-usage-evidence.csv PUBLIC_SOURCE pages=['centros-comerciales.php', 'puertas-salida-emergencia.php'] (2) path=images/estandar.jpg",Referencia publica literal desde 2 pagina(s) ['CATEGORY_PAGE']; el propietario final de esas paginas aun no esta decidido.
media,asset:images/estandar.png,Uso documental no equivale a aprobación de propósito/identidad de medios.,R09_MEDIA_OWNER_PENDING,STRONG,KEEP_REVIEW,R-M04b,MEDIUM,D02,media-usage-evidence.csv PUBLIC_SOURCE pages=['puerta-estandar.php'] (1) path=images/estandar.png,Referencia publica literal desde 1 pagina(s) ['PRODUCT_PAGE']; el propietario final de esas paginas aun no esta decidido.
media,asset:images/europea.jpg,Uso documental no equivale a aprobación de propósito/identidad de medios.,R09_MEDIA_OWNER_PENDING,STRONG,KEEP_REVIEW,R-M04b,MEDIUM,D02,media-usage-evidence.csv PUBLIC_SOURCE pages=['cortina-europea.php'] (1) path=images/europea.jpg,Referencia publica literal desde 1 pagina(s) ['PRODUCT_PAGE']; el propietario final de esas paginas aun no esta decidido.
media,asset:images/explo.png,Uso documental no equivale a aprobación de propósito/identidad de medios.,R09_MEDIA_OWNER_PENDING,STRONG,KEEP_REVIEW,R-M04b,MEDIUM,D02,media-usage-evidence.csv PUBLIC_SOURCE pages=['puerta-contra-explosion.php'] (1) path=images/explo.png,Referencia publica literal desde 1 pagina(s) ['PRODUCT_PAGE']; el propietario final de esas paginas aun no esta decidido.
media,asset:images/explosion.jpg,Uso documental no equivale a aprobación de propósito/identidad de medios.,R12_MEDIA_PURPOSE_UNPROVEN,NONE,KEEP_REVIEW,R-M07,MEDIUM,D09,media-master.csv:images/explosion.jpg usage=IMAGE_APPARENTLY_UNUSED direct_refs=0,Sin relacion con entidad SQL y sin referencia publica atribuible. Ausencia de referencia NO demuestra orfandad (D09): se conserva en REVIEW.
media,asset:images/fast.jpg,Uso documental no equivale a aprobación de propósito/identidad de medios.,R09_MEDIA_OWNER_PENDING,STRONG,KEEP_REVIEW,R-M04b,MEDIUM,D02,"media-usage-evidence.csv PUBLIC_SOURCE pages=['fast-seal-high-performance-door.php', 'puertas-rapidas.php'] (2) path=images/fast.jpg","Referencia publica literal desde 2 pagina(s) ['CATEGORY_PAGE', 'PRODUCT_PAGE']; el propietario final de esas paginas aun no esta decidido."
media,asset:images/fasts.jpg,Uso documental no equivale a aprobación de propósito/identidad de medios.,R09_MEDIA_OWNER_PENDING,STRONG,KEEP_REVIEW,R-M04b,MEDIUM,D02,media-usage-evidence.csv PUBLIC_SOURCE pages=['fast-seal-high-performance-door.php'] (1) path=images/fasts.jpg,Referencia publica literal desde 1 pagina(s) ['PRODUCT_PAGE']; el propietario final de esas paginas aun no esta decidido.
media,asset:images/favicon.png,Uso documental no equivale a aprobación de propósito/identidad de medios.,R09_MEDIA_OWNER_PENDING,STRONG,KEEP_REVIEW,R-M04b,MEDIUM,D02,media-usage-evidence.csv PUBLIC_SOURCE pages=['header.php'] (1) path=images/favicon.png,Referencia publica literal desde 1 pagina(s) ['LEGACY_INTERNAL']; el propietario final de esas paginas aun no esta decidido.
media,asset:images/fire-rated-door-1.jpg,Uso documental no equivale a aprobación de propósito/identidad de medios.,R12_MEDIA_PURPOSE_UNPROVEN,NONE,KEEP_REVIEW,R-M07,MEDIUM,D09,media-master.csv:images/fire-rated-door-1.jpg usage=IMAGE_APPARENTLY_UNUSED direct_refs=0,Sin relacion con entidad SQL y sin referencia publica atribuible. Ausencia de referencia NO demuestra orfandad (D09): se conserva en REVIEW.
media,asset:images/fire-rated-door-2.jpg,Uso documental no equivale a aprobación de propósito/identidad de medios.,R12_MEDIA_PURPOSE_UNPROVEN,NONE,KEEP_REVIEW,R-M07,MEDIUM,D09,media-master.csv:images/fire-rated-door-2.jpg usage=IMAGE_APPARENTLY_UNUSED direct_refs=0,Sin relacion con entidad SQL y sin referencia publica atribuible. Ausencia de referencia NO demuestra orfandad (D09): se conserva en REVIEW.
media,asset:images/fire-rated-door-630.jpg,Uso documental no equivale a aprobación de propósito/identidad de medios.,R09_MEDIA_OWNER_PENDING,STRONG,KEEP_REVIEW,R-M04b,MEDIUM,D02,"media-usage-evidence.csv PUBLIC_SOURCE pages=['cortina-serie-630.php', 'cortinas-enrollables-industriales.php', 'overhead-door.php'] (3) path=images/fire-rated-door-630.jpg","Referencia publica literal desde 3 pagina(s) ['BRAND_PAGE', 'CATEGORY_PAGE', 'PRODUCT_PAGE']; el propietario final de esas paginas aun no esta decidido."
media,asset:images/fire-rated.jpg,Uso documental no equivale a aprobación de propósito/identidad de medios.,R09_MEDIA_OWNER_PENDING,STRONG,KEEP_REVIEW,R-M04b,MEDIUM,D02,"media-usage-evidence.csv PUBLIC_SOURCE pages=['cortinas-enrollables-industriales.php', 'fire-rated-doors-firestar-models-700-700c.php', 'industrial.php'] (4) path=images/fire-rated.jpg","Referencia publica literal desde 4 pagina(s) ['BRAND_PAGE', 'CATEGORY_PAGE', 'PRODUCT_PAGE']; el propietario final de esas paginas aun no esta decidido."
media,asset:images/fire-ratedt.jpg,Uso documental no equivale a aprobación de propósito/identidad de medios.,R09_MEDIA_OWNER_PENDING,STRONG,KEEP_REVIEW,R-M04b,MEDIUM,D02,media-usage-evidence.csv PUBLIC_SOURCE pages=['fire-rated-doors-firestar-models-700-700c.php'] (1) path=images/fire-ratedt.jpg,Referencia publica literal desde 1 pagina(s) ['PRODUCT_PAGE']; el propietario final de esas paginas aun no esta decidido.
media,asset:images/forma.png,Uso documental no equivale a aprobación de propósito/identidad de medios.,R09_MEDIA_OWNER_PENDING,STRONG,KEEP_REVIEW,R-M04b,MEDIUM,D02,media-usage-evidence.csv PUBLIC_SOURCE pages=['cortina-europea.php'] (1) path=images/forma.png,Referencia publica literal desde 1 pagina(s) ['PRODUCT_PAGE']; el propietario final de esas paginas aun no esta decidido.
media,asset:images/fotoceldas.jpg,Uso documental no equivale a aprobación de propósito/identidad de medios.,R09_MEDIA_OWNER_PENDING,STRONG,KEEP_REVIEW,R-M04b,MEDIUM,D02,media-usage-evidence.csv PUBLIC_SOURCE pages=['fotoceldas.php'] (1) path=images/fotoceldas.jpg,Referencia publica literal desde 1 pagina(s) ['PRODUCT_PAGE']; el propietario final de esas paginas aun no esta decidido.
media,asset:images/fotos_a_cuadros.png,Uso documental no equivale a aprobación de propósito/identidad de medios.,R09_MEDIA_OWNER_PENDING,STRONG,KEEP_REVIEW,R-M04b,MEDIUM,D02,media-usage-evidence.csv PUBLIC_SOURCE pages=['coleccion-classic.php'] (1) path=images/fotos_a_cuadros.png,Referencia publica literal desde 1 pagina(s) ['PRODUCT_PAGE']; el propietario final de esas paginas aun no esta decidido.
media,asset:images/foto_puerta.png,Uso documental no equivale a aprobación de propósito/identidad de medios.,R09_MEDIA_OWNER_PENDING,STRONG,KEEP_REVIEW,R-M04b,MEDIUM,D02,media-usage-evidence.csv PUBLIC_SOURCE pages=['overhead-door.php'] (1) path=images/foto_puerta.png,Referencia publica literal desde 1 pagina(s) ['BRAND_PAGE']; el propietario final de esas paginas aun no esta decidido.
media,asset:images/foto_puertas_lisa-1.png,Uso documental no equivale a aprobación de propósito/identidad de medios.,R09_MEDIA_OWNER_PENDING,STRONG,KEEP_REVIEW,R-M04b,MEDIUM,D02,"media-usage-evidence.csv PUBLIC_SOURCE pages=['clopay.php', 'overhead-door.php', 'wayne-dalton.php'] (3) path=images/foto_puertas_lisa-1.png",Referencia publica literal desde 3 pagina(s) ['BRAND_PAGE']; el propietario final de esas paginas aun no esta decidido.
media,asset:images/glg-porte-industriali.png,Uso documental no equivale a aprobación de propósito/identidad de medios.,R09_MEDIA_OWNER_PENDING,CONFIRMED,MIGRATE,R-M05,LOW,,media-usage-evidence.csv brand=['9'] path=images/glg-porte-industriali.png,Imagen/logo de brand con relacion explicita a un termino aprobado.
media,asset:images/holandesa.jpg,Uso documental no equivale a aprobación de propósito/identidad de medios.,R12_MEDIA_PURPOSE_UNPROVEN,NONE,KEEP_REVIEW,R-M07,MEDIUM,D09,media-master.csv:images/holandesa.jpg usage=IMAGE_APPARENTLY_UNUSED direct_refs=0,Sin relacion con entidad SQL y sin referencia publica atribuible. Ausencia de referencia NO demuestra orfandad (D09): se conserva en REVIEW.
media,asset:images/holandesa.png,Uso documental no equivale a aprobación de propósito/identidad de medios.,R09_MEDIA_OWNER_PENDING,STRONG,KEEP_REVIEW,R-M04b,MEDIUM,D02,media-usage-evidence.csv PUBLIC_SOURCE pages=['puerta-holandesa.php'] (1) path=images/holandesa.png,Referencia publica literal desde 1 pagina(s) ['PRODUCT_PAGE']; el propietario final de esas paginas aun no esta decidido.
media,asset:images/home-bg-01.jpg,Uso documental no equivale a aprobación de propósito/identidad de medios.,R09_MEDIA_OWNER_PENDING,CONFIRMED,MIGRATE,R-M04,LOW,,"media-usage-evidence.csv PUBLIC_SOURCE pages=['index-estatico.php', 'index.php'] path=images/home-bg-01.jpg",Referenciada literalmente por una Page editorial aprobada (R-G02).
media,asset:images/home-blindadas.jpg,Uso documental no equivale a aprobación de propósito/identidad de medios.,R12_MEDIA_PURPOSE_UNPROVEN,NONE,KEEP_REVIEW,R-M07,MEDIUM,D09,media-master.csv:images/home-blindadas.jpg usage=IMAGE_APPARENTLY_UNUSED direct_refs=0,Sin relacion con entidad SQL y sin referencia publica atribuible. Ausencia de referencia NO demuestra orfandad (D09): se conserva en REVIEW.
media,asset:images/home-comercial.jpg,Uso documental no equivale a aprobación de propósito/identidad de medios.,R09_MEDIA_OWNER_PENDING,CONFIRMED,MIGRATE,R-M04,LOW,,"media-usage-evidence.csv PUBLIC_SOURCE pages=['index-estatico.php', 'index.php'] path=images/home-comercial.jpg",Referenciada literalmente por una Page editorial aprobada (R-G02).
media,asset:images/home-emergencia.jpg,Uso documental no equivale a aprobación de propósito/identidad de medios.,R12_MEDIA_PURPOSE_UNPROVEN,NONE,KEEP_REVIEW,R-M07,MEDIUM,D09,media-master.csv:images/home-emergencia.jpg usage=IMAGE_APPARENTLY_UNUSED direct_refs=0,Sin relacion con entidad SQL y sin referencia publica atribuible. Ausencia de referencia NO demuestra orfandad (D09): se conserva en REVIEW.
media,asset:images/home-equipos.jpg,Uso documental no equivale a aprobación de propósito/identidad de medios.,R12_MEDIA_PURPOSE_UNPROVEN,NONE,KEEP_REVIEW,R-M07,MEDIUM,D09,media-master.csv:images/home-equipos.jpg usage=IMAGE_APPARENTLY_UNUSED direct_refs=0,Sin relacion con entidad SQL y sin referencia publica atribuible. Ausencia de referencia NO demuestra orfandad (D09): se conserva en REVIEW.
media,asset:images/home-hospitales.jpg,Uso documental no equivale a aprobación de propósito/identidad de medios.,R12_MEDIA_PURPOSE_UNPROVEN,NONE,KEEP_REVIEW,R-M07,MEDIUM,D09,media-master.csv:images/home-hospitales.jpg usage=IMAGE_APPARENTLY_UNUSED direct_refs=0,Sin relacion con entidad SQL y sin referencia publica atribuible. Ausencia de referencia NO demuestra orfandad (D09): se conserva en REVIEW.
media,asset:images/home-industrial.jpg,Uso documental no equivale a aprobación de propósito/identidad de medios.,R12_MEDIA_PURPOSE_UNPROVEN,NONE,KEEP_REVIEW,R-M07,MEDIUM,D09,media-master.csv:images/home-industrial.jpg usage=IMAGE_APPARENTLY_UNUSED direct_refs=0,Sin relacion con entidad SQL y sin referencia publica atribuible. Ausencia de referencia NO demuestra orfandad (D09): se conserva en REVIEW.
media,asset:images/home-industriales.jpeg,Uso documental no equivale a aprobación de propósito/identidad de medios.,R12_MEDIA_PURPOSE_UNPROVEN,NONE,KEEP_REVIEW,R-M07,MEDIUM,D09,media-master.csv:images/home-industriales.jpeg usage=IMAGE_APPARENTLY_UNUSED|EXACT_DUPLICATE_BYTES direct_refs=0,Sin relacion con entidad SQL y sin referencia publica atribuible. Ausencia de referencia NO demuestra orfandad (D09): se conserva en REVIEW.
media,asset:images/home-residencial.jpg,Uso documental no equivale a aprobación de propósito/identidad de medios.,R12_MEDIA_PURPOSE_UNPROVEN,NONE,KEEP_REVIEW,R-M07,MEDIUM,D09,media-master.csv:images/home-residencial.jpg usage=IMAGE_APPARENTLY_UNUSED direct_refs=0,Sin relacion con entidad SQL y sin referencia publica atribuible. Ausencia de referencia NO demuestra orfandad (D09): se conserva en REVIEW.
media,asset:images/hospital.jpg,Uso documental no equivale a aprobación de propósito/identidad de medios.,R12_MEDIA_PURPOSE_UNPROVEN,NONE,KEEP_REVIEW,R-M07,MEDIUM,D09,media-master.csv:images/hospital.jpg usage=IMAGE_APPARENTLY_UNUSED direct_refs=0,Sin relacion con entidad SQL y sin referencia publica atribuible. Ausencia de referencia NO demuestra orfandad (D09): se conserva en REVIEW.
media,asset:images/hospital.png,Uso documental no equivale a aprobación de propósito/identidad de medios.,R09_MEDIA_OWNER_PENDING,STRONG,KEEP_REVIEW,R-M04b,MEDIUM,D02,media-usage-evidence.csv PUBLIC_SOURCE pages=['puerta-para-hospital.php'] (1) path=images/hospital.png,Referencia publica literal desde 1 pagina(s) ['PRODUCT_PAGE']; el propietario final de esas paginas aun no esta decidido.
media,asset:images/hospital1.jpg,Uso documental no equivale a aprobación de propósito/identidad de medios.,R12_MEDIA_PURPOSE_UNPROVEN,NONE,KEEP_REVIEW,R-M07,MEDIUM,D09,media-master.csv:images/hospital1.jpg usage=IMAGE_APPARENTLY_UNUSED direct_refs=0,Sin relacion con entidad SQL y sin referencia publica atribuible. Ausencia de referencia NO demuestra orfandad (D09): se conserva en REVIEW.
media,asset:images/H_HERO_1.png,Uso documental no equivale a aprobación de propósito/identidad de medios.,R12_MEDIA_PURPOSE_UNPROVEN,NONE,KEEP_REVIEW,R-M07,MEDIUM,D09,media-master.csv:images/H_HERO_1.png usage=IMAGE_APPARENTLY_UNUSED direct_refs=0,Sin relacion con entidad SQL y sin referencia publica atribuible. Ausencia de referencia NO demuestra orfandad (D09): se conserva en REVIEW.
media,asset:images/Icaro.png,Uso documental no equivale a aprobación de propósito/identidad de medios.,R09_MEDIA_OWNER_PENDING,STRONG,KEEP_REVIEW,R-M04b,MEDIUM,D02,"media-usage-evidence.csv PUBLIC_SOURCE pages=['bft-resp.php', 'bft.php', 'blue-giant.php'] (7) path=images/Icaro.png","Referencia publica literal desde 7 pagina(s) ['BRAND_PAGE', 'CATEGORY_PAGE', 'PRODUCT_PAGE']; el propietario final de esas paginas aun no esta decidido."
media,asset:images/icarot.png,Uso documental no equivale a aprobación de propósito/identidad de medios.,R12_MEDIA_PURPOSE_UNPROVEN,NONE,KEEP_REVIEW,R-M07,MEDIUM,D09,media-master.csv:images/icarot.png usage=IMAGE_APPARENTLY_UNUSED direct_refs=0,Sin relacion con entidad SQL y sin referencia publica atribuible. Ausencia de referencia NO demuestra orfandad (D09): se conserva en REVIEW.
media,asset:images/ico-quienes.png,Uso documental no equivale a aprobación de propósito/identidad de medios.,R12_MEDIA_PURPOSE_UNPROVEN,NONE,KEEP_REVIEW,R-M07,MEDIUM,D09,media-master.csv:images/ico-quienes.png usage=IMAGE_APPARENTLY_UNUSED direct_refs=0,Sin relacion con entidad SQL y sin referencia publica atribuible. Ausencia de referencia NO demuestra orfandad (D09): se conserva en REVIEW.
media,asset:images/ico-quienes2.png,Uso documental no equivale a aprobación de propósito/identidad de medios.,R12_MEDIA_PURPOSE_UNPROVEN,NONE,KEEP_REVIEW,R-M07,MEDIUM,D09,media-master.csv:images/ico-quienes2.png usage=IMAGE_APPARENTLY_UNUSED direct_refs=0,Sin relacion con entidad SQL y sin referencia publica atribuible. Ausencia de referencia NO demuestra orfandad (D09): se conserva en REVIEW.
media,asset:images/incendio.jpg,Uso documental no equivale a aprobación de propósito/identidad de medios.,R12_MEDIA_PURPOSE_UNPROVEN,NONE,KEEP_REVIEW,R-M07,MEDIUM,D09,media-master.csv:images/incendio.jpg usage=IMAGE_APPARENTLY_UNUSED direct_refs=0,Sin relacion con entidad SQL y sin referencia publica atribuible. Ausencia de referencia NO demuestra orfandad (D09): se conserva en REVIEW.
media,asset:images/incendio.png,Uso documental no equivale a aprobación de propósito/identidad de medios.,R09_MEDIA_OWNER_PENDING,STRONG,KEEP_REVIEW,R-M04b,MEDIUM,D02,media-usage-evidence.csv PUBLIC_SOURCE pages=['puertas-contra-incendio.php'] (1) path=images/incendio.png,Referencia publica literal desde 1 pagina(s) ['PRODUCT_PAGE']; el propietario final de esas paginas aun no esta decidido.
media,asset:images/industrial-brown-sectional-steel-model-424-432.jpg,Uso documental no equivale a aprobación de propósito/identidad de medios.,R09_MEDIA_OWNER_PENDING,STRONG,KEEP_REVIEW,R-M04b,MEDIUM,D02,"media-usage-evidence.csv PUBLIC_SOURCE pages=['puerta-seccional-de-acero-sin-aislamiento-424-uso-pesado.php', 'puertas-seccionales-industriales.php'] (2) path=images/industrial-brown-sectional-steel-model-424-432.jpg","Referencia publica literal desde 2 pagina(s) ['CATEGORY_PAGE', 'PRODUCT_PAGE']; el propietario final de esas paginas aun no esta decidido."
media,asset:images/industrial-home.jpg,Uso documental no equivale a aprobación de propósito/identidad de medios.,R09_MEDIA_OWNER_PENDING,CONFIRMED,MIGRATE,R-M04,LOW,,"media-usage-evidence.csv PUBLIC_SOURCE pages=['index-estatico.php', 'index.php'] path=images/industrial-home.jpg",Referenciada literalmente por una Page editorial aprobada (R-G02).
media,asset:images/industrial-series-520-deep-ribbed-24x12-window-white-garage-door.jpg,Uso documental no equivale a aprobación de propósito/identidad de medios.,R09_MEDIA_OWNER_PENDING,STRONG,KEEP_REVIEW,R-M04b,MEDIUM,D02,media-usage-evidence.csv PUBLIC_SOURCE pages=['clopay.php'] (1) path=images/industrial-series-520-deep-ribbed-24x12-window-white-garage-door.jpg,Referencia publica literal desde 1 pagina(s) ['BRAND_PAGE']; el propietario final de esas paginas aun no esta decidido.
media,asset:images/industrial3.jpg,Uso documental no equivale a aprobación de propósito/identidad de medios.,R09_MEDIA_OWNER_PENDING,CONFIRMED,MIGRATE,R-M04,LOW,,"media-usage-evidence.csv PUBLIC_SOURCE pages=['industrial.php', 'puertas-rapidas-enrollables.php'] path=images/industrial3.jpg",Referenciada literalmente por una Page editorial aprobada (R-G02).
media,asset:images/industrial32.jpg,Uso documental no equivale a aprobación de propósito/identidad de medios.,R09_MEDIA_OWNER_PENDING,CONFIRMED,MIGRATE,R-M04,LOW,,media-usage-evidence.csv PUBLIC_SOURCE pages=['puertas-rapidas-enrollables.php'] path=images/industrial32.jpg,Referenciada literalmente por una Page editorial aprobada (R-G02).
media,asset:images/infraca.png,Uso documental no equivale a aprobación de propósito/identidad de medios.,R09_MEDIA_OWNER_PENDING,CONFIRMED,MIGRATE,R-M05,LOW,,media-usage-evidence.csv brand=['8'] path=images/infraca.png,Imagen/logo de brand con relacion explicita a un termino aprobado.
media,asset:images/kelley.png,Uso documental no equivale a aprobación de propósito/identidad de medios.,R09_MEDIA_OWNER_PENDING,CONFIRMED,MIGRATE,R-M05,LOW,,media-usage-evidence.csv brand=['5'] path=images/kelley.png,Imagen/logo de brand con relacion explicita a un termino aprobado.
media,asset:images/labio.jpg,Uso documental no equivale a aprobación de propósito/identidad de medios.,R09_MEDIA_OWNER_PENDING,STRONG,KEEP_REVIEW,R-M04b,MEDIUM,D02,"media-usage-evidence.csv PUBLIC_SOURCE pages=['dockman.php', 'equipos-y-accesorios-para-anden-de-carga.php', 'labio-de-elevacion-mecanico-dockman.php'] (4) path=images/labio.jpg","Referencia publica literal desde 4 pagina(s) ['BRAND_PAGE', 'CATEGORY_PAGE', 'PRODUCT_PAGE']; el propietario final de esas paginas aun no esta decidido."
media,asset:images/lan.jpg,Uso documental no equivale a aprobación de propósito/identidad de medios.,R09_MEDIA_OWNER_PENDING,STRONG,KEEP_REVIEW,R-M04b,MEDIUM,D02,media-usage-evidence.csv PUBLIC_SOURCE pages=['lan-4-sistema-de-teclado-con-combinacion-digital.php'] (1) path=images/lan.jpg,Referencia publica literal desde 1 pagina(s) ['PRODUCT_PAGE']; el propietario final de esas paginas aun no esta decidido.
media,asset:images/lan7.jpg,Uso documental no equivale a aprobación de propósito/identidad de medios.,R09_MEDIA_OWNER_PENDING,STRONG,KEEP_REVIEW,R-M04b,MEDIUM,D02,media-usage-evidence.csv PUBLIC_SOURCE pages=['lan-7-sistema-de-mando-de-proximidad-de-tarjetas-con-tecnologia-transponder.php'] (1) path=images/lan7.jpg,Referencia publica literal desde 1 pagina(s) ['PRODUCT_PAGE']; el propietario final de esas paginas aun no esta decidido.
media,asset:images/lazo.jpg,Uso documental no equivale a aprobación de propósito/identidad de medios.,R09_MEDIA_OWNER_PENDING,STRONG,KEEP_REVIEW,R-M04b,MEDIUM,D02,media-usage-evidence.csv PUBLIC_SOURCE pages=['lab-9-detectores-de-volumen-de-metal-loop.php'] (1) path=images/lazo.jpg,Referencia publica literal desde 1 pagina(s) ['PRODUCT_PAGE']; el propietario final de esas paginas aun no esta decidido.
media,asset:images/lift-master.png,Uso documental no equivale a aprobación de propósito/identidad de medios.,R09_MEDIA_OWNER_PENDING,CONFIRMED,MIGRATE,R-M05,LOW,,media-usage-evidence.csv brand=['11'] path=images/lift-master.png,Imagen/logo de brand con relacion explicita a un termino aprobado.
media,asset:images/lift.jpg,Uso documental no equivale a aprobación de propósito/identidad de medios.,R09_MEDIA_OWNER_PENDING,STRONG,KEEP_REVIEW,R-M04b,MEDIUM,D02,"media-usage-evidence.csv PUBLIC_SOURCE pages=['industrial.php', 'lift-master-mod-h.php', 'lift-master.php'] (5) path=images/lift.jpg","Referencia publica literal desde 5 pagina(s) ['BRAND_PAGE', 'CATEGORY_PAGE', 'PRODUCT_PAGE']; el propietario final de esas paginas aun no esta decidido."
media,asset:images/lin2.jpg,Uso documental no equivale a aprobación de propósito/identidad de medios.,R09_MEDIA_OWNER_PENDING,STRONG,KEEP_REVIEW,R-M04b,MEDIUM,D02,media-usage-evidence.csv PUBLIC_SOURCE pages=['lab-4-fotocelulas-de-rayos-infrarrojos.php'] (1) path=images/lin2.jpg,Referencia publica literal desde 1 pagina(s) ['PRODUCT_PAGE']; el propietario final de esas paginas aun no esta decidido.
media,asset:images/liso_rayas.png,Uso documental no equivale a aprobación de propósito/identidad de medios.,R09_MEDIA_OWNER_PENDING,STRONG,KEEP_REVIEW,R-M04b,MEDIUM,D02,media-usage-evidence.csv PUBLIC_SOURCE pages=['coleccion-modern-steel.php'] (1) path=images/liso_rayas.png,Referencia publica literal desde 1 pagina(s) ['PRODUCT_PAGE']; el propietario final de esas paginas aun no esta decidido.
media,asset:images/logo-black-big.png,Uso documental no equivale a aprobación de propósito/identidad de medios.,R12_MEDIA_PURPOSE_UNPROVEN,NONE,KEEP_REVIEW,R-M07,MEDIUM,D09,media-master.csv:images/logo-black-big.png usage=IMAGE_APPARENTLY_UNUSED direct_refs=0,Sin relacion con entidad SQL y sin referencia publica atribuible. Ausencia de referencia NO demuestra orfandad (D09): se conserva en REVIEW.
media,asset:images/logo-black-big@2x.png,Uso documental no equivale a aprobación de propósito/identidad de medios.,R09_MEDIA_OWNER_PENDING,STRONG,KEEP_REVIEW,R-M04b,MEDIUM,D02,media-usage-evidence.csv PUBLIC_SOURCE pages=['header.php'] (1) path=images/logo-black-big@2x.png,Referencia publica literal desde 1 pagina(s) ['LEGACY_INTERNAL']; el propietario final de esas paginas aun no esta decidido.
media,asset:images/logo-walmart.svg,Uso documental no equivale a aprobación de propósito/identidad de medios.,R13_MEDIA_TYPE_UNSUPPORTED,MODERATE,KEEP_REVIEW,R-M06,MEDIUM,,all-review.csv media_validation=REVIEW_TYPE_LIMIT_OR_HASH; detected_type=image/svg+xml,Tipo/limite/hash fuera de la politica del importador; requiere revision tecnica.
media,asset:images/logo-white.png,Uso documental no equivale a aprobación de propósito/identidad de medios.,R12_MEDIA_PURPOSE_UNPROVEN,NONE,KEEP_REVIEW,R-M07,MEDIUM,D09,media-master.csv:images/logo-white.png usage=IMAGE_APPARENTLY_UNUSED direct_refs=0,Sin relacion con entidad SQL y sin referencia publica atribuible. Ausencia de referencia NO demuestra orfandad (D09): se conserva en REVIEW.
media,asset:images/logo-white@2x.png,Uso documental no equivale a aprobación de propósito/identidad de medios.,R09_MEDIA_OWNER_PENDING,STRONG,KEEP_REVIEW,R-M04b,MEDIUM,D02,"media-usage-evidence.csv PUBLIC_SOURCE pages=['footer.php', 'header.php'] (2) path=images/logo-white@2x.png",Referencia publica literal desde 2 pagina(s) ['LEGACY_INTERNAL']; el propietario final de esas paginas aun no esta decidido.
media,asset:images/louver.jpg,Uso documental no equivale a aprobación de propósito/identidad de medios.,R12_MEDIA_PURPOSE_UNPROVEN,NONE,KEEP_REVIEW,R-M07,MEDIUM,D09,media-master.csv:images/louver.jpg usage=IMAGE_APPARENTLY_UNUSED direct_refs=0,Sin relacion con entidad SQL y sin referencia publica atribuible. Ausencia de referencia NO demuestra orfandad (D09): se conserva en REVIEW.
media,asset:images/louver1.png,Uso documental no equivale a aprobación de propósito/identidad de medios.,R09_MEDIA_OWNER_PENDING,STRONG,KEEP_REVIEW,R-M04b,MEDIUM,D02,media-usage-evidence.csv PUBLIC_SOURCE pages=['puerta-y-fijos-louver.php'] (1) path=images/louver1.png,Referencia publica literal desde 1 pagina(s) ['PRODUCT_PAGE']; el propietario final de esas paginas aun no esta decidido.
media,asset:images/louver2.png,Uso documental no equivale a aprobación de propósito/identidad de medios.,R09_MEDIA_OWNER_PENDING,STRONG,KEEP_REVIEW,R-M04b,MEDIUM,D02,media-usage-evidence.csv PUBLIC_SOURCE pages=['puerta-y-fijos-louver.php'] (1) path=images/louver2.png,Referencia publica literal desde 1 pagina(s) ['PRODUCT_PAGE']; el propietario final de esas paginas aun no esta decidido.
media,asset:images/lux.png,Uso documental no equivale a aprobación de propósito/identidad de medios.,R12_MEDIA_PURPOSE_UNPROVEN,NONE,KEEP_REVIEW,R-M07,MEDIUM,D09,media-master.csv:images/lux.png usage=IMAGE_APPARENTLY_UNUSED direct_refs=0,Sin relacion con entidad SQL y sin referencia publica atribuible. Ausencia de referencia NO demuestra orfandad (D09): se conserva en REVIEW.
media,asset:images/lux2b.jpg,Uso documental no equivale a aprobación de propósito/identidad de medios.,R09_MEDIA_OWNER_PENDING,STRONG,KEEP_REVIEW,R-M04b,MEDIUM,D02,"media-usage-evidence.csv PUBLIC_SOURCE pages=['bft-resp.php', 'bft.php', 'blue-giant.php'] (6) path=images/lux2b.jpg","Referencia publica literal desde 6 pagina(s) ['BRAND_PAGE', 'CATEGORY_PAGE', 'PRODUCT_PAGE']; el propietario final de esas paginas aun no esta decidido."
media,asset:images/m-2415.jpg,Uso documental no equivale a aprobación de propósito/identidad de medios.,R09_MEDIA_OWNER_PENDING,STRONG,KEEP_REVIEW,R-M04b,MEDIUM,D02,media-usage-evidence.csv PUBLIC_SOURCE pages=['puertas-seccionales-industriales.php'] (1) path=images/m-2415.jpg,Referencia publica literal desde 1 pagina(s) ['CATEGORY_PAGE']; el propietario final de esas paginas aun no esta decidido.
media,asset:images/m2415.jpg,Uso documental no equivale a aprobación de propósito/identidad de medios.,R09_MEDIA_OWNER_PENDING,STRONG,KEEP_REVIEW,R-M04b,MEDIUM,D02,media-usage-evidence.csv PUBLIC_SOURCE pages=['wayne-dalton.php'] (1) path=images/m2415.jpg,Referencia publica literal desde 1 pagina(s) ['BRAND_PAGE']; el propietario final de esas paginas aun no esta decidido.
media,asset:images/magic.png,Uso documental no equivale a aprobación de propósito/identidad de medios.,R12_MEDIA_PURPOSE_UNPROVEN,NONE,KEEP_REVIEW,R-M07,MEDIUM,D09,media-master.csv:images/magic.png usage=IMAGE_APPARENTLY_UNUSED direct_refs=0,Sin relacion con entidad SQL y sin referencia publica atribuible. Ausencia de referencia NO demuestra orfandad (D09): se conserva en REVIEW.
media,asset:images/marcas.png,Uso documental no equivale a aprobación de propósito/identidad de medios.,R09_MEDIA_OWNER_PENDING,STRONG,KEEP_REVIEW,R-M04b,MEDIUM,D02,media-usage-evidence.csv PUBLIC_SOURCE pages=['soluciones.php'] (1) path=images/marcas.png,Referencia publica literal desde 1 pagina(s) ['CATEGORY_PAGE']; el propietario final de esas paginas aun no esta decidido.
media,asset:images/max.png,Uso documental no equivale a aprobación de propósito/identidad de medios.,R12_MEDIA_PURPOSE_UNPROVEN,NONE,KEEP_REVIEW,R-M07,MEDIUM,D09,media-master.csv:images/max.png usage=IMAGE_APPARENTLY_UNUSED direct_refs=0,Sin relacion con entidad SQL y sin referencia publica atribuible. Ausencia de referencia NO demuestra orfandad (D09): se conserva en REVIEW.
media,asset:images/mc.png,Uso documental no equivale a aprobación de propósito/identidad de medios.,R12_MEDIA_PURPOSE_UNPROVEN,NONE,KEEP_REVIEW,R-M07,MEDIUM,D09,media-master.csv:images/mc.png usage=IMAGE_APPARENTLY_UNUSED direct_refs=0,Sin relacion con entidad SQL y sin referencia publica atribuible. Ausencia de referencia NO demuestra orfandad (D09): se conserva en REVIEW.
media,asset:images/minidock.png,Uso documental no equivale a aprobación de propósito/identidad de medios.,R09_MEDIA_OWNER_PENDING,STRONG,KEEP_REVIEW,R-M04b,MEDIUM,D02,media-usage-evidence.csv PUBLIC_SOURCE pages=['labio-de-elevacion-mecanico-dockman.php'] (1) path=images/minidock.png,Referencia publica literal desde 1 pagina(s) ['PRODUCT_PAGE']; el propietario final de esas paginas aun no esta decidido.
media,asset:images/model-426-white-finish-insulated.jpg,Uso documental no equivale a aprobación de propósito/identidad de medios.,R09_MEDIA_OWNER_PENDING,STRONG,KEEP_REVIEW,R-M04b,MEDIUM,D02,"media-usage-evidence.csv PUBLIC_SOURCE pages=['puertas-seccionales-de-acero-perfiles-426.php', 'puertas-seccionales-industriales.php'] (2) path=images/model-426-white-finish-insulated.jpg","Referencia publica literal desde 2 pagina(s) ['CATEGORY_PAGE', 'PRODUCT_PAGE']; el propietario final de esas paginas aun no esta decidido."
media,asset:images/modelo150.png,Uso documental no equivale a aprobación de propósito/identidad de medios.,R12_MEDIA_PURPOSE_UNPROVEN,NONE,KEEP_REVIEW,R-M07,MEDIUM,D09,media-master.csv:images/modelo150.png usage=IMAGE_APPARENTLY_UNUSED direct_refs=0,Sin relacion con entidad SQL y sin referencia publica atribuible. Ausencia de referencia NO demuestra orfandad (D09): se conserva en REVIEW.
media,asset:images/modelos.jpg,Uso documental no equivale a aprobación de propósito/identidad de medios.,R09_MEDIA_OWNER_PENDING,STRONG,KEEP_REVIEW,R-M04b,MEDIUM,D02,media-usage-evidence.csv PUBLIC_SOURCE pages=['puertas-seccionales-industriales.php'] (1) path=images/modelos.jpg,Referencia publica literal desde 1 pagina(s) ['CATEGORY_PAGE']; el propietario final de esas paginas aun no esta decidido.
media,asset:images/modern-steel-1.png,Uso documental no equivale a aprobación de propósito/identidad de medios.,R09_MEDIA_OWNER_PENDING,STRONG,KEEP_REVIEW,R-M04b,MEDIUM,D02,media-usage-evidence.csv PUBLIC_SOURCE pages=['coleccion-modern-steel.php'] (1) path=images/modern-steel-1.png,Referencia publica literal desde 1 pagina(s) ['PRODUCT_PAGE']; el propietario final de esas paginas aun no esta decidido.
media,asset:images/modern-steel-2.png,Uso documental no equivale a aprobación de propósito/identidad de medios.,R09_MEDIA_OWNER_PENDING,STRONG,KEEP_REVIEW,R-M04b,MEDIUM,D02,media-usage-evidence.csv PUBLIC_SOURCE pages=['coleccion-modern-steel.php'] (1) path=images/modern-steel-2.png,Referencia publica literal desde 1 pagina(s) ['PRODUCT_PAGE']; el propietario final de esas paginas aun no esta decidido.
media,asset:images/moovi50rm.png,Uso documental no equivale a aprobación de propósito/identidad de medios.,R09_MEDIA_OWNER_PENDING,STRONG,KEEP_REVIEW,R-M04b,MEDIUM,D02,"media-usage-evidence.csv PUBLIC_SOURCE pages=['barreras-estacionamiento-moovi50rm.php', 'bft-resp.php', 'bft.php'] (7) path=images/moovi50rm.png","Referencia publica literal desde 7 pagina(s) ['BRAND_PAGE', 'CATEGORY_PAGE', 'PRODUCT_PAGE']; el propietario final de esas paginas aun no esta decidido."
media,asset:images/M_DockLeveler.png,Uso documental no equivale a aprobación de propósito/identidad de medios.,R09_MEDIA_OWNER_PENDING,STRONG,KEEP_REVIEW,R-M04b,MEDIUM,D02,media-usage-evidence.csv PUBLIC_SOURCE pages=['rampa-niveladora-mecanica-blue-giant.php'] (1) path=images/M_DockLeveler.png,Referencia publica literal desde 1 pagina(s) ['PRODUCT_PAGE']; el propietario final de esas paginas aun no esta decidido.
media,asset:images/M_DockLeveler_300px.png,Uso documental no equivale a aprobación de propósito/identidad de medios.,R09_MEDIA_OWNER_PENDING,STRONG,KEEP_REVIEW,R-M04b,MEDIUM,D02,"media-usage-evidence.csv PUBLIC_SOURCE pages=['blue-giant.php', 'rampa-niveladora.php'] (2) path=images/M_DockLeveler_300px.png","Referencia publica literal desde 2 pagina(s) ['BRAND_PAGE', 'CATEGORY_PAGE']; el propietario final de esas paginas aun no esta decidido."
media,asset:images/obbi.jpg,Uso documental no equivale a aprobación de propósito/identidad de medios.,R12_MEDIA_PURPOSE_UNPROVEN,NONE,KEEP_REVIEW,R-M07,MEDIUM,D09,media-master.csv:images/obbi.jpg usage=IMAGE_APPARENTLY_UNUSED direct_refs=0,Sin relacion con entidad SQL y sin referencia publica atribuible. Ausencia de referencia NO demuestra orfandad (D09): se conserva en REVIEW.
media,asset:images/ocx.jpg,Uso documental no equivale a aprobación de propósito/identidad de medios.,R09_MEDIA_OWNER_PENDING,STRONG,KEEP_REVIEW,R-M04b,MEDIUM,D02,"media-usage-evidence.csv PUBLIC_SOURCE pages=['operadores-para-puertas-de-mostrador-cdo.php', 'operadores-puertas-seccionales-cortinas.php'] (2) path=images/ocx.jpg","Referencia publica literal desde 2 pagina(s) ['CATEGORY_PAGE', 'PRODUCT_PAGE']; el propietario final de esas paginas aun no esta decidido."
media,asset:images/operadores.jpg,Uso documental no equivale a aprobación de propósito/identidad de medios.,R09_MEDIA_OWNER_PENDING,STRONG,KEEP_REVIEW,R-M04b,MEDIUM,D02,"media-usage-evidence.csv PUBLIC_SOURCE pages=['residencial.php', 'soluciones.php'] (2) path=images/operadores.jpg",Referencia publica literal desde 2 pagina(s) ['CATEGORY_PAGE']; el propietario final de esas paginas aun no esta decidido.
media,asset:images/p4.png,Uso documental no equivale a aprobación de propósito/identidad de medios.,R09_MEDIA_OWNER_PENDING,STRONG,KEEP_REVIEW,R-M04b,MEDIUM,D02,media-usage-evidence.csv PUBLIC_SOURCE pages=['p45-7-piston-hidraulico-para-puerta-abatible.php'] (1) path=images/p4.png,Referencia publica literal desde 1 pagina(s) ['PRODUCT_PAGE']; el propietario final de esas paginas aun no esta decidido.
media,asset:images/p457.jpg,Uso documental no equivale a aprobación de propósito/identidad de medios.,R09_MEDIA_OWNER_PENDING,STRONG,KEEP_REVIEW,R-M04b,MEDIUM,D02,"media-usage-evidence.csv PUBLIC_SOURCE pages=['bft-resp.php', 'bft.php', 'blue-giant.php'] (6) path=images/p457.jpg","Referencia publica literal desde 6 pagina(s) ['BRAND_PAGE', 'CATEGORY_PAGE', 'PRODUCT_PAGE']; el propietario final de esas paginas aun no esta decidido."
media,asset:images/pas.jpg,Uso documental no equivale a aprobación de propósito/identidad de medios.,R09_MEDIA_OWNER_PENDING,STRONG,KEEP_REVIEW,R-M04b,MEDIUM,D02,media-usage-evidence.csv PUBLIC_SOURCE pages=['pas-sensores-volumetricos.php'] (1) path=images/pas.jpg,Referencia publica literal desde 1 pagina(s) ['PRODUCT_PAGE']; el propietario final de esas paginas aun no esta decidido.
media,asset:images/peatonales.jpg,Uso documental no equivale a aprobación de propósito/identidad de medios.,R12_MEDIA_PURPOSE_UNPROVEN,NONE,KEEP_REVIEW,R-M07,MEDIUM,D09,media-master.csv:images/peatonales.jpg usage=IMAGE_APPARENTLY_UNUSED direct_refs=0,Sin relacion con entidad SQL y sin referencia publica atribuible. Ausencia de referencia NO demuestra orfandad (D09): se conserva en REVIEW.
media,asset:images/persax.png,Uso documental no equivale a aprobación de propósito/identidad de medios.,R12_MEDIA_PURPOSE_UNPROVEN,NONE,KEEP_REVIEW,R-M07,MEDIUM,D09,media-master.csv:images/persax.png usage=IMAGE_APPARENTLY_UNUSED direct_refs=0,Sin relacion con entidad SQL y sin referencia publica atribuible. Ausencia de referencia NO demuestra orfandad (D09): se conserva en REVIEW.
media,asset:images/persianas.jpg,Uso documental no equivale a aprobación de propósito/identidad de medios.,R12_MEDIA_PURPOSE_UNPROVEN,NONE,KEEP_REVIEW,R-M07,MEDIUM,D09,media-master.csv:images/persianas.jpg usage=IMAGE_APPARENTLY_UNUSED direct_refs=0,Sin relacion con entidad SQL y sin referencia publica atribuible. Ausencia de referencia NO demuestra orfandad (D09): se conserva en REVIEW.
media,asset:images/phob.png,Uso documental no equivale a aprobación de propósito/identidad de medios.,R09_MEDIA_OWNER_PENDING,STRONG,KEEP_REVIEW,R-M04b,MEDIUM,D02,"media-usage-evidence.csv PUBLIC_SOURCE pages=['lux-2b-y-lux-gv-piston-hidraulico-para-puerta-abatible.php', 'phobos-n-piston-electromecanico.php'] (2) path=images/phob.png",Referencia publica literal desde 2 pagina(s) ['PRODUCT_PAGE']; el propietario final de esas paginas aun no esta decidido.
media,asset:images/phobos-piston.jpg,Uso documental no equivale a aprobación de propósito/identidad de medios.,R09_MEDIA_OWNER_PENDING,STRONG,KEEP_REVIEW,R-M04b,MEDIUM,D02,"media-usage-evidence.csv PUBLIC_SOURCE pages=['bft-resp.php', 'bft.php', 'blue-giant.php'] (5) path=images/phobos-piston.jpg","Referencia publica literal desde 5 pagina(s) ['BRAND_PAGE', 'CATEGORY_PAGE', 'PRODUCT_PAGE']; el propietario final de esas paginas aun no esta decidido."
media,asset:images/porte-rapide-vertigo-500x500.jpg,Uso documental no equivale a aprobación de propósito/identidad de medios.,R09_MEDIA_OWNER_PENDING,STRONG,KEEP_REVIEW,R-M04b,MEDIUM,D02,"media-usage-evidence.csv PUBLIC_SOURCE pages=['cortinas-enrollables-industriales.php', 'glg-porte-industriali.php', 'vertigo.php'] (3) path=images/porte-rapide-vertigo-500x500.jpg","Referencia publica literal desde 3 pagina(s) ['BRAND_PAGE', 'CATEGORY_PAGE', 'PRODUCT_PAGE']; el propietario final de esas paginas aun no esta decidido."
media,asset:images/preda.jpg,Uso documental no equivale a aprobación de propósito/identidad de medios.,R09_MEDIA_OWNER_PENDING,STRONG,KEEP_REVIEW,R-M04b,MEDIUM,D02,"media-usage-evidence.csv PUBLIC_SOURCE pages=['industrial.php', 'predadoor-nxt-door.php', 'puertas-rapidas.php'] (3) path=images/preda.jpg","Referencia publica literal desde 3 pagina(s) ['CATEGORY_PAGE', 'PRODUCT_PAGE']; el propietario final de esas paginas aun no esta decidido."
media,asset:images/PredaDoor-NXT-Door-1.jpg,Uso documental no equivale a aprobación de propósito/identidad de medios.,R09_MEDIA_OWNER_PENDING,STRONG,KEEP_REVIEW,R-M04b,MEDIUM,D02,media-usage-evidence.csv PUBLIC_SOURCE pages=['rytec.php'] (1) path=images/PredaDoor-NXT-Door-1.jpg,Referencia publica literal desde 1 pagina(s) ['BRAND_PAGE']; el propietario final de esas paginas aun no esta decidido.
media,asset:images/proy1.jpg,Uso documental no equivale a aprobación de propósito/identidad de medios.,R09_MEDIA_OWNER_PENDING,CONFIRMED,MIGRATE,R-M04,LOW,,"media-usage-evidence.csv PUBLIC_SOURCE pages=['index-resp.php', 'puertas-seccionales-industriales.php'] path=images/proy1.jpg",Referenciada literalmente por una Page editorial aprobada (R-G02).
media,asset:images/proy2.jpg,Uso documental no equivale a aprobación de propósito/identidad de medios.,R09_MEDIA_OWNER_PENDING,CONFIRMED,MIGRATE,R-M04,LOW,,"media-usage-evidence.csv PUBLIC_SOURCE pages=['index-resp.php', 'puertas-de-garaje-aisladas.php', 'puertasresidenciales.php'] path=images/proy2.jpg",Referenciada literalmente por una Page editorial aprobada (R-G02).
media,asset:images/proy3.jpg,Uso documental no equivale a aprobación de propósito/identidad de medios.,R09_MEDIA_OWNER_PENDING,CONFIRMED,MIGRATE,R-M04,LOW,,media-usage-evidence.csv PUBLIC_SOURCE pages=['index-resp.php'] path=images/proy3.jpg,Referenciada literalmente por una Page editorial aprobada (R-G02).
media,asset:images/proy4.jpg,Uso documental no equivale a aprobación de propósito/identidad de medios.,R09_MEDIA_OWNER_PENDING,CONFIRMED,MIGRATE,R-M04,LOW,,"media-usage-evidence.csv PUBLIC_SOURCE pages=['index-resp.php', 'puertas-residenciales.php'] path=images/proy4.jpg",Referenciada literalmente por una Page editorial aprobada (R-G02).
media,asset:images/proy5.jpg,Uso documental no equivale a aprobación de propósito/identidad de medios.,R09_MEDIA_OWNER_PENDING,CONFIRMED,MIGRATE,R-M04,LOW,,"media-usage-evidence.csv PUBLIC_SOURCE pages=['index-resp.php', 'puertas-residenciales.php'] path=images/proy5.jpg",Referenciada literalmente por una Page editorial aprobada (R-G02).
media,asset:images/proy6.jpg,Uso documental no equivale a aprobación de propósito/identidad de medios.,R09_MEDIA_OWNER_PENDING,CONFIRMED,MIGRATE,R-M04,LOW,,media-usage-evidence.csv PUBLIC_SOURCE pages=['index-resp.php'] path=images/proy6.jpg,Referenciada literalmente por una Page editorial aprobada (R-G02).
media,asset:images/puerta-418.jpg,Uso documental no equivale a aprobación de propósito/identidad de medios.,R09_MEDIA_OWNER_PENDING,STRONG,KEEP_REVIEW,R-M04b,MEDIUM,D02,"media-usage-evidence.csv PUBLIC_SOURCE pages=['puerta-seccional-de-acero-perfiles-418.php', 'puertas-seccionales-industriales.php'] (2) path=images/puerta-418.jpg","Referencia publica literal desde 2 pagina(s) ['CATEGORY_PAGE', 'PRODUCT_PAGE']; el propietario final de esas paginas aun no esta decidido."
media,asset:images/puerta-418t.png,Uso documental no equivale a aprobación de propósito/identidad de medios.,R09_MEDIA_OWNER_PENDING,STRONG,KEEP_REVIEW,R-M04b,MEDIUM,D02,media-usage-evidence.csv PUBLIC_SOURCE pages=['puerta-seccional-de-acero-perfiles-418.php'] (1) path=images/puerta-418t.png,Referencia publica literal desde 1 pagina(s) ['PRODUCT_PAGE']; el propietario final de esas paginas aun no esta decidido.
media,asset:images/puerta-420i.png,Uso documental no equivale a aprobación de propósito/identidad de medios.,R12_MEDIA_PURPOSE_UNPROVEN,NONE,KEEP_REVIEW,R-M07,MEDIUM,D09,media-master.csv:images/puerta-420i.png usage=IMAGE_APPARENTLY_UNUSED direct_refs=0,Sin relacion con entidad SQL y sin referencia publica atribuible. Ausencia de referencia NO demuestra orfandad (D09): se conserva en REVIEW.
media,asset:images/puerta-422.jpg,Uso documental no equivale a aprobación de propósito/identidad de medios.,R12_MEDIA_PURPOSE_UNPROVEN,NONE,KEEP_REVIEW,R-M07,MEDIUM,D09,media-master.csv:images/puerta-422.jpg usage=IMAGE_APPARENTLY_UNUSED direct_refs=0,Sin relacion con entidad SQL y sin referencia publica atribuible. Ausencia de referencia NO demuestra orfandad (D09): se conserva en REVIEW.
media,asset:images/puerta-422t.png,Uso documental no equivale a aprobación de propósito/identidad de medios.,R09_MEDIA_OWNER_PENDING,STRONG,KEEP_REVIEW,R-M04b,MEDIUM,D02,"media-usage-evidence.csv PUBLIC_SOURCE pages=['puerta-seccionabl-acero-perfiles-422-uso-pesado.php', 'puerta-seccional-de-acero-perfiles-432-uso-medio.php'] (2) path=images/puerta-422t.png",Referencia publica literal desde 2 pagina(s) ['PRODUCT_PAGE']; el propietario final de esas paginas aun no esta decidido.
media,asset:images/puerta-430.jpg,Uso documental no equivale a aprobación de propósito/identidad de medios.,R09_MEDIA_OWNER_PENDING,STRONG,KEEP_REVIEW,R-M04b,MEDIUM,D02,"media-usage-evidence.csv PUBLIC_SOURCE pages=['puert-seccional-de-acero-sin-aislamiento-430-uso-medio.php', 'puertas-seccionales-industriales.php'] (2) path=images/puerta-430.jpg","Referencia publica literal desde 2 pagina(s) ['CATEGORY_PAGE', 'PRODUCT_PAGE']; el propietario final de esas paginas aun no esta decidido."
media,asset:images/puerta-430t.png,Uso documental no equivale a aprobación de propósito/identidad de medios.,R09_MEDIA_OWNER_PENDING,STRONG,KEEP_REVIEW,R-M04b,MEDIUM,D02,media-usage-evidence.csv PUBLIC_SOURCE pages=['puert-seccional-de-acero-sin-aislamiento-430-uso-medio.php'] (1) path=images/puerta-430t.png,Referencia publica literal desde 1 pagina(s) ['PRODUCT_PAGE']; el propietario final de esas paginas aun no esta decidido.
media,asset:images/puerta-432.png,Uso documental no equivale a aprobación de propósito/identidad de medios.,R09_MEDIA_OWNER_PENDING,STRONG,KEEP_REVIEW,R-M04b,MEDIUM,D02,media-usage-evidence.csv PUBLIC_SOURCE pages=['puertas-seccionales-de-acero-perfiles-426.php'] (1) path=images/puerta-432.png,Referencia publica literal desde 1 pagina(s) ['PRODUCT_PAGE']; el propietario final de esas paginas aun no esta decidido.
media,asset:images/puerta-521.jpg,Uso documental no equivale a aprobación de propósito/identidad de medios.,R09_MEDIA_OWNER_PENDING,STRONG,KEEP_REVIEW,R-M04b,MEDIUM,D02,"media-usage-evidence.csv PUBLIC_SOURCE pages=['puertas-seccionales-de-aluminio-521.php', 'puertas-seccionales-industriales.php'] (2) path=images/puerta-521.jpg","Referencia publica literal desde 2 pagina(s) ['CATEGORY_PAGE', 'PRODUCT_PAGE']; el propietario final de esas paginas aun no esta decidido."
media,asset:images/puerta-521t.jpg,Uso documental no equivale a aprobación de propósito/identidad de medios.,R09_MEDIA_OWNER_PENDING,STRONG,KEEP_REVIEW,R-M04b,MEDIUM,D02,media-usage-evidence.csv PUBLIC_SOURCE pages=['puertas-seccionales-de-aluminio-521.php'] (1) path=images/puerta-521t.jpg,Referencia publica literal desde 1 pagina(s) ['PRODUCT_PAGE']; el propietario final de esas paginas aun no esta decidido.
media,asset:images/Puerta-contra-incendio.jpg,Uso documental no equivale a aprobación de propósito/identidad de medios.,R09_MEDIA_OWNER_PENDING,STRONG,KEEP_REVIEW,R-M04b,MEDIUM,D02,"media-usage-evidence.csv PUBLIC_SOURCE pages=['centros-comerciales.php', 'contra-incendio.php', 'doorlock.php'] (6) path=images/Puerta-contra-incendio.jpg","Referencia publica literal desde 6 pagina(s) ['BRAND_PAGE', 'CATEGORY_PAGE', 'PRODUCT_PAGE']; el propietario final de esas paginas aun no esta decidido."
media,asset:images/puerta-holandesa.jpg,Uso documental no equivale a aprobación de propósito/identidad de medios.,R09_MEDIA_OWNER_PENDING,STRONG,KEEP_REVIEW,R-M04b,MEDIUM,D02,"media-usage-evidence.csv PUBLIC_SOURCE pages=['centros-comerciales.php', 'doorlock.php', 'puerta-holandesa.php'] (6) path=images/puerta-holandesa.jpg","Referencia publica literal desde 6 pagina(s) ['BRAND_PAGE', 'CATEGORY_PAGE', 'PRODUCT_PAGE']; el propietario final de esas paginas aun no esta decidido."
media,asset:images/puerta-infraca.jpg,Uso documental no equivale a aprobación de propósito/identidad de medios.,R09_MEDIA_OWNER_PENDING,STRONG,KEEP_REVIEW,R-M04b,MEDIUM,D02,media-usage-evidence.csv PUBLIC_SOURCE pages=['rapida-enrollable-industrial.php'] (1) path=images/puerta-infraca.jpg,Referencia publica literal desde 1 pagina(s) ['PRODUCT_PAGE']; el propietario final de esas paginas aun no esta decidido.
media,asset:images/puerta-infraca02.jpg,Uso documental no equivale a aprobación de propósito/identidad de medios.,R09_MEDIA_OWNER_PENDING,STRONG,KEEP_REVIEW,R-M04b,MEDIUM,D02,media-usage-evidence.csv PUBLIC_SOURCE pages=['rapida-enrollable-industrial.php'] (1) path=images/puerta-infraca02.jpg,Referencia publica literal desde 1 pagina(s) ['PRODUCT_PAGE']; el propietario final de esas paginas aun no esta decidido.
media,asset:images/puerta-infraca1.jpg,Uso documental no equivale a aprobación de propósito/identidad de medios.,R09_MEDIA_OWNER_PENDING,STRONG,KEEP_REVIEW,R-M04b,MEDIUM,D02,media-usage-evidence.csv PUBLIC_SOURCE pages=['puertas-rapidas.php'] (1) path=images/puerta-infraca1.jpg,Referencia publica literal desde 1 pagina(s) ['CATEGORY_PAGE']; el propietario final de esas paginas aun no esta decidido.
media,asset:images/puerta-metalica-blindada-1.jpg,Uso documental no equivale a aprobación de propósito/identidad de medios.,R12_MEDIA_PURPOSE_UNPROVEN,NONE,KEEP_REVIEW,R-M07,MEDIUM,D09,media-master.csv:images/puerta-metalica-blindada-1.jpg usage=IMAGE_APPARENTLY_UNUSED direct_refs=0,Sin relacion con entidad SQL y sin referencia publica atribuible. Ausencia de referencia NO demuestra orfandad (D09): se conserva en REVIEW.
media,asset:images/puerta-metalica-hospital.jpg,Uso documental no equivale a aprobación de propósito/identidad de medios.,R09_MEDIA_OWNER_PENDING,CONFIRMED,MIGRATE,R-M04,LOW,,"media-usage-evidence.csv PUBLIC_SOURCE pages=['index-estatico.php', 'index.php'] path=images/puerta-metalica-hospital.jpg",Referenciada literalmente por una Page editorial aprobada (R-G02).
media,asset:images/puerta-metalica-hospital.png,Uso documental no equivale a aprobación de propósito/identidad de medios.,R09_MEDIA_OWNER_PENDING,STRONG,KEEP_REVIEW,R-M04b,MEDIUM,D02,"media-usage-evidence.csv PUBLIC_SOURCE pages=['doorlock.php', 'puerta-para-hospital.php', 'puertas-peatonales-hospitales.php'] (3) path=images/puerta-metalica-hospital.png","Referencia publica literal desde 3 pagina(s) ['BRAND_PAGE', 'CATEGORY_PAGE', 'PRODUCT_PAGE']; el propietario final de esas paginas aun no esta decidido."
media,asset:images/puerta-metalica-louver.jpg,Uso documental no equivale a aprobación de propósito/identidad de medios.,R12_MEDIA_PURPOSE_UNPROVEN,NONE,KEEP_REVIEW,R-M07,MEDIUM,D09,media-master.csv:images/puerta-metalica-louver.jpg usage=IMAGE_APPARENTLY_UNUSED direct_refs=0,Sin relacion con entidad SQL y sin referencia publica atribuible. Ausencia de referencia NO demuestra orfandad (D09): se conserva en REVIEW.
media,asset:images/puerta-metalica-louver.png,Uso documental no equivale a aprobación de propósito/identidad de medios.,R09_MEDIA_OWNER_PENDING,STRONG,KEEP_REVIEW,R-M04b,MEDIUM,D02,"media-usage-evidence.csv PUBLIC_SOURCE pages=['centros-comerciales.php', 'doorlock.php', 'puertas-salida-emergencia.php'] (4) path=images/puerta-metalica-louver.png","Referencia publica literal desde 4 pagina(s) ['BRAND_PAGE', 'CATEGORY_PAGE']; el propietario final de esas paginas aun no esta decidido."
media,asset:images/puerta-standard-lift.jpg,Uso documental no equivale a aprobación de propósito/identidad de medios.,R09_MEDIA_OWNER_PENDING,STRONG,KEEP_REVIEW,R-M04b,MEDIUM,D02,"media-usage-evidence.csv PUBLIC_SOURCE pages=['dockman.php', 'puertas-seccionales-industriales.php'] (2) path=images/puerta-standard-lift.jpg","Referencia publica literal desde 2 pagina(s) ['BRAND_PAGE', 'CATEGORY_PAGE']; el propietario final de esas paginas aun no esta decidido."
media,asset:images/puerta432.jpg,Uso documental no equivale a aprobación de propósito/identidad de medios.,R09_MEDIA_OWNER_PENDING,STRONG,KEEP_REVIEW,R-M04b,MEDIUM,D02,"media-usage-evidence.csv PUBLIC_SOURCE pages=['puerta-seccional-de-acero-perfiles-432-uso-medio.php', 'puertas-seccionales-industriales.php', 'soluciones.php'] (3) path=images/puerta432.jpg","Referencia publica literal desde 3 pagina(s) ['CATEGORY_PAGE', 'PRODUCT_PAGE']; el propietario final de esas paginas aun no esta decidido."
media,asset:images/puerta432t.png,Uso documental no equivale a aprobación de propósito/identidad de medios.,R12_MEDIA_PURPOSE_UNPROVEN,NONE,KEEP_REVIEW,R-M07,MEDIUM,D09,media-master.csv:images/puerta432t.png usage=IMAGE_APPARENTLY_UNUSED direct_refs=0,Sin relacion con entidad SQL y sin referencia publica atribuible. Ausencia de referencia NO demuestra orfandad (D09): se conserva en REVIEW.
media,asset:images/puerta593.jpg,Uso documental no equivale a aprobación de propósito/identidad de medios.,R09_MEDIA_OWNER_PENDING,STRONG,KEEP_REVIEW,R-M04b,MEDIUM,D02,"media-usage-evidence.csv PUBLIC_SOURCE pages=['puerta-seccional-de-acero-thermacore-593-uso-medio.php', 'puertas-seccionales-industriales.php'] (2) path=images/puerta593.jpg","Referencia publica literal desde 2 pagina(s) ['CATEGORY_PAGE', 'PRODUCT_PAGE']; el propietario final de esas paginas aun no esta decidido."
media,asset:images/puerta593t.png,Uso documental no equivale a aprobación de propósito/identidad de medios.,R09_MEDIA_OWNER_PENDING,STRONG,KEEP_REVIEW,R-M04b,MEDIUM,D02,media-usage-evidence.csv PUBLIC_SOURCE pages=['puerta-seccional-de-acero-thermacore-593-uso-medio.php'] (1) path=images/puerta593t.png,Referencia publica literal desde 1 pagina(s) ['PRODUCT_PAGE']; el propietario final de esas paginas aun no esta decidido.
media,asset:images/puerta594.jpg,Uso documental no equivale a aprobación de propósito/identidad de medios.,R09_MEDIA_OWNER_PENDING,STRONG,KEEP_REVIEW,R-M04b,MEDIUM,D02,"media-usage-evidence.csv PUBLIC_SOURCE pages=['puerta-seccional-de-acero-thermacore-594-uso-medio.php', 'puertas-seccionales-industriales.php'] (2) path=images/puerta594.jpg","Referencia publica literal desde 2 pagina(s) ['CATEGORY_PAGE', 'PRODUCT_PAGE']; el propietario final de esas paginas aun no esta decidido."
media,asset:images/puerta594t.png,Uso documental no equivale a aprobación de propósito/identidad de medios.,R09_MEDIA_OWNER_PENDING,STRONG,KEEP_REVIEW,R-M04b,MEDIUM,D02,media-usage-evidence.csv PUBLIC_SOURCE pages=['puerta-seccional-de-acero-thermacore-594-uso-medio.php'] (1) path=images/puerta594t.png,Referencia publica literal desde 1 pagina(s) ['PRODUCT_PAGE']; el propietario final de esas paginas aun no esta decidido.
media,asset:images/puerta595.jpg,Uso documental no equivale a aprobación de propósito/identidad de medios.,R12_MEDIA_PURPOSE_UNPROVEN,NONE,KEEP_REVIEW,R-M07,MEDIUM,D09,media-master.csv:images/puerta595.jpg usage=IMAGE_APPARENTLY_UNUSED direct_refs=0,Sin relacion con entidad SQL y sin referencia publica atribuible. Ausencia de referencia NO demuestra orfandad (D09): se conserva en REVIEW.
media,asset:images/puerta595t.png,Uso documental no equivale a aprobación de propósito/identidad de medios.,R09_MEDIA_OWNER_PENDING,STRONG,KEEP_REVIEW,R-M04b,MEDIUM,D02,media-usage-evidence.csv PUBLIC_SOURCE pages=['puerta-seccional-de-acero-thermacore-595-uso-pesado.php'] (1) path=images/puerta595t.png,Referencia publica literal desde 1 pagina(s) ['PRODUCT_PAGE']; el propietario final de esas paginas aun no esta decidido.
media,asset:images/puerta598.jpg,Uso documental no equivale a aprobación de propósito/identidad de medios.,R12_MEDIA_PURPOSE_UNPROVEN,NONE,KEEP_REVIEW,R-M07,MEDIUM,D09,media-master.csv:images/puerta598.jpg usage=IMAGE_APPARENTLY_UNUSED direct_refs=0,Sin relacion con entidad SQL y sin referencia publica atribuible. Ausencia de referencia NO demuestra orfandad (D09): se conserva en REVIEW.
media,asset:images/puerta598t.png,Uso documental no equivale a aprobación de propósito/identidad de medios.,R09_MEDIA_OWNER_PENDING,STRONG,KEEP_REVIEW,R-M04b,MEDIUM,D02,media-usage-evidence.csv PUBLIC_SOURCE pages=['puertas-seccionales-de-acero-thermacore-598-uso-liviano.php'] (1) path=images/puerta598t.png,Referencia publica literal desde 1 pagina(s) ['PRODUCT_PAGE']; el propietario final de esas paginas aun no esta decidido.
media,asset:images/puerta599.jpg,Uso documental no equivale a aprobación de propósito/identidad de medios.,R09_MEDIA_OWNER_PENDING,STRONG,KEEP_REVIEW,R-M04b,MEDIUM,D02,"media-usage-evidence.csv PUBLIC_SOURCE pages=['puerta-seccional-de-acero-thermacore-599-uso-muy-pesado.php', 'puertas-seccionales-industriales.php'] (2) path=images/puerta599.jpg","Referencia publica literal desde 2 pagina(s) ['CATEGORY_PAGE', 'PRODUCT_PAGE']; el propietario final de esas paginas aun no esta decidido."
media,asset:images/puertaboom.jpg,Uso documental no equivale a aprobación de propósito/identidad de medios.,R09_MEDIA_OWNER_PENDING,STRONG,KEEP_REVIEW,R-M04b,MEDIUM,D02,"media-usage-evidence.csv PUBLIC_SOURCE pages=['contra-exposion.php', 'doorlock.php', 'puerta-contra-explosion.php'] (4) path=images/puertaboom.jpg","Referencia publica literal desde 4 pagina(s) ['BRAND_PAGE', 'CATEGORY_PAGE', 'PRODUCT_PAGE']; el propietario final de esas paginas aun no esta decidido."
media,asset:images/puertas-rapida-apilable.png,Uso documental no equivale a aprobación de propósito/identidad de medios.,R09_MEDIA_OWNER_PENDING,STRONG,KEEP_REVIEW,R-M04b,MEDIUM,D02,media-usage-evidence.csv PUBLIC_SOURCE pages=['puertas-rapidas.php'] (1) path=images/puertas-rapida-apilable.png,Referencia publica literal desde 1 pagina(s) ['CATEGORY_PAGE']; el propietario final de esas paginas aun no esta decidido.
media,asset:images/PuertasIncendios.jpeg,Uso documental no equivale a aprobación de propósito/identidad de medios.,R09_MEDIA_OWNER_PENDING,CONFIRMED,MIGRATE,R-M04,LOW,,"media-usage-evidence.csv PUBLIC_SOURCE pages=['index-estatico.php', 'index.php'] path=images/PuertasIncendios.jpeg",Referenciada literalmente por una Page editorial aprobada (R-G02).
media,asset:images/Puerta_Standar_Reforzada.png,Uso documental no equivale a aprobación de propósito/identidad de medios.,R09_MEDIA_OWNER_PENDING,STRONG,KEEP_REVIEW,R-M04b,MEDIUM,D02,"media-usage-evidence.csv PUBLIC_SOURCE pages=['centros-comerciales.php', 'doorlock.php', 'puerta-estandar-reforzada.php'] (5) path=images/Puerta_Standar_Reforzada.png","Referencia publica literal desde 5 pagina(s) ['BRAND_PAGE', 'CATEGORY_PAGE', 'PRODUCT_PAGE']; el propietario final de esas paginas aun no esta decidido."
media,asset:images/pwr.jpg,Uso documental no equivale a aprobación de propósito/identidad de medios.,R12_MEDIA_PURPOSE_UNPROVEN,NONE,KEEP_REVIEW,R-M07,MEDIUM,D09,media-master.csv:images/pwr.jpg usage=IMAGE_APPARENTLY_UNUSED direct_refs=0,Sin relacion con entidad SQL y sin referencia publica atribuible. Ausencia de referencia NO demuestra orfandad (D09): se conserva en REVIEW.
media,asset:images/qik.jpg,Uso documental no equivale a aprobación de propósito/identidad de medios.,R09_MEDIA_OWNER_PENDING,STRONG,KEEP_REVIEW,R-M04b,MEDIUM,D02,"media-usage-evidence.csv PUBLIC_SOURCE pages=['comercial.php', 'qik-barreras-automaticas-de-hasta-58-m.php'] (2) path=images/qik.jpg","Referencia publica literal desde 2 pagina(s) ['CATEGORY_PAGE', 'PRODUCT_PAGE']; el propietario final de esas paginas aun no esta decidido."
media,asset:images/quienes-int.jpg,Uso documental no equivale a aprobación de propósito/identidad de medios.,R09_MEDIA_OWNER_PENDING,STRONG,KEEP_REVIEW,R-M04b,MEDIUM,D02,media-usage-evidence.csv PUBLIC_SOURCE pages=['nosotros.php'] (1) path=images/quienes-int.jpg,Referencia publica literal desde 1 pagina(s) ['INSTITUTIONAL_PAGE']; el propietario final de esas paginas aun no esta decidido.
media,asset:images/quienes1.jpg,Uso documental no equivale a aprobación de propósito/identidad de medios.,R09_MEDIA_OWNER_PENDING,CONFIRMED,MIGRATE,R-M04,LOW,,"media-usage-evidence.csv PUBLIC_SOURCE pages=['index-estatico.php', 'index-resp.php', 'index.php'] path=images/quienes1.jpg",Referenciada literalmente por una Page editorial aprobada (R-G02).
media,asset:images/quienes2.jpg,Uso documental no equivale a aprobación de propósito/identidad de medios.,R12_MEDIA_PURPOSE_UNPROVEN,NONE,KEEP_REVIEW,R-M07,MEDIUM,D09,media-master.csv:images/quienes2.jpg usage=IMAGE_APPARENTLY_UNUSED direct_refs=0,Sin relacion con entidad SQL y sin referencia publica atribuible. Ausencia de referencia NO demuestra orfandad (D09): se conserva en REVIEW.
media,asset:images/Rampa-mecanica-Dockman.jpg,Uso documental no equivale a aprobación de propósito/identidad de medios.,R09_MEDIA_OWNER_PENDING,STRONG,KEEP_REVIEW,R-M04b,MEDIUM,D02,"media-usage-evidence.csv PUBLIC_SOURCE pages=['dockman.php', 'rampa-niveladora.php'] (2) path=images/Rampa-mecanica-Dockman.jpg","Referencia publica literal desde 2 pagina(s) ['BRAND_PAGE', 'CATEGORY_PAGE']; el propietario final de esas paginas aun no esta decidido."
media,asset:images/rampa.jpg,Uso documental no equivale a aprobación de propósito/identidad de medios.,R12_MEDIA_PURPOSE_UNPROVEN,NONE,KEEP_REVIEW,R-M07,MEDIUM,D09,media-master.csv:images/rampa.jpg usage=IMAGE_APPARENTLY_UNUSED direct_refs=0,Sin relacion con entidad SQL y sin referencia publica atribuible. Ausencia de referencia NO demuestra orfandad (D09): se conserva en REVIEW.
media,asset:images/rampah.jpg,Uso documental no equivale a aprobación de propósito/identidad de medios.,R09_MEDIA_OWNER_PENDING,STRONG,KEEP_REVIEW,R-M04b,MEDIUM,D02,media-usage-evidence.csv PUBLIC_SOURCE pages=['rampas-de-anden-hidraulicas.php'] (1) path=images/rampah.jpg,Referencia publica literal desde 1 pagina(s) ['PRODUCT_PAGE']; el propietario final de esas paginas aun no esta decidido.
media,asset:images/rampak.jpg,Uso documental no equivale a aprobación de propósito/identidad de medios.,R09_MEDIA_OWNER_PENDING,STRONG,KEEP_REVIEW,R-M04b,MEDIUM,D02,"media-usage-evidence.csv PUBLIC_SOURCE pages=['equipos-y-accesorios-para-anden-de-carga.php', 'kelley.php', 'rampa-niveladora.php'] (4) path=images/rampak.jpg","Referencia publica literal desde 4 pagina(s) ['BRAND_PAGE', 'CATEGORY_PAGE', 'PRODUCT_PAGE']; el propietario final de esas paginas aun no esta decidido."
media,asset:images/rampam.jpg,Uso documental no equivale a aprobación de propósito/identidad de medios.,R09_MEDIA_OWNER_PENDING,STRONG,KEEP_REVIEW,R-M04b,MEDIUM,D02,media-usage-evidence.csv PUBLIC_SOURCE pages=['rampas-de-anden-mecanicas.php'] (1) path=images/rampam.jpg,Referencia publica literal desde 1 pagina(s) ['PRODUCT_PAGE']; el propietario final de esas paginas aun no esta decidido.
media,asset:images/rapida.jpg,Uso documental no equivale a aprobación de propósito/identidad de medios.,R09_MEDIA_OWNER_PENDING,STRONG,KEEP_REVIEW,R-M04b,MEDIUM,D02,media-usage-evidence.csv PUBLIC_SOURCE pages=['infraca-quality-doors.php'] (1) path=images/rapida.jpg,Referencia publica literal desde 1 pagina(s) ['BRAND_PAGE']; el propietario final de esas paginas aun no esta decidido.
media,asset:images/rayos.jpg,Uso documental no equivale a aprobación de propósito/identidad de medios.,R12_MEDIA_PURPOSE_UNPROVEN,NONE,KEEP_REVIEW,R-M07,MEDIUM,D09,media-master.csv:images/rayos.jpg usage=IMAGE_APPARENTLY_UNUSED direct_refs=0,Sin relacion con entidad SQL y sin referencia publica atribuible. Ausencia de referencia NO demuestra orfandad (D09): se conserva en REVIEW.
media,asset:images/rayos.png,Uso documental no equivale a aprobación de propósito/identidad de medios.,R09_MEDIA_OWNER_PENDING,STRONG,KEEP_REVIEW,R-M04b,MEDIUM,D02,media-usage-evidence.csv PUBLIC_SOURCE pages=['puertas-contra-rayos-x.php'] (1) path=images/rayos.png,Referencia publica literal desde 1 pagina(s) ['PRODUCT_PAGE']; el propietario final de esas paginas aun no esta decidido.
media,asset:images/reforzada.png,Uso documental no equivale a aprobación de propósito/identidad de medios.,R09_MEDIA_OWNER_PENDING,STRONG,KEEP_REVIEW,R-M04b,MEDIUM,D02,media-usage-evidence.csv PUBLIC_SOURCE pages=['puerta-estandar-reforzada.php'] (1) path=images/reforzada.png,Referencia publica literal desde 1 pagina(s) ['PRODUCT_PAGE']; el propietario final de esas paginas aun no esta decidido.
media,asset:images/reforzadas.jpg,Uso documental no equivale a aprobación de propósito/identidad de medios.,R12_MEDIA_PURPOSE_UNPROVEN,NONE,KEEP_REVIEW,R-M07,MEDIUM,D09,media-master.csv:images/reforzadas.jpg usage=IMAGE_APPARENTLY_UNUSED direct_refs=0,Sin relacion con entidad SQL y sin referencia publica atribuible. Ausencia de referencia NO demuestra orfandad (D09): se conserva en REVIEW.
media,asset:images/residencial-2.jpg,Uso documental no equivale a aprobación de propósito/identidad de medios.,R12_MEDIA_PURPOSE_UNPROVEN,NONE,KEEP_REVIEW,R-M07,MEDIUM,D09,media-master.csv:images/residencial-2.jpg usage=IMAGE_APPARENTLY_UNUSED direct_refs=0,Sin relacion con entidad SQL y sin referencia publica atribuible. Ausencia de referencia NO demuestra orfandad (D09): se conserva en REVIEW.
media,asset:images/residencial-2.png,Uso documental no equivale a aprobación de propósito/identidad de medios.,R09_MEDIA_OWNER_PENDING,CONFIRMED,MIGRATE,R-M04,LOW,,"media-usage-evidence.csv PUBLIC_SOURCE pages=['index-estatico.php', 'index.php'] path=images/residencial-2.png",Referenciada literalmente por una Page editorial aprobada (R-G02).
media,asset:images/residencial.jpg,Uso documental no equivale a aprobación de propósito/identidad de medios.,R09_MEDIA_OWNER_PENDING,CONFIRMED,MIGRATE,R-M04,LOW,,media-usage-evidence.csv PUBLIC_SOURCE pages=['operadores-puerta-corrediza-residencial.php'] path=images/residencial.jpg,Referenciada literalmente por una Page editorial aprobada (R-G02).
media,asset:images/retenedor.jpg,Uso documental no equivale a aprobación de propósito/identidad de medios.,R09_MEDIA_OWNER_PENDING,STRONG,KEEP_REVIEW,R-M04b,MEDIUM,D02,"media-usage-evidence.csv PUBLIC_SOURCE pages=['blue-giant.php', 'equipos-y-accesorios-para-anden-de-carga.php', 'retenedor-de-vehiculos.php'] (4) path=images/retenedor.jpg","Referencia publica literal desde 4 pagina(s) ['BRAND_PAGE', 'CATEGORY_PAGE', 'PRODUCT_PAGE']; el propietario final de esas paginas aun no esta decidido."
media,asset:images/revolving.jpg,Uso documental no equivale a aprobación de propósito/identidad de medios.,R09_MEDIA_OWNER_PENDING,STRONG,KEEP_REVIEW,R-M04b,MEDIUM,D02,"media-usage-evidence.csv PUBLIC_SOURCE pages=['1500-revolving-door.php', 'comercial.php'] (2) path=images/revolving.jpg","Referencia publica literal desde 2 pagina(s) ['CATEGORY_PAGE', 'PRODUCT_PAGE']; el propietario final de esas paginas aun no esta decidido."
media,asset:images/rhx-operator.jpg,Uso documental no equivale a aprobación de propósito/identidad de medios.,R09_MEDIA_OWNER_PENDING,STRONG,KEEP_REVIEW,R-M04b,MEDIUM,D02,"media-usage-evidence.csv PUBLIC_SOURCE pages=['operador-comercial-rhx.php', 'overhead-door.php'] (2) path=images/rhx-operator.jpg","Referencia publica literal desde 2 pagina(s) ['BRAND_PAGE', 'PRODUCT_PAGE']; el propietario final de esas paginas aun no esta decidido."
media,asset:images/rhx.jpg,Uso documental no equivale a aprobación de propósito/identidad de medios.,R09_MEDIA_OWNER_PENDING,STRONG,KEEP_REVIEW,R-M04b,MEDIUM,D02,"media-usage-evidence.csv PUBLIC_SOURCE pages=['operador-para-perfilados-comerciales-jst.php', 'operadores-puertas-seccionales-cortinas.php'] (2) path=images/rhx.jpg","Referencia publica literal desde 2 pagina(s) ['CATEGORY_PAGE', 'PRODUCT_PAGE']; el propietario final de esas paginas aun no esta decidido."
media,asset:images/rmx.jpg,Uso documental no equivale a aprobación de propósito/identidad de medios.,R09_MEDIA_OWNER_PENDING,STRONG,KEEP_REVIEW,R-M04b,MEDIUM,D02,"media-usage-evidence.csv PUBLIC_SOURCE pages=['operador-para-perfilados-comerciales-sel.php', 'operadores-puertas-seccionales-cortinas.php'] (2) path=images/rmx.jpg","Referencia publica literal desde 2 pagina(s) ['CATEGORY_PAGE', 'PRODUCT_PAGE']; el propietario final de esas paginas aun no esta decidido."
media,asset:images/Rolli-Zip-1.jpg,Uso documental no equivale a aprobación de propósito/identidad de medios.,R09_MEDIA_OWNER_PENDING,STRONG,KEEP_REVIEW,R-M04b,MEDIUM,D02,media-usage-evidence.csv PUBLIC_SOURCE pages=['rolli-zip.php'] (1) path=images/Rolli-Zip-1.jpg,Referencia publica literal desde 1 pagina(s) ['PRODUCT_PAGE']; el propietario final de esas paginas aun no esta decidido.
media,asset:images/rolli-zip.png,Uso documental no equivale a aprobación de propósito/identidad de medios.,R09_MEDIA_OWNER_PENDING,STRONG,KEEP_REVIEW,R-M04b,MEDIUM,D02,media-usage-evidence.csv PUBLIC_SOURCE pages=['puertas-rapidas.php'] (1) path=images/rolli-zip.png,Referencia publica literal desde 1 pagina(s) ['CATEGORY_PAGE']; el propietario final de esas paginas aun no esta decidido.
media,asset:images/rolli.jpg,Uso documental no equivale a aprobación de propósito/identidad de medios.,R09_MEDIA_OWNER_PENDING,STRONG,KEEP_REVIEW,R-M04b,MEDIUM,D02,media-usage-evidence.csv PUBLIC_SOURCE pages=['sector-puertas-rapidas-enrollables-de-sectores-intercambiables-y-contrapesos.php'] (1) path=images/rolli.jpg,Referencia publica literal desde 1 pagina(s) ['PRODUCT_PAGE']; el propietario final de esas paginas aun no esta decidido.
media,asset:images/rolli2.jpg,Uso documental no equivale a aprobación de propósito/identidad de medios.,R12_MEDIA_PURPOSE_UNPROVEN,NONE,KEEP_REVIEW,R-M07,MEDIUM,D09,media-master.csv:images/rolli2.jpg usage=IMAGE_APPARENTLY_UNUSED direct_refs=0,Sin relacion con entidad SQL y sin referencia publica atribuible. Ausencia de referencia NO demuestra orfandad (D09): se conserva en REVIEW.
media,asset:images/rolling-service-door-600.jpg,Uso documental no equivale a aprobación de propósito/identidad de medios.,R09_MEDIA_OWNER_PENDING,STRONG,KEEP_REVIEW,R-M04b,MEDIUM,D02,"media-usage-evidence.csv PUBLIC_SOURCE pages=['centros-comerciales.php', 'cortinas-enrollables-industriales.php', 'overhead-door.php'] (3) path=images/rolling-service-door-600.jpg","Referencia publica literal desde 3 pagina(s) ['BRAND_PAGE', 'CATEGORY_PAGE']; el propietario final de esas paginas aun no esta decidido."
media,asset:images/rolling-service-door-610-.jpg,Uso documental no equivale a aprobación de propósito/identidad de medios.,R09_MEDIA_OWNER_PENDING,STRONG,KEEP_REVIEW,R-M04b,MEDIUM,D02,media-usage-evidence.csv PUBLIC_SOURCE pages=['cortinas-enrollables-industriales.php'] (1) path=images/rolling-service-door-610-.jpg,Referencia publica literal desde 1 pagina(s) ['CATEGORY_PAGE']; el propietario final de esas paginas aun no esta decidido.
media,asset:images/rolling-service-door-610-620-625-3.jpg,Uso documental no equivale a aprobación de propósito/identidad de medios.,R09_MEDIA_OWNER_PENDING,STRONG,KEEP_REVIEW,R-M04b,MEDIUM,D02,media-usage-evidence.csv PUBLIC_SOURCE pages=['cortinas-enrollables-industriales.php'] (1) path=images/rolling-service-door-610-620-625-3.jpg,Referencia publica literal desde 1 pagina(s) ['CATEGORY_PAGE']; el propietario final de esas paginas aun no esta decidido.
media,asset:images/rolling-service-door-625-wide.jpg,Uso documental no equivale a aprobación de propósito/identidad de medios.,R09_MEDIA_OWNER_PENDING,STRONG,KEEP_REVIEW,R-M04b,MEDIUM,D02,"media-usage-evidence.csv PUBLIC_SOURCE pages=['cortina-serie-625.php', 'cortinas-enrollables-industriales.php', 'overhead-door.php'] (3) path=images/rolling-service-door-625-wide.jpg","Referencia publica literal desde 3 pagina(s) ['BRAND_PAGE', 'CATEGORY_PAGE', 'PRODUCT_PAGE']; el propietario final de esas paginas aun no esta decidido."
media,asset:images/rolling-service-doors-610.jpg,Uso documental no equivale a aprobación de propósito/identidad de medios.,R09_MEDIA_OWNER_PENDING,STRONG,KEEP_REVIEW,R-M04b,MEDIUM,D02,media-usage-evidence.csv PUBLIC_SOURCE pages=['cortina-serie-610.php'] (1) path=images/rolling-service-doors-610.jpg,Referencia publica literal desde 1 pagina(s) ['PRODUCT_PAGE']; el propietario final de esas paginas aun no esta decidido.
media,asset:images/rolling-sheet-770-2.jpg,Uso documental no equivale a aprobación de propósito/identidad de medios.,R09_MEDIA_OWNER_PENDING,STRONG,KEEP_REVIEW,R-M04b,MEDIUM,D02,media-usage-evidence.csv PUBLIC_SOURCE pages=['cortina-serie-790-cw.php'] (1) path=images/rolling-sheet-770-2.jpg,Referencia publica literal desde 1 pagina(s) ['PRODUCT_PAGE']; el propietario final de esas paginas aun no esta decidido.
media,asset:images/rsx.jpg,Uso documental no equivale a aprobación de propósito/identidad de medios.,R09_MEDIA_OWNER_PENDING,STRONG,KEEP_REVIEW,R-M04b,MEDIUM,D02,"media-usage-evidence.csv PUBLIC_SOURCE pages=['operador-para-cortina-enrrollable-rsx.php', 'operadores-puertas-seccionales-cortinas.php'] (2) path=images/rsx.jpg","Referencia publica literal desde 2 pagina(s) ['CATEGORY_PAGE', 'PRODUCT_PAGE']; el propietario final de esas paginas aun no esta decidido."
media,asset:images/rytec.png,Uso documental no equivale a aprobación de propósito/identidad de medios.,R09_MEDIA_OWNER_PENDING,CONFIRMED,MIGRATE,R-M05,LOW,,media-usage-evidence.csv brand=['7'] path=images/rytec.png,Imagen/logo de brand con relacion explicita a un termino aprobado.
media,asset:images/s592.jpg,Uso documental no equivale a aprobación de propósito/identidad de medios.,R12_MEDIA_PURPOSE_UNPROVEN,NONE,KEEP_REVIEW,R-M07,MEDIUM,D09,media-master.csv:images/s592.jpg usage=IMAGE_APPARENTLY_UNUSED direct_refs=0,Sin relacion con entidad SQL y sin referencia publica atribuible. Ausencia de referencia NO demuestra orfandad (D09): se conserva en REVIEW.
media,asset:images/salida-emergencia.png,Uso documental no equivale a aprobación de propósito/identidad de medios.,R09_MEDIA_OWNER_PENDING,CONFIRMED,MIGRATE,R-M04,LOW,,"media-usage-evidence.csv PUBLIC_SOURCE pages=['index-estatico.php', 'index.php'] path=images/salida-emergencia.png",Referenciada literalmente por una Page editorial aprobada (R-G02).
media,asset:images/sectional-steel-door-model-2415.jpg,Uso documental no equivale a aprobación de propósito/identidad de medios.,R09_MEDIA_OWNER_PENDING,STRONG,KEEP_REVIEW,R-M04b,MEDIUM,D02,media-usage-evidence.csv PUBLIC_SOURCE pages=['puertas-seccionales-de-acero-modelo-2415.php'] (1) path=images/sectional-steel-door-model-2415.jpg,Referencia publica literal desde 1 pagina(s) ['PRODUCT_PAGE']; el propietario final de esas paginas aun no esta decidido.
media,asset:images/sectional-steel-models-422-426.jpg,Uso documental no equivale a aprobación de propósito/identidad de medios.,R09_MEDIA_OWNER_PENDING,STRONG,KEEP_REVIEW,R-M04b,MEDIUM,D02,"media-usage-evidence.csv PUBLIC_SOURCE pages=['puerta-seccionabl-acero-perfiles-422-uso-pesado.php', 'puertas-seccionales-industriales.php'] (2) path=images/sectional-steel-models-422-426.jpg","Referencia publica literal desde 2 pagina(s) ['CATEGORY_PAGE', 'PRODUCT_PAGE']; el propietario final de esas paginas aun no esta decidido."
media,asset:images/sectional-steel-thermacore-door-592.jpg,Uso documental no equivale a aprobación de propósito/identidad de medios.,R09_MEDIA_OWNER_PENDING,STRONG,KEEP_REVIEW,R-M04b,MEDIUM,D02,"media-usage-evidence.csv PUBLIC_SOURCE pages=['overhead-door.php', 'puerta-seccional-de-acero-thermacore-serie-592.php', 'puertas-seccionales-industriales.php'] (3) path=images/sectional-steel-thermacore-door-592.jpg","Referencia publica literal desde 3 pagina(s) ['BRAND_PAGE', 'CATEGORY_PAGE', 'PRODUCT_PAGE']; el propietario final de esas paginas aun no esta decidido."
media,asset:images/sector.jpg,Uso documental no equivale a aprobación de propósito/identidad de medios.,R09_MEDIA_OWNER_PENDING,STRONG,KEEP_REVIEW,R-M04b,MEDIUM,D02,media-usage-evidence.csv PUBLIC_SOURCE pages=['sector-reset.php'] (1) path=images/sector.jpg,Referencia publica literal desde 1 pagina(s) ['PRODUCT_PAGE']; el propietario final de esas paginas aun no esta decidido.
media,asset:images/sector1.jpg,Uso documental no equivale a aprobación de propósito/identidad de medios.,R09_MEDIA_OWNER_PENDING,STRONG,KEEP_REVIEW,R-M04b,MEDIUM,D02,media-usage-evidence.csv PUBLIC_SOURCE pages=['sector-reset.php'] (1) path=images/sector1.jpg,Referencia publica literal desde 1 pagina(s) ['PRODUCT_PAGE']; el propietario final de esas paginas aun no esta decidido.
media,asset:images/sello.png,Uso documental no equivale a aprobación de propósito/identidad de medios.,R09_MEDIA_OWNER_PENDING,STRONG,KEEP_REVIEW,R-M04b,MEDIUM,D02,media-usage-evidence.csv PUBLIC_SOURCE pages=['sellos-de-anden.php'] (1) path=images/sello.png,Referencia publica literal desde 1 pagina(s) ['PRODUCT_PAGE']; el propietario final de esas paginas aun no esta decidido.
media,asset:images/Sellos-Nacionales-1.jpeg,Uso documental no equivale a aprobación de propósito/identidad de medios.,R09_MEDIA_OWNER_PENDING,STRONG,KEEP_REVIEW,R-M04b,MEDIUM,D02,media-usage-evidence.csv PUBLIC_SOURCE pages=['sellos-nacionales.php'] (1) path=images/Sellos-Nacionales-1.jpeg,Referencia publica literal desde 1 pagina(s) ['PRODUCT_PAGE']; el propietario final de esas paginas aun no esta decidido.
media,asset:images/Sellos-Nacionales-2.jpeg,Uso documental no equivale a aprobación de propósito/identidad de medios.,R09_MEDIA_OWNER_PENDING,STRONG,KEEP_REVIEW,R-M04b,MEDIUM,D02,media-usage-evidence.csv PUBLIC_SOURCE pages=['sellos-nacionales.php'] (1) path=images/Sellos-Nacionales-2.jpeg,Referencia publica literal desde 1 pagina(s) ['PRODUCT_PAGE']; el propietario final de esas paginas aun no esta decidido.
media,asset:images/Sellos-Nacionales-3.jpeg,Uso documental no equivale a aprobación de propósito/identidad de medios.,R09_MEDIA_OWNER_PENDING,STRONG,KEEP_REVIEW,R-M04b,MEDIUM,D02,media-usage-evidence.csv PUBLIC_SOURCE pages=['sellos-nacionales.php'] (1) path=images/Sellos-Nacionales-3.jpeg,Referencia publica literal desde 1 pagina(s) ['PRODUCT_PAGE']; el propietario final de esas paginas aun no esta decidido.
media,asset:images/Sellos-Nacionales-4.jpeg,Uso documental no equivale a aprobación de propósito/identidad de medios.,R09_MEDIA_OWNER_PENDING,STRONG,KEEP_REVIEW,R-M04b,MEDIUM,D02,media-usage-evidence.csv PUBLIC_SOURCE pages=['sellos-nacionales.php'] (1) path=images/Sellos-Nacionales-4.jpeg,Referencia publica literal desde 1 pagina(s) ['PRODUCT_PAGE']; el propietario final de esas paginas aun no esta decidido.
media,asset:images/Sellos-Nacionales-5.jpeg,Uso documental no equivale a aprobación de propósito/identidad de medios.,R09_MEDIA_OWNER_PENDING,STRONG,KEEP_REVIEW,R-M04b,MEDIUM,D02,media-usage-evidence.csv PUBLIC_SOURCE pages=['sellos-nacionales.php'] (1) path=images/Sellos-Nacionales-5.jpeg,Referencia publica literal desde 1 pagina(s) ['PRODUCT_PAGE']; el propietario final de esas paginas aun no esta decidido.
media,asset:images/sellos-nacionales.png,Uso documental no equivale a aprobación de propósito/identidad de medios.,R09_MEDIA_OWNER_PENDING,STRONG,KEEP_REVIEW,R-M04b,MEDIUM,D02,media-usage-evidence.csv PUBLIC_SOURCE pages=['sellos-para-anden.php'] (1) path=images/sellos-nacionales.png,Referencia publica literal desde 1 pagina(s) ['CATEGORY_PAGE']; el propietario final de esas paginas aun no esta decidido.
media,asset:images/sellos.jpg,Uso documental no equivale a aprobación de propósito/identidad de medios.,R09_MEDIA_OWNER_PENDING,STRONG,KEEP_REVIEW,R-M04b,MEDIUM,D02,"media-usage-evidence.csv PUBLIC_SOURCE pages=['dockman.php', 'equipos-y-accesorios-para-anden-de-carga.php', 'sellos-de-anden.php'] (4) path=images/sellos.jpg","Referencia publica literal desde 4 pagina(s) ['BRAND_PAGE', 'CATEGORY_PAGE', 'PRODUCT_PAGE']; el propietario final de esas paginas aun no esta decidido."
media,asset:images/semaforo.jpg,Uso documental no equivale a aprobación de propósito/identidad de medios.,R09_MEDIA_OWNER_PENDING,STRONG,KEEP_REVIEW,R-M04b,MEDIUM,D02,media-usage-evidence.csv PUBLIC_SOURCE pages=['light-communication-system-lcs.php'] (1) path=images/semaforo.jpg,Referencia publica literal desde 1 pagina(s) ['PRODUCT_PAGE']; el propietario final de esas paginas aun no esta decidido.
media,asset:images/serie-600.jpg,Uso documental no equivale a aprobación de propósito/identidad de medios.,R09_MEDIA_OWNER_PENDING,STRONG,KEEP_REVIEW,R-M04b,MEDIUM,D02,media-usage-evidence.csv PUBLIC_SOURCE pages=['cortina-serie-600.php'] (1) path=images/serie-600.jpg,Referencia publica literal desde 1 pagina(s) ['PRODUCT_PAGE']; el propietario final de esas paginas aun no esta decidido.
media,asset:images/serie-790.jpg,Uso documental no equivale a aprobación de propósito/identidad de medios.,R12_MEDIA_PURPOSE_UNPROVEN,NONE,KEEP_REVIEW,R-M07,MEDIUM,D09,media-master.csv:images/serie-790.jpg usage=IMAGE_APPARENTLY_UNUSED direct_refs=0,Sin relacion con entidad SQL y sin referencia publica atribuible. Ausencia de referencia NO demuestra orfandad (D09): se conserva en REVIEW.
media,asset:images/serie.jpg,Uso documental no equivale a aprobación de propósito/identidad de medios.,R12_MEDIA_PURPOSE_UNPROVEN,NONE,KEEP_REVIEW,R-M07,MEDIUM,D09,media-master.csv:images/serie.jpg usage=IMAGE_APPARENTLY_UNUSED direct_refs=0,Sin relacion con entidad SQL y sin referencia publica atribuible. Ausencia de referencia NO demuestra orfandad (D09): se conserva en REVIEW.
media,asset:images/serie625.jpg,Uso documental no equivale a aprobación de propósito/identidad de medios.,R12_MEDIA_PURPOSE_UNPROVEN,NONE,KEEP_REVIEW,R-M07,MEDIUM,D09,media-master.csv:images/serie625.jpg usage=IMAGE_APPARENTLY_UNUSED direct_refs=0,Sin relacion con entidad SQL y sin referencia publica atribuible. Ausencia de referencia NO demuestra orfandad (D09): se conserva en REVIEW.
media,asset:images/serie790.jpg,Uso documental no equivale a aprobación de propósito/identidad de medios.,R09_MEDIA_OWNER_PENDING,STRONG,KEEP_REVIEW,R-M04b,MEDIUM,D02,media-usage-evidence.csv PUBLIC_SOURCE pages=['cortinas-enrollables-industriales.php'] (1) path=images/serie790.jpg,Referencia publica literal desde 1 pagina(s) ['CATEGORY_PAGE']; el propietario final de esas paginas aun no esta decidido.
media,asset:images/seriex130.jpg,Uso documental no equivale a aprobación de propósito/identidad de medios.,R09_MEDIA_OWNER_PENDING,STRONG,KEEP_REVIEW,R-M04b,MEDIUM,D02,"media-usage-evidence.csv PUBLIC_SOURCE pages=['bft-resp.php', 'bft.php', 'blue-giant.php'] (5) path=images/seriex130.jpg","Referencia publica literal desde 5 pagina(s) ['BRAND_PAGE', 'CATEGORY_PAGE', 'PRODUCT_PAGE']; el propietario final de esas paginas aun no esta decidido."
media,asset:images/serie_600.png,Uso documental no equivale a aprobación de propósito/identidad de medios.,R09_MEDIA_OWNER_PENDING,STRONG,KEEP_REVIEW,R-M04b,MEDIUM,D02,media-usage-evidence.csv PUBLIC_SOURCE pages=['cortina-serie-600.php'] (1) path=images/serie_600.png,Referencia publica literal desde 1 pagina(s) ['PRODUCT_PAGE']; el propietario final de esas paginas aun no esta decidido.
media,asset:images/serie_790_001.png,Uso documental no equivale a aprobación de propósito/identidad de medios.,R09_MEDIA_OWNER_PENDING,STRONG,KEEP_REVIEW,R-M04b,MEDIUM,D02,media-usage-evidence.csv PUBLIC_SOURCE pages=['cortina-serie-790-cw.php'] (1) path=images/serie_790_001.png,Referencia publica literal desde 1 pagina(s) ['PRODUCT_PAGE']; el propietario final de esas paginas aun no esta decidido.
media,asset:images/shelter-abrigo-estacionario-blue-giant.jpg,Uso documental no equivale a aprobación de propósito/identidad de medios.,R12_MEDIA_PURPOSE_UNPROVEN,NONE,KEEP_REVIEW,R-M07,MEDIUM,D09,media-master.csv:images/shelter-abrigo-estacionario-blue-giant.jpg usage=IMAGE_APPARENTLY_UNUSED|EXACT_DUPLICATE_BYTES direct_refs=0,Sin relacion con entidad SQL y sin referencia publica atribuible. Ausencia de referencia NO demuestra orfandad (D09): se conserva en REVIEW.
media,asset:images/shelther-para-anden.jpg,Uso documental no equivale a aprobación de propósito/identidad de medios.,R12_MEDIA_PURPOSE_UNPROVEN,NONE,KEEP_REVIEW,R-M07,MEDIUM,D09,media-master.csv:images/shelther-para-anden.jpg usage=IMAGE_APPARENTLY_UNUSED direct_refs=0,Sin relacion con entidad SQL y sin referencia publica atribuible. Ausencia de referencia NO demuestra orfandad (D09): se conserva en REVIEW.
media,asset:images/silent.jpg,Uso documental no equivale a aprobación de propósito/identidad de medios.,R09_MEDIA_OWNER_PENDING,CONFIRMED,MIGRATE,R-M04,LOW,,"media-usage-evidence.csv PUBLIC_SOURCE pages=['operadores-puerta-abatible.php', 'operadores-puerta-corrediza-residencial.php', 'operadores-puertas-ascendentes.php'] path=images/silent.jpg",Referenciada literalmente por una Page editorial aprobada (R-G02).
media,asset:images/Sin-título-1.jpg,Uso documental no equivale a aprobación de propósito/identidad de medios.,R12_MEDIA_PURPOSE_UNPROVEN,NONE,KEEP_REVIEW,R-M07,MEDIUM,D09,media-master.csv:images/Sin-título-1.jpg usage=IMAGE_APPARENTLY_UNUSED direct_refs=0,Sin relacion con entidad SQL y sin referencia publica atribuible. Ausencia de referencia NO demuestra orfandad (D09): se conserva en REVIEW.
media,asset:images/smart.jpg,Uso documental no equivale a aprobación de propósito/identidad de medios.,R09_MEDIA_OWNER_PENDING,STRONG,KEEP_REVIEW,R-M04b,MEDIUM,D02,media-usage-evidence.csv PUBLIC_SOURCE pages=['smart-puertas-rapidas-enrollables-de-sectores-intercambiables-con-motor-externo.php'] (1) path=images/smart.jpg,Referencia publica literal desde 1 pagina(s) ['PRODUCT_PAGE']; el propietario final de esas paginas aun no esta decidido.
media,asset:images/sph.jpg,Uso documental no equivale a aprobación de propósito/identidad de medios.,R09_MEDIA_OWNER_PENDING,STRONG,KEEP_REVIEW,R-M04b,MEDIUM,D02,"media-usage-evidence.csv PUBLIC_SOURCE pages=['doorlock.php', 'puerta-estandar.php', 'puertas-peatonales-estandar-y-reforzada.php'] (3) path=images/sph.jpg","Referencia publica literal desde 3 pagina(s) ['BRAND_PAGE', 'CATEGORY_PAGE', 'PRODUCT_PAGE']; el propietario final de esas paginas aun no esta decidido."
media,asset:images/splus.jpg,Uso documental no equivale a aprobación de propósito/identidad de medios.,R09_MEDIA_OWNER_PENDING,STRONG,KEEP_REVIEW,R-M04b,MEDIUM,D02,media-usage-evidence.csv PUBLIC_SOURCE pages=['sector-puertas-rapidas-enrollables-de-sectores-intercambiables-y-contrapesos.php'] (1) path=images/splus.jpg,Referencia publica literal desde 1 pagina(s) ['PRODUCT_PAGE']; el propietario final de esas paginas aun no esta decidido.
media,asset:images/sprint.jpg,Uso documental no equivale a aprobación de propósito/identidad de medios.,R09_MEDIA_OWNER_PENDING,STRONG,KEEP_REVIEW,R-M04b,MEDIUM,D02,media-usage-evidence.csv PUBLIC_SOURCE pages=['sprint-automatizaciones-para-puertas-peatonales-pequenas-dimensiones.php'] (1) path=images/sprint.jpg,Referencia publica literal desde 1 pagina(s) ['PRODUCT_PAGE']; el propietario final de esas paginas aun no esta decidido.
media,asset:images/stan.png,Uso documental no equivale a aprobación de propósito/identidad de medios.,R12_MEDIA_PURPOSE_UNPROVEN,NONE,KEEP_REVIEW,R-M07,MEDIUM,D09,media-master.csv:images/stan.png usage=IMAGE_APPARENTLY_UNUSED direct_refs=0,Sin relacion con entidad SQL y sin referencia publica atribuible. Ausencia de referencia NO demuestra orfandad (D09): se conserva en REVIEW.
media,asset:images/star100.jpg,Uso documental no equivale a aprobación de propósito/identidad de medios.,R09_MEDIA_OWNER_PENDING,STRONG,KEEP_REVIEW,R-M04b,MEDIUM,D02,"media-usage-evidence.csv PUBLIC_SOURCE pages=['comercial.php', 'star1000-receptor-comercial.php'] (2) path=images/star100.jpg","Referencia publica literal desde 2 pagina(s) ['CATEGORY_PAGE', 'PRODUCT_PAGE']; el propietario final de esas paginas aun no esta decidido."
media,asset:images/star4.jpg,Uso documental no equivale a aprobación de propósito/identidad de medios.,R09_MEDIA_OWNER_PENDING,STRONG,KEEP_REVIEW,R-M04b,MEDIUM,D02,"media-usage-evidence.csv PUBLIC_SOURCE pages=['kelley.php', 'retenedores-de-vehiculos.php', 'star4-vehicle-restraint.php'] (3) path=images/star4.jpg","Referencia publica literal desde 3 pagina(s) ['BRAND_PAGE', 'CATEGORY_PAGE', 'PRODUCT_PAGE']; el propietario final de esas paginas aun no esta decidido."
media,asset:images/Stationary-shelter.png,Uso documental no equivale a aprobación de propósito/identidad de medios.,R09_MEDIA_OWNER_PENDING,STRONG,KEEP_REVIEW,R-M04b,MEDIUM,D02,"media-usage-evidence.csv PUBLIC_SOURCE pages=['sellos-para-anden.php', 'shelter-abrigo-estacionario-blue-giant.php'] (2) path=images/Stationary-shelter.png","Referencia publica literal desde 2 pagina(s) ['CATEGORY_PAGE', 'PRODUCT_PAGE']; el propietario final de esas paginas aun no esta decidido."
media,asset:images/Stationary_Dock_Shelter_300px-1.jpg,Uso documental no equivale a aprobación de propósito/identidad de medios.,R09_MEDIA_OWNER_PENDING,STRONG,KEEP_REVIEW,R-M04b,MEDIUM,D02,media-usage-evidence.csv PUBLIC_SOURCE pages=['blue-giant.php'] (1) path=images/Stationary_Dock_Shelter_300px-1.jpg,Referencia publica literal desde 1 pagina(s) ['BRAND_PAGE']; el propietario final de esas paginas aun no esta decidido.
media,asset:images/STRONGARMHVR303.png,Uso documental no equivale a aprobación de propósito/identidad de medios.,R09_MEDIA_OWNER_PENDING,STRONG,KEEP_REVIEW,R-M04b,MEDIUM,D02,media-usage-evidence.csv PUBLIC_SOURCE pages=['retenedor-vehiculos-hvr303.php'] (1) path=images/STRONGARMHVR303.png,Referencia publica literal desde 1 pagina(s) ['PRODUCT_PAGE']; el propietario final de esas paginas aun no esta decidido.
media,asset:images/StrongArm_HVR303_300px.jpg,Uso documental no equivale a aprobación de propósito/identidad de medios.,R09_MEDIA_OWNER_PENDING,STRONG,KEEP_REVIEW,R-M04b,MEDIUM,D02,media-usage-evidence.csv PUBLIC_SOURCE pages=['retenedores-de-vehiculos.php'] (1) path=images/StrongArm_HVR303_300px.jpg,Referencia publica literal desde 1 pagina(s) ['CATEGORY_PAGE']; el propietario final de esas paginas aun no esta decidido.
media,asset:images/t150.jpg,Uso documental no equivale a aprobación de propósito/identidad de medios.,R09_MEDIA_OWNER_PENDING,STRONG,KEEP_REVIEW,R-M04b,MEDIUM,D02,media-usage-evidence.csv PUBLIC_SOURCE pages=['wayne-dalton.php'] (1) path=images/t150.jpg,Referencia publica literal desde 1 pagina(s) ['BRAND_PAGE']; el propietario final de esas paginas aun no esta decidido.
media,asset:images/t424.png,Uso documental no equivale a aprobación de propósito/identidad de medios.,R09_MEDIA_OWNER_PENDING,STRONG,KEEP_REVIEW,R-M04b,MEDIUM,D02,media-usage-evidence.csv PUBLIC_SOURCE pages=['puerta-seccional-de-acero-sin-aislamiento-424-uso-pesado.php'] (1) path=images/t424.png,Referencia publica literal desde 1 pagina(s) ['PRODUCT_PAGE']; el propietario final de esas paginas aun no esta decidido.
media,asset:images/table-1.png,Uso documental no equivale a aprobación de propósito/identidad de medios.,R12_MEDIA_PURPOSE_UNPROVEN,NONE,KEEP_REVIEW,R-M07,MEDIUM,D09,media-master.csv:images/table-1.png usage=IMAGE_APPARENTLY_UNUSED direct_refs=0,Sin relacion con entidad SQL y sin referencia publica atribuible. Ausencia de referencia NO demuestra orfandad (D09): se conserva en REVIEW.
media,asset:images/thermacore-sectional-door-593-wide.jpg,Uso documental no equivale a aprobación de propósito/identidad de medios.,R09_MEDIA_OWNER_PENDING,STRONG,KEEP_REVIEW,R-M04b,MEDIUM,D02,media-usage-evidence.csv PUBLIC_SOURCE pages=['puerta-seccional-de-acero-thermacore-595-uso-pesado.php'] (1) path=images/thermacore-sectional-door-593-wide.jpg,Referencia publica literal desde 1 pagina(s) ['PRODUCT_PAGE']; el propietario final de esas paginas aun no esta decidido.
media,asset:images/thomp.jpg,Uso documental no equivale a aprobación de propósito/identidad de medios.,R09_MEDIA_OWNER_PENDING,STRONG,KEEP_REVIEW,R-M04b,MEDIUM,D02,"media-usage-evidence.csv PUBLIC_SOURCE pages=['puertas-seccionales-de-acero-aisladas-thermospan-modelo-150.php', 'puertas-seccionales-de-acero-aisladas-thermospan.php'] (2) path=images/thomp.jpg",Referencia publica literal desde 2 pagina(s) ['PRODUCT_PAGE']; el propietario final de esas paginas aun no esta decidido.
media,asset:images/thumbnail_image005.jpg,Uso documental no equivale a aprobación de propósito/identidad de medios.,R09_MEDIA_OWNER_PENDING,STRONG,KEEP_REVIEW,R-M04b,MEDIUM,D02,media-usage-evidence.csv PUBLIC_SOURCE pages=['operadores-para-puerta-corrediza-industrial.php'] (1) path=images/thumbnail_image005.jpg,Referencia publica literal desde 1 pagina(s) ['CATEGORY_PAGE']; el propietario final de esas paginas aun no esta decidido.
media,asset:images/tiras.jpg,Uso documental no equivale a aprobación de propósito/identidad de medios.,R09_MEDIA_OWNER_PENDING,CONFIRMED,MIGRATE,R-M04,LOW,,"media-usage-evidence.csv PUBLIC_SOURCE pages=['industrial.php', 'tiras-plasticas-hawaianas.php'] path=images/tiras.jpg",Referenciada literalmente por una Page editorial aprobada (R-G02).
media,asset:images/tpr.jpg,Uso documental no equivale a aprobación de propósito/identidad de medios.,R09_MEDIA_OWNER_PENDING,STRONG,KEEP_REVIEW,R-M04b,MEDIUM,D02,media-usage-evidence.csv PUBLIC_SOURCE pages=['retenedores-de-vehiculos-automatico.php'] (1) path=images/tpr.jpg,Referencia publica literal desde 1 pagina(s) ['PRODUCT_PAGE']; el propietario final de esas paginas aun no esta decidido.
media,asset:images/traffic.jpg,Uso documental no equivale a aprobación de propósito/identidad de medios.,R09_MEDIA_OWNER_PENDING,STRONG,KEEP_REVIEW,R-M04b,MEDIUM,D02,media-usage-evidence.csv PUBLIC_SOURCE pages=['traffic.php'] (1) path=images/traffic.jpg,Referencia publica literal desde 1 pagina(s) ['PRODUCT_PAGE']; el propietario final de esas paginas aun no esta decidido.
media,asset:images/upper.jpg,Uso documental no equivale a aprobación de propósito/identidad de medios.,R09_MEDIA_OWNER_PENDING,STRONG,KEEP_REVIEW,R-M04b,MEDIUM,D02,"media-usage-evidence.csv PUBLIC_SOURCE pages=['comercial.php', 'upper-up8e-barreras-automaticas-de-hasta-8-m.php'] (2) path=images/upper.jpg","Referencia publica literal desde 2 pagina(s) ['CATEGORY_PAGE', 'PRODUCT_PAGE']; el propietario final de esas paginas aun no esta decidido."
media,asset:images/verficha.png,Uso documental no equivale a aprobación de propósito/identidad de medios.,R09_MEDIA_OWNER_PENDING,CONFIRMED,MIGRATE,R-M04,LOW,,"media-usage-evidence.csv PUBLIC_SOURCE pages=['accesorios.php', 'accesspro-fs1000speed.php', 'barreras-estacionamiento-moovi50rm.php'] path=images/verficha.png",Referenciada literalmente por una Page editorial aprobada (R-G02).
media,asset:images/vista_sello.png,Uso documental no equivale a aprobación de propósito/identidad de medios.,R09_MEDIA_OWNER_PENDING,STRONG,KEEP_REVIEW,R-M04b,MEDIUM,D02,media-usage-evidence.csv PUBLIC_SOURCE pages=['sellos-de-anden.php'] (1) path=images/vista_sello.png,Referencia publica literal desde 1 pagina(s) ['PRODUCT_PAGE']; el propietario final de esas paginas aun no esta decidido.
media,asset:images/wayne-dayton.png,Uso documental no equivale a aprobación de propósito/identidad de medios.,R09_MEDIA_OWNER_PENDING,CONFIRMED,MIGRATE,R-M05,LOW,,media-usage-evidence.csv brand=['2'] path=images/wayne-dayton.png,Imagen/logo de brand con relacion explicita a un termino aprobado.
media,asset:images/windload-thermacore-525-wide.jpg,Uso documental no equivale a aprobación de propósito/identidad de medios.,R09_MEDIA_OWNER_PENDING,STRONG,KEEP_REVIEW,R-M04b,MEDIUM,D02,"media-usage-evidence.csv PUBLIC_SOURCE pages=['puertas-seccionales-de-acero-thermacore-598-uso-liviano.php', 'puertas-seccionales-industriales.php'] (2) path=images/windload-thermacore-525-wide.jpg","Referencia publica literal desde 2 pagina(s) ['CATEGORY_PAGE', 'PRODUCT_PAGE']; el propietario final de esas paginas aun no esta decidido."
media,asset:images/x130.png,Uso documental no equivale a aprobación de propósito/identidad de medios.,R09_MEDIA_OWNER_PENDING,STRONG,KEEP_REVIEW,R-M04b,MEDIUM,D02,media-usage-evidence.csv PUBLIC_SOURCE pages=['serie-x130-motor-para-cortina-oculto.php'] (1) path=images/x130.png,Referencia publica literal desde 1 pagina(s) ['PRODUCT_PAGE']; el propietario final de esas paginas aun no esta decidido.
media,asset:images/xel5.jpg,Uso documental no equivale a aprobación de propósito/identidad de medios.,R09_MEDIA_OWNER_PENDING,STRONG,KEEP_REVIEW,R-M04b,MEDIUM,D02,media-usage-evidence.csv PUBLIC_SOURCE pages=['xel-5-selector-de-llave.php'] (1) path=images/xel5.jpg,Referencia publica literal desde 1 pagina(s) ['PRODUCT_PAGE']; el propietario final de esas paginas aun no esta decidido.
media,asset:images/zen.jpg,Uso documental no equivale a aprobación de propósito/identidad de medios.,R09_MEDIA_OWNER_PENDING,STRONG,KEEP_REVIEW,R-M04b,MEDIUM,D02,media-usage-evidence.csv PUBLIC_SOURCE pages=['gol-transmisores-de-cuatro-canales.php'] (1) path=images/zen.jpg,Referencia publica literal desde 1 pagina(s) ['PRODUCT_PAGE']; el propietario final de esas paginas aun no esta decidido.
media,asset:images/zip.jpg,Uso documental no equivale a aprobación de propósito/identidad de medios.,R09_MEDIA_OWNER_PENDING,STRONG,KEEP_REVIEW,R-M04b,MEDIUM,D02,media-usage-evidence.csv PUBLIC_SOURCE pages=['glg-porte-industriali.php'] (1) path=images/zip.jpg,Referencia publica literal desde 1 pagina(s) ['BRAND_PAGE']; el propietario final de esas paginas aun no esta decidido.
media,asset:multimedia/imagenes/categorias/0068b4920fb7283782a51c12e22e83686e6bd310.png,Uso documental no equivale a aprobación de propósito/identidad de medios.,R10_MEDIA_DERIVATIVE,CONFIRMED,SKIP,R-M02,LOW,,media-master.csv:multimedia/imagenes/categorias/0068b4920fb7283782a51c12e22e83686e6bd310.png original_ids=116 usage=IMAGE_APPARENTLY_UNUSED|DERIVED,"Derivado generado por el CMS legacy a partir de un original conservado, sin referencia publica directa. WordPress regenera sus propios tamanos. El original se decide por separado."
media,asset:multimedia/imagenes/categorias/00e4add1010b274fe68755addced6372d5ed3f1b.png,Uso documental no equivale a aprobación de propósito/identidad de medios.,R10_MEDIA_DERIVATIVE,CONFIRMED,SKIP,R-M02,LOW,,media-master.csv:multimedia/imagenes/categorias/00e4add1010b274fe68755addced6372d5ed3f1b.png original_ids=108 usage=IMAGE_APPARENTLY_UNUSED|DERIVED,"Derivado generado por el CMS legacy a partir de un original conservado, sin referencia publica directa. WordPress regenera sus propios tamanos. El original se decide por separado."
media,asset:multimedia/imagenes/categorias/029f3af9b38f6de9dedfacf27a27f0626f6da812.jpg,Uso documental no equivale a aprobación de propósito/identidad de medios.,R10_MEDIA_DERIVATIVE,CONFIRMED,SKIP,R-M02,LOW,,media-master.csv:multimedia/imagenes/categorias/029f3af9b38f6de9dedfacf27a27f0626f6da812.jpg original_ids=44 usage=IMAGE_APPARENTLY_UNUSED|DERIVED,"Derivado generado por el CMS legacy a partir de un original conservado, sin referencia publica directa. WordPress regenera sus propios tamanos. El original se decide por separado."
media,asset:multimedia/imagenes/categorias/05a5c6c2cbadcb574afa2faefb344ef1eb9dd6e5.png,Uso documental no equivale a aprobación de propósito/identidad de medios.,R10_MEDIA_DERIVATIVE,CONFIRMED,SKIP,R-M02,LOW,,media-master.csv:multimedia/imagenes/categorias/05a5c6c2cbadcb574afa2faefb344ef1eb9dd6e5.png original_ids=108 usage=IMAGE_APPARENTLY_UNUSED|DERIVED|EXACT_DUPLICATE_BYTES,"Derivado generado por el CMS legacy a partir de un original conservado, sin referencia publica directa. WordPress regenera sus propios tamanos. El original se decide por separado."
media,asset:multimedia/imagenes/categorias/06628bf29f4379c812bb4a3772a785d45a5453fd.jpg,Uso documental no equivale a aprobación de propósito/identidad de medios.,R10_MEDIA_DERIVATIVE,CONFIRMED,SKIP,R-M02,LOW,,media-master.csv:multimedia/imagenes/categorias/06628bf29f4379c812bb4a3772a785d45a5453fd.jpg original_ids=72 usage=IMAGE_APPARENTLY_UNUSED|DERIVED,"Derivado generado por el CMS legacy a partir de un original conservado, sin referencia publica directa. WordPress regenera sus propios tamanos. El original se decide por separado."
media,asset:multimedia/imagenes/categorias/0a09543a3babd4af8c7ec51dde1568aa91104888.jpg,Uso documental no equivale a aprobación de propósito/identidad de medios.,R10_MEDIA_DERIVATIVE,CONFIRMED,SKIP,R-M02,LOW,,media-master.csv:multimedia/imagenes/categorias/0a09543a3babd4af8c7ec51dde1568aa91104888.jpg original_ids=44 usage=IMAGE_APPARENTLY_UNUSED|DERIVED,"Derivado generado por el CMS legacy a partir de un original conservado, sin referencia publica directa. WordPress regenera sus propios tamanos. El original se decide por separado."
media,asset:multimedia/imagenes/categorias/0b171bb0fab4ef2ff35f6565e00d00dce803931c.jpg,Uso documental no equivale a aprobación de propósito/identidad de medios.,R10_MEDIA_DERIVATIVE,CONFIRMED,SKIP,R-M02,LOW,,media-master.csv:multimedia/imagenes/categorias/0b171bb0fab4ef2ff35f6565e00d00dce803931c.jpg original_ids=160 usage=IMAGE_APPARENTLY_UNUSED|DERIVED,"Derivado generado por el CMS legacy a partir de un original conservado, sin referencia publica directa. WordPress regenera sus propios tamanos. El original se decide por separado."
media,asset:multimedia/imagenes/categorias/0cfb58d8f2f64de5560d5d5b3143eede8a398f5e.jpg,Uso documental no equivale a aprobación de propósito/identidad de medios.,R10_MEDIA_DERIVATIVE,CONFIRMED,SKIP,R-M02,LOW,,media-master.csv:multimedia/imagenes/categorias/0cfb58d8f2f64de5560d5d5b3143eede8a398f5e.jpg original_ids=76 usage=IMAGE_APPARENTLY_UNUSED|DERIVED,"Derivado generado por el CMS legacy a partir de un original conservado, sin referencia publica directa. WordPress regenera sus propios tamanos. El original se decide por separado."
media,asset:multimedia/imagenes/categorias/0ea36d903ea29b6aa97f368f15c9696c18c54303.jpg,Uso documental no equivale a aprobación de propósito/identidad de medios.,R10_MEDIA_DERIVATIVE,CONFIRMED,SKIP,R-M02,LOW,,media-master.csv:multimedia/imagenes/categorias/0ea36d903ea29b6aa97f368f15c9696c18c54303.jpg original_ids=128 usage=IMAGE_APPARENTLY_UNUSED|DERIVED,"Derivado generado por el CMS legacy a partir de un original conservado, sin referencia publica directa. WordPress regenera sus propios tamanos. El original se decide por separado."
media,asset:multimedia/imagenes/categorias/0edf5e776fb7c7d5fb15c1a67320df1dbaaa07fd.jpg,Uso documental no equivale a aprobación de propósito/identidad de medios.,R10_MEDIA_DERIVATIVE,CONFIRMED,SKIP,R-M02,LOW,,media-master.csv:multimedia/imagenes/categorias/0edf5e776fb7c7d5fb15c1a67320df1dbaaa07fd.jpg original_ids=60|68 usage=IMAGE_APPARENTLY_UNUSED|DERIVED,"Derivado generado por el CMS legacy a partir de un original conservado, sin referencia publica directa. WordPress regenera sus propios tamanos. El original se decide por separado."
media,asset:multimedia/imagenes/categorias/0f6740d1e3a9e75151f0c89af3f2832253d394c6.jpg,Uso documental no equivale a aprobación de propósito/identidad de medios.,R10_MEDIA_DERIVATIVE,CONFIRMED,SKIP,R-M02,LOW,,media-master.csv:multimedia/imagenes/categorias/0f6740d1e3a9e75151f0c89af3f2832253d394c6.jpg original_ids=156 usage=IMAGE_APPARENTLY_UNUSED|DERIVED,"Derivado generado por el CMS legacy a partir de un original conservado, sin referencia publica directa. WordPress regenera sus propios tamanos. El original se decide por separado."
media,asset:multimedia/imagenes/categorias/0f9e3e6b05fba1419f7cfc6a265335db09db367a.jpg,Uso documental no equivale a aprobación de propósito/identidad de medios.,R10_MEDIA_DERIVATIVE,CONFIRMED,SKIP,R-M02,LOW,,media-master.csv:multimedia/imagenes/categorias/0f9e3e6b05fba1419f7cfc6a265335db09db367a.jpg original_ids=80 usage=IMAGE_APPARENTLY_UNUSED|DERIVED,"Derivado generado por el CMS legacy a partir de un original conservado, sin referencia publica directa. WordPress regenera sus propios tamanos. El original se decide por separado."
media,asset:multimedia/imagenes/categorias/1273b44cb7fea331d80071724f13afdf72a997e7.jpg,Uso documental no equivale a aprobación de propósito/identidad de medios.,R10_MEDIA_DERIVATIVE,CONFIRMED,SKIP,R-M02,LOW,,media-master.csv:multimedia/imagenes/categorias/1273b44cb7fea331d80071724f13afdf72a997e7.jpg original_ids=27 usage=IMAGE_APPARENTLY_UNUSED|DERIVED,"Derivado generado por el CMS legacy a partir de un original conservado, sin referencia publica directa. WordPress regenera sus propios tamanos. El original se decide por separado."
media,asset:multimedia/imagenes/categorias/17a21eba3e7af6ee97482516ddad6a5b42e19bcf.jpg,Uso documental no equivale a aprobación de propósito/identidad de medios.,R10_MEDIA_DERIVATIVE,CONFIRMED,SKIP,R-M02,LOW,,media-master.csv:multimedia/imagenes/categorias/17a21eba3e7af6ee97482516ddad6a5b42e19bcf.jpg original_ids=120 usage=IMAGE_APPARENTLY_UNUSED|DERIVED,"Derivado generado por el CMS legacy a partir de un original conservado, sin referencia publica directa. WordPress regenera sus propios tamanos. El original se decide por separado."
media,asset:multimedia/imagenes/categorias/181faae1dcfb99c61b24f4b1b55bf54eb39bec74.jpg,Uso documental no equivale a aprobación de propósito/identidad de medios.,R10_MEDIA_DERIVATIVE,CONFIRMED,SKIP,R-M02,LOW,,media-master.csv:multimedia/imagenes/categorias/181faae1dcfb99c61b24f4b1b55bf54eb39bec74.jpg original_ids=156 usage=IMAGE_APPARENTLY_UNUSED|DERIVED,"Derivado generado por el CMS legacy a partir de un original conservado, sin referencia publica directa. WordPress regenera sus propios tamanos. El original se decide por separado."
media,asset:multimedia/imagenes/categorias/1f08c992ec5ff11246b3c2c99fab1a38f63cd586.jpg,Uso documental no equivale a aprobación de propósito/identidad de medios.,R10_MEDIA_DERIVATIVE,CONFIRMED,SKIP,R-M02,LOW,,media-master.csv:multimedia/imagenes/categorias/1f08c992ec5ff11246b3c2c99fab1a38f63cd586.jpg original_ids=84 usage=IMAGE_APPARENTLY_UNUSED|DERIVED,"Derivado generado por el CMS legacy a partir de un original conservado, sin referencia publica directa. WordPress regenera sus propios tamanos. El original se decide por separado."
media,asset:multimedia/imagenes/categorias/21fa9a025a79c31b3f94d18bb88051a29cd1feac.png,Uso documental no equivale a aprobación de propósito/identidad de medios.,R10_MEDIA_DERIVATIVE,CONFIRMED,SKIP,R-M02,LOW,,media-master.csv:multimedia/imagenes/categorias/21fa9a025a79c31b3f94d18bb88051a29cd1feac.png original_ids=116 usage=IMAGE_APPARENTLY_UNUSED|DERIVED,"Derivado generado por el CMS legacy a partir de un original conservado, sin referencia publica directa. WordPress regenera sus propios tamanos. El original se decide por separado."
media,asset:multimedia/imagenes/categorias/2796b3a1d22bbf5e8f406e7a5dcdc12c553c9cff.jpg,Uso documental no equivale a aprobación de propósito/identidad de medios.,R10_MEDIA_DERIVATIVE,CONFIRMED,SKIP,R-M02,LOW,,media-master.csv:multimedia/imagenes/categorias/2796b3a1d22bbf5e8f406e7a5dcdc12c553c9cff.jpg original_ids=92 usage=IMAGE_APPARENTLY_UNUSED|DERIVED,"Derivado generado por el CMS legacy a partir de un original conservado, sin referencia publica directa. WordPress regenera sus propios tamanos. El original se decide por separado."
media,asset:multimedia/imagenes/categorias/2c8a47701b16d1dac245ea4437b1412efaa80708.jpg,Uso documental no equivale a aprobación de propósito/identidad de medios.,R10_MEDIA_DERIVATIVE,CONFIRMED,SKIP,R-M02,LOW,,media-master.csv:multimedia/imagenes/categorias/2c8a47701b16d1dac245ea4437b1412efaa80708.jpg original_ids=160 usage=IMAGE_APPARENTLY_UNUSED|DERIVED,"Derivado generado por el CMS legacy a partir de un original conservado, sin referencia publica directa. WordPress regenera sus propios tamanos. El original se decide por separado."
media,asset:multimedia/imagenes/categorias/2f90e8bd3fd035a9da7cc88f5e54763dbe71eb65.jpg,Uso documental no equivale a aprobación de propósito/identidad de medios.,R10_MEDIA_DERIVATIVE,CONFIRMED,SKIP,R-M02,LOW,,media-master.csv:multimedia/imagenes/categorias/2f90e8bd3fd035a9da7cc88f5e54763dbe71eb65.jpg original_ids=104 usage=IMAGE_APPARENTLY_UNUSED|DERIVED,"Derivado generado por el CMS legacy a partir de un original conservado, sin referencia publica directa. WordPress regenera sus propios tamanos. El original se decide por separado."
media,asset:multimedia/imagenes/categorias/30014f61ec40c649baa0fa4ea15a4e8b067e78e8.jpg,Uso documental no equivale a aprobación de propósito/identidad de medios.,R10_MEDIA_DERIVATIVE,CONFIRMED,SKIP,R-M02,LOW,,media-master.csv:multimedia/imagenes/categorias/30014f61ec40c649baa0fa4ea15a4e8b067e78e8.jpg original_ids=96 usage=IMAGE_APPARENTLY_UNUSED|DERIVED,"Derivado generado por el CMS legacy a partir de un original conservado, sin referencia publica directa. WordPress regenera sus propios tamanos. El original se decide por separado."
media,asset:multimedia/imagenes/categorias/307fdf976b3d333b75e619efb8c145ab31e593dc.jpg,Uso documental no equivale a aprobación de propósito/identidad de medios.,R10_MEDIA_DERIVATIVE,CONFIRMED,SKIP,R-M02,LOW,,media-master.csv:multimedia/imagenes/categorias/307fdf976b3d333b75e619efb8c145ab31e593dc.jpg original_ids=152 usage=IMAGE_APPARENTLY_UNUSED|DERIVED,"Derivado generado por el CMS legacy a partir de un original conservado, sin referencia publica directa. WordPress regenera sus propios tamanos. El original se decide por separado."
media,asset:multimedia/imagenes/categorias/3209bcc4f3913b7e093067ab4198c0dd1919285a.png,Uso documental no equivale a aprobación de propósito/identidad de medios.,R10_MEDIA_DERIVATIVE,CONFIRMED,SKIP,R-M02,LOW,,media-master.csv:multimedia/imagenes/categorias/3209bcc4f3913b7e093067ab4198c0dd1919285a.png original_ids=140 usage=IMAGE_APPARENTLY_UNUSED|DERIVED,"Derivado generado por el CMS legacy a partir de un original conservado, sin referencia publica directa. WordPress regenera sus propios tamanos. El original se decide por separado."
media,asset:multimedia/imagenes/categorias/3406ae21b1fce7c365a914e031abdc7087b0025b.jpg,Uso documental no equivale a aprobación de propósito/identidad de medios.,R10_MEDIA_DERIVATIVE,CONFIRMED,SKIP,R-M02,LOW,,media-master.csv:multimedia/imagenes/categorias/3406ae21b1fce7c365a914e031abdc7087b0025b.jpg original_ids=152 usage=IMAGE_APPARENTLY_UNUSED|DERIVED,"Derivado generado por el CMS legacy a partir de un original conservado, sin referencia publica directa. WordPress regenera sus propios tamanos. El original se decide por separado."
media,asset:multimedia/imagenes/categorias/36fd2d5b2f378a67bdd6ab16346bf83c1cd73038.jpg,Uso documental no equivale a aprobación de propósito/identidad de medios.,R10_MEDIA_DERIVATIVE,CONFIRMED,SKIP,R-M02,LOW,,media-master.csv:multimedia/imagenes/categorias/36fd2d5b2f378a67bdd6ab16346bf83c1cd73038.jpg original_ids=148 usage=IMAGE_APPARENTLY_UNUSED|DERIVED,"Derivado generado por el CMS legacy a partir de un original conservado, sin referencia publica directa. WordPress regenera sus propios tamanos. El original se decide por separado."
media,asset:multimedia/imagenes/categorias/37b40cb15d4ce16f5ec13739e621730982b42b69.jpg,Uso documental no equivale a aprobación de propósito/identidad de medios.,R10_MEDIA_DERIVATIVE,CONFIRMED,SKIP,R-M02,LOW,,media-master.csv:multimedia/imagenes/categorias/37b40cb15d4ce16f5ec13739e621730982b42b69.jpg original_ids=144 usage=IMAGE_APPARENTLY_UNUSED|DERIVED,"Derivado generado por el CMS legacy a partir de un original conservado, sin referencia publica directa. WordPress regenera sus propios tamanos. El original se decide por separado."
media,asset:multimedia/imagenes/categorias/381cccddca9068f4f928c85a45b3fbf221cae6a9.jpg,Uso documental no equivale a aprobación de propósito/identidad de medios.,R10_MEDIA_DERIVATIVE,CONFIRMED,SKIP,R-M02,LOW,,media-master.csv:multimedia/imagenes/categorias/381cccddca9068f4f928c85a45b3fbf221cae6a9.jpg original_ids=112 usage=IMAGE_APPARENTLY_UNUSED|DERIVED|EXACT_DUPLICATE_BYTES,"Derivado generado por el CMS legacy a partir de un original conservado, sin referencia publica directa. WordPress regenera sus propios tamanos. El original se decide por separado."
media,asset:multimedia/imagenes/categorias/3895266c5e9f7b5167566e2eb2f00061cee5ef27.jpg,Uso documental no equivale a aprobación de propósito/identidad de medios.,R10_MEDIA_DERIVATIVE,CONFIRMED,SKIP,R-M02,LOW,,media-master.csv:multimedia/imagenes/categorias/3895266c5e9f7b5167566e2eb2f00061cee5ef27.jpg original_ids=128 usage=IMAGE_APPARENTLY_UNUSED|DERIVED,"Derivado generado por el CMS legacy a partir de un original conservado, sin referencia publica directa. WordPress regenera sus propios tamanos. El original se decide por separado."
media,asset:multimedia/imagenes/categorias/3c6f460cc1486506219239ca2b7e5a8e8ad87a60.jpg,Uso documental no equivale a aprobación de propósito/identidad de medios.,R10_MEDIA_DERIVATIVE,CONFIRMED,SKIP,R-M02,LOW,,media-master.csv:multimedia/imagenes/categorias/3c6f460cc1486506219239ca2b7e5a8e8ad87a60.jpg original_ids=100|132 usage=IMAGE_APPARENTLY_UNUSED|DERIVED|EXACT_DUPLICATE_BYTES,"Derivado generado por el CMS legacy a partir de un original conservado, sin referencia publica directa. WordPress regenera sus propios tamanos. El original se decide por separado."
media,asset:multimedia/imagenes/categorias/3ddaeb1071fba1aaf58c92e17454b6da7a867d65.jpg,Uso documental no equivale a aprobación de propósito/identidad de medios.,R10_MEDIA_DERIVATIVE,CONFIRMED,SKIP,R-M02,LOW,,media-master.csv:multimedia/imagenes/categorias/3ddaeb1071fba1aaf58c92e17454b6da7a867d65.jpg original_ids=15 usage=IMAGE_APPARENTLY_UNUSED|DERIVED,"Derivado generado por el CMS legacy a partir de un original conservado, sin referencia publica directa. WordPress regenera sus propios tamanos. El original se decide por separado."
media,asset:multimedia/imagenes/categorias/42336e73dccedae9650caacf0b1fa34d2449b810.jpg,Uso documental no equivale a aprobación de propósito/identidad de medios.,R10_MEDIA_DERIVATIVE,CONFIRMED,SKIP,R-M02,LOW,,media-master.csv:multimedia/imagenes/categorias/42336e73dccedae9650caacf0b1fa34d2449b810.jpg original_ids=80 usage=IMAGE_APPARENTLY_UNUSED|DERIVED,"Derivado generado por el CMS legacy a partir de un original conservado, sin referencia publica directa. WordPress regenera sus propios tamanos. El original se decide por separado."
media,asset:multimedia/imagenes/categorias/4642ed1152768003ba74c0c5b07deb1b7b6d25b5.jpg,Uso documental no equivale a aprobación de propósito/identidad de medios.,R10_MEDIA_DERIVATIVE,CONFIRMED,SKIP,R-M02,LOW,,media-master.csv:multimedia/imagenes/categorias/4642ed1152768003ba74c0c5b07deb1b7b6d25b5.jpg original_ids=112 usage=IMAGE_APPARENTLY_UNUSED|DERIVED|EXACT_DUPLICATE_BYTES,"Derivado generado por el CMS legacy a partir de un original conservado, sin referencia publica directa. WordPress regenera sus propios tamanos. El original se decide por separado."
media,asset:multimedia/imagenes/categorias/472af368af5ea63215b4fb5bf50b70333407565c.jpg,Uso documental no equivale a aprobación de propósito/identidad de medios.,R10_MEDIA_DERIVATIVE,CONFIRMED,SKIP,R-M02,LOW,,media-master.csv:multimedia/imagenes/categorias/472af368af5ea63215b4fb5bf50b70333407565c.jpg original_ids=48 usage=IMAGE_APPARENTLY_UNUSED|DERIVED,"Derivado generado por el CMS legacy a partir de un original conservado, sin referencia publica directa. WordPress regenera sus propios tamanos. El original se decide por separado."
media,asset:multimedia/imagenes/categorias/4743716b36d08853d49c8cdb4c43b932ec851f53.jpg,Uso documental no equivale a aprobación de propósito/identidad de medios.,R10_MEDIA_DERIVATIVE,CONFIRMED,SKIP,R-M02,LOW,,media-master.csv:multimedia/imagenes/categorias/4743716b36d08853d49c8cdb4c43b932ec851f53.jpg original_ids=36 usage=IMAGE_APPARENTLY_UNUSED|DERIVED,"Derivado generado por el CMS legacy a partir de un original conservado, sin referencia publica directa. WordPress regenera sus propios tamanos. El original se decide por separado."
media,asset:multimedia/imagenes/categorias/4c6bb8fc4dc4cfb9ac3cd319aaa4e90bd9bc4290.jpg,Uso documental no equivale a aprobación de propósito/identidad de medios.,R10_MEDIA_DERIVATIVE,CONFIRMED,SKIP,R-M02,LOW,,media-master.csv:multimedia/imagenes/categorias/4c6bb8fc4dc4cfb9ac3cd319aaa4e90bd9bc4290.jpg original_ids=15 usage=IMAGE_APPARENTLY_UNUSED|DERIVED,"Derivado generado por el CMS legacy a partir de un original conservado, sin referencia publica directa. WordPress regenera sus propios tamanos. El original se decide por separado."
media,asset:multimedia/imagenes/categorias/4cecb81fc859ba53c31452341aa945cb0a739f32.png,Uso documental no equivale a aprobación de propósito/identidad de medios.,R10_MEDIA_DERIVATIVE,CONFIRMED,SKIP,R-M02,LOW,,media-master.csv:multimedia/imagenes/categorias/4cecb81fc859ba53c31452341aa945cb0a739f32.png original_ids=136 usage=IMAGE_APPARENTLY_UNUSED|DERIVED|EXACT_DUPLICATE_BYTES,"Derivado generado por el CMS legacy a partir de un original conservado, sin referencia publica directa. WordPress regenera sus propios tamanos. El original se decide por separado."
media,asset:multimedia/imagenes/categorias/515b43c73aa1c45d1bf85899211f9a437fede341.png,Uso documental no equivale a aprobación de propósito/identidad de medios.,R10_MEDIA_DERIVATIVE,CONFIRMED,SKIP,R-M02,LOW,,media-master.csv:multimedia/imagenes/categorias/515b43c73aa1c45d1bf85899211f9a437fede341.png original_ids=116 usage=IMAGE_APPARENTLY_UNUSED|DERIVED,"Derivado generado por el CMS legacy a partir de un original conservado, sin referencia publica directa. WordPress regenera sus propios tamanos. El original se decide por separado."
media,asset:multimedia/imagenes/categorias/57916324f5c6bdf483e67a51dc944c6604195e81.jpg,Uso documental no equivale a aprobación de propósito/identidad de medios.,R10_MEDIA_DERIVATIVE,CONFIRMED,SKIP,R-M02,LOW,,media-master.csv:multimedia/imagenes/categorias/57916324f5c6bdf483e67a51dc944c6604195e81.jpg original_ids=76 usage=IMAGE_APPARENTLY_UNUSED|DERIVED,"Derivado generado por el CMS legacy a partir de un original conservado, sin referencia publica directa. WordPress regenera sus propios tamanos. El original se decide por separado."
media,asset:multimedia/imagenes/categorias/5c05ee88500e24495e6b148467b18d61a10ff979.jpg,Uso documental no equivale a aprobación de propósito/identidad de medios.,R10_MEDIA_DERIVATIVE,CONFIRMED,SKIP,R-M02,LOW,,media-master.csv:multimedia/imagenes/categorias/5c05ee88500e24495e6b148467b18d61a10ff979.jpg original_ids=128 usage=IMAGE_APPARENTLY_UNUSED|DERIVED,"Derivado generado por el CMS legacy a partir de un original conservado, sin referencia publica directa. WordPress regenera sus propios tamanos. El original se decide por separado."
media,asset:multimedia/imagenes/categorias/6289170103009cfee50408d11cacac9708d82806.jpg,Uso documental no equivale a aprobación de propósito/identidad de medios.,R10_MEDIA_DERIVATIVE,CONFIRMED,SKIP,R-M02,LOW,,media-master.csv:multimedia/imagenes/categorias/6289170103009cfee50408d11cacac9708d82806.jpg original_ids=120 usage=IMAGE_APPARENTLY_UNUSED|DERIVED,"Derivado generado por el CMS legacy a partir de un original conservado, sin referencia publica directa. WordPress regenera sus propios tamanos. El original se decide por separado."
media,asset:multimedia/imagenes/categorias/62d26b7dcc4290671a007978a3e7cb7893218226.jpg,Uso documental no equivale a aprobación de propósito/identidad de medios.,R10_MEDIA_DERIVATIVE,CONFIRMED,SKIP,R-M02,LOW,,media-master.csv:multimedia/imagenes/categorias/62d26b7dcc4290671a007978a3e7cb7893218226.jpg original_ids=44 usage=IMAGE_APPARENTLY_UNUSED|DERIVED,"Derivado generado por el CMS legacy a partir de un original conservado, sin referencia publica directa. WordPress regenera sus propios tamanos. El original se decide por separado."
media,asset:multimedia/imagenes/categorias/6aa14c2ecbd51294160da91cd0916109846e0a65.jpg,Uso documental no equivale a aprobación de propósito/identidad de medios.,R10_MEDIA_DERIVATIVE,CONFIRMED,SKIP,R-M02,LOW,,media-master.csv:multimedia/imagenes/categorias/6aa14c2ecbd51294160da91cd0916109846e0a65.jpg original_ids=88 usage=IMAGE_APPARENTLY_UNUSED|DERIVED,"Derivado generado por el CMS legacy a partir de un original conservado, sin referencia publica directa. WordPress regenera sus propios tamanos. El original se decide por separado."
media,asset:multimedia/imagenes/categorias/73e404c9ef4bc5a5e6a3576c4f2c0f7ed9b44fda.jpg,Uso documental no equivale a aprobación de propósito/identidad de medios.,R10_MEDIA_DERIVATIVE,CONFIRMED,SKIP,R-M02,LOW,,media-master.csv:multimedia/imagenes/categorias/73e404c9ef4bc5a5e6a3576c4f2c0f7ed9b44fda.jpg original_ids=100|132 usage=IMAGE_APPARENTLY_UNUSED|DERIVED|EXACT_DUPLICATE_BYTES,"Derivado generado por el CMS legacy a partir de un original conservado, sin referencia publica directa. WordPress regenera sus propios tamanos. El original se decide por separado."
media,asset:multimedia/imagenes/categorias/7970c0c0dd68e0beb8cb5debc8ab8bf3112bc1c7.jpg,Uso documental no equivale a aprobación de propósito/identidad de medios.,R10_MEDIA_DERIVATIVE,CONFIRMED,SKIP,R-M02,LOW,,media-master.csv:multimedia/imagenes/categorias/7970c0c0dd68e0beb8cb5debc8ab8bf3112bc1c7.jpg original_ids=48 usage=IMAGE_APPARENTLY_UNUSED|DERIVED,"Derivado generado por el CMS legacy a partir de un original conservado, sin referencia publica directa. WordPress regenera sus propios tamanos. El original se decide por separado."
media,asset:multimedia/imagenes/categorias/85289e572e3a01ca44fd21d11895fc064badcb98.png,Uso documental no equivale a aprobación de propósito/identidad de medios.,R10_MEDIA_DERIVATIVE,CONFIRMED,SKIP,R-M02,LOW,,media-master.csv:multimedia/imagenes/categorias/85289e572e3a01ca44fd21d11895fc064badcb98.png original_ids=136 usage=IMAGE_APPARENTLY_UNUSED|DERIVED,"Derivado generado por el CMS legacy a partir de un original conservado, sin referencia publica directa. WordPress regenera sus propios tamanos. El original se decide por separado."
media,asset:multimedia/imagenes/categorias/87a7f2f411790a4bc6e59e8b63c0ee37904a5610.png,Uso documental no equivale a aprobación de propósito/identidad de medios.,R10_MEDIA_DERIVATIVE,CONFIRMED,SKIP,R-M02,LOW,,media-master.csv:multimedia/imagenes/categorias/87a7f2f411790a4bc6e59e8b63c0ee37904a5610.png original_ids=108 usage=IMAGE_APPARENTLY_UNUSED|DERIVED,"Derivado generado por el CMS legacy a partir de un original conservado, sin referencia publica directa. WordPress regenera sus propios tamanos. El original se decide por separado."
media,asset:multimedia/imagenes/categorias/8c12a4fa46746e8273fa31b0446dc58c4e45f9ab.jpg,Uso documental no equivale a aprobación de propósito/identidad de medios.,R10_MEDIA_DERIVATIVE,CONFIRMED,SKIP,R-M02,LOW,,media-master.csv:multimedia/imagenes/categorias/8c12a4fa46746e8273fa31b0446dc58c4e45f9ab.jpg original_ids=60|68 usage=IMAGE_APPARENTLY_UNUSED|DERIVED,"Derivado generado por el CMS legacy a partir de un original conservado, sin referencia publica directa. WordPress regenera sus propios tamanos. El original se decide por separado."
media,asset:multimedia/imagenes/categorias/92f0a121e30874685886bc84d73b8a0095a12d51.jpg,Uso documental no equivale a aprobación de propósito/identidad de medios.,R10_MEDIA_DERIVATIVE,CONFIRMED,SKIP,R-M02,LOW,,media-master.csv:multimedia/imagenes/categorias/92f0a121e30874685886bc84d73b8a0095a12d51.jpg original_ids=52 usage=IMAGE_APPARENTLY_UNUSED|DERIVED,"Derivado generado por el CMS legacy a partir de un original conservado, sin referencia publica directa. WordPress regenera sus propios tamanos. El original se decide por separado."
media,asset:multimedia/imagenes/categorias/9518132905db9212212811e71bedbdb1335865ea.jpg,Uso documental no equivale a aprobación de propósito/identidad de medios.,R10_MEDIA_DERIVATIVE,CONFIRMED,SKIP,R-M02,LOW,,media-master.csv:multimedia/imagenes/categorias/9518132905db9212212811e71bedbdb1335865ea.jpg original_ids=124 usage=IMAGE_APPARENTLY_UNUSED|DERIVED|EXACT_DUPLICATE_BYTES,"Derivado generado por el CMS legacy a partir de un original conservado, sin referencia publica directa. WordPress regenera sus propios tamanos. El original se decide por separado."
media,asset:multimedia/imagenes/categorias/95559418eeb6380d3d63011f2133abdafd7ad83b.jpg,Uso documental no equivale a aprobación de propósito/identidad de medios.,R10_MEDIA_DERIVATIVE,CONFIRMED,SKIP,R-M02,LOW,,media-master.csv:multimedia/imagenes/categorias/95559418eeb6380d3d63011f2133abdafd7ad83b.jpg original_ids=148 usage=IMAGE_APPARENTLY_UNUSED|DERIVED,"Derivado generado por el CMS legacy a partir de un original conservado, sin referencia publica directa. WordPress regenera sus propios tamanos. El original se decide por separado."
media,asset:multimedia/imagenes/categorias/9989990198bbae12dadf41624629613e330c4a4e.jpg,Uso documental no equivale a aprobación de propósito/identidad de medios.,R10_MEDIA_DERIVATIVE,CONFIRMED,SKIP,R-M02,LOW,,media-master.csv:multimedia/imagenes/categorias/9989990198bbae12dadf41624629613e330c4a4e.jpg original_ids=52 usage=IMAGE_APPARENTLY_UNUSED|DERIVED,"Derivado generado por el CMS legacy a partir de un original conservado, sin referencia publica directa. WordPress regenera sus propios tamanos. El original se decide por separado."
media,asset:multimedia/imagenes/categorias/9a569da63e3a813779fc89cab5bace690d727013.jpg,Uso documental no equivale a aprobación de propósito/identidad de medios.,R10_MEDIA_DERIVATIVE,CONFIRMED,SKIP,R-M02,LOW,,media-master.csv:multimedia/imagenes/categorias/9a569da63e3a813779fc89cab5bace690d727013.jpg original_ids=48 usage=IMAGE_APPARENTLY_UNUSED|DERIVED,"Derivado generado por el CMS legacy a partir de un original conservado, sin referencia publica directa. WordPress regenera sus propios tamanos. El original se decide por separado."
media,asset:multimedia/imagenes/categorias/9aa38823e5b22f19d72fa30337e9b3f497cc70e2.jpg,Uso documental no equivale a aprobación de propósito/identidad de medios.,R10_MEDIA_DERIVATIVE,CONFIRMED,SKIP,R-M02,LOW,,media-master.csv:multimedia/imagenes/categorias/9aa38823e5b22f19d72fa30337e9b3f497cc70e2.jpg original_ids=11 usage=IMAGE_APPARENTLY_UNUSED|DERIVED,"Derivado generado por el CMS legacy a partir de un original conservado, sin referencia publica directa. WordPress regenera sus propios tamanos. El original se decide por separado."
media,asset:multimedia/imagenes/categorias/9b7e698f83991a058eccae73a155559aab8814f2.jpg,Uso documental no equivale a aprobación de propósito/identidad de medios.,R10_MEDIA_DERIVATIVE,CONFIRMED,SKIP,R-M02,LOW,,media-master.csv:multimedia/imagenes/categorias/9b7e698f83991a058eccae73a155559aab8814f2.jpg original_ids=84 usage=IMAGE_APPARENTLY_UNUSED|DERIVED,"Derivado generado por el CMS legacy a partir de un original conservado, sin referencia publica directa. WordPress regenera sus propios tamanos. El original se decide por separado."
media,asset:multimedia/imagenes/categorias/9d9a20408df6436de90f0aa343b1a735684da6bf.jpg,Uso documental no equivale a aprobación de propósito/identidad de medios.,R10_MEDIA_DERIVATIVE,CONFIRMED,SKIP,R-M02,LOW,,media-master.csv:multimedia/imagenes/categorias/9d9a20408df6436de90f0aa343b1a735684da6bf.jpg original_ids=92 usage=IMAGE_APPARENTLY_UNUSED|DERIVED,"Derivado generado por el CMS legacy a partir de un original conservado, sin referencia publica directa. WordPress regenera sus propios tamanos. El original se decide por separado."
media,asset:multimedia/imagenes/categorias/9f2f4d7601bb79d991cf17d788513fe458d891d3.jpg,Uso documental no equivale a aprobación de propósito/identidad de medios.,R10_MEDIA_DERIVATIVE,CONFIRMED,SKIP,R-M02,LOW,,media-master.csv:multimedia/imagenes/categorias/9f2f4d7601bb79d991cf17d788513fe458d891d3.jpg original_ids=60|68 usage=IMAGE_APPARENTLY_UNUSED|DERIVED,"Derivado generado por el CMS legacy a partir de un original conservado, sin referencia publica directa. WordPress regenera sus propios tamanos. El original se decide por separado."
media,asset:multimedia/imagenes/categorias/a1ca3275f32c31d7e6a3c8f597d1a18a53516e63.jpg,Uso documental no equivale a aprobación de propósito/identidad de medios.,R10_MEDIA_DERIVATIVE,CONFIRMED,SKIP,R-M02,LOW,,media-master.csv:multimedia/imagenes/categorias/a1ca3275f32c31d7e6a3c8f597d1a18a53516e63.jpg original_ids=104 usage=IMAGE_APPARENTLY_UNUSED|DERIVED,"Derivado generado por el CMS legacy a partir de un original conservado, sin referencia publica directa. WordPress regenera sus propios tamanos. El original se decide por separado."
media,asset:multimedia/imagenes/categorias/a4633a99aa959e57a39bda53a945844932c4053e.jpg,Uso documental no equivale a aprobación de propósito/identidad de medios.,R10_MEDIA_DERIVATIVE,CONFIRMED,SKIP,R-M02,LOW,,media-master.csv:multimedia/imagenes/categorias/a4633a99aa959e57a39bda53a945844932c4053e.jpg original_ids=15 usage=IMAGE_APPARENTLY_UNUSED|DERIVED,"Derivado generado por el CMS legacy a partir de un original conservado, sin referencia publica directa. WordPress regenera sus propios tamanos. El original se decide por separado."
media,asset:multimedia/imagenes/categorias/a4dcd01b6e1434b3b7e1cea35d72cf3430b134b4.jpg,Uso documental no equivale a aprobación de propósito/identidad de medios.,R10_MEDIA_DERIVATIVE,CONFIRMED,SKIP,R-M02,LOW,,media-master.csv:multimedia/imagenes/categorias/a4dcd01b6e1434b3b7e1cea35d72cf3430b134b4.jpg original_ids=76 usage=IMAGE_APPARENTLY_UNUSED|DERIVED,"Derivado generado por el CMS legacy a partir de un original conservado, sin referencia publica directa. WordPress regenera sus propios tamanos. El original se decide por separado."
media,asset:multimedia/imagenes/categorias/a677a5e6752184987a95b860f7c32f53270407f0.jpg,Uso documental no equivale a aprobación de propósito/identidad de medios.,R10_MEDIA_DERIVATIVE,CONFIRMED,SKIP,R-M02,LOW,,media-master.csv:multimedia/imagenes/categorias/a677a5e6752184987a95b860f7c32f53270407f0.jpg original_ids=144 usage=IMAGE_APPARENTLY_UNUSED|DERIVED,"Derivado generado por el CMS legacy a partir de un original conservado, sin referencia publica directa. WordPress regenera sus propios tamanos. El original se decide por separado."
media,asset:multimedia/imagenes/categorias/af80b503771468234ea3335ed9a79f053ac97ac9.jpg,Uso documental no equivale a aprobación de propósito/identidad de medios.,R10_MEDIA_DERIVATIVE,CONFIRMED,SKIP,R-M02,LOW,,media-master.csv:multimedia/imagenes/categorias/af80b503771468234ea3335ed9a79f053ac97ac9.jpg original_ids=152 usage=IMAGE_APPARENTLY_UNUSED|DERIVED,"Derivado generado por el CMS legacy a partir de un original conservado, sin referencia publica directa. WordPress regenera sus propios tamanos. El original se decide por separado."
media,asset:multimedia/imagenes/categorias/b0b0544e480122ffd155693ea3e945cff098a235.jpg,Uso documental no equivale a aprobación de propósito/identidad de medios.,R10_MEDIA_DERIVATIVE,CONFIRMED,SKIP,R-M02,LOW,,media-master.csv:multimedia/imagenes/categorias/b0b0544e480122ffd155693ea3e945cff098a235.jpg original_ids=72 usage=IMAGE_APPARENTLY_UNUSED|DERIVED,"Derivado generado por el CMS legacy a partir de un original conservado, sin referencia publica directa. WordPress regenera sus propios tamanos. El original se decide por separado."
media,asset:multimedia/imagenes/categorias/b0febde0c13d86cada3c1dc5a24f75d0bf60b9c2.jpg,Uso documental no equivale a aprobación de propósito/identidad de medios.,R10_MEDIA_DERIVATIVE,CONFIRMED,SKIP,R-M02,LOW,,media-master.csv:multimedia/imagenes/categorias/b0febde0c13d86cada3c1dc5a24f75d0bf60b9c2.jpg original_ids=36 usage=IMAGE_APPARENTLY_UNUSED|DERIVED,"Derivado generado por el CMS legacy a partir de un original conservado, sin referencia publica directa. WordPress regenera sus propios tamanos. El original se decide por separado."
media,asset:multimedia/imagenes/categorias/b20676a561943df5b36736c402a5944725d918c6.jpg,Uso documental no equivale a aprobación de propósito/identidad de medios.,R10_MEDIA_DERIVATIVE,CONFIRMED,SKIP,R-M02,LOW,,media-master.csv:multimedia/imagenes/categorias/b20676a561943df5b36736c402a5944725d918c6.jpg original_ids=104 usage=IMAGE_APPARENTLY_UNUSED|DERIVED,"Derivado generado por el CMS legacy a partir de un original conservado, sin referencia publica directa. WordPress regenera sus propios tamanos. El original se decide por separado."
media,asset:multimedia/imagenes/categorias/b84c70fd47dcc2b46b4e518727ce00f0ea8a6356.jpg,Uso documental no equivale a aprobación de propósito/identidad de medios.,R10_MEDIA_DERIVATIVE,CONFIRMED,SKIP,R-M02,LOW,,media-master.csv:multimedia/imagenes/categorias/b84c70fd47dcc2b46b4e518727ce00f0ea8a6356.jpg original_ids=11 usage=IMAGE_APPARENTLY_UNUSED|DERIVED,"Derivado generado por el CMS legacy a partir de un original conservado, sin referencia publica directa. WordPress regenera sus propios tamanos. El original se decide por separado."
media,asset:multimedia/imagenes/categorias/b8c2dada643f433f713d22becd5ffb6cdd48d070.jpg,Uso documental no equivale a aprobación de propósito/identidad de medios.,R10_MEDIA_DERIVATIVE,CONFIRMED,SKIP,R-M02,LOW,,media-master.csv:multimedia/imagenes/categorias/b8c2dada643f433f713d22becd5ffb6cdd48d070.jpg original_ids=100|132 usage=IMAGE_APPARENTLY_UNUSED|DERIVED,"Derivado generado por el CMS legacy a partir de un original conservado, sin referencia publica directa. WordPress regenera sus propios tamanos. El original se decide por separado."
media,asset:multimedia/imagenes/categorias/b9267d54f7219a984975ba83c28f39687b7165c6.jpg,Uso documental no equivale a aprobación de propósito/identidad de medios.,R10_MEDIA_DERIVATIVE,CONFIRMED,SKIP,R-M02,LOW,,media-master.csv:multimedia/imagenes/categorias/b9267d54f7219a984975ba83c28f39687b7165c6.jpg original_ids=56 usage=IMAGE_APPARENTLY_UNUSED|DERIVED,"Derivado generado por el CMS legacy a partir de un original conservado, sin referencia publica directa. WordPress regenera sus propios tamanos. El original se decide por separado."
media,asset:multimedia/imagenes/categorias/ba3733d69089dc21936987cf281bc5fd9c013d81.png,Uso documental no equivale a aprobación de propósito/identidad de medios.,R10_MEDIA_DERIVATIVE,CONFIRMED,SKIP,R-M02,LOW,,media-master.csv:multimedia/imagenes/categorias/ba3733d69089dc21936987cf281bc5fd9c013d81.png original_ids=140 usage=IMAGE_APPARENTLY_UNUSED|DERIVED,"Derivado generado por el CMS legacy a partir de un original conservado, sin referencia publica directa. WordPress regenera sus propios tamanos. El original se decide por separado."
media,asset:multimedia/imagenes/categorias/bb8dc4ea32bd7893747008de1764e061f142e02b.jpg,Uso documental no equivale a aprobación de propósito/identidad de medios.,R10_MEDIA_DERIVATIVE,CONFIRMED,SKIP,R-M02,LOW,,media-master.csv:multimedia/imagenes/categorias/bb8dc4ea32bd7893747008de1764e061f142e02b.jpg original_ids=64 usage=IMAGE_APPARENTLY_UNUSED|DERIVED,"Derivado generado por el CMS legacy a partir de un original conservado, sin referencia publica directa. WordPress regenera sus propios tamanos. El original se decide por separado."
media,asset:multimedia/imagenes/categorias/be2f311aa92f08c08c00fe0cfc8730fe8253fb59.jpg,Uso documental no equivale a aprobación de propósito/identidad de medios.,R10_MEDIA_DERIVATIVE,CONFIRMED,SKIP,R-M02,LOW,,media-master.csv:multimedia/imagenes/categorias/be2f311aa92f08c08c00fe0cfc8730fe8253fb59.jpg original_ids=120 usage=IMAGE_APPARENTLY_UNUSED|DERIVED,"Derivado generado por el CMS legacy a partir de un original conservado, sin referencia publica directa. WordPress regenera sus propios tamanos. El original se decide por separado."
media,asset:multimedia/imagenes/categorias/c1d9f151ac7e02157706645db82b208f9d1746c6.jpg,Uso documental no equivale a aprobación de propósito/identidad de medios.,R10_MEDIA_DERIVATIVE,CONFIRMED,SKIP,R-M02,LOW,,media-master.csv:multimedia/imagenes/categorias/c1d9f151ac7e02157706645db82b208f9d1746c6.jpg original_ids=144 usage=IMAGE_APPARENTLY_UNUSED|DERIVED,"Derivado generado por el CMS legacy a partir de un original conservado, sin referencia publica directa. WordPress regenera sus propios tamanos. El original se decide por separado."
media,asset:multimedia/imagenes/categorias/c5d84c5a35b526d95808f39db16aae6f392aa052.jpg,Uso documental no equivale a aprobación de propósito/identidad de medios.,R10_MEDIA_DERIVATIVE,CONFIRMED,SKIP,R-M02,LOW,,media-master.csv:multimedia/imagenes/categorias/c5d84c5a35b526d95808f39db16aae6f392aa052.jpg original_ids=27 usage=IMAGE_APPARENTLY_UNUSED|DERIVED,"Derivado generado por el CMS legacy a partir de un original conservado, sin referencia publica directa. WordPress regenera sus propios tamanos. El original se decide por separado."
media,asset:multimedia/imagenes/categorias/c6e1bc82ea0d1f22a98704a7fdacfcf17e14b498.jpg,Uso documental no equivale a aprobación de propósito/identidad de medios.,R10_MEDIA_DERIVATIVE,CONFIRMED,SKIP,R-M02,LOW,,media-master.csv:multimedia/imagenes/categorias/c6e1bc82ea0d1f22a98704a7fdacfcf17e14b498.jpg original_ids=84 usage=IMAGE_APPARENTLY_UNUSED|DERIVED,"Derivado generado por el CMS legacy a partir de un original conservado, sin referencia publica directa. WordPress regenera sus propios tamanos. El original se decide por separado."
media,asset:multimedia/imagenes/categorias/cabf3ce04f2934cf3dc33b386f7936919c1e9369.jpg,Uso documental no equivale a aprobación de propósito/identidad de medios.,R10_MEDIA_DERIVATIVE,CONFIRMED,SKIP,R-M02,LOW,,media-master.csv:multimedia/imagenes/categorias/cabf3ce04f2934cf3dc33b386f7936919c1e9369.jpg original_ids=56 usage=IMAGE_APPARENTLY_UNUSED|DERIVED,"Derivado generado por el CMS legacy a partir de un original conservado, sin referencia publica directa. WordPress regenera sus propios tamanos. El original se decide por separado."
media,asset:multimedia/imagenes/categorias/cbd6a7cacb8c2a97d286305d91a35621f578ccb4.jpg,Uso documental no equivale a aprobación de propósito/identidad de medios.,R10_MEDIA_DERIVATIVE,CONFIRMED,SKIP,R-M02,LOW,,media-master.csv:multimedia/imagenes/categorias/cbd6a7cacb8c2a97d286305d91a35621f578ccb4.jpg original_ids=124 usage=IMAGE_APPARENTLY_UNUSED|DERIVED|EXACT_DUPLICATE_BYTES,"Derivado generado por el CMS legacy a partir de un original conservado, sin referencia publica directa. WordPress regenera sus propios tamanos. El original se decide por separado."
media,asset:multimedia/imagenes/categorias/cd72ab26741874ce0f7e1436cdbdb6940f05bc64.jpg,Uso documental no equivale a aprobación de propósito/identidad de medios.,R10_MEDIA_DERIVATIVE,CONFIRMED,SKIP,R-M02,LOW,,media-master.csv:multimedia/imagenes/categorias/cd72ab26741874ce0f7e1436cdbdb6940f05bc64.jpg original_ids=56 usage=IMAGE_APPARENTLY_UNUSED|DERIVED,"Derivado generado por el CMS legacy a partir de un original conservado, sin referencia publica directa. WordPress regenera sus propios tamanos. El original se decide por separado."
media,asset:multimedia/imagenes/categorias/d1cf6a11d7781492d7225cf00c38395192f7c60e.jpg,Uso documental no equivale a aprobación de propósito/identidad de medios.,R10_MEDIA_DERIVATIVE,CONFIRMED,SKIP,R-M02,LOW,,media-master.csv:multimedia/imagenes/categorias/d1cf6a11d7781492d7225cf00c38395192f7c60e.jpg original_ids=27 usage=IMAGE_APPARENTLY_UNUSED|DERIVED,"Derivado generado por el CMS legacy a partir de un original conservado, sin referencia publica directa. WordPress regenera sus propios tamanos. El original se decide por separado."
media,asset:multimedia/imagenes/categorias/d3406d2e8ecb6d2c64e6862e3ed1cfe460479186.jpg,Uso documental no equivale a aprobación de propósito/identidad de medios.,R10_MEDIA_DERIVATIVE,CONFIRMED,SKIP,R-M02,LOW,,media-master.csv:multimedia/imagenes/categorias/d3406d2e8ecb6d2c64e6862e3ed1cfe460479186.jpg original_ids=36 usage=IMAGE_APPARENTLY_UNUSED|DERIVED,"Derivado generado por el CMS legacy a partir de un original conservado, sin referencia publica directa. WordPress regenera sus propios tamanos. El original se decide por separado."
media,asset:multimedia/imagenes/categorias/d4f4f265a05df2f5187a19261fd861dad02ff37a.jpg,Uso documental no equivale a aprobación de propósito/identidad de medios.,R10_MEDIA_DERIVATIVE,CONFIRMED,SKIP,R-M02,LOW,,media-master.csv:multimedia/imagenes/categorias/d4f4f265a05df2f5187a19261fd861dad02ff37a.jpg original_ids=112 usage=IMAGE_APPARENTLY_UNUSED|DERIVED,"Derivado generado por el CMS legacy a partir de un original conservado, sin referencia publica directa. WordPress regenera sus propios tamanos. El original se decide por separado."
media,asset:multimedia/imagenes/categorias/d8068e9397735dbea2a0cc443121d94f5bb84777.jpg,Uso documental no equivale a aprobación de propósito/identidad de medios.,R10_MEDIA_DERIVATIVE,CONFIRMED,SKIP,R-M02,LOW,,media-master.csv:multimedia/imagenes/categorias/d8068e9397735dbea2a0cc443121d94f5bb84777.jpg original_ids=88 usage=IMAGE_APPARENTLY_UNUSED|DERIVED,"Derivado generado por el CMS legacy a partir de un original conservado, sin referencia publica directa. WordPress regenera sus propios tamanos. El original se decide por separado."
media,asset:multimedia/imagenes/categorias/dc8d44b9494086c831a15a937bf5b1cfde2036e3.jpg,Uso documental no equivale a aprobación de propósito/identidad de medios.,R10_MEDIA_DERIVATIVE,CONFIRMED,SKIP,R-M02,LOW,,media-master.csv:multimedia/imagenes/categorias/dc8d44b9494086c831a15a937bf5b1cfde2036e3.jpg original_ids=156 usage=IMAGE_APPARENTLY_UNUSED|DERIVED,"Derivado generado por el CMS legacy a partir de un original conservado, sin referencia publica directa. WordPress regenera sus propios tamanos. El original se decide por separado."
media,asset:multimedia/imagenes/categorias/dc93d255b816ed859bc35d8634a7b813182876ea.jpg,Uso documental no equivale a aprobación de propósito/identidad de medios.,R10_MEDIA_DERIVATIVE,CONFIRMED,SKIP,R-M02,LOW,,media-master.csv:multimedia/imagenes/categorias/dc93d255b816ed859bc35d8634a7b813182876ea.jpg original_ids=64 usage=IMAGE_APPARENTLY_UNUSED|DERIVED,"Derivado generado por el CMS legacy a partir de un original conservado, sin referencia publica directa. WordPress regenera sus propios tamanos. El original se decide por separado."
media,asset:multimedia/imagenes/categorias/de0ab21bc8d4da24a8f93d247024b0d564addacd.jpg,Uso documental no equivale a aprobación de propósito/identidad de medios.,R10_MEDIA_DERIVATIVE,CONFIRMED,SKIP,R-M02,LOW,,media-master.csv:multimedia/imagenes/categorias/de0ab21bc8d4da24a8f93d247024b0d564addacd.jpg original_ids=160 usage=IMAGE_APPARENTLY_UNUSED|DERIVED,"Derivado generado por el CMS legacy a partir de un original conservado, sin referencia publica directa. WordPress regenera sus propios tamanos. El original se decide por separado."
media,asset:multimedia/imagenes/categorias/dec91cdc543e16578bf8e7e7c7656ff85ffafdcf.png,Uso documental no equivale a aprobación de propósito/identidad de medios.,R10_MEDIA_DERIVATIVE,CONFIRMED,SKIP,R-M02,LOW,,media-master.csv:multimedia/imagenes/categorias/dec91cdc543e16578bf8e7e7c7656ff85ffafdcf.png original_ids=136 usage=IMAGE_APPARENTLY_UNUSED|DERIVED|EXACT_DUPLICATE_BYTES,"Derivado generado por el CMS legacy a partir de un original conservado, sin referencia publica directa. WordPress regenera sus propios tamanos. El original se decide por separado."
media,asset:multimedia/imagenes/categorias/e0735c5d3fa243e3b3a3508b05c171ad43c482a0.jpg,Uso documental no equivale a aprobación de propósito/identidad de medios.,R10_MEDIA_DERIVATIVE,CONFIRMED,SKIP,R-M02,LOW,,media-master.csv:multimedia/imagenes/categorias/e0735c5d3fa243e3b3a3508b05c171ad43c482a0.jpg original_ids=52 usage=IMAGE_APPARENTLY_UNUSED|DERIVED,"Derivado generado por el CMS legacy a partir de un original conservado, sin referencia publica directa. WordPress regenera sus propios tamanos. El original se decide por separado."
media,asset:multimedia/imagenes/categorias/e43141f69bf9d40f2183f4c5d8f6626e33078301.jpg,Uso documental no equivale a aprobación de propósito/identidad de medios.,R10_MEDIA_DERIVATIVE,CONFIRMED,SKIP,R-M02,LOW,,media-master.csv:multimedia/imagenes/categorias/e43141f69bf9d40f2183f4c5d8f6626e33078301.jpg original_ids=92 usage=IMAGE_APPARENTLY_UNUSED|DERIVED,"Derivado generado por el CMS legacy a partir de un original conservado, sin referencia publica directa. WordPress regenera sus propios tamanos. El original se decide por separado."
media,asset:multimedia/imagenes/categorias/e5f6663418ee3dd23acffb6ea3c3d74f5c3cfc77.jpg,Uso documental no equivale a aprobación de propósito/identidad de medios.,R10_MEDIA_DERIVATIVE,CONFIRMED,SKIP,R-M02,LOW,,media-master.csv:multimedia/imagenes/categorias/e5f6663418ee3dd23acffb6ea3c3d74f5c3cfc77.jpg original_ids=148 usage=IMAGE_APPARENTLY_UNUSED|DERIVED,"Derivado generado por el CMS legacy a partir de un original conservado, sin referencia publica directa. WordPress regenera sus propios tamanos. El original se decide por separado."
media,asset:multimedia/imagenes/categorias/eb2659b20e91eaa450fef682e711ee86df90f3fb.png,Uso documental no equivale a aprobación de propósito/identidad de medios.,R10_MEDIA_DERIVATIVE,CONFIRMED,SKIP,R-M02,LOW,,media-master.csv:multimedia/imagenes/categorias/eb2659b20e91eaa450fef682e711ee86df90f3fb.png original_ids=140 usage=IMAGE_APPARENTLY_UNUSED|DERIVED,"Derivado generado por el CMS legacy a partir de un original conservado, sin referencia publica directa. WordPress regenera sus propios tamanos. El original se decide por separado."
media,asset:multimedia/imagenes/categorias/ec94a4e6c0c1c2c0b129da280cbd23040f67882c.jpg,Uso documental no equivale a aprobación de propósito/identidad de medios.,R10_MEDIA_DERIVATIVE,CONFIRMED,SKIP,R-M02,LOW,,media-master.csv:multimedia/imagenes/categorias/ec94a4e6c0c1c2c0b129da280cbd23040f67882c.jpg original_ids=64 usage=IMAGE_APPARENTLY_UNUSED|DERIVED,"Derivado generado por el CMS legacy a partir de un original conservado, sin referencia publica directa. WordPress regenera sus propios tamanos. El original se decide por separado."
media,asset:multimedia/imagenes/categorias/ed63d21ccf2da2fdcf0ffdef6bb5a8138902ae22.jpg,Uso documental no equivale a aprobación de propósito/identidad de medios.,R10_MEDIA_DERIVATIVE,CONFIRMED,SKIP,R-M02,LOW,,media-master.csv:multimedia/imagenes/categorias/ed63d21ccf2da2fdcf0ffdef6bb5a8138902ae22.jpg original_ids=88 usage=IMAGE_APPARENTLY_UNUSED|DERIVED,"Derivado generado por el CMS legacy a partir de un original conservado, sin referencia publica directa. WordPress regenera sus propios tamanos. El original se decide por separado."
media,asset:multimedia/imagenes/categorias/eeb79ca05b58fd631fb4b77d54b5be389d4813ca.jpg,Uso documental no equivale a aprobación de propósito/identidad de medios.,R10_MEDIA_DERIVATIVE,CONFIRMED,SKIP,R-M02,LOW,,media-master.csv:multimedia/imagenes/categorias/eeb79ca05b58fd631fb4b77d54b5be389d4813ca.jpg original_ids=124 usage=IMAGE_APPARENTLY_UNUSED|DERIVED,"Derivado generado por el CMS legacy a partir de un original conservado, sin referencia publica directa. WordPress regenera sus propios tamanos. El original se decide por separado."
media,asset:multimedia/imagenes/categorias/ef8c44cdf31af7e683bbafb5b1b8fff0e60c4d5c.jpg,Uso documental no equivale a aprobación de propósito/identidad de medios.,R10_MEDIA_DERIVATIVE,CONFIRMED,SKIP,R-M02,LOW,,media-master.csv:multimedia/imagenes/categorias/ef8c44cdf31af7e683bbafb5b1b8fff0e60c4d5c.jpg original_ids=80 usage=IMAGE_APPARENTLY_UNUSED|DERIVED,"Derivado generado por el CMS legacy a partir de un original conservado, sin referencia publica directa. WordPress regenera sus propios tamanos. El original se decide por separado."
media,asset:multimedia/imagenes/categorias/f62f5e05331c33d8d6ca84d6f7118f721f9f3c87.jpg,Uso documental no equivale a aprobación de propósito/identidad de medios.,R10_MEDIA_DERIVATIVE,CONFIRMED,SKIP,R-M02,LOW,,media-master.csv:multimedia/imagenes/categorias/f62f5e05331c33d8d6ca84d6f7118f721f9f3c87.jpg original_ids=11 usage=IMAGE_APPARENTLY_UNUSED|DERIVED,"Derivado generado por el CMS legacy a partir de un original conservado, sin referencia publica directa. WordPress regenera sus propios tamanos. El original se decide por separado."
media,asset:multimedia/imagenes/categorias/f80727c474896741a8038054fb09744fe57aa71e.jpg,Uso documental no equivale a aprobación de propósito/identidad de medios.,R10_MEDIA_DERIVATIVE,CONFIRMED,SKIP,R-M02,LOW,,media-master.csv:multimedia/imagenes/categorias/f80727c474896741a8038054fb09744fe57aa71e.jpg original_ids=72 usage=IMAGE_APPARENTLY_UNUSED|DERIVED,"Derivado generado por el CMS legacy a partir de un original conservado, sin referencia publica directa. WordPress regenera sus propios tamanos. El original se decide por separado."
media,asset:multimedia/imagenes/categorias/fd40705f125e9b9d50b5c585274bbd71518a148e.jpg,Uso documental no equivale a aprobación de propósito/identidad de medios.,R10_MEDIA_DERIVATIVE,CONFIRMED,SKIP,R-M02,LOW,,media-master.csv:multimedia/imagenes/categorias/fd40705f125e9b9d50b5c585274bbd71518a148e.jpg original_ids=96 usage=IMAGE_APPARENTLY_UNUSED|DERIVED,"Derivado generado por el CMS legacy a partir de un original conservado, sin referencia publica directa. WordPress regenera sus propios tamanos. El original se decide por separado."
media,asset:multimedia/imagenes/categorias/fe89240b1721fc0410e023f5873f2f34aefc110d.jpg,Uso documental no equivale a aprobación de propósito/identidad de medios.,R10_MEDIA_DERIVATIVE,CONFIRMED,SKIP,R-M02,LOW,,media-master.csv:multimedia/imagenes/categorias/fe89240b1721fc0410e023f5873f2f34aefc110d.jpg original_ids=96 usage=IMAGE_APPARENTLY_UNUSED|DERIVED,"Derivado generado por el CMS legacy a partir de un original conservado, sin referencia publica directa. WordPress regenera sus propios tamanos. El original se decide por separado."
media,asset:multimedia/imagenes/marcas/3dfc4a0a42fb77d277f6a253055490713a09bf84.png,Uso documental no equivale a aprobación de propósito/identidad de medios.,R12_MEDIA_PURPOSE_UNPROVEN,NONE,KEEP_REVIEW,R-M07,MEDIUM,D09,media-master.csv:multimedia/imagenes/marcas/3dfc4a0a42fb77d277f6a253055490713a09bf84.png usage=IMAGE_APPARENTLY_UNUSED direct_refs=0,Sin relacion con entidad SQL y sin referencia publica atribuible. Ausencia de referencia NO demuestra orfandad (D09): se conserva en REVIEW.
media,asset:multimedia/imagenes/marcas/5b0fb510e229686ea648c8c844a72d055a43b670.png,Uso documental no equivale a aprobación de propósito/identidad de medios.,R12_MEDIA_PURPOSE_UNPROVEN,NONE,KEEP_REVIEW,R-M07,MEDIUM,D09,media-master.csv:multimedia/imagenes/marcas/5b0fb510e229686ea648c8c844a72d055a43b670.png usage=IMAGE_APPARENTLY_UNUSED|EXACT_DUPLICATE_BYTES direct_refs=0,Sin relacion con entidad SQL y sin referencia publica atribuible. Ausencia de referencia NO demuestra orfandad (D09): se conserva en REVIEW.
media,asset:multimedia/imagenes/marcas/6ef7fad3219ba60a1896d1e4acb7b3b02a57ee21.png,Uso documental no equivale a aprobación de propósito/identidad de medios.,R12_MEDIA_PURPOSE_UNPROVEN,NONE,KEEP_REVIEW,R-M07,MEDIUM,D09,media-master.csv:multimedia/imagenes/marcas/6ef7fad3219ba60a1896d1e4acb7b3b02a57ee21.png usage=IMAGE_APPARENTLY_UNUSED|EXACT_DUPLICATE_BYTES direct_refs=0,Sin relacion con entidad SQL y sin referencia publica atribuible. Ausencia de referencia NO demuestra orfandad (D09): se conserva en REVIEW.
media,asset:multimedia/imagenes/productos/0099cc357ac5ec7a9ac634a9340559a877ae2bfe.png,Uso documental no equivale a aprobación de propósito/identidad de medios.,R10_MEDIA_DERIVATIVE,CONFIRMED,SKIP,R-M02,LOW,,media-master.csv:multimedia/imagenes/productos/0099cc357ac5ec7a9ac634a9340559a877ae2bfe.png original_ids=579 usage=IMAGE_APPARENTLY_UNUSED|DERIVED,"Derivado generado por el CMS legacy a partir de un original conservado, sin referencia publica directa. WordPress regenera sus propios tamanos. El original se decide por separado."
media,asset:multimedia/imagenes/productos/00bc282b6c3e4bc3f44edb0a0090381b4a1871f6.jpg,Uso documental no equivale a aprobación de propósito/identidad de medios.,R10_MEDIA_DERIVATIVE,CONFIRMED,SKIP,R-M02,LOW,,media-master.csv:multimedia/imagenes/productos/00bc282b6c3e4bc3f44edb0a0090381b4a1871f6.jpg original_ids=490 usage=IMAGE_APPARENTLY_UNUSED|DERIVED,"Derivado generado por el CMS legacy a partir de un original conservado, sin referencia publica directa. WordPress regenera sus propios tamanos. El original se decide por separado."
media,asset:multimedia/imagenes/productos/00e4add1010b274fe68755addced6372d5ed3f1b.png,Uso documental no equivale a aprobación de propósito/identidad de medios.,R10_MEDIA_DERIVATIVE,CONFIRMED,SKIP,R-M02,LOW,,media-master.csv:multimedia/imagenes/productos/00e4add1010b274fe68755addced6372d5ed3f1b.png original_ids=1045|1132|419 usage=IMAGE_APPARENTLY_UNUSED|DERIVED,"Derivado generado por el CMS legacy a partir de un original conservado, sin referencia publica directa. WordPress regenera sus propios tamanos. El original se decide por separado."
media,asset:multimedia/imagenes/productos/017ec857c44863b7dd8669df1a0ccf664e13333a.jpg,Uso documental no equivale a aprobación de propósito/identidad de medios.,R10_MEDIA_DERIVATIVE,CONFIRMED,SKIP,R-M02,LOW,,media-master.csv:multimedia/imagenes/productos/017ec857c44863b7dd8669df1a0ccf664e13333a.jpg original_ids=760 usage=IMAGE_APPARENTLY_UNUSED|DERIVED,"Derivado generado por el CMS legacy a partir de un original conservado, sin referencia publica directa. WordPress regenera sus propios tamanos. El original se decide por separado."
media,asset:multimedia/imagenes/productos/029f3af9b38f6de9dedfacf27a27f0626f6da812.jpg,Uso documental no equivale a aprobación de propósito/identidad de medios.,R10_MEDIA_DERIVATIVE,CONFIRMED,SKIP,R-M02,LOW,,media-master.csv:multimedia/imagenes/productos/029f3af9b38f6de9dedfacf27a27f0626f6da812.jpg original_ids=1164|583|795 usage=IMAGE_APPARENTLY_UNUSED|DERIVED,"Derivado generado por el CMS legacy a partir de un original conservado, sin referencia publica directa. WordPress regenera sus propios tamanos. El original se decide por separado."
media,asset:multimedia/imagenes/productos/03539e99ececb14a41092403988b20f23fa3dc34.jpg,Uso documental no equivale a aprobación de propósito/identidad de medios.,R10_MEDIA_DERIVATIVE,CONFIRMED,SKIP,R-M02,LOW,,media-master.csv:multimedia/imagenes/productos/03539e99ececb14a41092403988b20f23fa3dc34.jpg original_ids=1303 usage=IMAGE_APPARENTLY_UNUSED|DERIVED,"Derivado generado por el CMS legacy a partir de un original conservado, sin referencia publica directa. WordPress regenera sus propios tamanos. El original se decide por separado."
media,asset:multimedia/imagenes/productos/05a5c6c2cbadcb574afa2faefb344ef1eb9dd6e5.png,Uso documental no equivale a aprobación de propósito/identidad de medios.,R10_MEDIA_DERIVATIVE,CONFIRMED,SKIP,R-M02,LOW,,media-master.csv:multimedia/imagenes/productos/05a5c6c2cbadcb574afa2faefb344ef1eb9dd6e5.png original_ids=1045|1132|419 usage=IMAGE_APPARENTLY_UNUSED|DERIVED|EXACT_DUPLICATE_BYTES,"Derivado generado por el CMS legacy a partir de un original conservado, sin referencia publica directa. WordPress regenera sus propios tamanos. El original se decide por separado."
media,asset:multimedia/imagenes/productos/0673299f8dd00b7a02842315e57f79643500a48b.jpg,Uso documental no equivale a aprobación de propósito/identidad de medios.,R10_MEDIA_DERIVATIVE,CONFIRMED,SKIP,R-M02,LOW,,media-master.csv:multimedia/imagenes/productos/0673299f8dd00b7a02842315e57f79643500a48b.jpg original_ids=1303 usage=IMAGE_APPARENTLY_UNUSED|DERIVED,"Derivado generado por el CMS legacy a partir de un original conservado, sin referencia publica directa. WordPress regenera sus propios tamanos. El original se decide por separado."
media,asset:multimedia/imagenes/productos/0741fe650f8f262e3088c0bc9c1cfbff57a0277f.png,Uso documental no equivale a aprobación de propósito/identidad de medios.,R10_MEDIA_DERIVATIVE,CONFIRMED,SKIP,R-M02,LOW,,media-master.csv:multimedia/imagenes/productos/0741fe650f8f262e3088c0bc9c1cfbff57a0277f.png original_ids=1077|1087|538|730 usage=IMAGE_APPARENTLY_UNUSED|DERIVED,"Derivado generado por el CMS legacy a partir de un original conservado, sin referencia publica directa. WordPress regenera sus propios tamanos. El original se decide por separado."
media,asset:multimedia/imagenes/productos/07ad1a456d79358327288475659aa291183c72a5.jpg,Uso documental no equivale a aprobación de propósito/identidad de medios.,R10_MEDIA_DERIVATIVE,CONFIRMED,SKIP,R-M02,LOW,,media-master.csv:multimedia/imagenes/productos/07ad1a456d79358327288475659aa291183c72a5.jpg original_ids=707 usage=IMAGE_APPARENTLY_UNUSED|DERIVED,"Derivado generado por el CMS legacy a partir de un original conservado, sin referencia publica directa. WordPress regenera sus propios tamanos. El original se decide por separado."
media,asset:multimedia/imagenes/productos/08483441ec7d56f8fa2e63eb0245da2743f7a520.png,Uso documental no equivale a aprobación de propósito/identidad de medios.,R10_MEDIA_DERIVATIVE,CONFIRMED,SKIP,R-M02,LOW,,media-master.csv:multimedia/imagenes/productos/08483441ec7d56f8fa2e63eb0245da2743f7a520.png original_ids=1268|569 usage=IMAGE_APPARENTLY_UNUSED|DERIVED,"Derivado generado por el CMS legacy a partir de un original conservado, sin referencia publica directa. WordPress regenera sus propios tamanos. El original se decide por separado."
media,asset:multimedia/imagenes/productos/08952059074c4e1ceeaa2889eb4333a5c2dea81f.png,Uso documental no equivale a aprobación de propósito/identidad de medios.,R10_MEDIA_DERIVATIVE,CONFIRMED,SKIP,R-M02,LOW,,media-master.csv:multimedia/imagenes/productos/08952059074c4e1ceeaa2889eb4333a5c2dea81f.png original_ids=1033|1110|383 usage=IMAGE_APPARENTLY_UNUSED|DERIVED,"Derivado generado por el CMS legacy a partir de un original conservado, sin referencia publica directa. WordPress regenera sus propios tamanos. El original se decide por separado."
media,asset:multimedia/imagenes/productos/08f70b8e3d1462e5485072f8e626fd18903a1fe5.png,Uso documental no equivale a aprobación de propósito/identidad de medios.,R10_MEDIA_DERIVATIVE,CONFIRMED,SKIP,R-M02,LOW,,media-master.csv:multimedia/imagenes/productos/08f70b8e3d1462e5485072f8e626fd18903a1fe5.png original_ids=1246 usage=IMAGE_APPARENTLY_UNUSED|DERIVED,"Derivado generado por el CMS legacy a partir de un original conservado, sin referencia publica directa. WordPress regenera sus propios tamanos. El original se decide por separado."
media,asset:multimedia/imagenes/productos/09bf4fac1ee96c22366cad837926f3dad9466b5d.jpg,Uso documental no equivale a aprobación de propósito/identidad de medios.,R10_MEDIA_DERIVATIVE,CONFIRMED,SKIP,R-M02,LOW,,media-master.csv:multimedia/imagenes/productos/09bf4fac1ee96c22366cad837926f3dad9466b5d.jpg original_ids=264|649 usage=IMAGE_APPARENTLY_UNUSED|DERIVED,"Derivado generado por el CMS legacy a partir de un original conservado, sin referencia publica directa. WordPress regenera sus propios tamanos. El original se decide por separado."
media,asset:multimedia/imagenes/productos/0a09543a3babd4af8c7ec51dde1568aa91104888.jpg,Uso documental no equivale a aprobación de propósito/identidad de medios.,R10_MEDIA_DERIVATIVE,CONFIRMED,SKIP,R-M02,LOW,,media-master.csv:multimedia/imagenes/productos/0a09543a3babd4af8c7ec51dde1568aa91104888.jpg original_ids=1164|583|795 usage=IMAGE_APPARENTLY_UNUSED|DERIVED,"Derivado generado por el CMS legacy a partir de un original conservado, sin referencia publica directa. WordPress regenera sus propios tamanos. El original se decide por separado."
media,asset:multimedia/imagenes/productos/0a1756a8d2de1c57a8e4049484ade7b24731c8a9.jpg,Uso documental no equivale a aprobación de propósito/identidad de medios.,R10_MEDIA_DERIVATIVE,CONFIRMED,SKIP,R-M02,LOW,,media-master.csv:multimedia/imagenes/productos/0a1756a8d2de1c57a8e4049484ade7b24731c8a9.jpg original_ids=494|914 usage=IMAGE_APPARENTLY_UNUSED|DERIVED|EXACT_DUPLICATE_BYTES,"Derivado generado por el CMS legacy a partir de un original conservado, sin referencia publica directa. WordPress regenera sus propios tamanos. El original se decide por separado."
media,asset:multimedia/imagenes/productos/0be658f1074838b4841405acfb8c8be22f2b425d.png,Uso documental no equivale a aprobación de propósito/identidad de medios.,R10_MEDIA_DERIVATIVE,CONFIRMED,SKIP,R-M02,LOW,,media-master.csv:multimedia/imagenes/productos/0be658f1074838b4841405acfb8c8be22f2b425d.png original_ids=1273 usage=IMAGE_APPARENTLY_UNUSED|DERIVED,"Derivado generado por el CMS legacy a partir de un original conservado, sin referencia publica directa. WordPress regenera sus propios tamanos. El original se decide por separado."
media,asset:multimedia/imagenes/productos/0ca2c98ecfd9880ae5892307470348497cb41f71.jpg,Uso documental no equivale a aprobación de propósito/identidad de medios.,R10_MEDIA_DERIVATIVE,CONFIRMED,SKIP,R-M02,LOW,,media-master.csv:multimedia/imagenes/productos/0ca2c98ecfd9880ae5892307470348497cb41f71.jpg original_ids=1343 usage=IMAGE_APPARENTLY_UNUSED|DERIVED,"Derivado generado por el CMS legacy a partir de un original conservado, sin referencia publica directa. WordPress regenera sus propios tamanos. El original se decide por separado."
media,asset:multimedia/imagenes/productos/0ea36d903ea29b6aa97f368f15c9696c18c54303.jpg,Uso documental no equivale a aprobación de propósito/identidad de medios.,R10_MEDIA_DERIVATIVE,CONFIRMED,SKIP,R-M02,LOW,,media-master.csv:multimedia/imagenes/productos/0ea36d903ea29b6aa97f368f15c9696c18c54303.jpg original_ids=1029|1106|379 usage=IMAGE_APPARENTLY_UNUSED|DERIVED,"Derivado generado por el CMS legacy a partir de un original conservado, sin referencia publica directa. WordPress regenera sus propios tamanos. El original se decide por separado."
media,asset:multimedia/imagenes/productos/0edf5e776fb7c7d5fb15c1a67320df1dbaaa07fd.jpg,Uso documental no equivale a aprobación de propósito/identidad de medios.,R10_MEDIA_DERIVATIVE,CONFIRMED,SKIP,R-M02,LOW,,media-master.csv:multimedia/imagenes/productos/0edf5e776fb7c7d5fb15c1a67320df1dbaaa07fd.jpg original_ids=883 usage=IMAGE_APPARENTLY_UNUSED|DERIVED,"Derivado generado por el CMS legacy a partir de un original conservado, sin referencia publica directa. WordPress regenera sus propios tamanos. El original se decide por separado."
media,asset:multimedia/imagenes/productos/0f99d1aea9ef6c7dc7a34f121abfbdabca6b4f93.jpg,Uso documental no equivale a aprobación de propósito/identidad de medios.,R10_MEDIA_DERIVATIVE,CONFIRMED,SKIP,R-M02,LOW,,media-master.csv:multimedia/imagenes/productos/0f99d1aea9ef6c7dc7a34f121abfbdabca6b4f93.jpg original_ids=1039|409 usage=IMAGE_APPARENTLY_UNUSED|DERIVED|EXACT_DUPLICATE_BYTES,"Derivado generado por el CMS legacy a partir de un original conservado, sin referencia publica directa. WordPress regenera sus propios tamanos. El original se decide por separado."
media,asset:multimedia/imagenes/productos/11b9d3d36bf1efdc92052289a369f05219e2a104.jpg,Uso documental no equivale a aprobación de propósito/identidad de medios.,R10_MEDIA_DERIVATIVE,CONFIRMED,SKIP,R-M02,LOW,,media-master.csv:multimedia/imagenes/productos/11b9d3d36bf1efdc92052289a369f05219e2a104.jpg original_ids=40 usage=IMAGE_APPARENTLY_UNUSED|DERIVED,"Derivado generado por el CMS legacy a partir de un original conservado, sin referencia publica directa. WordPress regenera sus propios tamanos. El original se decide por separado."
media,asset:multimedia/imagenes/productos/11e768171c4577cd4cc8507076717f1e85be55e8.png,Uso documental no equivale a aprobación de propósito/identidad de medios.,R10_MEDIA_DERIVATIVE,CONFIRMED,SKIP,R-M02,LOW,,media-master.csv:multimedia/imagenes/productos/11e768171c4577cd4cc8507076717f1e85be55e8.png original_ids=1264|565 usage=IMAGE_APPARENTLY_UNUSED|DERIVED,"Derivado generado por el CMS legacy a partir de un original conservado, sin referencia publica directa. WordPress regenera sus propios tamanos. El original se decide por separado."
media,asset:multimedia/imagenes/productos/12a314d742440943c53d7a9f2f1cae1002710e28.jpg,Uso documental no equivale a aprobación de propósito/identidad de medios.,R10_MEDIA_DERIVATIVE,CONFIRMED,SKIP,R-M02,LOW,,media-master.csv:multimedia/imagenes/productos/12a314d742440943c53d7a9f2f1cae1002710e28.jpg original_ids=775 usage=IMAGE_APPARENTLY_UNUSED|DERIVED,"Derivado generado por el CMS legacy a partir de un original conservado, sin referencia publica directa. WordPress regenera sus propios tamanos. El original se decide por separado."
media,asset:multimedia/imagenes/productos/13891e03c4ecfa1b8393cbb338f1819423d401cb.jpg,Uso documental no equivale a aprobación de propósito/identidad de medios.,R10_MEDIA_DERIVATIVE,CONFIRMED,SKIP,R-M02,LOW,,media-master.csv:multimedia/imagenes/productos/13891e03c4ecfa1b8393cbb338f1819423d401cb.jpg original_ids=260|645 usage=IMAGE_APPARENTLY_UNUSED|DERIVED,"Derivado generado por el CMS legacy a partir de un original conservado, sin referencia publica directa. WordPress regenera sus propios tamanos. El original se decide por separado."
media,asset:multimedia/imagenes/productos/14244b97febc7f54256ae0dcbf491a041d9e25f7.jpg,Uso documental no equivale a aprobación de propósito/identidad de medios.,R10_MEDIA_DERIVATIVE,CONFIRMED,SKIP,R-M02,LOW,,media-master.csv:multimedia/imagenes/productos/14244b97febc7f54256ae0dcbf491a041d9e25f7.jpg original_ids=859 usage=IMAGE_APPARENTLY_UNUSED|DERIVED,"Derivado generado por el CMS legacy a partir de un original conservado, sin referencia publica directa. WordPress regenera sus propios tamanos. El original se decide por separado."
media,asset:multimedia/imagenes/productos/14969a481112be738d6c20f8b640cbfae2aa430a.jpg,Uso documental no equivale a aprobación de propósito/identidad de medios.,R10_MEDIA_DERIVATIVE,CONFIRMED,SKIP,R-M02,LOW,,media-master.csv:multimedia/imagenes/productos/14969a481112be738d6c20f8b640cbfae2aa430a.jpg original_ids=722 usage=IMAGE_APPARENTLY_UNUSED|DERIVED,"Derivado generado por el CMS legacy a partir de un original conservado, sin referencia publica directa. WordPress regenera sus propios tamanos. El original se decide por separado."
media,asset:multimedia/imagenes/productos/156cc74b0df9bb29931b5a748ac466a9ff8208b3.jpg,Uso documental no equivale a aprobación de propósito/identidad de medios.,R10_MEDIA_DERIVATIVE,CONFIRMED,SKIP,R-M02,LOW,,media-master.csv:multimedia/imagenes/productos/156cc74b0df9bb29931b5a748ac466a9ff8208b3.jpg original_ids=740 usage=IMAGE_APPARENTLY_UNUSED|DERIVED,"Derivado generado por el CMS legacy a partir de un original conservado, sin referencia publica directa. WordPress regenera sus propios tamanos. El original se decide por separado."
media,asset:multimedia/imagenes/productos/156f62a9d76cbde9a439ddc82ead8465d82c347e.jpg,Uso documental no equivale a aprobación de propósito/identidad de medios.,R10_MEDIA_DERIVATIVE,CONFIRMED,SKIP,R-M02,LOW,,media-master.csv:multimedia/imagenes/productos/156f62a9d76cbde9a439ddc82ead8465d82c347e.jpg original_ids=1311 usage=IMAGE_APPARENTLY_UNUSED|DERIVED,"Derivado generado por el CMS legacy a partir de un original conservado, sin referencia publica directa. WordPress regenera sus propios tamanos. El original se decide por separado."
media,asset:multimedia/imagenes/productos/1573a9c4fbea34db1caea42a6ed3c987bfa2f160.jpg,Uso documental no equivale a aprobación de propósito/identidad de medios.,R10_MEDIA_DERIVATIVE,CONFIRMED,SKIP,R-M02,LOW,,media-master.csv:multimedia/imagenes/productos/1573a9c4fbea34db1caea42a6ed3c987bfa2f160.jpg original_ids=458 usage=IMAGE_APPARENTLY_UNUSED|DERIVED|EXACT_DUPLICATE_BYTES,"Derivado generado por el CMS legacy a partir de un original conservado, sin referencia publica directa. WordPress regenera sus propios tamanos. El original se decide por separado."
media,asset:multimedia/imagenes/productos/15f69b7bd580882fc5f453496ef06e085cff5545.jpg,Uso documental no equivale a aprobación de propósito/identidad de medios.,R10_MEDIA_DERIVATIVE,CONFIRMED,SKIP,R-M02,LOW,,media-master.csv:multimedia/imagenes/productos/15f69b7bd580882fc5f453496ef06e085cff5545.jpg original_ids=169|785 usage=IMAGE_APPARENTLY_UNUSED|DERIVED,"Derivado generado por el CMS legacy a partir de un original conservado, sin referencia publica directa. WordPress regenera sus propios tamanos. El original se decide por separado."
media,asset:multimedia/imagenes/productos/167e3f194092173e480afe98e083ac3e4c77c2e3.jpg,Uso documental no equivale a aprobación de propósito/identidad de medios.,R10_MEDIA_DERIVATIVE,CONFIRMED,SKIP,R-M02,LOW,,media-master.csv:multimedia/imagenes/productos/167e3f194092173e480afe98e083ac3e4c77c2e3.jpg original_ids=543|636 usage=IMAGE_APPARENTLY_UNUSED|DERIVED,"Derivado generado por el CMS legacy a partir de un original conservado, sin referencia publica directa. WordPress regenera sus propios tamanos. El original se decide por separado."
media,asset:multimedia/imagenes/productos/17a0a640fe8c4bed587c8a68d253c32091f8cd79.png,Uso documental no equivale a aprobación de propósito/identidad de medios.,R10_MEDIA_DERIVATIVE,CONFIRMED,SKIP,R-M02,LOW,,media-master.csv:multimedia/imagenes/productos/17a0a640fe8c4bed587c8a68d253c32091f8cd79.png original_ids=1067|1142|433 usage=IMAGE_APPARENTLY_UNUSED|DERIVED,"Derivado generado por el CMS legacy a partir de un original conservado, sin referencia publica directa. WordPress regenera sus propios tamanos. El original se decide por separado."
media,asset:multimedia/imagenes/productos/17a21eba3e7af6ee97482516ddad6a5b42e19bcf.jpg,Uso documental no equivale a aprobación de propósito/identidad de medios.,R10_MEDIA_DERIVATIVE,CONFIRMED,SKIP,R-M02,LOW,,media-master.csv:multimedia/imagenes/productos/17a21eba3e7af6ee97482516ddad6a5b42e19bcf.jpg original_ids=1051|1147|446 usage=IMAGE_APPARENTLY_UNUSED|DERIVED,"Derivado generado por el CMS legacy a partir de un original conservado, sin referencia publica directa. WordPress regenera sus propios tamanos. El original se decide por separado."
media,asset:multimedia/imagenes/productos/181a5b1fcb03b8ab6376a45db6bb565a22da04d7.jpg,Uso documental no equivale a aprobación de propósito/identidad de medios.,R10_MEDIA_DERIVATIVE,CONFIRMED,SKIP,R-M02,LOW,,media-master.csv:multimedia/imagenes/productos/181a5b1fcb03b8ab6376a45db6bb565a22da04d7.jpg original_ids=296 usage=IMAGE_APPARENTLY_UNUSED|DERIVED,"Derivado generado por el CMS legacy a partir de un original conservado, sin referencia publica directa. WordPress regenera sus propios tamanos. El original se decide por separado."
media,asset:multimedia/imagenes/productos/184a00c5325f589792fc0a2b786bb64f4cf1af10.jpg,Uso documental no equivale a aprobación de propósito/identidad de medios.,R10_MEDIA_DERIVATIVE,CONFIRMED,SKIP,R-M02,LOW,,media-master.csv:multimedia/imagenes/productos/184a00c5325f589792fc0a2b786bb64f4cf1af10.jpg original_ids=1343 usage=IMAGE_APPARENTLY_UNUSED|DERIVED,"Derivado generado por el CMS legacy a partir de un original conservado, sin referencia publica directa. WordPress regenera sus propios tamanos. El original se decide por separado."
media,asset:multimedia/imagenes/productos/190978ffd8550629d52835f08d699790570de450.jpg,Uso documental no equivale a aprobación de propósito/identidad de medios.,R10_MEDIA_DERIVATIVE,CONFIRMED,SKIP,R-M02,LOW,,media-master.csv:multimedia/imagenes/productos/190978ffd8550629d52835f08d699790570de450.jpg original_ids=481|901 usage=IMAGE_APPARENTLY_UNUSED|DERIVED,"Derivado generado por el CMS legacy a partir de un original conservado, sin referencia publica directa. WordPress regenera sus propios tamanos. El original se decide por separado."
media,asset:multimedia/imagenes/productos/1928af6099d1fe4e06315432541a2959045d8a91.jpg,Uso documental no equivale a aprobación de propósito/identidad de medios.,R10_MEDIA_DERIVATIVE,CONFIRMED,SKIP,R-M02,LOW,,media-master.csv:multimedia/imagenes/productos/1928af6099d1fe4e06315432541a2959045d8a91.jpg original_ids=654 usage=IMAGE_APPARENTLY_UNUSED|DERIVED,"Derivado generado por el CMS legacy a partir de un original conservado, sin referencia publica directa. WordPress regenera sus propios tamanos. El original se decide por separado."
media,asset:multimedia/imagenes/productos/1a335f84d428ad1d1d70bacc117fb276eb89643a.jpg,Uso documental no equivale a aprobación de propósito/identidad de medios.,R10_MEDIA_DERIVATIVE,CONFIRMED,SKIP,R-M02,LOW,,media-master.csv:multimedia/imagenes/productos/1a335f84d428ad1d1d70bacc117fb276eb89643a.jpg original_ids=174|790 usage=IMAGE_APPARENTLY_UNUSED|DERIVED,"Derivado generado por el CMS legacy a partir de un original conservado, sin referencia publica directa. WordPress regenera sus propios tamanos. El original se decide por separado."
media,asset:multimedia/imagenes/productos/1a76a5044fe865297a21321827734e718edd7a50.jpg,Uso documental no equivale a aprobación de propósito/identidad de medios.,R10_MEDIA_DERIVATIVE,CONFIRMED,SKIP,R-M02,LOW,,media-master.csv:multimedia/imagenes/productos/1a76a5044fe865297a21321827734e718edd7a50.jpg original_ids=251 usage=IMAGE_APPARENTLY_UNUSED|DERIVED,"Derivado generado por el CMS legacy a partir de un original conservado, sin referencia publica directa. WordPress regenera sus propios tamanos. El original se decide por separado."
media,asset:multimedia/imagenes/productos/1b2a64330ac09a6a8703a86237ab915070ccea63.jpg,Uso documental no equivale a aprobación de propósito/identidad de medios.,R10_MEDIA_DERIVATIVE,CONFIRMED,SKIP,R-M02,LOW,,media-master.csv:multimedia/imagenes/productos/1b2a64330ac09a6a8703a86237ab915070ccea63.jpg original_ids=286 usage=IMAGE_APPARENTLY_UNUSED|DERIVED,"Derivado generado por el CMS legacy a partir de un original conservado, sin referencia publica directa. WordPress regenera sus propios tamanos. El original se decide por separado."
media,asset:multimedia/imagenes/productos/1bdbc8573b16aac59ded3f3125ba1708c9b31055.png,Uso documental no equivale a aprobación de propósito/identidad de medios.,R10_MEDIA_DERIVATIVE,CONFIRMED,SKIP,R-M02,LOW,,media-master.csv:multimedia/imagenes/productos/1bdbc8573b16aac59ded3f3125ba1708c9b31055.png original_ids=413 usage=IMAGE_APPARENTLY_UNUSED|DERIVED,"Derivado generado por el CMS legacy a partir de un original conservado, sin referencia publica directa. WordPress regenera sus propios tamanos. El original se decide por separado."
media,asset:multimedia/imagenes/productos/1cd185491018a76917c79e14c41b2b0011319b80.png,Uso documental no equivale a aprobación de propósito/identidad de medios.,R10_MEDIA_DERIVATIVE,CONFIRMED,SKIP,R-M02,LOW,,media-master.csv:multimedia/imagenes/productos/1cd185491018a76917c79e14c41b2b0011319b80.png original_ids=191|281|326|936 usage=IMAGE_APPARENTLY_UNUSED|DERIVED|EXACT_DUPLICATE_BYTES,"Derivado generado por el CMS legacy a partir de un original conservado, sin referencia publica directa. WordPress regenera sus propios tamanos. El original se decide por separado."
media,asset:multimedia/imagenes/productos/1dc9440b5554feba939f9d0bfa45ca8255023c59.jpg,Uso documental no equivale a aprobación de propósito/identidad de medios.,R10_MEDIA_DERIVATIVE,CONFIRMED,SKIP,R-M02,LOW,,media-master.csv:multimedia/imagenes/productos/1dc9440b5554feba939f9d0bfa45ca8255023c59.jpg original_ids=518|765 usage=IMAGE_APPARENTLY_UNUSED|DERIVED,"Derivado generado por el CMS legacy a partir de un original conservado, sin referencia publica directa. WordPress regenera sus propios tamanos. El original se decide por separado."
media,asset:multimedia/imagenes/productos/1dd05ae0cd66252746a17313d414d0be22ccf43f.jpg,Uso documental no equivale a aprobación de propósito/identidad de medios.,R10_MEDIA_DERIVATIVE,CONFIRMED,SKIP,R-M02,LOW,,media-master.csv:multimedia/imagenes/productos/1dd05ae0cd66252746a17313d414d0be22ccf43f.jpg original_ids=707 usage=IMAGE_APPARENTLY_UNUSED|DERIVED,"Derivado generado por el CMS legacy a partir de un original conservado, sin referencia publica directa. WordPress regenera sus propios tamanos. El original se decide por separado."
media,asset:multimedia/imagenes/productos/1f08c992ec5ff11246b3c2c99fab1a38f63cd586.jpg,Uso documental no equivale a aprobación de propósito/identidad de medios.,R10_MEDIA_DERIVATIVE,CONFIRMED,SKIP,R-M02,LOW,,media-master.csv:multimedia/imagenes/productos/1f08c992ec5ff11246b3c2c99fab1a38f63cd586.jpg original_ids=1223|552 usage=IMAGE_APPARENTLY_UNUSED|DERIVED,"Derivado generado por el CMS legacy a partir de un original conservado, sin referencia publica directa. WordPress regenera sus propios tamanos. El original se decide por separado."
media,asset:multimedia/imagenes/productos/1f77aa6b34d2c431879dd72b9cd779a2515818e9.jpg,Uso documental no equivale a aprobación de propósito/identidad de medios.,R10_MEDIA_DERIVATIVE,CONFIRMED,SKIP,R-M02,LOW,,media-master.csv:multimedia/imagenes/productos/1f77aa6b34d2c431879dd72b9cd779a2515818e9.jpg original_ids=1347 usage=IMAGE_APPARENTLY_UNUSED|DERIVED,"Derivado generado por el CMS legacy a partir de un original conservado, sin referencia publica directa. WordPress regenera sus propios tamanos. El original se decide por separado."
media,asset:multimedia/imagenes/productos/20162e2d303a3eca6ff36017343562a94980ccc0.png,Uso documental no equivale a aprobación de propósito/identidad de medios.,R10_MEDIA_DERIVATIVE,CONFIRMED,SKIP,R-M02,LOW,,media-master.csv:multimedia/imagenes/productos/20162e2d303a3eca6ff36017343562a94980ccc0.png original_ids=1024|365 usage=IMAGE_APPARENTLY_UNUSED|DERIVED,"Derivado generado por el CMS legacy a partir de un original conservado, sin referencia publica directa. WordPress regenera sus propios tamanos. El original se decide por separado."
media,asset:multimedia/imagenes/productos/226caac31d2c72dc9a4e9e5937b42d25d2181733.jpg,Uso documental no equivale a aprobación de propósito/identidad de medios.,R10_MEDIA_DERIVATIVE,CONFIRMED,SKIP,R-M02,LOW,,media-master.csv:multimedia/imagenes/productos/226caac31d2c72dc9a4e9e5937b42d25d2181733.jpg original_ids=196|825 usage=IMAGE_APPARENTLY_UNUSED|DERIVED,"Derivado generado por el CMS legacy a partir de un original conservado, sin referencia publica directa. WordPress regenera sus propios tamanos. El original se decide por separado."
media,asset:multimedia/imagenes/productos/2275a86129b6621c5e4709586c4b3b2e6e4320ec.jpg,Uso documental no equivale a aprobación de propósito/identidad de medios.,R10_MEDIA_DERIVATIVE,CONFIRMED,SKIP,R-M02,LOW,,media-master.csv:multimedia/imagenes/productos/2275a86129b6621c5e4709586c4b3b2e6e4320ec.jpg original_ids=672 usage=IMAGE_APPARENTLY_UNUSED|DERIVED,"Derivado generado por el CMS legacy a partir de un original conservado, sin referencia publica directa. WordPress regenera sus propios tamanos. El original se decide por separado."
media,asset:multimedia/imagenes/productos/23d64ba6c7e061271bc6fdafa624c8452f91f824.jpg,Uso documental no equivale a aprobación de propósito/identidad de medios.,R10_MEDIA_DERIVATIVE,CONFIRMED,SKIP,R-M02,LOW,,media-master.csv:multimedia/imagenes/productos/23d64ba6c7e061271bc6fdafa624c8452f91f824.jpg original_ids=1295 usage=IMAGE_APPARENTLY_UNUSED|DERIVED,"Derivado generado por el CMS legacy a partir de un original conservado, sin referencia publica directa. WordPress regenera sus propios tamanos. El original se decide por separado."
media,asset:multimedia/imagenes/productos/24e0d6f15c24675c2a029554f605dba9d7f47c93.jpg,Uso documental no equivale a aprobación de propósito/identidad de medios.,R10_MEDIA_DERIVATIVE,CONFIRMED,SKIP,R-M02,LOW,,media-master.csv:multimedia/imagenes/productos/24e0d6f15c24675c2a029554f605dba9d7f47c93.jpg original_ids=1237|356 usage=IMAGE_APPARENTLY_UNUSED|DERIVED,"Derivado generado por el CMS legacy a partir de un original conservado, sin referencia publica directa. WordPress regenera sus propios tamanos. El original se decide por separado."
media,asset:multimedia/imagenes/productos/25c0bd18b4ddf41ccc3ed87801a972890011ed2c.jpg,Uso documental no equivale a aprobación de propósito/identidad de medios.,R10_MEDIA_DERIVATIVE,CONFIRMED,SKIP,R-M02,LOW,,media-master.csv:multimedia/imagenes/productos/25c0bd18b4ddf41ccc3ed87801a972890011ed2c.jpg original_ids=331 usage=IMAGE_APPARENTLY_UNUSED|DERIVED,"Derivado generado por el CMS legacy a partir de un original conservado, sin referencia publica directa. WordPress regenera sus propios tamanos. El original se decide por separado."
media,asset:multimedia/imagenes/productos/25e0f577729ca9184cc4388fe11b73c42883dcec.jpg,Uso documental no equivale a aprobación de propósito/identidad de medios.,R10_MEDIA_DERIVATIVE,CONFIRMED,SKIP,R-M02,LOW,,media-master.csv:multimedia/imagenes/productos/25e0f577729ca9184cc4388fe11b73c42883dcec.jpg original_ids=472 usage=IMAGE_APPARENTLY_UNUSED|DERIVED,"Derivado generado por el CMS legacy a partir de un original conservado, sin referencia publica directa. WordPress regenera sus propios tamanos. El original se decide por separado."
media,asset:multimedia/imagenes/productos/264a7a4be0e359c55b9c412aa8ca06b188abc854.jpg,Uso documental no equivale a aprobación de propósito/identidad de medios.,R10_MEDIA_DERIVATIVE,CONFIRMED,SKIP,R-M02,LOW,,media-master.csv:multimedia/imagenes/productos/264a7a4be0e359c55b9c412aa8ca06b188abc854.jpg original_ids=251 usage=IMAGE_APPARENTLY_UNUSED|DERIVED,"Derivado generado por el CMS legacy a partir de un original conservado, sin referencia publica directa. WordPress regenera sus propios tamanos. El original se decide por separado."
media,asset:multimedia/imagenes/productos/2663f1c2be32358a778297750b8b9c1985af2400.jpg,Uso documental no equivale a aprobación de propósito/identidad de medios.,R10_MEDIA_DERIVATIVE,CONFIRMED,SKIP,R-M02,LOW,,media-master.csv:multimedia/imagenes/productos/2663f1c2be32358a778297750b8b9c1985af2400.jpg original_ids=504|874 usage=IMAGE_APPARENTLY_UNUSED|DERIVED,"Derivado generado por el CMS legacy a partir de un original conservado, sin referencia publica directa. WordPress regenera sus propios tamanos. El original se decide por separado."
media,asset:multimedia/imagenes/productos/2781b7edf8bd65223923ac4ae96561dd74a82271.png,Uso documental no equivale a aprobación de propósito/identidad de medios.,R10_MEDIA_DERIVATIVE,CONFIRMED,SKIP,R-M02,LOW,,media-master.csv:multimedia/imagenes/productos/2781b7edf8bd65223923ac4ae96561dd74a82271.png original_ids=191|281|326|936 usage=IMAGE_APPARENTLY_UNUSED|DERIVED|EXACT_DUPLICATE_BYTES,"Derivado generado por el CMS legacy a partir de un original conservado, sin referencia publica directa. WordPress regenera sus propios tamanos. El original se decide por separado."
media,asset:multimedia/imagenes/productos/278a4546b48209d2967e9b5217813ee15bf36708.jpg,Uso documental no equivale a aprobación de propósito/identidad de medios.,R10_MEDIA_DERIVATIVE,CONFIRMED,SKIP,R-M02,LOW,,media-master.csv:multimedia/imagenes/productos/278a4546b48209d2967e9b5217813ee15bf36708.jpg original_ids=523|980 usage=IMAGE_APPARENTLY_UNUSED|DERIVED,"Derivado generado por el CMS legacy a partir de un original conservado, sin referencia publica directa. WordPress regenera sus propios tamanos. El original se decide por separado."
media,asset:multimedia/imagenes/productos/2796b3a1d22bbf5e8f406e7a5dcdc12c553c9cff.jpg,Uso documental no equivale a aprobación de propósito/identidad de medios.,R10_MEDIA_DERIVATIVE,CONFIRMED,SKIP,R-M02,LOW,,media-master.csv:multimedia/imagenes/productos/2796b3a1d22bbf5e8f406e7a5dcdc12c553c9cff.jpg original_ids=1260|561 usage=IMAGE_APPARENTLY_UNUSED|DERIVED,"Derivado generado por el CMS legacy a partir de un original conservado, sin referencia publica directa. WordPress regenera sus propios tamanos. El original se decide por separado."
media,asset:multimedia/imagenes/productos/2a10289b70f121d836b1f535a3402807476f93a8.jpg,Uso documental no equivale a aprobación de propósito/identidad de medios.,R10_MEDIA_DERIVATIVE,CONFIRMED,SKIP,R-M02,LOW,,media-master.csv:multimedia/imagenes/productos/2a10289b70f121d836b1f535a3402807476f93a8.jpg original_ids=260|645 usage=IMAGE_APPARENTLY_UNUSED|DERIVED,"Derivado generado por el CMS legacy a partir de un original conservado, sin referencia publica directa. WordPress regenera sus propios tamanos. El original se decide por separado."
media,asset:multimedia/imagenes/productos/2b360d8a9854585b2873ed0c571eaac8667989c1.png,Uso documental no equivale a aprobación de propósito/identidad de medios.,R10_MEDIA_DERIVATIVE,CONFIRMED,SKIP,R-M02,LOW,,media-master.csv:multimedia/imagenes/productos/2b360d8a9854585b2873ed0c571eaac8667989c1.png original_ids=218|953 usage=IMAGE_APPARENTLY_UNUSED|DERIVED,"Derivado generado por el CMS legacy a partir de un original conservado, sin referencia publica directa. WordPress regenera sus propios tamanos. El original se decide por separado."
media,asset:multimedia/imagenes/productos/2be7b58bb9b540fee904acdfa24e7f98ed20886f.jpg,Uso documental no equivale a aprobación de propósito/identidad de medios.,R10_MEDIA_DERIVATIVE,CONFIRMED,SKIP,R-M02,LOW,,media-master.csv:multimedia/imagenes/productos/2be7b58bb9b540fee904acdfa24e7f98ed20886f.jpg original_ids=476|892 usage=IMAGE_APPARENTLY_UNUSED|DERIVED,"Derivado generado por el CMS legacy a partir de un original conservado, sin referencia publica directa. WordPress regenera sus propios tamanos. El original se decide por separado."
media,asset:multimedia/imagenes/productos/2cc2f054110012652b02e0187ac429f75c8ced9e.png,Uso documental no equivale a aprobación de propósito/identidad de medios.,R10_MEDIA_DERIVATIVE,CONFIRMED,SKIP,R-M02,LOW,,media-master.csv:multimedia/imagenes/productos/2cc2f054110012652b02e0187ac429f75c8ced9e.png original_ids=393 usage=IMAGE_APPARENTLY_UNUSED|DERIVED,"Derivado generado por el CMS legacy a partir de un original conservado, sin referencia publica directa. WordPress regenera sus propios tamanos. El original se decide por separado."
media,asset:multimedia/imagenes/productos/2cd6ae48995f438b403451d2615c64042a4353b0.png,Uso documental no equivale a aprobación de propósito/identidad de medios.,R10_MEDIA_DERIVATIVE,CONFIRMED,SKIP,R-M02,LOW,,media-master.csv:multimedia/imagenes/productos/2cd6ae48995f438b403451d2615c64042a4353b0.png original_ids=1096|231 usage=IMAGE_APPARENTLY_UNUSED|DERIVED,"Derivado generado por el CMS legacy a partir de un original conservado, sin referencia publica directa. WordPress regenera sus propios tamanos. El original se decide por separado."
media,asset:multimedia/imagenes/productos/2da2bd675a6ccfd8ee472082b03edfd522780798.jpg,Uso documental no equivale a aprobación de propósito/identidad de medios.,R10_MEDIA_DERIVATIVE,CONFIRMED,SKIP,R-M02,LOW,,media-master.csv:multimedia/imagenes/productos/2da2bd675a6ccfd8ee472082b03edfd522780798.jpg original_ids=490 usage=IMAGE_APPARENTLY_UNUSED|DERIVED,"Derivado generado por el CMS legacy a partir de un original conservado, sin referencia publica directa. WordPress regenera sus propios tamanos. El original se decide por separado."
media,asset:multimedia/imagenes/productos/2dcd34680ae76905d3bb16fc7c85a0d93cc9c5a5.jpg,Uso documental no equivale a aprobación de propósito/identidad de medios.,R10_MEDIA_DERIVATIVE,CONFIRMED,SKIP,R-M02,LOW,,media-master.csv:multimedia/imagenes/productos/2dcd34680ae76905d3bb16fc7c85a0d93cc9c5a5.jpg original_ids=1242 usage=IMAGE_APPARENTLY_UNUSED|DERIVED|EXACT_DUPLICATE_BYTES,"Derivado generado por el CMS legacy a partir de un original conservado, sin referencia publica directa. WordPress regenera sus propios tamanos. El original se decide por separado."
media,asset:multimedia/imagenes/productos/2dffa1df5bf16fd938ac7a7bd9d3d4dcf7872560.png,Uso documental no equivale a aprobación de propósito/identidad de medios.,R10_MEDIA_DERIVATIVE,CONFIRMED,SKIP,R-M02,LOW,,media-master.csv:multimedia/imagenes/productos/2dffa1df5bf16fd938ac7a7bd9d3d4dcf7872560.png original_ids=191|281|326|936 usage=IMAGE_APPARENTLY_UNUSED|DERIVED,"Derivado generado por el CMS legacy a partir de un original conservado, sin referencia publica directa. WordPress regenera sus propios tamanos. El original se decide por separado."
media,asset:multimedia/imagenes/productos/2e19d878c19f1353d3e55513b1a0ff00b3655392.png,Uso documental no equivale a aprobación de propósito/identidad de medios.,R10_MEDIA_DERIVATIVE,CONFIRMED,SKIP,R-M02,LOW,,media-master.csv:multimedia/imagenes/productos/2e19d878c19f1353d3e55513b1a0ff00b3655392.png original_ids=1008|403 usage=IMAGE_APPARENTLY_UNUSED|DERIVED,"Derivado generado por el CMS legacy a partir de un original conservado, sin referencia publica directa. WordPress regenera sus propios tamanos. El original se decide por separado."
media,asset:multimedia/imagenes/productos/2eaeae874d0edc64c079e7644d96f0387302e9a9.png,Uso documental no equivale a aprobación de propósito/identidad de medios.,R10_MEDIA_DERIVATIVE,CONFIRMED,SKIP,R-M02,LOW,,media-master.csv:multimedia/imagenes/productos/2eaeae874d0edc64c079e7644d96f0387302e9a9.png original_ids=1273 usage=IMAGE_APPARENTLY_UNUSED|DERIVED,"Derivado generado por el CMS legacy a partir de un original conservado, sin referencia publica directa. WordPress regenera sus propios tamanos. El original se decide por separado."
media,asset:multimedia/imagenes/productos/2f90e8bd3fd035a9da7cc88f5e54763dbe71eb65.jpg,Uso documental no equivale a aprobación de propósito/identidad de medios.,R10_MEDIA_DERIVATIVE,CONFIRMED,SKIP,R-M02,LOW,,media-master.csv:multimedia/imagenes/productos/2f90e8bd3fd035a9da7cc88f5e54763dbe71eb65.jpg original_ids=1126 usage=IMAGE_APPARENTLY_UNUSED|DERIVED,"Derivado generado por el CMS legacy a partir de un original conservado, sin referencia publica directa. WordPress regenera sus propios tamanos. El original se decide por separado."
media,asset:multimedia/imagenes/productos/3049d35ce5a58fb57ec7603f509ef7114f7e4280.jpg,Uso documental no equivale a aprobación de propósito/identidad de medios.,R10_MEDIA_DERIVATIVE,CONFIRMED,SKIP,R-M02,LOW,,media-master.csv:multimedia/imagenes/productos/3049d35ce5a58fb57ec7603f509ef7114f7e4280.jpg original_ids=165|966|975|999 usage=IMAGE_APPARENTLY_UNUSED|DERIVED,"Derivado generado por el CMS legacy a partir de un original conservado, sin referencia publica directa. WordPress regenera sus propios tamanos. El original se decide por separado."
media,asset:multimedia/imagenes/productos/3185b766898f29d01443c69deb7d6be12d705b89.jpg,Uso documental no equivale a aprobación de propósito/identidad de medios.,R10_MEDIA_DERIVATIVE,CONFIRMED,SKIP,R-M02,LOW,,media-master.csv:multimedia/imagenes/productos/3185b766898f29d01443c69deb7d6be12d705b89.jpg original_ids=864 usage=IMAGE_APPARENTLY_UNUSED|DERIVED,"Derivado generado por el CMS legacy a partir de un original conservado, sin referencia publica directa. WordPress regenera sus propios tamanos. El original se decide por separado."
media,asset:multimedia/imagenes/productos/33a8a1455bcfbb90e1c0ba4faa8f888cc0451e8c.png,Uso documental no equivale a aprobación de propósito/identidad de medios.,R10_MEDIA_DERIVATIVE,CONFIRMED,SKIP,R-M02,LOW,,media-master.csv:multimedia/imagenes/productos/33a8a1455bcfbb90e1c0ba4faa8f888cc0451e8c.png original_ids=1059|1155|454 usage=IMAGE_APPARENTLY_UNUSED|DERIVED,"Derivado generado por el CMS legacy a partir de un original conservado, sin referencia publica directa. WordPress regenera sus propios tamanos. El original se decide por separado."
media,asset:multimedia/imagenes/productos/33c576ee27c51f19bca33107f1753c9220da9e13.png,Uso documental no equivale a aprobación de propósito/identidad de medios.,R10_MEDIA_DERIVATIVE,CONFIRMED,SKIP,R-M02,LOW,,media-master.csv:multimedia/imagenes/productos/33c576ee27c51f19bca33107f1753c9220da9e13.png original_ids=1059|1155|454 usage=IMAGE_APPARENTLY_UNUSED|DERIVED,"Derivado generado por el CMS legacy a partir de un original conservado, sin referencia publica directa. WordPress regenera sus propios tamanos. El original se decide por separado."
media,asset:multimedia/imagenes/productos/33defd5b3ebe7d351fcf628da966065053d8b388.png,Uso documental no equivale a aprobación de propósito/identidad de medios.,R10_MEDIA_DERIVATIVE,CONFIRMED,SKIP,R-M02,LOW,,media-master.csv:multimedia/imagenes/productos/33defd5b3ebe7d351fcf628da966065053d8b388.png original_ids=1114 usage=IMAGE_APPARENTLY_UNUSED|DERIVED,"Derivado generado por el CMS legacy a partir de un original conservado, sin referencia publica directa. WordPress regenera sus propios tamanos. El original se decide por separado."
media,asset:multimedia/imagenes/productos/33fce3c6a98f76bb952ebfa61a302b70e04ea52c.png,Uso documental no equivale a aprobación de propósito/identidad de medios.,R10_MEDIA_DERIVATIVE,CONFIRMED,SKIP,R-M02,LOW,,media-master.csv:multimedia/imagenes/productos/33fce3c6a98f76bb952ebfa61a302b70e04ea52c.png original_ids=1024|365 usage=IMAGE_APPARENTLY_UNUSED|DERIVED,"Derivado generado por el CMS legacy a partir de un original conservado, sin referencia publica directa. WordPress regenera sus propios tamanos. El original se decide por separado."
media,asset:multimedia/imagenes/productos/33fea749c86a54e32cbea6fc348df6c35dfe7194.jpg,Uso documental no equivale a aprobación de propósito/identidad de medios.,R10_MEDIA_DERIVATIVE,CONFIRMED,SKIP,R-M02,LOW,,media-master.csv:multimedia/imagenes/productos/33fea749c86a54e32cbea6fc348df6c35dfe7194.jpg original_ids=1277 usage=IMAGE_APPARENTLY_UNUSED|DERIVED,"Derivado generado por el CMS legacy a partir de un original conservado, sin referencia publica directa. WordPress regenera sus propios tamanos. El original se decide por separado."
media,asset:multimedia/imagenes/productos/3413b34226b7c3b656fc13078a2fea4944a9cdb3.jpg,Uso documental no equivale a aprobación de propósito/identidad de medios.,R10_MEDIA_DERIVATIVE,CONFIRMED,SKIP,R-M02,LOW,,media-master.csv:multimedia/imagenes/productos/3413b34226b7c3b656fc13078a2fea4944a9cdb3.jpg original_ids=726 usage=IMAGE_APPARENTLY_UNUSED|DERIVED,"Derivado generado por el CMS legacy a partir de un original conservado, sin referencia publica directa. WordPress regenera sus propios tamanos. El original se decide por separado."
media,asset:multimedia/imagenes/productos/34211ef669994a8bd482b487e140bbe201cc59bd.jpg,Uso documental no equivale a aprobación de propósito/identidad de medios.,R10_MEDIA_DERIVATIVE,CONFIRMED,SKIP,R-M02,LOW,,media-master.csv:multimedia/imagenes/productos/34211ef669994a8bd482b487e140bbe201cc59bd.jpg original_ids=849 usage=IMAGE_APPARENTLY_UNUSED|DERIVED,"Derivado generado por el CMS legacy a partir de un original conservado, sin referencia publica directa. WordPress regenera sus propios tamanos. El original se decide por separado."
media,asset:multimedia/imagenes/productos/352f55a95012d98c11d878892227bccc9e1678f9.jpg,Uso documental no equivale a aprobación de propósito/identidad de medios.,R10_MEDIA_DERIVATIVE,CONFIRMED,SKIP,R-M02,LOW,,media-master.csv:multimedia/imagenes/productos/352f55a95012d98c11d878892227bccc9e1678f9.jpg original_ids=712 usage=IMAGE_APPARENTLY_UNUSED|DERIVED,"Derivado generado por el CMS legacy a partir de un original conservado, sin referencia publica directa. WordPress regenera sus propios tamanos. El original se decide por separado."
media,asset:multimedia/imagenes/productos/358506796f982c89c78dfafef0ca626612f1bfae.jpg,Uso documental no equivale a aprobación de propósito/identidad de medios.,R10_MEDIA_DERIVATIVE,CONFIRMED,SKIP,R-M02,LOW,,media-master.csv:multimedia/imagenes/productos/358506796f982c89c78dfafef0ca626612f1bfae.jpg original_ids=255 usage=IMAGE_APPARENTLY_UNUSED|DERIVED,"Derivado generado por el CMS legacy a partir de un original conservado, sin referencia publica directa. WordPress regenera sus propios tamanos. El original se decide por separado."
media,asset:multimedia/imagenes/productos/35b187dcc82e959ca75db937b90024005a527157.jpg,Uso documental no equivale a aprobación de propósito/identidad de medios.,R10_MEDIA_DERIVATIVE,CONFIRMED,SKIP,R-M02,LOW,,media-master.csv:multimedia/imagenes/productos/35b187dcc82e959ca75db937b90024005a527157.jpg original_ids=169|785 usage=IMAGE_APPARENTLY_UNUSED|DERIVED,"Derivado generado por el CMS legacy a partir de un original conservado, sin referencia publica directa. WordPress regenera sus propios tamanos. El original se decide por separado."
media,asset:multimedia/imagenes/productos/36ee69f37c8884b83e3ca11cc23dbebcac8972c7.jpg,Uso documental no equivale a aprobación de propósito/identidad de medios.,R10_MEDIA_DERIVATIVE,CONFIRMED,SKIP,R-M02,LOW,,media-master.csv:multimedia/imagenes/productos/36ee69f37c8884b83e3ca11cc23dbebcac8972c7.jpg original_ids=476|892 usage=IMAGE_APPARENTLY_UNUSED|DERIVED,"Derivado generado por el CMS legacy a partir de un original conservado, sin referencia publica directa. WordPress regenera sus propios tamanos. El original se decide por separado."
media,asset:multimedia/imagenes/productos/36f6b5b690d5213be20e793bc11545d0a3088f32.jpg,Uso documental no equivale a aprobación de propósito/identidad de medios.,R10_MEDIA_DERIVATIVE,CONFIRMED,SKIP,R-M02,LOW,,media-master.csv:multimedia/imagenes/productos/36f6b5b690d5213be20e793bc11545d0a3088f32.jpg original_ids=1351 usage=IMAGE_APPARENTLY_UNUSED|DERIVED,"Derivado generado por el CMS legacy a partir de un original conservado, sin referencia publica directa. WordPress regenera sus propios tamanos. El original se decide por separado."
media,asset:multimedia/imagenes/productos/36fd2d5b2f378a67bdd6ab16346bf83c1cd73038.jpg,Uso documental no equivale a aprobación de propósito/identidad de medios.,R10_MEDIA_DERIVATIVE,CONFIRMED,SKIP,R-M02,LOW,,media-master.csv:multimedia/imagenes/productos/36fd2d5b2f378a67bdd6ab16346bf83c1cd73038.jpg original_ids=924 usage=IMAGE_APPARENTLY_UNUSED|DERIVED,"Derivado generado por el CMS legacy a partir de un original conservado, sin referencia publica directa. WordPress regenera sus propios tamanos. El original se decide por separado."
media,asset:multimedia/imagenes/productos/371a4b2f873919160fe7684495a5a5aad6d5c0b8.jpg,Uso documental no equivale a aprobación de propósito/identidad de medios.,R10_MEDIA_DERIVATIVE,CONFIRMED,SKIP,R-M02,LOW,,media-master.csv:multimedia/imagenes/productos/371a4b2f873919160fe7684495a5a5aad6d5c0b8.jpg original_ids=547|640 usage=IMAGE_APPARENTLY_UNUSED|DERIVED,"Derivado generado por el CMS legacy a partir de un original conservado, sin referencia publica directa. WordPress regenera sus propios tamanos. El original se decide por separado."
media,asset:multimedia/imagenes/productos/373ac67f27a16f99790511fda43ae3437c8a85bc.jpg,Uso documental no equivale a aprobación de propósito/identidad de medios.,R10_MEDIA_DERIVATIVE,CONFIRMED,SKIP,R-M02,LOW,,media-master.csv:multimedia/imagenes/productos/373ac67f27a16f99790511fda43ae3437c8a85bc.jpg original_ids=286 usage=IMAGE_APPARENTLY_UNUSED|DERIVED,"Derivado generado por el CMS legacy a partir de un original conservado, sin referencia publica directa. WordPress regenera sus propios tamanos. El original se decide por separado."
media,asset:multimedia/imagenes/productos/3789ab37d39458dca61894b4c976e9337f37f6a1.jpg,Uso documental no equivale a aprobación de propósito/identidad de medios.,R10_MEDIA_DERIVATIVE,CONFIRMED,SKIP,R-M02,LOW,,media-master.csv:multimedia/imagenes/productos/3789ab37d39458dca61894b4c976e9337f37f6a1.jpg original_ids=499|919 usage=IMAGE_APPARENTLY_UNUSED|DERIVED,"Derivado generado por el CMS legacy a partir de un original conservado, sin referencia publica directa. WordPress regenera sus propios tamanos. El original se decide por separado."
media,asset:multimedia/imagenes/productos/37b40cb15d4ce16f5ec13739e621730982b42b69.jpg,Uso documental no equivale a aprobación de propósito/identidad de medios.,R10_MEDIA_DERIVATIVE,CONFIRMED,SKIP,R-M02,LOW,,media-master.csv:multimedia/imagenes/productos/37b40cb15d4ce16f5ec13739e621730982b42b69.jpg original_ids=438 usage=IMAGE_APPARENTLY_UNUSED|DERIVED,"Derivado generado por el CMS legacy a partir de un original conservado, sin referencia publica directa. WordPress regenera sus propios tamanos. El original se decide por separado."
media,asset:multimedia/imagenes/productos/37e230ce8764faef89c115ba8c4c511fa966ad48.jpg,Uso documental no equivale a aprobación de propósito/identidad de medios.,R10_MEDIA_DERIVATIVE,CONFIRMED,SKIP,R-M02,LOW,,media-master.csv:multimedia/imagenes/productos/37e230ce8764faef89c115ba8c4c511fa966ad48.jpg original_ids=821 usage=IMAGE_APPARENTLY_UNUSED|DERIVED,"Derivado generado por el CMS legacy a partir de un original conservado, sin referencia publica directa. WordPress regenera sus propios tamanos. El original se decide por separado."
media,asset:multimedia/imagenes/productos/381cccddca9068f4f928c85a45b3fbf221cae6a9.jpg,Uso documental no equivale a aprobación de propósito/identidad de medios.,R10_MEDIA_DERIVATIVE,CONFIRMED,SKIP,R-M02,LOW,,media-master.csv:multimedia/imagenes/productos/381cccddca9068f4f928c85a45b3fbf221cae6a9.jpg original_ids=1063|1138|429 usage=IMAGE_APPARENTLY_UNUSED|DERIVED|EXACT_DUPLICATE_BYTES,"Derivado generado por el CMS legacy a partir de un original conservado, sin referencia publica directa. WordPress regenera sus propios tamanos. El original se decide por separado."
media,asset:multimedia/imagenes/productos/3895266c5e9f7b5167566e2eb2f00061cee5ef27.jpg,Uso documental no equivale a aprobación de propósito/identidad de medios.,R10_MEDIA_DERIVATIVE,CONFIRMED,SKIP,R-M02,LOW,,media-master.csv:multimedia/imagenes/productos/3895266c5e9f7b5167566e2eb2f00061cee5ef27.jpg original_ids=1029|1106|379 usage=IMAGE_APPARENTLY_UNUSED|DERIVED,"Derivado generado por el CMS legacy a partir de un original conservado, sin referencia publica directa. WordPress regenera sus propios tamanos. El original se decide por separado."
media,asset:multimedia/imagenes/productos/392b065a81c4bb33843d840ab8aac7e37ab25e87.jpg,Uso documental no equivale a aprobación de propósito/identidad de medios.,R10_MEDIA_DERIVATIVE,CONFIRMED,SKIP,R-M02,LOW,,media-master.csv:multimedia/imagenes/productos/392b065a81c4bb33843d840ab8aac7e37ab25e87.jpg original_ids=1256 usage=IMAGE_APPARENTLY_UNUSED|DERIVED,"Derivado generado por el CMS legacy a partir de un original conservado, sin referencia publica directa. WordPress regenera sus propios tamanos. El original se decide por separado."
media,asset:multimedia/imagenes/productos/3a1fc20fded91d4281ea5bccbabb5857c08ac984.png,Uso documental no equivale a aprobación de propósito/identidad de medios.,R10_MEDIA_DERIVATIVE,CONFIRMED,SKIP,R-M02,LOW,,media-master.csv:multimedia/imagenes/productos/3a1fc20fded91d4281ea5bccbabb5857c08ac984.png original_ids=342 usage=IMAGE_APPARENTLY_UNUSED|DERIVED|EXACT_DUPLICATE_BYTES,"Derivado generado por el CMS legacy a partir de un original conservado, sin referencia publica directa. WordPress regenera sus propios tamanos. El original se decide por separado."
media,asset:multimedia/imagenes/productos/3b217cb341e42553c617890ac8dd6feb34fdb1c7.jpg,Uso documental no equivale a aprobación de propósito/identidad de medios.,R10_MEDIA_DERIVATIVE,CONFIRMED,SKIP,R-M02,LOW,,media-master.csv:multimedia/imagenes/productos/3b217cb341e42553c617890ac8dd6feb34fdb1c7.jpg original_ids=692 usage=IMAGE_APPARENTLY_UNUSED|DERIVED,"Derivado generado por el CMS legacy a partir de un original conservado, sin referencia publica directa. WordPress regenera sus propios tamanos. El original se decide por separado."
media,asset:multimedia/imagenes/productos/3c6f460cc1486506219239ca2b7e5a8e8ad87a60.jpg,Uso documental no equivale a aprobación de propósito/identidad de medios.,R10_MEDIA_DERIVATIVE,CONFIRMED,SKIP,R-M02,LOW,,media-master.csv:multimedia/imagenes/productos/3c6f460cc1486506219239ca2b7e5a8e8ad87a60.jpg original_ids=1014|1120|389 usage=IMAGE_APPARENTLY_UNUSED|DERIVED|EXACT_DUPLICATE_BYTES,"Derivado generado por el CMS legacy a partir de un original conservado, sin referencia publica directa. WordPress regenera sus propios tamanos. El original se decide por separado."
media,asset:multimedia/imagenes/productos/3c70cf2c418e31f8108f88ed59aea7291660401b.png,Uso documental no equivale a aprobación de propósito/identidad de medios.,R10_MEDIA_DERIVATIVE,CONFIRMED,SKIP,R-M02,LOW,,media-master.csv:multimedia/imagenes/productos/3c70cf2c418e31f8108f88ed59aea7291660401b.png original_ids=1194|374 usage=IMAGE_APPARENTLY_UNUSED|DERIVED,"Derivado generado por el CMS legacy a partir de un original conservado, sin referencia publica directa. WordPress regenera sus propios tamanos. El original se decide por separado."
media,asset:multimedia/imagenes/productos/3d04b5ea99a0684e9c773d479566fa2616b9a9d6.png,Uso documental no equivale a aprobación de propósito/identidad de medios.,R10_MEDIA_DERIVATIVE,CONFIRMED,SKIP,R-M02,LOW,,media-master.csv:multimedia/imagenes/productos/3d04b5ea99a0684e9c773d479566fa2616b9a9d6.png original_ids=579 usage=IMAGE_APPARENTLY_UNUSED|DERIVED,"Derivado generado por el CMS legacy a partir de un original conservado, sin referencia publica directa. WordPress regenera sus propios tamanos. El original se decide por separado."
media,asset:multimedia/imagenes/productos/3d710dcd28fda2649ac0b16b46ef73ee16cdbd95.png,Uso documental no equivale a aprobación de propósito/identidad de medios.,R10_MEDIA_DERIVATIVE,CONFIRMED,SKIP,R-M02,LOW,,media-master.csv:multimedia/imagenes/productos/3d710dcd28fda2649ac0b16b46ef73ee16cdbd95.png original_ids=1072|1082|1159|513 usage=IMAGE_APPARENTLY_UNUSED|DERIVED,"Derivado generado por el CMS legacy a partir de un original conservado, sin referencia publica directa. WordPress regenera sus propios tamanos. El original se decide por separado."
media,asset:multimedia/imagenes/productos/3ddd17cc303be0139f7d072bc0bf7c97b145146e.jpg,Uso documental no equivale a aprobación de propósito/identidad de medios.,R10_MEDIA_DERIVATIVE,CONFIRMED,SKIP,R-M02,LOW,,media-master.csv:multimedia/imagenes/productos/3ddd17cc303be0139f7d072bc0bf7c97b145146e.jpg original_ids=735 usage=IMAGE_APPARENTLY_UNUSED|DERIVED,"Derivado generado por el CMS legacy a partir de un original conservado, sin referencia publica directa. WordPress regenera sus propios tamanos. El original se decide por separado."
media,asset:multimedia/imagenes/productos/3de77ed35f27bba5e37688f19043f0834bcd0cff.jpg,Uso documental no equivale a aprobación de propósito/identidad de medios.,R10_MEDIA_DERIVATIVE,CONFIRMED,SKIP,R-M02,LOW,,media-master.csv:multimedia/imagenes/productos/3de77ed35f27bba5e37688f19043f0834bcd0cff.jpg original_ids=697 usage=IMAGE_APPARENTLY_UNUSED|DERIVED,"Derivado generado por el CMS legacy a partir de un original conservado, sin referencia publica directa. WordPress regenera sus propios tamanos. El original se decide por separado."
media,asset:multimedia/imagenes/productos/3eba894cc4b56113df25e245b003b03627dc95ec.jpg,Uso documental no equivale a aprobación de propósito/identidad de medios.,R10_MEDIA_DERIVATIVE,CONFIRMED,SKIP,R-M02,LOW,,media-master.csv:multimedia/imagenes/productos/3eba894cc4b56113df25e245b003b03627dc95ec.jpg original_ids=169|785 usage=IMAGE_APPARENTLY_UNUSED|DERIVED,"Derivado generado por el CMS legacy a partir de un original conservado, sin referencia publica directa. WordPress regenera sus propios tamanos. El original se decide por separado."
media,asset:multimedia/imagenes/productos/3efdffd3ac26f45d9139c36a2bdd839ecd6a2eda.png,Uso documental no equivale a aprobación de propósito/identidad de medios.,R10_MEDIA_DERIVATIVE,CONFIRMED,SKIP,R-M02,LOW,,media-master.csv:multimedia/imagenes/productos/3efdffd3ac26f45d9139c36a2bdd839ecd6a2eda.png original_ids=442 usage=IMAGE_APPARENTLY_UNUSED|DERIVED,"Derivado generado por el CMS legacy a partir de un original conservado, sin referencia publica directa. WordPress regenera sus propios tamanos. El original se decide por separado."
media,asset:multimedia/imagenes/productos/3f27cada73952f5d7616a924c14dc6efe7008d3b.png,Uso documental no equivale a aprobación de propósito/identidad de medios.,R10_MEDIA_DERIVATIVE,CONFIRMED,SKIP,R-M02,LOW,,media-master.csv:multimedia/imagenes/productos/3f27cada73952f5d7616a924c14dc6efe7008d3b.png original_ids=1114 usage=IMAGE_APPARENTLY_UNUSED|DERIVED,"Derivado generado por el CMS legacy a partir de un original conservado, sin referencia publica directa. WordPress regenera sus propios tamanos. El original se decide por separado."
media,asset:multimedia/imagenes/productos/3f5dc5c0f9c9aa46cdb1d915680de39787a2bab9.jpg,Uso documental no equivale a aprobación de propósito/identidad de medios.,R10_MEDIA_DERIVATIVE,CONFIRMED,SKIP,R-M02,LOW,,media-master.csv:multimedia/imagenes/productos/3f5dc5c0f9c9aa46cdb1d915680de39787a2bab9.jpg original_ids=888 usage=IMAGE_APPARENTLY_UNUSED|DERIVED,"Derivado generado por el CMS legacy a partir de un original conservado, sin referencia publica directa. WordPress regenera sus propios tamanos. El original se decide por separado."
media,asset:multimedia/imagenes/productos/407a716595769879bb3564ac4dba39ac40e0eab0.jpg,Uso documental no equivale a aprobación de propósito/identidad de medios.,R10_MEDIA_DERIVATIVE,CONFIRMED,SKIP,R-M02,LOW,,media-master.csv:multimedia/imagenes/productos/407a716595769879bb3564ac4dba39ac40e0eab0.jpg original_ids=499|919 usage=IMAGE_APPARENTLY_UNUSED|DERIVED,"Derivado generado por el CMS legacy a partir de un original conservado, sin referencia publica directa. WordPress regenera sus propios tamanos. El original se decide por separado."
media,asset:multimedia/imagenes/productos/40f2160fb62b7c5ee17080ed593917673d700a7f.jpg,Uso documental no equivale a aprobación de propósito/identidad de medios.,R10_MEDIA_DERIVATIVE,CONFIRMED,SKIP,R-M02,LOW,,media-master.csv:multimedia/imagenes/productos/40f2160fb62b7c5ee17080ed593917673d700a7f.jpg original_ids=1351 usage=IMAGE_APPARENTLY_UNUSED|DERIVED,"Derivado generado por el CMS legacy a partir de un original conservado, sin referencia publica directa. WordPress regenera sus propios tamanos. El original se decide por separado."
media,asset:multimedia/imagenes/productos/4107f445ef7b067f76ef097b3da57af2382e7108.jpg,Uso documental no equivale a aprobación de propósito/identidad de medios.,R10_MEDIA_DERIVATIVE,CONFIRMED,SKIP,R-M02,LOW,,media-master.csv:multimedia/imagenes/productos/4107f445ef7b067f76ef097b3da57af2382e7108.jpg original_ids=830 usage=IMAGE_APPARENTLY_UNUSED|DERIVED,"Derivado generado por el CMS legacy a partir de un original conservado, sin referencia publica directa. WordPress regenera sus propios tamanos. El original se decide por separado."
media,asset:multimedia/imagenes/productos/4141d163664d035c13778aa2ddac33cac1af98ff.jpg,Uso documental no equivale a aprobación de propósito/identidad de medios.,R10_MEDIA_DERIVATIVE,CONFIRMED,SKIP,R-M02,LOW,,media-master.csv:multimedia/imagenes/productos/4141d163664d035c13778aa2ddac33cac1af98ff.jpg original_ids=504|874 usage=IMAGE_APPARENTLY_UNUSED|DERIVED,"Derivado generado por el CMS legacy a partir de un original conservado, sin referencia publica directa. WordPress regenera sus propios tamanos. El original se decide por separado."
media,asset:multimedia/imagenes/productos/42e1bf0bcd51140c652ff32de5959de824aa01fb.jpg,Uso documental no equivale a aprobación de propósito/identidad de medios.,R10_MEDIA_DERIVATIVE,CONFIRMED,SKIP,R-M02,LOW,,media-master.csv:multimedia/imagenes/productos/42e1bf0bcd51140c652ff32de5959de824aa01fb.jpg original_ids=770 usage=IMAGE_APPARENTLY_UNUSED|DERIVED,"Derivado generado por el CMS legacy a partir de un original conservado, sin referencia publica directa. WordPress regenera sus propios tamanos. El original se decide por separado."
media,asset:multimedia/imagenes/productos/4357a19340ef40ab6163db337d8b5e7ec3d053da.jpg,Uso documental no equivale a aprobación de propósito/identidad de medios.,R10_MEDIA_DERIVATIVE,CONFIRMED,SKIP,R-M02,LOW,,media-master.csv:multimedia/imagenes/productos/4357a19340ef40ab6163db337d8b5e7ec3d053da.jpg original_ids=523|980 usage=IMAGE_APPARENTLY_UNUSED|DERIVED,"Derivado generado por el CMS legacy a partir de un original conservado, sin referencia publica directa. WordPress regenera sus propios tamanos. El original se decide por separado."
media,asset:multimedia/imagenes/productos/4406fb027698c739ef14e6a5bacdc7f4e93d734c.jpg,Uso documental no equivale a aprobación de propósito/identidad de medios.,R10_MEDIA_DERIVATIVE,CONFIRMED,SKIP,R-M02,LOW,,media-master.csv:multimedia/imagenes/productos/4406fb027698c739ef14e6a5bacdc7f4e93d734c.jpg original_ids=1311 usage=IMAGE_APPARENTLY_UNUSED|DERIVED,"Derivado generado por el CMS legacy a partir de un original conservado, sin referencia publica directa. WordPress regenera sus propios tamanos. El original se decide por separado."
media,asset:multimedia/imagenes/productos/4434ff7aea86fec07a141d71a85268e08e168a29.png,Uso documental no equivale a aprobación de propósito/identidad de medios.,R10_MEDIA_DERIVATIVE,CONFIRMED,SKIP,R-M02,LOW,,media-master.csv:multimedia/imagenes/productos/4434ff7aea86fec07a141d71a85268e08e168a29.png original_ids=442 usage=IMAGE_APPARENTLY_UNUSED|DERIVED,"Derivado generado por el CMS legacy a partir de un original conservado, sin referencia publica directa. WordPress regenera sus propios tamanos. El original se decide por separado."
media,asset:multimedia/imagenes/productos/44ac3521931e4d2dcafba68cfd2c41aeb5e26c3e.jpg,Uso documental no equivale a aprobación de propósito/identidad de medios.,R10_MEDIA_DERIVATIVE,CONFIRMED,SKIP,R-M02,LOW,,media-master.csv:multimedia/imagenes/productos/44ac3521931e4d2dcafba68cfd2c41aeb5e26c3e.jpg original_ids=1281 usage=IMAGE_APPARENTLY_UNUSED|DERIVED,"Derivado generado por el CMS legacy a partir de un original conservado, sin referencia publica directa. WordPress regenera sus propios tamanos. El original se decide por separado."
media,asset:multimedia/imagenes/productos/45d713cde881c08fdfe7de02ac8aa51d7e531ced.jpg,Uso documental no equivale a aprobación de propósito/identidad de medios.,R10_MEDIA_DERIVATIVE,CONFIRMED,SKIP,R-M02,LOW,,media-master.csv:multimedia/imagenes/productos/45d713cde881c08fdfe7de02ac8aa51d7e531ced.jpg original_ids=672 usage=IMAGE_APPARENTLY_UNUSED|DERIVED,"Derivado generado por el CMS legacy a partir de un original conservado, sin referencia publica directa. WordPress regenera sus propios tamanos. El original se decide por separado."
media,asset:multimedia/imagenes/productos/4642ed1152768003ba74c0c5b07deb1b7b6d25b5.jpg,Uso documental no equivale a aprobación de propósito/identidad de medios.,R10_MEDIA_DERIVATIVE,CONFIRMED,SKIP,R-M02,LOW,,media-master.csv:multimedia/imagenes/productos/4642ed1152768003ba74c0c5b07deb1b7b6d25b5.jpg original_ids=1063|1138|429 usage=IMAGE_APPARENTLY_UNUSED|DERIVED,"Derivado generado por el CMS legacy a partir de un original conservado, sin referencia publica directa. WordPress regenera sus propios tamanos. El original se decide por separado."
media,asset:multimedia/imagenes/productos/4743716b36d08853d49c8cdb4c43b932ec851f53.jpg,Uso documental no equivale a aprobación de propósito/identidad de medios.,R10_MEDIA_DERIVATIVE,CONFIRMED,SKIP,R-M02,LOW,,media-master.csv:multimedia/imagenes/productos/4743716b36d08853d49c8cdb4c43b932ec851f53.jpg original_ids=1199|31|351 usage=IMAGE_APPARENTLY_UNUSED|DERIVED,"Derivado generado por el CMS legacy a partir de un original conservado, sin referencia publica directa. WordPress regenera sus propios tamanos. El original se decide por separado."
media,asset:multimedia/imagenes/productos/476685f62c2d46101267f755f04931bb48b3dc82.jpg,Uso documental no equivale a aprobación de propósito/identidad de medios.,R10_MEDIA_DERIVATIVE,CONFIRMED,SKIP,R-M02,LOW,,media-master.csv:multimedia/imagenes/productos/476685f62c2d46101267f755f04931bb48b3dc82.jpg original_ids=1101|854 usage=IMAGE_APPARENTLY_UNUSED|DERIVED,"Derivado generado por el CMS legacy a partir de un original conservado, sin referencia publica directa. WordPress regenera sus propios tamanos. El original se decide por separado."
media,asset:multimedia/imagenes/productos/48325261167d432351dad676bff7c16cd9e86288.jpg,Uso documental no equivale a aprobación de propósito/identidad de medios.,R10_MEDIA_DERIVATIVE,CONFIRMED,SKIP,R-M02,LOW,,media-master.csv:multimedia/imagenes/productos/48325261167d432351dad676bff7c16cd9e86288.jpg original_ids=1347 usage=IMAGE_APPARENTLY_UNUSED|DERIVED,"Derivado generado por el CMS legacy a partir de un original conservado, sin referencia publica directa. WordPress regenera sus propios tamanos. El original se decide por separado."
media,asset:multimedia/imagenes/productos/4911685e183f98f36a50b93623e832760fda25e3.jpg,Uso documental no equivale a aprobación de propósito/identidad de medios.,R10_MEDIA_DERIVATIVE,CONFIRMED,SKIP,R-M02,LOW,,media-master.csv:multimedia/imagenes/productos/4911685e183f98f36a50b93623e832760fda25e3.jpg original_ids=309|658 usage=IMAGE_APPARENTLY_UNUSED|DERIVED,"Derivado generado por el CMS legacy a partir de un original conservado, sin referencia publica directa. WordPress regenera sus propios tamanos. El original se decide por separado."
media,asset:multimedia/imagenes/productos/4a6235652183c35e5494d0c195b3ac47ac6724ac.png,Uso documental no equivale a aprobación de propósito/identidad de medios.,R10_MEDIA_DERIVATIVE,CONFIRMED,SKIP,R-M02,LOW,,media-master.csv:multimedia/imagenes/productos/4a6235652183c35e5494d0c195b3ac47ac6724ac.png original_ids=1273 usage=IMAGE_APPARENTLY_UNUSED|DERIVED,"Derivado generado por el CMS legacy a partir de un original conservado, sin referencia publica directa. WordPress regenera sus propios tamanos. El original se decide por separado."
media,asset:multimedia/imagenes/productos/4b0b677e883dd5de081a2d9ff85461e245cf7818.jpg,Uso documental no equivale a aprobación de propósito/identidad de medios.,R10_MEDIA_DERIVATIVE,CONFIRMED,SKIP,R-M02,LOW,,media-master.csv:multimedia/imagenes/productos/4b0b677e883dd5de081a2d9ff85461e245cf7818.jpg original_ids=331 usage=IMAGE_APPARENTLY_UNUSED|DERIVED|EXACT_DUPLICATE_BYTES,"Derivado generado por el CMS legacy a partir de un original conservado, sin referencia publica directa. WordPress regenera sus propios tamanos. El original se decide por separado."
media,asset:multimedia/imagenes/productos/4b235e91a9fa2cb3ad18fdfbe497b568a73c5cd0.jpg,Uso documental no equivale a aprobación de propósito/identidad de medios.,R10_MEDIA_DERIVATIVE,CONFIRMED,SKIP,R-M02,LOW,,media-master.csv:multimedia/imagenes/productos/4b235e91a9fa2cb3ad18fdfbe497b568a73c5cd0.jpg original_ids=622 usage=IMAGE_APPARENTLY_UNUSED|DERIVED,"Derivado generado por el CMS legacy a partir de un original conservado, sin referencia publica directa. WordPress regenera sus propios tamanos. El original se decide por separado."
media,asset:multimedia/imagenes/productos/4bf99ece8dcaab3c76de410407dec23791362fdf.jpg,Uso documental no equivale a aprobación de propósito/identidad de medios.,R10_MEDIA_DERIVATIVE,CONFIRMED,SKIP,R-M02,LOW,,media-master.csv:multimedia/imagenes/productos/4bf99ece8dcaab3c76de410407dec23791362fdf.jpg original_ids=23|290|5 usage=IMAGE_APPARENTLY_UNUSED|DERIVED,"Derivado generado por el CMS legacy a partir de un original conservado, sin referencia publica directa. WordPress regenera sus propios tamanos. El original se decide por separado."
media,asset:multimedia/imagenes/productos/4cecb81fc859ba53c31452341aa945cb0a739f32.png,Uso documental no equivale a aprobación de propósito/identidad de medios.,R10_MEDIA_DERIVATIVE,CONFIRMED,SKIP,R-M02,LOW,,media-master.csv:multimedia/imagenes/productos/4cecb81fc859ba53c31452341aa945cb0a739f32.png original_ids=1004|399 usage=IMAGE_APPARENTLY_UNUSED|DERIVED|EXACT_DUPLICATE_BYTES,"Derivado generado por el CMS legacy a partir de un original conservado, sin referencia publica directa. WordPress regenera sus propios tamanos. El original se decide por separado."
media,asset:multimedia/imagenes/productos/4d0ddcbbada428d5368d6c828e1d7163df14ae17.png,Uso documental no equivale a aprobación de propósito/identidad de medios.,R10_MEDIA_DERIVATIVE,CONFIRMED,SKIP,R-M02,LOW,,media-master.csv:multimedia/imagenes/productos/4d0ddcbbada428d5368d6c828e1d7163df14ae17.png original_ids=1227|556 usage=IMAGE_APPARENTLY_UNUSED|DERIVED,"Derivado generado por el CMS legacy a partir de un original conservado, sin referencia publica directa. WordPress regenera sus propios tamanos. El original se decide por separado."
media,asset:multimedia/imagenes/productos/4d3bfd79506fa9d7190c8ca0b8ba4d82ac297d97.png,Uso documental no equivale a aprobación de propósito/identidad de medios.,R10_MEDIA_DERIVATIVE,CONFIRMED,SKIP,R-M02,LOW,,media-master.csv:multimedia/imagenes/productos/4d3bfd79506fa9d7190c8ca0b8ba4d82ac297d97.png original_ids=222|957 usage=IMAGE_APPARENTLY_UNUSED|DERIVED,"Derivado generado por el CMS legacy a partir de un original conservado, sin referencia publica directa. WordPress regenera sus propios tamanos. El original se decide por separado."
media,asset:multimedia/imagenes/productos/4d73098f5327e7ce4890772979ba03966a360ed8.jpg,Uso documental no equivale a aprobación de propósito/identidad de medios.,R10_MEDIA_DERIVATIVE,CONFIRMED,SKIP,R-M02,LOW,,media-master.csv:multimedia/imagenes/productos/4d73098f5327e7ce4890772979ba03966a360ed8.jpg original_ids=1190|370 usage=IMAGE_APPARENTLY_UNUSED|DERIVED,"Derivado generado por el CMS legacy a partir de un original conservado, sin referencia publica directa. WordPress regenera sus propios tamanos. El original se decide por separado."
media,asset:multimedia/imagenes/productos/4e40cc3f9f388aa75157cc5b3399373b0e91e446.png,Uso documental no equivale a aprobación de propósito/identidad de medios.,R10_MEDIA_DERIVATIVE,CONFIRMED,SKIP,R-M02,LOW,,media-master.csv:multimedia/imagenes/productos/4e40cc3f9f388aa75157cc5b3399373b0e91e446.png original_ids=910 usage=IMAGE_APPARENTLY_UNUSED|DERIVED,"Derivado generado por el CMS legacy a partir de un original conservado, sin referencia publica directa. WordPress regenera sus propios tamanos. El original se decide por separado."
media,asset:multimedia/imagenes/productos/4eca310cc3433d683c530871e5634860b9e990f3.png,Uso documental no equivale a aprobación de propósito/identidad de medios.,R10_MEDIA_DERIVATIVE,CONFIRMED,SKIP,R-M02,LOW,,media-master.csv:multimedia/imagenes/productos/4eca310cc3433d683c530871e5634860b9e990f3.png original_ids=210|945 usage=IMAGE_APPARENTLY_UNUSED|DERIVED,"Derivado generado por el CMS legacy a partir de un original conservado, sin referencia publica directa. WordPress regenera sus propios tamanos. El original se decide por separado."
media,asset:multimedia/imagenes/productos/4f0398410bf458e634bf79fbbbe4562f8fd6606e.jpg,Uso documental no equivale a aprobación de propósito/identidad de medios.,R10_MEDIA_DERIVATIVE,CONFIRMED,SKIP,R-M02,LOW,,media-master.csv:multimedia/imagenes/productos/4f0398410bf458e634bf79fbbbe4562f8fd6606e.jpg original_ids=1307 usage=IMAGE_APPARENTLY_UNUSED|DERIVED,"Derivado generado por el CMS legacy a partir de un original conservado, sin referencia publica directa. WordPress regenera sus propios tamanos. El original se decide por separado."
media,asset:multimedia/imagenes/productos/4fc40be08139f1febff06270ab8b0502b646818f.png,Uso documental no equivale a aprobación de propósito/identidad de medios.,R10_MEDIA_DERIVATIVE,CONFIRMED,SKIP,R-M02,LOW,,media-master.csv:multimedia/imagenes/productos/4fc40be08139f1febff06270ab8b0502b646818f.png original_ids=342 usage=IMAGE_APPARENTLY_UNUSED|DERIVED,"Derivado generado por el CMS legacy a partir de un original conservado, sin referencia publica directa. WordPress regenera sus propios tamanos. El original se decide por separado."
media,asset:multimedia/imagenes/productos/5009b2f9d47480fb31c2e641df85371312a8249d.jpg,Uso documental no equivale a aprobación de propósito/identidad de medios.,R10_MEDIA_DERIVATIVE,CONFIRMED,SKIP,R-M02,LOW,,media-master.csv:multimedia/imagenes/productos/5009b2f9d47480fb31c2e641df85371312a8249d.jpg original_ids=1331 usage=IMAGE_APPARENTLY_UNUSED|DERIVED,"Derivado generado por el CMS legacy a partir de un original conservado, sin referencia publica directa. WordPress regenera sus propios tamanos. El original se decide por separado."
media,asset:multimedia/imagenes/productos/50cfec2d9de5136629facb8b5633d4a6fe64327e.png,Uso documental no equivale a aprobación de propósito/identidad de medios.,R10_MEDIA_DERIVATIVE,CONFIRMED,SKIP,R-M02,LOW,,media-master.csv:multimedia/imagenes/productos/50cfec2d9de5136629facb8b5633d4a6fe64327e.png original_ids=1033|1110|383 usage=IMAGE_APPARENTLY_UNUSED|DERIVED,"Derivado generado por el CMS legacy a partir de un original conservado, sin referencia publica directa. WordPress regenera sus propios tamanos. El original se decide por separado."
media,asset:multimedia/imagenes/productos/51de3a9e990c9f046e4b5ca22b2b8612019f83e3.png,Uso documental no equivale a aprobación de propósito/identidad de medios.,R10_MEDIA_DERIVATIVE,CONFIRMED,SKIP,R-M02,LOW,,media-master.csv:multimedia/imagenes/productos/51de3a9e990c9f046e4b5ca22b2b8612019f83e3.png original_ids=897 usage=IMAGE_APPARENTLY_UNUSED|DERIVED,"Derivado generado por el CMS legacy a partir de un original conservado, sin referencia publica directa. WordPress regenera sus propios tamanos. El original se decide por separado."
media,asset:multimedia/imagenes/productos/529d7a807f56271c4853d6eba64a97f2756f47ce.png,Uso documental no equivale a aprobación de propósito/identidad de medios.,R10_MEDIA_DERIVATIVE,CONFIRMED,SKIP,R-M02,LOW,,media-master.csv:multimedia/imagenes/productos/529d7a807f56271c4853d6eba64a97f2756f47ce.png original_ids=1185|608|816 usage=IMAGE_APPARENTLY_UNUSED|DERIVED|EXACT_DUPLICATE_BYTES,"Derivado generado por el CMS legacy a partir de un original conservado, sin referencia publica directa. WordPress regenera sus propios tamanos. El original se decide por separado."
media,asset:multimedia/imagenes/productos/536497b6c264eca5859f84faf0149c037a5a6bdb.jpg,Uso documental no equivale a aprobación de propósito/identidad de medios.,R10_MEDIA_DERIVATIVE,CONFIRMED,SKIP,R-M02,LOW,,media-master.csv:multimedia/imagenes/productos/536497b6c264eca5859f84faf0149c037a5a6bdb.jpg original_ids=677 usage=IMAGE_APPARENTLY_UNUSED|DERIVED,"Derivado generado por el CMS legacy a partir de un original conservado, sin referencia publica directa. WordPress regenera sus propios tamanos. El original se decide por separado."
media,asset:multimedia/imagenes/productos/540a2be0cf0994bf1ae8ad1b2e67815349c3cd9b.jpg,Uso documental no equivale a aprobación de propósito/identidad de medios.,R10_MEDIA_DERIVATIVE,CONFIRMED,SKIP,R-M02,LOW,,media-master.csv:multimedia/imagenes/productos/540a2be0cf0994bf1ae8ad1b2e67815349c3cd9b.jpg original_ids=165|966|975|999 usage=IMAGE_APPARENTLY_UNUSED|DERIVED,"Derivado generado por el CMS legacy a partir de un original conservado, sin referencia publica directa. WordPress regenera sus propios tamanos. El original se decide por separado."
media,asset:multimedia/imagenes/productos/543eaaab76bc549379fd94c1aff9864355059b4c.jpg,Uso documental no equivale a aprobación de propósito/identidad de medios.,R10_MEDIA_DERIVATIVE,CONFIRMED,SKIP,R-M02,LOW,,media-master.csv:multimedia/imagenes/productos/543eaaab76bc549379fd94c1aff9864355059b4c.jpg original_ids=1204|347 usage=IMAGE_APPARENTLY_UNUSED|DERIVED|EXACT_DUPLICATE_BYTES,"Derivado generado por el CMS legacy a partir de un original conservado, sin referencia publica directa. WordPress regenera sus propios tamanos. El original se decide por separado."
media,asset:multimedia/imagenes/productos/5620c485cab13e4fffe4a92915c2a59cdc0d9568.jpg,Uso documental no equivale a aprobación de propósito/identidad de medios.,R10_MEDIA_DERIVATIVE,CONFIRMED,SKIP,R-M02,LOW,,media-master.csv:multimedia/imagenes/productos/5620c485cab13e4fffe4a92915c2a59cdc0d9568.jpg original_ids=1343 usage=IMAGE_APPARENTLY_UNUSED|DERIVED,"Derivado generado por el CMS legacy a partir de un original conservado, sin referencia publica directa. WordPress regenera sus propios tamanos. El original se decide por separado."
media,asset:multimedia/imagenes/productos/58dc1d2dbaadaa2816e71e6fc041f1eae8d7d377.jpg,Uso documental no equivale a aprobación de propósito/identidad de medios.,R10_MEDIA_DERIVATIVE,CONFIRMED,SKIP,R-M02,LOW,,media-master.csv:multimedia/imagenes/productos/58dc1d2dbaadaa2816e71e6fc041f1eae8d7d377.jpg original_ids=712 usage=IMAGE_APPARENTLY_UNUSED|DERIVED,"Derivado generado por el CMS legacy a partir de un original conservado, sin referencia publica directa. WordPress regenera sus propios tamanos. El original se decide por separado."
media,asset:multimedia/imagenes/productos/58e5d2e38e187ac63cee47832de27cc5311ca6ae.jpg,Uso documental no equivale a aprobación de propósito/identidad de medios.,R10_MEDIA_DERIVATIVE,CONFIRMED,SKIP,R-M02,LOW,,media-master.csv:multimedia/imagenes/productos/58e5d2e38e187ac63cee47832de27cc5311ca6ae.jpg original_ids=677 usage=IMAGE_APPARENTLY_UNUSED|DERIVED,"Derivado generado por el CMS legacy a partir de un original conservado, sin referencia publica directa. WordPress regenera sus propios tamanos. El original se decide por separado."
media,asset:multimedia/imagenes/productos/5931b170616883ff7c0595afe5431784a569f9d2.jpg,Uso documental no equivale a aprobación de propósito/identidad de medios.,R10_MEDIA_DERIVATIVE,CONFIRMED,SKIP,R-M02,LOW,,media-master.csv:multimedia/imagenes/productos/5931b170616883ff7c0595afe5431784a569f9d2.jpg original_ids=1092|227|839 usage=IMAGE_APPARENTLY_UNUSED|DERIVED|EXACT_DUPLICATE_BYTES,"Derivado generado por el CMS legacy a partir de un original conservado, sin referencia publica directa. WordPress regenera sus propios tamanos. El original se decide por separado."
media,asset:multimedia/imagenes/productos/595ea955dd030ad539fadcfa379b8e9852cd302f.jpg,Uso documental no equivale a aprobación de propósito/identidad de medios.,R10_MEDIA_DERIVATIVE,CONFIRMED,SKIP,R-M02,LOW,,media-master.csv:multimedia/imagenes/productos/595ea955dd030ad539fadcfa379b8e9852cd302f.jpg original_ids=1323 usage=IMAGE_APPARENTLY_UNUSED|DERIVED,"Derivado generado por el CMS legacy a partir de un original conservado, sin referencia publica directa. WordPress regenera sus propios tamanos. El original se decide por separado."
media,asset:multimedia/imagenes/productos/59ee5b00020d7527a80ee77203c8884711dfd0b9.jpg,Uso documental no equivale a aprobación de propósito/identidad de medios.,R10_MEDIA_DERIVATIVE,CONFIRMED,SKIP,R-M02,LOW,,media-master.csv:multimedia/imagenes/productos/59ee5b00020d7527a80ee77203c8884711dfd0b9.jpg original_ids=458 usage=IMAGE_APPARENTLY_UNUSED|DERIVED,"Derivado generado por el CMS legacy a partir de un original conservado, sin referencia publica directa. WordPress regenera sus propios tamanos. El original se decide por separado."
media,asset:multimedia/imagenes/productos/5add6505503d9089d6ac437762bdd04a0940eb1f.png,Uso documental no equivale a aprobación de propósito/identidad de medios.,R10_MEDIA_DERIVATIVE,CONFIRMED,SKIP,R-M02,LOW,,media-master.csv:multimedia/imagenes/productos/5add6505503d9089d6ac437762bdd04a0940eb1f.png original_ids=442 usage=IMAGE_APPARENTLY_UNUSED|DERIVED,"Derivado generado por el CMS legacy a partir de un original conservado, sin referencia publica directa. WordPress regenera sus propios tamanos. El original se decide por separado."
media,asset:multimedia/imagenes/productos/5bac733585cf56045e63f781ce1bc1fb5c7a2f02.jpg,Uso documental no equivale a aprobación de propósito/identidad de medios.,R10_MEDIA_DERIVATIVE,CONFIRMED,SKIP,R-M02,LOW,,media-master.csv:multimedia/imagenes/productos/5bac733585cf56045e63f781ce1bc1fb5c7a2f02.jpg original_ids=668 usage=IMAGE_APPARENTLY_UNUSED|DERIVED,"Derivado generado por el CMS legacy a partir de un original conservado, sin referencia publica directa. WordPress regenera sus propios tamanos. El original se decide por separado."
media,asset:multimedia/imagenes/productos/5c05ee88500e24495e6b148467b18d61a10ff979.jpg,Uso documental no equivale a aprobación de propósito/identidad de medios.,R10_MEDIA_DERIVATIVE,CONFIRMED,SKIP,R-M02,LOW,,media-master.csv:multimedia/imagenes/productos/5c05ee88500e24495e6b148467b18d61a10ff979.jpg original_ids=1029|1106|379 usage=IMAGE_APPARENTLY_UNUSED|DERIVED,"Derivado generado por el CMS legacy a partir de un original conservado, sin referencia publica directa. WordPress regenera sus propios tamanos. El original se decide por separado."
media,asset:multimedia/imagenes/productos/5c7c6f83fb42d67c0102dbfa919bc3a0c8ea3890.jpg,Uso documental no equivale a aprobación de propósito/identidad de medios.,R10_MEDIA_DERIVATIVE,CONFIRMED,SKIP,R-M02,LOW,,media-master.csv:multimedia/imagenes/productos/5c7c6f83fb42d67c0102dbfa919bc3a0c8ea3890.jpg original_ids=1323 usage=IMAGE_APPARENTLY_UNUSED|DERIVED,"Derivado generado por el CMS legacy a partir de un original conservado, sin referencia publica directa. WordPress regenera sus propios tamanos. El original se decide por separado."
media,asset:multimedia/imagenes/productos/5cc2626d12d8450fb7e4f62aeabe8fb51b4cd86c.png,Uso documental no equivale a aprobación de propósito/identidad de medios.,R10_MEDIA_DERIVATIVE,CONFIRMED,SKIP,R-M02,LOW,,media-master.csv:multimedia/imagenes/productos/5cc2626d12d8450fb7e4f62aeabe8fb51b4cd86c.png original_ids=179|269|314 usage=IMAGE_APPARENTLY_UNUSED|DERIVED,"Derivado generado por el CMS legacy a partir de un original conservado, sin referencia publica directa. WordPress regenera sus propios tamanos. El original se decide por separado."
media,asset:multimedia/imagenes/productos/5cd6433ef2edae6a6abdf858695056fa2165df91.jpg,Uso documental no equivale a aprobación de propósito/identidad de medios.,R10_MEDIA_DERIVATIVE,CONFIRMED,SKIP,R-M02,LOW,,media-master.csv:multimedia/imagenes/productos/5cd6433ef2edae6a6abdf858695056fa2165df91.jpg original_ids=1277 usage=IMAGE_APPARENTLY_UNUSED|DERIVED,"Derivado generado por el CMS legacy a partir de un original conservado, sin referencia publica directa. WordPress regenera sus propios tamanos. El original se decide por separado."
media,asset:multimedia/imagenes/productos/5d7f8577a66b71c3ccef34992f6322a97d635b98.png,Uso documental no equivale a aprobación de propósito/identidad de medios.,R10_MEDIA_DERIVATIVE,CONFIRMED,SKIP,R-M02,LOW,,media-master.csv:multimedia/imagenes/productos/5d7f8577a66b71c3ccef34992f6322a97d635b98.png original_ids=183|273|318|928 usage=IMAGE_APPARENTLY_UNUSED|DERIVED,"Derivado generado por el CMS legacy a partir de un original conservado, sin referencia publica directa. WordPress regenera sus propios tamanos. El original se decide por separado."
media,asset:multimedia/imagenes/productos/5de4b6f6c1d4e0bbfdade16e162212de1fedd80e.jpg,Uso documental no equivale a aprobación de propósito/identidad de medios.,R10_MEDIA_DERIVATIVE,CONFIRMED,SKIP,R-M02,LOW,,media-master.csv:multimedia/imagenes/productos/5de4b6f6c1d4e0bbfdade16e162212de1fedd80e.jpg original_ids=463 usage=IMAGE_APPARENTLY_UNUSED|DERIVED,"Derivado generado por el CMS legacy a partir de un original conservado, sin referencia publica directa. WordPress regenera sus propios tamanos. El original se decide por separado."
media,asset:multimedia/imagenes/productos/5e95f93e4a7a55bfdab2fd76aed14f397358276a.jpg,Uso documental no equivale a aprobación de propósito/identidad de medios.,R10_MEDIA_DERIVATIVE,CONFIRMED,SKIP,R-M02,LOW,,media-master.csv:multimedia/imagenes/productos/5e95f93e4a7a55bfdab2fd76aed14f397358276a.jpg original_ids=1092|227|839 usage=IMAGE_APPARENTLY_UNUSED|DERIVED,"Derivado generado por el CMS legacy a partir de un original conservado, sin referencia publica directa. WordPress regenera sus propios tamanos. El original se decide por separado."
media,asset:multimedia/imagenes/productos/5f22de99218236eb32a78da6b5edbafe88208156.jpg,Uso documental no equivale a aprobación de propósito/identidad de medios.,R10_MEDIA_DERIVATIVE,CONFIRMED,SKIP,R-M02,LOW,,media-master.csv:multimedia/imagenes/productos/5f22de99218236eb32a78da6b5edbafe88208156.jpg original_ids=241 usage=IMAGE_APPARENTLY_UNUSED|DERIVED,"Derivado generado por el CMS legacy a partir de un original conservado, sin referencia publica directa. WordPress regenera sus propios tamanos. El original se decide por separado."
media,asset:multimedia/imagenes/productos/5f6312fb7f17ca6b7e1fb32782f42179e5637833.jpg,Uso documental no equivale a aprobación de propósito/identidad de medios.,R10_MEDIA_DERIVATIVE,CONFIRMED,SKIP,R-M02,LOW,,media-master.csv:multimedia/imagenes/productos/5f6312fb7f17ca6b7e1fb32782f42179e5637833.jpg original_ids=849 usage=IMAGE_APPARENTLY_UNUSED|DERIVED,"Derivado generado por el CMS legacy a partir de un original conservado, sin referencia publica directa. WordPress regenera sus propios tamanos. El original se decide por separado."
media,asset:multimedia/imagenes/productos/60999055540f90481b64e6ba1583e2b59dd548aa.jpg,Uso documental no equivale a aprobación de propósito/identidad de medios.,R10_MEDIA_DERIVATIVE,CONFIRMED,SKIP,R-M02,LOW,,media-master.csv:multimedia/imagenes/productos/60999055540f90481b64e6ba1583e2b59dd548aa.jpg original_ids=682 usage=IMAGE_APPARENTLY_UNUSED|DERIVED,"Derivado generado por el CMS legacy a partir de un original conservado, sin referencia publica directa. WordPress regenera sus propios tamanos. El original se decide por separado."
media,asset:multimedia/imagenes/productos/611161cc4d5ac8087622e4578c8f8fda16a93656.jpg,Uso documental no equivale a aprobación de propósito/identidad de medios.,R10_MEDIA_DERIVATIVE,CONFIRMED,SKIP,R-M02,LOW,,media-master.csv:multimedia/imagenes/productos/611161cc4d5ac8087622e4578c8f8fda16a93656.jpg original_ids=1323 usage=IMAGE_APPARENTLY_UNUSED|DERIVED,"Derivado generado por el CMS legacy a partir de un original conservado, sin referencia publica directa. WordPress regenera sus propios tamanos. El original se decide por separado."
media,asset:multimedia/imagenes/productos/618785c023d718b0e8357963ac8eebb74c7898b5.jpg,Uso documental no equivale a aprobación de propósito/identidad de medios.,R10_MEDIA_DERIVATIVE,CONFIRMED,SKIP,R-M02,LOW,,media-master.csv:multimedia/imagenes/productos/618785c023d718b0e8357963ac8eebb74c7898b5.jpg original_ids=494|914 usage=IMAGE_APPARENTLY_UNUSED|DERIVED,"Derivado generado por el CMS legacy a partir de un original conservado, sin referencia publica directa. WordPress regenera sus propios tamanos. El original se decide por separado."
media,asset:multimedia/imagenes/productos/622749dd557a8fdfe55e3576a14e9b8c3d9ad079.jpg,Uso documental no equivale a aprobación de propósito/identidad de medios.,R10_MEDIA_DERIVATIVE,CONFIRMED,SKIP,R-M02,LOW,,media-master.csv:multimedia/imagenes/productos/622749dd557a8fdfe55e3576a14e9b8c3d9ad079.jpg original_ids=821 usage=IMAGE_APPARENTLY_UNUSED|DERIVED,"Derivado generado por el CMS legacy a partir de un original conservado, sin referencia publica directa. WordPress regenera sus propios tamanos. El original se decide por separado."
media,asset:multimedia/imagenes/productos/626b932f23ecb2f6b91ff0a037fc58e415c2d4cc.png,Uso documental no equivale a aprobación de propósito/identidad de medios.,R10_MEDIA_DERIVATIVE,CONFIRMED,SKIP,R-M02,LOW,,media-master.csv:multimedia/imagenes/productos/626b932f23ecb2f6b91ff0a037fc58e415c2d4cc.png original_ids=1067|1142|433 usage=IMAGE_APPARENTLY_UNUSED|DERIVED,"Derivado generado por el CMS legacy a partir de un original conservado, sin referencia publica directa. WordPress regenera sus propios tamanos. El original se decide por separado."
media,asset:multimedia/imagenes/productos/6289170103009cfee50408d11cacac9708d82806.jpg,Uso documental no equivale a aprobación de propósito/identidad de medios.,R10_MEDIA_DERIVATIVE,CONFIRMED,SKIP,R-M02,LOW,,media-master.csv:multimedia/imagenes/productos/6289170103009cfee50408d11cacac9708d82806.jpg original_ids=1051|1147|446 usage=IMAGE_APPARENTLY_UNUSED|DERIVED,"Derivado generado por el CMS legacy a partir de un original conservado, sin referencia publica directa. WordPress regenera sus propios tamanos. El original se decide por separado."
media,asset:multimedia/imagenes/productos/62d26b7dcc4290671a007978a3e7cb7893218226.jpg,Uso documental no equivale a aprobación de propósito/identidad de medios.,R10_MEDIA_DERIVATIVE,CONFIRMED,SKIP,R-M02,LOW,,media-master.csv:multimedia/imagenes/productos/62d26b7dcc4290671a007978a3e7cb7893218226.jpg original_ids=1164|583|795 usage=IMAGE_APPARENTLY_UNUSED|DERIVED,"Derivado generado por el CMS legacy a partir de un original conservado, sin referencia publica directa. WordPress regenera sus propios tamanos. El original se decide por separado."
media,asset:multimedia/imagenes/productos/62d943726dc9248bcecb881e4238bef41440e6b2.jpg,Uso documental no equivale a aprobación de propósito/identidad de medios.,R10_MEDIA_DERIVATIVE,CONFIRMED,SKIP,R-M02,LOW,,media-master.csv:multimedia/imagenes/productos/62d943726dc9248bcecb881e4238bef41440e6b2.jpg original_ids=196|825 usage=IMAGE_APPARENTLY_UNUSED|DERIVED,"Derivado generado por el CMS legacy a partir de un original conservado, sin referencia publica directa. WordPress regenera sus propios tamanos. El original se decide por separado."
media,asset:multimedia/imagenes/productos/63250203bce2392674f8bf2ea89488f2786d4d00.jpg,Uso documental no equivale a aprobación de propósito/identidad de medios.,R10_MEDIA_DERIVATIVE,CONFIRMED,SKIP,R-M02,LOW,,media-master.csv:multimedia/imagenes/productos/63250203bce2392674f8bf2ea89488f2786d4d00.jpg original_ids=472 usage=IMAGE_APPARENTLY_UNUSED|DERIVED,"Derivado generado por el CMS legacy a partir de un original conservado, sin referencia publica directa. WordPress regenera sus propios tamanos. El original se decide por separado."
media,asset:multimedia/imagenes/productos/63a44e441e6322104e91acf59e088fc8b348c19b.png,Uso documental no equivale a aprobación de propósito/identidad de medios.,R10_MEDIA_DERIVATIVE,CONFIRMED,SKIP,R-M02,LOW,,media-master.csv:multimedia/imagenes/productos/63a44e441e6322104e91acf59e088fc8b348c19b.png original_ids=1250 usage=IMAGE_APPARENTLY_UNUSED|DERIVED,"Derivado generado por el CMS legacy a partir de un original conservado, sin referencia publica directa. WordPress regenera sus propios tamanos. El original se decide por separado."
media,asset:multimedia/imagenes/productos/63b500748d5fe6d0086ba850d23daea89cd2fbaa.png,Uso documental no equivale a aprobación de propósito/identidad de medios.,R10_MEDIA_DERIVATIVE,CONFIRMED,SKIP,R-M02,LOW,,media-master.csv:multimedia/imagenes/productos/63b500748d5fe6d0086ba850d23daea89cd2fbaa.png original_ids=1264|565 usage=IMAGE_APPARENTLY_UNUSED|DERIVED,"Derivado generado por el CMS legacy a partir de un original conservado, sin referencia publica directa. WordPress regenera sus propios tamanos. El original se decide por separado."
media,asset:multimedia/imagenes/productos/646f99b1933cc2e423e4d1e88692bb89e86f6b77.png,Uso documental no equivale a aprobación de propósito/identidad de medios.,R10_MEDIA_DERIVATIVE,CONFIRMED,SKIP,R-M02,LOW,,media-master.csv:multimedia/imagenes/productos/646f99b1933cc2e423e4d1e88692bb89e86f6b77.png original_ids=187|277|322|932 usage=IMAGE_APPARENTLY_UNUSED|DERIVED,"Derivado generado por el CMS legacy a partir de un original conservado, sin referencia publica directa. WordPress regenera sus propios tamanos. El original se decide por separado."
media,asset:multimedia/imagenes/productos/65557ad77eb8e58c61a3e33bd77415b1b99d170a.jpg,Uso documental no equivale a aprobación de propósito/identidad de medios.,R10_MEDIA_DERIVATIVE,CONFIRMED,SKIP,R-M02,LOW,,media-master.csv:multimedia/imagenes/productos/65557ad77eb8e58c61a3e33bd77415b1b99d170a.jpg original_ids=201|663 usage=IMAGE_APPARENTLY_UNUSED|DERIVED|EXACT_DUPLICATE_BYTES,"Derivado generado por el CMS legacy a partir de un original conservado, sin referencia publica directa. WordPress regenera sus propios tamanos. El original se decide por separado."
media,asset:multimedia/imagenes/productos/656c144674ca8d44dd405dcf66272623460a485a.jpg,Uso documental no equivale a aprobación de propósito/identidad de medios.,R10_MEDIA_DERIVATIVE,CONFIRMED,SKIP,R-M02,LOW,,media-master.csv:multimedia/imagenes/productos/656c144674ca8d44dd405dcf66272623460a485a.jpg original_ids=687 usage=IMAGE_APPARENTLY_UNUSED|DERIVED,"Derivado generado por el CMS legacy a partir de un original conservado, sin referencia publica directa. WordPress regenera sus propios tamanos. El original se decide por separado."
media,asset:multimedia/imagenes/productos/665bcd53983f55be82e461e9dc6e6866386addf7.jpg,Uso documental no equivale a aprobación de propósito/identidad de medios.,R10_MEDIA_DERIVATIVE,CONFIRMED,SKIP,R-M02,LOW,,media-master.csv:multimedia/imagenes/productos/665bcd53983f55be82e461e9dc6e6866386addf7.jpg original_ids=1285 usage=IMAGE_APPARENTLY_UNUSED|DERIVED,"Derivado generado por el CMS legacy a partir de un original conservado, sin referencia publica directa. WordPress regenera sus propios tamanos. El original se decide por separado."
media,asset:multimedia/imagenes/productos/66628775e123bafe97a33637e88f89ed833991b6.jpg,Uso documental no equivale a aprobación de propósito/identidad de medios.,R10_MEDIA_DERIVATIVE,CONFIRMED,SKIP,R-M02,LOW,,media-master.csv:multimedia/imagenes/productos/66628775e123bafe97a33637e88f89ed833991b6.jpg original_ids=472 usage=IMAGE_APPARENTLY_UNUSED|DERIVED,"Derivado generado por el CMS legacy a partir de un original conservado, sin referencia publica directa. WordPress regenera sus propios tamanos. El original se decide por separado."
media,asset:multimedia/imagenes/productos/674caecb7326ffc8ddf2d325246d210f8fa940e0.jpg,Uso documental no equivale a aprobación de propósito/identidad de medios.,R10_MEDIA_DERIVATIVE,CONFIRMED,SKIP,R-M02,LOW,,media-master.csv:multimedia/imagenes/productos/674caecb7326ffc8ddf2d325246d210f8fa940e0.jpg original_ids=1242 usage=IMAGE_APPARENTLY_UNUSED|DERIVED,"Derivado generado por el CMS legacy a partir de un original conservado, sin referencia publica directa. WordPress regenera sus propios tamanos. El original se decide por separado."
media,asset:multimedia/imagenes/productos/6813e7276875642a24944a7efd22a0e67d49f904.jpg,Uso documental no equivale a aprobación de propósito/identidad de medios.,R10_MEDIA_DERIVATIVE,CONFIRMED,SKIP,R-M02,LOW,,media-master.csv:multimedia/imagenes/productos/6813e7276875642a24944a7efd22a0e67d49f904.jpg original_ids=622 usage=IMAGE_APPARENTLY_UNUSED|DERIVED,"Derivado generado por el CMS legacy a partir de un original conservado, sin referencia publica directa. WordPress regenera sus propios tamanos. El original se decide por separado."
media,asset:multimedia/imagenes/productos/682657c8de97da3a1047feeaafee8519911cb43a.jpg,Uso documental no equivale a aprobación de propósito/identidad de medios.,R10_MEDIA_DERIVATIVE,CONFIRMED,SKIP,R-M02,LOW,,media-master.csv:multimedia/imagenes/productos/682657c8de97da3a1047feeaafee8519911cb43a.jpg original_ids=770 usage=IMAGE_APPARENTLY_UNUSED|DERIVED,"Derivado generado por el CMS legacy a partir de un original conservado, sin referencia publica directa. WordPress regenera sus propios tamanos. El original se decide por separado."
media,asset:multimedia/imagenes/productos/6826ff3b4e0336f25ef6df2f0a6ccb21358242d8.jpg,Uso documental no equivale a aprobación de propósito/identidad de medios.,R10_MEDIA_DERIVATIVE,CONFIRMED,SKIP,R-M02,LOW,,media-master.csv:multimedia/imagenes/productos/6826ff3b4e0336f25ef6df2f0a6ccb21358242d8.jpg original_ids=543|636 usage=IMAGE_APPARENTLY_UNUSED|DERIVED,"Derivado generado por el CMS legacy a partir de un original conservado, sin referencia publica directa. WordPress regenera sus propios tamanos. El original se decide por separado."
media,asset:multimedia/imagenes/productos/6aa14c2ecbd51294160da91cd0916109846e0a65.jpg,Uso documental no equivale a aprobación de propósito/identidad de medios.,R10_MEDIA_DERIVATIVE,CONFIRMED,SKIP,R-M02,LOW,,media-master.csv:multimedia/imagenes/productos/6aa14c2ecbd51294160da91cd0916109846e0a65.jpg original_ids=1232|337 usage=IMAGE_APPARENTLY_UNUSED|DERIVED,"Derivado generado por el CMS legacy a partir de un original conservado, sin referencia publica directa. WordPress regenera sus propios tamanos. El original se decide por separado."
media,asset:multimedia/imagenes/productos/6aa5d20e2efe6c1dd97a227c7a219d730f70c192.png,Uso documental no equivale a aprobación de propósito/identidad de medios.,R10_MEDIA_DERIVATIVE,CONFIRMED,SKIP,R-M02,LOW,,media-master.csv:multimedia/imagenes/productos/6aa5d20e2efe6c1dd97a227c7a219d730f70c192.png original_ids=1177|596|604|808 usage=IMAGE_APPARENTLY_UNUSED|DERIVED,"Derivado generado por el CMS legacy a partir de un original conservado, sin referencia publica directa. WordPress regenera sus propios tamanos. El original se decide por separado."
media,asset:multimedia/imagenes/productos/6b6a3381e7119fee7708c3960cc47ecc23d38cf1.jpg,Uso documental no equivale a aprobación de propósito/identidad de medios.,R10_MEDIA_DERIVATIVE,CONFIRMED,SKIP,R-M02,LOW,,media-master.csv:multimedia/imagenes/productos/6b6a3381e7119fee7708c3960cc47ecc23d38cf1.jpg original_ids=1347 usage=IMAGE_APPARENTLY_UNUSED|DERIVED,"Derivado generado por el CMS legacy a partir de un original conservado, sin referencia publica directa. WordPress regenera sus propios tamanos. El original se decide por separado."
media,asset:multimedia/imagenes/productos/6b73bf5ce3737a2265482b743489b867d26ce2aa.jpg,Uso documental no equivale a aprobación de propósito/identidad de medios.,R10_MEDIA_DERIVATIVE,CONFIRMED,SKIP,R-M02,LOW,,media-master.csv:multimedia/imagenes/productos/6b73bf5ce3737a2265482b743489b867d26ce2aa.jpg original_ids=687 usage=IMAGE_APPARENTLY_UNUSED|DERIVED,"Derivado generado por el CMS legacy a partir de un original conservado, sin referencia publica directa. WordPress regenera sus propios tamanos. El original se decide por separado."
media,asset:multimedia/imagenes/productos/6de120e531d503ef15a88584ccab19737a1fec2d.png,Uso documental no equivale a aprobación de propósito/identidad de medios.,R10_MEDIA_DERIVATIVE,CONFIRMED,SKIP,R-M02,LOW,,media-master.csv:multimedia/imagenes/productos/6de120e531d503ef15a88584ccab19737a1fec2d.png original_ids=1033|1110|383 usage=IMAGE_APPARENTLY_UNUSED|DERIVED,"Derivado generado por el CMS legacy a partir de un original conservado, sin referencia publica directa. WordPress regenera sus propios tamanos. El original se decide por separado."
media,asset:multimedia/imagenes/productos/6e687c582f58cf21b2e5a940d4446f235ba87f98.jpg,Uso documental no equivale a aprobación de propósito/identidad de medios.,R10_MEDIA_DERIVATIVE,CONFIRMED,SKIP,R-M02,LOW,,media-master.csv:multimedia/imagenes/productos/6e687c582f58cf21b2e5a940d4446f235ba87f98.jpg original_ids=717 usage=IMAGE_APPARENTLY_UNUSED|DERIVED,"Derivado generado por el CMS legacy a partir de un original conservado, sin referencia publica directa. WordPress regenera sus propios tamanos. El original se decide por separado."
media,asset:multimedia/imagenes/productos/6e95107626de4887bdb45dc2efc9f5e0b7426128.jpg,Uso documental no equivale a aprobación de propósito/identidad de medios.,R10_MEDIA_DERIVATIVE,CONFIRMED,SKIP,R-M02,LOW,,media-master.csv:multimedia/imagenes/productos/6e95107626de4887bdb45dc2efc9f5e0b7426128.jpg original_ids=1181|600|812 usage=IMAGE_APPARENTLY_UNUSED|DERIVED,"Derivado generado por el CMS legacy a partir de un original conservado, sin referencia publica directa. WordPress regenera sus propios tamanos. El original se decide por separado."
media,asset:multimedia/imagenes/productos/6ea83375b5b30c2cd850bc5c21ac3a23957ab2ab.jpg,Uso documental no equivale a aprobación de propósito/identidad de medios.,R10_MEDIA_DERIVATIVE,CONFIRMED,SKIP,R-M02,LOW,,media-master.csv:multimedia/imagenes/productos/6ea83375b5b30c2cd850bc5c21ac3a23957ab2ab.jpg original_ids=264|649 usage=IMAGE_APPARENTLY_UNUSED|DERIVED,"Derivado generado por el CMS legacy a partir de un original conservado, sin referencia publica directa. WordPress regenera sus propios tamanos. El original se decide por separado."
media,asset:multimedia/imagenes/productos/6f1b90c641def732999f21f5a2340187e2916e8b.jpg,Uso documental no equivale a aprobación de propósito/identidad de medios.,R10_MEDIA_DERIVATIVE,CONFIRMED,SKIP,R-M02,LOW,,media-master.csv:multimedia/imagenes/productos/6f1b90c641def732999f21f5a2340187e2916e8b.jpg original_ids=255 usage=IMAGE_APPARENTLY_UNUSED|DERIVED,"Derivado generado por el CMS legacy a partir de un original conservado, sin referencia publica directa. WordPress regenera sus propios tamanos. El original se decide por separado."
media,asset:multimedia/imagenes/productos/70113ec275788e2feb2023b85ec44ecff568c251.jpg,Uso documental no equivale a aprobación de propósito/identidad de medios.,R10_MEDIA_DERIVATIVE,CONFIRMED,SKIP,R-M02,LOW,,media-master.csv:multimedia/imagenes/productos/70113ec275788e2feb2023b85ec44ecff568c251.jpg original_ids=309|658 usage=IMAGE_APPARENTLY_UNUSED|DERIVED,"Derivado generado por el CMS legacy a partir de un original conservado, sin referencia publica directa. WordPress regenera sus propios tamanos. El original se decide por separado."
media,asset:multimedia/imagenes/productos/71c8fe2c6f4f4bdd7453fe1e52ceedb926a80acc.png,Uso documental no equivale a aprobación de propósito/identidad de medios.,R10_MEDIA_DERIVATIVE,CONFIRMED,SKIP,R-M02,LOW,,media-master.csv:multimedia/imagenes/productos/71c8fe2c6f4f4bdd7453fe1e52ceedb926a80acc.png original_ids=1194|374 usage=IMAGE_APPARENTLY_UNUSED|DERIVED,"Derivado generado por el CMS legacy a partir de un original conservado, sin referencia publica directa. WordPress regenera sus propios tamanos. El original se decide por separado."
media,asset:multimedia/imagenes/productos/72733c2cb237a3a77b1f8bf8ec06097f120c7564.jpg,Uso documental no equivale a aprobación de propósito/identidad de medios.,R10_MEDIA_DERIVATIVE,CONFIRMED,SKIP,R-M02,LOW,,media-master.csv:multimedia/imagenes/productos/72733c2cb237a3a77b1f8bf8ec06097f120c7564.jpg original_ids=702 usage=IMAGE_APPARENTLY_UNUSED|DERIVED,"Derivado generado por el CMS legacy a partir de un original conservado, sin referencia publica directa. WordPress regenera sus propios tamanos. El original se decide por separado."
media,asset:multimedia/imagenes/productos/72c3b8aac9b6b58deb2e1aaede5ea967d312b5a1.png,Uso documental no equivale a aprobación de propósito/identidad de medios.,R10_MEDIA_DERIVATIVE,CONFIRMED,SKIP,R-M02,LOW,,media-master.csv:multimedia/imagenes/productos/72c3b8aac9b6b58deb2e1aaede5ea967d312b5a1.png original_ids=342 usage=IMAGE_APPARENTLY_UNUSED|DERIVED|EXACT_DUPLICATE_BYTES,"Derivado generado por el CMS legacy a partir de un original conservado, sin referencia publica directa. WordPress regenera sus propios tamanos. El original se decide por separado."
media,asset:multimedia/imagenes/productos/72d25f09a4495f344dec068d5fbe9d33413ffcf6.jpg,Uso documental no equivale a aprobación de propósito/identidad de medios.,R10_MEDIA_DERIVATIVE,CONFIRMED,SKIP,R-M02,LOW,,media-master.csv:multimedia/imagenes/productos/72d25f09a4495f344dec068d5fbe9d33413ffcf6.jpg original_ids=707 usage=IMAGE_APPARENTLY_UNUSED|DERIVED,"Derivado generado por el CMS legacy a partir de un original conservado, sin referencia publica directa. WordPress regenera sus propios tamanos. El original se decide por separado."
media,asset:multimedia/imagenes/productos/731eb212cbe0a722435c6a67934e969523ba8c4d.jpg,Uso documental no equivale a aprobación de propósito/identidad de medios.,R10_MEDIA_DERIVATIVE,CONFIRMED,SKIP,R-M02,LOW,,media-master.csv:multimedia/imagenes/productos/731eb212cbe0a722435c6a67934e969523ba8c4d.jpg original_ids=677 usage=IMAGE_APPARENTLY_UNUSED|DERIVED,"Derivado generado por el CMS legacy a partir de un original conservado, sin referencia publica directa. WordPress regenera sus propios tamanos. El original se decide por separado."
media,asset:multimedia/imagenes/productos/73e404c9ef4bc5a5e6a3576c4f2c0f7ed9b44fda.jpg,Uso documental no equivale a aprobación de propósito/identidad de medios.,R10_MEDIA_DERIVATIVE,CONFIRMED,SKIP,R-M02,LOW,,media-master.csv:multimedia/imagenes/productos/73e404c9ef4bc5a5e6a3576c4f2c0f7ed9b44fda.jpg original_ids=1014|1120|389 usage=IMAGE_APPARENTLY_UNUSED|DERIVED|EXACT_DUPLICATE_BYTES,"Derivado generado por el CMS legacy a partir de un original conservado, sin referencia publica directa. WordPress regenera sus propios tamanos. El original se decide por separado."
media,asset:multimedia/imagenes/productos/74507ae94cff98731effabf706deae73d4b1d8f3.jpg,Uso documental no equivale a aprobación de propósito/identidad de medios.,R10_MEDIA_DERIVATIVE,CONFIRMED,SKIP,R-M02,LOW,,media-master.csv:multimedia/imagenes/productos/74507ae94cff98731effabf706deae73d4b1d8f3.jpg original_ids=1281 usage=IMAGE_APPARENTLY_UNUSED|DERIVED,"Derivado generado por el CMS legacy a partir de un original conservado, sin referencia publica directa. WordPress regenera sus propios tamanos. El original se decide por separado."
media,asset:multimedia/imagenes/productos/7481d4a76f23ac2c34ac82c13892b3dde6fc604c.png,Uso documental no equivale a aprobación de propósito/identidad de medios.,R10_MEDIA_DERIVATIVE,CONFIRMED,SKIP,R-M02,LOW,,media-master.csv:multimedia/imagenes/productos/7481d4a76f23ac2c34ac82c13892b3dde6fc604c.png original_ids=1177|596|604|808 usage=IMAGE_APPARENTLY_UNUSED|DERIVED,"Derivado generado por el CMS legacy a partir de un original conservado, sin referencia publica directa. WordPress regenera sus propios tamanos. El original se decide por separado."
media,asset:multimedia/imagenes/productos/749a64a1b5a022481a5875a97f07f39180a94bd2.jpg,Uso documental no equivale a aprobación de propósito/identidad de medios.,R10_MEDIA_DERIVATIVE,CONFIRMED,SKIP,R-M02,LOW,,media-master.csv:multimedia/imagenes/productos/749a64a1b5a022481a5875a97f07f39180a94bd2.jpg original_ids=476|892 usage=IMAGE_APPARENTLY_UNUSED|DERIVED,"Derivado generado por el CMS legacy a partir de un original conservado, sin referencia publica directa. WordPress regenera sus propios tamanos. El original se decide por separado."
media,asset:multimedia/imagenes/productos/74cfd4f08b1a8b5238a7148acfab6dab1e6c7f94.jpg,Uso documental no equivale a aprobación de propósito/identidad de medios.,R10_MEDIA_DERIVATIVE,CONFIRMED,SKIP,R-M02,LOW,,media-master.csv:multimedia/imagenes/productos/74cfd4f08b1a8b5238a7148acfab6dab1e6c7f94.jpg original_ids=296 usage=IMAGE_APPARENTLY_UNUSED|DERIVED,"Derivado generado por el CMS legacy a partir de un original conservado, sin referencia publica directa. WordPress regenera sus propios tamanos. El original se decide por separado."
media,asset:multimedia/imagenes/productos/761065a2f27748a3376d17668e7d9485dd446334.png,Uso documental no equivale a aprobación de propósito/identidad de medios.,R10_MEDIA_DERIVATIVE,CONFIRMED,SKIP,R-M02,LOW,,media-master.csv:multimedia/imagenes/productos/761065a2f27748a3376d17668e7d9485dd446334.png original_ids=210|945 usage=IMAGE_APPARENTLY_UNUSED|DERIVED,"Derivado generado por el CMS legacy a partir de un original conservado, sin referencia publica directa. WordPress regenera sus propios tamanos. El original se decide por separado."
media,asset:multimedia/imagenes/productos/7626d89018ac9822562ce986261c7a193d64233b.jpg,Uso documental no equivale a aprobación de propósito/identidad de medios.,R10_MEDIA_DERIVATIVE,CONFIRMED,SKIP,R-M02,LOW,,media-master.csv:multimedia/imagenes/productos/7626d89018ac9822562ce986261c7a193d64233b.jpg original_ids=40 usage=IMAGE_APPARENTLY_UNUSED|DERIVED,"Derivado generado por el CMS legacy a partir de un original conservado, sin referencia publica directa. WordPress regenera sus propios tamanos. El original se decide por separado."
media,asset:multimedia/imagenes/productos/766cf7f51176f1922ff47227ff15528263c506e4.jpg,Uso documental no equivale a aprobación de propósito/identidad de medios.,R10_MEDIA_DERIVATIVE,CONFIRMED,SKIP,R-M02,LOW,,media-master.csv:multimedia/imagenes/productos/766cf7f51176f1922ff47227ff15528263c506e4.jpg original_ids=468 usage=IMAGE_APPARENTLY_UNUSED|DERIVED,"Derivado generado por el CMS legacy a partir de un original conservado, sin referencia publica directa. WordPress regenera sus propios tamanos. El original se decide por separado."
media,asset:multimedia/imagenes/productos/767f11dc0883082b81f4eaae35d90e9039cb5f91.jpg,Uso documental no equivale a aprobación de propósito/identidad de medios.,R10_MEDIA_DERIVATIVE,CONFIRMED,SKIP,R-M02,LOW,,media-master.csv:multimedia/imagenes/productos/767f11dc0883082b81f4eaae35d90e9039cb5f91.jpg original_ids=286 usage=IMAGE_APPARENTLY_UNUSED|DERIVED,"Derivado generado por el CMS legacy a partir de un original conservado, sin referencia publica directa. WordPress regenera sus propios tamanos. El original se decide por separado."
media,asset:multimedia/imagenes/productos/76e3890393102cb6b12439fa59fcd3daf697c4b0.jpg,Uso documental no equivale a aprobación de propósito/identidad de medios.,R10_MEDIA_DERIVATIVE,CONFIRMED,SKIP,R-M02,LOW,,media-master.csv:multimedia/imagenes/productos/76e3890393102cb6b12439fa59fcd3daf697c4b0.jpg original_ids=821 usage=IMAGE_APPARENTLY_UNUSED|DERIVED,"Derivado generado por el CMS legacy a partir de un original conservado, sin referencia publica directa. WordPress regenera sus propios tamanos. El original se decide por separado."
media,asset:multimedia/imagenes/productos/777af8715ec59c1dd9f57debbfbc9d39057ed698.png,Uso documental no equivale a aprobación de propósito/identidad de medios.,R10_MEDIA_DERIVATIVE,CONFIRMED,SKIP,R-M02,LOW,,media-master.csv:multimedia/imagenes/productos/777af8715ec59c1dd9f57debbfbc9d39057ed698.png original_ids=1077|1087|538|730 usage=IMAGE_APPARENTLY_UNUSED|DERIVED,"Derivado generado por el CMS legacy a partir de un original conservado, sin referencia publica directa. WordPress regenera sus propios tamanos. El original se decide por separado."
media,asset:multimedia/imagenes/productos/77b0c6ec1387c0e3bd2b4267590e989a9fe2edde.jpg,Uso documental no equivale a aprobación de propósito/identidad de medios.,R10_MEDIA_DERIVATIVE,CONFIRMED,SKIP,R-M02,LOW,,media-master.csv:multimedia/imagenes/productos/77b0c6ec1387c0e3bd2b4267590e989a9fe2edde.jpg original_ids=305 usage=IMAGE_APPARENTLY_UNUSED|DERIVED,"Derivado generado por el CMS legacy a partir de un original conservado, sin referencia publica directa. WordPress regenera sus propios tamanos. El original se decide por separado."
media,asset:multimedia/imagenes/productos/786cb4ffd9d80545d703ef6dcf3b4a550a974bbf.jpg,Uso documental no equivale a aprobación de propósito/identidad de medios.,R10_MEDIA_DERIVATIVE,CONFIRMED,SKIP,R-M02,LOW,,media-master.csv:multimedia/imagenes/productos/786cb4ffd9d80545d703ef6dcf3b4a550a974bbf.jpg original_ids=331 usage=IMAGE_APPARENTLY_UNUSED|DERIVED|EXACT_DUPLICATE_BYTES,"Derivado generado por el CMS legacy a partir de un original conservado, sin referencia publica directa. WordPress regenera sus propios tamanos. El original se decide por separado."
media,asset:multimedia/imagenes/productos/78badd13084d652203832ca46c50be6692d62efe.jpg,Uso documental no equivale a aprobación de propósito/identidad de medios.,R10_MEDIA_DERIVATIVE,CONFIRMED,SKIP,R-M02,LOW,,media-master.csv:multimedia/imagenes/productos/78badd13084d652203832ca46c50be6692d62efe.jpg original_ids=23|290|5 usage=IMAGE_APPARENTLY_UNUSED|DERIVED,"Derivado generado por el CMS legacy a partir de un original conservado, sin referencia publica directa. WordPress regenera sus propios tamanos. El original se decide por separado."
media,asset:multimedia/imagenes/productos/7937b9a56ffe3e173f0425809ef4acbfe2f9f899.jpg,Uso documental no equivale a aprobación de propósito/identidad de medios.,R10_MEDIA_DERIVATIVE,CONFIRMED,SKIP,R-M02,LOW,,media-master.csv:multimedia/imagenes/productos/7937b9a56ffe3e173f0425809ef4acbfe2f9f899.jpg original_ids=697 usage=IMAGE_APPARENTLY_UNUSED|DERIVED,"Derivado generado por el CMS legacy a partir de un original conservado, sin referencia publica directa. WordPress regenera sus propios tamanos. El original se decide por separado."
media,asset:multimedia/imagenes/productos/79cdf0e6a43fdbc9712b705c316f770fff9e16a0.png,Uso documental no equivale a aprobación de propósito/identidad de medios.,R10_MEDIA_DERIVATIVE,CONFIRMED,SKIP,R-M02,LOW,,media-master.csv:multimedia/imagenes/productos/79cdf0e6a43fdbc9712b705c316f770fff9e16a0.png original_ids=1055|1151|450 usage=IMAGE_APPARENTLY_UNUSED|DERIVED,"Derivado generado por el CMS legacy a partir de un original conservado, sin referencia publica directa. WordPress regenera sus propios tamanos. El original se decide por separado."
media,asset:multimedia/imagenes/productos/7ab9760f7762d7108333bc8929244dabaf5a1a80.jpg,Uso documental no equivale a aprobación de propósito/identidad de medios.,R10_MEDIA_DERIVATIVE,CONFIRMED,SKIP,R-M02,LOW,,media-master.csv:multimedia/imagenes/productos/7ab9760f7762d7108333bc8929244dabaf5a1a80.jpg original_ids=834 usage=IMAGE_APPARENTLY_UNUSED|DERIVED,"Derivado generado por el CMS legacy a partir de un original conservado, sin referencia publica directa. WordPress regenera sus propios tamanos. El original se decide por separado."
media,asset:multimedia/imagenes/productos/7b45855c9264b960d0a1874234a482c72e0a903f.png,Uso documental no equivale a aprobación de propósito/identidad de medios.,R10_MEDIA_DERIVATIVE,CONFIRMED,SKIP,R-M02,LOW,,media-master.csv:multimedia/imagenes/productos/7b45855c9264b960d0a1874234a482c72e0a903f.png original_ids=1096|231 usage=IMAGE_APPARENTLY_UNUSED|DERIVED,"Derivado generado por el CMS legacy a partir de un original conservado, sin referencia publica directa. WordPress regenera sus propios tamanos. El original se decide por separado."
media,asset:multimedia/imagenes/productos/7c0fd576dfab73127ba2b6a7680e6f9c1a12c5d3.jpg,Uso documental no equivale a aprobación de propósito/identidad de medios.,R10_MEDIA_DERIVATIVE,CONFIRMED,SKIP,R-M02,LOW,,media-master.csv:multimedia/imagenes/productos/7c0fd576dfab73127ba2b6a7680e6f9c1a12c5d3.jpg original_ids=654 usage=IMAGE_APPARENTLY_UNUSED|DERIVED,"Derivado generado por el CMS legacy a partir de un original conservado, sin referencia publica directa. WordPress regenera sus propios tamanos. El original se decide por separado."
media,asset:multimedia/imagenes/productos/7c63d98e2de25e70435ec7a20697ac9b55f459c4.jpg,Uso documental no equivale a aprobación de propósito/identidad de medios.,R10_MEDIA_DERIVATIVE,CONFIRMED,SKIP,R-M02,LOW,,media-master.csv:multimedia/imagenes/productos/7c63d98e2de25e70435ec7a20697ac9b55f459c4.jpg original_ids=1256 usage=IMAGE_APPARENTLY_UNUSED|DERIVED,"Derivado generado por el CMS legacy a partir de un original conservado, sin referencia publica directa. WordPress regenera sus propios tamanos. El original se decide por separado."
media,asset:multimedia/imagenes/productos/7cc0adccf35d29a0f5c19f48b83b45f5d22a9fa2.jpg,Uso documental no equivale a aprobación de propósito/identidad de medios.,R10_MEDIA_DERIVATIVE,CONFIRMED,SKIP,R-M02,LOW,,media-master.csv:multimedia/imagenes/productos/7cc0adccf35d29a0f5c19f48b83b45f5d22a9fa2.jpg original_ids=780 usage=IMAGE_APPARENTLY_UNUSED|DERIVED,"Derivado generado por el CMS legacy a partir de un original conservado, sin referencia publica directa. WordPress regenera sus propios tamanos. El original se decide por separado."
media,asset:multimedia/imagenes/productos/7cda3ba23b38b8c15c54bae00080d52818a4b449.jpg,Uso documental no equivale a aprobación de propósito/identidad de medios.,R10_MEDIA_DERIVATIVE,CONFIRMED,SKIP,R-M02,LOW,,media-master.csv:multimedia/imagenes/productos/7cda3ba23b38b8c15c54bae00080d52818a4b449.jpg original_ids=305 usage=IMAGE_APPARENTLY_UNUSED|DERIVED,"Derivado generado por el CMS legacy a partir de un original conservado, sin referencia publica directa. WordPress regenera sus propios tamanos. El original se decide por separado."
media,asset:multimedia/imagenes/productos/7d1e30fda170054cf7f443645c9e0a742b9586c1.jpg,Uso documental no equivale a aprobación de propósito/identidad de medios.,R10_MEDIA_DERIVATIVE,CONFIRMED,SKIP,R-M02,LOW,,media-master.csv:multimedia/imagenes/productos/7d1e30fda170054cf7f443645c9e0a742b9586c1.jpg original_ids=1|962|971|995 usage=IMAGE_APPARENTLY_UNUSED|DERIVED,"Derivado generado por el CMS legacy a partir de un original conservado, sin referencia publica directa. WordPress regenera sus propios tamanos. El original se decide por separado."
media,asset:multimedia/imagenes/productos/7dfed22ac3481de1283758308facb47a8c962d87.jpg,Uso documental no equivale a aprobación de propósito/identidad de medios.,R10_MEDIA_DERIVATIVE,CONFIRMED,SKIP,R-M02,LOW,,media-master.csv:multimedia/imagenes/productos/7dfed22ac3481de1283758308facb47a8c962d87.jpg original_ids=1315 usage=IMAGE_APPARENTLY_UNUSED|DERIVED,"Derivado generado por el CMS legacy a partir de un original conservado, sin referencia publica directa. WordPress regenera sus propios tamanos. El original se decide por separado."
media,asset:multimedia/imagenes/productos/7e26ed50cf94e4610fca8ad8410ec8e35d13efae.jpg,Uso documental no equivale a aprobación de propósito/identidad de medios.,R10_MEDIA_DERIVATIVE,CONFIRMED,SKIP,R-M02,LOW,,media-master.csv:multimedia/imagenes/productos/7e26ed50cf94e4610fca8ad8410ec8e35d13efae.jpg original_ids=1092|227|839 usage=IMAGE_APPARENTLY_UNUSED|DERIVED|EXACT_DUPLICATE_BYTES,"Derivado generado por el CMS legacy a partir de un original conservado, sin referencia publica directa. WordPress regenera sus propios tamanos. El original se decide por separado."
media,asset:multimedia/imagenes/productos/7e88b3f5e28a6b2bfb8cbe9cc2e5677e1e4b678a.jpg,Uso documental no equivale a aprobación de propósito/identidad de medios.,R10_MEDIA_DERIVATIVE,CONFIRMED,SKIP,R-M02,LOW,,media-master.csv:multimedia/imagenes/productos/7e88b3f5e28a6b2bfb8cbe9cc2e5677e1e4b678a.jpg original_ids=692 usage=IMAGE_APPARENTLY_UNUSED|DERIVED,"Derivado generado por el CMS legacy a partir de un original conservado, sin referencia publica directa. WordPress regenera sus propios tamanos. El original se decide por separado."
media,asset:multimedia/imagenes/productos/7e8e6a03838bf09a7e6b570cdf01f6f52edf4573.jpg,Uso documental no equivale a aprobación de propósito/identidad de medios.,R10_MEDIA_DERIVATIVE,CONFIRMED,SKIP,R-M02,LOW,,media-master.csv:multimedia/imagenes/productos/7e8e6a03838bf09a7e6b570cdf01f6f52edf4573.jpg original_ids=1339 usage=IMAGE_APPARENTLY_UNUSED|DERIVED,"Derivado generado por el CMS legacy a partir de un original conservado, sin referencia publica directa. WordPress regenera sus propios tamanos. El original se decide por separado."
media,asset:multimedia/imagenes/productos/7f376916f03fad306b84460a29500cc97d397ffc.jpg,Uso documental no equivale a aprobación de propósito/identidad de medios.,R10_MEDIA_DERIVATIVE,CONFIRMED,SKIP,R-M02,LOW,,media-master.csv:multimedia/imagenes/productos/7f376916f03fad306b84460a29500cc97d397ffc.jpg original_ids=255 usage=IMAGE_APPARENTLY_UNUSED|DERIVED,"Derivado generado por el CMS legacy a partir de un original conservado, sin referencia publica directa. WordPress regenera sus propios tamanos. El original se decide por separado."
media,asset:multimedia/imagenes/productos/7f546aa6221bd0f7a6ac0c0024f4b8e9a522cebc.jpg,Uso documental no equivale a aprobación de propósito/identidad de medios.,R10_MEDIA_DERIVATIVE,CONFIRMED,SKIP,R-M02,LOW,,media-master.csv:multimedia/imagenes/productos/7f546aa6221bd0f7a6ac0c0024f4b8e9a522cebc.jpg original_ids=654 usage=IMAGE_APPARENTLY_UNUSED|DERIVED,"Derivado generado por el CMS legacy a partir de un original conservado, sin referencia publica directa. WordPress regenera sus propios tamanos. El original se decide por separado."
media,asset:multimedia/imagenes/productos/7fb5512d920fbd52d4dc04c632b59823a9725018.jpg,Uso documental no equivale a aprobación de propósito/identidad de medios.,R10_MEDIA_DERIVATIVE,CONFIRMED,SKIP,R-M02,LOW,,media-master.csv:multimedia/imagenes/productos/7fb5512d920fbd52d4dc04c632b59823a9725018.jpg original_ids=740 usage=IMAGE_APPARENTLY_UNUSED|DERIVED,"Derivado generado por el CMS legacy a partir de un original conservado, sin referencia publica directa. WordPress regenera sus propios tamanos. El original se decide por separado."
media,asset:multimedia/imagenes/productos/7fd9c267482220b810e02e6dcc1f8f38fc703ca0.jpg,Uso documental no equivale a aprobación de propósito/identidad de medios.,R10_MEDIA_DERIVATIVE,CONFIRMED,SKIP,R-M02,LOW,,media-master.csv:multimedia/imagenes/productos/7fd9c267482220b810e02e6dcc1f8f38fc703ca0.jpg original_ids=878 usage=IMAGE_APPARENTLY_UNUSED|DERIVED,"Derivado generado por el CMS legacy a partir de un original conservado, sin referencia publica directa. WordPress regenera sus propios tamanos. El original se decide por separado."
media,asset:multimedia/imagenes/productos/8019d0970a6d41029b0181e0628d300d8f55aa0f.jpg,Uso documental no equivale a aprobación de propósito/identidad de medios.,R10_MEDIA_DERIVATIVE,CONFIRMED,SKIP,R-M02,LOW,,media-master.csv:multimedia/imagenes/productos/8019d0970a6d41029b0181e0628d300d8f55aa0f.jpg original_ids=1339 usage=IMAGE_APPARENTLY_UNUSED|DERIVED,"Derivado generado por el CMS legacy a partir de un original conservado, sin referencia publica directa. WordPress regenera sus propios tamanos. El original se decide por separado."
media,asset:multimedia/imagenes/productos/80ca64801602e6acbe9e6b81a8a6d2e62121b5e1.png,Uso documental no equivale a aprobación de propósito/identidad de medios.,R10_MEDIA_DERIVATIVE,CONFIRMED,SKIP,R-M02,LOW,,media-master.csv:multimedia/imagenes/productos/80ca64801602e6acbe9e6b81a8a6d2e62121b5e1.png original_ids=1077|1087|538|730 usage=IMAGE_APPARENTLY_UNUSED|DERIVED,"Derivado generado por el CMS legacy a partir de un original conservado, sin referencia publica directa. WordPress regenera sus propios tamanos. El original se decide por separado."
media,asset:multimedia/imagenes/productos/82abe95530f79e3ad097ee6ae5066924d28d09b4.jpg,Uso documental no equivale a aprobación de propósito/identidad de medios.,R10_MEDIA_DERIVATIVE,CONFIRMED,SKIP,R-M02,LOW,,media-master.csv:multimedia/imagenes/productos/82abe95530f79e3ad097ee6ae5066924d28d09b4.jpg original_ids=1204|347 usage=IMAGE_APPARENTLY_UNUSED|DERIVED,"Derivado generado por el CMS legacy a partir de un original conservado, sin referencia publica directa. WordPress regenera sus propios tamanos. El original se decide por separado."
media,asset:multimedia/imagenes/productos/83f58b88466e210b732634a6465a785e0c2af1dd.jpg,Uso documental no equivale a aprobación de propósito/identidad de medios.,R10_MEDIA_DERIVATIVE,CONFIRMED,SKIP,R-M02,LOW,,media-master.csv:multimedia/imagenes/productos/83f58b88466e210b732634a6465a785e0c2af1dd.jpg original_ids=702 usage=IMAGE_APPARENTLY_UNUSED|DERIVED,"Derivado generado por el CMS legacy a partir de un original conservado, sin referencia publica directa. WordPress regenera sus propios tamanos. El original se decide por separado."
media,asset:multimedia/imagenes/productos/84a3fb4d47676c72700e01ffef13869d13df95d0.png,Uso documental no equivale a aprobación de propósito/identidad de medios.,R10_MEDIA_DERIVATIVE,CONFIRMED,SKIP,R-M02,LOW,,media-master.csv:multimedia/imagenes/productos/84a3fb4d47676c72700e01ffef13869d13df95d0.png original_ids=206 usage=IMAGE_APPARENTLY_UNUSED|DERIVED,"Derivado generado por el CMS legacy a partir de un original conservado, sin referencia publica directa. WordPress regenera sus propios tamanos. El original se decide por separado."
media,asset:multimedia/imagenes/productos/85289e572e3a01ca44fd21d11895fc064badcb98.png,Uso documental no equivale a aprobación de propósito/identidad de medios.,R10_MEDIA_DERIVATIVE,CONFIRMED,SKIP,R-M02,LOW,,media-master.csv:multimedia/imagenes/productos/85289e572e3a01ca44fd21d11895fc064badcb98.png original_ids=1004|399 usage=IMAGE_APPARENTLY_UNUSED|DERIVED,"Derivado generado por el CMS legacy a partir de un original conservado, sin referencia publica directa. WordPress regenera sus propios tamanos. El original se decide por separado."
media,asset:multimedia/imagenes/productos/85d24e48369d0a7118f486466e0e0970943adc7b.jpg,Uso documental no equivale a aprobación de propósito/identidad de medios.,R10_MEDIA_DERIVATIVE,CONFIRMED,SKIP,R-M02,LOW,,media-master.csv:multimedia/imagenes/productos/85d24e48369d0a7118f486466e0e0970943adc7b.jpg original_ids=485|905 usage=IMAGE_APPARENTLY_UNUSED|DERIVED,"Derivado generado por el CMS legacy a partir de un original conservado, sin referencia publica directa. WordPress regenera sus propios tamanos. El original se decide por separado."
media,asset:multimedia/imagenes/productos/867dbd67d4bd43f14172663d5313d63a2d99fdd7.jpg,Uso documental no equivale a aprobación de propósito/identidad de medios.,R10_MEDIA_DERIVATIVE,CONFIRMED,SKIP,R-M02,LOW,,media-master.csv:multimedia/imagenes/productos/867dbd67d4bd43f14172663d5313d63a2d99fdd7.jpg original_ids=717 usage=IMAGE_APPARENTLY_UNUSED|DERIVED,"Derivado generado por el CMS legacy a partir de un original conservado, sin referencia publica directa. WordPress regenera sus propios tamanos. El original se decide por separado."
media,asset:multimedia/imagenes/productos/87a7f2f411790a4bc6e59e8b63c0ee37904a5610.png,Uso documental no equivale a aprobación de propósito/identidad de medios.,R10_MEDIA_DERIVATIVE,CONFIRMED,SKIP,R-M02,LOW,,media-master.csv:multimedia/imagenes/productos/87a7f2f411790a4bc6e59e8b63c0ee37904a5610.png original_ids=1045|1132|419 usage=IMAGE_APPARENTLY_UNUSED|DERIVED,"Derivado generado por el CMS legacy a partir de un original conservado, sin referencia publica directa. WordPress regenera sus propios tamanos. El original se decide por separado."
media,asset:multimedia/imagenes/productos/87c1f2c31a38a98c948c0e15ace8b6f3704db568.jpg,Uso documental no equivale a aprobación de propósito/identidad de medios.,R10_MEDIA_DERIVATIVE,CONFIRMED,SKIP,R-M02,LOW,,media-master.csv:multimedia/imagenes/productos/87c1f2c31a38a98c948c0e15ace8b6f3704db568.jpg original_ids=735 usage=IMAGE_APPARENTLY_UNUSED|DERIVED|EXACT_DUPLICATE_BYTES,"Derivado generado por el CMS legacy a partir de un original conservado, sin referencia publica directa. WordPress regenera sus propios tamanos. El original se decide por separado."
media,asset:multimedia/imagenes/productos/87e46879fdef3ba8497a6ed8ea72d951dc216604.jpg,Uso documental no equivale a aprobación de propósito/identidad de medios.,R10_MEDIA_DERIVATIVE,CONFIRMED,SKIP,R-M02,LOW,,media-master.csv:multimedia/imagenes/productos/87e46879fdef3ba8497a6ed8ea72d951dc216604.jpg original_ids=518|765 usage=IMAGE_APPARENTLY_UNUSED|DERIVED,"Derivado generado por el CMS legacy a partir de un original conservado, sin referencia publica directa. WordPress regenera sus propios tamanos. El original se decide por separado."
media,asset:multimedia/imagenes/productos/881abe3c923d095d913a27bb0e6e1bbdc7fe5d27.jpg,Uso documental no equivale a aprobación de propósito/identidad de medios.,R10_MEDIA_DERIVATIVE,CONFIRMED,SKIP,R-M02,LOW,,media-master.csv:multimedia/imagenes/productos/881abe3c923d095d913a27bb0e6e1bbdc7fe5d27.jpg original_ids=494|914 usage=IMAGE_APPARENTLY_UNUSED|DERIVED|EXACT_DUPLICATE_BYTES,"Derivado generado por el CMS legacy a partir de un original conservado, sin referencia publica directa. WordPress regenera sus propios tamanos. El original se decide por separado."
media,asset:multimedia/imagenes/productos/88f26fd8bdede3d99ca22d6b4e623887c6b57e2b.jpg,Uso documental no equivale a aprobación de propósito/identidad de medios.,R10_MEDIA_DERIVATIVE,CONFIRMED,SKIP,R-M02,LOW,,media-master.csv:multimedia/imagenes/productos/88f26fd8bdede3d99ca22d6b4e623887c6b57e2b.jpg original_ids=1281 usage=IMAGE_APPARENTLY_UNUSED|DERIVED,"Derivado generado por el CMS legacy a partir de un original conservado, sin referencia publica directa. WordPress regenera sus propios tamanos. El original se decide por separado."
media,asset:multimedia/imagenes/productos/8922e98a3da26029699b651e2142ae0c40c30f38.jpg,Uso documental no equivale a aprobación de propósito/identidad de medios.,R10_MEDIA_DERIVATIVE,CONFIRMED,SKIP,R-M02,LOW,,media-master.csv:multimedia/imagenes/productos/8922e98a3da26029699b651e2142ae0c40c30f38.jpg original_ids=1168|587|799 usage=IMAGE_APPARENTLY_UNUSED|DERIVED,"Derivado generado por el CMS legacy a partir de un original conservado, sin referencia publica directa. WordPress regenera sus propios tamanos. El original se decide por separado."
media,asset:multimedia/imagenes/productos/8927c1c829d045edb267d085549e4a3c0ac18094.jpg,Uso documental no equivale a aprobación de propósito/identidad de medios.,R10_MEDIA_DERIVATIVE,CONFIRMED,SKIP,R-M02,LOW,,media-master.csv:multimedia/imagenes/productos/8927c1c829d045edb267d085549e4a3c0ac18094.jpg original_ids=1237|356 usage=IMAGE_APPARENTLY_UNUSED|DERIVED,"Derivado generado por el CMS legacy a partir de un original conservado, sin referencia publica directa. WordPress regenera sus propios tamanos. El original se decide por separado."
media,asset:multimedia/imagenes/productos/89d3299b01f3c1859f55795b42072e81f8420ced.jpg,Uso documental no equivale a aprobación de propósito/identidad de medios.,R10_MEDIA_DERIVATIVE,CONFIRMED,SKIP,R-M02,LOW,,media-master.csv:multimedia/imagenes/productos/89d3299b01f3c1859f55795b42072e81f8420ced.jpg original_ids=23|290|5 usage=IMAGE_APPARENTLY_UNUSED|DERIVED,"Derivado generado por el CMS legacy a partir de un original conservado, sin referencia publica directa. WordPress regenera sus propios tamanos. El original se decide por separado."
media,asset:multimedia/imagenes/productos/8a01a0b15a8f21cacbe4051f72dd0b5b7423c2aa.jpg,Uso documental no equivale a aprobación de propósito/identidad de medios.,R10_MEDIA_DERIVATIVE,CONFIRMED,SKIP,R-M02,LOW,,media-master.csv:multimedia/imagenes/productos/8a01a0b15a8f21cacbe4051f72dd0b5b7423c2aa.jpg original_ids=1303 usage=IMAGE_APPARENTLY_UNUSED|DERIVED,"Derivado generado por el CMS legacy a partir de un original conservado, sin referencia publica directa. WordPress regenera sus propios tamanos. El original se decide por separado."
media,asset:multimedia/imagenes/productos/8a91e70aa48e289e53afb744b8ab5905aa28bab3.jpg,Uso documental no equivale a aprobación de propósito/identidad de medios.,R10_MEDIA_DERIVATIVE,CONFIRMED,SKIP,R-M02,LOW,,media-master.csv:multimedia/imagenes/productos/8a91e70aa48e289e53afb744b8ab5905aa28bab3.jpg original_ids=941 usage=IMAGE_APPARENTLY_UNUSED|DERIVED,"Derivado generado por el CMS legacy a partir de un original conservado, sin referencia publica directa. WordPress regenera sus propios tamanos. El original se decide por separado."
media,asset:multimedia/imagenes/productos/8a96527fa59064d0acfba1dabc8f3eee204c22f6.png,Uso documental no equivale a aprobación de propósito/identidad de medios.,R10_MEDIA_DERIVATIVE,CONFIRMED,SKIP,R-M02,LOW,,media-master.csv:multimedia/imagenes/productos/8a96527fa59064d0acfba1dabc8f3eee204c22f6.png original_ids=1264|565 usage=IMAGE_APPARENTLY_UNUSED|DERIVED,"Derivado generado por el CMS legacy a partir de un original conservado, sin referencia publica directa. WordPress regenera sus propios tamanos. El original se decide por separado."
media,asset:multimedia/imagenes/productos/8bd6409ce597fa97a6ba8b73c9ccc4c316940651.jpg,Uso documental no equivale a aprobación de propósito/identidad de medios.,R10_MEDIA_DERIVATIVE,CONFIRMED,SKIP,R-M02,LOW,,media-master.csv:multimedia/imagenes/productos/8bd6409ce597fa97a6ba8b73c9ccc4c316940651.jpg original_ids=174|790 usage=IMAGE_APPARENTLY_UNUSED|DERIVED,"Derivado generado por el CMS legacy a partir de un original conservado, sin referencia publica directa. WordPress regenera sus propios tamanos. El original se decide por separado."
media,asset:multimedia/imagenes/productos/8c024868ca40e707c5d8aa7cd8c77e3a5c5197d0.jpg,Uso documental no equivale a aprobación de propósito/identidad de medios.,R10_MEDIA_DERIVATIVE,CONFIRMED,SKIP,R-M02,LOW,,media-master.csv:multimedia/imagenes/productos/8c024868ca40e707c5d8aa7cd8c77e3a5c5197d0.jpg original_ids=533|745|985 usage=IMAGE_APPARENTLY_UNUSED|DERIVED,"Derivado generado por el CMS legacy a partir de un original conservado, sin referencia publica directa. WordPress regenera sus propios tamanos. El original se decide por separado."
media,asset:multimedia/imagenes/productos/8c12a4fa46746e8273fa31b0446dc58c4e45f9ab.jpg,Uso documental no equivale a aprobación de propósito/identidad de medios.,R10_MEDIA_DERIVATIVE,CONFIRMED,SKIP,R-M02,LOW,,media-master.csv:multimedia/imagenes/productos/8c12a4fa46746e8273fa31b0446dc58c4e45f9ab.jpg original_ids=883 usage=IMAGE_APPARENTLY_UNUSED|DERIVED,"Derivado generado por el CMS legacy a partir de un original conservado, sin referencia publica directa. WordPress regenera sus propios tamanos. El original se decide por separado."
media,asset:multimedia/imagenes/productos/8d82661c26a146e579b35d5d684e241ad1f07ba3.jpg,Uso documental no equivale a aprobación de propósito/identidad de medios.,R10_MEDIA_DERIVATIVE,CONFIRMED,SKIP,R-M02,LOW,,media-master.csv:multimedia/imagenes/productos/8d82661c26a146e579b35d5d684e241ad1f07ba3.jpg original_ids=849 usage=IMAGE_APPARENTLY_UNUSED|DERIVED,"Derivado generado por el CMS legacy a partir de un original conservado, sin referencia publica directa. WordPress regenera sus propios tamanos. El original se decide por separado."
media,asset:multimedia/imagenes/productos/8d8e034b4e79a10cbe1157403d17649929de2478.jpg,Uso documental no equivale a aprobación de propósito/identidad de medios.,R10_MEDIA_DERIVATIVE,CONFIRMED,SKIP,R-M02,LOW,,media-master.csv:multimedia/imagenes/productos/8d8e034b4e79a10cbe1157403d17649929de2478.jpg original_ids=1168|587|799 usage=IMAGE_APPARENTLY_UNUSED|DERIVED,"Derivado generado por el CMS legacy a partir de un original conservado, sin referencia publica directa. WordPress regenera sus propios tamanos. El original se decide por separado."
media,asset:multimedia/imagenes/productos/907e7e11aea84fa85c3a0a4702d9ddb3bc65358d.png,Uso documental no equivale a aprobación de propósito/identidad de medios.,R10_MEDIA_DERIVATIVE,CONFIRMED,SKIP,R-M02,LOW,,media-master.csv:multimedia/imagenes/productos/907e7e11aea84fa85c3a0a4702d9ddb3bc65358d.png original_ids=1055|1151|450 usage=IMAGE_APPARENTLY_UNUSED|DERIVED,"Derivado generado por el CMS legacy a partir de un original conservado, sin referencia publica directa. WordPress regenera sus propios tamanos. El original se decide por separado."
media,asset:multimedia/imagenes/productos/916be49efa327a89da10ac2428292fd3668f99ca.jpg,Uso documental no equivale a aprobación de propósito/identidad de medios.,R10_MEDIA_DERIVATIVE,CONFIRMED,SKIP,R-M02,LOW,,media-master.csv:multimedia/imagenes/productos/916be49efa327a89da10ac2428292fd3668f99ca.jpg original_ids=528|750|990 usage=IMAGE_APPARENTLY_UNUSED|DERIVED,"Derivado generado por el CMS legacy a partir de un original conservado, sin referencia publica directa. WordPress regenera sus propios tamanos. El original se decide por separado."
media,asset:multimedia/imagenes/productos/91bf9243dd9b9672e622e11dbc742febd4ed62e6.png,Uso documental no equivale a aprobación de propósito/identidad de medios.,R10_MEDIA_DERIVATIVE,CONFIRMED,SKIP,R-M02,LOW,,media-master.csv:multimedia/imagenes/productos/91bf9243dd9b9672e622e11dbc742febd4ed62e6.png original_ids=222|957 usage=IMAGE_APPARENTLY_UNUSED|DERIVED,"Derivado generado por el CMS legacy a partir de un original conservado, sin referencia publica directa. WordPress regenera sus propios tamanos. El original se decide por separado."
media,asset:multimedia/imagenes/productos/926302008c1602ab304b65ebd037083485a500e7.jpg,Uso documental no equivale a aprobación de propósito/identidad de medios.,R10_MEDIA_DERIVATIVE,CONFIRMED,SKIP,R-M02,LOW,,media-master.csv:multimedia/imagenes/productos/926302008c1602ab304b65ebd037083485a500e7.jpg original_ids=864 usage=IMAGE_APPARENTLY_UNUSED|DERIVED,"Derivado generado por el CMS legacy a partir de un original conservado, sin referencia publica directa. WordPress regenera sus propios tamanos. El original se decide por separado."
media,asset:multimedia/imagenes/productos/92f0a121e30874685886bc84d73b8a0095a12d51.jpg,Uso documental no equivale a aprobación de propósito/identidad de medios.,R10_MEDIA_DERIVATIVE,CONFIRMED,SKIP,R-M02,LOW,,media-master.csv:multimedia/imagenes/productos/92f0a121e30874685886bc84d73b8a0095a12d51.jpg original_ids=508|755 usage=IMAGE_APPARENTLY_UNUSED|DERIVED,"Derivado generado por el CMS legacy a partir de un original conservado, sin referencia publica directa. WordPress regenera sus propios tamanos. El original se decide por separado."
media,asset:multimedia/imagenes/productos/935de74258fc7221b3cb96d1070e4d18f78dcc08.jpg,Uso documental no equivale a aprobación de propósito/identidad de medios.,R10_MEDIA_DERIVATIVE,CONFIRMED,SKIP,R-M02,LOW,,media-master.csv:multimedia/imagenes/productos/935de74258fc7221b3cb96d1070e4d18f78dcc08.jpg original_ids=296 usage=IMAGE_APPARENTLY_UNUSED|DERIVED,"Derivado generado por el CMS legacy a partir de un original conservado, sin referencia publica directa. WordPress regenera sus propios tamanos. El original se decide por separado."
media,asset:multimedia/imagenes/productos/93b18e6e320e4dcd86f9abd8f7fb23b2a8ff6616.png,Uso documental no equivale a aprobación de propósito/identidad de medios.,R10_MEDIA_DERIVATIVE,CONFIRMED,SKIP,R-M02,LOW,,media-master.csv:multimedia/imagenes/productos/93b18e6e320e4dcd86f9abd8f7fb23b2a8ff6616.png original_ids=910 usage=IMAGE_APPARENTLY_UNUSED|DERIVED,"Derivado generado por el CMS legacy a partir de un original conservado, sin referencia publica directa. WordPress regenera sus propios tamanos. El original se decide por separado."
media,asset:multimedia/imagenes/productos/94658a84acf1c9b6313a3b98308804a9f43be80a.jpg,Uso documental no equivale a aprobación de propósito/identidad de medios.,R10_MEDIA_DERIVATIVE,CONFIRMED,SKIP,R-M02,LOW,,media-master.csv:multimedia/imagenes/productos/94658a84acf1c9b6313a3b98308804a9f43be80a.jpg original_ids=1168|587|799 usage=IMAGE_APPARENTLY_UNUSED|DERIVED,"Derivado generado por el CMS legacy a partir de un original conservado, sin referencia publica directa. WordPress regenera sus propios tamanos. El original se decide por separado."
media,asset:multimedia/imagenes/productos/94788e08323c6e3d808456a25a213d85328f14ad.jpg,Uso documental no equivale a aprobación de propósito/identidad de medios.,R10_MEDIA_DERIVATIVE,CONFIRMED,SKIP,R-M02,LOW,,media-master.csv:multimedia/imagenes/productos/94788e08323c6e3d808456a25a213d85328f14ad.jpg original_ids=760 usage=IMAGE_APPARENTLY_UNUSED|DERIVED,"Derivado generado por el CMS legacy a partir de un original conservado, sin referencia publica directa. WordPress regenera sus propios tamanos. El original se decide por separado."
media,asset:multimedia/imagenes/productos/94d27b3194467dcb855b353ca624fd2e17893b84.png,Uso documental no equivale a aprobación de propósito/identidad de medios.,R10_MEDIA_DERIVATIVE,CONFIRMED,SKIP,R-M02,LOW,,media-master.csv:multimedia/imagenes/productos/94d27b3194467dcb855b353ca624fd2e17893b84.png original_ids=179|269|314 usage=IMAGE_APPARENTLY_UNUSED|DERIVED,"Derivado generado por el CMS legacy a partir de un original conservado, sin referencia publica directa. WordPress regenera sus propios tamanos. El original se decide por separado."
media,asset:multimedia/imagenes/productos/9518132905db9212212811e71bedbdb1335865ea.jpg,Uso documental no equivale a aprobación de propósito/identidad de medios.,R10_MEDIA_DERIVATIVE,CONFIRMED,SKIP,R-M02,LOW,,media-master.csv:multimedia/imagenes/productos/9518132905db9212212811e71bedbdb1335865ea.jpg original_ids=1020|361 usage=IMAGE_APPARENTLY_UNUSED|DERIVED|EXACT_DUPLICATE_BYTES,"Derivado generado por el CMS legacy a partir de un original conservado, sin referencia publica directa. WordPress regenera sus propios tamanos. El original se decide por separado."
media,asset:multimedia/imagenes/productos/95559418eeb6380d3d63011f2133abdafd7ad83b.jpg,Uso documental no equivale a aprobación de propósito/identidad de medios.,R10_MEDIA_DERIVATIVE,CONFIRMED,SKIP,R-M02,LOW,,media-master.csv:multimedia/imagenes/productos/95559418eeb6380d3d63011f2133abdafd7ad83b.jpg original_ids=924 usage=IMAGE_APPARENTLY_UNUSED|DERIVED,"Derivado generado por el CMS legacy a partir de un original conservado, sin referencia publica directa. WordPress regenera sus propios tamanos. El original se decide por separado."
media,asset:multimedia/imagenes/productos/96d0859f605e96e1ba6573ed9ea3e2b2337c708e.png,Uso documental no equivale a aprobación de propósito/identidad de medios.,R10_MEDIA_DERIVATIVE,CONFIRMED,SKIP,R-M02,LOW,,media-master.csv:multimedia/imagenes/productos/96d0859f605e96e1ba6573ed9ea3e2b2337c708e.png original_ids=206 usage=IMAGE_APPARENTLY_UNUSED|DERIVED,"Derivado generado por el CMS legacy a partir de un original conservado, sin referencia publica directa. WordPress regenera sus propios tamanos. El original se decide por separado."
media,asset:multimedia/imagenes/productos/98f6207432de8fa536ffe2b807146d9c3323d2c5.jpg,Uso documental no equivale a aprobación de propósito/identidad de medios.,R10_MEDIA_DERIVATIVE,CONFIRMED,SKIP,R-M02,LOW,,media-master.csv:multimedia/imagenes/productos/98f6207432de8fa536ffe2b807146d9c3323d2c5.jpg original_ids=1101|854 usage=IMAGE_APPARENTLY_UNUSED|DERIVED,"Derivado generado por el CMS legacy a partir de un original conservado, sin referencia publica directa. WordPress regenera sus propios tamanos. El original se decide por separado."
media,asset:multimedia/imagenes/productos/9989990198bbae12dadf41624629613e330c4a4e.jpg,Uso documental no equivale a aprobación de propósito/identidad de medios.,R10_MEDIA_DERIVATIVE,CONFIRMED,SKIP,R-M02,LOW,,media-master.csv:multimedia/imagenes/productos/9989990198bbae12dadf41624629613e330c4a4e.jpg original_ids=508|755 usage=IMAGE_APPARENTLY_UNUSED|DERIVED,"Derivado generado por el CMS legacy a partir de un original conservado, sin referencia publica directa. WordPress regenera sus propios tamanos. El original se decide por separado."
media,asset:multimedia/imagenes/productos/9aa38823e5b22f19d72fa30337e9b3f497cc70e2.jpg,Uso documental no equivale a aprobación de propósito/identidad de medios.,R10_MEDIA_DERIVATIVE,CONFIRMED,SKIP,R-M02,LOW,,media-master.csv:multimedia/imagenes/productos/9aa38823e5b22f19d72fa30337e9b3f497cc70e2.jpg original_ids=19 usage=IMAGE_APPARENTLY_UNUSED|DERIVED,"Derivado generado por el CMS legacy a partir de un original conservado, sin referencia publica directa. WordPress regenera sus propios tamanos. El original se decide por separado."
media,asset:multimedia/imagenes/productos/9b60cffbc10625a7809087ec6b6492886fb5ff6d.jpg,Uso documental no equivale a aprobación de propósito/identidad de medios.,R10_MEDIA_DERIVATIVE,CONFIRMED,SKIP,R-M02,LOW,,media-master.csv:multimedia/imagenes/productos/9b60cffbc10625a7809087ec6b6492886fb5ff6d.jpg original_ids=485|905 usage=IMAGE_APPARENTLY_UNUSED|DERIVED,"Derivado generado por el CMS legacy a partir de un original conservado, sin referencia publica directa. WordPress regenera sus propios tamanos. El original se decide por separado."
media,asset:multimedia/imagenes/productos/9b7e698f83991a058eccae73a155559aab8814f2.jpg,Uso documental no equivale a aprobación de propósito/identidad de medios.,R10_MEDIA_DERIVATIVE,CONFIRMED,SKIP,R-M02,LOW,,media-master.csv:multimedia/imagenes/productos/9b7e698f83991a058eccae73a155559aab8814f2.jpg original_ids=1223|552 usage=IMAGE_APPARENTLY_UNUSED|DERIVED,"Derivado generado por el CMS legacy a partir de un original conservado, sin referencia publica directa. WordPress regenera sus propios tamanos. El original se decide por separado."
media,asset:multimedia/imagenes/productos/9b81a3e9fd65480307286e1e6b768ba2e61c605c.jpg,Uso documental no equivale a aprobación de propósito/identidad de medios.,R10_MEDIA_DERIVATIVE,CONFIRMED,SKIP,R-M02,LOW,,media-master.csv:multimedia/imagenes/productos/9b81a3e9fd65480307286e1e6b768ba2e61c605c.jpg original_ids=241 usage=IMAGE_APPARENTLY_UNUSED|DERIVED|EXACT_DUPLICATE_BYTES,"Derivado generado por el CMS legacy a partir de un original conservado, sin referencia publica directa. WordPress regenera sus propios tamanos. El original se decide por separado."
media,asset:multimedia/imagenes/productos/9c2ee5d29f115847094c54d51f65a3e944e70a3e.jpg,Uso documental no equivale a aprobación de propósito/identidad de medios.,R10_MEDIA_DERIVATIVE,CONFIRMED,SKIP,R-M02,LOW,,media-master.csv:multimedia/imagenes/productos/9c2ee5d29f115847094c54d51f65a3e944e70a3e.jpg original_ids=174|790 usage=IMAGE_APPARENTLY_UNUSED|DERIVED,"Derivado generado por el CMS legacy a partir de un original conservado, sin referencia publica directa. WordPress regenera sus propios tamanos. El original se decide por separado."
media,asset:multimedia/imagenes/productos/9d20d8e48b8565a39ea925f2840b451fd04aac5c.png,Uso documental no equivale a aprobación de propósito/identidad de medios.,R10_MEDIA_DERIVATIVE,CONFIRMED,SKIP,R-M02,LOW,,media-master.csv:multimedia/imagenes/productos/9d20d8e48b8565a39ea925f2840b451fd04aac5c.png original_ids=214|949 usage=IMAGE_APPARENTLY_UNUSED|DERIVED|EXACT_DUPLICATE_BYTES,"Derivado generado por el CMS legacy a partir de un original conservado, sin referencia publica directa. WordPress regenera sus propios tamanos. El original se decide por separado."
media,asset:multimedia/imagenes/productos/9d43b74fca6d03c2921089462fad7b8882f85c04.jpg,Uso documental no equivale a aprobación de propósito/identidad de medios.,R10_MEDIA_DERIVATIVE,CONFIRMED,SKIP,R-M02,LOW,,media-master.csv:multimedia/imagenes/productos/9d43b74fca6d03c2921089462fad7b8882f85c04.jpg original_ids=1039|409 usage=IMAGE_APPARENTLY_UNUSED|DERIVED|EXACT_DUPLICATE_BYTES,"Derivado generado por el CMS legacy a partir de un original conservado, sin referencia publica directa. WordPress regenera sus propios tamanos. El original se decide por separado."
media,asset:multimedia/imagenes/productos/9d8293d2552af7c3220a5c661b57d89d14397861.jpg,Uso documental no equivale a aprobación de propósito/identidad de medios.,R10_MEDIA_DERIVATIVE,CONFIRMED,SKIP,R-M02,LOW,,media-master.csv:multimedia/imagenes/productos/9d8293d2552af7c3220a5c661b57d89d14397861.jpg original_ids=682 usage=IMAGE_APPARENTLY_UNUSED|DERIVED,"Derivado generado por el CMS legacy a partir de un original conservado, sin referencia publica directa. WordPress regenera sus propios tamanos. El original se decide por separado."
media,asset:multimedia/imagenes/productos/9d9a20408df6436de90f0aa343b1a735684da6bf.jpg,Uso documental no equivale a aprobación de propósito/identidad de medios.,R10_MEDIA_DERIVATIVE,CONFIRMED,SKIP,R-M02,LOW,,media-master.csv:multimedia/imagenes/productos/9d9a20408df6436de90f0aa343b1a735684da6bf.jpg original_ids=1260|561 usage=IMAGE_APPARENTLY_UNUSED|DERIVED,"Derivado generado por el CMS legacy a partir de un original conservado, sin referencia publica directa. WordPress regenera sus propios tamanos. El original se decide por separado."
media,asset:multimedia/imagenes/productos/9db4a72492ef7498455cb31d0c2469d6bf3ea557.jpg,Uso documental no equivale a aprobación de propósito/identidad de medios.,R10_MEDIA_DERIVATIVE,CONFIRMED,SKIP,R-M02,LOW,,media-master.csv:multimedia/imagenes/productos/9db4a72492ef7498455cb31d0c2469d6bf3ea557.jpg original_ids=1327 usage=IMAGE_APPARENTLY_UNUSED|DERIVED,"Derivado generado por el CMS legacy a partir de un original conservado, sin referencia publica directa. WordPress regenera sus propios tamanos. El original se decide por separado."
media,asset:multimedia/imagenes/productos/9f2043632042e29a5493eee70accb18cb61784f7.jpg,Uso documental no equivale a aprobación de propósito/identidad de medios.,R10_MEDIA_DERIVATIVE,CONFIRMED,SKIP,R-M02,LOW,,media-master.csv:multimedia/imagenes/productos/9f2043632042e29a5493eee70accb18cb61784f7.jpg original_ids=1204|347 usage=IMAGE_APPARENTLY_UNUSED|DERIVED|EXACT_DUPLICATE_BYTES,"Derivado generado por el CMS legacy a partir de un original conservado, sin referencia publica directa. WordPress regenera sus propios tamanos. El original se decide por separado."
media,asset:multimedia/imagenes/productos/9f2f4d7601bb79d991cf17d788513fe458d891d3.jpg,Uso documental no equivale a aprobación de propósito/identidad de medios.,R10_MEDIA_DERIVATIVE,CONFIRMED,SKIP,R-M02,LOW,,media-master.csv:multimedia/imagenes/productos/9f2f4d7601bb79d991cf17d788513fe458d891d3.jpg original_ids=883 usage=IMAGE_APPARENTLY_UNUSED|DERIVED,"Derivado generado por el CMS legacy a partir de un original conservado, sin referencia publica directa. WordPress regenera sus propios tamanos. El original se decide por separado."
media,asset:multimedia/imagenes/productos/9f616ea442571aab7dd31b607f2e61cb6c21cb6e.jpg,Uso documental no equivale a aprobación de propósito/identidad de medios.,R10_MEDIA_DERIVATIVE,CONFIRMED,SKIP,R-M02,LOW,,media-master.csv:multimedia/imagenes/productos/9f616ea442571aab7dd31b607f2e61cb6c21cb6e.jpg original_ids=941 usage=IMAGE_APPARENTLY_UNUSED|DERIVED,"Derivado generado por el CMS legacy a partir de un original conservado, sin referencia publica directa. WordPress regenera sus propios tamanos. El original se decide por separado."
media,asset:multimedia/imagenes/productos/9fe1ef7a4e6207d877a10bb6d851b696b7d88d68.jpg,Uso documental no equivale a aprobación de propósito/identidad de medios.,R10_MEDIA_DERIVATIVE,CONFIRMED,SKIP,R-M02,LOW,,media-master.csv:multimedia/imagenes/productos/9fe1ef7a4e6207d877a10bb6d851b696b7d88d68.jpg original_ids=712 usage=IMAGE_APPARENTLY_UNUSED|DERIVED,"Derivado generado por el CMS legacy a partir de un original conservado, sin referencia publica directa. WordPress regenera sus propios tamanos. El original se decide por separado."
media,asset:multimedia/imagenes/productos/a090fa0e4ae914f964fe8751f7c89510b240d9aa.png,Uso documental no equivale a aprobación de propósito/identidad de medios.,R10_MEDIA_DERIVATIVE,CONFIRMED,SKIP,R-M02,LOW,,media-master.csv:multimedia/imagenes/productos/a090fa0e4ae914f964fe8751f7c89510b240d9aa.png original_ids=187|277|322|932 usage=IMAGE_APPARENTLY_UNUSED|DERIVED|EXACT_DUPLICATE_BYTES,"Derivado generado por el CMS legacy a partir de un original conservado, sin referencia publica directa. WordPress regenera sus propios tamanos. El original se decide por separado."
media,asset:multimedia/imagenes/productos/a0f24a959ebee1bfce3818888f00370129cd9538.jpg,Uso documental no equivale a aprobación de propósito/identidad de medios.,R10_MEDIA_DERIVATIVE,CONFIRMED,SKIP,R-M02,LOW,,media-master.csv:multimedia/imagenes/productos/a0f24a959ebee1bfce3818888f00370129cd9538.jpg original_ids=668 usage=IMAGE_APPARENTLY_UNUSED|DERIVED,"Derivado generado por el CMS legacy a partir de un original conservado, sin referencia publica directa. WordPress regenera sus propios tamanos. El original se decide por separado."
media,asset:multimedia/imagenes/productos/a1676423cffaf6b20561713fc6b2e50befc8f324.jpg,Uso documental no equivale a aprobación de propósito/identidad de medios.,R10_MEDIA_DERIVATIVE,CONFIRMED,SKIP,R-M02,LOW,,media-master.csv:multimedia/imagenes/productos/a1676423cffaf6b20561713fc6b2e50befc8f324.jpg original_ids=1209|1214|574|613 usage=IMAGE_APPARENTLY_UNUSED|DERIVED,"Derivado generado por el CMS legacy a partir de un original conservado, sin referencia publica directa. WordPress regenera sus propios tamanos. El original se decide por separado."
media,asset:multimedia/imagenes/productos/a1ca3275f32c31d7e6a3c8f597d1a18a53516e63.jpg,Uso documental no equivale a aprobación de propósito/identidad de medios.,R10_MEDIA_DERIVATIVE,CONFIRMED,SKIP,R-M02,LOW,,media-master.csv:multimedia/imagenes/productos/a1ca3275f32c31d7e6a3c8f597d1a18a53516e63.jpg original_ids=1126 usage=IMAGE_APPARENTLY_UNUSED|DERIVED,"Derivado generado por el CMS legacy a partir de un original conservado, sin referencia publica directa. WordPress regenera sus propios tamanos. El original se decide por separado."
media,asset:multimedia/imagenes/productos/a1d8e053b5e4e8536d0fa6faf1e303d523b10f3d.jpg,Uso documental no equivale a aprobación de propósito/identidad de medios.,R10_MEDIA_DERIVATIVE,CONFIRMED,SKIP,R-M02,LOW,,media-master.csv:multimedia/imagenes/productos/a1d8e053b5e4e8536d0fa6faf1e303d523b10f3d.jpg original_ids=780 usage=IMAGE_APPARENTLY_UNUSED|DERIVED,"Derivado generado por el CMS legacy a partir de un original conservado, sin referencia publica directa. WordPress regenera sus propios tamanos. El original se decide por separado."
media,asset:multimedia/imagenes/productos/a370bc5282ae088b5b5e48e392f09ae7da148ef4.jpg,Uso documental no equivale a aprobación de propósito/identidad de medios.,R10_MEDIA_DERIVATIVE,CONFIRMED,SKIP,R-M02,LOW,,media-master.csv:multimedia/imagenes/productos/a370bc5282ae088b5b5e48e392f09ae7da148ef4.jpg original_ids=547|640 usage=IMAGE_APPARENTLY_UNUSED|DERIVED,"Derivado generado por el CMS legacy a partir de un original conservado, sin referencia publica directa. WordPress regenera sus propios tamanos. El original se decide por separado."
media,asset:multimedia/imagenes/productos/a3b9247321fefb638c12972810516eaf933b45d9.png,Uso documental no equivale a aprobación de propósito/identidad de medios.,R10_MEDIA_DERIVATIVE,CONFIRMED,SKIP,R-M02,LOW,,media-master.csv:multimedia/imagenes/productos/a3b9247321fefb638c12972810516eaf933b45d9.png original_ids=1268|569 usage=IMAGE_APPARENTLY_UNUSED|DERIVED,"Derivado generado por el CMS legacy a partir de un original conservado, sin referencia publica directa. WordPress regenera sus propios tamanos. El original se decide por separado."
media,asset:multimedia/imagenes/productos/a3e1480f1db0147eb584fdfe72d97bf8df2abcdc.jpg,Uso documental no equivale a aprobación de propósito/identidad de medios.,R10_MEDIA_DERIVATIVE,CONFIRMED,SKIP,R-M02,LOW,,media-master.csv:multimedia/imagenes/productos/a3e1480f1db0147eb584fdfe72d97bf8df2abcdc.jpg original_ids=504|874 usage=IMAGE_APPARENTLY_UNUSED|DERIVED,"Derivado generado por el CMS legacy a partir de un original conservado, sin referencia publica directa. WordPress regenera sus propios tamanos. El original se decide por separado."
media,asset:multimedia/imagenes/productos/a45b71f5e3626593e45ee224ad2a8c0123f25796.jpg,Uso documental no equivale a aprobación de propósito/identidad de medios.,R10_MEDIA_DERIVATIVE,CONFIRMED,SKIP,R-M02,LOW,,media-master.csv:multimedia/imagenes/productos/a45b71f5e3626593e45ee224ad2a8c0123f25796.jpg original_ids=543|636 usage=IMAGE_APPARENTLY_UNUSED|DERIVED,"Derivado generado por el CMS legacy a partir de un original conservado, sin referencia publica directa. WordPress regenera sus propios tamanos. El original se decide por separado."
media,asset:multimedia/imagenes/productos/a52d31085d6df7c0384759382558504b3e204d9a.jpg,Uso documental no equivale a aprobación de propósito/identidad de medios.,R10_MEDIA_DERIVATIVE,CONFIRMED,SKIP,R-M02,LOW,,media-master.csv:multimedia/imagenes/productos/a52d31085d6df7c0384759382558504b3e204d9a.jpg original_ids=1319 usage=IMAGE_APPARENTLY_UNUSED|DERIVED,"Derivado generado por el CMS legacy a partir de un original conservado, sin referencia publica directa. WordPress regenera sus propios tamanos. El original se decide por separado."
media,asset:multimedia/imagenes/productos/a562d6a1939b089464c384a75e715fa9ef294f6b.jpg,Uso documental no equivale a aprobación de propósito/identidad de medios.,R10_MEDIA_DERIVATIVE,CONFIRMED,SKIP,R-M02,LOW,,media-master.csv:multimedia/imagenes/productos/a562d6a1939b089464c384a75e715fa9ef294f6b.jpg original_ids=878 usage=IMAGE_APPARENTLY_UNUSED|DERIVED,"Derivado generado por el CMS legacy a partir de un original conservado, sin referencia publica directa. WordPress regenera sus propios tamanos. El original se decide por separado."
media,asset:multimedia/imagenes/productos/a5ad414a339b6513325c448e1eb53f09fc06f68e.png,Uso documental no equivale a aprobación de propósito/identidad de medios.,R10_MEDIA_DERIVATIVE,CONFIRMED,SKIP,R-M02,LOW,,media-master.csv:multimedia/imagenes/productos/a5ad414a339b6513325c448e1eb53f09fc06f68e.png original_ids=1246 usage=IMAGE_APPARENTLY_UNUSED|DERIVED,"Derivado generado por el CMS legacy a partir de un original conservado, sin referencia publica directa. WordPress regenera sus propios tamanos. El original se decide por separado."
media,asset:multimedia/imagenes/productos/a677a5e6752184987a95b860f7c32f53270407f0.jpg,Uso documental no equivale a aprobación de propósito/identidad de medios.,R10_MEDIA_DERIVATIVE,CONFIRMED,SKIP,R-M02,LOW,,media-master.csv:multimedia/imagenes/productos/a677a5e6752184987a95b860f7c32f53270407f0.jpg original_ids=438 usage=IMAGE_APPARENTLY_UNUSED|DERIVED,"Derivado generado por el CMS legacy a partir de un original conservado, sin referencia publica directa. WordPress regenera sus propios tamanos. El original se decide por separado."
media,asset:multimedia/imagenes/productos/a6d448eb5f8820d1e0f6fa33a201477d782e98be.jpg,Uso documental no equivale a aprobación de propósito/identidad de medios.,R10_MEDIA_DERIVATIVE,CONFIRMED,SKIP,R-M02,LOW,,media-master.csv:multimedia/imagenes/productos/a6d448eb5f8820d1e0f6fa33a201477d782e98be.jpg original_ids=1327 usage=IMAGE_APPARENTLY_UNUSED|DERIVED,"Derivado generado por el CMS legacy a partir de un original conservado, sin referencia publica directa. WordPress regenera sus propios tamanos. El original se decide por separado."
media,asset:multimedia/imagenes/productos/a748235e74a586b213db3efca7c8887c445fd6ac.jpg,Uso documental no equivale a aprobación de propósito/identidad de medios.,R10_MEDIA_DERIVATIVE,CONFIRMED,SKIP,R-M02,LOW,,media-master.csv:multimedia/imagenes/productos/a748235e74a586b213db3efca7c8887c445fd6ac.jpg original_ids=1242 usage=IMAGE_APPARENTLY_UNUSED|DERIVED|EXACT_DUPLICATE_BYTES,"Derivado generado por el CMS legacy a partir de un original conservado, sin referencia publica directa. WordPress regenera sus propios tamanos. El original se decide por separado."
media,asset:multimedia/imagenes/productos/a76a5613c74f142de55536317cba224a68c103c9.jpg,Uso documental no equivale a aprobación de propósito/identidad de medios.,R10_MEDIA_DERIVATIVE,CONFIRMED,SKIP,R-M02,LOW,,media-master.csv:multimedia/imagenes/productos/a76a5613c74f142de55536317cba224a68c103c9.jpg original_ids=490 usage=IMAGE_APPARENTLY_UNUSED|DERIVED,"Derivado generado por el CMS legacy a partir de un original conservado, sin referencia publica directa. WordPress regenera sus propios tamanos. El original se decide por separado."
media,asset:multimedia/imagenes/productos/a7c0568445d4340a6bf0174ee6092e94b3296355.jpg,Uso documental no equivale a aprobación de propósito/identidad de medios.,R10_MEDIA_DERIVATIVE,CONFIRMED,SKIP,R-M02,LOW,,media-master.csv:multimedia/imagenes/productos/a7c0568445d4340a6bf0174ee6092e94b3296355.jpg original_ids=309|658 usage=IMAGE_APPARENTLY_UNUSED|DERIVED,"Derivado generado por el CMS legacy a partir de un original conservado, sin referencia publica directa. WordPress regenera sus propios tamanos. El original se decide por separado."
media,asset:multimedia/imagenes/productos/a8e7a575411332a02186b044cb8d56569d2e9285.png,Uso documental no equivale a aprobación de propósito/identidad de medios.,R10_MEDIA_DERIVATIVE,CONFIRMED,SKIP,R-M02,LOW,,media-master.csv:multimedia/imagenes/productos/a8e7a575411332a02186b044cb8d56569d2e9285.png original_ids=1227|556 usage=IMAGE_APPARENTLY_UNUSED|DERIVED,"Derivado generado por el CMS legacy a partir de un original conservado, sin referencia publica directa. WordPress regenera sus propios tamanos. El original se decide por separado."
media,asset:multimedia/imagenes/productos/a8e95bdcca69fc942e7c631426731817d16a4216.png,Uso documental no equivale a aprobación de propósito/identidad de medios.,R10_MEDIA_DERIVATIVE,CONFIRMED,SKIP,R-M02,LOW,,media-master.csv:multimedia/imagenes/productos/a8e95bdcca69fc942e7c631426731817d16a4216.png original_ids=1072|1082|1159|513 usage=IMAGE_APPARENTLY_UNUSED|DERIVED,"Derivado generado por el CMS legacy a partir de un original conservado, sin referencia publica directa. WordPress regenera sus propios tamanos. El original se decide por separado."
media,asset:multimedia/imagenes/productos/a9e248fd63a4c7363756c3a26f7e56e4429cb3a1.png,Uso documental no equivale a aprobación de propósito/identidad de medios.,R10_MEDIA_DERIVATIVE,CONFIRMED,SKIP,R-M02,LOW,,media-master.csv:multimedia/imagenes/productos/a9e248fd63a4c7363756c3a26f7e56e4429cb3a1.png original_ids=214|949 usage=IMAGE_APPARENTLY_UNUSED|DERIVED,"Derivado generado por el CMS legacy a partir de un original conservado, sin referencia publica directa. WordPress regenera sus propios tamanos. El original se decide por separado."
media,asset:multimedia/imagenes/productos/aae5be1ef25f8aa2a07e11605902d4e5dcb60f3d.png,Uso documental no equivale a aprobación de propósito/identidad de medios.,R10_MEDIA_DERIVATIVE,CONFIRMED,SKIP,R-M02,LOW,,media-master.csv:multimedia/imagenes/productos/aae5be1ef25f8aa2a07e11605902d4e5dcb60f3d.png original_ids=910 usage=IMAGE_APPARENTLY_UNUSED|DERIVED,"Derivado generado por el CMS legacy a partir de un original conservado, sin referencia publica directa. WordPress regenera sus propios tamanos. El original se decide por separado."
media,asset:multimedia/imagenes/productos/ac5be5724298a26e875e726124798b6fddd70a17.jpg,Uso documental no equivale a aprobación de propósito/identidad de medios.,R10_MEDIA_DERIVATIVE,CONFIRMED,SKIP,R-M02,LOW,,media-master.csv:multimedia/imagenes/productos/ac5be5724298a26e875e726124798b6fddd70a17.jpg original_ids=1319 usage=IMAGE_APPARENTLY_UNUSED|DERIVED,"Derivado generado por el CMS legacy a partir de un original conservado, sin referencia publica directa. WordPress regenera sus propios tamanos. El original se decide por separado."
media,asset:multimedia/imagenes/productos/ac78dbbb9cd9cc065410e83706520151687070c7.png,Uso documental no equivale a aprobación de propósito/identidad de medios.,R10_MEDIA_DERIVATIVE,CONFIRMED,SKIP,R-M02,LOW,,media-master.csv:multimedia/imagenes/productos/ac78dbbb9cd9cc065410e83706520151687070c7.png original_ids=1268|569 usage=IMAGE_APPARENTLY_UNUSED|DERIVED,"Derivado generado por el CMS legacy a partir de un original conservado, sin referencia publica directa. WordPress regenera sus propios tamanos. El original se decide por separado."
media,asset:multimedia/imagenes/productos/acae323a2452e2814593b4262e4c02873494c442.jpg,Uso documental no equivale a aprobación de propósito/identidad de medios.,R10_MEDIA_DERIVATIVE,CONFIRMED,SKIP,R-M02,LOW,,media-master.csv:multimedia/imagenes/productos/acae323a2452e2814593b4262e4c02873494c442.jpg original_ids=622 usage=IMAGE_APPARENTLY_UNUSED|DERIVED,"Derivado generado por el CMS legacy a partir de un original conservado, sin referencia publica directa. WordPress regenera sus propios tamanos. El original se decide por separado."
media,asset:multimedia/imagenes/productos/acc74d7b17003cfb9834b2ad40bc4a36153f5b3e.jpg,Uso documental no equivale a aprobación de propósito/identidad de medios.,R10_MEDIA_DERIVATIVE,CONFIRMED,SKIP,R-M02,LOW,,media-master.csv:multimedia/imagenes/productos/acc74d7b17003cfb9834b2ad40bc4a36153f5b3e.jpg original_ids=1190|370 usage=IMAGE_APPARENTLY_UNUSED|DERIVED,"Derivado generado por el CMS legacy a partir de un original conservado, sin referencia publica directa. WordPress regenera sus propios tamanos. El original se decide por separado."
media,asset:multimedia/imagenes/productos/ad2329645fb0764d5b2328d64ae0c0b1ca72c8a7.jpg,Uso documental no equivale a aprobación de propósito/identidad de medios.,R10_MEDIA_DERIVATIVE,CONFIRMED,SKIP,R-M02,LOW,,media-master.csv:multimedia/imagenes/productos/ad2329645fb0764d5b2328d64ae0c0b1ca72c8a7.jpg original_ids=40 usage=IMAGE_APPARENTLY_UNUSED|DERIVED,"Derivado generado por el CMS legacy a partir de un original conservado, sin referencia publica directa. WordPress regenera sus propios tamanos. El original se decide por separado."
media,asset:multimedia/imagenes/productos/ad7e0968ffe0f82628363feac57746a76947d579.png,Uso documental no equivale a aprobación de propósito/identidad de medios.,R10_MEDIA_DERIVATIVE,CONFIRMED,SKIP,R-M02,LOW,,media-master.csv:multimedia/imagenes/productos/ad7e0968ffe0f82628363feac57746a76947d579.png original_ids=1072|1082|1159|513 usage=IMAGE_APPARENTLY_UNUSED|DERIVED,"Derivado generado por el CMS legacy a partir de un original conservado, sin referencia publica directa. WordPress regenera sus propios tamanos. El original se decide por separado."
media,asset:multimedia/imagenes/productos/adf04cb8cab47336aa78cfb8d904f089b79f8a90.png,Uso documental no equivale a aprobación de propósito/identidad de medios.,R10_MEDIA_DERIVATIVE,CONFIRMED,SKIP,R-M02,LOW,,media-master.csv:multimedia/imagenes/productos/adf04cb8cab47336aa78cfb8d904f089b79f8a90.png original_ids=1059|1155|454 usage=IMAGE_APPARENTLY_UNUSED|DERIVED,"Derivado generado por el CMS legacy a partir de un original conservado, sin referencia publica directa. WordPress regenera sus propios tamanos. El original se decide por separado."
media,asset:multimedia/imagenes/productos/aed795dffb09e71b12c1cf7ce868863acced2728.jpg,Uso documental no equivale a aprobación de propósito/identidad de medios.,R10_MEDIA_DERIVATIVE,CONFIRMED,SKIP,R-M02,LOW,,media-master.csv:multimedia/imagenes/productos/aed795dffb09e71b12c1cf7ce868863acced2728.jpg original_ids=830 usage=IMAGE_APPARENTLY_UNUSED|DERIVED,"Derivado generado por el CMS legacy a partir de un original conservado, sin referencia publica directa. WordPress regenera sus propios tamanos. El original se decide por separado."
media,asset:multimedia/imagenes/productos/af067f94afcccab706545eac92e02ff06b26a752.jpg,Uso documental no equivale a aprobación de propósito/identidad de medios.,R10_MEDIA_DERIVATIVE,CONFIRMED,SKIP,R-M02,LOW,,media-master.csv:multimedia/imagenes/productos/af067f94afcccab706545eac92e02ff06b26a752.jpg original_ids=682 usage=IMAGE_APPARENTLY_UNUSED|DERIVED,"Derivado generado por el CMS legacy a partir de un original conservado, sin referencia publica directa. WordPress regenera sus propios tamanos. El original se decide por separado."
media,asset:multimedia/imagenes/productos/b0febde0c13d86cada3c1dc5a24f75d0bf60b9c2.jpg,Uso documental no equivale a aprobación de propósito/identidad de medios.,R10_MEDIA_DERIVATIVE,CONFIRMED,SKIP,R-M02,LOW,,media-master.csv:multimedia/imagenes/productos/b0febde0c13d86cada3c1dc5a24f75d0bf60b9c2.jpg original_ids=1199|31|351 usage=IMAGE_APPARENTLY_UNUSED|DERIVED,"Derivado generado por el CMS legacy a partir de un original conservado, sin referencia publica directa. WordPress regenera sus propios tamanos. El original se decide por separado."
media,asset:multimedia/imagenes/productos/b158933a0ef3b29d287a77299353e1c27285918d.jpg,Uso documental no equivale a aprobación de propósito/identidad de medios.,R10_MEDIA_DERIVATIVE,CONFIRMED,SKIP,R-M02,LOW,,media-master.csv:multimedia/imagenes/productos/b158933a0ef3b29d287a77299353e1c27285918d.jpg original_ids=859 usage=IMAGE_APPARENTLY_UNUSED|DERIVED,"Derivado generado por el CMS legacy a partir de un original conservado, sin referencia publica directa. WordPress regenera sus propios tamanos. El original se decide por separado."
media,asset:multimedia/imagenes/productos/b1f3a8562438d59d58c770ae813531991adbfda4.jpg,Uso documental no equivale a aprobación de propósito/identidad de medios.,R10_MEDIA_DERIVATIVE,CONFIRMED,SKIP,R-M02,LOW,,media-master.csv:multimedia/imagenes/productos/b1f3a8562438d59d58c770ae813531991adbfda4.jpg original_ids=300|631 usage=IMAGE_APPARENTLY_UNUSED|DERIVED,"Derivado generado por el CMS legacy a partir de un original conservado, sin referencia publica directa. WordPress regenera sus propios tamanos. El original se decide por separado."
media,asset:multimedia/imagenes/productos/b20676a561943df5b36736c402a5944725d918c6.jpg,Uso documental no equivale a aprobación de propósito/identidad de medios.,R10_MEDIA_DERIVATIVE,CONFIRMED,SKIP,R-M02,LOW,,media-master.csv:multimedia/imagenes/productos/b20676a561943df5b36736c402a5944725d918c6.jpg original_ids=1126 usage=IMAGE_APPARENTLY_UNUSED|DERIVED,"Derivado generado por el CMS legacy a partir de un original conservado, sin referencia publica directa. WordPress regenera sus propios tamanos. El original se decide por separado."
media,asset:multimedia/imagenes/productos/b26a93145c299abf175f054d35d3caeec9e549a1.png,Uso documental no equivale a aprobación de propósito/identidad de medios.,R10_MEDIA_DERIVATIVE,CONFIRMED,SKIP,R-M02,LOW,,media-master.csv:multimedia/imagenes/productos/b26a93145c299abf175f054d35d3caeec9e549a1.png original_ids=187|277|322|932 usage=IMAGE_APPARENTLY_UNUSED|DERIVED|EXACT_DUPLICATE_BYTES,"Derivado generado por el CMS legacy a partir de un original conservado, sin referencia publica directa. WordPress regenera sus propios tamanos. El original se decide por separado."
media,asset:multimedia/imagenes/productos/b3b28c03afeff77e186ea5e33bf2ea49be0beb5f.png,Uso documental no equivale a aprobación de propósito/identidad de medios.,R10_MEDIA_DERIVATIVE,CONFIRMED,SKIP,R-M02,LOW,,media-master.csv:multimedia/imagenes/productos/b3b28c03afeff77e186ea5e33bf2ea49be0beb5f.png original_ids=1008|403 usage=IMAGE_APPARENTLY_UNUSED|DERIVED,"Derivado generado por el CMS legacy a partir de un original conservado, sin referencia publica directa. WordPress regenera sus propios tamanos. El original se decide por separado."
media,asset:multimedia/imagenes/productos/b3c00fc7c44fc6803373ca8d211bdb50986bbd1b.jpg,Uso documental no equivale a aprobación de propósito/identidad de medios.,R10_MEDIA_DERIVATIVE,CONFIRMED,SKIP,R-M02,LOW,,media-master.csv:multimedia/imagenes/productos/b3c00fc7c44fc6803373ca8d211bdb50986bbd1b.jpg original_ids=547|640 usage=IMAGE_APPARENTLY_UNUSED|DERIVED,"Derivado generado por el CMS legacy a partir de un original conservado, sin referencia publica directa. WordPress regenera sus propios tamanos. El original se decide por separado."
media,asset:multimedia/imagenes/productos/b46e6834696cc46798135082d8fb918f2235161f.jpg,Uso documental no equivale a aprobación de propósito/identidad de medios.,R10_MEDIA_DERIVATIVE,CONFIRMED,SKIP,R-M02,LOW,,media-master.csv:multimedia/imagenes/productos/b46e6834696cc46798135082d8fb918f2235161f.jpg original_ids=627 usage=IMAGE_APPARENTLY_UNUSED|DERIVED,"Derivado generado por el CMS legacy a partir de un original conservado, sin referencia publica directa. WordPress regenera sus propios tamanos. El original se decide por separado."
media,asset:multimedia/imagenes/productos/b484137ce1077d5d3cd628467575e3105f67a584.jpg,Uso documental no equivale a aprobación de propósito/identidad de medios.,R10_MEDIA_DERIVATIVE,CONFIRMED,SKIP,R-M02,LOW,,media-master.csv:multimedia/imagenes/productos/b484137ce1077d5d3cd628467575e3105f67a584.jpg original_ids=1101|854 usage=IMAGE_APPARENTLY_UNUSED|DERIVED,"Derivado generado por el CMS legacy a partir de un original conservado, sin referencia publica directa. WordPress regenera sus propios tamanos. El original se decide por separado."
media,asset:multimedia/imagenes/productos/b48e36ae8200fd6e0d9e19730b28a34b84d9dbec.jpg,Uso documental no equivale a aprobación de propósito/identidad de medios.,R10_MEDIA_DERIVATIVE,CONFIRMED,SKIP,R-M02,LOW,,media-master.csv:multimedia/imagenes/productos/b48e36ae8200fd6e0d9e19730b28a34b84d9dbec.jpg original_ids=775 usage=IMAGE_APPARENTLY_UNUSED|DERIVED,"Derivado generado por el CMS legacy a partir de un original conservado, sin referencia publica directa. WordPress regenera sus propios tamanos. El original se decide por separado."
media,asset:multimedia/imagenes/productos/b5c92fddffe06c860f40b918a2ec9946a5c8d7d2.jpg,Uso documental no equivale a aprobación de propósito/identidad de medios.,R10_MEDIA_DERIVATIVE,CONFIRMED,SKIP,R-M02,LOW,,media-master.csv:multimedia/imagenes/productos/b5c92fddffe06c860f40b918a2ec9946a5c8d7d2.jpg original_ids=1190|370 usage=IMAGE_APPARENTLY_UNUSED|DERIVED,"Derivado generado por el CMS legacy a partir de un original conservado, sin referencia publica directa. WordPress regenera sus propios tamanos. El original se decide por separado."
media,asset:multimedia/imagenes/productos/b615f860c6bfc2efe1ff73cf67dac7072bf6c24b.jpg,Uso documental no equivale a aprobación de propósito/identidad de medios.,R10_MEDIA_DERIVATIVE,CONFIRMED,SKIP,R-M02,LOW,,media-master.csv:multimedia/imagenes/productos/b615f860c6bfc2efe1ff73cf67dac7072bf6c24b.jpg original_ids=518|765 usage=IMAGE_APPARENTLY_UNUSED|DERIVED,"Derivado generado por el CMS legacy a partir de un original conservado, sin referencia publica directa. WordPress regenera sus propios tamanos. El original se decide por separado."
media,asset:multimedia/imagenes/productos/b736e25bce138942bb9d4841d639e5e40e3ad541.jpg,Uso documental no equivale a aprobación de propósito/identidad de medios.,R10_MEDIA_DERIVATIVE,CONFIRMED,SKIP,R-M02,LOW,,media-master.csv:multimedia/imagenes/productos/b736e25bce138942bb9d4841d639e5e40e3ad541.jpg original_ids=1295 usage=IMAGE_APPARENTLY_UNUSED|DERIVED,"Derivado generado por el CMS legacy a partir de un original conservado, sin referencia publica directa. WordPress regenera sus propios tamanos. El original se decide por separado."
media,asset:multimedia/imagenes/productos/b822d816a0d9aea2e279b1baae0edb82edfb893c.jpg,Uso documental no equivale a aprobación de propósito/identidad de medios.,R10_MEDIA_DERIVATIVE,CONFIRMED,SKIP,R-M02,LOW,,media-master.csv:multimedia/imagenes/productos/b822d816a0d9aea2e279b1baae0edb82edfb893c.jpg original_ids=1307 usage=IMAGE_APPARENTLY_UNUSED|DERIVED,"Derivado generado por el CMS legacy a partir de un original conservado, sin referencia publica directa. WordPress regenera sus propios tamanos. El original se decide por separado."
media,asset:multimedia/imagenes/productos/b84c70fd47dcc2b46b4e518727ce00f0ea8a6356.jpg,Uso documental no equivale a aprobación de propósito/identidad de medios.,R10_MEDIA_DERIVATIVE,CONFIRMED,SKIP,R-M02,LOW,,media-master.csv:multimedia/imagenes/productos/b84c70fd47dcc2b46b4e518727ce00f0ea8a6356.jpg original_ids=19 usage=IMAGE_APPARENTLY_UNUSED|DERIVED,"Derivado generado por el CMS legacy a partir de un original conservado, sin referencia publica directa. WordPress regenera sus propios tamanos. El original se decide por separado."
media,asset:multimedia/imagenes/productos/b8c2dada643f433f713d22becd5ffb6cdd48d070.jpg,Uso documental no equivale a aprobación de propósito/identidad de medios.,R10_MEDIA_DERIVATIVE,CONFIRMED,SKIP,R-M02,LOW,,media-master.csv:multimedia/imagenes/productos/b8c2dada643f433f713d22becd5ffb6cdd48d070.jpg original_ids=1014|1120|389 usage=IMAGE_APPARENTLY_UNUSED|DERIVED,"Derivado generado por el CMS legacy a partir de un original conservado, sin referencia publica directa. WordPress regenera sus propios tamanos. El original se decide por separado."
media,asset:multimedia/imagenes/productos/b909a849499b633edc6093d67d945c89ceab7117.jpg,Uso documental no equivale a aprobación de propósito/identidad de medios.,R10_MEDIA_DERIVATIVE,CONFIRMED,SKIP,R-M02,LOW,,media-master.csv:multimedia/imagenes/productos/b909a849499b633edc6093d67d945c89ceab7117.jpg original_ids=1285 usage=IMAGE_APPARENTLY_UNUSED|DERIVED|EXACT_DUPLICATE_BYTES,"Derivado generado por el CMS legacy a partir de un original conservado, sin referencia publica directa. WordPress regenera sus propios tamanos. El original se decide por separado."
media,asset:multimedia/imagenes/productos/b9267d54f7219a984975ba83c28f39687b7165c6.jpg,Uso documental no equivale a aprobación de propósito/identidad de medios.,R10_MEDIA_DERIVATIVE,CONFIRMED,SKIP,R-M02,LOW,,media-master.csv:multimedia/imagenes/productos/b9267d54f7219a984975ba83c28f39687b7165c6.jpg original_ids=246|869 usage=IMAGE_APPARENTLY_UNUSED|DERIVED,"Derivado generado por el CMS legacy a partir de un original conservado, sin referencia publica directa. WordPress regenera sus propios tamanos. El original se decide por separado."
media,asset:multimedia/imagenes/productos/ba5fdb010b1d287f2a4001c470c1f2e1db31f9d2.jpg,Uso documental no equivale a aprobación de propósito/identidad de medios.,R10_MEDIA_DERIVATIVE,CONFIRMED,SKIP,R-M02,LOW,,media-master.csv:multimedia/imagenes/productos/ba5fdb010b1d287f2a4001c470c1f2e1db31f9d2.jpg original_ids=236|844 usage=IMAGE_APPARENTLY_UNUSED|DERIVED|EXACT_DUPLICATE_BYTES,"Derivado generado por el CMS legacy a partir de un original conservado, sin referencia publica directa. WordPress regenera sus propios tamanos. El original se decide por separado."
media,asset:multimedia/imagenes/productos/ba84a61d781389c3a2054b1676024658295b3acd.png,Uso documental no equivale a aprobación de propósito/identidad de medios.,R10_MEDIA_DERIVATIVE,CONFIRMED,SKIP,R-M02,LOW,,media-master.csv:multimedia/imagenes/productos/ba84a61d781389c3a2054b1676024658295b3acd.png original_ids=423 usage=IMAGE_APPARENTLY_UNUSED|DERIVED,"Derivado generado por el CMS legacy a partir de un original conservado, sin referencia publica directa. WordPress regenera sus propios tamanos. El original se decide por separado."
media,asset:multimedia/imagenes/productos/bb3368ceeda91ff99ccfa7be1a6f90181e04f465.png,Uso documental no equivale a aprobación de propósito/identidad de medios.,R10_MEDIA_DERIVATIVE,CONFIRMED,SKIP,R-M02,LOW,,media-master.csv:multimedia/imagenes/productos/bb3368ceeda91ff99ccfa7be1a6f90181e04f465.png original_ids=1185|608|816 usage=IMAGE_APPARENTLY_UNUSED|DERIVED|EXACT_DUPLICATE_BYTES,"Derivado generado por el CMS legacy a partir de un original conservado, sin referencia publica directa. WordPress regenera sus propios tamanos. El original se decide por separado."
media,asset:multimedia/imagenes/productos/bb67214e2fa3a602f08f84d18af508c2144b4399.jpg,Uso documental no equivale a aprobación de propósito/identidad de medios.,R10_MEDIA_DERIVATIVE,CONFIRMED,SKIP,R-M02,LOW,,media-master.csv:multimedia/imagenes/productos/bb67214e2fa3a602f08f84d18af508c2144b4399.jpg original_ids=672 usage=IMAGE_APPARENTLY_UNUSED|DERIVED,"Derivado generado por el CMS legacy a partir de un original conservado, sin referencia publica directa. WordPress regenera sus propios tamanos. El original se decide por separado."
media,asset:multimedia/imagenes/productos/bc790885ef043576513356856af6389d5d697506.jpg,Uso documental no equivale a aprobación de propósito/identidad de medios.,R10_MEDIA_DERIVATIVE,CONFIRMED,SKIP,R-M02,LOW,,media-master.csv:multimedia/imagenes/productos/bc790885ef043576513356856af6389d5d697506.jpg original_ids=697 usage=IMAGE_APPARENTLY_UNUSED|DERIVED,"Derivado generado por el CMS legacy a partir de un original conservado, sin referencia publica directa. WordPress regenera sus propios tamanos. El original se decide por separado."
media,asset:multimedia/imagenes/productos/bc810042ae32b45e642d2b97a228528b25af5555.jpg,Uso documental no equivale a aprobación de propósito/identidad de medios.,R10_MEDIA_DERIVATIVE,CONFIRMED,SKIP,R-M02,LOW,,media-master.csv:multimedia/imagenes/productos/bc810042ae32b45e642d2b97a228528b25af5555.jpg original_ids=1351 usage=IMAGE_APPARENTLY_UNUSED|DERIVED,"Derivado generado por el CMS legacy a partir de un original conservado, sin referencia publica directa. WordPress regenera sus propios tamanos. El original se decide por separado."
media,asset:multimedia/imagenes/productos/bd1f8f56f056617c741bf8594189d610ec31455e.jpg,Uso documental no equivale a aprobación de propósito/identidad de medios.,R10_MEDIA_DERIVATIVE,CONFIRMED,SKIP,R-M02,LOW,,media-master.csv:multimedia/imagenes/productos/bd1f8f56f056617c741bf8594189d610ec31455e.jpg original_ids=264|649 usage=IMAGE_APPARENTLY_UNUSED|DERIVED,"Derivado generado por el CMS legacy a partir de un original conservado, sin referencia publica directa. WordPress regenera sus propios tamanos. El original se decide por separado."
media,asset:multimedia/imagenes/productos/be2f311aa92f08c08c00fe0cfc8730fe8253fb59.jpg,Uso documental no equivale a aprobación de propósito/identidad de medios.,R10_MEDIA_DERIVATIVE,CONFIRMED,SKIP,R-M02,LOW,,media-master.csv:multimedia/imagenes/productos/be2f311aa92f08c08c00fe0cfc8730fe8253fb59.jpg original_ids=1051|1147|446 usage=IMAGE_APPARENTLY_UNUSED|DERIVED,"Derivado generado por el CMS legacy a partir de un original conservado, sin referencia publica directa. WordPress regenera sus propios tamanos. El original se decide por separado."
media,asset:multimedia/imagenes/productos/be781238f5f87bf92bb8b76fe8a3fda917da4de9.png,Uso documental no equivale a aprobación de propósito/identidad de medios.,R10_MEDIA_DERIVATIVE,CONFIRMED,SKIP,R-M02,LOW,,media-master.csv:multimedia/imagenes/productos/be781238f5f87bf92bb8b76fe8a3fda917da4de9.png original_ids=210|945 usage=IMAGE_APPARENTLY_UNUSED|DERIVED,"Derivado generado por el CMS legacy a partir de un original conservado, sin referencia publica directa. WordPress regenera sus propios tamanos. El original se decide por separado."
media,asset:multimedia/imagenes/productos/bec4a9b0b9ba18e039ffd443d26ff4bdd3b75a32.jpg,Uso documental no equivale a aprobación de propósito/identidad de medios.,R10_MEDIA_DERIVATIVE,CONFIRMED,SKIP,R-M02,LOW,,media-master.csv:multimedia/imagenes/productos/bec4a9b0b9ba18e039ffd443d26ff4bdd3b75a32.jpg original_ids=726 usage=IMAGE_APPARENTLY_UNUSED|DERIVED,"Derivado generado por el CMS legacy a partir de un original conservado, sin referencia publica directa. WordPress regenera sus propios tamanos. El original se decide por separado."
media,asset:multimedia/imagenes/productos/bf45613379a3fb030e09e5ff600f67022b8ed045.png,Uso documental no equivale a aprobación de propósito/identidad de medios.,R10_MEDIA_DERIVATIVE,CONFIRMED,SKIP,R-M02,LOW,,media-master.csv:multimedia/imagenes/productos/bf45613379a3fb030e09e5ff600f67022b8ed045.png original_ids=1172|591|803 usage=IMAGE_APPARENTLY_UNUSED|DERIVED,"Derivado generado por el CMS legacy a partir de un original conservado, sin referencia publica directa. WordPress regenera sus propios tamanos. El original se decide por separado."
media,asset:multimedia/imagenes/productos/bf7bb7a1ee0e115572fe5e5d1bd5c5f33d1e3580.jpg,Uso documental no equivale a aprobación de propósito/identidad de medios.,R10_MEDIA_DERIVATIVE,CONFIRMED,SKIP,R-M02,LOW,,media-master.csv:multimedia/imagenes/productos/bf7bb7a1ee0e115572fe5e5d1bd5c5f33d1e3580.jpg original_ids=770 usage=IMAGE_APPARENTLY_UNUSED|DERIVED,"Derivado generado por el CMS legacy a partir de un original conservado, sin referencia publica directa. WordPress regenera sus propios tamanos. El original se decide por separado."
media,asset:multimedia/imagenes/productos/bfa554d69238760ccdbcd929f0a83cdc12d1593c.png,Uso documental no equivale a aprobación de propósito/identidad de medios.,R10_MEDIA_DERIVATIVE,CONFIRMED,SKIP,R-M02,LOW,,media-master.csv:multimedia/imagenes/productos/bfa554d69238760ccdbcd929f0a83cdc12d1593c.png original_ids=393 usage=IMAGE_APPARENTLY_UNUSED|DERIVED,"Derivado generado por el CMS legacy a partir de un original conservado, sin referencia publica directa. WordPress regenera sus propios tamanos. El original se decide por separado."
media,asset:multimedia/imagenes/productos/bfc6742f50a1fe0b46c3349883e2710f9aca9a49.jpg,Uso documental no equivale a aprobación de propósito/identidad de medios.,R10_MEDIA_DERIVATIVE,CONFIRMED,SKIP,R-M02,LOW,,media-master.csv:multimedia/imagenes/productos/bfc6742f50a1fe0b46c3349883e2710f9aca9a49.jpg original_ids=201|663 usage=IMAGE_APPARENTLY_UNUSED|DERIVED,"Derivado generado por el CMS legacy a partir de un original conservado, sin referencia publica directa. WordPress regenera sus propios tamanos. El original se decide por separado."
media,asset:multimedia/imagenes/productos/bfd088b74d29caf8ef79bf31860c65ba4cfc8c5f.jpg,Uso documental no equivale a aprobación de propósito/identidad de medios.,R10_MEDIA_DERIVATIVE,CONFIRMED,SKIP,R-M02,LOW,,media-master.csv:multimedia/imagenes/productos/bfd088b74d29caf8ef79bf31860c65ba4cfc8c5f.jpg original_ids=1307 usage=IMAGE_APPARENTLY_UNUSED|DERIVED,"Derivado generado por el CMS legacy a partir de un original conservado, sin referencia publica directa. WordPress regenera sus propios tamanos. El original se decide por separado."
media,asset:multimedia/imagenes/productos/c010d0a0cf17db40fb8aac4c4c96d9d5e7aeeecd.jpg,Uso documental no equivale a aprobación de propósito/identidad de medios.,R10_MEDIA_DERIVATIVE,CONFIRMED,SKIP,R-M02,LOW,,media-master.csv:multimedia/imagenes/productos/c010d0a0cf17db40fb8aac4c4c96d9d5e7aeeecd.jpg original_ids=878 usage=IMAGE_APPARENTLY_UNUSED|DERIVED,"Derivado generado por el CMS legacy a partir de un original conservado, sin referencia publica directa. WordPress regenera sus propios tamanos. El original se decide por separado."
media,asset:multimedia/imagenes/productos/c112bfd42abe043cea65afd42ec67630adafd4fc.jpg,Uso documental no equivale a aprobación de propósito/identidad de medios.,R10_MEDIA_DERIVATIVE,CONFIRMED,SKIP,R-M02,LOW,,media-master.csv:multimedia/imagenes/productos/c112bfd42abe043cea65afd42ec67630adafd4fc.jpg original_ids=1285 usage=IMAGE_APPARENTLY_UNUSED|DERIVED|EXACT_DUPLICATE_BYTES,"Derivado generado por el CMS legacy a partir de un original conservado, sin referencia publica directa. WordPress regenera sus propios tamanos. El original se decide por separado."
media,asset:multimedia/imagenes/productos/c193cf07d02e475d907ca58e408bf153b94e0215.jpg,Uso documental no equivale a aprobación de propósito/identidad de medios.,R10_MEDIA_DERIVATIVE,CONFIRMED,SKIP,R-M02,LOW,,media-master.csv:multimedia/imagenes/productos/c193cf07d02e475d907ca58e408bf153b94e0215.jpg original_ids=1181|600|812 usage=IMAGE_APPARENTLY_UNUSED|DERIVED,"Derivado generado por el CMS legacy a partir de un original conservado, sin referencia publica directa. WordPress regenera sus propios tamanos. El original se decide por separado."
media,asset:multimedia/imagenes/productos/c1d9f151ac7e02157706645db82b208f9d1746c6.jpg,Uso documental no equivale a aprobación de propósito/identidad de medios.,R10_MEDIA_DERIVATIVE,CONFIRMED,SKIP,R-M02,LOW,,media-master.csv:multimedia/imagenes/productos/c1d9f151ac7e02157706645db82b208f9d1746c6.jpg original_ids=438 usage=IMAGE_APPARENTLY_UNUSED|DERIVED,"Derivado generado por el CMS legacy a partir de un original conservado, sin referencia publica directa. WordPress regenera sus propios tamanos. El original se decide por separado."
media,asset:multimedia/imagenes/productos/c1e457772201aa0b50358d628f80cc9adf4e5834.jpg,Uso documental no equivale a aprobación de propósito/identidad de medios.,R10_MEDIA_DERIVATIVE,CONFIRMED,SKIP,R-M02,LOW,,media-master.csv:multimedia/imagenes/productos/c1e457772201aa0b50358d628f80cc9adf4e5834.jpg original_ids=888 usage=IMAGE_APPARENTLY_UNUSED|DERIVED,"Derivado generado por el CMS legacy a partir de un original conservado, sin referencia publica directa. WordPress regenera sus propios tamanos. El original se decide por separado."
media,asset:multimedia/imagenes/productos/c29a2d7e18d772e9d843df575e8df4b6e7d8ac88.jpg,Uso documental no equivale a aprobación de propósito/identidad de medios.,R10_MEDIA_DERIVATIVE,CONFIRMED,SKIP,R-M02,LOW,,media-master.csv:multimedia/imagenes/productos/c29a2d7e18d772e9d843df575e8df4b6e7d8ac88.jpg original_ids=864 usage=IMAGE_APPARENTLY_UNUSED|DERIVED,"Derivado generado por el CMS legacy a partir de un original conservado, sin referencia publica directa. WordPress regenera sus propios tamanos. El original se decide por separado."
media,asset:multimedia/imagenes/productos/c2bb69e66991176681440908d40baea00a9aace8.jpg,Uso documental no equivale a aprobación de propósito/identidad de medios.,R10_MEDIA_DERIVATIVE,CONFIRMED,SKIP,R-M02,LOW,,media-master.csv:multimedia/imagenes/productos/c2bb69e66991176681440908d40baea00a9aace8.jpg original_ids=1289 usage=IMAGE_APPARENTLY_UNUSED|DERIVED,"Derivado generado por el CMS legacy a partir de un original conservado, sin referencia publica directa. WordPress regenera sus propios tamanos. El original se decide por separado."
media,asset:multimedia/imagenes/productos/c2fa584cb9de12c8d855781cfa361eed82c5fdc3.jpg,Uso documental no equivale a aprobación de propósito/identidad de medios.,R10_MEDIA_DERIVATIVE,CONFIRMED,SKIP,R-M02,LOW,,media-master.csv:multimedia/imagenes/productos/c2fa584cb9de12c8d855781cfa361eed82c5fdc3.jpg original_ids=1315 usage=IMAGE_APPARENTLY_UNUSED|DERIVED,"Derivado generado por el CMS legacy a partir de un original conservado, sin referencia publica directa. WordPress regenera sus propios tamanos. El original se decide por separado."
media,asset:multimedia/imagenes/productos/c342ebcfaccf7b10dd675d7826a733365c70c8ce.jpg,Uso documental no equivale a aprobación de propósito/identidad de medios.,R10_MEDIA_DERIVATIVE,CONFIRMED,SKIP,R-M02,LOW,,media-master.csv:multimedia/imagenes/productos/c342ebcfaccf7b10dd675d7826a733365c70c8ce.jpg original_ids=1319 usage=IMAGE_APPARENTLY_UNUSED|DERIVED,"Derivado generado por el CMS legacy a partir de un original conservado, sin referencia publica directa. WordPress regenera sus propios tamanos. El original se decide por separado."
media,asset:multimedia/imagenes/productos/c48b40303ec9bf91a5f33a95c86faa69be7d7d62.png,Uso documental no equivale a aprobación de propósito/identidad de medios.,R10_MEDIA_DERIVATIVE,CONFIRMED,SKIP,R-M02,LOW,,media-master.csv:multimedia/imagenes/productos/c48b40303ec9bf91a5f33a95c86faa69be7d7d62.png original_ids=1067|1142|433 usage=IMAGE_APPARENTLY_UNUSED|DERIVED,"Derivado generado por el CMS legacy a partir de un original conservado, sin referencia publica directa. WordPress regenera sus propios tamanos. El original se decide por separado."
media,asset:multimedia/imagenes/productos/c585ff536e9e6b0c7b1f56bcda32747f1fd64a32.jpg,Uso documental no equivale a aprobación de propósito/identidad de medios.,R10_MEDIA_DERIVATIVE,CONFIRMED,SKIP,R-M02,LOW,,media-master.csv:multimedia/imagenes/productos/c585ff536e9e6b0c7b1f56bcda32747f1fd64a32.jpg original_ids=305 usage=IMAGE_APPARENTLY_UNUSED|DERIVED,"Derivado generado por el CMS legacy a partir de un original conservado, sin referencia publica directa. WordPress regenera sus propios tamanos. El original se decide por separado."
media,asset:multimedia/imagenes/productos/c5b22a2f401c0a08888320ecbcd16f92e76d4793.jpg,Uso documental no equivale a aprobación de propósito/identidad de medios.,R10_MEDIA_DERIVATIVE,CONFIRMED,SKIP,R-M02,LOW,,media-master.csv:multimedia/imagenes/productos/c5b22a2f401c0a08888320ecbcd16f92e76d4793.jpg original_ids=251 usage=IMAGE_APPARENTLY_UNUSED|DERIVED,"Derivado generado por el CMS legacy a partir de un original conservado, sin referencia publica directa. WordPress regenera sus propios tamanos. El original se decide por separado."
media,asset:multimedia/imagenes/productos/c6323be262c084906f23b3f2e02d8d5bd3d28546.jpg,Uso documental no equivale a aprobación de propósito/identidad de medios.,R10_MEDIA_DERIVATIVE,CONFIRMED,SKIP,R-M02,LOW,,media-master.csv:multimedia/imagenes/productos/c6323be262c084906f23b3f2e02d8d5bd3d28546.jpg original_ids=692 usage=IMAGE_APPARENTLY_UNUSED|DERIVED,"Derivado generado por el CMS legacy a partir de un original conservado, sin referencia publica directa. WordPress regenera sus propios tamanos. El original se decide por separado."
media,asset:multimedia/imagenes/productos/c6e1bc82ea0d1f22a98704a7fdacfcf17e14b498.jpg,Uso documental no equivale a aprobación de propósito/identidad de medios.,R10_MEDIA_DERIVATIVE,CONFIRMED,SKIP,R-M02,LOW,,media-master.csv:multimedia/imagenes/productos/c6e1bc82ea0d1f22a98704a7fdacfcf17e14b498.jpg original_ids=1223|552 usage=IMAGE_APPARENTLY_UNUSED|DERIVED,"Derivado generado por el CMS legacy a partir de un original conservado, sin referencia publica directa. WordPress regenera sus propios tamanos. El original se decide por separado."
media,asset:multimedia/imagenes/productos/c78163824c874cb804c9fae74b629b436b5c6bd4.png,Uso documental no equivale a aprobación de propósito/identidad de medios.,R10_MEDIA_DERIVATIVE,CONFIRMED,SKIP,R-M02,LOW,,media-master.csv:multimedia/imagenes/productos/c78163824c874cb804c9fae74b629b436b5c6bd4.png original_ids=1172|591|803 usage=IMAGE_APPARENTLY_UNUSED|DERIVED,"Derivado generado por el CMS legacy a partir de un original conservado, sin referencia publica directa. WordPress regenera sus propios tamanos. El original se decide por separado."
media,asset:multimedia/imagenes/productos/c7a4034d1023aa9e5b7375a53bae3e9c82d08b02.jpg,Uso documental no equivale a aprobación de propósito/identidad de medios.,R10_MEDIA_DERIVATIVE,CONFIRMED,SKIP,R-M02,LOW,,media-master.csv:multimedia/imagenes/productos/c7a4034d1023aa9e5b7375a53bae3e9c82d08b02.jpg original_ids=1299 usage=IMAGE_APPARENTLY_UNUSED|DERIVED,"Derivado generado por el CMS legacy a partir de un original conservado, sin referencia publica directa. WordPress regenera sus propios tamanos. El original se decide por separado."
media,asset:multimedia/imagenes/productos/c8129b3569c790e5e15a570f87e7f36719703e1c.jpg,Uso documental no equivale a aprobación de propósito/identidad de medios.,R10_MEDIA_DERIVATIVE,CONFIRMED,SKIP,R-M02,LOW,,media-master.csv:multimedia/imagenes/productos/c8129b3569c790e5e15a570f87e7f36719703e1c.jpg original_ids=165|966|975|999 usage=IMAGE_APPARENTLY_UNUSED|DERIVED,"Derivado generado por el CMS legacy a partir de un original conservado, sin referencia publica directa. WordPress regenera sus propios tamanos. El original se decide por separado."
media,asset:multimedia/imagenes/productos/c9130b6fa8a1ed05b487a65f6ff30895b8f1a981.jpg,Uso documental no equivale a aprobación de propósito/identidad de medios.,R10_MEDIA_DERIVATIVE,CONFIRMED,SKIP,R-M02,LOW,,media-master.csv:multimedia/imagenes/productos/c9130b6fa8a1ed05b487a65f6ff30895b8f1a981.jpg original_ids=533|745|985 usage=IMAGE_APPARENTLY_UNUSED|DERIVED,"Derivado generado por el CMS legacy a partir de un original conservado, sin referencia publica directa. WordPress regenera sus propios tamanos. El original se decide por separado."
media,asset:multimedia/imagenes/productos/ca6508f8b111dad227a6d111e3a8e4e1ab945137.jpg,Uso documental no equivale a aprobación de propósito/identidad de medios.,R10_MEDIA_DERIVATIVE,CONFIRMED,SKIP,R-M02,LOW,,media-master.csv:multimedia/imagenes/productos/ca6508f8b111dad227a6d111e3a8e4e1ab945137.jpg original_ids=735 usage=IMAGE_APPARENTLY_UNUSED|DERIVED|EXACT_DUPLICATE_BYTES,"Derivado generado por el CMS legacy a partir de un original conservado, sin referencia publica directa. WordPress regenera sus propios tamanos. El original se decide por separado."
media,asset:multimedia/imagenes/productos/cabf3ce04f2934cf3dc33b386f7936919c1e9369.jpg,Uso documental no equivale a aprobación de propósito/identidad de medios.,R10_MEDIA_DERIVATIVE,CONFIRMED,SKIP,R-M02,LOW,,media-master.csv:multimedia/imagenes/productos/cabf3ce04f2934cf3dc33b386f7936919c1e9369.jpg original_ids=246|869 usage=IMAGE_APPARENTLY_UNUSED|DERIVED,"Derivado generado por el CMS legacy a partir de un original conservado, sin referencia publica directa. WordPress regenera sus propios tamanos. El original se decide por separado."
media,asset:multimedia/imagenes/productos/cafb56679413360bd08d5200b1b925282b4b2151.jpg,Uso documental no equivale a aprobación de propósito/identidad de medios.,R10_MEDIA_DERIVATIVE,CONFIRMED,SKIP,R-M02,LOW,,media-master.csv:multimedia/imagenes/productos/cafb56679413360bd08d5200b1b925282b4b2151.jpg original_ids=888 usage=IMAGE_APPARENTLY_UNUSED|DERIVED,"Derivado generado por el CMS legacy a partir de un original conservado, sin referencia publica directa. WordPress regenera sus propios tamanos. El original se decide por separado."
media,asset:multimedia/imagenes/productos/cb86dd9383b3ea7221cda7b42bf813a1886a6d90.jpg,Uso documental no equivale a aprobación de propósito/identidad de medios.,R10_MEDIA_DERIVATIVE,CONFIRMED,SKIP,R-M02,LOW,,media-master.csv:multimedia/imagenes/productos/cb86dd9383b3ea7221cda7b42bf813a1886a6d90.jpg original_ids=236|844 usage=IMAGE_APPARENTLY_UNUSED|DERIVED|EXACT_DUPLICATE_BYTES,"Derivado generado por el CMS legacy a partir de un original conservado, sin referencia publica directa. WordPress regenera sus propios tamanos. El original se decide por separado."
media,asset:multimedia/imagenes/productos/cbb4e1d2f49f3b383989e986f11f143592437b0c.jpg,Uso documental no equivale a aprobación de propósito/identidad de medios.,R10_MEDIA_DERIVATIVE,CONFIRMED,SKIP,R-M02,LOW,,media-master.csv:multimedia/imagenes/productos/cbb4e1d2f49f3b383989e986f11f143592437b0c.jpg original_ids=499|919 usage=IMAGE_APPARENTLY_UNUSED|DERIVED,"Derivado generado por el CMS legacy a partir de un original conservado, sin referencia publica directa. WordPress regenera sus propios tamanos. El original se decide por separado."
media,asset:multimedia/imagenes/productos/cbb7a795851f9423111a9f86c5474e64205d7826.png,Uso documental no equivale a aprobación de propósito/identidad de medios.,R10_MEDIA_DERIVATIVE,CONFIRMED,SKIP,R-M02,LOW,,media-master.csv:multimedia/imagenes/productos/cbb7a795851f9423111a9f86c5474e64205d7826.png original_ids=897 usage=IMAGE_APPARENTLY_UNUSED|DERIVED,"Derivado generado por el CMS legacy a partir de un original conservado, sin referencia publica directa. WordPress regenera sus propios tamanos. El original se decide por separado."
media,asset:multimedia/imagenes/productos/cbbe8711032c3fbdf4fe5ba178232f991646da2a.jpg,Uso documental no equivale a aprobación de propósito/identidad de medios.,R10_MEDIA_DERIVATIVE,CONFIRMED,SKIP,R-M02,LOW,,media-master.csv:multimedia/imagenes/productos/cbbe8711032c3fbdf4fe5ba178232f991646da2a.jpg original_ids=1339 usage=IMAGE_APPARENTLY_UNUSED|DERIVED,"Derivado generado por el CMS legacy a partir de un original conservado, sin referencia publica directa. WordPress regenera sus propios tamanos. El original se decide por separado."
media,asset:multimedia/imagenes/productos/cbd6a7cacb8c2a97d286305d91a35621f578ccb4.jpg,Uso documental no equivale a aprobación de propósito/identidad de medios.,R10_MEDIA_DERIVATIVE,CONFIRMED,SKIP,R-M02,LOW,,media-master.csv:multimedia/imagenes/productos/cbd6a7cacb8c2a97d286305d91a35621f578ccb4.jpg original_ids=1020|361 usage=IMAGE_APPARENTLY_UNUSED|DERIVED|EXACT_DUPLICATE_BYTES,"Derivado generado por el CMS legacy a partir de un original conservado, sin referencia publica directa. WordPress regenera sus propios tamanos. El original se decide por separado."
media,asset:multimedia/imagenes/productos/cc14617ba38fa72399127d7935ac144f16ef5073.jpg,Uso documental no equivale a aprobación de propósito/identidad de medios.,R10_MEDIA_DERIVATIVE,CONFIRMED,SKIP,R-M02,LOW,,media-master.csv:multimedia/imagenes/productos/cc14617ba38fa72399127d7935ac144f16ef5073.jpg original_ids=523|980 usage=IMAGE_APPARENTLY_UNUSED|DERIVED,"Derivado generado por el CMS legacy a partir de un original conservado, sin referencia publica directa. WordPress regenera sus propios tamanos. El original se decide por separado."
media,asset:multimedia/imagenes/productos/cc7cf71256da2123d44f664f2d3eeb5ff939267f.jpg,Uso documental no equivale a aprobación de propósito/identidad de medios.,R10_MEDIA_DERIVATIVE,CONFIRMED,SKIP,R-M02,LOW,,media-master.csv:multimedia/imagenes/productos/cc7cf71256da2123d44f664f2d3eeb5ff939267f.jpg original_ids=1335 usage=IMAGE_APPARENTLY_UNUSED|DERIVED|EXACT_DUPLICATE_BYTES,"Derivado generado por el CMS legacy a partir de un original conservado, sin referencia publica directa. WordPress regenera sus propios tamanos. El original se decide por separado."
media,asset:multimedia/imagenes/productos/ccb9317c9259da95f8d10f948ff5580786e68a89.jpg,Uso documental no equivale a aprobación de propósito/identidad de medios.,R10_MEDIA_DERIVATIVE,CONFIRMED,SKIP,R-M02,LOW,,media-master.csv:multimedia/imagenes/productos/ccb9317c9259da95f8d10f948ff5580786e68a89.jpg original_ids=702 usage=IMAGE_APPARENTLY_UNUSED|DERIVED,"Derivado generado por el CMS legacy a partir de un original conservado, sin referencia publica directa. WordPress regenera sus propios tamanos. El original se decide por separado."
media,asset:multimedia/imagenes/productos/cce6236c1a67ce92704e4746a358a4d34ef3e63c.png,Uso documental no equivale a aprobación de propósito/identidad de medios.,R10_MEDIA_DERIVATIVE,CONFIRMED,SKIP,R-M02,LOW,,media-master.csv:multimedia/imagenes/productos/cce6236c1a67ce92704e4746a358a4d34ef3e63c.png original_ids=1227|556 usage=IMAGE_APPARENTLY_UNUSED|DERIVED,"Derivado generado por el CMS legacy a partir de un original conservado, sin referencia publica directa. WordPress regenera sus propios tamanos. El original se decide por separado."
media,asset:multimedia/imagenes/productos/cd72ab26741874ce0f7e1436cdbdb6940f05bc64.jpg,Uso documental no equivale a aprobación de propósito/identidad de medios.,R10_MEDIA_DERIVATIVE,CONFIRMED,SKIP,R-M02,LOW,,media-master.csv:multimedia/imagenes/productos/cd72ab26741874ce0f7e1436cdbdb6940f05bc64.jpg original_ids=246|869 usage=IMAGE_APPARENTLY_UNUSED|DERIVED,"Derivado generado por el CMS legacy a partir de un original conservado, sin referencia publica directa. WordPress regenera sus propios tamanos. El original se decide por separado."
media,asset:multimedia/imagenes/productos/cd9e61da0f4ef4ff4afd7603edb90379316d5cef.jpg,Uso documental no equivale a aprobación de propósito/identidad de medios.,R10_MEDIA_DERIVATIVE,CONFIRMED,SKIP,R-M02,LOW,,media-master.csv:multimedia/imagenes/productos/cd9e61da0f4ef4ff4afd7603edb90379316d5cef.jpg original_ids=627 usage=IMAGE_APPARENTLY_UNUSED|DERIVED,"Derivado generado por el CMS legacy a partir de un original conservado, sin referencia publica directa. WordPress regenera sus propios tamanos. El original se decide por separado."
media,asset:multimedia/imagenes/productos/ce07dd12a1a83be16c07305343e7156742ecf887.png,Uso documental no equivale a aprobación de propósito/identidad de medios.,R10_MEDIA_DERIVATIVE,CONFIRMED,SKIP,R-M02,LOW,,media-master.csv:multimedia/imagenes/productos/ce07dd12a1a83be16c07305343e7156742ecf887.png original_ids=183|273|318|928 usage=IMAGE_APPARENTLY_UNUSED|DERIVED,"Derivado generado por el CMS legacy a partir de un original conservado, sin referencia publica directa. WordPress regenera sus propios tamanos. El original se decide por separado."
media,asset:multimedia/imagenes/productos/ce13faef77af29e3d6535bbe149ddb25bd46b55b.png,Uso documental no equivale a aprobación de propósito/identidad de medios.,R10_MEDIA_DERIVATIVE,CONFIRMED,SKIP,R-M02,LOW,,media-master.csv:multimedia/imagenes/productos/ce13faef77af29e3d6535bbe149ddb25bd46b55b.png original_ids=1024|365 usage=IMAGE_APPARENTLY_UNUSED|DERIVED,"Derivado generado por el CMS legacy a partir de un original conservado, sin referencia publica directa. WordPress regenera sus propios tamanos. El original se decide por separado."
media,asset:multimedia/imagenes/productos/ce6cc9fcbdc795c9d2661d4bb871567fc0265b0d.png,Uso documental no equivale a aprobación de propósito/identidad de medios.,R10_MEDIA_DERIVATIVE,CONFIRMED,SKIP,R-M02,LOW,,media-master.csv:multimedia/imagenes/productos/ce6cc9fcbdc795c9d2661d4bb871567fc0265b0d.png original_ids=206 usage=IMAGE_APPARENTLY_UNUSED|DERIVED,"Derivado generado por el CMS legacy a partir de un original conservado, sin referencia publica directa. WordPress regenera sus propios tamanos. El original se decide por separado."
media,asset:multimedia/imagenes/productos/cea589235ec4bbb4be5c3a0eff13c0982e149ceb.jpg,Uso documental no equivale a aprobación de propósito/identidad de medios.,R10_MEDIA_DERIVATIVE,CONFIRMED,SKIP,R-M02,LOW,,media-master.csv:multimedia/imagenes/productos/cea589235ec4bbb4be5c3a0eff13c0982e149ceb.jpg original_ids=834 usage=IMAGE_APPARENTLY_UNUSED|DERIVED,"Derivado generado por el CMS legacy a partir de un original conservado, sin referencia publica directa. WordPress regenera sus propios tamanos. El original se decide por separado."
media,asset:multimedia/imagenes/productos/cf223b07a6bd1a0f24109a5e6a52d004a62f9a68.jpg,Uso documental no equivale a aprobación de propósito/identidad de medios.,R10_MEDIA_DERIVATIVE,CONFIRMED,SKIP,R-M02,LOW,,media-master.csv:multimedia/imagenes/productos/cf223b07a6bd1a0f24109a5e6a52d004a62f9a68.jpg original_ids=1311 usage=IMAGE_APPARENTLY_UNUSED|DERIVED,"Derivado generado por el CMS legacy a partir de un original conservado, sin referencia publica directa. WordPress regenera sus propios tamanos. El original se decide por separado."
media,asset:multimedia/imagenes/productos/d0053babc3d4fbf4ed643151d4c262c6f1fbd3c6.jpg,Uso documental no equivale a aprobación de propósito/identidad de medios.,R10_MEDIA_DERIVATIVE,CONFIRMED,SKIP,R-M02,LOW,,media-master.csv:multimedia/imagenes/productos/d0053babc3d4fbf4ed643151d4c262c6f1fbd3c6.jpg original_ids=726 usage=IMAGE_APPARENTLY_UNUSED|DERIVED,"Derivado generado por el CMS legacy a partir de un original conservado, sin referencia publica directa. WordPress regenera sus propios tamanos. El original se decide por separado."
media,asset:multimedia/imagenes/productos/d0564ebbf468f07c5302465bb7e116748a212d21.png,Uso documental no equivale a aprobación de propósito/identidad de medios.,R10_MEDIA_DERIVATIVE,CONFIRMED,SKIP,R-M02,LOW,,media-master.csv:multimedia/imagenes/productos/d0564ebbf468f07c5302465bb7e116748a212d21.png original_ids=579 usage=IMAGE_APPARENTLY_UNUSED|DERIVED,"Derivado generado por el CMS legacy a partir de un original conservado, sin referencia publica directa. WordPress regenera sus propios tamanos. El original se decide por separado."
media,asset:multimedia/imagenes/productos/d0c8696fd269f95898e83d2f7403210379305210.jpg,Uso documental no equivale a aprobación de propósito/identidad de medios.,R10_MEDIA_DERIVATIVE,CONFIRMED,SKIP,R-M02,LOW,,media-master.csv:multimedia/imagenes/productos/d0c8696fd269f95898e83d2f7403210379305210.jpg original_ids=463 usage=IMAGE_APPARENTLY_UNUSED|DERIVED,"Derivado generado por el CMS legacy a partir de un original conservado, sin referencia publica directa. WordPress regenera sus propios tamanos. El original se decide por separado."
media,asset:multimedia/imagenes/productos/d0fab9f00d88520627d3ec823615216d8a729abc.png,Uso documental no equivale a aprobación de propósito/identidad de medios.,R10_MEDIA_DERIVATIVE,CONFIRMED,SKIP,R-M02,LOW,,media-master.csv:multimedia/imagenes/productos/d0fab9f00d88520627d3ec823615216d8a729abc.png original_ids=1096|231 usage=IMAGE_APPARENTLY_UNUSED|DERIVED,"Derivado generado por el CMS legacy a partir de un original conservado, sin referencia publica directa. WordPress regenera sus propios tamanos. El original se decide por separado."
media,asset:multimedia/imagenes/productos/d1beb089b9149f44872906db3f34f93d202a61b6.png,Uso documental no equivale a aprobación de propósito/identidad de medios.,R10_MEDIA_DERIVATIVE,CONFIRMED,SKIP,R-M02,LOW,,media-master.csv:multimedia/imagenes/productos/d1beb089b9149f44872906db3f34f93d202a61b6.png original_ids=1250 usage=IMAGE_APPARENTLY_UNUSED|DERIVED,"Derivado generado por el CMS legacy a partir de un original conservado, sin referencia publica directa. WordPress regenera sus propios tamanos. El original se decide por separado."
media,asset:multimedia/imagenes/productos/d2c4f71c668240ea3ba6916497fd70b2c3606ad5.jpg,Uso documental no equivale a aprobación de propósito/identidad de medios.,R10_MEDIA_DERIVATIVE,CONFIRMED,SKIP,R-M02,LOW,,media-master.csv:multimedia/imagenes/productos/d2c4f71c668240ea3ba6916497fd70b2c3606ad5.jpg original_ids=481|901 usage=IMAGE_APPARENTLY_UNUSED|DERIVED,"Derivado generado por el CMS legacy a partir de un original conservado, sin referencia publica directa. WordPress regenera sus propios tamanos. El original se decide por separado."
media,asset:multimedia/imagenes/productos/d3406d2e8ecb6d2c64e6862e3ed1cfe460479186.jpg,Uso documental no equivale a aprobación de propósito/identidad de medios.,R10_MEDIA_DERIVATIVE,CONFIRMED,SKIP,R-M02,LOW,,media-master.csv:multimedia/imagenes/productos/d3406d2e8ecb6d2c64e6862e3ed1cfe460479186.jpg original_ids=1199|31|351 usage=IMAGE_APPARENTLY_UNUSED|DERIVED,"Derivado generado por el CMS legacy a partir de un original conservado, sin referencia publica directa. WordPress regenera sus propios tamanos. El original se decide por separado."
media,asset:multimedia/imagenes/productos/d3b7fc0b86dc09a6c499b3a93f0fda28568d51d9.jpg,Uso documental no equivale a aprobación de propósito/identidad de medios.,R10_MEDIA_DERIVATIVE,CONFIRMED,SKIP,R-M02,LOW,,media-master.csv:multimedia/imagenes/productos/d3b7fc0b86dc09a6c499b3a93f0fda28568d51d9.jpg original_ids=300|631 usage=IMAGE_APPARENTLY_UNUSED|DERIVED,"Derivado generado por el CMS legacy a partir de un original conservado, sin referencia publica directa. WordPress regenera sus propios tamanos. El original se decide por separado."
media,asset:multimedia/imagenes/productos/d3dc13c79e7321ed72c1caa36368c49f4b73df02.jpg,Uso documental no equivale a aprobación de propósito/identidad de medios.,R10_MEDIA_DERIVATIVE,CONFIRMED,SKIP,R-M02,LOW,,media-master.csv:multimedia/imagenes/productos/d3dc13c79e7321ed72c1caa36368c49f4b73df02.jpg original_ids=780 usage=IMAGE_APPARENTLY_UNUSED|DERIVED,"Derivado generado por el CMS legacy a partir de un original conservado, sin referencia publica directa. WordPress regenera sus propios tamanos. El original se decide por separado."
media,asset:multimedia/imagenes/productos/d4ea235fc3fb2283cce2bfe13e840f28fa57ab55.jpg,Uso documental no equivale a aprobación de propósito/identidad de medios.,R10_MEDIA_DERIVATIVE,CONFIRMED,SKIP,R-M02,LOW,,media-master.csv:multimedia/imagenes/productos/d4ea235fc3fb2283cce2bfe13e840f28fa57ab55.jpg original_ids=1295 usage=IMAGE_APPARENTLY_UNUSED|DERIVED,"Derivado generado por el CMS legacy a partir de un original conservado, sin referencia publica directa. WordPress regenera sus propios tamanos. El original se decide por separado."
media,asset:multimedia/imagenes/productos/d4f4f265a05df2f5187a19261fd861dad02ff37a.jpg,Uso documental no equivale a aprobación de propósito/identidad de medios.,R10_MEDIA_DERIVATIVE,CONFIRMED,SKIP,R-M02,LOW,,media-master.csv:multimedia/imagenes/productos/d4f4f265a05df2f5187a19261fd861dad02ff37a.jpg original_ids=1063|1138|429 usage=IMAGE_APPARENTLY_UNUSED|DERIVED,"Derivado generado por el CMS legacy a partir de un original conservado, sin referencia publica directa. WordPress regenera sus propios tamanos. El original se decide por separado."
media,asset:multimedia/imagenes/productos/d5759a4919fb40e100ab61d68efe18faa09fcda6.jpg,Uso documental no equivale a aprobación de propósito/identidad de medios.,R10_MEDIA_DERIVATIVE,CONFIRMED,SKIP,R-M02,LOW,,media-master.csv:multimedia/imagenes/productos/d5759a4919fb40e100ab61d68efe18faa09fcda6.jpg original_ids=1299 usage=IMAGE_APPARENTLY_UNUSED|DERIVED,"Derivado generado por el CMS legacy a partir de un original conservado, sin referencia publica directa. WordPress regenera sus propios tamanos. El original se decide por separado."
media,asset:multimedia/imagenes/productos/d68040332edf29629844e01f358791da732f15f2.jpg,Uso documental no equivale a aprobación de propósito/identidad de medios.,R10_MEDIA_DERIVATIVE,CONFIRMED,SKIP,R-M02,LOW,,media-master.csv:multimedia/imagenes/productos/d68040332edf29629844e01f358791da732f15f2.jpg original_ids=1331 usage=IMAGE_APPARENTLY_UNUSED|DERIVED,"Derivado generado por el CMS legacy a partir de un original conservado, sin referencia publica directa. WordPress regenera sus propios tamanos. El original se decide por separado."
media,asset:multimedia/imagenes/productos/d6b124cf6776639f59572f326a1f8079be09d49c.png,Uso documental no equivale a aprobación de propósito/identidad de medios.,R10_MEDIA_DERIVATIVE,CONFIRMED,SKIP,R-M02,LOW,,media-master.csv:multimedia/imagenes/productos/d6b124cf6776639f59572f326a1f8079be09d49c.png original_ids=222|957 usage=IMAGE_APPARENTLY_UNUSED|DERIVED,"Derivado generado por el CMS legacy a partir de un original conservado, sin referencia publica directa. WordPress regenera sus propios tamanos. El original se decide por separado."
media,asset:multimedia/imagenes/productos/d6da9dda34e774bbbbb12dc50e2391c2ef8ef007.jpg,Uso documental no equivale a aprobación de propósito/identidad de medios.,R10_MEDIA_DERIVATIVE,CONFIRMED,SKIP,R-M02,LOW,,media-master.csv:multimedia/imagenes/productos/d6da9dda34e774bbbbb12dc50e2391c2ef8ef007.jpg original_ids=528|750|990 usage=IMAGE_APPARENTLY_UNUSED|DERIVED,"Derivado generado por el CMS legacy a partir de un original conservado, sin referencia publica directa. WordPress regenera sus propios tamanos. El original se decide por separado."
media,asset:multimedia/imagenes/productos/d788b167cfa5dcf91faff96bad7c504efeb721e9.png,Uso documental no equivale a aprobación de propósito/identidad de medios.,R10_MEDIA_DERIVATIVE,CONFIRMED,SKIP,R-M02,LOW,,media-master.csv:multimedia/imagenes/productos/d788b167cfa5dcf91faff96bad7c504efeb721e9.png original_ids=897 usage=IMAGE_APPARENTLY_UNUSED|DERIVED,"Derivado generado por el CMS legacy a partir de un original conservado, sin referencia publica directa. WordPress regenera sus propios tamanos. El original se decide por separado."
media,asset:multimedia/imagenes/productos/d7b1d0215380eb9ec6869971bba9bfe0beeeb377.jpg,Uso documental no equivale a aprobación de propósito/identidad de medios.,R10_MEDIA_DERIVATIVE,CONFIRMED,SKIP,R-M02,LOW,,media-master.csv:multimedia/imagenes/productos/d7b1d0215380eb9ec6869971bba9bfe0beeeb377.jpg original_ids=1181|600|812 usage=IMAGE_APPARENTLY_UNUSED|DERIVED,"Derivado generado por el CMS legacy a partir de un original conservado, sin referencia publica directa. WordPress regenera sus propios tamanos. El original se decide por separado."
media,asset:multimedia/imagenes/productos/d8068e9397735dbea2a0cc443121d94f5bb84777.jpg,Uso documental no equivale a aprobación de propósito/identidad de medios.,R10_MEDIA_DERIVATIVE,CONFIRMED,SKIP,R-M02,LOW,,media-master.csv:multimedia/imagenes/productos/d8068e9397735dbea2a0cc443121d94f5bb84777.jpg original_ids=1232|337 usage=IMAGE_APPARENTLY_UNUSED|DERIVED,"Derivado generado por el CMS legacy a partir de un original conservado, sin referencia publica directa. WordPress regenera sus propios tamanos. El original se decide por separado."
media,asset:multimedia/imagenes/productos/d8f098c77551e3cab1314a69a738ac9afeaf3987.png,Uso documental no equivale a aprobación de propósito/identidad de medios.,R10_MEDIA_DERIVATIVE,CONFIRMED,SKIP,R-M02,LOW,,media-master.csv:multimedia/imagenes/productos/d8f098c77551e3cab1314a69a738ac9afeaf3987.png original_ids=1055|1151|450 usage=IMAGE_APPARENTLY_UNUSED|DERIVED,"Derivado generado por el CMS legacy a partir de un original conservado, sin referencia publica directa. WordPress regenera sus propios tamanos. El original se decide por separado."
media,asset:multimedia/imagenes/productos/d924a5d2393a2cdd6ea0c4db31f1b58b04826ae8.jpg,Uso documental no equivale a aprobación de propósito/identidad de medios.,R10_MEDIA_DERIVATIVE,CONFIRMED,SKIP,R-M02,LOW,,media-master.csv:multimedia/imagenes/productos/d924a5d2393a2cdd6ea0c4db31f1b58b04826ae8.jpg original_ids=481|901 usage=IMAGE_APPARENTLY_UNUSED|DERIVED,"Derivado generado por el CMS legacy a partir de un original conservado, sin referencia publica directa. WordPress regenera sus propios tamanos. El original se decide por separado."
media,asset:multimedia/imagenes/productos/d94a4eaa527787af3622e1efcc52c84ee7c6907d.png,Uso documental no equivale a aprobación de propósito/identidad de medios.,R10_MEDIA_DERIVATIVE,CONFIRMED,SKIP,R-M02,LOW,,media-master.csv:multimedia/imagenes/productos/d94a4eaa527787af3622e1efcc52c84ee7c6907d.png original_ids=1008|403 usage=IMAGE_APPARENTLY_UNUSED|DERIVED,"Derivado generado por el CMS legacy a partir de un original conservado, sin referencia publica directa. WordPress regenera sus propios tamanos. El original se decide por separado."
media,asset:multimedia/imagenes/productos/d9fea1569b54c774379c8a3edcbed537fc17ac8d.jpg,Uso documental no equivale a aprobación de propósito/identidad de medios.,R10_MEDIA_DERIVATIVE,CONFIRMED,SKIP,R-M02,LOW,,media-master.csv:multimedia/imagenes/productos/d9fea1569b54c774379c8a3edcbed537fc17ac8d.jpg original_ids=1256 usage=IMAGE_APPARENTLY_UNUSED|DERIVED,"Derivado generado por el CMS legacy a partir de un original conservado, sin referencia publica directa. WordPress regenera sus propios tamanos. El original se decide por separado."
media,asset:multimedia/imagenes/productos/da49fd5ba58498e597c77148924dd0f500cfbe3d.jpg,Uso documental no equivale a aprobación de propósito/identidad de medios.,R10_MEDIA_DERIVATIVE,CONFIRMED,SKIP,R-M02,LOW,,media-master.csv:multimedia/imagenes/productos/da49fd5ba58498e597c77148924dd0f500cfbe3d.jpg original_ids=834 usage=IMAGE_APPARENTLY_UNUSED|DERIVED,"Derivado generado por el CMS legacy a partir de un original conservado, sin referencia publica directa. WordPress regenera sus propios tamanos. El original se decide por separado."
media,asset:multimedia/imagenes/productos/da8865fb2bfb6d5c30e35b69be3d2a26792394c6.jpg,Uso documental no equivale a aprobación de propósito/identidad de medios.,R10_MEDIA_DERIVATIVE,CONFIRMED,SKIP,R-M02,LOW,,media-master.csv:multimedia/imagenes/productos/da8865fb2bfb6d5c30e35b69be3d2a26792394c6.jpg original_ids=1237|356 usage=IMAGE_APPARENTLY_UNUSED|DERIVED,"Derivado generado por el CMS legacy a partir de un original conservado, sin referencia publica directa. WordPress regenera sus propios tamanos. El original se decide por separado."
media,asset:multimedia/imagenes/productos/da9aafdab5fda14f4ecec9132ab48a92358ec892.jpg,Uso documental no equivale a aprobación de propósito/identidad de medios.,R10_MEDIA_DERIVATIVE,CONFIRMED,SKIP,R-M02,LOW,,media-master.csv:multimedia/imagenes/productos/da9aafdab5fda14f4ecec9132ab48a92358ec892.jpg original_ids=468 usage=IMAGE_APPARENTLY_UNUSED|DERIVED,"Derivado generado por el CMS legacy a partir de un original conservado, sin referencia publica directa. WordPress regenera sus propios tamanos. El original se decide por separado."
media,asset:multimedia/imagenes/productos/dac57364c2154a553023fa2752cd38650552575f.jpg,Uso documental no equivale a aprobación de propósito/identidad de medios.,R10_MEDIA_DERIVATIVE,CONFIRMED,SKIP,R-M02,LOW,,media-master.csv:multimedia/imagenes/productos/dac57364c2154a553023fa2752cd38650552575f.jpg original_ids=528|750|990 usage=IMAGE_APPARENTLY_UNUSED|DERIVED,"Derivado generado por el CMS legacy a partir de un original conservado, sin referencia publica directa. WordPress regenera sus propios tamanos. El original se decide por separado."
media,asset:multimedia/imagenes/productos/db63eede089c5c38e228d0beec2cb17effb7576d.jpg,Uso documental no equivale a aprobación de propósito/identidad de medios.,R10_MEDIA_DERIVATIVE,CONFIRMED,SKIP,R-M02,LOW,,media-master.csv:multimedia/imagenes/productos/db63eede089c5c38e228d0beec2cb17effb7576d.jpg original_ids=1039|409 usage=IMAGE_APPARENTLY_UNUSED|DERIVED,"Derivado generado por el CMS legacy a partir de un original conservado, sin referencia publica directa. WordPress regenera sus propios tamanos. El original se decide por separado."
media,asset:multimedia/imagenes/productos/db88124010c8fd74436ab47c242f52ca0b056d98.jpg,Uso documental no equivale a aprobación de propósito/identidad de medios.,R10_MEDIA_DERIVATIVE,CONFIRMED,SKIP,R-M02,LOW,,media-master.csv:multimedia/imagenes/productos/db88124010c8fd74436ab47c242f52ca0b056d98.jpg original_ids=1|962|971|995 usage=IMAGE_APPARENTLY_UNUSED|DERIVED|EXACT_DUPLICATE_BYTES,"Derivado generado por el CMS legacy a partir de un original conservado, sin referencia publica directa. WordPress regenera sus propios tamanos. El original se decide por separado."
media,asset:multimedia/imagenes/productos/dbaad9231e6c850e3338b54ef2719ae62656d2a5.jpg,Uso documental no equivale a aprobación de propósito/identidad de medios.,R10_MEDIA_DERIVATIVE,CONFIRMED,SKIP,R-M02,LOW,,media-master.csv:multimedia/imagenes/productos/dbaad9231e6c850e3338b54ef2719ae62656d2a5.jpg original_ids=1315 usage=IMAGE_APPARENTLY_UNUSED|DERIVED,"Derivado generado por el CMS legacy a partir de un original conservado, sin referencia publica directa. WordPress regenera sus propios tamanos. El original se decide por separado."
media,asset:multimedia/imagenes/productos/dcca97a809b840b3b96e0a75d2e43662f42261ee.jpg,Uso documental no equivale a aprobación de propósito/identidad de medios.,R10_MEDIA_DERIVATIVE,CONFIRMED,SKIP,R-M02,LOW,,media-master.csv:multimedia/imagenes/productos/dcca97a809b840b3b96e0a75d2e43662f42261ee.jpg original_ids=722 usage=IMAGE_APPARENTLY_UNUSED|DERIVED,"Derivado generado por el CMS legacy a partir de un original conservado, sin referencia publica directa. WordPress regenera sus propios tamanos. El original se decide por separado."
media,asset:multimedia/imagenes/productos/dd1b328cbb85ef5a39cf1c8b989599af4f7e69f1.png,Uso documental no equivale a aprobación de propósito/identidad de medios.,R10_MEDIA_DERIVATIVE,CONFIRMED,SKIP,R-M02,LOW,,media-master.csv:multimedia/imagenes/productos/dd1b328cbb85ef5a39cf1c8b989599af4f7e69f1.png original_ids=1177|596|604|808 usage=IMAGE_APPARENTLY_UNUSED|DERIVED,"Derivado generado por el CMS legacy a partir de un original conservado, sin referencia publica directa. WordPress regenera sus propios tamanos. El original se decide por separado."
media,asset:multimedia/imagenes/productos/ddbc1e4d00b31375624cce25667ebbfcb96b5f99.jpg,Uso documental no equivale a aprobación de propósito/identidad de medios.,R10_MEDIA_DERIVATIVE,CONFIRMED,SKIP,R-M02,LOW,,media-master.csv:multimedia/imagenes/productos/ddbc1e4d00b31375624cce25667ebbfcb96b5f99.jpg original_ids=468 usage=IMAGE_APPARENTLY_UNUSED|DERIVED,"Derivado generado por el CMS legacy a partir de un original conservado, sin referencia publica directa. WordPress regenera sus propios tamanos. El original se decide por separado."
media,asset:multimedia/imagenes/productos/dec91cdc543e16578bf8e7e7c7656ff85ffafdcf.png,Uso documental no equivale a aprobación de propósito/identidad de medios.,R10_MEDIA_DERIVATIVE,CONFIRMED,SKIP,R-M02,LOW,,media-master.csv:multimedia/imagenes/productos/dec91cdc543e16578bf8e7e7c7656ff85ffafdcf.png original_ids=1004|399 usage=IMAGE_APPARENTLY_UNUSED|DERIVED|EXACT_DUPLICATE_BYTES,"Derivado generado por el CMS legacy a partir de un original conservado, sin referencia publica directa. WordPress regenera sus propios tamanos. El original se decide por separado."
media,asset:multimedia/imagenes/productos/dee736ff1509240e1ecd2d7ec3e9e1cb2b55f4ce.jpg,Uso documental no equivale a aprobación de propósito/identidad de medios.,R10_MEDIA_DERIVATIVE,CONFIRMED,SKIP,R-M02,LOW,,media-master.csv:multimedia/imagenes/productos/dee736ff1509240e1ecd2d7ec3e9e1cb2b55f4ce.jpg original_ids=533|745|985 usage=IMAGE_APPARENTLY_UNUSED|DERIVED,"Derivado generado por el CMS legacy a partir de un original conservado, sin referencia publica directa. WordPress regenera sus propios tamanos. El original se decide por separado."
media,asset:multimedia/imagenes/productos/df2960127f1975f4e32ee5324d7fee58e6b1989b.jpg,Uso documental no equivale a aprobación de propósito/identidad de medios.,R10_MEDIA_DERIVATIVE,CONFIRMED,SKIP,R-M02,LOW,,media-master.csv:multimedia/imagenes/productos/df2960127f1975f4e32ee5324d7fee58e6b1989b.jpg original_ids=1289 usage=IMAGE_APPARENTLY_UNUSED|DERIVED,"Derivado generado por el CMS legacy a partir de un original conservado, sin referencia publica directa. WordPress regenera sus propios tamanos. El original se decide por separado."
media,asset:multimedia/imagenes/productos/dffbd807d553231185e92dbe99920c1e820c4705.jpg,Uso documental no equivale a aprobación de propósito/identidad de medios.,R10_MEDIA_DERIVATIVE,CONFIRMED,SKIP,R-M02,LOW,,media-master.csv:multimedia/imagenes/productos/dffbd807d553231185e92dbe99920c1e820c4705.jpg original_ids=1335 usage=IMAGE_APPARENTLY_UNUSED|DERIVED,"Derivado generado por el CMS legacy a partir de un original conservado, sin referencia publica directa. WordPress regenera sus propios tamanos. El original se decide por separado."
media,asset:multimedia/imagenes/productos/e0735c5d3fa243e3b3a3508b05c171ad43c482a0.jpg,Uso documental no equivale a aprobación de propósito/identidad de medios.,R10_MEDIA_DERIVATIVE,CONFIRMED,SKIP,R-M02,LOW,,media-master.csv:multimedia/imagenes/productos/e0735c5d3fa243e3b3a3508b05c171ad43c482a0.jpg original_ids=508|755 usage=IMAGE_APPARENTLY_UNUSED|DERIVED,"Derivado generado por el CMS legacy a partir de un original conservado, sin referencia publica directa. WordPress regenera sus propios tamanos. El original se decide por separado."
media,asset:multimedia/imagenes/productos/e07cb931ddc8438c654e09781cb8574a4a017558.jpg,Uso documental no equivale a aprobación de propósito/identidad de medios.,R10_MEDIA_DERIVATIVE,CONFIRMED,SKIP,R-M02,LOW,,media-master.csv:multimedia/imagenes/productos/e07cb931ddc8438c654e09781cb8574a4a017558.jpg original_ids=687 usage=IMAGE_APPARENTLY_UNUSED|DERIVED,"Derivado generado por el CMS legacy a partir de un original conservado, sin referencia publica directa. WordPress regenera sus propios tamanos. El original se decide por separado."
media,asset:multimedia/imagenes/productos/e098729402b2480f2ed9d78b1ceee7bba33bbaa3.png,Uso documental no equivale a aprobación de propósito/identidad de medios.,R10_MEDIA_DERIVATIVE,CONFIRMED,SKIP,R-M02,LOW,,media-master.csv:multimedia/imagenes/productos/e098729402b2480f2ed9d78b1ceee7bba33bbaa3.png original_ids=1218|617 usage=IMAGE_APPARENTLY_UNUSED|DERIVED|EXACT_DUPLICATE_BYTES,"Derivado generado por el CMS legacy a partir de un original conservado, sin referencia publica directa. WordPress regenera sus propios tamanos. El original se decide por separado."
media,asset:multimedia/imagenes/productos/e110f8b723c685246ac3b82b3e37a04cdcae9417.png,Uso documental no equivale a aprobación de propósito/identidad de medios.,R10_MEDIA_DERIVATIVE,CONFIRMED,SKIP,R-M02,LOW,,media-master.csv:multimedia/imagenes/productos/e110f8b723c685246ac3b82b3e37a04cdcae9417.png original_ids=183|273|318|928 usage=IMAGE_APPARENTLY_UNUSED|DERIVED,"Derivado generado por el CMS legacy a partir de un original conservado, sin referencia publica directa. WordPress regenera sus propios tamanos. El original se decide por separado."
media,asset:multimedia/imagenes/productos/e127c73d075f64bcabd7fd264e8ead5d3f6f505b.jpg,Uso documental no equivale a aprobación de propósito/identidad de medios.,R10_MEDIA_DERIVATIVE,CONFIRMED,SKIP,R-M02,LOW,,media-master.csv:multimedia/imagenes/productos/e127c73d075f64bcabd7fd264e8ead5d3f6f505b.jpg original_ids=1209|1214|574|613 usage=IMAGE_APPARENTLY_UNUSED|DERIVED|EXACT_DUPLICATE_BYTES,"Derivado generado por el CMS legacy a partir de un original conservado, sin referencia publica directa. WordPress regenera sus propios tamanos. El original se decide por separado."
media,asset:multimedia/imagenes/productos/e26364511d4363febc983aa404df880187b80b78.png,Uso documental no equivale a aprobación de propósito/identidad de medios.,R10_MEDIA_DERIVATIVE,CONFIRMED,SKIP,R-M02,LOW,,media-master.csv:multimedia/imagenes/productos/e26364511d4363febc983aa404df880187b80b78.png original_ids=218|953 usage=IMAGE_APPARENTLY_UNUSED|DERIVED,"Derivado generado por el CMS legacy a partir de un original conservado, sin referencia publica directa. WordPress regenera sus propios tamanos. El original se decide por separado."
media,asset:multimedia/imagenes/productos/e2f00fbf744c7ba8a3a30f48ce4fc6bd4f49ea9c.jpg,Uso documental no equivale a aprobación de propósito/identidad de medios.,R10_MEDIA_DERIVATIVE,CONFIRMED,SKIP,R-M02,LOW,,media-master.csv:multimedia/imagenes/productos/e2f00fbf744c7ba8a3a30f48ce4fc6bd4f49ea9c.jpg original_ids=1277 usage=IMAGE_APPARENTLY_UNUSED|DERIVED,"Derivado generado por el CMS legacy a partir de un original conservado, sin referencia publica directa. WordPress regenera sus propios tamanos. El original se decide por separado."
media,asset:multimedia/imagenes/productos/e326f679c5cc33cb0c4389f47e0e44752fbdafe6.jpg,Uso documental no equivale a aprobación de propósito/identidad de medios.,R10_MEDIA_DERIVATIVE,CONFIRMED,SKIP,R-M02,LOW,,media-master.csv:multimedia/imagenes/productos/e326f679c5cc33cb0c4389f47e0e44752fbdafe6.jpg original_ids=1331 usage=IMAGE_APPARENTLY_UNUSED|DERIVED,"Derivado generado por el CMS legacy a partir de un original conservado, sin referencia publica directa. WordPress regenera sus propios tamanos. El original se decide por separado."
media,asset:multimedia/imagenes/productos/e43141f69bf9d40f2183f4c5d8f6626e33078301.jpg,Uso documental no equivale a aprobación de propósito/identidad de medios.,R10_MEDIA_DERIVATIVE,CONFIRMED,SKIP,R-M02,LOW,,media-master.csv:multimedia/imagenes/productos/e43141f69bf9d40f2183f4c5d8f6626e33078301.jpg original_ids=1260|561 usage=IMAGE_APPARENTLY_UNUSED|DERIVED,"Derivado generado por el CMS legacy a partir de un original conservado, sin referencia publica directa. WordPress regenera sus propios tamanos. El original se decide por separado."
media,asset:multimedia/imagenes/productos/e49c09b9acccd4dcc35fe401a28a23005c4a5792.jpg,Uso documental no equivale a aprobación de propósito/identidad de medios.,R10_MEDIA_DERIVATIVE,CONFIRMED,SKIP,R-M02,LOW,,media-master.csv:multimedia/imagenes/productos/e49c09b9acccd4dcc35fe401a28a23005c4a5792.jpg original_ids=1289 usage=IMAGE_APPARENTLY_UNUSED|DERIVED,"Derivado generado por el CMS legacy a partir de un original conservado, sin referencia publica directa. WordPress regenera sus propios tamanos. El original se decide por separado."
media,asset:multimedia/imagenes/productos/e5f6663418ee3dd23acffb6ea3c3d74f5c3cfc77.jpg,Uso documental no equivale a aprobación de propósito/identidad de medios.,R10_MEDIA_DERIVATIVE,CONFIRMED,SKIP,R-M02,LOW,,media-master.csv:multimedia/imagenes/productos/e5f6663418ee3dd23acffb6ea3c3d74f5c3cfc77.jpg original_ids=924 usage=IMAGE_APPARENTLY_UNUSED|DERIVED,"Derivado generado por el CMS legacy a partir de un original conservado, sin referencia publica directa. WordPress regenera sus propios tamanos. El original se decide por separado."
media,asset:multimedia/imagenes/productos/e6cf2ac8debdf92333a172629bd3ef963c88d306.jpg,Uso documental no equivale a aprobación de propósito/identidad de medios.,R10_MEDIA_DERIVATIVE,CONFIRMED,SKIP,R-M02,LOW,,media-master.csv:multimedia/imagenes/productos/e6cf2ac8debdf92333a172629bd3ef963c88d306.jpg original_ids=300|631 usage=IMAGE_APPARENTLY_UNUSED|DERIVED,"Derivado generado por el CMS legacy a partir de un original conservado, sin referencia publica directa. WordPress regenera sus propios tamanos. El original se decide por separado."
media,asset:multimedia/imagenes/productos/e79270b2331f2e3a2291fc58e78dc390512d8d8f.jpg,Uso documental no equivale a aprobación de propósito/identidad de medios.,R10_MEDIA_DERIVATIVE,CONFIRMED,SKIP,R-M02,LOW,,media-master.csv:multimedia/imagenes/productos/e79270b2331f2e3a2291fc58e78dc390512d8d8f.jpg original_ids=1209|1214|574|613 usage=IMAGE_APPARENTLY_UNUSED|DERIVED|EXACT_DUPLICATE_BYTES,"Derivado generado por el CMS legacy a partir de un original conservado, sin referencia publica directa. WordPress regenera sus propios tamanos. El original se decide por separado."
media,asset:multimedia/imagenes/productos/e7b3c802ebe2cdce993382bf06772f14d3e88a56.jpg,Uso documental no equivale a aprobación de propósito/identidad de medios.,R10_MEDIA_DERIVATIVE,CONFIRMED,SKIP,R-M02,LOW,,media-master.csv:multimedia/imagenes/productos/e7b3c802ebe2cdce993382bf06772f14d3e88a56.jpg original_ids=722 usage=IMAGE_APPARENTLY_UNUSED|DERIVED,"Derivado generado por el CMS legacy a partir de un original conservado, sin referencia publica directa. WordPress regenera sus propios tamanos. El original se decide por separado."
media,asset:multimedia/imagenes/productos/e89845e7c86223d440ecc3f0d10e8877190b6523.jpg,Uso documental no equivale a aprobación de propósito/identidad de medios.,R10_MEDIA_DERIVATIVE,CONFIRMED,SKIP,R-M02,LOW,,media-master.csv:multimedia/imagenes/productos/e89845e7c86223d440ecc3f0d10e8877190b6523.jpg original_ids=241 usage=IMAGE_APPARENTLY_UNUSED|DERIVED|EXACT_DUPLICATE_BYTES,"Derivado generado por el CMS legacy a partir de un original conservado, sin referencia publica directa. WordPress regenera sus propios tamanos. El original se decide por separado."
media,asset:multimedia/imagenes/productos/e956f222de67a6afaded7c0d253650ed08ab8fd8.png,Uso documental no equivale a aprobación de propósito/identidad de medios.,R10_MEDIA_DERIVATIVE,CONFIRMED,SKIP,R-M02,LOW,,media-master.csv:multimedia/imagenes/productos/e956f222de67a6afaded7c0d253650ed08ab8fd8.png original_ids=423 usage=IMAGE_APPARENTLY_UNUSED|DERIVED,"Derivado generado por el CMS legacy a partir de un original conservado, sin referencia publica directa. WordPress regenera sus propios tamanos. El original se decide por separado."
media,asset:multimedia/imagenes/productos/e959fd1c4a20b3d4d986a941b241a4dae6a1c138.jpg,Uso documental no equivale a aprobación de propósito/identidad de medios.,R10_MEDIA_DERIVATIVE,CONFIRMED,SKIP,R-M02,LOW,,media-master.csv:multimedia/imagenes/productos/e959fd1c4a20b3d4d986a941b241a4dae6a1c138.jpg original_ids=236|844 usage=IMAGE_APPARENTLY_UNUSED|DERIVED,"Derivado generado por el CMS legacy a partir de un original conservado, sin referencia publica directa. WordPress regenera sus propios tamanos. El original se decide por separado."
media,asset:multimedia/imagenes/productos/e9e7365da17e4ef563b7489538569b9380ce070d.jpg,Uso documental no equivale a aprobación de propósito/identidad de medios.,R10_MEDIA_DERIVATIVE,CONFIRMED,SKIP,R-M02,LOW,,media-master.csv:multimedia/imagenes/productos/e9e7365da17e4ef563b7489538569b9380ce070d.jpg original_ids=485|905 usage=IMAGE_APPARENTLY_UNUSED|DERIVED,"Derivado generado por el CMS legacy a partir de un original conservado, sin referencia publica directa. WordPress regenera sus propios tamanos. El original se decide por separado."
media,asset:multimedia/imagenes/productos/ea362de52a1c2cb3908c25ade2858ecb078d3c3a.png,Uso documental no equivale a aprobación de propósito/identidad de medios.,R10_MEDIA_DERIVATIVE,CONFIRMED,SKIP,R-M02,LOW,,media-master.csv:multimedia/imagenes/productos/ea362de52a1c2cb3908c25ade2858ecb078d3c3a.png original_ids=179|269|314 usage=IMAGE_APPARENTLY_UNUSED|DERIVED,"Derivado generado por el CMS legacy a partir de un original conservado, sin referencia publica directa. WordPress regenera sus propios tamanos. El original se decide por separado."
media,asset:multimedia/imagenes/productos/eb34820e7831163867ff8a1f9595f0a31ef2083a.png,Uso documental no equivale a aprobación de propósito/identidad de medios.,R10_MEDIA_DERIVATIVE,CONFIRMED,SKIP,R-M02,LOW,,media-master.csv:multimedia/imagenes/productos/eb34820e7831163867ff8a1f9595f0a31ef2083a.png original_ids=1172|591|803 usage=IMAGE_APPARENTLY_UNUSED|DERIVED,"Derivado generado por el CMS legacy a partir de un original conservado, sin referencia publica directa. WordPress regenera sus propios tamanos. El original se decide por separado."
media,asset:multimedia/imagenes/productos/eb655633186fffb63c4f777cf240d0335bd39d62.png,Uso documental no equivale a aprobación de propósito/identidad de medios.,R10_MEDIA_DERIVATIVE,CONFIRMED,SKIP,R-M02,LOW,,media-master.csv:multimedia/imagenes/productos/eb655633186fffb63c4f777cf240d0335bd39d62.png original_ids=413 usage=IMAGE_APPARENTLY_UNUSED|DERIVED,"Derivado generado por el CMS legacy a partir de un original conservado, sin referencia publica directa. WordPress regenera sus propios tamanos. El original se decide por separado."
media,asset:multimedia/imagenes/productos/ec7f161f21e026c393f39f6accc84ca8a571b04c.png,Uso documental no equivale a aprobación de propósito/identidad de medios.,R10_MEDIA_DERIVATIVE,CONFIRMED,SKIP,R-M02,LOW,,media-master.csv:multimedia/imagenes/productos/ec7f161f21e026c393f39f6accc84ca8a571b04c.png original_ids=393 usage=IMAGE_APPARENTLY_UNUSED|DERIVED,"Derivado generado por el CMS legacy a partir de un original conservado, sin referencia publica directa. WordPress regenera sus propios tamanos. El original se decide por separado."
media,asset:multimedia/imagenes/productos/eccdd5a4c019cb488108595c5cf38897f36d7fc7.jpg,Uso documental no equivale a aprobación de propósito/identidad de medios.,R10_MEDIA_DERIVATIVE,CONFIRMED,SKIP,R-M02,LOW,,media-master.csv:multimedia/imagenes/productos/eccdd5a4c019cb488108595c5cf38897f36d7fc7.jpg original_ids=760 usage=IMAGE_APPARENTLY_UNUSED|DERIVED,"Derivado generado por el CMS legacy a partir de un original conservado, sin referencia publica directa. WordPress regenera sus propios tamanos. El original se decide por separado."
media,asset:multimedia/imagenes/productos/ecd98bc955a0f0ef451f69f6ce464e3edcdf4dda.jpg,Uso documental no equivale a aprobación de propósito/identidad de medios.,R10_MEDIA_DERIVATIVE,CONFIRMED,SKIP,R-M02,LOW,,media-master.csv:multimedia/imagenes/productos/ecd98bc955a0f0ef451f69f6ce464e3edcdf4dda.jpg original_ids=717 usage=IMAGE_APPARENTLY_UNUSED|DERIVED,"Derivado generado por el CMS legacy a partir de un original conservado, sin referencia publica directa. WordPress regenera sus propios tamanos. El original se decide por separado."
media,asset:multimedia/imagenes/productos/ed63d21ccf2da2fdcf0ffdef6bb5a8138902ae22.jpg,Uso documental no equivale a aprobación de propósito/identidad de medios.,R10_MEDIA_DERIVATIVE,CONFIRMED,SKIP,R-M02,LOW,,media-master.csv:multimedia/imagenes/productos/ed63d21ccf2da2fdcf0ffdef6bb5a8138902ae22.jpg original_ids=1232|337 usage=IMAGE_APPARENTLY_UNUSED|DERIVED,"Derivado generado por el CMS legacy a partir de un original conservado, sin referencia publica directa. WordPress regenera sus propios tamanos. El original se decide por separado."
media,asset:multimedia/imagenes/productos/ee5b6d74c80aaba168a0dc672007661b8f2de72c.jpg,Uso documental no equivale a aprobación de propósito/identidad de medios.,R10_MEDIA_DERIVATIVE,CONFIRMED,SKIP,R-M02,LOW,,media-master.csv:multimedia/imagenes/productos/ee5b6d74c80aaba168a0dc672007661b8f2de72c.jpg original_ids=627 usage=IMAGE_APPARENTLY_UNUSED|DERIVED,"Derivado generado por el CMS legacy a partir de un original conservado, sin referencia publica directa. WordPress regenera sus propios tamanos. El original se decide por separado."
media,asset:multimedia/imagenes/productos/eeb79ca05b58fd631fb4b77d54b5be389d4813ca.jpg,Uso documental no equivale a aprobación de propósito/identidad de medios.,R10_MEDIA_DERIVATIVE,CONFIRMED,SKIP,R-M02,LOW,,media-master.csv:multimedia/imagenes/productos/eeb79ca05b58fd631fb4b77d54b5be389d4813ca.jpg original_ids=1020|361 usage=IMAGE_APPARENTLY_UNUSED|DERIVED,"Derivado generado por el CMS legacy a partir de un original conservado, sin referencia publica directa. WordPress regenera sus propios tamanos. El original se decide por separado."
media,asset:multimedia/imagenes/productos/eec8e99dd321286ef3000952229a7889b9c52f3f.jpg,Uso documental no equivale a aprobación de propósito/identidad de medios.,R10_MEDIA_DERIVATIVE,CONFIRMED,SKIP,R-M02,LOW,,media-master.csv:multimedia/imagenes/productos/eec8e99dd321286ef3000952229a7889b9c52f3f.jpg original_ids=463 usage=IMAGE_APPARENTLY_UNUSED|DERIVED,"Derivado generado por el CMS legacy a partir de un original conservado, sin referencia publica directa. WordPress regenera sus propios tamanos. El original se decide por separado."
media,asset:multimedia/imagenes/productos/eed0b9ef4d2d56caff43c695c707c98ca80267ce.png,Uso documental no equivale a aprobación de propósito/identidad de medios.,R10_MEDIA_DERIVATIVE,CONFIRMED,SKIP,R-M02,LOW,,media-master.csv:multimedia/imagenes/productos/eed0b9ef4d2d56caff43c695c707c98ca80267ce.png original_ids=1250 usage=IMAGE_APPARENTLY_UNUSED|DERIVED,"Derivado generado por el CMS legacy a partir de un original conservado, sin referencia publica directa. WordPress regenera sus propios tamanos. El original se decide por separado."
media,asset:multimedia/imagenes/productos/ef0963eb15946f07dd1d427c167dc48109d6e87a.jpg,Uso documental no equivale a aprobación de propósito/identidad de medios.,R10_MEDIA_DERIVATIVE,CONFIRMED,SKIP,R-M02,LOW,,media-master.csv:multimedia/imagenes/productos/ef0963eb15946f07dd1d427c167dc48109d6e87a.jpg original_ids=1|962|971|995 usage=IMAGE_APPARENTLY_UNUSED|DERIVED|EXACT_DUPLICATE_BYTES,"Derivado generado por el CMS legacy a partir de un original conservado, sin referencia publica directa. WordPress regenera sus propios tamanos. El original se decide por separado."
media,asset:multimedia/imagenes/productos/efabe058bba1b6f7db9aa905c1f147991869ff01.jpg,Uso documental no equivale a aprobación de propósito/identidad de medios.,R10_MEDIA_DERIVATIVE,CONFIRMED,SKIP,R-M02,LOW,,media-master.csv:multimedia/imagenes/productos/efabe058bba1b6f7db9aa905c1f147991869ff01.jpg original_ids=740 usage=IMAGE_APPARENTLY_UNUSED|DERIVED,"Derivado generado por el CMS legacy a partir de un original conservado, sin referencia publica directa. WordPress regenera sus propios tamanos. El original se decide por separado."
media,asset:multimedia/imagenes/productos/efcabb70e881cdabe7e2e5c2ca72e38aae007ec7.jpg,Uso documental no equivale a aprobación de propósito/identidad de medios.,R10_MEDIA_DERIVATIVE,CONFIRMED,SKIP,R-M02,LOW,,media-master.csv:multimedia/imagenes/productos/efcabb70e881cdabe7e2e5c2ca72e38aae007ec7.jpg original_ids=1327 usage=IMAGE_APPARENTLY_UNUSED|DERIVED,"Derivado generado por el CMS legacy a partir de un original conservado, sin referencia publica directa. WordPress regenera sus propios tamanos. El original se decide por separado."
media,asset:multimedia/imagenes/productos/f075098ac7aad4433b88699753cfdb55fbcf6d3f.png,Uso documental no equivale a aprobación de propósito/identidad de medios.,R10_MEDIA_DERIVATIVE,CONFIRMED,SKIP,R-M02,LOW,,media-master.csv:multimedia/imagenes/productos/f075098ac7aad4433b88699753cfdb55fbcf6d3f.png original_ids=1185|608|816 usage=IMAGE_APPARENTLY_UNUSED|DERIVED,"Derivado generado por el CMS legacy a partir de un original conservado, sin referencia publica directa. WordPress regenera sus propios tamanos. El original se decide por separado."
media,asset:multimedia/imagenes/productos/f0ae2486837817472e8528e028108dc2c87567e6.jpg,Uso documental no equivale a aprobación de propósito/identidad de medios.,R10_MEDIA_DERIVATIVE,CONFIRMED,SKIP,R-M02,LOW,,media-master.csv:multimedia/imagenes/productos/f0ae2486837817472e8528e028108dc2c87567e6.jpg original_ids=859 usage=IMAGE_APPARENTLY_UNUSED|DERIVED,"Derivado generado por el CMS legacy a partir de un original conservado, sin referencia publica directa. WordPress regenera sus propios tamanos. El original se decide por separado."
media,asset:multimedia/imagenes/productos/f0eb6b339324ccc55b54057c1452c54a24f17e38.jpg,Uso documental no equivale a aprobación de propósito/identidad de medios.,R10_MEDIA_DERIVATIVE,CONFIRMED,SKIP,R-M02,LOW,,media-master.csv:multimedia/imagenes/productos/f0eb6b339324ccc55b54057c1452c54a24f17e38.jpg original_ids=196|825 usage=IMAGE_APPARENTLY_UNUSED|DERIVED,"Derivado generado por el CMS legacy a partir de un original conservado, sin referencia publica directa. WordPress regenera sus propios tamanos. El original se decide por separado."
media,asset:multimedia/imagenes/productos/f14a440a3dd06e6f2c9eb33028efa68d17c042c6.png,Uso documental no equivale a aprobación de propósito/identidad de medios.,R10_MEDIA_DERIVATIVE,CONFIRMED,SKIP,R-M02,LOW,,media-master.csv:multimedia/imagenes/productos/f14a440a3dd06e6f2c9eb33028efa68d17c042c6.png original_ids=214|949 usage=IMAGE_APPARENTLY_UNUSED|DERIVED|EXACT_DUPLICATE_BYTES,"Derivado generado por el CMS legacy a partir de un original conservado, sin referencia publica directa. WordPress regenera sus propios tamanos. El original se decide por separado."
media,asset:multimedia/imagenes/productos/f24556f8035da8125933b90d83aabfe700c022a7.png,Uso documental no equivale a aprobación de propósito/identidad de medios.,R10_MEDIA_DERIVATIVE,CONFIRMED,SKIP,R-M02,LOW,,media-master.csv:multimedia/imagenes/productos/f24556f8035da8125933b90d83aabfe700c022a7.png original_ids=1194|374 usage=IMAGE_APPARENTLY_UNUSED|DERIVED,"Derivado generado por el CMS legacy a partir de un original conservado, sin referencia publica directa. WordPress regenera sus propios tamanos. El original se decide por separado."
media,asset:multimedia/imagenes/productos/f33cdc671282ed4ba8c5c02345a236cf73546e13.png,Uso documental no equivale a aprobación de propósito/identidad de medios.,R10_MEDIA_DERIVATIVE,CONFIRMED,SKIP,R-M02,LOW,,media-master.csv:multimedia/imagenes/productos/f33cdc671282ed4ba8c5c02345a236cf73546e13.png original_ids=1246 usage=IMAGE_APPARENTLY_UNUSED|DERIVED,"Derivado generado por el CMS legacy a partir de un original conservado, sin referencia publica directa. WordPress regenera sus propios tamanos. El original se decide por separado."
media,asset:multimedia/imagenes/productos/f3db8943fa6e28e903591340e43b828dd4b15e1f.jpg,Uso documental no equivale a aprobación de propósito/identidad de medios.,R10_MEDIA_DERIVATIVE,CONFIRMED,SKIP,R-M02,LOW,,media-master.csv:multimedia/imagenes/productos/f3db8943fa6e28e903591340e43b828dd4b15e1f.jpg original_ids=775 usage=IMAGE_APPARENTLY_UNUSED|DERIVED,"Derivado generado por el CMS legacy a partir de un original conservado, sin referencia publica directa. WordPress regenera sus propios tamanos. El original se decide por separado."
media,asset:multimedia/imagenes/productos/f40555a74cc4a1426eae149044fd6b3d70ee5278.jpg,Uso documental no equivale a aprobación de propósito/identidad de medios.,R10_MEDIA_DERIVATIVE,CONFIRMED,SKIP,R-M02,LOW,,media-master.csv:multimedia/imagenes/productos/f40555a74cc4a1426eae149044fd6b3d70ee5278.jpg original_ids=260|645 usage=IMAGE_APPARENTLY_UNUSED|DERIVED,"Derivado generado por el CMS legacy a partir de un original conservado, sin referencia publica directa. WordPress regenera sus propios tamanos. El original se decide por separado."
media,asset:multimedia/imagenes/productos/f45bbe7b78cbb5a8b7730e7b891c3f1f43342e0d.png,Uso documental no equivale a aprobación de propósito/identidad de medios.,R10_MEDIA_DERIVATIVE,CONFIRMED,SKIP,R-M02,LOW,,media-master.csv:multimedia/imagenes/productos/f45bbe7b78cbb5a8b7730e7b891c3f1f43342e0d.png original_ids=1218|617 usage=IMAGE_APPARENTLY_UNUSED|DERIVED,"Derivado generado por el CMS legacy a partir de un original conservado, sin referencia publica directa. WordPress regenera sus propios tamanos. El original se decide por separado."
media,asset:multimedia/imagenes/productos/f4ea3375f37b9d2767d11f6dcca792e4f78fddd9.png,Uso documental no equivale a aprobación de propósito/identidad de medios.,R10_MEDIA_DERIVATIVE,CONFIRMED,SKIP,R-M02,LOW,,media-master.csv:multimedia/imagenes/productos/f4ea3375f37b9d2767d11f6dcca792e4f78fddd9.png original_ids=218|953 usage=IMAGE_APPARENTLY_UNUSED|DERIVED,"Derivado generado por el CMS legacy a partir de un original conservado, sin referencia publica directa. WordPress regenera sus propios tamanos. El original se decide por separado."
media,asset:multimedia/imagenes/productos/f54a295aa25bc0b7622c619643cfde5b84d00f81.jpg,Uso documental no equivale a aprobación de propósito/identidad de medios.,R10_MEDIA_DERIVATIVE,CONFIRMED,SKIP,R-M02,LOW,,media-master.csv:multimedia/imagenes/productos/f54a295aa25bc0b7622c619643cfde5b84d00f81.jpg original_ids=830 usage=IMAGE_APPARENTLY_UNUSED|DERIVED,"Derivado generado por el CMS legacy a partir de un original conservado, sin referencia publica directa. WordPress regenera sus propios tamanos. El original se decide por separado."
media,asset:multimedia/imagenes/productos/f5df064859534f9e11965ec91850ded7b46a93f7.jpg,Uso documental no equivale a aprobación de propósito/identidad de medios.,R10_MEDIA_DERIVATIVE,CONFIRMED,SKIP,R-M02,LOW,,media-master.csv:multimedia/imagenes/productos/f5df064859534f9e11965ec91850ded7b46a93f7.jpg original_ids=941 usage=IMAGE_APPARENTLY_UNUSED|DERIVED,"Derivado generado por el CMS legacy a partir de un original conservado, sin referencia publica directa. WordPress regenera sus propios tamanos. El original se decide por separado."
media,asset:multimedia/imagenes/productos/f5f705c816755cd6c0764b2b15e6b0fa4686ab17.jpg,Uso documental no equivale a aprobación de propósito/identidad de medios.,R10_MEDIA_DERIVATIVE,CONFIRMED,SKIP,R-M02,LOW,,media-master.csv:multimedia/imagenes/productos/f5f705c816755cd6c0764b2b15e6b0fa4686ab17.jpg original_ids=1335 usage=IMAGE_APPARENTLY_UNUSED|DERIVED|EXACT_DUPLICATE_BYTES,"Derivado generado por el CMS legacy a partir de un original conservado, sin referencia publica directa. WordPress regenera sus propios tamanos. El original se decide por separado."
media,asset:multimedia/imagenes/productos/f62f5e05331c33d8d6ca84d6f7118f721f9f3c87.jpg,Uso documental no equivale a aprobación de propósito/identidad de medios.,R10_MEDIA_DERIVATIVE,CONFIRMED,SKIP,R-M02,LOW,,media-master.csv:multimedia/imagenes/productos/f62f5e05331c33d8d6ca84d6f7118f721f9f3c87.jpg original_ids=19 usage=IMAGE_APPARENTLY_UNUSED|DERIVED,"Derivado generado por el CMS legacy a partir de un original conservado, sin referencia publica directa. WordPress regenera sus propios tamanos. El original se decide por separado."
media,asset:multimedia/imagenes/productos/f6db35d3941c816f0cc0273af3380d6b041182e4.jpg,Uso documental no equivale a aprobación de propósito/identidad de medios.,R10_MEDIA_DERIVATIVE,CONFIRMED,SKIP,R-M02,LOW,,media-master.csv:multimedia/imagenes/productos/f6db35d3941c816f0cc0273af3380d6b041182e4.jpg original_ids=458 usage=IMAGE_APPARENTLY_UNUSED|DERIVED|EXACT_DUPLICATE_BYTES,"Derivado generado por el CMS legacy a partir de un original conservado, sin referencia publica directa. WordPress regenera sus propios tamanos. El original se decide por separado."
media,asset:multimedia/imagenes/productos/fa542d34fc223ed402b45634f41e5216af4810b8.jpg,Uso documental no equivale a aprobación de propósito/identidad de medios.,R10_MEDIA_DERIVATIVE,CONFIRMED,SKIP,R-M02,LOW,,media-master.csv:multimedia/imagenes/productos/fa542d34fc223ed402b45634f41e5216af4810b8.jpg original_ids=668 usage=IMAGE_APPARENTLY_UNUSED|DERIVED,"Derivado generado por el CMS legacy a partir de un original conservado, sin referencia publica directa. WordPress regenera sus propios tamanos. El original se decide por separado."
media,asset:multimedia/imagenes/productos/faebb819b20b879d0593de9cb9c0a3e1431bd912.jpg,Uso documental no equivale a aprobación de propósito/identidad de medios.,R10_MEDIA_DERIVATIVE,CONFIRMED,SKIP,R-M02,LOW,,media-master.csv:multimedia/imagenes/productos/faebb819b20b879d0593de9cb9c0a3e1431bd912.jpg original_ids=1299 usage=IMAGE_APPARENTLY_UNUSED|DERIVED,"Derivado generado por el CMS legacy a partir de un original conservado, sin referencia publica directa. WordPress regenera sus propios tamanos. El original se decide por separado."
media,asset:multimedia/imagenes/productos/fbce840f50903863f6c5e053242d383d3220fcc8.png,Uso documental no equivale a aprobación de propósito/identidad de medios.,R10_MEDIA_DERIVATIVE,CONFIRMED,SKIP,R-M02,LOW,,media-master.csv:multimedia/imagenes/productos/fbce840f50903863f6c5e053242d383d3220fcc8.png original_ids=413 usage=IMAGE_APPARENTLY_UNUSED|DERIVED,"Derivado generado por el CMS legacy a partir de un original conservado, sin referencia publica directa. WordPress regenera sus propios tamanos. El original se decide por separado."
media,asset:multimedia/imagenes/productos/fca52262ded4090d045d40255d283fe0606067b7.png,Uso documental no equivale a aprobación de propósito/identidad de medios.,R10_MEDIA_DERIVATIVE,CONFIRMED,SKIP,R-M02,LOW,,media-master.csv:multimedia/imagenes/productos/fca52262ded4090d045d40255d283fe0606067b7.png original_ids=1218|617 usage=IMAGE_APPARENTLY_UNUSED|DERIVED|EXACT_DUPLICATE_BYTES,"Derivado generado por el CMS legacy a partir de un original conservado, sin referencia publica directa. WordPress regenera sus propios tamanos. El original se decide por separado."
media,asset:multimedia/imagenes/productos/fdc93d31d8cb1564469693d53c78271fcccc2e46.png,Uso documental no equivale a aprobación de propósito/identidad de medios.,R10_MEDIA_DERIVATIVE,CONFIRMED,SKIP,R-M02,LOW,,media-master.csv:multimedia/imagenes/productos/fdc93d31d8cb1564469693d53c78271fcccc2e46.png original_ids=1114 usage=IMAGE_APPARENTLY_UNUSED|DERIVED,"Derivado generado por el CMS legacy a partir de un original conservado, sin referencia publica directa. WordPress regenera sus propios tamanos. El original se decide por separado."
media,asset:multimedia/imagenes/productos/fed2b25952382e074a43550b9198c38e94727dea.png,Uso documental no equivale a aprobación de propósito/identidad de medios.,R10_MEDIA_DERIVATIVE,CONFIRMED,SKIP,R-M02,LOW,,media-master.csv:multimedia/imagenes/productos/fed2b25952382e074a43550b9198c38e94727dea.png original_ids=423 usage=IMAGE_APPARENTLY_UNUSED|DERIVED,"Derivado generado por el CMS legacy a partir de un original conservado, sin referencia publica directa. WordPress regenera sus propios tamanos. El original se decide por separado."
media,asset:multimedia/imagenes/productos/ffbe83b398276a9f3dd5a1148082b81070a2a458.jpg,Uso documental no equivale a aprobación de propósito/identidad de medios.,R10_MEDIA_DERIVATIVE,CONFIRMED,SKIP,R-M02,LOW,,media-master.csv:multimedia/imagenes/productos/ffbe83b398276a9f3dd5a1148082b81070a2a458.jpg original_ids=201|663 usage=IMAGE_APPARENTLY_UNUSED|DERIVED|EXACT_DUPLICATE_BYTES,"Derivado generado por el CMS legacy a partir de un original conservado, sin referencia publica directa. WordPress regenera sus propios tamanos. El original se decide por separado."
media,asset:system/backoffice/calendar/skins/aqua/active-bg.gif,Uso documental no equivale a aprobación de propósito/identidad de medios.,R11_MEDIA_INFRASTRUCTURE,CONFIRMED,SKIP,R-M03,LOW,,media-master.csv:system/backoffice/calendar/skins/aqua/active-bg.gif bucket=system/backoffice,Asset de interfaz del CMS legacy o fuente de iconos del frontend: no es media editorial. El tema nuevo aporta sus propios assets. SKIP no borra el archivo legacy.
media,asset:system/backoffice/calendar/skins/aqua/dark-bg.gif,Uso documental no equivale a aprobación de propósito/identidad de medios.,R11_MEDIA_INFRASTRUCTURE,CONFIRMED,SKIP,R-M03,LOW,,media-master.csv:system/backoffice/calendar/skins/aqua/dark-bg.gif bucket=system/backoffice,Asset de interfaz del CMS legacy o fuente de iconos del frontend: no es media editorial. El tema nuevo aporta sus propios assets. SKIP no borra el archivo legacy.
media,asset:system/backoffice/calendar/skins/aqua/hover-bg.gif,Uso documental no equivale a aprobación de propósito/identidad de medios.,R11_MEDIA_INFRASTRUCTURE,CONFIRMED,SKIP,R-M03,LOW,,media-master.csv:system/backoffice/calendar/skins/aqua/hover-bg.gif bucket=system/backoffice,Asset de interfaz del CMS legacy o fuente de iconos del frontend: no es media editorial. El tema nuevo aporta sus propios assets. SKIP no borra el archivo legacy.
media,asset:system/backoffice/calendar/skins/aqua/menuarrow.gif,Uso documental no equivale a aprobación de propósito/identidad de medios.,R11_MEDIA_INFRASTRUCTURE,CONFIRMED,SKIP,R-M03,LOW,,media-master.csv:system/backoffice/calendar/skins/aqua/menuarrow.gif bucket=system/backoffice,Asset de interfaz del CMS legacy o fuente de iconos del frontend: no es media editorial. El tema nuevo aporta sus propios assets. SKIP no borra el archivo legacy.
media,asset:system/backoffice/calendar/skins/aqua/normal-bg.gif,Uso documental no equivale a aprobación de propósito/identidad de medios.,R11_MEDIA_INFRASTRUCTURE,CONFIRMED,SKIP,R-M03,LOW,,media-master.csv:system/backoffice/calendar/skins/aqua/normal-bg.gif bucket=system/backoffice,Asset de interfaz del CMS legacy o fuente de iconos del frontend: no es media editorial. El tema nuevo aporta sus propios assets. SKIP no borra el archivo legacy.
media,asset:system/backoffice/calendar/skins/aqua/rowhover-bg.gif,Uso documental no equivale a aprobación de propósito/identidad de medios.,R11_MEDIA_INFRASTRUCTURE,CONFIRMED,SKIP,R-M03,LOW,,media-master.csv:system/backoffice/calendar/skins/aqua/rowhover-bg.gif bucket=system/backoffice,Asset de interfaz del CMS legacy o fuente de iconos del frontend: no es media editorial. El tema nuevo aporta sus propios assets. SKIP no borra el archivo legacy.
media,asset:system/backoffice/calendar/skins/aqua/status-bg.gif,Uso documental no equivale a aprobación de propósito/identidad de medios.,R11_MEDIA_INFRASTRUCTURE,CONFIRMED,SKIP,R-M03,LOW,,media-master.csv:system/backoffice/calendar/skins/aqua/status-bg.gif bucket=system/backoffice,Asset de interfaz del CMS legacy o fuente de iconos del frontend: no es media editorial. El tema nuevo aporta sus propios assets. SKIP no borra el archivo legacy.
media,asset:system/backoffice/calendar/skins/aqua/title-bg.gif,Uso documental no equivale a aprobación de propósito/identidad de medios.,R11_MEDIA_INFRASTRUCTURE,CONFIRMED,SKIP,R-M03,LOW,,media-master.csv:system/backoffice/calendar/skins/aqua/title-bg.gif bucket=system/backoffice,Asset de interfaz del CMS legacy o fuente de iconos del frontend: no es media editorial. El tema nuevo aporta sus propios assets. SKIP no borra el archivo legacy.
media,asset:system/backoffice/calendar/skins/aqua/today-bg.gif,Uso documental no equivale a aprobación de propósito/identidad de medios.,R11_MEDIA_INFRASTRUCTURE,CONFIRMED,SKIP,R-M03,LOW,,media-master.csv:system/backoffice/calendar/skins/aqua/today-bg.gif bucket=system/backoffice,Asset de interfaz del CMS legacy o fuente de iconos del frontend: no es media editorial. El tema nuevo aporta sus propios assets. SKIP no borra el archivo legacy.
media,asset:system/backoffice/css/exclamation.png,Uso documental no equivale a aprobación de propósito/identidad de medios.,R11_MEDIA_INFRASTRUCTURE,CONFIRMED,SKIP,R-M03,LOW,,media-master.csv:system/backoffice/css/exclamation.png bucket=system/backoffice,Asset de interfaz del CMS legacy o fuente de iconos del frontend: no es media editorial. El tema nuevo aporta sus propios assets. SKIP no borra el archivo legacy.
media,asset:system/backoffice/css/icon-ok.gif,Uso documental no equivale a aprobación de propósito/identidad de medios.,R11_MEDIA_INFRASTRUCTURE,CONFIRMED,SKIP,R-M03,LOW,,media-master.csv:system/backoffice/css/icon-ok.gif bucket=system/backoffice,Asset de interfaz del CMS legacy o fuente de iconos del frontend: no es media editorial. El tema nuevo aporta sus propios assets. SKIP no borra el archivo legacy.
media,asset:system/backoffice/img/application_cascade.png,Uso documental no equivale a aprobación de propósito/identidad de medios.,R11_MEDIA_INFRASTRUCTURE,CONFIRMED,SKIP,R-M03,LOW,,media-master.csv:system/backoffice/img/application_cascade.png bucket=system/backoffice,Asset de interfaz del CMS legacy o fuente de iconos del frontend: no es media editorial. El tema nuevo aporta sus propios assets. SKIP no borra el archivo legacy.
media,asset:system/backoffice/img/apply.png,Uso documental no equivale a aprobación de propósito/identidad de medios.,R11_MEDIA_INFRASTRUCTURE,CONFIRMED,SKIP,R-M03,LOW,,media-master.csv:system/backoffice/img/apply.png bucket=system/backoffice,Asset de interfaz del CMS legacy o fuente de iconos del frontend: no es media editorial. El tema nuevo aporta sus propios assets. SKIP no borra el archivo legacy.
media,asset:system/backoffice/img/arrow_in.png,Uso documental no equivale a aprobación de propósito/identidad de medios.,R11_MEDIA_INFRASTRUCTURE,CONFIRMED,SKIP,R-M03,LOW,,media-master.csv:system/backoffice/img/arrow_in.png bucket=system/backoffice,Asset de interfaz del CMS legacy o fuente de iconos del frontend: no es media editorial. El tema nuevo aporta sus propios assets. SKIP no borra el archivo legacy.
media,asset:system/backoffice/img/arrow_out.png,Uso documental no equivale a aprobación de propósito/identidad de medios.,R11_MEDIA_INFRASTRUCTURE,CONFIRMED,SKIP,R-M03,LOW,,media-master.csv:system/backoffice/img/arrow_out.png bucket=system/backoffice,Asset de interfaz del CMS legacy o fuente de iconos del frontend: no es media editorial. El tema nuevo aporta sus propios assets. SKIP no borra el archivo legacy.
media,asset:system/backoffice/img/banner-bo.png,Uso documental no equivale a aprobación de propósito/identidad de medios.,R11_MEDIA_INFRASTRUCTURE,CONFIRMED,SKIP,R-M03,LOW,,media-master.csv:system/backoffice/img/banner-bo.png bucket=system/backoffice,Asset de interfaz del CMS legacy o fuente de iconos del frontend: no es media editorial. El tema nuevo aporta sus propios assets. SKIP no borra el archivo legacy.
media,asset:system/backoffice/img/bullet_arrow_down.png,Uso documental no equivale a aprobación de propósito/identidad de medios.,R11_MEDIA_INFRASTRUCTURE,CONFIRMED,SKIP,R-M03,LOW,,media-master.csv:system/backoffice/img/bullet_arrow_down.png bucket=system/backoffice,Asset de interfaz del CMS legacy o fuente de iconos del frontend: no es media editorial. El tema nuevo aporta sus propios assets. SKIP no borra el archivo legacy.
media,asset:system/backoffice/img/bullet_arrow_up.png,Uso documental no equivale a aprobación de propósito/identidad de medios.,R11_MEDIA_INFRASTRUCTURE,CONFIRMED,SKIP,R-M03,LOW,,media-master.csv:system/backoffice/img/bullet_arrow_up.png bucket=system/backoffice,Asset de interfaz del CMS legacy o fuente de iconos del frontend: no es media editorial. El tema nuevo aporta sus propios assets. SKIP no borra el archivo legacy.
media,asset:system/backoffice/img/cal.gif,Uso documental no equivale a aprobación de propósito/identidad de medios.,R11_MEDIA_INFRASTRUCTURE,CONFIRMED,SKIP,R-M03,LOW,,media-master.csv:system/backoffice/img/cal.gif bucket=system/backoffice,Asset de interfaz del CMS legacy o fuente de iconos del frontend: no es media editorial. El tema nuevo aporta sus propios assets. SKIP no borra el archivo legacy.
media,asset:system/backoffice/img/calendar.png,Uso documental no equivale a aprobación de propósito/identidad de medios.,R11_MEDIA_INFRASTRUCTURE,CONFIRMED,SKIP,R-M03,LOW,,media-master.csv:system/backoffice/img/calendar.png bucket=system/backoffice,Asset de interfaz del CMS legacy o fuente de iconos del frontend: no es media editorial. El tema nuevo aporta sus propios assets. SKIP no borra el archivo legacy.
media,asset:system/backoffice/img/camera.png,Uso documental no equivale a aprobación de propósito/identidad de medios.,R11_MEDIA_INFRASTRUCTURE,CONFIRMED,SKIP,R-M03,LOW,,media-master.csv:system/backoffice/img/camera.png bucket=system/backoffice,Asset de interfaz del CMS legacy o fuente de iconos del frontend: no es media editorial. El tema nuevo aporta sus propios assets. SKIP no borra el archivo legacy.
media,asset:system/backoffice/img/chart_organisation.png,Uso documental no equivale a aprobación de propósito/identidad de medios.,R11_MEDIA_INFRASTRUCTURE,CONFIRMED,SKIP,R-M03,LOW,,media-master.csv:system/backoffice/img/chart_organisation.png bucket=system/backoffice,Asset de interfaz del CMS legacy o fuente de iconos del frontend: no es media editorial. El tema nuevo aporta sus propios assets. SKIP no borra el archivo legacy.
media,asset:system/backoffice/img/col.png,Uso documental no equivale a aprobación de propósito/identidad de medios.,R11_MEDIA_INFRASTRUCTURE,CONFIRMED,SKIP,R-M03,LOW,,media-master.csv:system/backoffice/img/col.png bucket=system/backoffice,Asset de interfaz del CMS legacy o fuente de iconos del frontend: no es media editorial. El tema nuevo aporta sus propios assets. SKIP no borra el archivo legacy.
media,asset:system/backoffice/img/color.png,Uso documental no equivale a aprobación de propósito/identidad de medios.,R11_MEDIA_INFRASTRUCTURE,CONFIRMED,SKIP,R-M03,LOW,,media-master.csv:system/backoffice/img/color.png bucket=system/backoffice,Asset de interfaz del CMS legacy o fuente de iconos del frontend: no es media editorial. El tema nuevo aporta sus propios assets. SKIP no borra el archivo legacy.
media,asset:system/backoffice/img/delete.png,Uso documental no equivale a aprobación de propósito/identidad de medios.,R11_MEDIA_INFRASTRUCTURE,CONFIRMED,SKIP,R-M03,LOW,,media-master.csv:system/backoffice/img/delete.png bucket=system/backoffice,Asset de interfaz del CMS legacy o fuente de iconos del frontend: no es media editorial. El tema nuevo aporta sus propios assets. SKIP no borra el archivo legacy.
media,asset:system/backoffice/img/error.png,Uso documental no equivale a aprobación de propósito/identidad de medios.,R11_MEDIA_INFRASTRUCTURE,CONFIRMED,SKIP,R-M03,LOW,,media-master.csv:system/backoffice/img/error.png bucket=system/backoffice,Asset de interfaz del CMS legacy o fuente de iconos del frontend: no es media editorial. El tema nuevo aporta sus propios assets. SKIP no borra el archivo legacy.
media,asset:system/backoffice/img/excel.png,Uso documental no equivale a aprobación de propósito/identidad de medios.,R11_MEDIA_INFRASTRUCTURE,CONFIRMED,SKIP,R-M03,LOW,,media-master.csv:system/backoffice/img/excel.png bucket=system/backoffice,Asset de interfaz del CMS legacy o fuente de iconos del frontend: no es media editorial. El tema nuevo aporta sus propios assets. SKIP no borra el archivo legacy.
media,asset:system/backoffice/img/group.png,Uso documental no equivale a aprobación de propósito/identidad de medios.,R11_MEDIA_INFRASTRUCTURE,CONFIRMED,SKIP,R-M03,LOW,,media-master.csv:system/backoffice/img/group.png bucket=system/backoffice,Asset de interfaz del CMS legacy o fuente de iconos del frontend: no es media editorial. El tema nuevo aporta sus propios assets. SKIP no borra el archivo legacy.
media,asset:system/backoffice/img/house.png,Uso documental no equivale a aprobación de propósito/identidad de medios.,R11_MEDIA_INFRASTRUCTURE,CONFIRMED,SKIP,R-M03,LOW,,media-master.csv:system/backoffice/img/house.png bucket=system/backoffice,Asset de interfaz del CMS legacy o fuente de iconos del frontend: no es media editorial. El tema nuevo aporta sus propios assets. SKIP no borra el archivo legacy.
media,asset:system/backoffice/img/logo-backoffice-mobile.jpg,Uso documental no equivale a aprobación de propósito/identidad de medios.,R11_MEDIA_INFRASTRUCTURE,CONFIRMED,SKIP,R-M03,LOW,,media-master.csv:system/backoffice/img/logo-backoffice-mobile.jpg bucket=system/backoffice,Asset de interfaz del CMS legacy o fuente de iconos del frontend: no es media editorial. El tema nuevo aporta sus propios assets. SKIP no borra el archivo legacy.
media,asset:system/backoffice/img/logo-backoffice.jpg,Uso documental no equivale a aprobación de propósito/identidad de medios.,R11_MEDIA_INFRASTRUCTURE,CONFIRMED,SKIP,R-M03,LOW,,media-master.csv:system/backoffice/img/logo-backoffice.jpg bucket=system/backoffice,Asset de interfaz del CMS legacy o fuente de iconos del frontend: no es media editorial. El tema nuevo aporta sus propios assets. SKIP no borra el archivo legacy.
media,asset:system/backoffice/img/logo_login.png,Uso documental no equivale a aprobación de propósito/identidad de medios.,R11_MEDIA_INFRASTRUCTURE,CONFIRMED,SKIP,R-M03,LOW,,media-master.csv:system/backoffice/img/logo_login.png bucket=system/backoffice,Asset de interfaz del CMS legacy o fuente de iconos del frontend: no es media editorial. El tema nuevo aporta sus propios assets. SKIP no borra el archivo legacy.
media,asset:system/backoffice/img/pleca.jpg,Uso documental no equivale a aprobación de propósito/identidad de medios.,R11_MEDIA_INFRASTRUCTURE,CONFIRMED,SKIP,R-M03,LOW,,media-master.csv:system/backoffice/img/pleca.jpg bucket=system/backoffice,Asset de interfaz del CMS legacy o fuente de iconos del frontend: no es media editorial. El tema nuevo aporta sus propios assets. SKIP no borra el archivo legacy.
media,asset:system/backoffice/img/resultset_first.dis.png,Uso documental no equivale a aprobación de propósito/identidad de medios.,R11_MEDIA_INFRASTRUCTURE,CONFIRMED,SKIP,R-M03,LOW,,media-master.csv:system/backoffice/img/resultset_first.dis.png bucket=system/backoffice,Asset de interfaz del CMS legacy o fuente de iconos del frontend: no es media editorial. El tema nuevo aporta sus propios assets. SKIP no borra el archivo legacy.
media,asset:system/backoffice/img/resultset_first.png,Uso documental no equivale a aprobación de propósito/identidad de medios.,R11_MEDIA_INFRASTRUCTURE,CONFIRMED,SKIP,R-M03,LOW,,media-master.csv:system/backoffice/img/resultset_first.png bucket=system/backoffice,Asset de interfaz del CMS legacy o fuente de iconos del frontend: no es media editorial. El tema nuevo aporta sus propios assets. SKIP no borra el archivo legacy.
media,asset:system/backoffice/img/resultset_last.dis.png,Uso documental no equivale a aprobación de propósito/identidad de medios.,R11_MEDIA_INFRASTRUCTURE,CONFIRMED,SKIP,R-M03,LOW,,media-master.csv:system/backoffice/img/resultset_last.dis.png bucket=system/backoffice,Asset de interfaz del CMS legacy o fuente de iconos del frontend: no es media editorial. El tema nuevo aporta sus propios assets. SKIP no borra el archivo legacy.
media,asset:system/backoffice/img/resultset_last.png,Uso documental no equivale a aprobación de propósito/identidad de medios.,R11_MEDIA_INFRASTRUCTURE,CONFIRMED,SKIP,R-M03,LOW,,media-master.csv:system/backoffice/img/resultset_last.png bucket=system/backoffice,Asset de interfaz del CMS legacy o fuente de iconos del frontend: no es media editorial. El tema nuevo aporta sus propios assets. SKIP no borra el archivo legacy.
media,asset:system/backoffice/img/resultset_next.dis.png,Uso documental no equivale a aprobación de propósito/identidad de medios.,R11_MEDIA_INFRASTRUCTURE,CONFIRMED,SKIP,R-M03,LOW,,media-master.csv:system/backoffice/img/resultset_next.dis.png bucket=system/backoffice,Asset de interfaz del CMS legacy o fuente de iconos del frontend: no es media editorial. El tema nuevo aporta sus propios assets. SKIP no borra el archivo legacy.
media,asset:system/backoffice/img/resultset_next.png,Uso documental no equivale a aprobación de propósito/identidad de medios.,R11_MEDIA_INFRASTRUCTURE,CONFIRMED,SKIP,R-M03,LOW,,media-master.csv:system/backoffice/img/resultset_next.png bucket=system/backoffice,Asset de interfaz del CMS legacy o fuente de iconos del frontend: no es media editorial. El tema nuevo aporta sus propios assets. SKIP no borra el archivo legacy.
media,asset:system/backoffice/img/resultset_previous.dis.png,Uso documental no equivale a aprobación de propósito/identidad de medios.,R11_MEDIA_INFRASTRUCTURE,CONFIRMED,SKIP,R-M03,LOW,,media-master.csv:system/backoffice/img/resultset_previous.dis.png bucket=system/backoffice,Asset de interfaz del CMS legacy o fuente de iconos del frontend: no es media editorial. El tema nuevo aporta sus propios assets. SKIP no borra el archivo legacy.
media,asset:system/backoffice/img/resultset_previous.png,Uso documental no equivale a aprobación de propósito/identidad de medios.,R11_MEDIA_INFRASTRUCTURE,CONFIRMED,SKIP,R-M03,LOW,,media-master.csv:system/backoffice/img/resultset_previous.png bucket=system/backoffice,Asset de interfaz del CMS legacy o fuente de iconos del frontend: no es media editorial. El tema nuevo aporta sus propios assets. SKIP no borra el archivo legacy.
media,asset:system/backoffice/img/rewind.png,Uso documental no equivale a aprobación de propósito/identidad de medios.,R11_MEDIA_INFRASTRUCTURE,CONFIRMED,SKIP,R-M03,LOW,,media-master.csv:system/backoffice/img/rewind.png bucket=system/backoffice,Asset de interfaz del CMS legacy o fuente de iconos del frontend: no es media editorial. El tema nuevo aporta sus propios assets. SKIP no borra el archivo legacy.
media,asset:system/backoffice/img/search.png,Uso documental no equivale a aprobación de propósito/identidad de medios.,R11_MEDIA_INFRASTRUCTURE,CONFIRMED,SKIP,R-M03,LOW,,media-master.csv:system/backoffice/img/search.png bucket=system/backoffice,Asset de interfaz del CMS legacy o fuente de iconos del frontend: no es media editorial. El tema nuevo aporta sus propios assets. SKIP no borra el archivo legacy.
media,asset:system/backoffice/img/search2_small.png,Uso documental no equivale a aprobación de propósito/identidad de medios.,R11_MEDIA_INFRASTRUCTURE,CONFIRMED,SKIP,R-M03,LOW,,media-master.csv:system/backoffice/img/search2_small.png bucket=system/backoffice,Asset de interfaz del CMS legacy o fuente de iconos del frontend: no es media editorial. El tema nuevo aporta sus propios assets. SKIP no borra el archivo legacy.
media,asset:system/backoffice/img/spacer.png,Uso documental no equivale a aprobación de propósito/identidad de medios.,R11_MEDIA_INFRASTRUCTURE,CONFIRMED,SKIP,R-M03,LOW,,media-master.csv:system/backoffice/img/spacer.png bucket=system/backoffice,Asset de interfaz del CMS legacy o fuente de iconos del frontend: no es media editorial. El tema nuevo aporta sus propios assets. SKIP no borra el archivo legacy.
media,asset:system/backoffice/img/star-gold.png,Uso documental no equivale a aprobación de propósito/identidad de medios.,R11_MEDIA_INFRASTRUCTURE,CONFIRMED,SKIP,R-M03,LOW,,media-master.csv:system/backoffice/img/star-gold.png bucket=system/backoffice,Asset de interfaz del CMS legacy o fuente de iconos del frontend: no es media editorial. El tema nuevo aporta sus propios assets. SKIP no borra el archivo legacy.
media,asset:system/backoffice/img/star-silver.png,Uso documental no equivale a aprobación de propósito/identidad de medios.,R11_MEDIA_INFRASTRUCTURE,CONFIRMED,SKIP,R-M03,LOW,,media-master.csv:system/backoffice/img/star-silver.png bucket=system/backoffice,Asset de interfaz del CMS legacy o fuente de iconos del frontend: no es media editorial. El tema nuevo aporta sus propios assets. SKIP no borra el archivo legacy.
media,asset:system/backoffice/img/telephone_key.png,Uso documental no equivale a aprobación de propósito/identidad de medios.,R11_MEDIA_INFRASTRUCTURE,CONFIRMED,SKIP,R-M03,LOW,,media-master.csv:system/backoffice/img/telephone_key.png bucket=system/backoffice,Asset de interfaz del CMS legacy o fuente de iconos del frontend: no es media editorial. El tema nuevo aporta sus propios assets. SKIP no borra el archivo legacy.
media,asset:system/backoffice/img/user.png,Uso documental no equivale a aprobación de propósito/identidad de medios.,R11_MEDIA_INFRASTRUCTURE,CONFIRMED,SKIP,R-M03,LOW,,media-master.csv:system/backoffice/img/user.png bucket=system/backoffice,Asset de interfaz del CMS legacy o fuente de iconos del frontend: no es media editorial. El tema nuevo aporta sus propios assets. SKIP no borra el archivo legacy.
media,asset:system/backoffice/img/vote_against.png,Uso documental no equivale a aprobación de propósito/identidad de medios.,R11_MEDIA_INFRASTRUCTURE,CONFIRMED,SKIP,R-M03,LOW,,media-master.csv:system/backoffice/img/vote_against.png bucket=system/backoffice,Asset de interfaz del CMS legacy o fuente de iconos del frontend: no es media editorial. El tema nuevo aporta sus propios assets. SKIP no borra el archivo legacy.
media,asset:system/backoffice/img/vote_for.png,Uso documental no equivale a aprobación de propósito/identidad de medios.,R11_MEDIA_INFRASTRUCTURE,CONFIRMED,SKIP,R-M03,LOW,,media-master.csv:system/backoffice/img/vote_for.png bucket=system/backoffice,Asset de interfaz del CMS legacy o fuente de iconos del frontend: no es media editorial. El tema nuevo aporta sus propios assets. SKIP no borra el archivo legacy.
media,asset:system/backoffice/img/wand.png,Uso documental no equivale a aprobación de propósito/identidad de medios.,R11_MEDIA_INFRASTRUCTURE,CONFIRMED,SKIP,R-M03,LOW,,media-master.csv:system/backoffice/img/wand.png bucket=system/backoffice,Asset de interfaz del CMS legacy o fuente de iconos del frontend: no es media editorial. El tema nuevo aporta sus propios assets. SKIP no borra el archivo legacy.
media,asset:system/backoffice/img/world.png,Uso documental no equivale a aprobación de propósito/identidad de medios.,R11_MEDIA_INFRASTRUCTURE,CONFIRMED,SKIP,R-M03,LOW,,media-master.csv:system/backoffice/img/world.png bucket=system/backoffice,Asset de interfaz del CMS legacy o fuente de iconos del frontend: no es media editorial. El tema nuevo aporta sus propios assets. SKIP no borra el archivo legacy.
media,asset:system/backoffice/img/write.png,Uso documental no equivale a aprobación de propósito/identidad de medios.,R11_MEDIA_INFRASTRUCTURE,CONFIRMED,SKIP,R-M03,LOW,,media-master.csv:system/backoffice/img/write.png bucket=system/backoffice,Asset de interfaz del CMS legacy o fuente de iconos del frontend: no es media editorial. El tema nuevo aporta sus propios assets. SKIP no borra el archivo legacy.
media,asset:system/backoffice/includes/bootstrap/fonts/glyphicons-halflings-regular.eot,Uso documental no equivale a aprobación de propósito/identidad de medios.,R11_MEDIA_INFRASTRUCTURE,CONFIRMED,SKIP,R-M03,LOW,,media-master.csv:system/backoffice/includes/bootstrap/fonts/glyphicons-halflings-regular.eot bucket=system/backoffice,Asset de interfaz del CMS legacy o fuente de iconos del frontend: no es media editorial. El tema nuevo aporta sus propios assets. SKIP no borra el archivo legacy.
media,asset:system/backoffice/includes/bootstrap/fonts/glyphicons-halflings-regular.svg,Uso documental no equivale a aprobación de propósito/identidad de medios.,R11_MEDIA_INFRASTRUCTURE,CONFIRMED,SKIP,R-M03,LOW,,media-master.csv:system/backoffice/includes/bootstrap/fonts/glyphicons-halflings-regular.svg bucket=system/backoffice,Asset de interfaz del CMS legacy o fuente de iconos del frontend: no es media editorial. El tema nuevo aporta sus propios assets. SKIP no borra el archivo legacy.
media,asset:system/backoffice/includes/bootstrap/fonts/glyphicons-halflings-regular.ttf,Uso documental no equivale a aprobación de propósito/identidad de medios.,R11_MEDIA_INFRASTRUCTURE,CONFIRMED,SKIP,R-M03,LOW,,media-master.csv:system/backoffice/includes/bootstrap/fonts/glyphicons-halflings-regular.ttf bucket=system/backoffice,Asset de interfaz del CMS legacy o fuente de iconos del frontend: no es media editorial. El tema nuevo aporta sus propios assets. SKIP no borra el archivo legacy.
media,asset:system/backoffice/includes/bootstrap/fonts/glyphicons-halflings-regular.woff,Uso documental no equivale a aprobación de propósito/identidad de medios.,R11_MEDIA_INFRASTRUCTURE,CONFIRMED,SKIP,R-M03,LOW,,media-master.csv:system/backoffice/includes/bootstrap/fonts/glyphicons-halflings-regular.woff bucket=system/backoffice,Asset de interfaz del CMS legacy o fuente de iconos del frontend: no es media editorial. El tema nuevo aporta sus propios assets. SKIP no borra el archivo legacy.
media,asset:system/backoffice/includes/bootstrap/fonts/glyphicons-halflings-regular.woff2,Uso documental no equivale a aprobación de propósito/identidad de medios.,R11_MEDIA_INFRASTRUCTURE,CONFIRMED,SKIP,R-M03,LOW,,media-master.csv:system/backoffice/includes/bootstrap/fonts/glyphicons-halflings-regular.woff2 bucket=system/backoffice,Asset de interfaz del CMS legacy o fuente de iconos del frontend: no es media editorial. El tema nuevo aporta sus propios assets. SKIP no borra el archivo legacy.
media,asset:system/backoffice/includes/dist/img/avatar.png,Uso documental no equivale a aprobación de propósito/identidad de medios.,R11_MEDIA_INFRASTRUCTURE,CONFIRMED,SKIP,R-M03,LOW,,media-master.csv:system/backoffice/includes/dist/img/avatar.png bucket=system/backoffice,Asset de interfaz del CMS legacy o fuente de iconos del frontend: no es media editorial. El tema nuevo aporta sus propios assets. SKIP no borra el archivo legacy.
media,asset:system/backoffice/includes/dist/img/avatar04.png,Uso documental no equivale a aprobación de propósito/identidad de medios.,R11_MEDIA_INFRASTRUCTURE,CONFIRMED,SKIP,R-M03,LOW,,media-master.csv:system/backoffice/includes/dist/img/avatar04.png bucket=system/backoffice,Asset de interfaz del CMS legacy o fuente de iconos del frontend: no es media editorial. El tema nuevo aporta sus propios assets. SKIP no borra el archivo legacy.
media,asset:system/backoffice/includes/dist/img/avatar2.png,Uso documental no equivale a aprobación de propósito/identidad de medios.,R11_MEDIA_INFRASTRUCTURE,CONFIRMED,SKIP,R-M03,LOW,,media-master.csv:system/backoffice/includes/dist/img/avatar2.png bucket=system/backoffice,Asset de interfaz del CMS legacy o fuente de iconos del frontend: no es media editorial. El tema nuevo aporta sus propios assets. SKIP no borra el archivo legacy.
media,asset:system/backoffice/includes/dist/img/avatar3.png,Uso documental no equivale a aprobación de propósito/identidad de medios.,R11_MEDIA_INFRASTRUCTURE,CONFIRMED,SKIP,R-M03,LOW,,media-master.csv:system/backoffice/includes/dist/img/avatar3.png bucket=system/backoffice,Asset de interfaz del CMS legacy o fuente de iconos del frontend: no es media editorial. El tema nuevo aporta sus propios assets. SKIP no borra el archivo legacy.
media,asset:system/backoffice/includes/dist/img/avatar5.png,Uso documental no equivale a aprobación de propósito/identidad de medios.,R11_MEDIA_INFRASTRUCTURE,CONFIRMED,SKIP,R-M03,LOW,,media-master.csv:system/backoffice/includes/dist/img/avatar5.png bucket=system/backoffice,Asset de interfaz del CMS legacy o fuente de iconos del frontend: no es media editorial. El tema nuevo aporta sus propios assets. SKIP no borra el archivo legacy.
media,asset:system/backoffice/includes/dist/img/boxed-bg.jpg,Uso documental no equivale a aprobación de propósito/identidad de medios.,R11_MEDIA_INFRASTRUCTURE,CONFIRMED,SKIP,R-M03,LOW,,media-master.csv:system/backoffice/includes/dist/img/boxed-bg.jpg bucket=system/backoffice,Asset de interfaz del CMS legacy o fuente de iconos del frontend: no es media editorial. El tema nuevo aporta sus propios assets. SKIP no borra el archivo legacy.
media,asset:system/backoffice/includes/dist/img/boxed-bg.png,Uso documental no equivale a aprobación de propósito/identidad de medios.,R11_MEDIA_INFRASTRUCTURE,CONFIRMED,SKIP,R-M03,LOW,,media-master.csv:system/backoffice/includes/dist/img/boxed-bg.png bucket=system/backoffice,Asset de interfaz del CMS legacy o fuente de iconos del frontend: no es media editorial. El tema nuevo aporta sus propios assets. SKIP no borra el archivo legacy.
media,asset:system/backoffice/includes/dist/img/default-50x50.gif,Uso documental no equivale a aprobación de propósito/identidad de medios.,R11_MEDIA_INFRASTRUCTURE,CONFIRMED,SKIP,R-M03,LOW,,media-master.csv:system/backoffice/includes/dist/img/default-50x50.gif bucket=system/backoffice,Asset de interfaz del CMS legacy o fuente de iconos del frontend: no es media editorial. El tema nuevo aporta sus propios assets. SKIP no borra el archivo legacy.
media,asset:system/backoffice/includes/dist/img/icons.png,Uso documental no equivale a aprobación de propósito/identidad de medios.,R11_MEDIA_INFRASTRUCTURE,CONFIRMED,SKIP,R-M03,LOW,,media-master.csv:system/backoffice/includes/dist/img/icons.png bucket=system/backoffice,Asset de interfaz del CMS legacy o fuente de iconos del frontend: no es media editorial. El tema nuevo aporta sus propios assets. SKIP no borra el archivo legacy.
media,asset:system/backoffice/includes/dist/img/photo1.png,Uso documental no equivale a aprobación de propósito/identidad de medios.,R11_MEDIA_INFRASTRUCTURE,CONFIRMED,SKIP,R-M03,LOW,,media-master.csv:system/backoffice/includes/dist/img/photo1.png bucket=system/backoffice,Asset de interfaz del CMS legacy o fuente de iconos del frontend: no es media editorial. El tema nuevo aporta sus propios assets. SKIP no borra el archivo legacy.
media,asset:system/backoffice/includes/dist/img/photo2.png,Uso documental no equivale a aprobación de propósito/identidad de medios.,R11_MEDIA_INFRASTRUCTURE,CONFIRMED,SKIP,R-M03,LOW,,media-master.csv:system/backoffice/includes/dist/img/photo2.png bucket=system/backoffice,Asset de interfaz del CMS legacy o fuente de iconos del frontend: no es media editorial. El tema nuevo aporta sus propios assets. SKIP no borra el archivo legacy.
media,asset:system/backoffice/includes/dist/img/photo3.jpg,Uso documental no equivale a aprobación de propósito/identidad de medios.,R11_MEDIA_INFRASTRUCTURE,CONFIRMED,SKIP,R-M03,LOW,,media-master.csv:system/backoffice/includes/dist/img/photo3.jpg bucket=system/backoffice,Asset de interfaz del CMS legacy o fuente de iconos del frontend: no es media editorial. El tema nuevo aporta sus propios assets. SKIP no borra el archivo legacy.
media,asset:system/backoffice/includes/dist/img/photo4.jpg,Uso documental no equivale a aprobación de propósito/identidad de medios.,R11_MEDIA_INFRASTRUCTURE,CONFIRMED,SKIP,R-M03,LOW,,media-master.csv:system/backoffice/includes/dist/img/photo4.jpg bucket=system/backoffice,Asset de interfaz del CMS legacy o fuente de iconos del frontend: no es media editorial. El tema nuevo aporta sus propios assets. SKIP no borra el archivo legacy.
media,asset:system/backoffice/includes/dist/img/user1-128x128.jpg,Uso documental no equivale a aprobación de propósito/identidad de medios.,R11_MEDIA_INFRASTRUCTURE,CONFIRMED,SKIP,R-M03,LOW,,media-master.csv:system/backoffice/includes/dist/img/user1-128x128.jpg bucket=system/backoffice,Asset de interfaz del CMS legacy o fuente de iconos del frontend: no es media editorial. El tema nuevo aporta sus propios assets. SKIP no borra el archivo legacy.
media,asset:system/backoffice/includes/dist/img/user2-160x160.jpg,Uso documental no equivale a aprobación de propósito/identidad de medios.,R11_MEDIA_INFRASTRUCTURE,CONFIRMED,SKIP,R-M03,LOW,,media-master.csv:system/backoffice/includes/dist/img/user2-160x160.jpg bucket=system/backoffice,Asset de interfaz del CMS legacy o fuente de iconos del frontend: no es media editorial. El tema nuevo aporta sus propios assets. SKIP no borra el archivo legacy.
media,asset:system/backoffice/includes/dist/img/user3-128x128.jpg,Uso documental no equivale a aprobación de propósito/identidad de medios.,R11_MEDIA_INFRASTRUCTURE,CONFIRMED,SKIP,R-M03,LOW,,media-master.csv:system/backoffice/includes/dist/img/user3-128x128.jpg bucket=system/backoffice,Asset de interfaz del CMS legacy o fuente de iconos del frontend: no es media editorial. El tema nuevo aporta sus propios assets. SKIP no borra el archivo legacy.
media,asset:system/backoffice/includes/dist/img/user4-128x128.jpg,Uso documental no equivale a aprobación de propósito/identidad de medios.,R11_MEDIA_INFRASTRUCTURE,CONFIRMED,SKIP,R-M03,LOW,,media-master.csv:system/backoffice/includes/dist/img/user4-128x128.jpg bucket=system/backoffice,Asset de interfaz del CMS legacy o fuente de iconos del frontend: no es media editorial. El tema nuevo aporta sus propios assets. SKIP no borra el archivo legacy.
media,asset:system/backoffice/includes/dist/img/user5-128x128.jpg,Uso documental no equivale a aprobación de propósito/identidad de medios.,R11_MEDIA_INFRASTRUCTURE,CONFIRMED,SKIP,R-M03,LOW,,media-master.csv:system/backoffice/includes/dist/img/user5-128x128.jpg bucket=system/backoffice,Asset de interfaz del CMS legacy o fuente de iconos del frontend: no es media editorial. El tema nuevo aporta sus propios assets. SKIP no borra el archivo legacy.
media,asset:system/backoffice/includes/dist/img/user6-128x128.jpg,Uso documental no equivale a aprobación de propósito/identidad de medios.,R11_MEDIA_INFRASTRUCTURE,CONFIRMED,SKIP,R-M03,LOW,,media-master.csv:system/backoffice/includes/dist/img/user6-128x128.jpg bucket=system/backoffice,Asset de interfaz del CMS legacy o fuente de iconos del frontend: no es media editorial. El tema nuevo aporta sus propios assets. SKIP no borra el archivo legacy.
media,asset:system/backoffice/includes/dist/img/user7-128x128.jpg,Uso documental no equivale a aprobación de propósito/identidad de medios.,R11_MEDIA_INFRASTRUCTURE,CONFIRMED,SKIP,R-M03,LOW,,media-master.csv:system/backoffice/includes/dist/img/user7-128x128.jpg bucket=system/backoffice,Asset de interfaz del CMS legacy o fuente de iconos del frontend: no es media editorial. El tema nuevo aporta sus propios assets. SKIP no borra el archivo legacy.
media,asset:system/backoffice/includes/dist/img/user8-128x128.jpg,Uso documental no equivale a aprobación de propósito/identidad de medios.,R11_MEDIA_INFRASTRUCTURE,CONFIRMED,SKIP,R-M03,LOW,,media-master.csv:system/backoffice/includes/dist/img/user8-128x128.jpg bucket=system/backoffice,Asset de interfaz del CMS legacy o fuente de iconos del frontend: no es media editorial. El tema nuevo aporta sus propios assets. SKIP no borra el archivo legacy.
media,asset:system/backoffice/includes/dist/img/credit/american-express.png,Uso documental no equivale a aprobación de propósito/identidad de medios.,R11_MEDIA_INFRASTRUCTURE,CONFIRMED,SKIP,R-M03,LOW,,media-master.csv:system/backoffice/includes/dist/img/credit/american-express.png bucket=system/backoffice,Asset de interfaz del CMS legacy o fuente de iconos del frontend: no es media editorial. El tema nuevo aporta sus propios assets. SKIP no borra el archivo legacy.
media,asset:system/backoffice/includes/dist/img/credit/cirrus.png,Uso documental no equivale a aprobación de propósito/identidad de medios.,R11_MEDIA_INFRASTRUCTURE,CONFIRMED,SKIP,R-M03,LOW,,media-master.csv:system/backoffice/includes/dist/img/credit/cirrus.png bucket=system/backoffice,Asset de interfaz del CMS legacy o fuente de iconos del frontend: no es media editorial. El tema nuevo aporta sus propios assets. SKIP no borra el archivo legacy.
media,asset:system/backoffice/includes/dist/img/credit/mastercard.png,Uso documental no equivale a aprobación de propósito/identidad de medios.,R11_MEDIA_INFRASTRUCTURE,CONFIRMED,SKIP,R-M03,LOW,,media-master.csv:system/backoffice/includes/dist/img/credit/mastercard.png bucket=system/backoffice,Asset de interfaz del CMS legacy o fuente de iconos del frontend: no es media editorial. El tema nuevo aporta sus propios assets. SKIP no borra el archivo legacy.
media,asset:system/backoffice/includes/dist/img/credit/mestro.png,Uso documental no equivale a aprobación de propósito/identidad de medios.,R11_MEDIA_INFRASTRUCTURE,CONFIRMED,SKIP,R-M03,LOW,,media-master.csv:system/backoffice/includes/dist/img/credit/mestro.png bucket=system/backoffice,Asset de interfaz del CMS legacy o fuente de iconos del frontend: no es media editorial. El tema nuevo aporta sus propios assets. SKIP no borra el archivo legacy.
media,asset:system/backoffice/includes/dist/img/credit/paypal.png,Uso documental no equivale a aprobación de propósito/identidad de medios.,R11_MEDIA_INFRASTRUCTURE,CONFIRMED,SKIP,R-M03,LOW,,media-master.csv:system/backoffice/includes/dist/img/credit/paypal.png bucket=system/backoffice,Asset de interfaz del CMS legacy o fuente de iconos del frontend: no es media editorial. El tema nuevo aporta sus propios assets. SKIP no borra el archivo legacy.
media,asset:system/backoffice/includes/dist/img/credit/paypal2.png,Uso documental no equivale a aprobación de propósito/identidad de medios.,R11_MEDIA_INFRASTRUCTURE,CONFIRMED,SKIP,R-M03,LOW,,media-master.csv:system/backoffice/includes/dist/img/credit/paypal2.png bucket=system/backoffice,Asset de interfaz del CMS legacy o fuente de iconos del frontend: no es media editorial. El tema nuevo aporta sus propios assets. SKIP no borra el archivo legacy.
media,asset:system/backoffice/includes/dist/img/credit/visa.png,Uso documental no equivale a aprobación de propósito/identidad de medios.,R11_MEDIA_INFRASTRUCTURE,CONFIRMED,SKIP,R-M03,LOW,,media-master.csv:system/backoffice/includes/dist/img/credit/visa.png bucket=system/backoffice,Asset de interfaz del CMS legacy o fuente de iconos del frontend: no es media editorial. El tema nuevo aporta sus propios assets. SKIP no borra el archivo legacy.
media,asset:system/backoffice/includes/plugins/ckeditor/plugins/icons.png,Uso documental no equivale a aprobación de propósito/identidad de medios.,R11_MEDIA_INFRASTRUCTURE,CONFIRMED,SKIP,R-M03,LOW,,media-master.csv:system/backoffice/includes/plugins/ckeditor/plugins/icons.png bucket=system/backoffice,Asset de interfaz del CMS legacy o fuente de iconos del frontend: no es media editorial. El tema nuevo aporta sus propios assets. SKIP no borra el archivo legacy.
media,asset:system/backoffice/includes/plugins/ckeditor/plugins/icons_hidpi.png,Uso documental no equivale a aprobación de propósito/identidad de medios.,R11_MEDIA_INFRASTRUCTURE,CONFIRMED,SKIP,R-M03,LOW,,media-master.csv:system/backoffice/includes/plugins/ckeditor/plugins/icons_hidpi.png bucket=system/backoffice,Asset de interfaz del CMS legacy o fuente de iconos del frontend: no es media editorial. El tema nuevo aporta sus propios assets. SKIP no borra el archivo legacy.
media,asset:system/backoffice/includes/plugins/ckeditor/plugins/about/dialogs/logo_ckeditor.png,Uso documental no equivale a aprobación de propósito/identidad de medios.,R11_MEDIA_INFRASTRUCTURE,CONFIRMED,SKIP,R-M03,LOW,,media-master.csv:system/backoffice/includes/plugins/ckeditor/plugins/about/dialogs/logo_ckeditor.png bucket=system/backoffice,Asset de interfaz del CMS legacy o fuente de iconos del frontend: no es media editorial. El tema nuevo aporta sus propios assets. SKIP no borra el archivo legacy.
media,asset:system/backoffice/includes/plugins/ckeditor/plugins/about/dialogs/hidpi/logo_ckeditor.png,Uso documental no equivale a aprobación de propósito/identidad de medios.,R11_MEDIA_INFRASTRUCTURE,CONFIRMED,SKIP,R-M03,LOW,,media-master.csv:system/backoffice/includes/plugins/ckeditor/plugins/about/dialogs/hidpi/logo_ckeditor.png bucket=system/backoffice,Asset de interfaz del CMS legacy o fuente de iconos del frontend: no es media editorial. El tema nuevo aporta sus propios assets. SKIP no borra el archivo legacy.
media,asset:system/backoffice/includes/plugins/ckeditor/plugins/fakeobjects/images/spacer.gif,Uso documental no equivale a aprobación de propósito/identidad de medios.,R11_MEDIA_INFRASTRUCTURE,CONFIRMED,SKIP,R-M03,LOW,,media-master.csv:system/backoffice/includes/plugins/ckeditor/plugins/fakeobjects/images/spacer.gif bucket=system/backoffice,Asset de interfaz del CMS legacy o fuente de iconos del frontend: no es media editorial. El tema nuevo aporta sus propios assets. SKIP no borra el archivo legacy.
media,asset:system/backoffice/includes/plugins/ckeditor/plugins/image/images/noimage.png,Uso documental no equivale a aprobación de propósito/identidad de medios.,R11_MEDIA_INFRASTRUCTURE,CONFIRMED,SKIP,R-M03,LOW,,media-master.csv:system/backoffice/includes/plugins/ckeditor/plugins/image/images/noimage.png bucket=system/backoffice,Asset de interfaz del CMS legacy o fuente de iconos del frontend: no es media editorial. El tema nuevo aporta sus propios assets. SKIP no borra el archivo legacy.
media,asset:system/backoffice/includes/plugins/ckeditor/plugins/justify/icons/justifyblock.png,Uso documental no equivale a aprobación de propósito/identidad de medios.,R11_MEDIA_INFRASTRUCTURE,CONFIRMED,SKIP,R-M03,LOW,,media-master.csv:system/backoffice/includes/plugins/ckeditor/plugins/justify/icons/justifyblock.png bucket=system/backoffice,Asset de interfaz del CMS legacy o fuente de iconos del frontend: no es media editorial. El tema nuevo aporta sus propios assets. SKIP no borra el archivo legacy.
media,asset:system/backoffice/includes/plugins/ckeditor/plugins/justify/icons/justifycenter.png,Uso documental no equivale a aprobación de propósito/identidad de medios.,R11_MEDIA_INFRASTRUCTURE,CONFIRMED,SKIP,R-M03,LOW,,media-master.csv:system/backoffice/includes/plugins/ckeditor/plugins/justify/icons/justifycenter.png bucket=system/backoffice,Asset de interfaz del CMS legacy o fuente de iconos del frontend: no es media editorial. El tema nuevo aporta sus propios assets. SKIP no borra el archivo legacy.
media,asset:system/backoffice/includes/plugins/ckeditor/plugins/justify/icons/justifyleft.png,Uso documental no equivale a aprobación de propósito/identidad de medios.,R11_MEDIA_INFRASTRUCTURE,CONFIRMED,SKIP,R-M03,LOW,,media-master.csv:system/backoffice/includes/plugins/ckeditor/plugins/justify/icons/justifyleft.png bucket=system/backoffice,Asset de interfaz del CMS legacy o fuente de iconos del frontend: no es media editorial. El tema nuevo aporta sus propios assets. SKIP no borra el archivo legacy.
media,asset:system/backoffice/includes/plugins/ckeditor/plugins/justify/icons/justifyright.png,Uso documental no equivale a aprobación de propósito/identidad de medios.,R11_MEDIA_INFRASTRUCTURE,CONFIRMED,SKIP,R-M03,LOW,,media-master.csv:system/backoffice/includes/plugins/ckeditor/plugins/justify/icons/justifyright.png bucket=system/backoffice,Asset de interfaz del CMS legacy o fuente de iconos del frontend: no es media editorial. El tema nuevo aporta sus propios assets. SKIP no borra el archivo legacy.
media,asset:system/backoffice/includes/plugins/ckeditor/plugins/justify/icons/hidpi/justifyblock.png,Uso documental no equivale a aprobación de propósito/identidad de medios.,R11_MEDIA_INFRASTRUCTURE,CONFIRMED,SKIP,R-M03,LOW,,media-master.csv:system/backoffice/includes/plugins/ckeditor/plugins/justify/icons/hidpi/justifyblock.png bucket=system/backoffice,Asset de interfaz del CMS legacy o fuente de iconos del frontend: no es media editorial. El tema nuevo aporta sus propios assets. SKIP no borra el archivo legacy.
media,asset:system/backoffice/includes/plugins/ckeditor/plugins/justify/icons/hidpi/justifycenter.png,Uso documental no equivale a aprobación de propósito/identidad de medios.,R11_MEDIA_INFRASTRUCTURE,CONFIRMED,SKIP,R-M03,LOW,,media-master.csv:system/backoffice/includes/plugins/ckeditor/plugins/justify/icons/hidpi/justifycenter.png bucket=system/backoffice,Asset de interfaz del CMS legacy o fuente de iconos del frontend: no es media editorial. El tema nuevo aporta sus propios assets. SKIP no borra el archivo legacy.
media,asset:system/backoffice/includes/plugins/ckeditor/plugins/justify/icons/hidpi/justifyleft.png,Uso documental no equivale a aprobación de propósito/identidad de medios.,R11_MEDIA_INFRASTRUCTURE,CONFIRMED,SKIP,R-M03,LOW,,media-master.csv:system/backoffice/includes/plugins/ckeditor/plugins/justify/icons/hidpi/justifyleft.png bucket=system/backoffice,Asset de interfaz del CMS legacy o fuente de iconos del frontend: no es media editorial. El tema nuevo aporta sus propios assets. SKIP no borra el archivo legacy.
media,asset:system/backoffice/includes/plugins/ckeditor/plugins/justify/icons/hidpi/justifyright.png,Uso documental no equivale a aprobación de propósito/identidad de medios.,R11_MEDIA_INFRASTRUCTURE,CONFIRMED,SKIP,R-M03,LOW,,media-master.csv:system/backoffice/includes/plugins/ckeditor/plugins/justify/icons/hidpi/justifyright.png bucket=system/backoffice,Asset de interfaz del CMS legacy o fuente de iconos del frontend: no es media editorial. El tema nuevo aporta sus propios assets. SKIP no borra el archivo legacy.
media,asset:system/backoffice/includes/plugins/ckeditor/plugins/link/images/anchor.png,Uso documental no equivale a aprobación de propósito/identidad de medios.,R11_MEDIA_INFRASTRUCTURE,CONFIRMED,SKIP,R-M03,LOW,,media-master.csv:system/backoffice/includes/plugins/ckeditor/plugins/link/images/anchor.png bucket=system/backoffice,Asset de interfaz del CMS legacy o fuente de iconos del frontend: no es media editorial. El tema nuevo aporta sus propios assets. SKIP no borra el archivo legacy.
media,asset:system/backoffice/includes/plugins/ckeditor/plugins/link/images/hidpi/anchor.png,Uso documental no equivale a aprobación de propósito/identidad de medios.,R11_MEDIA_INFRASTRUCTURE,CONFIRMED,SKIP,R-M03,LOW,,media-master.csv:system/backoffice/includes/plugins/ckeditor/plugins/link/images/hidpi/anchor.png bucket=system/backoffice,Asset de interfaz del CMS legacy o fuente de iconos del frontend: no es media editorial. El tema nuevo aporta sus propios assets. SKIP no borra el archivo legacy.
media,asset:system/backoffice/includes/plugins/ckeditor/plugins/magicline/images/icon.png,Uso documental no equivale a aprobación de propósito/identidad de medios.,R11_MEDIA_INFRASTRUCTURE,CONFIRMED,SKIP,R-M03,LOW,,media-master.csv:system/backoffice/includes/plugins/ckeditor/plugins/magicline/images/icon.png bucket=system/backoffice,Asset de interfaz del CMS legacy o fuente de iconos del frontend: no es media editorial. El tema nuevo aporta sus propios assets. SKIP no borra el archivo legacy.
media,asset:system/backoffice/includes/plugins/ckeditor/plugins/magicline/images/hidpi/icon.png,Uso documental no equivale a aprobación de propósito/identidad de medios.,R11_MEDIA_INFRASTRUCTURE,CONFIRMED,SKIP,R-M03,LOW,,media-master.csv:system/backoffice/includes/plugins/ckeditor/plugins/magicline/images/hidpi/icon.png bucket=system/backoffice,Asset de interfaz del CMS legacy o fuente de iconos del frontend: no es media editorial. El tema nuevo aporta sus propios assets. SKIP no borra el archivo legacy.
media,asset:system/backoffice/includes/plugins/ckeditor/skins/moono/icons.png,Uso documental no equivale a aprobación de propósito/identidad de medios.,R11_MEDIA_INFRASTRUCTURE,CONFIRMED,SKIP,R-M03,LOW,,media-master.csv:system/backoffice/includes/plugins/ckeditor/skins/moono/icons.png bucket=system/backoffice,Asset de interfaz del CMS legacy o fuente de iconos del frontend: no es media editorial. El tema nuevo aporta sus propios assets. SKIP no borra el archivo legacy.
media,asset:system/backoffice/includes/plugins/ckeditor/skins/moono/icons_hidpi.png,Uso documental no equivale a aprobación de propósito/identidad de medios.,R11_MEDIA_INFRASTRUCTURE,CONFIRMED,SKIP,R-M03,LOW,,media-master.csv:system/backoffice/includes/plugins/ckeditor/skins/moono/icons_hidpi.png bucket=system/backoffice,Asset de interfaz del CMS legacy o fuente de iconos del frontend: no es media editorial. El tema nuevo aporta sus propios assets. SKIP no borra el archivo legacy.
media,asset:system/backoffice/includes/plugins/ckeditor/skins/moono/images/arrow.png,Uso documental no equivale a aprobación de propósito/identidad de medios.,R11_MEDIA_INFRASTRUCTURE,CONFIRMED,SKIP,R-M03,LOW,,media-master.csv:system/backoffice/includes/plugins/ckeditor/skins/moono/images/arrow.png bucket=system/backoffice,Asset de interfaz del CMS legacy o fuente de iconos del frontend: no es media editorial. El tema nuevo aporta sus propios assets. SKIP no borra el archivo legacy.
media,asset:system/backoffice/includes/plugins/ckeditor/skins/moono/images/close.png,Uso documental no equivale a aprobación de propósito/identidad de medios.,R11_MEDIA_INFRASTRUCTURE,CONFIRMED,SKIP,R-M03,LOW,,media-master.csv:system/backoffice/includes/plugins/ckeditor/skins/moono/images/close.png bucket=system/backoffice,Asset de interfaz del CMS legacy o fuente de iconos del frontend: no es media editorial. El tema nuevo aporta sus propios assets. SKIP no borra el archivo legacy.
media,asset:system/backoffice/includes/plugins/ckeditor/skins/moono/images/lock-open.png,Uso documental no equivale a aprobación de propósito/identidad de medios.,R11_MEDIA_INFRASTRUCTURE,CONFIRMED,SKIP,R-M03,LOW,,media-master.csv:system/backoffice/includes/plugins/ckeditor/skins/moono/images/lock-open.png bucket=system/backoffice,Asset de interfaz del CMS legacy o fuente de iconos del frontend: no es media editorial. El tema nuevo aporta sus propios assets. SKIP no borra el archivo legacy.
media,asset:system/backoffice/includes/plugins/ckeditor/skins/moono/images/lock.png,Uso documental no equivale a aprobación de propósito/identidad de medios.,R11_MEDIA_INFRASTRUCTURE,CONFIRMED,SKIP,R-M03,LOW,,media-master.csv:system/backoffice/includes/plugins/ckeditor/skins/moono/images/lock.png bucket=system/backoffice,Asset de interfaz del CMS legacy o fuente de iconos del frontend: no es media editorial. El tema nuevo aporta sus propios assets. SKIP no borra el archivo legacy.
media,asset:system/backoffice/includes/plugins/ckeditor/skins/moono/images/refresh.png,Uso documental no equivale a aprobación de propósito/identidad de medios.,R11_MEDIA_INFRASTRUCTURE,CONFIRMED,SKIP,R-M03,LOW,,media-master.csv:system/backoffice/includes/plugins/ckeditor/skins/moono/images/refresh.png bucket=system/backoffice,Asset de interfaz del CMS legacy o fuente de iconos del frontend: no es media editorial. El tema nuevo aporta sus propios assets. SKIP no borra el archivo legacy.
media,asset:system/backoffice/includes/plugins/ckeditor/skins/moono/images/hidpi/close.png,Uso documental no equivale a aprobación de propósito/identidad de medios.,R11_MEDIA_INFRASTRUCTURE,CONFIRMED,SKIP,R-M03,LOW,,media-master.csv:system/backoffice/includes/plugins/ckeditor/skins/moono/images/hidpi/close.png bucket=system/backoffice,Asset de interfaz del CMS legacy o fuente de iconos del frontend: no es media editorial. El tema nuevo aporta sus propios assets. SKIP no borra el archivo legacy.
media,asset:system/backoffice/includes/plugins/ckeditor/skins/moono/images/hidpi/lock-open.png,Uso documental no equivale a aprobación de propósito/identidad de medios.,R11_MEDIA_INFRASTRUCTURE,CONFIRMED,SKIP,R-M03,LOW,,media-master.csv:system/backoffice/includes/plugins/ckeditor/skins/moono/images/hidpi/lock-open.png bucket=system/backoffice,Asset de interfaz del CMS legacy o fuente de iconos del frontend: no es media editorial. El tema nuevo aporta sus propios assets. SKIP no borra el archivo legacy.
media,asset:system/backoffice/includes/plugins/ckeditor/skins/moono/images/hidpi/lock.png,Uso documental no equivale a aprobación de propósito/identidad de medios.,R11_MEDIA_INFRASTRUCTURE,CONFIRMED,SKIP,R-M03,LOW,,media-master.csv:system/backoffice/includes/plugins/ckeditor/skins/moono/images/hidpi/lock.png bucket=system/backoffice,Asset de interfaz del CMS legacy o fuente de iconos del frontend: no es media editorial. El tema nuevo aporta sus propios assets. SKIP no borra el archivo legacy.
media,asset:system/backoffice/includes/plugins/ckeditor/skins/moono/images/hidpi/refresh.png,Uso documental no equivale a aprobación de propósito/identidad de medios.,R11_MEDIA_INFRASTRUCTURE,CONFIRMED,SKIP,R-M03,LOW,,media-master.csv:system/backoffice/includes/plugins/ckeditor/skins/moono/images/hidpi/refresh.png bucket=system/backoffice,Asset de interfaz del CMS legacy o fuente de iconos del frontend: no es media editorial. El tema nuevo aporta sus propios assets. SKIP no borra el archivo legacy.
media,asset:system/backoffice/includes/plugins/colorpicker/img/alpha-horizontal.png,Uso documental no equivale a aprobación de propósito/identidad de medios.,R11_MEDIA_INFRASTRUCTURE,CONFIRMED,SKIP,R-M03,LOW,,media-master.csv:system/backoffice/includes/plugins/colorpicker/img/alpha-horizontal.png bucket=system/backoffice,Asset de interfaz del CMS legacy o fuente de iconos del frontend: no es media editorial. El tema nuevo aporta sus propios assets. SKIP no borra el archivo legacy.
media,asset:system/backoffice/includes/plugins/colorpicker/img/alpha.png,Uso documental no equivale a aprobación de propósito/identidad de medios.,R11_MEDIA_INFRASTRUCTURE,CONFIRMED,SKIP,R-M03,LOW,,media-master.csv:system/backoffice/includes/plugins/colorpicker/img/alpha.png bucket=system/backoffice,Asset de interfaz del CMS legacy o fuente de iconos del frontend: no es media editorial. El tema nuevo aporta sus propios assets. SKIP no borra el archivo legacy.
media,asset:system/backoffice/includes/plugins/colorpicker/img/hue-horizontal.png,Uso documental no equivale a aprobación de propósito/identidad de medios.,R11_MEDIA_INFRASTRUCTURE,CONFIRMED,SKIP,R-M03,LOW,,media-master.csv:system/backoffice/includes/plugins/colorpicker/img/hue-horizontal.png bucket=system/backoffice,Asset de interfaz del CMS legacy o fuente de iconos del frontend: no es media editorial. El tema nuevo aporta sus propios assets. SKIP no borra el archivo legacy.
media,asset:system/backoffice/includes/plugins/colorpicker/img/hue.png,Uso documental no equivale a aprobación de propósito/identidad de medios.,R11_MEDIA_INFRASTRUCTURE,CONFIRMED,SKIP,R-M03,LOW,,media-master.csv:system/backoffice/includes/plugins/colorpicker/img/hue.png bucket=system/backoffice,Asset de interfaz del CMS legacy o fuente de iconos del frontend: no es media editorial. El tema nuevo aporta sus propios assets. SKIP no borra el archivo legacy.
media,asset:system/backoffice/includes/plugins/colorpicker/img/saturation.png,Uso documental no equivale a aprobación de propósito/identidad de medios.,R11_MEDIA_INFRASTRUCTURE,CONFIRMED,SKIP,R-M03,LOW,,media-master.csv:system/backoffice/includes/plugins/colorpicker/img/saturation.png bucket=system/backoffice,Asset de interfaz del CMS legacy o fuente de iconos del frontend: no es media editorial. El tema nuevo aporta sus propios assets. SKIP no borra el archivo legacy.
media,asset:system/backoffice/includes/plugins/datatables/extensions/AutoFill/images/filler.png,Uso documental no equivale a aprobación de propósito/identidad de medios.,R11_MEDIA_INFRASTRUCTURE,CONFIRMED,SKIP,R-M03,LOW,,media-master.csv:system/backoffice/includes/plugins/datatables/extensions/AutoFill/images/filler.png bucket=system/backoffice,Asset de interfaz del CMS legacy o fuente de iconos del frontend: no es media editorial. El tema nuevo aporta sus propios assets. SKIP no borra el archivo legacy.
media,asset:system/backoffice/includes/plugins/datatables/extensions/ColReorder/images/insert.png,Uso documental no equivale a aprobación de propósito/identidad de medios.,R11_MEDIA_INFRASTRUCTURE,CONFIRMED,SKIP,R-M03,LOW,,media-master.csv:system/backoffice/includes/plugins/datatables/extensions/ColReorder/images/insert.png bucket=system/backoffice,Asset de interfaz del CMS legacy o fuente de iconos del frontend: no es media editorial. El tema nuevo aporta sus propios assets. SKIP no borra el archivo legacy.
media,asset:system/backoffice/includes/plugins/datatables/extensions/Scroller/images/loading-background.png,Uso documental no equivale a aprobación de propósito/identidad de medios.,R11_MEDIA_INFRASTRUCTURE,CONFIRMED,SKIP,R-M03,LOW,,media-master.csv:system/backoffice/includes/plugins/datatables/extensions/Scroller/images/loading-background.png bucket=system/backoffice,Asset de interfaz del CMS legacy o fuente de iconos del frontend: no es media editorial. El tema nuevo aporta sus propios assets. SKIP no borra el archivo legacy.
media,asset:system/backoffice/includes/plugins/datatables/extensions/TableTools/images/collection.png,Uso documental no equivale a aprobación de propósito/identidad de medios.,R11_MEDIA_INFRASTRUCTURE,CONFIRMED,SKIP,R-M03,LOW,,media-master.csv:system/backoffice/includes/plugins/datatables/extensions/TableTools/images/collection.png bucket=system/backoffice,Asset de interfaz del CMS legacy o fuente de iconos del frontend: no es media editorial. El tema nuevo aporta sus propios assets. SKIP no borra el archivo legacy.
media,asset:system/backoffice/includes/plugins/datatables/extensions/TableTools/images/collection_hover.png,Uso documental no equivale a aprobación de propósito/identidad de medios.,R11_MEDIA_INFRASTRUCTURE,CONFIRMED,SKIP,R-M03,LOW,,media-master.csv:system/backoffice/includes/plugins/datatables/extensions/TableTools/images/collection_hover.png bucket=system/backoffice,Asset de interfaz del CMS legacy o fuente de iconos del frontend: no es media editorial. El tema nuevo aporta sus propios assets. SKIP no borra el archivo legacy.
media,asset:system/backoffice/includes/plugins/datatables/extensions/TableTools/images/copy.png,Uso documental no equivale a aprobación de propósito/identidad de medios.,R11_MEDIA_INFRASTRUCTURE,CONFIRMED,SKIP,R-M03,LOW,,media-master.csv:system/backoffice/includes/plugins/datatables/extensions/TableTools/images/copy.png bucket=system/backoffice,Asset de interfaz del CMS legacy o fuente de iconos del frontend: no es media editorial. El tema nuevo aporta sus propios assets. SKIP no borra el archivo legacy.
media,asset:system/backoffice/includes/plugins/datatables/extensions/TableTools/images/copy_hover.png,Uso documental no equivale a aprobación de propósito/identidad de medios.,R11_MEDIA_INFRASTRUCTURE,CONFIRMED,SKIP,R-M03,LOW,,media-master.csv:system/backoffice/includes/plugins/datatables/extensions/TableTools/images/copy_hover.png bucket=system/backoffice,Asset de interfaz del CMS legacy o fuente de iconos del frontend: no es media editorial. El tema nuevo aporta sus propios assets. SKIP no borra el archivo legacy.
media,asset:system/backoffice/includes/plugins/datatables/extensions/TableTools/images/csv.png,Uso documental no equivale a aprobación de propósito/identidad de medios.,R11_MEDIA_INFRASTRUCTURE,CONFIRMED,SKIP,R-M03,LOW,,media-master.csv:system/backoffice/includes/plugins/datatables/extensions/TableTools/images/csv.png bucket=system/backoffice,Asset de interfaz del CMS legacy o fuente de iconos del frontend: no es media editorial. El tema nuevo aporta sus propios assets. SKIP no borra el archivo legacy.
media,asset:system/backoffice/includes/plugins/datatables/extensions/TableTools/images/csv_hover.png,Uso documental no equivale a aprobación de propósito/identidad de medios.,R11_MEDIA_INFRASTRUCTURE,CONFIRMED,SKIP,R-M03,LOW,,media-master.csv:system/backoffice/includes/plugins/datatables/extensions/TableTools/images/csv_hover.png bucket=system/backoffice,Asset de interfaz del CMS legacy o fuente de iconos del frontend: no es media editorial. El tema nuevo aporta sus propios assets. SKIP no borra el archivo legacy.
media,asset:system/backoffice/includes/plugins/datatables/extensions/TableTools/images/pdf.png,Uso documental no equivale a aprobación de propósito/identidad de medios.,R11_MEDIA_INFRASTRUCTURE,CONFIRMED,SKIP,R-M03,LOW,,media-master.csv:system/backoffice/includes/plugins/datatables/extensions/TableTools/images/pdf.png bucket=system/backoffice,Asset de interfaz del CMS legacy o fuente de iconos del frontend: no es media editorial. El tema nuevo aporta sus propios assets. SKIP no borra el archivo legacy.
media,asset:system/backoffice/includes/plugins/datatables/extensions/TableTools/images/pdf_hover.png,Uso documental no equivale a aprobación de propósito/identidad de medios.,R11_MEDIA_INFRASTRUCTURE,CONFIRMED,SKIP,R-M03,LOW,,media-master.csv:system/backoffice/includes/plugins/datatables/extensions/TableTools/images/pdf_hover.png bucket=system/backoffice,Asset de interfaz del CMS legacy o fuente de iconos del frontend: no es media editorial. El tema nuevo aporta sus propios assets. SKIP no borra el archivo legacy.
media,asset:system/backoffice/includes/plugins/datatables/extensions/TableTools/images/print.png,Uso documental no equivale a aprobación de propósito/identidad de medios.,R11_MEDIA_INFRASTRUCTURE,CONFIRMED,SKIP,R-M03,LOW,,media-master.csv:system/backoffice/includes/plugins/datatables/extensions/TableTools/images/print.png bucket=system/backoffice,Asset de interfaz del CMS legacy o fuente de iconos del frontend: no es media editorial. El tema nuevo aporta sus propios assets. SKIP no borra el archivo legacy.
media,asset:system/backoffice/includes/plugins/datatables/extensions/TableTools/images/print_hover.png,Uso documental no equivale a aprobación de propósito/identidad de medios.,R11_MEDIA_INFRASTRUCTURE,CONFIRMED,SKIP,R-M03,LOW,,media-master.csv:system/backoffice/includes/plugins/datatables/extensions/TableTools/images/print_hover.png bucket=system/backoffice,Asset de interfaz del CMS legacy o fuente de iconos del frontend: no es media editorial. El tema nuevo aporta sus propios assets. SKIP no borra el archivo legacy.
media,asset:system/backoffice/includes/plugins/datatables/extensions/TableTools/images/xls.png,Uso documental no equivale a aprobación de propósito/identidad de medios.,R11_MEDIA_INFRASTRUCTURE,CONFIRMED,SKIP,R-M03,LOW,,media-master.csv:system/backoffice/includes/plugins/datatables/extensions/TableTools/images/xls.png bucket=system/backoffice,Asset de interfaz del CMS legacy o fuente de iconos del frontend: no es media editorial. El tema nuevo aporta sus propios assets. SKIP no borra el archivo legacy.
media,asset:system/backoffice/includes/plugins/datatables/extensions/TableTools/images/xls_hover.png,Uso documental no equivale a aprobación de propósito/identidad de medios.,R11_MEDIA_INFRASTRUCTURE,CONFIRMED,SKIP,R-M03,LOW,,media-master.csv:system/backoffice/includes/plugins/datatables/extensions/TableTools/images/xls_hover.png bucket=system/backoffice,Asset de interfaz del CMS legacy o fuente de iconos del frontend: no es media editorial. El tema nuevo aporta sus propios assets. SKIP no borra el archivo legacy.
media,asset:system/backoffice/includes/plugins/datatables/images/sort_asc.png,Uso documental no equivale a aprobación de propósito/identidad de medios.,R11_MEDIA_INFRASTRUCTURE,CONFIRMED,SKIP,R-M03,LOW,,media-master.csv:system/backoffice/includes/plugins/datatables/images/sort_asc.png bucket=system/backoffice,Asset de interfaz del CMS legacy o fuente de iconos del frontend: no es media editorial. El tema nuevo aporta sus propios assets. SKIP no borra el archivo legacy.
media,asset:system/backoffice/includes/plugins/datatables/images/sort_asc_disabled.png,Uso documental no equivale a aprobación de propósito/identidad de medios.,R11_MEDIA_INFRASTRUCTURE,CONFIRMED,SKIP,R-M03,LOW,,media-master.csv:system/backoffice/includes/plugins/datatables/images/sort_asc_disabled.png bucket=system/backoffice,Asset de interfaz del CMS legacy o fuente de iconos del frontend: no es media editorial. El tema nuevo aporta sus propios assets. SKIP no borra el archivo legacy.
media,asset:system/backoffice/includes/plugins/datatables/images/sort_both.png,Uso documental no equivale a aprobación de propósito/identidad de medios.,R11_MEDIA_INFRASTRUCTURE,CONFIRMED,SKIP,R-M03,LOW,,media-master.csv:system/backoffice/includes/plugins/datatables/images/sort_both.png bucket=system/backoffice,Asset de interfaz del CMS legacy o fuente de iconos del frontend: no es media editorial. El tema nuevo aporta sus propios assets. SKIP no borra el archivo legacy.
media,asset:system/backoffice/includes/plugins/datatables/images/sort_desc.png,Uso documental no equivale a aprobación de propósito/identidad de medios.,R11_MEDIA_INFRASTRUCTURE,CONFIRMED,SKIP,R-M03,LOW,,media-master.csv:system/backoffice/includes/plugins/datatables/images/sort_desc.png bucket=system/backoffice,Asset de interfaz del CMS legacy o fuente de iconos del frontend: no es media editorial. El tema nuevo aporta sus propios assets. SKIP no borra el archivo legacy.
media,asset:system/backoffice/includes/plugins/datatables/images/sort_desc_disabled.png,Uso documental no equivale a aprobación de propósito/identidad de medios.,R11_MEDIA_INFRASTRUCTURE,CONFIRMED,SKIP,R-M03,LOW,,media-master.csv:system/backoffice/includes/plugins/datatables/images/sort_desc_disabled.png bucket=system/backoffice,Asset de interfaz del CMS legacy o fuente de iconos del frontend: no es media editorial. El tema nuevo aporta sus propios assets. SKIP no borra el archivo legacy.
media,asset:system/backoffice/includes/plugins/iCheck/flat/aero.png,Uso documental no equivale a aprobación de propósito/identidad de medios.,R11_MEDIA_INFRASTRUCTURE,CONFIRMED,SKIP,R-M03,LOW,,media-master.csv:system/backoffice/includes/plugins/iCheck/flat/aero.png bucket=system/backoffice,Asset de interfaz del CMS legacy o fuente de iconos del frontend: no es media editorial. El tema nuevo aporta sus propios assets. SKIP no borra el archivo legacy.
media,asset:system/backoffice/includes/plugins/iCheck/flat/aero@2x.png,Uso documental no equivale a aprobación de propósito/identidad de medios.,R11_MEDIA_INFRASTRUCTURE,CONFIRMED,SKIP,R-M03,LOW,,media-master.csv:system/backoffice/includes/plugins/iCheck/flat/aero@2x.png bucket=system/backoffice,Asset de interfaz del CMS legacy o fuente de iconos del frontend: no es media editorial. El tema nuevo aporta sus propios assets. SKIP no borra el archivo legacy.
media,asset:system/backoffice/includes/plugins/iCheck/flat/blue.png,Uso documental no equivale a aprobación de propósito/identidad de medios.,R11_MEDIA_INFRASTRUCTURE,CONFIRMED,SKIP,R-M03,LOW,,media-master.csv:system/backoffice/includes/plugins/iCheck/flat/blue.png bucket=system/backoffice,Asset de interfaz del CMS legacy o fuente de iconos del frontend: no es media editorial. El tema nuevo aporta sus propios assets. SKIP no borra el archivo legacy.
media,asset:system/backoffice/includes/plugins/iCheck/flat/blue@2x.png,Uso documental no equivale a aprobación de propósito/identidad de medios.,R11_MEDIA_INFRASTRUCTURE,CONFIRMED,SKIP,R-M03,LOW,,media-master.csv:system/backoffice/includes/plugins/iCheck/flat/blue@2x.png bucket=system/backoffice,Asset de interfaz del CMS legacy o fuente de iconos del frontend: no es media editorial. El tema nuevo aporta sus propios assets. SKIP no borra el archivo legacy.
media,asset:system/backoffice/includes/plugins/iCheck/flat/flat.png,Uso documental no equivale a aprobación de propósito/identidad de medios.,R11_MEDIA_INFRASTRUCTURE,CONFIRMED,SKIP,R-M03,LOW,,media-master.csv:system/backoffice/includes/plugins/iCheck/flat/flat.png bucket=system/backoffice,Asset de interfaz del CMS legacy o fuente de iconos del frontend: no es media editorial. El tema nuevo aporta sus propios assets. SKIP no borra el archivo legacy.
media,asset:system/backoffice/includes/plugins/iCheck/flat/flat@2x.png,Uso documental no equivale a aprobación de propósito/identidad de medios.,R11_MEDIA_INFRASTRUCTURE,CONFIRMED,SKIP,R-M03,LOW,,media-master.csv:system/backoffice/includes/plugins/iCheck/flat/flat@2x.png bucket=system/backoffice,Asset de interfaz del CMS legacy o fuente de iconos del frontend: no es media editorial. El tema nuevo aporta sus propios assets. SKIP no borra el archivo legacy.
media,asset:system/backoffice/includes/plugins/iCheck/flat/green.png,Uso documental no equivale a aprobación de propósito/identidad de medios.,R11_MEDIA_INFRASTRUCTURE,CONFIRMED,SKIP,R-M03,LOW,,media-master.csv:system/backoffice/includes/plugins/iCheck/flat/green.png bucket=system/backoffice,Asset de interfaz del CMS legacy o fuente de iconos del frontend: no es media editorial. El tema nuevo aporta sus propios assets. SKIP no borra el archivo legacy.
media,asset:system/backoffice/includes/plugins/iCheck/flat/green@2x.png,Uso documental no equivale a aprobación de propósito/identidad de medios.,R11_MEDIA_INFRASTRUCTURE,CONFIRMED,SKIP,R-M03,LOW,,media-master.csv:system/backoffice/includes/plugins/iCheck/flat/green@2x.png bucket=system/backoffice,Asset de interfaz del CMS legacy o fuente de iconos del frontend: no es media editorial. El tema nuevo aporta sus propios assets. SKIP no borra el archivo legacy.
media,asset:system/backoffice/includes/plugins/iCheck/flat/grey.png,Uso documental no equivale a aprobación de propósito/identidad de medios.,R11_MEDIA_INFRASTRUCTURE,CONFIRMED,SKIP,R-M03,LOW,,media-master.csv:system/backoffice/includes/plugins/iCheck/flat/grey.png bucket=system/backoffice,Asset de interfaz del CMS legacy o fuente de iconos del frontend: no es media editorial. El tema nuevo aporta sus propios assets. SKIP no borra el archivo legacy.
media,asset:system/backoffice/includes/plugins/iCheck/flat/grey@2x.png,Uso documental no equivale a aprobación de propósito/identidad de medios.,R11_MEDIA_INFRASTRUCTURE,CONFIRMED,SKIP,R-M03,LOW,,media-master.csv:system/backoffice/includes/plugins/iCheck/flat/grey@2x.png bucket=system/backoffice,Asset de interfaz del CMS legacy o fuente de iconos del frontend: no es media editorial. El tema nuevo aporta sus propios assets. SKIP no borra el archivo legacy.
media,asset:system/backoffice/includes/plugins/iCheck/flat/orange.png,Uso documental no equivale a aprobación de propósito/identidad de medios.,R11_MEDIA_INFRASTRUCTURE,CONFIRMED,SKIP,R-M03,LOW,,media-master.csv:system/backoffice/includes/plugins/iCheck/flat/orange.png bucket=system/backoffice,Asset de interfaz del CMS legacy o fuente de iconos del frontend: no es media editorial. El tema nuevo aporta sus propios assets. SKIP no borra el archivo legacy.
media,asset:system/backoffice/includes/plugins/iCheck/flat/orange@2x.png,Uso documental no equivale a aprobación de propósito/identidad de medios.,R11_MEDIA_INFRASTRUCTURE,CONFIRMED,SKIP,R-M03,LOW,,media-master.csv:system/backoffice/includes/plugins/iCheck/flat/orange@2x.png bucket=system/backoffice,Asset de interfaz del CMS legacy o fuente de iconos del frontend: no es media editorial. El tema nuevo aporta sus propios assets. SKIP no borra el archivo legacy.
media,asset:system/backoffice/includes/plugins/iCheck/flat/pink.png,Uso documental no equivale a aprobación de propósito/identidad de medios.,R11_MEDIA_INFRASTRUCTURE,CONFIRMED,SKIP,R-M03,LOW,,media-master.csv:system/backoffice/includes/plugins/iCheck/flat/pink.png bucket=system/backoffice,Asset de interfaz del CMS legacy o fuente de iconos del frontend: no es media editorial. El tema nuevo aporta sus propios assets. SKIP no borra el archivo legacy.
media,asset:system/backoffice/includes/plugins/iCheck/flat/pink@2x.png,Uso documental no equivale a aprobación de propósito/identidad de medios.,R11_MEDIA_INFRASTRUCTURE,CONFIRMED,SKIP,R-M03,LOW,,media-master.csv:system/backoffice/includes/plugins/iCheck/flat/pink@2x.png bucket=system/backoffice,Asset de interfaz del CMS legacy o fuente de iconos del frontend: no es media editorial. El tema nuevo aporta sus propios assets. SKIP no borra el archivo legacy.
media,asset:system/backoffice/includes/plugins/iCheck/flat/purple.png,Uso documental no equivale a aprobación de propósito/identidad de medios.,R11_MEDIA_INFRASTRUCTURE,CONFIRMED,SKIP,R-M03,LOW,,media-master.csv:system/backoffice/includes/plugins/iCheck/flat/purple.png bucket=system/backoffice,Asset de interfaz del CMS legacy o fuente de iconos del frontend: no es media editorial. El tema nuevo aporta sus propios assets. SKIP no borra el archivo legacy.
media,asset:system/backoffice/includes/plugins/iCheck/flat/purple@2x.png,Uso documental no equivale a aprobación de propósito/identidad de medios.,R11_MEDIA_INFRASTRUCTURE,CONFIRMED,SKIP,R-M03,LOW,,media-master.csv:system/backoffice/includes/plugins/iCheck/flat/purple@2x.png bucket=system/backoffice,Asset de interfaz del CMS legacy o fuente de iconos del frontend: no es media editorial. El tema nuevo aporta sus propios assets. SKIP no borra el archivo legacy.
media,asset:system/backoffice/includes/plugins/iCheck/flat/red.png,Uso documental no equivale a aprobación de propósito/identidad de medios.,R11_MEDIA_INFRASTRUCTURE,CONFIRMED,SKIP,R-M03,LOW,,media-master.csv:system/backoffice/includes/plugins/iCheck/flat/red.png bucket=system/backoffice,Asset de interfaz del CMS legacy o fuente de iconos del frontend: no es media editorial. El tema nuevo aporta sus propios assets. SKIP no borra el archivo legacy.
media,asset:system/backoffice/includes/plugins/iCheck/flat/red@2x.png,Uso documental no equivale a aprobación de propósito/identidad de medios.,R11_MEDIA_INFRASTRUCTURE,CONFIRMED,SKIP,R-M03,LOW,,media-master.csv:system/backoffice/includes/plugins/iCheck/flat/red@2x.png bucket=system/backoffice,Asset de interfaz del CMS legacy o fuente de iconos del frontend: no es media editorial. El tema nuevo aporta sus propios assets. SKIP no borra el archivo legacy.
media,asset:system/backoffice/includes/plugins/iCheck/flat/yellow.png,Uso documental no equivale a aprobación de propósito/identidad de medios.,R11_MEDIA_INFRASTRUCTURE,CONFIRMED,SKIP,R-M03,LOW,,media-master.csv:system/backoffice/includes/plugins/iCheck/flat/yellow.png bucket=system/backoffice,Asset de interfaz del CMS legacy o fuente de iconos del frontend: no es media editorial. El tema nuevo aporta sus propios assets. SKIP no borra el archivo legacy.
media,asset:system/backoffice/includes/plugins/iCheck/flat/yellow@2x.png,Uso documental no equivale a aprobación de propósito/identidad de medios.,R11_MEDIA_INFRASTRUCTURE,CONFIRMED,SKIP,R-M03,LOW,,media-master.csv:system/backoffice/includes/plugins/iCheck/flat/yellow@2x.png bucket=system/backoffice,Asset de interfaz del CMS legacy o fuente de iconos del frontend: no es media editorial. El tema nuevo aporta sus propios assets. SKIP no borra el archivo legacy.
media,asset:system/backoffice/includes/plugins/iCheck/futurico/futurico.png,Uso documental no equivale a aprobación de propósito/identidad de medios.,R11_MEDIA_INFRASTRUCTURE,CONFIRMED,SKIP,R-M03,LOW,,media-master.csv:system/backoffice/includes/plugins/iCheck/futurico/futurico.png bucket=system/backoffice,Asset de interfaz del CMS legacy o fuente de iconos del frontend: no es media editorial. El tema nuevo aporta sus propios assets. SKIP no borra el archivo legacy.
media,asset:system/backoffice/includes/plugins/iCheck/futurico/futurico@2x.png,Uso documental no equivale a aprobación de propósito/identidad de medios.,R11_MEDIA_INFRASTRUCTURE,CONFIRMED,SKIP,R-M03,LOW,,media-master.csv:system/backoffice/includes/plugins/iCheck/futurico/futurico@2x.png bucket=system/backoffice,Asset de interfaz del CMS legacy o fuente de iconos del frontend: no es media editorial. El tema nuevo aporta sus propios assets. SKIP no borra el archivo legacy.
media,asset:system/backoffice/includes/plugins/iCheck/line/line.png,Uso documental no equivale a aprobación de propósito/identidad de medios.,R11_MEDIA_INFRASTRUCTURE,CONFIRMED,SKIP,R-M03,LOW,,media-master.csv:system/backoffice/includes/plugins/iCheck/line/line.png bucket=system/backoffice,Asset de interfaz del CMS legacy o fuente de iconos del frontend: no es media editorial. El tema nuevo aporta sus propios assets. SKIP no borra el archivo legacy.
media,asset:system/backoffice/includes/plugins/iCheck/line/line@2x.png,Uso documental no equivale a aprobación de propósito/identidad de medios.,R11_MEDIA_INFRASTRUCTURE,CONFIRMED,SKIP,R-M03,LOW,,media-master.csv:system/backoffice/includes/plugins/iCheck/line/line@2x.png bucket=system/backoffice,Asset de interfaz del CMS legacy o fuente de iconos del frontend: no es media editorial. El tema nuevo aporta sus propios assets. SKIP no borra el archivo legacy.
media,asset:system/backoffice/includes/plugins/iCheck/minimal/aero.png,Uso documental no equivale a aprobación de propósito/identidad de medios.,R11_MEDIA_INFRASTRUCTURE,CONFIRMED,SKIP,R-M03,LOW,,media-master.csv:system/backoffice/includes/plugins/iCheck/minimal/aero.png bucket=system/backoffice,Asset de interfaz del CMS legacy o fuente de iconos del frontend: no es media editorial. El tema nuevo aporta sus propios assets. SKIP no borra el archivo legacy.
media,asset:system/backoffice/includes/plugins/iCheck/minimal/aero@2x.png,Uso documental no equivale a aprobación de propósito/identidad de medios.,R11_MEDIA_INFRASTRUCTURE,CONFIRMED,SKIP,R-M03,LOW,,media-master.csv:system/backoffice/includes/plugins/iCheck/minimal/aero@2x.png bucket=system/backoffice,Asset de interfaz del CMS legacy o fuente de iconos del frontend: no es media editorial. El tema nuevo aporta sus propios assets. SKIP no borra el archivo legacy.
media,asset:system/backoffice/includes/plugins/iCheck/minimal/blue.png,Uso documental no equivale a aprobación de propósito/identidad de medios.,R11_MEDIA_INFRASTRUCTURE,CONFIRMED,SKIP,R-M03,LOW,,media-master.csv:system/backoffice/includes/plugins/iCheck/minimal/blue.png bucket=system/backoffice,Asset de interfaz del CMS legacy o fuente de iconos del frontend: no es media editorial. El tema nuevo aporta sus propios assets. SKIP no borra el archivo legacy.
media,asset:system/backoffice/includes/plugins/iCheck/minimal/blue@2x.png,Uso documental no equivale a aprobación de propósito/identidad de medios.,R11_MEDIA_INFRASTRUCTURE,CONFIRMED,SKIP,R-M03,LOW,,media-master.csv:system/backoffice/includes/plugins/iCheck/minimal/blue@2x.png bucket=system/backoffice,Asset de interfaz del CMS legacy o fuente de iconos del frontend: no es media editorial. El tema nuevo aporta sus propios assets. SKIP no borra el archivo legacy.
media,asset:system/backoffice/includes/plugins/iCheck/minimal/green.png,Uso documental no equivale a aprobación de propósito/identidad de medios.,R11_MEDIA_INFRASTRUCTURE,CONFIRMED,SKIP,R-M03,LOW,,media-master.csv:system/backoffice/includes/plugins/iCheck/minimal/green.png bucket=system/backoffice,Asset de interfaz del CMS legacy o fuente de iconos del frontend: no es media editorial. El tema nuevo aporta sus propios assets. SKIP no borra el archivo legacy.
media,asset:system/backoffice/includes/plugins/iCheck/minimal/green@2x.png,Uso documental no equivale a aprobación de propósito/identidad de medios.,R11_MEDIA_INFRASTRUCTURE,CONFIRMED,SKIP,R-M03,LOW,,media-master.csv:system/backoffice/includes/plugins/iCheck/minimal/green@2x.png bucket=system/backoffice,Asset de interfaz del CMS legacy o fuente de iconos del frontend: no es media editorial. El tema nuevo aporta sus propios assets. SKIP no borra el archivo legacy.
media,asset:system/backoffice/includes/plugins/iCheck/minimal/grey.png,Uso documental no equivale a aprobación de propósito/identidad de medios.,R11_MEDIA_INFRASTRUCTURE,CONFIRMED,SKIP,R-M03,LOW,,media-master.csv:system/backoffice/includes/plugins/iCheck/minimal/grey.png bucket=system/backoffice,Asset de interfaz del CMS legacy o fuente de iconos del frontend: no es media editorial. El tema nuevo aporta sus propios assets. SKIP no borra el archivo legacy.
media,asset:system/backoffice/includes/plugins/iCheck/minimal/grey@2x.png,Uso documental no equivale a aprobación de propósito/identidad de medios.,R11_MEDIA_INFRASTRUCTURE,CONFIRMED,SKIP,R-M03,LOW,,media-master.csv:system/backoffice/includes/plugins/iCheck/minimal/grey@2x.png bucket=system/backoffice,Asset de interfaz del CMS legacy o fuente de iconos del frontend: no es media editorial. El tema nuevo aporta sus propios assets. SKIP no borra el archivo legacy.
media,asset:system/backoffice/includes/plugins/iCheck/minimal/minimal.png,Uso documental no equivale a aprobación de propósito/identidad de medios.,R11_MEDIA_INFRASTRUCTURE,CONFIRMED,SKIP,R-M03,LOW,,media-master.csv:system/backoffice/includes/plugins/iCheck/minimal/minimal.png bucket=system/backoffice,Asset de interfaz del CMS legacy o fuente de iconos del frontend: no es media editorial. El tema nuevo aporta sus propios assets. SKIP no borra el archivo legacy.
media,asset:system/backoffice/includes/plugins/iCheck/minimal/minimal@2x.png,Uso documental no equivale a aprobación de propósito/identidad de medios.,R11_MEDIA_INFRASTRUCTURE,CONFIRMED,SKIP,R-M03,LOW,,media-master.csv:system/backoffice/includes/plugins/iCheck/minimal/minimal@2x.png bucket=system/backoffice,Asset de interfaz del CMS legacy o fuente de iconos del frontend: no es media editorial. El tema nuevo aporta sus propios assets. SKIP no borra el archivo legacy.
media,asset:system/backoffice/includes/plugins/iCheck/minimal/orange.png,Uso documental no equivale a aprobación de propósito/identidad de medios.,R11_MEDIA_INFRASTRUCTURE,CONFIRMED,SKIP,R-M03,LOW,,media-master.csv:system/backoffice/includes/plugins/iCheck/minimal/orange.png bucket=system/backoffice,Asset de interfaz del CMS legacy o fuente de iconos del frontend: no es media editorial. El tema nuevo aporta sus propios assets. SKIP no borra el archivo legacy.
media,asset:system/backoffice/includes/plugins/iCheck/minimal/orange@2x.png,Uso documental no equivale a aprobación de propósito/identidad de medios.,R11_MEDIA_INFRASTRUCTURE,CONFIRMED,SKIP,R-M03,LOW,,media-master.csv:system/backoffice/includes/plugins/iCheck/minimal/orange@2x.png bucket=system/backoffice,Asset de interfaz del CMS legacy o fuente de iconos del frontend: no es media editorial. El tema nuevo aporta sus propios assets. SKIP no borra el archivo legacy.
media,asset:system/backoffice/includes/plugins/iCheck/minimal/pink.png,Uso documental no equivale a aprobación de propósito/identidad de medios.,R11_MEDIA_INFRASTRUCTURE,CONFIRMED,SKIP,R-M03,LOW,,media-master.csv:system/backoffice/includes/plugins/iCheck/minimal/pink.png bucket=system/backoffice,Asset de interfaz del CMS legacy o fuente de iconos del frontend: no es media editorial. El tema nuevo aporta sus propios assets. SKIP no borra el archivo legacy.
media,asset:system/backoffice/includes/plugins/iCheck/minimal/pink@2x.png,Uso documental no equivale a aprobación de propósito/identidad de medios.,R11_MEDIA_INFRASTRUCTURE,CONFIRMED,SKIP,R-M03,LOW,,media-master.csv:system/backoffice/includes/plugins/iCheck/minimal/pink@2x.png bucket=system/backoffice,Asset de interfaz del CMS legacy o fuente de iconos del frontend: no es media editorial. El tema nuevo aporta sus propios assets. SKIP no borra el archivo legacy.
media,asset:system/backoffice/includes/plugins/iCheck/minimal/purple.png,Uso documental no equivale a aprobación de propósito/identidad de medios.,R11_MEDIA_INFRASTRUCTURE,CONFIRMED,SKIP,R-M03,LOW,,media-master.csv:system/backoffice/includes/plugins/iCheck/minimal/purple.png bucket=system/backoffice,Asset de interfaz del CMS legacy o fuente de iconos del frontend: no es media editorial. El tema nuevo aporta sus propios assets. SKIP no borra el archivo legacy.
media,asset:system/backoffice/includes/plugins/iCheck/minimal/purple@2x.png,Uso documental no equivale a aprobación de propósito/identidad de medios.,R11_MEDIA_INFRASTRUCTURE,CONFIRMED,SKIP,R-M03,LOW,,media-master.csv:system/backoffice/includes/plugins/iCheck/minimal/purple@2x.png bucket=system/backoffice,Asset de interfaz del CMS legacy o fuente de iconos del frontend: no es media editorial. El tema nuevo aporta sus propios assets. SKIP no borra el archivo legacy.
media,asset:system/backoffice/includes/plugins/iCheck/minimal/red.png,Uso documental no equivale a aprobación de propósito/identidad de medios.,R11_MEDIA_INFRASTRUCTURE,CONFIRMED,SKIP,R-M03,LOW,,media-master.csv:system/backoffice/includes/plugins/iCheck/minimal/red.png bucket=system/backoffice,Asset de interfaz del CMS legacy o fuente de iconos del frontend: no es media editorial. El tema nuevo aporta sus propios assets. SKIP no borra el archivo legacy.
media,asset:system/backoffice/includes/plugins/iCheck/minimal/red@2x.png,Uso documental no equivale a aprobación de propósito/identidad de medios.,R11_MEDIA_INFRASTRUCTURE,CONFIRMED,SKIP,R-M03,LOW,,media-master.csv:system/backoffice/includes/plugins/iCheck/minimal/red@2x.png bucket=system/backoffice,Asset de interfaz del CMS legacy o fuente de iconos del frontend: no es media editorial. El tema nuevo aporta sus propios assets. SKIP no borra el archivo legacy.
media,asset:system/backoffice/includes/plugins/iCheck/minimal/yellow.png,Uso documental no equivale a aprobación de propósito/identidad de medios.,R11_MEDIA_INFRASTRUCTURE,CONFIRMED,SKIP,R-M03,LOW,,media-master.csv:system/backoffice/includes/plugins/iCheck/minimal/yellow.png bucket=system/backoffice,Asset de interfaz del CMS legacy o fuente de iconos del frontend: no es media editorial. El tema nuevo aporta sus propios assets. SKIP no borra el archivo legacy.
media,asset:system/backoffice/includes/plugins/iCheck/minimal/yellow@2x.png,Uso documental no equivale a aprobación de propósito/identidad de medios.,R11_MEDIA_INFRASTRUCTURE,CONFIRMED,SKIP,R-M03,LOW,,media-master.csv:system/backoffice/includes/plugins/iCheck/minimal/yellow@2x.png bucket=system/backoffice,Asset de interfaz del CMS legacy o fuente de iconos del frontend: no es media editorial. El tema nuevo aporta sus propios assets. SKIP no borra el archivo legacy.
media,asset:system/backoffice/includes/plugins/iCheck/polaris/polaris.png,Uso documental no equivale a aprobación de propósito/identidad de medios.,R11_MEDIA_INFRASTRUCTURE,CONFIRMED,SKIP,R-M03,LOW,,media-master.csv:system/backoffice/includes/plugins/iCheck/polaris/polaris.png bucket=system/backoffice,Asset de interfaz del CMS legacy o fuente de iconos del frontend: no es media editorial. El tema nuevo aporta sus propios assets. SKIP no borra el archivo legacy.
media,asset:system/backoffice/includes/plugins/iCheck/polaris/polaris@2x.png,Uso documental no equivale a aprobación de propósito/identidad de medios.,R11_MEDIA_INFRASTRUCTURE,CONFIRMED,SKIP,R-M03,LOW,,media-master.csv:system/backoffice/includes/plugins/iCheck/polaris/polaris@2x.png bucket=system/backoffice,Asset de interfaz del CMS legacy o fuente de iconos del frontend: no es media editorial. El tema nuevo aporta sus propios assets. SKIP no borra el archivo legacy.
media,asset:system/backoffice/includes/plugins/iCheck/square/aero.png,Uso documental no equivale a aprobación de propósito/identidad de medios.,R11_MEDIA_INFRASTRUCTURE,CONFIRMED,SKIP,R-M03,LOW,,media-master.csv:system/backoffice/includes/plugins/iCheck/square/aero.png bucket=system/backoffice,Asset de interfaz del CMS legacy o fuente de iconos del frontend: no es media editorial. El tema nuevo aporta sus propios assets. SKIP no borra el archivo legacy.
media,asset:system/backoffice/includes/plugins/iCheck/square/aero@2x.png,Uso documental no equivale a aprobación de propósito/identidad de medios.,R11_MEDIA_INFRASTRUCTURE,CONFIRMED,SKIP,R-M03,LOW,,media-master.csv:system/backoffice/includes/plugins/iCheck/square/aero@2x.png bucket=system/backoffice,Asset de interfaz del CMS legacy o fuente de iconos del frontend: no es media editorial. El tema nuevo aporta sus propios assets. SKIP no borra el archivo legacy.
media,asset:system/backoffice/includes/plugins/iCheck/square/blue.png,Uso documental no equivale a aprobación de propósito/identidad de medios.,R11_MEDIA_INFRASTRUCTURE,CONFIRMED,SKIP,R-M03,LOW,,media-master.csv:system/backoffice/includes/plugins/iCheck/square/blue.png bucket=system/backoffice,Asset de interfaz del CMS legacy o fuente de iconos del frontend: no es media editorial. El tema nuevo aporta sus propios assets. SKIP no borra el archivo legacy.
media,asset:system/backoffice/includes/plugins/iCheck/square/blue@2x.png,Uso documental no equivale a aprobación de propósito/identidad de medios.,R11_MEDIA_INFRASTRUCTURE,CONFIRMED,SKIP,R-M03,LOW,,media-master.csv:system/backoffice/includes/plugins/iCheck/square/blue@2x.png bucket=system/backoffice,Asset de interfaz del CMS legacy o fuente de iconos del frontend: no es media editorial. El tema nuevo aporta sus propios assets. SKIP no borra el archivo legacy.
media,asset:system/backoffice/includes/plugins/iCheck/square/green.png,Uso documental no equivale a aprobación de propósito/identidad de medios.,R11_MEDIA_INFRASTRUCTURE,CONFIRMED,SKIP,R-M03,LOW,,media-master.csv:system/backoffice/includes/plugins/iCheck/square/green.png bucket=system/backoffice,Asset de interfaz del CMS legacy o fuente de iconos del frontend: no es media editorial. El tema nuevo aporta sus propios assets. SKIP no borra el archivo legacy.
media,asset:system/backoffice/includes/plugins/iCheck/square/green@2x.png,Uso documental no equivale a aprobación de propósito/identidad de medios.,R11_MEDIA_INFRASTRUCTURE,CONFIRMED,SKIP,R-M03,LOW,,media-master.csv:system/backoffice/includes/plugins/iCheck/square/green@2x.png bucket=system/backoffice,Asset de interfaz del CMS legacy o fuente de iconos del frontend: no es media editorial. El tema nuevo aporta sus propios assets. SKIP no borra el archivo legacy.
media,asset:system/backoffice/includes/plugins/iCheck/square/grey.png,Uso documental no equivale a aprobación de propósito/identidad de medios.,R11_MEDIA_INFRASTRUCTURE,CONFIRMED,SKIP,R-M03,LOW,,media-master.csv:system/backoffice/includes/plugins/iCheck/square/grey.png bucket=system/backoffice,Asset de interfaz del CMS legacy o fuente de iconos del frontend: no es media editorial. El tema nuevo aporta sus propios assets. SKIP no borra el archivo legacy.
media,asset:system/backoffice/includes/plugins/iCheck/square/grey@2x.png,Uso documental no equivale a aprobación de propósito/identidad de medios.,R11_MEDIA_INFRASTRUCTURE,CONFIRMED,SKIP,R-M03,LOW,,media-master.csv:system/backoffice/includes/plugins/iCheck/square/grey@2x.png bucket=system/backoffice,Asset de interfaz del CMS legacy o fuente de iconos del frontend: no es media editorial. El tema nuevo aporta sus propios assets. SKIP no borra el archivo legacy.
media,asset:system/backoffice/includes/plugins/iCheck/square/orange.png,Uso documental no equivale a aprobación de propósito/identidad de medios.,R11_MEDIA_INFRASTRUCTURE,CONFIRMED,SKIP,R-M03,LOW,,media-master.csv:system/backoffice/includes/plugins/iCheck/square/orange.png bucket=system/backoffice,Asset de interfaz del CMS legacy o fuente de iconos del frontend: no es media editorial. El tema nuevo aporta sus propios assets. SKIP no borra el archivo legacy.
media,asset:system/backoffice/includes/plugins/iCheck/square/orange@2x.png,Uso documental no equivale a aprobación de propósito/identidad de medios.,R11_MEDIA_INFRASTRUCTURE,CONFIRMED,SKIP,R-M03,LOW,,media-master.csv:system/backoffice/includes/plugins/iCheck/square/orange@2x.png bucket=system/backoffice,Asset de interfaz del CMS legacy o fuente de iconos del frontend: no es media editorial. El tema nuevo aporta sus propios assets. SKIP no borra el archivo legacy.
media,asset:system/backoffice/includes/plugins/iCheck/square/pink.png,Uso documental no equivale a aprobación de propósito/identidad de medios.,R11_MEDIA_INFRASTRUCTURE,CONFIRMED,SKIP,R-M03,LOW,,media-master.csv:system/backoffice/includes/plugins/iCheck/square/pink.png bucket=system/backoffice,Asset de interfaz del CMS legacy o fuente de iconos del frontend: no es media editorial. El tema nuevo aporta sus propios assets. SKIP no borra el archivo legacy.
media,asset:system/backoffice/includes/plugins/iCheck/square/pink@2x.png,Uso documental no equivale a aprobación de propósito/identidad de medios.,R11_MEDIA_INFRASTRUCTURE,CONFIRMED,SKIP,R-M03,LOW,,media-master.csv:system/backoffice/includes/plugins/iCheck/square/pink@2x.png bucket=system/backoffice,Asset de interfaz del CMS legacy o fuente de iconos del frontend: no es media editorial. El tema nuevo aporta sus propios assets. SKIP no borra el archivo legacy.
media,asset:system/backoffice/includes/plugins/iCheck/square/purple.png,Uso documental no equivale a aprobación de propósito/identidad de medios.,R11_MEDIA_INFRASTRUCTURE,CONFIRMED,SKIP,R-M03,LOW,,media-master.csv:system/backoffice/includes/plugins/iCheck/square/purple.png bucket=system/backoffice,Asset de interfaz del CMS legacy o fuente de iconos del frontend: no es media editorial. El tema nuevo aporta sus propios assets. SKIP no borra el archivo legacy.
media,asset:system/backoffice/includes/plugins/iCheck/square/purple@2x.png,Uso documental no equivale a aprobación de propósito/identidad de medios.,R11_MEDIA_INFRASTRUCTURE,CONFIRMED,SKIP,R-M03,LOW,,media-master.csv:system/backoffice/includes/plugins/iCheck/square/purple@2x.png bucket=system/backoffice,Asset de interfaz del CMS legacy o fuente de iconos del frontend: no es media editorial. El tema nuevo aporta sus propios assets. SKIP no borra el archivo legacy.
media,asset:system/backoffice/includes/plugins/iCheck/square/red.png,Uso documental no equivale a aprobación de propósito/identidad de medios.,R11_MEDIA_INFRASTRUCTURE,CONFIRMED,SKIP,R-M03,LOW,,media-master.csv:system/backoffice/includes/plugins/iCheck/square/red.png bucket=system/backoffice,Asset de interfaz del CMS legacy o fuente de iconos del frontend: no es media editorial. El tema nuevo aporta sus propios assets. SKIP no borra el archivo legacy.
media,asset:system/backoffice/includes/plugins/iCheck/square/red@2x.png,Uso documental no equivale a aprobación de propósito/identidad de medios.,R11_MEDIA_INFRASTRUCTURE,CONFIRMED,SKIP,R-M03,LOW,,media-master.csv:system/backoffice/includes/plugins/iCheck/square/red@2x.png bucket=system/backoffice,Asset de interfaz del CMS legacy o fuente de iconos del frontend: no es media editorial. El tema nuevo aporta sus propios assets. SKIP no borra el archivo legacy.
media,asset:system/backoffice/includes/plugins/iCheck/square/square.png,Uso documental no equivale a aprobación de propósito/identidad de medios.,R11_MEDIA_INFRASTRUCTURE,CONFIRMED,SKIP,R-M03,LOW,,media-master.csv:system/backoffice/includes/plugins/iCheck/square/square.png bucket=system/backoffice,Asset de interfaz del CMS legacy o fuente de iconos del frontend: no es media editorial. El tema nuevo aporta sus propios assets. SKIP no borra el archivo legacy.
media,asset:system/backoffice/includes/plugins/iCheck/square/square@2x.png,Uso documental no equivale a aprobación de propósito/identidad de medios.,R11_MEDIA_INFRASTRUCTURE,CONFIRMED,SKIP,R-M03,LOW,,media-master.csv:system/backoffice/includes/plugins/iCheck/square/square@2x.png bucket=system/backoffice,Asset de interfaz del CMS legacy o fuente de iconos del frontend: no es media editorial. El tema nuevo aporta sus propios assets. SKIP no borra el archivo legacy.
media,asset:system/backoffice/includes/plugins/iCheck/square/yellow.png,Uso documental no equivale a aprobación de propósito/identidad de medios.,R11_MEDIA_INFRASTRUCTURE,CONFIRMED,SKIP,R-M03,LOW,,media-master.csv:system/backoffice/includes/plugins/iCheck/square/yellow.png bucket=system/backoffice,Asset de interfaz del CMS legacy o fuente de iconos del frontend: no es media editorial. El tema nuevo aporta sus propios assets. SKIP no borra el archivo legacy.
media,asset:system/backoffice/includes/plugins/iCheck/square/yellow@2x.png,Uso documental no equivale a aprobación de propósito/identidad de medios.,R11_MEDIA_INFRASTRUCTURE,CONFIRMED,SKIP,R-M03,LOW,,media-master.csv:system/backoffice/includes/plugins/iCheck/square/yellow@2x.png bucket=system/backoffice,Asset de interfaz del CMS legacy o fuente de iconos del frontend: no es media editorial. El tema nuevo aporta sus propios assets. SKIP no borra el archivo legacy.
media,asset:system/backoffice/includes/plugins/ionslider/img/sprite-skin-flat.png,Uso documental no equivale a aprobación de propósito/identidad de medios.,R11_MEDIA_INFRASTRUCTURE,CONFIRMED,SKIP,R-M03,LOW,,media-master.csv:system/backoffice/includes/plugins/ionslider/img/sprite-skin-flat.png bucket=system/backoffice,Asset de interfaz del CMS legacy o fuente de iconos del frontend: no es media editorial. El tema nuevo aporta sus propios assets. SKIP no borra el archivo legacy.
media,asset:system/backoffice/includes/plugins/ionslider/img/sprite-skin-nice.png,Uso documental no equivale a aprobación de propósito/identidad de medios.,R11_MEDIA_INFRASTRUCTURE,CONFIRMED,SKIP,R-M03,LOW,,media-master.csv:system/backoffice/includes/plugins/ionslider/img/sprite-skin-nice.png bucket=system/backoffice,Asset de interfaz del CMS legacy o fuente de iconos del frontend: no es media editorial. El tema nuevo aporta sus propios assets. SKIP no borra el archivo legacy.
media,asset:system/backoffice/tiny_mce/plugins/advimage/img/sample.gif,Uso documental no equivale a aprobación de propósito/identidad de medios.,R11_MEDIA_INFRASTRUCTURE,CONFIRMED,SKIP,R-M03,LOW,,media-master.csv:system/backoffice/tiny_mce/plugins/advimage/img/sample.gif bucket=system/backoffice,Asset de interfaz del CMS legacy o fuente de iconos del frontend: no es media editorial. El tema nuevo aporta sus propios assets. SKIP no borra el archivo legacy.
media,asset:system/backoffice/tiny_mce/plugins/emotions/img/smiley-cool.gif,Uso documental no equivale a aprobación de propósito/identidad de medios.,R11_MEDIA_INFRASTRUCTURE,CONFIRMED,SKIP,R-M03,LOW,,media-master.csv:system/backoffice/tiny_mce/plugins/emotions/img/smiley-cool.gif bucket=system/backoffice,Asset de interfaz del CMS legacy o fuente de iconos del frontend: no es media editorial. El tema nuevo aporta sus propios assets. SKIP no borra el archivo legacy.
media,asset:system/backoffice/tiny_mce/plugins/emotions/img/smiley-cry.gif,Uso documental no equivale a aprobación de propósito/identidad de medios.,R11_MEDIA_INFRASTRUCTURE,CONFIRMED,SKIP,R-M03,LOW,,media-master.csv:system/backoffice/tiny_mce/plugins/emotions/img/smiley-cry.gif bucket=system/backoffice,Asset de interfaz del CMS legacy o fuente de iconos del frontend: no es media editorial. El tema nuevo aporta sus propios assets. SKIP no borra el archivo legacy.
media,asset:system/backoffice/tiny_mce/plugins/emotions/img/smiley-embarassed.gif,Uso documental no equivale a aprobación de propósito/identidad de medios.,R11_MEDIA_INFRASTRUCTURE,CONFIRMED,SKIP,R-M03,LOW,,media-master.csv:system/backoffice/tiny_mce/plugins/emotions/img/smiley-embarassed.gif bucket=system/backoffice,Asset de interfaz del CMS legacy o fuente de iconos del frontend: no es media editorial. El tema nuevo aporta sus propios assets. SKIP no borra el archivo legacy.
media,asset:system/backoffice/tiny_mce/plugins/emotions/img/smiley-foot-in-mouth.gif,Uso documental no equivale a aprobación de propósito/identidad de medios.,R11_MEDIA_INFRASTRUCTURE,CONFIRMED,SKIP,R-M03,LOW,,media-master.csv:system/backoffice/tiny_mce/plugins/emotions/img/smiley-foot-in-mouth.gif bucket=system/backoffice,Asset de interfaz del CMS legacy o fuente de iconos del frontend: no es media editorial. El tema nuevo aporta sus propios assets. SKIP no borra el archivo legacy.
media,asset:system/backoffice/tiny_mce/plugins/emotions/img/smiley-frown.gif,Uso documental no equivale a aprobación de propósito/identidad de medios.,R11_MEDIA_INFRASTRUCTURE,CONFIRMED,SKIP,R-M03,LOW,,media-master.csv:system/backoffice/tiny_mce/plugins/emotions/img/smiley-frown.gif bucket=system/backoffice,Asset de interfaz del CMS legacy o fuente de iconos del frontend: no es media editorial. El tema nuevo aporta sus propios assets. SKIP no borra el archivo legacy.
media,asset:system/backoffice/tiny_mce/plugins/emotions/img/smiley-innocent.gif,Uso documental no equivale a aprobación de propósito/identidad de medios.,R11_MEDIA_INFRASTRUCTURE,CONFIRMED,SKIP,R-M03,LOW,,media-master.csv:system/backoffice/tiny_mce/plugins/emotions/img/smiley-innocent.gif bucket=system/backoffice,Asset de interfaz del CMS legacy o fuente de iconos del frontend: no es media editorial. El tema nuevo aporta sus propios assets. SKIP no borra el archivo legacy.
media,asset:system/backoffice/tiny_mce/plugins/emotions/img/smiley-kiss.gif,Uso documental no equivale a aprobación de propósito/identidad de medios.,R11_MEDIA_INFRASTRUCTURE,CONFIRMED,SKIP,R-M03,LOW,,media-master.csv:system/backoffice/tiny_mce/plugins/emotions/img/smiley-kiss.gif bucket=system/backoffice,Asset de interfaz del CMS legacy o fuente de iconos del frontend: no es media editorial. El tema nuevo aporta sus propios assets. SKIP no borra el archivo legacy.
media,asset:system/backoffice/tiny_mce/plugins/emotions/img/smiley-laughing.gif,Uso documental no equivale a aprobación de propósito/identidad de medios.,R11_MEDIA_INFRASTRUCTURE,CONFIRMED,SKIP,R-M03,LOW,,media-master.csv:system/backoffice/tiny_mce/plugins/emotions/img/smiley-laughing.gif bucket=system/backoffice,Asset de interfaz del CMS legacy o fuente de iconos del frontend: no es media editorial. El tema nuevo aporta sus propios assets. SKIP no borra el archivo legacy.
media,asset:system/backoffice/tiny_mce/plugins/emotions/img/smiley-money-mouth.gif,Uso documental no equivale a aprobación de propósito/identidad de medios.,R11_MEDIA_INFRASTRUCTURE,CONFIRMED,SKIP,R-M03,LOW,,media-master.csv:system/backoffice/tiny_mce/plugins/emotions/img/smiley-money-mouth.gif bucket=system/backoffice,Asset de interfaz del CMS legacy o fuente de iconos del frontend: no es media editorial. El tema nuevo aporta sus propios assets. SKIP no borra el archivo legacy.
media,asset:system/backoffice/tiny_mce/plugins/emotions/img/smiley-sealed.gif,Uso documental no equivale a aprobación de propósito/identidad de medios.,R11_MEDIA_INFRASTRUCTURE,CONFIRMED,SKIP,R-M03,LOW,,media-master.csv:system/backoffice/tiny_mce/plugins/emotions/img/smiley-sealed.gif bucket=system/backoffice,Asset de interfaz del CMS legacy o fuente de iconos del frontend: no es media editorial. El tema nuevo aporta sus propios assets. SKIP no borra el archivo legacy.
media,asset:system/backoffice/tiny_mce/plugins/emotions/img/smiley-smile.gif,Uso documental no equivale a aprobación de propósito/identidad de medios.,R11_MEDIA_INFRASTRUCTURE,CONFIRMED,SKIP,R-M03,LOW,,media-master.csv:system/backoffice/tiny_mce/plugins/emotions/img/smiley-smile.gif bucket=system/backoffice,Asset de interfaz del CMS legacy o fuente de iconos del frontend: no es media editorial. El tema nuevo aporta sus propios assets. SKIP no borra el archivo legacy.
media,asset:system/backoffice/tiny_mce/plugins/emotions/img/smiley-surprised.gif,Uso documental no equivale a aprobación de propósito/identidad de medios.,R11_MEDIA_INFRASTRUCTURE,CONFIRMED,SKIP,R-M03,LOW,,media-master.csv:system/backoffice/tiny_mce/plugins/emotions/img/smiley-surprised.gif bucket=system/backoffice,Asset de interfaz del CMS legacy o fuente de iconos del frontend: no es media editorial. El tema nuevo aporta sus propios assets. SKIP no borra el archivo legacy.
media,asset:system/backoffice/tiny_mce/plugins/emotions/img/smiley-tongue-out.gif,Uso documental no equivale a aprobación de propósito/identidad de medios.,R11_MEDIA_INFRASTRUCTURE,CONFIRMED,SKIP,R-M03,LOW,,media-master.csv:system/backoffice/tiny_mce/plugins/emotions/img/smiley-tongue-out.gif bucket=system/backoffice,Asset de interfaz del CMS legacy o fuente de iconos del frontend: no es media editorial. El tema nuevo aporta sus propios assets. SKIP no borra el archivo legacy.
media,asset:system/backoffice/tiny_mce/plugins/emotions/img/smiley-undecided.gif,Uso documental no equivale a aprobación de propósito/identidad de medios.,R11_MEDIA_INFRASTRUCTURE,CONFIRMED,SKIP,R-M03,LOW,,media-master.csv:system/backoffice/tiny_mce/plugins/emotions/img/smiley-undecided.gif bucket=system/backoffice,Asset de interfaz del CMS legacy o fuente de iconos del frontend: no es media editorial. El tema nuevo aporta sus propios assets. SKIP no borra el archivo legacy.
media,asset:system/backoffice/tiny_mce/plugins/emotions/img/smiley-wink.gif,Uso documental no equivale a aprobación de propósito/identidad de medios.,R11_MEDIA_INFRASTRUCTURE,CONFIRMED,SKIP,R-M03,LOW,,media-master.csv:system/backoffice/tiny_mce/plugins/emotions/img/smiley-wink.gif bucket=system/backoffice,Asset de interfaz del CMS legacy o fuente de iconos del frontend: no es media editorial. El tema nuevo aporta sus propios assets. SKIP no borra el archivo legacy.
media,asset:system/backoffice/tiny_mce/plugins/emotions/img/smiley-yell.gif,Uso documental no equivale a aprobación de propósito/identidad de medios.,R11_MEDIA_INFRASTRUCTURE,CONFIRMED,SKIP,R-M03,LOW,,media-master.csv:system/backoffice/tiny_mce/plugins/emotions/img/smiley-yell.gif bucket=system/backoffice,Asset de interfaz del CMS legacy o fuente de iconos del frontend: no es media editorial. El tema nuevo aporta sus propios assets. SKIP no borra el archivo legacy.
media,asset:system/backoffice/tiny_mce/plugins/example/img/example.gif,Uso documental no equivale a aprobación de propósito/identidad de medios.,R11_MEDIA_INFRASTRUCTURE,CONFIRMED,SKIP,R-M03,LOW,,media-master.csv:system/backoffice/tiny_mce/plugins/example/img/example.gif bucket=system/backoffice,Asset de interfaz del CMS legacy o fuente de iconos del frontend: no es media editorial. El tema nuevo aporta sus propios assets. SKIP no borra el archivo legacy.
media,asset:system/backoffice/tiny_mce/plugins/inlinepopups/skins/clearlooks2/img/alert.gif,Uso documental no equivale a aprobación de propósito/identidad de medios.,R11_MEDIA_INFRASTRUCTURE,CONFIRMED,SKIP,R-M03,LOW,,media-master.csv:system/backoffice/tiny_mce/plugins/inlinepopups/skins/clearlooks2/img/alert.gif bucket=system/backoffice,Asset de interfaz del CMS legacy o fuente de iconos del frontend: no es media editorial. El tema nuevo aporta sus propios assets. SKIP no borra el archivo legacy.
media,asset:system/backoffice/tiny_mce/plugins/inlinepopups/skins/clearlooks2/img/button.gif,Uso documental no equivale a aprobación de propósito/identidad de medios.,R11_MEDIA_INFRASTRUCTURE,CONFIRMED,SKIP,R-M03,LOW,,media-master.csv:system/backoffice/tiny_mce/plugins/inlinepopups/skins/clearlooks2/img/button.gif bucket=system/backoffice,Asset de interfaz del CMS legacy o fuente de iconos del frontend: no es media editorial. El tema nuevo aporta sus propios assets. SKIP no borra el archivo legacy.
media,asset:system/backoffice/tiny_mce/plugins/inlinepopups/skins/clearlooks2/img/buttons.gif,Uso documental no equivale a aprobación de propósito/identidad de medios.,R11_MEDIA_INFRASTRUCTURE,CONFIRMED,SKIP,R-M03,LOW,,media-master.csv:system/backoffice/tiny_mce/plugins/inlinepopups/skins/clearlooks2/img/buttons.gif bucket=system/backoffice,Asset de interfaz del CMS legacy o fuente de iconos del frontend: no es media editorial. El tema nuevo aporta sus propios assets. SKIP no borra el archivo legacy.
media,asset:system/backoffice/tiny_mce/plugins/inlinepopups/skins/clearlooks2/img/confirm.gif,Uso documental no equivale a aprobación de propósito/identidad de medios.,R11_MEDIA_INFRASTRUCTURE,CONFIRMED,SKIP,R-M03,LOW,,media-master.csv:system/backoffice/tiny_mce/plugins/inlinepopups/skins/clearlooks2/img/confirm.gif bucket=system/backoffice,Asset de interfaz del CMS legacy o fuente de iconos del frontend: no es media editorial. El tema nuevo aporta sus propios assets. SKIP no borra el archivo legacy.
media,asset:system/backoffice/tiny_mce/plugins/inlinepopups/skins/clearlooks2/img/corners.gif,Uso documental no equivale a aprobación de propósito/identidad de medios.,R11_MEDIA_INFRASTRUCTURE,CONFIRMED,SKIP,R-M03,LOW,,media-master.csv:system/backoffice/tiny_mce/plugins/inlinepopups/skins/clearlooks2/img/corners.gif bucket=system/backoffice,Asset de interfaz del CMS legacy o fuente de iconos del frontend: no es media editorial. El tema nuevo aporta sus propios assets. SKIP no borra el archivo legacy.
media,asset:system/backoffice/tiny_mce/plugins/inlinepopups/skins/clearlooks2/img/horizontal.gif,Uso documental no equivale a aprobación de propósito/identidad de medios.,R11_MEDIA_INFRASTRUCTURE,CONFIRMED,SKIP,R-M03,LOW,,media-master.csv:system/backoffice/tiny_mce/plugins/inlinepopups/skins/clearlooks2/img/horizontal.gif bucket=system/backoffice,Asset de interfaz del CMS legacy o fuente de iconos del frontend: no es media editorial. El tema nuevo aporta sus propios assets. SKIP no borra el archivo legacy.
media,asset:system/backoffice/tiny_mce/plugins/inlinepopups/skins/clearlooks2/img/vertical.gif,Uso documental no equivale a aprobación de propósito/identidad de medios.,R11_MEDIA_INFRASTRUCTURE,CONFIRMED,SKIP,R-M03,LOW,,media-master.csv:system/backoffice/tiny_mce/plugins/inlinepopups/skins/clearlooks2/img/vertical.gif bucket=system/backoffice,Asset de interfaz del CMS legacy o fuente de iconos del frontend: no es media editorial. El tema nuevo aporta sus propios assets. SKIP no borra el archivo legacy.
media,asset:system/backoffice/tiny_mce/plugins/media/img/flash.gif,Uso documental no equivale a aprobación de propósito/identidad de medios.,R11_MEDIA_INFRASTRUCTURE,CONFIRMED,SKIP,R-M03,LOW,,media-master.csv:system/backoffice/tiny_mce/plugins/media/img/flash.gif bucket=system/backoffice,Asset de interfaz del CMS legacy o fuente de iconos del frontend: no es media editorial. El tema nuevo aporta sus propios assets. SKIP no borra el archivo legacy.
media,asset:system/backoffice/tiny_mce/plugins/media/img/quicktime.gif,Uso documental no equivale a aprobación de propósito/identidad de medios.,R11_MEDIA_INFRASTRUCTURE,CONFIRMED,SKIP,R-M03,LOW,,media-master.csv:system/backoffice/tiny_mce/plugins/media/img/quicktime.gif bucket=system/backoffice,Asset de interfaz del CMS legacy o fuente de iconos del frontend: no es media editorial. El tema nuevo aporta sus propios assets. SKIP no borra el archivo legacy.
media,asset:system/backoffice/tiny_mce/plugins/media/img/realmedia.gif,Uso documental no equivale a aprobación de propósito/identidad de medios.,R11_MEDIA_INFRASTRUCTURE,CONFIRMED,SKIP,R-M03,LOW,,media-master.csv:system/backoffice/tiny_mce/plugins/media/img/realmedia.gif bucket=system/backoffice,Asset de interfaz del CMS legacy o fuente de iconos del frontend: no es media editorial. El tema nuevo aporta sus propios assets. SKIP no borra el archivo legacy.
media,asset:system/backoffice/tiny_mce/plugins/media/img/shockwave.gif,Uso documental no equivale a aprobación de propósito/identidad de medios.,R11_MEDIA_INFRASTRUCTURE,CONFIRMED,SKIP,R-M03,LOW,,media-master.csv:system/backoffice/tiny_mce/plugins/media/img/shockwave.gif bucket=system/backoffice,Asset de interfaz del CMS legacy o fuente de iconos del frontend: no es media editorial. El tema nuevo aporta sus propios assets. SKIP no borra el archivo legacy.
media,asset:system/backoffice/tiny_mce/plugins/media/img/trans.gif,Uso documental no equivale a aprobación de propósito/identidad de medios.,R11_MEDIA_INFRASTRUCTURE,CONFIRMED,SKIP,R-M03,LOW,,media-master.csv:system/backoffice/tiny_mce/plugins/media/img/trans.gif bucket=system/backoffice,Asset de interfaz del CMS legacy o fuente de iconos del frontend: no es media editorial. El tema nuevo aporta sus propios assets. SKIP no borra el archivo legacy.
media,asset:system/backoffice/tiny_mce/plugins/media/img/windowsmedia.gif,Uso documental no equivale a aprobación de propósito/identidad de medios.,R11_MEDIA_INFRASTRUCTURE,CONFIRMED,SKIP,R-M03,LOW,,media-master.csv:system/backoffice/tiny_mce/plugins/media/img/windowsmedia.gif bucket=system/backoffice,Asset de interfaz del CMS legacy o fuente de iconos del frontend: no es media editorial. El tema nuevo aporta sus propios assets. SKIP no borra el archivo legacy.
media,asset:system/backoffice/tiny_mce/plugins/pagebreak/img/pagebreak.gif,Uso documental no equivale a aprobación de propósito/identidad de medios.,R11_MEDIA_INFRASTRUCTURE,CONFIRMED,SKIP,R-M03,LOW,,media-master.csv:system/backoffice/tiny_mce/plugins/pagebreak/img/pagebreak.gif bucket=system/backoffice,Asset de interfaz del CMS legacy o fuente de iconos del frontend: no es media editorial. El tema nuevo aporta sus propios assets. SKIP no borra el archivo legacy.
media,asset:system/backoffice/tiny_mce/plugins/pagebreak/img/trans.gif,Uso documental no equivale a aprobación de propósito/identidad de medios.,R11_MEDIA_INFRASTRUCTURE,CONFIRMED,SKIP,R-M03,LOW,,media-master.csv:system/backoffice/tiny_mce/plugins/pagebreak/img/trans.gif bucket=system/backoffice,Asset de interfaz del CMS legacy o fuente de iconos del frontend: no es media editorial. El tema nuevo aporta sus propios assets. SKIP no borra el archivo legacy.
media,asset:system/backoffice/tiny_mce/plugins/spellchecker/img/wline.gif,Uso documental no equivale a aprobación de propósito/identidad de medios.,R11_MEDIA_INFRASTRUCTURE,CONFIRMED,SKIP,R-M03,LOW,,media-master.csv:system/backoffice/tiny_mce/plugins/spellchecker/img/wline.gif bucket=system/backoffice,Asset de interfaz del CMS legacy o fuente de iconos del frontend: no es media editorial. El tema nuevo aporta sus propios assets. SKIP no borra el archivo legacy.
media,asset:system/backoffice/tiny_mce/themes/advanced/img/colorpicker.jpg,Uso documental no equivale a aprobación de propósito/identidad de medios.,R11_MEDIA_INFRASTRUCTURE,CONFIRMED,SKIP,R-M03,LOW,,media-master.csv:system/backoffice/tiny_mce/themes/advanced/img/colorpicker.jpg bucket=system/backoffice,Asset de interfaz del CMS legacy o fuente de iconos del frontend: no es media editorial. El tema nuevo aporta sus propios assets. SKIP no borra el archivo legacy.
media,asset:system/backoffice/tiny_mce/themes/advanced/img/icons.gif,Uso documental no equivale a aprobación de propósito/identidad de medios.,R11_MEDIA_INFRASTRUCTURE,CONFIRMED,SKIP,R-M03,LOW,,media-master.csv:system/backoffice/tiny_mce/themes/advanced/img/icons.gif bucket=system/backoffice,Asset de interfaz del CMS legacy o fuente de iconos del frontend: no es media editorial. El tema nuevo aporta sus propios assets. SKIP no borra el archivo legacy.
media,asset:system/backoffice/tiny_mce/themes/advanced/skins/default/img/buttons.png,Uso documental no equivale a aprobación de propósito/identidad de medios.,R11_MEDIA_INFRASTRUCTURE,CONFIRMED,SKIP,R-M03,LOW,,media-master.csv:system/backoffice/tiny_mce/themes/advanced/skins/default/img/buttons.png bucket=system/backoffice,Asset de interfaz del CMS legacy o fuente de iconos del frontend: no es media editorial. El tema nuevo aporta sus propios assets. SKIP no borra el archivo legacy.
media,asset:system/backoffice/tiny_mce/themes/advanced/skins/default/img/items.gif,Uso documental no equivale a aprobación de propósito/identidad de medios.,R11_MEDIA_INFRASTRUCTURE,CONFIRMED,SKIP,R-M03,LOW,,media-master.csv:system/backoffice/tiny_mce/themes/advanced/skins/default/img/items.gif bucket=system/backoffice,Asset de interfaz del CMS legacy o fuente de iconos del frontend: no es media editorial. El tema nuevo aporta sus propios assets. SKIP no borra el archivo legacy.
media,asset:system/backoffice/tiny_mce/themes/advanced/skins/default/img/menu_arrow.gif,Uso documental no equivale a aprobación de propósito/identidad de medios.,R11_MEDIA_INFRASTRUCTURE,CONFIRMED,SKIP,R-M03,LOW,,media-master.csv:system/backoffice/tiny_mce/themes/advanced/skins/default/img/menu_arrow.gif bucket=system/backoffice,Asset de interfaz del CMS legacy o fuente de iconos del frontend: no es media editorial. El tema nuevo aporta sus propios assets. SKIP no borra el archivo legacy.
media,asset:system/backoffice/tiny_mce/themes/advanced/skins/default/img/menu_check.gif,Uso documental no equivale a aprobación de propósito/identidad de medios.,R11_MEDIA_INFRASTRUCTURE,CONFIRMED,SKIP,R-M03,LOW,,media-master.csv:system/backoffice/tiny_mce/themes/advanced/skins/default/img/menu_check.gif bucket=system/backoffice,Asset de interfaz del CMS legacy o fuente de iconos del frontend: no es media editorial. El tema nuevo aporta sus propios assets. SKIP no borra el archivo legacy.
media,asset:system/backoffice/tiny_mce/themes/advanced/skins/default/img/progress.gif,Uso documental no equivale a aprobación de propósito/identidad de medios.,R11_MEDIA_INFRASTRUCTURE,CONFIRMED,SKIP,R-M03,LOW,,media-master.csv:system/backoffice/tiny_mce/themes/advanced/skins/default/img/progress.gif bucket=system/backoffice,Asset de interfaz del CMS legacy o fuente de iconos del frontend: no es media editorial. El tema nuevo aporta sus propios assets. SKIP no borra el archivo legacy.
media,asset:system/backoffice/tiny_mce/themes/advanced/skins/default/img/tabs.gif,Uso documental no equivale a aprobación de propósito/identidad de medios.,R11_MEDIA_INFRASTRUCTURE,CONFIRMED,SKIP,R-M03,LOW,,media-master.csv:system/backoffice/tiny_mce/themes/advanced/skins/default/img/tabs.gif bucket=system/backoffice,Asset de interfaz del CMS legacy o fuente de iconos del frontend: no es media editorial. El tema nuevo aporta sus propios assets. SKIP no borra el archivo legacy.
media,asset:system/backoffice/tiny_mce/themes/advanced/skins/o2k7/img/button_bg.png,Uso documental no equivale a aprobación de propósito/identidad de medios.,R11_MEDIA_INFRASTRUCTURE,CONFIRMED,SKIP,R-M03,LOW,,media-master.csv:system/backoffice/tiny_mce/themes/advanced/skins/o2k7/img/button_bg.png bucket=system/backoffice,Asset de interfaz del CMS legacy o fuente de iconos del frontend: no es media editorial. El tema nuevo aporta sus propios assets. SKIP no borra el archivo legacy.
media,asset:system/backoffice/tiny_mce/themes/advanced/skins/o2k7/img/button_bg_black.png,Uso documental no equivale a aprobación de propósito/identidad de medios.,R11_MEDIA_INFRASTRUCTURE,CONFIRMED,SKIP,R-M03,LOW,,media-master.csv:system/backoffice/tiny_mce/themes/advanced/skins/o2k7/img/button_bg_black.png bucket=system/backoffice,Asset de interfaz del CMS legacy o fuente de iconos del frontend: no es media editorial. El tema nuevo aporta sus propios assets. SKIP no borra el archivo legacy.
media,asset:system/backoffice/tiny_mce/themes/advanced/skins/o2k7/img/button_bg_silver.png,Uso documental no equivale a aprobación de propósito/identidad de medios.,R11_MEDIA_INFRASTRUCTURE,CONFIRMED,SKIP,R-M03,LOW,,media-master.csv:system/backoffice/tiny_mce/themes/advanced/skins/o2k7/img/button_bg_silver.png bucket=system/backoffice,Asset de interfaz del CMS legacy o fuente de iconos del frontend: no es media editorial. El tema nuevo aporta sus propios assets. SKIP no borra el archivo legacy.
media,asset:system/backoffice/tiny_mce/themes/simple/img/icons.gif,Uso documental no equivale a aprobación de propósito/identidad de medios.,R11_MEDIA_INFRASTRUCTURE,CONFIRMED,SKIP,R-M03,LOW,,media-master.csv:system/backoffice/tiny_mce/themes/simple/img/icons.gif bucket=system/backoffice,Asset de interfaz del CMS legacy o fuente de iconos del frontend: no es media editorial. El tema nuevo aporta sus propios assets. SKIP no borra el archivo legacy.
media,asset:system/backoffice/tiny_mce/themes/simple/skins/o2k7/img/button_bg.png,Uso documental no equivale a aprobación de propósito/identidad de medios.,R11_MEDIA_INFRASTRUCTURE,CONFIRMED,SKIP,R-M03,LOW,,media-master.csv:system/backoffice/tiny_mce/themes/simple/skins/o2k7/img/button_bg.png bucket=system/backoffice,Asset de interfaz del CMS legacy o fuente de iconos del frontend: no es media editorial. El tema nuevo aporta sus propios assets. SKIP no borra el archivo legacy.
media,asset:system/css/flecha1.gif,Uso documental no equivale a aprobación de propósito/identidad de medios.,R11_MEDIA_INFRASTRUCTURE,CONFIRMED,SKIP,R-M03,LOW,,media-master.csv:system/css/flecha1.gif bucket=system/other,Asset de interfaz del CMS legacy o fuente de iconos del frontend: no es media editorial. El tema nuevo aporta sus propios assets. SKIP no borra el archivo legacy.
media,asset:system/css/flecha2.gif,Uso documental no equivale a aprobación de propósito/identidad de medios.,R11_MEDIA_INFRASTRUCTURE,CONFIRMED,SKIP,R-M03,LOW,,media-master.csv:system/css/flecha2.gif bucket=system/other,Asset de interfaz del CMS legacy o fuente de iconos del frontend: no es media editorial. El tema nuevo aporta sus propios assets. SKIP no borra el archivo legacy.
media,asset:system/files/images/categorias/0026e2b69ea6b2f5307ae424596371c7610f2fd8,Uso documental no equivale a aprobación de propósito/identidad de medios.,R09_MEDIA_OWNER_PENDING,CONFIRMED,MIGRATE,R-M05,LOW,,media-usage-evidence.csv category=['35'] path=system/files/images/categorias/0026e2b69ea6b2f5307ae424596371c7610f2fd8,Imagen/logo de category con relacion explicita a un termino aprobado.
media,asset:system/files/images/categorias/0184eae287e99a553941e98f9ff70f71139ed643,Uso documental no equivale a aprobación de propósito/identidad de medios.,R09_MEDIA_OWNER_PENDING,CONFIRMED,MIGRATE,R-M05,LOW,,media-usage-evidence.csv category=['23'] path=system/files/images/categorias/0184eae287e99a553941e98f9ff70f71139ed643,Imagen/logo de category con relacion explicita a un termino aprobado.
media,asset:system/files/images/categorias/0730f48454726934e392a937efc6b2c9e432e7c6,Uso documental no equivale a aprobación de propósito/identidad de medios.,R12_MEDIA_PURPOSE_UNPROVEN,NONE,KEEP_REVIEW,R-M07,MEDIUM,D09,media-master.csv:system/files/images/categorias/0730f48454726934e392a937efc6b2c9e432e7c6 usage=IMAGE_APPARENTLY_UNUSED|ORIGINAL|EXACT_DUPLICATE_BYTES|NO_EXTENSION direct_refs=0,Sin relacion con entidad SQL y sin referencia publica atribuible. Ausencia de referencia NO demuestra orfandad (D09): se conserva en REVIEW.
media,asset:system/files/images/categorias/0d4439f5ba46973f404b8a9eaf3c6ed102faad54,Uso documental no equivale a aprobación de propósito/identidad de medios.,R09_MEDIA_OWNER_PENDING,CONFIRMED,MIGRATE,R-M05,LOW,,media-usage-evidence.csv category=['36'] path=system/files/images/categorias/0d4439f5ba46973f404b8a9eaf3c6ed102faad54,Imagen/logo de category con relacion explicita a un termino aprobado.
media,asset:system/files/images/categorias/158ffcb904bc82f2a7d2ec143de37e00730d04bd,Uso documental no equivale a aprobación de propósito/identidad de medios.,R09_MEDIA_OWNER_PENDING,CONFIRMED,MIGRATE,R-M05,LOW,,media-usage-evidence.csv category=['10'] path=system/files/images/categorias/158ffcb904bc82f2a7d2ec143de37e00730d04bd,Imagen/logo de category con relacion explicita a un termino aprobado.
media,asset:system/files/images/categorias/1a32b8fec0f204084918378fed8404a7eacd559f,Uso documental no equivale a aprobación de propósito/identidad de medios.,R12_MEDIA_PURPOSE_UNPROVEN,NONE,KEEP_REVIEW,R-M07,MEDIUM,D09,media-master.csv:system/files/images/categorias/1a32b8fec0f204084918378fed8404a7eacd559f usage=IMAGE_APPARENTLY_UNUSED|ORIGINAL|EXACT_DUPLICATE_BYTES|NO_EXTENSION direct_refs=0,Sin relacion con entidad SQL y sin referencia publica atribuible. Ausencia de referencia NO demuestra orfandad (D09): se conserva en REVIEW.
media,asset:system/files/images/categorias/25a52045f95f6d8635d30d19530ca56f26020262,Uso documental no equivale a aprobación de propósito/identidad de medios.,R09_MEDIA_OWNER_PENDING,CONFIRMED,MIGRATE,R-M05,LOW,,media-usage-evidence.csv category=['27'] path=system/files/images/categorias/25a52045f95f6d8635d30d19530ca56f26020262,Imagen/logo de category con relacion explicita a un termino aprobado.
media,asset:system/files/images/categorias/393bf5523829b0a76434527d0737623ed3951b63,Uso documental no equivale a aprobación de propósito/identidad de medios.,R09_MEDIA_OWNER_PENDING,CONFIRMED,MIGRATE,R-M05,LOW,,media-usage-evidence.csv category=['19'] path=system/files/images/categorias/393bf5523829b0a76434527d0737623ed3951b63,Imagen/logo de category con relacion explicita a un termino aprobado.
media,asset:system/files/images/categorias/3ba01a39dd2e04651a35a7f2a8c2aab034f58f33,Uso documental no equivale a aprobación de propósito/identidad de medios.,R09_MEDIA_OWNER_PENDING,CONFIRMED,MIGRATE,R-M05,LOW,,media-usage-evidence.csv category=['31'] path=system/files/images/categorias/3ba01a39dd2e04651a35a7f2a8c2aab034f58f33,Imagen/logo de category con relacion explicita a un termino aprobado.
media,asset:system/files/images/categorias/3d3f8a7b58fad15cba55a19e1f7dcbd97e37ab41,Uso documental no equivale a aprobación de propósito/identidad de medios.,R09_MEDIA_OWNER_PENDING,CONFIRMED,MIGRATE,R-M05,LOW,,media-usage-evidence.csv category=['11'] path=system/files/images/categorias/3d3f8a7b58fad15cba55a19e1f7dcbd97e37ab41,Imagen/logo de category con relacion explicita a un termino aprobado.
media,asset:system/files/images/categorias/41081b9e7f1bbdd04b5550ad18403fe44052b75e,Uso documental no equivale a aprobación de propósito/identidad de medios.,R09_MEDIA_OWNER_PENDING,CONFIRMED,MIGRATE,R-M05,LOW,,media-usage-evidence.csv category=['39'] path=system/files/images/categorias/41081b9e7f1bbdd04b5550ad18403fe44052b75e,Imagen/logo de category con relacion explicita a un termino aprobado.
media,asset:system/files/images/categorias/41fac25bf3c4f3389882019d1f274fd418b8facb,Uso documental no equivale a aprobación de propósito/identidad de medios.,R09_MEDIA_OWNER_PENDING,CONFIRMED,MIGRATE,R-M05,LOW,,media-usage-evidence.csv category=['29'] path=system/files/images/categorias/41fac25bf3c4f3389882019d1f274fd418b8facb,Imagen/logo de category con relacion explicita a un termino aprobado.
media,asset:system/files/images/categorias/43d4232e7c8e46a381f607bdcb65a691c4321389,Uso documental no equivale a aprobación de propósito/identidad de medios.,R09_MEDIA_OWNER_PENDING,CONFIRMED,MIGRATE,R-M05,LOW,,media-usage-evidence.csv category=['34'] path=system/files/images/categorias/43d4232e7c8e46a381f607bdcb65a691c4321389,Imagen/logo de category con relacion explicita a un termino aprobado.
media,asset:system/files/images/categorias/4c235320c6c73cff73a7e701b74b8e5fd0417378,Uso documental no equivale a aprobación de propósito/identidad de medios.,R09_MEDIA_OWNER_PENDING,CONFIRMED,MIGRATE,R-M05,LOW,,media-usage-evidence.csv category=['30'] path=system/files/images/categorias/4c235320c6c73cff73a7e701b74b8e5fd0417378,Imagen/logo de category con relacion explicita a un termino aprobado.
media,asset:system/files/images/categorias/6ca19dacd9993636b6638cf308a1c4490bb0af98,Uso documental no equivale a aprobación de propósito/identidad de medios.,R09_MEDIA_OWNER_PENDING,CONFIRMED,MIGRATE,R-M05,LOW,,media-usage-evidence.csv category=['32'] path=system/files/images/categorias/6ca19dacd9993636b6638cf308a1c4490bb0af98,Imagen/logo de category con relacion explicita a un termino aprobado.
media,asset:system/files/images/categorias/7c5b21262bddc72229429752adac241d7198c038,Uso documental no equivale a aprobación de propósito/identidad de medios.,R09_MEDIA_OWNER_PENDING,CONFIRMED,MIGRATE,R-M05,LOW,,media-usage-evidence.csv category=['38'] path=system/files/images/categorias/7c5b21262bddc72229429752adac241d7198c038,Imagen/logo de category con relacion explicita a un termino aprobado.
media,asset:system/files/images/categorias/8ca911b748068c9bef002de96ef743ecefb9886b,Uso documental no equivale a aprobación de propósito/identidad de medios.,R09_MEDIA_OWNER_PENDING,CONFIRMED,MIGRATE,R-M05,LOW,,media-usage-evidence.csv category=['22'] path=system/files/images/categorias/8ca911b748068c9bef002de96ef743ecefb9886b,Imagen/logo de category con relacion explicita a un termino aprobado.
media,asset:system/files/images/categorias/9022847e37c72e9a2de76dcdf7c2e22b08cf6cb0,Uso documental no equivale a aprobación de propósito/identidad de medios.,R09_MEDIA_OWNER_PENDING,CONFIRMED,MIGRATE,R-M05,LOW,,media-usage-evidence.csv category=['9'] path=system/files/images/categorias/9022847e37c72e9a2de76dcdf7c2e22b08cf6cb0,Imagen/logo de category con relacion explicita a un termino aprobado.
media,asset:system/files/images/categorias/a15d5cd1cf67dc7a304a8ebe8c9e28a866e7eda2,Uso documental no equivale a aprobación de propósito/identidad de medios.,R09_MEDIA_OWNER_PENDING,CONFIRMED,MIGRATE,R-M05,LOW,,media-usage-evidence.csv category=['18'] path=system/files/images/categorias/a15d5cd1cf67dc7a304a8ebe8c9e28a866e7eda2,Imagen/logo de category con relacion explicita a un termino aprobado.
media,asset:system/files/images/categorias/b0c2e45b23cfd147f3f8bbf7f05a34104ff032f8,Uso documental no equivale a aprobación de propósito/identidad de medios.,R09_MEDIA_OWNER_PENDING,CONFIRMED,MIGRATE,R-M05,LOW,,media-usage-evidence.csv category=['12'] path=system/files/images/categorias/b0c2e45b23cfd147f3f8bbf7f05a34104ff032f8,Imagen/logo de category con relacion explicita a un termino aprobado.
media,asset:system/files/images/categorias/b365a092cbf80ef1af6e99fc3cddc76b0ceb8112,Uso documental no equivale a aprobación de propósito/identidad de medios.,R09_MEDIA_OWNER_PENDING,CONFIRMED,MIGRATE,R-M05,LOW,,media-usage-evidence.csv category=['20'] path=system/files/images/categorias/b365a092cbf80ef1af6e99fc3cddc76b0ceb8112,Imagen/logo de category con relacion explicita a un termino aprobado.
media,asset:system/files/images/categorias/ba3f2923d733855f1d109ba12330647b866a3383,Uso documental no equivale a aprobación de propósito/identidad de medios.,R09_MEDIA_OWNER_PENDING,CONFIRMED,KEEP_REVIEW,R-M05b,MEDIUM,D06,"media-usage-evidence.csv category=['26', '33'] path=system/files/images/categorias/ba3f2923d733855f1d109ba12330647b866a3383",Pertenece a un category que permanece en REVIEW.
media,asset:system/files/images/categorias/bf4d3b2ae60542c4ed05927730f7cc762263f31c,Uso documental no equivale a aprobación de propósito/identidad de medios.,R09_MEDIA_OWNER_PENDING,CONFIRMED,MIGRATE,R-M05,LOW,,media-usage-evidence.csv category=['24'] path=system/files/images/categorias/bf4d3b2ae60542c4ed05927730f7cc762263f31c,Imagen/logo de category con relacion explicita a un termino aprobado.
media,asset:system/files/images/categorias/c46d19fe3eb462f51d4f636a3a4719ea6e8922c5,Uso documental no equivale a aprobación de propósito/identidad de medios.,R09_MEDIA_OWNER_PENDING,CONFIRMED,MIGRATE,R-M05,LOW,,media-usage-evidence.csv category=['14'] path=system/files/images/categorias/c46d19fe3eb462f51d4f636a3a4719ea6e8922c5,Imagen/logo de category con relacion explicita a un termino aprobado.
media,asset:system/files/images/categorias/c8f93030259cd6eb5436a8b4dc88516a8a82cf03,Uso documental no equivale a aprobación de propósito/identidad de medios.,R09_MEDIA_OWNER_PENDING,CONFIRMED,MIGRATE,R-M05,LOW,,media-usage-evidence.csv category=['16'] path=system/files/images/categorias/c8f93030259cd6eb5436a8b4dc88516a8a82cf03,Imagen/logo de category con relacion explicita a un termino aprobado.
media,asset:system/files/images/categorias/cbc5bbf8df505223c1069122842fed702f8be8d8,Uso documental no equivale a aprobación de propósito/identidad de medios.,R09_MEDIA_OWNER_PENDING,CONFIRMED,MIGRATE,R-M05,LOW,,media-usage-evidence.csv category=['13'] path=system/files/images/categorias/cbc5bbf8df505223c1069122842fed702f8be8d8,Imagen/logo de category con relacion explicita a un termino aprobado.
media,asset:system/files/images/categorias/cfae2414005ec241e35e2be9039da54013a231e9,Uso documental no equivale a aprobación de propósito/identidad de medios.,R09_MEDIA_OWNER_PENDING,CONFIRMED,MIGRATE,R-M05,LOW,,media-usage-evidence.csv category=['28'] path=system/files/images/categorias/cfae2414005ec241e35e2be9039da54013a231e9,Imagen/logo de category con relacion explicita a un termino aprobado.
media,asset:system/files/images/categorias/dea67750c58a9beeb1e4bf0140e4b97863635cfa,Uso documental no equivale a aprobación de propósito/identidad de medios.,R09_MEDIA_OWNER_PENDING,CONFIRMED,MIGRATE,R-M05,LOW,,media-usage-evidence.csv category=['17'] path=system/files/images/categorias/dea67750c58a9beeb1e4bf0140e4b97863635cfa,Imagen/logo de category con relacion explicita a un termino aprobado.
media,asset:system/files/images/categorias/e09d138e9fbc0a4df6c160f6f884b18f47a19ed0,Uso documental no equivale a aprobación de propósito/identidad de medios.,R12_MEDIA_PURPOSE_UNPROVEN,NONE,KEEP_REVIEW,R-M07,MEDIUM,D09,media-master.csv:system/files/images/categorias/e09d138e9fbc0a4df6c160f6f884b18f47a19ed0 usage=IMAGE_APPARENTLY_UNUSED|ORIGINAL|NO_EXTENSION direct_refs=0,Sin relacion con entidad SQL y sin referencia publica atribuible. Ausencia de referencia NO demuestra orfandad (D09): se conserva en REVIEW.
media,asset:system/files/images/categorias/ed615bddda8aa301e393e1768b31a2d694243038,Uso documental no equivale a aprobación de propósito/identidad de medios.,R09_MEDIA_OWNER_PENDING,CONFIRMED,MIGRATE,R-M05,LOW,,media-usage-evidence.csv category=['21'] path=system/files/images/categorias/ed615bddda8aa301e393e1768b31a2d694243038,Imagen/logo de category con relacion explicita a un termino aprobado.
media,asset:system/files/images/categorias/f843a4b04170cefcd1c70500fdf0f79819e89148,Uso documental no equivale a aprobación de propósito/identidad de medios.,R09_MEDIA_OWNER_PENDING,CONFIRMED,MIGRATE,R-M05,LOW,,media-usage-evidence.csv category=['37'] path=system/files/images/categorias/f843a4b04170cefcd1c70500fdf0f79819e89148,Imagen/logo de category con relacion explicita a un termino aprobado.
media,asset:system/files/images/productos/0026e2b69ea6b2f5307ae424596371c7610f2fd8,Uso documental no equivale a aprobación de propósito/identidad de medios.,R09_MEDIA_OWNER_PENDING,CONFIRMED,MIGRATE,R-M01,LOW,,product-media-relations.csv path=system/files/images/productos/0026e2b69ea6b2f5307ae424596371c7610f2fd8 products=['34'] kind=IMAGE; sha256=09d077c8876f,Relacion SQL explicita con producto(s) aprobado(s) por R-P01. Bytes validados. Tipo IMAGE.
media,asset:system/files/images/productos/007c9191f5b7800de9549cd241c2b4dba8a9bb9f,Uso documental no equivale a aprobación de propósito/identidad de medios.,R09_MEDIA_OWNER_PENDING,CONFIRMED,KEEP_REVIEW,R-M01b,MEDIUM,D02,"product-media-relations.csv path=system/files/images/productos/007c9191f5b7800de9549cd241c2b4dba8a9bb9f products=['115', '30'] kind=IMAGE","Relacion SQL explicita, pero ningun producto propietario esta aprobado todavia. Se resuelve automaticamente cuando se apruebe el propietario."
media,asset:system/files/images/productos/0184eae287e99a553941e98f9ff70f71139ed643,Uso documental no equivale a aprobación de propósito/identidad de medios.,R09_MEDIA_OWNER_PENDING,CONFIRMED,KEEP_REVIEW,R-M01b,MEDIUM,D02,"product-media-relations.csv path=system/files/images/productos/0184eae287e99a553941e98f9ff70f71139ed643 products=['149', '52'] kind=IMAGE","Relacion SQL explicita, pero ningun producto propietario esta aprobado todavia. Se resuelve automaticamente cuando se apruebe el propietario."
media,asset:system/files/images/productos/041a0efde5e5212d3aae023a37bd508f96f03295,Uso documental no equivale a aprobación de propósito/identidad de medios.,R09_MEDIA_OWNER_PENDING,CONFIRMED,MIGRATE,R-M01,LOW,,product-media-relations.csv path=system/files/images/productos/041a0efde5e5212d3aae023a37bd508f96f03295 products=['146'] kind=IMAGE; sha256=dbd9c7c5a3bf,Relacion SQL explicita con producto(s) aprobado(s) por R-P01. Bytes validados. Tipo IMAGE.
media,asset:system/files/images/productos/0486010282e4b5e4164ef8bb0576b0e931ddc9ed,Uso documental no equivale a aprobación de propósito/identidad de medios.,R09_MEDIA_OWNER_PENDING,CONFIRMED,KEEP_REVIEW,R-M01b,MEDIUM,D02,product-media-relations.csv path=system/files/images/productos/0486010282e4b5e4164ef8bb0576b0e931ddc9ed products=['105'] kind=IMAGE,"Relacion SQL explicita, pero ningun producto propietario esta aprobado todavia. Se resuelve automaticamente cuando se apruebe el propietario."
media,asset:system/files/images/productos/06bfd8e22a88d66d31acea15164a009c18912ca2,Uso documental no equivale a aprobación de propósito/identidad de medios.,R09_MEDIA_OWNER_PENDING,CONFIRMED,KEEP_REVIEW,R-M01b,MEDIUM,D02,"product-media-relations.csv path=system/files/images/productos/06bfd8e22a88d66d31acea15164a009c18912ca2 products=['62', '8'] kind=PDF","Relacion SQL explicita, pero ningun producto propietario esta aprobado todavia. Se resuelve automaticamente cuando se apruebe el propietario."
media,asset:system/files/images/productos/06d1ac8df445fdad9cabf6a632e3c4363258b6ee,Uso documental no equivale a aprobación de propósito/identidad de medios.,R09_MEDIA_OWNER_PENDING,CONFIRMED,MIGRATE,R-M01,LOW,,product-media-relations.csv path=system/files/images/productos/06d1ac8df445fdad9cabf6a632e3c4363258b6ee products=['86'] kind=PDF; sha256=b88c0421334b,Relacion SQL explicita con producto(s) aprobado(s) por R-P01. Bytes validados. Tipo PDF.
media,asset:system/files/images/productos/06f5352d4b43c1c425fca9fbaf8447a697745647,Uso documental no equivale a aprobación de propósito/identidad de medios.,R09_MEDIA_OWNER_PENDING,CONFIRMED,KEEP_REVIEW,R-M01b,MEDIUM,D02,"product-media-relations.csv path=system/files/images/productos/06f5352d4b43c1c425fca9fbaf8447a697745647 products=['137', '55', '90'] kind=IMAGE","Relacion SQL explicita, pero ningun producto propietario esta aprobado todavia. Se resuelve automaticamente cuando se apruebe el propietario."
media,asset:system/files/images/productos/0a1a154b062113c629a1f2b1c58638408479ba39,Uso documental no equivale a aprobación de propósito/identidad de medios.,R09_MEDIA_OWNER_PENDING,CONFIRMED,MIGRATE,R-M01,LOW,,product-media-relations.csv path=system/files/images/productos/0a1a154b062113c629a1f2b1c58638408479ba39 products=['92'] kind=IMAGE; sha256=f3cdc6be9881,Relacion SQL explicita con producto(s) aprobado(s) por R-P01. Bytes validados. Tipo IMAGE.
media,asset:system/files/images/productos/0a6fa9cbeb5ba8ba1eecd18bd2e8c2f28145f2c9,Uso documental no equivale a aprobación de propósito/identidad de medios.,R09_MEDIA_OWNER_PENDING,CONFIRMED,KEEP_REVIEW,R-M01b,MEDIUM,D02,"product-media-relations.csv path=system/files/images/productos/0a6fa9cbeb5ba8ba1eecd18bd2e8c2f28145f2c9 products=['117', '26'] kind=PDF","Relacion SQL explicita, pero ningun producto propietario esta aprobado todavia. Se resuelve automaticamente cuando se apruebe el propietario."
media,asset:system/files/images/productos/0aec19fd8541d023c19ecff7eb167c6c172a2732,Uso documental no equivale a aprobación de propósito/identidad de medios.,R09_MEDIA_OWNER_PENDING,CONFIRMED,KEEP_REVIEW,R-M01b,MEDIUM,D02,"product-media-relations.csv path=system/files/images/productos/0aec19fd8541d023c19ecff7eb167c6c172a2732 products=['113', '47', '80'] kind=IMAGE","Relacion SQL explicita, pero ningun producto propietario esta aprobado todavia. Se resuelve automaticamente cuando se apruebe el propietario."
media,asset:system/files/images/productos/0af69ab19e393782b652aac26101096f8532e265,Uso documental no equivale a aprobación de propósito/identidad de medios.,R09_MEDIA_OWNER_PENDING,CONFIRMED,KEEP_REVIEW,R-M01b,MEDIUM,D02,"product-media-relations.csv path=system/files/images/productos/0af69ab19e393782b652aac26101096f8532e265 products=['100', '42'] kind=IMAGE","Relacion SQL explicita, pero ningun producto propietario esta aprobado todavia. Se resuelve automaticamente cuando se apruebe el propietario."
media,asset:system/files/images/productos/0b26a7b20dd4d467cf9a57c9a5cba26cafbf6203,Uso documental no equivale a aprobación de propósito/identidad de medios.,R09_MEDIA_OWNER_PENDING,CONFIRMED,KEEP_REVIEW,R-M01b,MEDIUM,D02,product-media-relations.csv path=system/files/images/productos/0b26a7b20dd4d467cf9a57c9a5cba26cafbf6203 products=['91'] kind=IMAGE,"Relacion SQL explicita, pero ningun producto propietario esta aprobado todavia. Se resuelve automaticamente cuando se apruebe el propietario."
media,asset:system/files/images/productos/0d4439f5ba46973f404b8a9eaf3c6ed102faad54,Uso documental no equivale a aprobación de propósito/identidad de medios.,R09_MEDIA_OWNER_PENDING,CONFIRMED,KEEP_REVIEW,R-M01b,MEDIUM,D02,product-media-relations.csv path=system/files/images/productos/0d4439f5ba46973f404b8a9eaf3c6ed102faad54 products=['107'] kind=IMAGE,"Relacion SQL explicita, pero ningun producto propietario esta aprobado todavia. Se resuelve automaticamente cuando se apruebe el propietario."
media,asset:system/files/images/productos/0dacf997157fe78848366e1a53f90e10ea3261fe,Uso documental no equivale a aprobación de propósito/identidad de medios.,R09_MEDIA_OWNER_PENDING,CONFIRMED,KEEP_REVIEW,R-M01b,MEDIUM,D02,"product-media-relations.csv path=system/files/images/productos/0dacf997157fe78848366e1a53f90e10ea3261fe products=['149', '52'] kind=IMAGE","Relacion SQL explicita, pero ningun producto propietario esta aprobado todavia. Se resuelve automaticamente cuando se apruebe el propietario."
media,asset:system/files/images/productos/0dd525f64a0290377628938328d07d21668c7f22,Uso documental no equivale a aprobación de propósito/identidad de medios.,R09_MEDIA_OWNER_PENDING,CONFIRMED,KEEP_REVIEW,R-M01b,MEDIUM,D02,"product-media-relations.csv path=system/files/images/productos/0dd525f64a0290377628938328d07d21668c7f22 products=['4', '87'] kind=IMAGE","Relacion SQL explicita, pero ningun producto propietario esta aprobado todavia. Se resuelve automaticamente cuando se apruebe el propietario."
media,asset:system/files/images/productos/0dff9191d2ec6cb7124c0438858de83fb11ccdf7,Uso documental no equivale a aprobación de propósito/identidad de medios.,R09_MEDIA_OWNER_PENDING,CONFIRMED,KEEP_REVIEW,R-M01b,MEDIUM,D02,product-media-relations.csv path=system/files/images/productos/0dff9191d2ec6cb7124c0438858de83fb11ccdf7 products=['9'] kind=IMAGE,"Relacion SQL explicita, pero ningun producto propietario esta aprobado todavia. Se resuelve automaticamente cuando se apruebe el propietario."
media,asset:system/files/images/productos/0e8c380b91a59986427b2a5f2b70fd16a2980099,Uso documental no equivale a aprobación de propósito/identidad de medios.,R09_MEDIA_OWNER_PENDING,CONFIRMED,MIGRATE,R-M01,LOW,,product-media-relations.csv path=system/files/images/productos/0e8c380b91a59986427b2a5f2b70fd16a2980099 products=['68'] kind=IMAGE; sha256=62dfa5a8e3cf,Relacion SQL explicita con producto(s) aprobado(s) por R-P01. Bytes validados. Tipo IMAGE.
media,asset:system/files/images/productos/1353d4c5d6fc4d96cdd001e6284c4cabe1d632c9,Uso documental no equivale a aprobación de propósito/identidad de medios.,R09_MEDIA_OWNER_PENDING,CONFIRMED,KEEP_REVIEW,R-M01b,MEDIUM,D02,product-media-relations.csv path=system/files/images/productos/1353d4c5d6fc4d96cdd001e6284c4cabe1d632c9 products=['38'] kind=IMAGE,"Relacion SQL explicita, pero ningun producto propietario esta aprobado todavia. Se resuelve automaticamente cuando se apruebe el propietario."
media,asset:system/files/images/productos/136ef7a13a590b7377465e3d3c917671ef454cfa,Uso documental no equivale a aprobación de propósito/identidad de medios.,R09_MEDIA_OWNER_PENDING,CONFIRMED,KEEP_REVIEW,R-M01b,MEDIUM,D02,product-media-relations.csv path=system/files/images/productos/136ef7a13a590b7377465e3d3c917671ef454cfa products=['29'] kind=IMAGE,"Relacion SQL explicita, pero ningun producto propietario esta aprobado todavia. Se resuelve automaticamente cuando se apruebe el propietario."
media,asset:system/files/images/productos/137e56b6a9d584dd63289d5aef15bed4b23f9af4,Uso documental no equivale a aprobación de propósito/identidad de medios.,R09_MEDIA_OWNER_PENDING,CONFIRMED,KEEP_REVIEW,R-M01b,MEDIUM,D02,"product-media-relations.csv path=system/files/images/productos/137e56b6a9d584dd63289d5aef15bed4b23f9af4 products=['111', '46'] kind=IMAGE","Relacion SQL explicita, pero ningun producto propietario esta aprobado todavia. Se resuelve automaticamente cuando se apruebe el propietario."
media,asset:system/files/images/productos/13e3c3675402a845e35768698348384af696499f,Uso documental no equivale a aprobación de propósito/identidad de medios.,R09_MEDIA_OWNER_PENDING,CONFIRMED,MIGRATE,R-M01,LOW,,product-media-relations.csv path=system/files/images/productos/13e3c3675402a845e35768698348384af696499f products=['146'] kind=IMAGE; sha256=0df43f2b225e,Relacion SQL explicita con producto(s) aprobado(s) por R-P01. Bytes validados. Tipo IMAGE.
media,asset:system/files/images/productos/158ffcb904bc82f2a7d2ec143de37e00730d04bd,Uso documental no equivale a aprobación de propósito/identidad de medios.,R09_MEDIA_OWNER_PENDING,CONFIRMED,KEEP_REVIEW,R-M01b,MEDIUM,D02,"product-media-relations.csv path=system/files/images/productos/158ffcb904bc82f2a7d2ec143de37e00730d04bd products=['139', '24', '3'] kind=IMAGE","Relacion SQL explicita, pero ningun producto propietario esta aprobado todavia. Se resuelve automaticamente cuando se apruebe el propietario."
media,asset:system/files/images/productos/1625e35ccee3962a89133370c3ef64b6c9eefa6a,Uso documental no equivale a aprobación de propósito/identidad de medios.,R09_MEDIA_OWNER_PENDING,CONFIRMED,KEEP_REVIEW,R-M01b,MEDIUM,D02,"product-media-relations.csv path=system/files/images/productos/1625e35ccee3962a89133370c3ef64b6c9eefa6a products=['50', '59'] kind=IMAGE","Relacion SQL explicita, pero ningun producto propietario esta aprobado todavia. Se resuelve automaticamente cuando se apruebe el propietario."
media,asset:system/files/images/productos/178b1ba338c75e76a62f9528efc0c0d4fc58398a,Uso documental no equivale a aprobación de propósito/identidad de medios.,R09_MEDIA_OWNER_PENDING,CONFIRMED,KEEP_REVIEW,R-M01b,MEDIUM,D02,product-media-relations.csv path=system/files/images/productos/178b1ba338c75e76a62f9528efc0c0d4fc58398a products=['54'] kind=IMAGE,"Relacion SQL explicita, pero ningun producto propietario esta aprobado todavia. Se resuelve automaticamente cuando se apruebe el propietario."
media,asset:system/files/images/productos/187b4bd808ae2adb2a5952d632cf3116e0fc8051,Uso documental no equivale a aprobación de propósito/identidad de medios.,R09_MEDIA_OWNER_PENDING,CONFIRMED,KEEP_REVIEW,R-M01b,MEDIUM,D02,"product-media-relations.csv path=system/files/images/productos/187b4bd808ae2adb2a5952d632cf3116e0fc8051 products=['62', '8'] kind=IMAGE","Relacion SQL explicita, pero ningun producto propietario esta aprobado todavia. Se resuelve automaticamente cuando se apruebe el propietario."
media,asset:system/files/images/productos/19f248004fb1cc292955cdb0c5b339e8cd3eda3c,Uso documental no equivale a aprobación de propósito/identidad de medios.,R09_MEDIA_OWNER_PENDING,CONFIRMED,KEEP_REVIEW,R-M01b,MEDIUM,D02,"product-media-relations.csv path=system/files/images/productos/19f248004fb1cc292955cdb0c5b339e8cd3eda3c products=['145', '25'] kind=PDF","Relacion SQL explicita, pero ningun producto propietario esta aprobado todavia. Se resuelve automaticamente cuando se apruebe el propietario."
media,asset:system/files/images/productos/19f7bf0ad0bb2559064e677d3dd6e122358914cd,Uso documental no equivale a aprobación de propósito/identidad de medios.,R09_MEDIA_OWNER_PENDING,CONFIRMED,KEEP_REVIEW,R-M01b,MEDIUM,D02,"product-media-relations.csv path=system/files/images/productos/19f7bf0ad0bb2559064e677d3dd6e122358914cd products=['12', '82'] kind=PDF","Relacion SQL explicita, pero ningun producto propietario esta aprobado todavia. Se resuelve automaticamente cuando se apruebe el propietario."
media,asset:system/files/images/productos/19f80382b0e81db9f5bed545ec25447045202956,Uso documental no equivale a aprobación de propósito/identidad de medios.,R09_MEDIA_OWNER_PENDING,CONFIRMED,KEEP_REVIEW,R-M01b,MEDIUM,D02,"product-media-relations.csv path=system/files/images/productos/19f80382b0e81db9f5bed545ec25447045202956 products=['143', '51'] kind=PDF","Relacion SQL explicita, pero ningun producto propietario esta aprobado todavia. Se resuelve automaticamente cuando se apruebe el propietario."
media,asset:system/files/images/productos/1bc8deceeea60e7d404142cf859897e4e36ccc86,Uso documental no equivale a aprobación de propósito/identidad de medios.,R09_MEDIA_OWNER_PENDING,CONFIRMED,KEEP_REVIEW,R-M01b,MEDIUM,D02,"product-media-relations.csv path=system/files/images/productos/1bc8deceeea60e7d404142cf859897e4e36ccc86 products=['107', '16', '20', '6'] kind=PDF","Relacion SQL explicita, pero ningun producto propietario esta aprobado todavia. Se resuelve automaticamente cuando se apruebe el propietario."
media,asset:system/files/images/productos/1c6fb09d0758e1a02f2c7d7ac5658c9dc2bcc460,Uso documental no equivale a aprobación de propósito/identidad de medios.,R09_MEDIA_OWNER_PENDING,CONFIRMED,KEEP_REVIEW,R-M01b,MEDIUM,D02,product-media-relations.csv path=system/files/images/productos/1c6fb09d0758e1a02f2c7d7ac5658c9dc2bcc460 products=['101'] kind=IMAGE,"Relacion SQL explicita, pero ningun producto propietario esta aprobado todavia. Se resuelve automaticamente cuando se apruebe el propietario."
media,asset:system/files/images/productos/1dbc1c3bbbced6c0721c851547c4d781f5ffe0a7,Uso documental no equivale a aprobación de propósito/identidad de medios.,R09_MEDIA_OWNER_PENDING,CONFIRMED,KEEP_REVIEW,R-M01b,MEDIUM,D02,"product-media-relations.csv path=system/files/images/productos/1dbc1c3bbbced6c0721c851547c4d781f5ffe0a7 products=['104', '39'] kind=IMAGE","Relacion SQL explicita, pero ningun producto propietario esta aprobado todavia. Se resuelve automaticamente cuando se apruebe el propietario."
media,asset:system/files/images/productos/20ec2b66b713306ac6d2d213bcce8d6810712eef,Uso documental no equivale a aprobación de propósito/identidad de medios.,R09_MEDIA_OWNER_PENDING,CONFIRMED,MIGRATE,R-M01,LOW,,product-media-relations.csv path=system/files/images/productos/20ec2b66b713306ac6d2d213bcce8d6810712eef products=['86'] kind=IMAGE; sha256=197b793185a9,Relacion SQL explicita con producto(s) aprobado(s) por R-P01. Bytes validados. Tipo IMAGE.
media,asset:system/files/images/productos/2321bf300ce02b2cfa633479c59e2c99b735dd65,Uso documental no equivale a aprobación de propósito/identidad de medios.,R09_MEDIA_OWNER_PENDING,CONFIRMED,KEEP_REVIEW,R-M01b,MEDIUM,D02,"product-media-relations.csv path=system/files/images/productos/2321bf300ce02b2cfa633479c59e2c99b735dd65 products=['137', '55', '90'] kind=IMAGE","Relacion SQL explicita, pero ningun producto propietario esta aprobado todavia. Se resuelve automaticamente cuando se apruebe el propietario."
media,asset:system/files/images/productos/232816261d8cd23de8ba236c7245abce4f3e0508,Uso documental no equivale a aprobación de propósito/identidad de medios.,R09_MEDIA_OWNER_PENDING,CONFIRMED,KEEP_REVIEW,R-M01b,MEDIUM,D02,product-media-relations.csv path=system/files/images/productos/232816261d8cd23de8ba236c7245abce4f3e0508 products=['150'] kind=IMAGE,"Relacion SQL explicita, pero ningun producto propietario esta aprobado todavia. Se resuelve automaticamente cuando se apruebe el propietario."
media,asset:system/files/images/productos/23d0316980d95f4f7ece95dd33a74b151eadb1bf,Uso documental no equivale a aprobación de propósito/identidad de medios.,R09_MEDIA_OWNER_PENDING,CONFIRMED,MIGRATE,R-M01,LOW,,product-media-relations.csv path=system/files/images/productos/23d0316980d95f4f7ece95dd33a74b151eadb1bf products=['98'] kind=IMAGE; sha256=12af3a14a407,Relacion SQL explicita con producto(s) aprobado(s) por R-P01. Bytes validados. Tipo IMAGE.
media,asset:system/files/images/productos/245880bebb5e7028014543ebd11b2d787992bb25,Uso documental no equivale a aprobación de propósito/identidad de medios.,R09_MEDIA_OWNER_PENDING,CONFIRMED,KEEP_REVIEW,R-M01b,MEDIUM,D02,product-media-relations.csv path=system/files/images/productos/245880bebb5e7028014543ebd11b2d787992bb25 products=['164'] kind=IMAGE,"Relacion SQL explicita, pero ningun producto propietario esta aprobado todavia. Se resuelve automaticamente cuando se apruebe el propietario."
media,asset:system/files/images/productos/2568a13a5a000ac720a6dfe2cf23e90c7398976a,Uso documental no equivale a aprobación de propósito/identidad de medios.,R09_MEDIA_OWNER_PENDING,CONFIRMED,KEEP_REVIEW,R-M01b,MEDIUM,D02,product-media-relations.csv path=system/files/images/productos/2568a13a5a000ac720a6dfe2cf23e90c7398976a products=['157'] kind=IMAGE,"Relacion SQL explicita, pero ningun producto propietario esta aprobado todavia. Se resuelve automaticamente cuando se apruebe el propietario."
media,asset:system/files/images/productos/25a52045f95f6d8635d30d19530ca56f26020262,Uso documental no equivale a aprobación de propósito/identidad de medios.,R09_MEDIA_OWNER_PENDING,CONFIRMED,KEEP_REVIEW,R-M01b,MEDIUM,D02,product-media-relations.csv path=system/files/images/productos/25a52045f95f6d8635d30d19530ca56f26020262 products=['131'] kind=IMAGE,"Relacion SQL explicita, pero ningun producto propietario esta aprobado todavia. Se resuelve automaticamente cuando se apruebe el propietario."
media,asset:system/files/images/productos/270dc5e4c6c6812ee093439acca26905e68f7d8d,Uso documental no equivale a aprobación de propósito/identidad de medios.,R09_MEDIA_OWNER_PENDING,CONFIRMED,KEEP_REVIEW,R-M01b,MEDIUM,D02,"product-media-relations.csv path=system/files/images/productos/270dc5e4c6c6812ee093439acca26905e68f7d8d products=['139', '24', '3'] kind=PDF","Relacion SQL explicita, pero ningun producto propietario esta aprobado todavia. Se resuelve automaticamente cuando se apruebe el propietario."
media,asset:system/files/images/productos/2783c1d2e280b095bb433d882e864c0662d21e01,Uso documental no equivale a aprobación de propósito/identidad de medios.,R09_MEDIA_OWNER_PENDING,CONFIRMED,MIGRATE,R-M01,LOW,,product-media-relations.csv path=system/files/images/productos/2783c1d2e280b095bb433d882e864c0662d21e01 products=['67'] kind=IMAGE; sha256=9e354094ec66,Relacion SQL explicita con producto(s) aprobado(s) por R-P01. Bytes validados. Tipo IMAGE.
media,asset:system/files/images/productos/27cdd31e50801b69ed83a04dbdac5674d1078906,Uso documental no equivale a aprobación de propósito/identidad de medios.,R09_MEDIA_OWNER_PENDING,CONFIRMED,MIGRATE,R-M01,LOW,,product-media-relations.csv path=system/files/images/productos/27cdd31e50801b69ed83a04dbdac5674d1078906 products=['70'] kind=IMAGE; sha256=c6c8e430f7c0,Relacion SQL explicita con producto(s) aprobado(s) por R-P01. Bytes validados. Tipo IMAGE.
media,asset:system/files/images/productos/27f6e809c1bd243a04dd346479f837e8105a9cf7,Uso documental no equivale a aprobación de propósito/identidad de medios.,R09_MEDIA_OWNER_PENDING,CONFIRMED,KEEP_REVIEW,R-M01b,MEDIUM,D02,product-media-relations.csv path=system/files/images/productos/27f6e809c1bd243a04dd346479f837e8105a9cf7 products=['158'] kind=IMAGE,"Relacion SQL explicita, pero ningun producto propietario esta aprobado todavia. Se resuelve automaticamente cuando se apruebe el propietario."
media,asset:system/files/images/productos/282c6618830434da376551106d0722c97a5f2416,Uso documental no equivale a aprobación de propósito/identidad de medios.,R09_MEDIA_OWNER_PENDING,CONFIRMED,KEEP_REVIEW,R-M01b,MEDIUM,D02,"product-media-relations.csv path=system/files/images/productos/282c6618830434da376551106d0722c97a5f2416 products=['5', '88'] kind=PDF","Relacion SQL explicita, pero ningun producto propietario esta aprobado todavia. Se resuelve automaticamente cuando se apruebe el propietario."
media,asset:system/files/images/productos/28d0e02a9ce0d2231f7b91d5d433cfbcb159b04c,Uso documental no equivale a aprobación de propósito/identidad de medios.,R09_MEDIA_OWNER_PENDING,CONFIRMED,KEEP_REVIEW,R-M01b,MEDIUM,D02,product-media-relations.csv path=system/files/images/productos/28d0e02a9ce0d2231f7b91d5d433cfbcb159b04c products=['61'] kind=IMAGE,"Relacion SQL explicita, pero ningun producto propietario esta aprobado todavia. Se resuelve automaticamente cuando se apruebe el propietario."
media,asset:system/files/images/productos/28e179e98ded1fda52f4c0c570e252ee83a7e709,Uso documental no equivale a aprobación de propósito/identidad de medios.,R09_MEDIA_OWNER_PENDING,CONFIRMED,KEEP_REVIEW,R-M01b,MEDIUM,D02,"product-media-relations.csv path=system/files/images/productos/28e179e98ded1fda52f4c0c570e252ee83a7e709 products=['111', '46'] kind=PDF","Relacion SQL explicita, pero ningun producto propietario esta aprobado todavia. Se resuelve automaticamente cuando se apruebe el propietario."
media,asset:system/files/images/productos/28e8d1d7eba06a05f31a344559e00ae7fa01b95a,Uso documental no equivale a aprobación de propósito/identidad de medios.,R09_MEDIA_OWNER_PENDING,CONFIRMED,KEEP_REVIEW,R-M01b,MEDIUM,D02,product-media-relations.csv path=system/files/images/productos/28e8d1d7eba06a05f31a344559e00ae7fa01b95a products=['150'] kind=IMAGE,"Relacion SQL explicita, pero ningun producto propietario esta aprobado todavia. Se resuelve automaticamente cuando se apruebe el propietario."
media,asset:system/files/images/productos/296bfcce088781d7247a01dc45c2b44244878af9,Uso documental no equivale a aprobación de propósito/identidad de medios.,R09_MEDIA_OWNER_PENDING,CONFIRMED,KEEP_REVIEW,R-M01b,MEDIUM,D02,product-media-relations.csv path=system/files/images/productos/296bfcce088781d7247a01dc45c2b44244878af9 products=['156'] kind=IMAGE,"Relacion SQL explicita, pero ningun producto propietario esta aprobado todavia. Se resuelve automaticamente cuando se apruebe el propietario."
media,asset:system/files/images/productos/2a1ddc16f0e9964ef7207a38e26bea3a92b99aab,Uso documental no equivale a aprobación de propósito/identidad de medios.,R09_MEDIA_OWNER_PENDING,CONFIRMED,KEEP_REVIEW,R-M01b,MEDIUM,D02,product-media-relations.csv path=system/files/images/productos/2a1ddc16f0e9964ef7207a38e26bea3a92b99aab products=['162'] kind=IMAGE,"Relacion SQL explicita, pero ningun producto propietario esta aprobado todavia. Se resuelve automaticamente cuando se apruebe el propietario."
media,asset:system/files/images/productos/2c006fdef8fe51071aae29b8947fc2d51d1b6c71,Uso documental no equivale a aprobación de propósito/identidad de medios.,R09_MEDIA_OWNER_PENDING,CONFIRMED,KEEP_REVIEW,R-M01b,MEDIUM,D02,product-media-relations.csv path=system/files/images/productos/2c006fdef8fe51071aae29b8947fc2d51d1b6c71 products=['38'] kind=IMAGE,"Relacion SQL explicita, pero ningun producto propietario esta aprobado todavia. Se resuelve automaticamente cuando se apruebe el propietario."
media,asset:system/files/images/productos/2c4c5e819ae896a7fc103f81f4997253930f5788,Uso documental no equivale a aprobación de propósito/identidad de medios.,R09_MEDIA_OWNER_PENDING,CONFIRMED,KEEP_REVIEW,R-M01b,MEDIUM,D02,product-media-relations.csv path=system/files/images/productos/2c4c5e819ae896a7fc103f81f4997253930f5788 products=['147'] kind=IMAGE,"Relacion SQL explicita, pero ningun producto propietario esta aprobado todavia. Se resuelve automaticamente cuando se apruebe el propietario."
media,asset:system/files/images/productos/2cf9dcb700d1e35a5125093d4f22ff6952d4ebd0,Uso documental no equivale a aprobación de propósito/identidad de medios.,R09_MEDIA_OWNER_PENDING,CONFIRMED,KEEP_REVIEW,R-M01b,MEDIUM,D02,"product-media-relations.csv path=system/files/images/productos/2cf9dcb700d1e35a5125093d4f22ff6952d4ebd0 products=['122', '133', '33'] kind=PDF","Relacion SQL explicita, pero ningun producto propietario esta aprobado todavia. Se resuelve automaticamente cuando se apruebe el propietario."
media,asset:system/files/images/productos/2dba2794d3274a4845e24aa81c28cf40da541f62,Uso documental no equivale a aprobación de propósito/identidad de medios.,R09_MEDIA_OWNER_PENDING,CONFIRMED,KEEP_REVIEW,R-M01b,MEDIUM,D02,product-media-relations.csv path=system/files/images/productos/2dba2794d3274a4845e24aa81c28cf40da541f62 products=['36'] kind=IMAGE,"Relacion SQL explicita, pero ningun producto propietario esta aprobado todavia. Se resuelve automaticamente cuando se apruebe el propietario."
media,asset:system/files/images/productos/2e6986f34adf7b7e075a57a4f73cac501d03c59d,Uso documental no equivale a aprobación de propósito/identidad de medios.,R09_MEDIA_OWNER_PENDING,CONFIRMED,KEEP_REVIEW,R-M01b,MEDIUM,D02,product-media-relations.csv path=system/files/images/productos/2e6986f34adf7b7e075a57a4f73cac501d03c59d products=['108'] kind=IMAGE,"Relacion SQL explicita, pero ningun producto propietario esta aprobado todavia. Se resuelve automaticamente cuando se apruebe el propietario."
media,asset:system/files/images/productos/2f667c1e185b0ea47b093da526c2d552145b739e,Uso documental no equivale a aprobación de propósito/identidad de medios.,R09_MEDIA_OWNER_PENDING,CONFIRMED,KEEP_REVIEW,R-M01b,MEDIUM,D02,product-media-relations.csv path=system/files/images/productos/2f667c1e185b0ea47b093da526c2d552145b739e products=['64'] kind=IMAGE,"Relacion SQL explicita, pero ningun producto propietario esta aprobado todavia. Se resuelve automaticamente cuando se apruebe el propietario."
media,asset:system/files/images/productos/300d21c729a7df172ac9f070a9b7485e88f8b038,Uso documental no equivale a aprobación de propósito/identidad de medios.,R09_MEDIA_OWNER_PENDING,CONFIRMED,KEEP_REVIEW,R-M01b,MEDIUM,D02,"product-media-relations.csv path=system/files/images/productos/300d21c729a7df172ac9f070a9b7485e88f8b038 products=['116', '130', '29'] kind=PDF","Relacion SQL explicita, pero ningun producto propietario esta aprobado todavia. Se resuelve automaticamente cuando se apruebe el propietario."
media,asset:system/files/images/productos/317ebb40c4284fa181ff3ddeccfb978b29b7248b,Uso documental no equivale a aprobación de propósito/identidad de medios.,R09_MEDIA_OWNER_PENDING,CONFIRMED,KEEP_REVIEW,R-M01b,MEDIUM,D02,"product-media-relations.csv path=system/files/images/productos/317ebb40c4284fa181ff3ddeccfb978b29b7248b products=['149', '52'] kind=PDF","Relacion SQL explicita, pero ningun producto propietario esta aprobado todavia. Se resuelve automaticamente cuando se apruebe el propietario."
media,asset:system/files/images/productos/323ea1a66ccbf677c589b2807058ba4f5754f920,Uso documental no equivale a aprobación de propósito/identidad de medios.,R09_MEDIA_OWNER_PENDING,CONFIRMED,KEEP_REVIEW,R-M01b,MEDIUM,D02,"product-media-relations.csv path=system/files/images/productos/323ea1a66ccbf677c589b2807058ba4f5754f920 products=['108', '9'] kind=IMAGE","Relacion SQL explicita, pero ningun producto propietario esta aprobado todavia. Se resuelve automaticamente cuando se apruebe el propietario."
media,asset:system/files/images/productos/32ee3a4bd87bcb11c182afd1bb63d04631a18b8a,Uso documental no equivale a aprobación de propósito/identidad de medios.,R09_MEDIA_OWNER_PENDING,CONFIRMED,KEEP_REVIEW,R-M01b,MEDIUM,D02,product-media-relations.csv path=system/files/images/productos/32ee3a4bd87bcb11c182afd1bb63d04631a18b8a products=['153'] kind=IMAGE,"Relacion SQL explicita, pero ningun producto propietario esta aprobado todavia. Se resuelve automaticamente cuando se apruebe el propietario."
media,asset:system/files/images/productos/32efa422f2422111a48559ea8db3eedf5a0de2d3,Uso documental no equivale a aprobación de propósito/identidad de medios.,R09_MEDIA_OWNER_PENDING,CONFIRMED,KEEP_REVIEW,R-M01b,MEDIUM,D02,"product-media-relations.csv path=system/files/images/productos/32efa422f2422111a48559ea8db3eedf5a0de2d3 products=['112', '48', '79'] kind=IMAGE","Relacion SQL explicita, pero ningun producto propietario esta aprobado todavia. Se resuelve automaticamente cuando se apruebe el propietario."
media,asset:system/files/images/productos/33f5167b521302c8c32a8895a1e03fe27a09a124,Uso documental no equivale a aprobación de propósito/identidad de medios.,R09_MEDIA_OWNER_PENDING,CONFIRMED,KEEP_REVIEW,R-M01b,MEDIUM,D02,"product-media-relations.csv path=system/files/images/productos/33f5167b521302c8c32a8895a1e03fe27a09a124 products=['147', '21'] kind=PDF","Relacion SQL explicita, pero ningun producto propietario esta aprobado todavia. Se resuelve automaticamente cuando se apruebe el propietario."
media,asset:system/files/images/productos/34f28e439542eac878d04732d90fb8dcbf6fece1,Uso documental no equivale a aprobación de propósito/identidad de medios.,R12_MEDIA_PURPOSE_UNPROVEN,NONE,KEEP_REVIEW,R-M07,MEDIUM,D09,media-master.csv:system/files/images/productos/34f28e439542eac878d04732d90fb8dcbf6fece1 usage=IMAGE_APPARENTLY_UNUSED|ORIGINAL|NO_EXTENSION direct_refs=0,Sin relacion con entidad SQL y sin referencia publica atribuible. Ausencia de referencia NO demuestra orfandad (D09): se conserva en REVIEW.
media,asset:system/files/images/productos/35cb1e4b413bb5287adcd255cb6dc41063b21ca6,Uso documental no equivale a aprobación de propósito/identidad de medios.,R09_MEDIA_OWNER_PENDING,CONFIRMED,KEEP_REVIEW,R-M01b,MEDIUM,D02,"product-media-relations.csv path=system/files/images/productos/35cb1e4b413bb5287adcd255cb6dc41063b21ca6 products=['149', '52'] kind=IMAGE","Relacion SQL explicita, pero ningun producto propietario esta aprobado todavia. Se resuelve automaticamente cuando se apruebe el propietario."
media,asset:system/files/images/productos/36b626d618a50efadb7b2e149ea7093080479e4e,Uso documental no equivale a aprobación de propósito/identidad de medios.,R09_MEDIA_OWNER_PENDING,CONFIRMED,KEEP_REVIEW,R-M01b,MEDIUM,D02,product-media-relations.csv path=system/files/images/productos/36b626d618a50efadb7b2e149ea7093080479e4e products=['160'] kind=IMAGE,"Relacion SQL explicita, pero ningun producto propietario esta aprobado todavia. Se resuelve automaticamente cuando se apruebe el propietario."
media,asset:system/files/images/productos/3795fc76a4c3c0133fecce131dcac2542c18e980,Uso documental no equivale a aprobación de propósito/identidad de medios.,R09_MEDIA_OWNER_PENDING,CONFIRMED,KEEP_REVIEW,R-M01b,MEDIUM,D02,product-media-relations.csv path=system/files/images/productos/3795fc76a4c3c0133fecce131dcac2542c18e980 products=['151'] kind=IMAGE,"Relacion SQL explicita, pero ningun producto propietario esta aprobado todavia. Se resuelve automaticamente cuando se apruebe el propietario."
media,asset:system/files/images/productos/37cb85d2747bda7e0195e84c2b086452e745c35f,Uso documental no equivale a aprobación de propósito/identidad de medios.,R09_MEDIA_OWNER_PENDING,CONFIRMED,KEEP_REVIEW,R-M01b,MEDIUM,D02,product-media-relations.csv path=system/files/images/productos/37cb85d2747bda7e0195e84c2b086452e745c35f products=['82'] kind=IMAGE,"Relacion SQL explicita, pero ningun producto propietario esta aprobado todavia. Se resuelve automaticamente cuando se apruebe el propietario."
media,asset:system/files/images/productos/3806105dd3593a3b306a1ca89e55ce41b47f83a7,Uso documental no equivale a aprobación de propósito/identidad de medios.,R09_MEDIA_OWNER_PENDING,CONFIRMED,KEEP_REVIEW,R-M01b,MEDIUM,D02,"product-media-relations.csv path=system/files/images/productos/3806105dd3593a3b306a1ca89e55ce41b47f83a7 products=['138', '27'] kind=IMAGE","Relacion SQL explicita, pero ningun producto propietario esta aprobado todavia. Se resuelve automaticamente cuando se apruebe el propietario."
media,asset:system/files/images/productos/39bb52ef88ace2a69d69d2e689787cab8114a39e,Uso documental no equivale a aprobación de propósito/identidad de medios.,R09_MEDIA_OWNER_PENDING,CONFIRMED,KEEP_REVIEW,R-M01b,MEDIUM,D02,"product-media-relations.csv path=system/files/images/productos/39bb52ef88ace2a69d69d2e689787cab8114a39e products=['142', '56'] kind=IMAGE","Relacion SQL explicita, pero ningun producto propietario esta aprobado todavia. Se resuelve automaticamente cuando se apruebe el propietario."
media,asset:system/files/images/productos/39c267d9d6655665608d4e1a6dd7d33a17e93e8d,Uso documental no equivale a aprobación de propósito/identidad de medios.,R09_MEDIA_OWNER_PENDING,CONFIRMED,KEEP_REVIEW,R-M01b,MEDIUM,D02,"product-media-relations.csv path=system/files/images/productos/39c267d9d6655665608d4e1a6dd7d33a17e93e8d products=['119', '131', '31'] kind=PDF","Relacion SQL explicita, pero ningun producto propietario esta aprobado todavia. Se resuelve automaticamente cuando se apruebe el propietario."
media,asset:system/files/images/productos/3af12bf12f61eda51a19d1e8af3cefc05878f484,Uso documental no equivale a aprobación de propósito/identidad de medios.,R09_MEDIA_OWNER_PENDING,CONFIRMED,MIGRATE,R-M01,LOW,,"product-media-relations.csv path=system/files/images/productos/3af12bf12f61eda51a19d1e8af3cefc05878f484 products=['70', '71'] kind=PDF; sha256=703eb6311aae",Relacion SQL explicita con producto(s) aprobado(s) por R-P01. Bytes validados. Tipo PDF.
media,asset:system/files/images/productos/3ba01a39dd2e04651a35a7f2a8c2aab034f58f33,Uso documental no equivale a aprobación de propósito/identidad de medios.,R09_MEDIA_OWNER_PENDING,CONFIRMED,KEEP_REVIEW,R-M01b,MEDIUM,D02,"product-media-relations.csv path=system/files/images/productos/3ba01a39dd2e04651a35a7f2a8c2aab034f58f33 products=['117', '26'] kind=IMAGE","Relacion SQL explicita, pero ningun producto propietario esta aprobado todavia. Se resuelve automaticamente cuando se apruebe el propietario."
media,asset:system/files/images/productos/3ba705421037a3956e500eec0062dec52829cea4,Uso documental no equivale a aprobación de propósito/identidad de medios.,R09_MEDIA_OWNER_PENDING,CONFIRMED,KEEP_REVIEW,R-M01b,MEDIUM,D02,"product-media-relations.csv path=system/files/images/productos/3ba705421037a3956e500eec0062dec52829cea4 products=['120', '132', '32'] kind=PDF","Relacion SQL explicita, pero ningun producto propietario esta aprobado todavia. Se resuelve automaticamente cuando se apruebe el propietario."
media,asset:system/files/images/productos/3d2afaf79288b7dc59b91253693d2e7c5bb079ed,Uso documental no equivale a aprobación de propósito/identidad de medios.,R09_MEDIA_OWNER_PENDING,CONFIRMED,KEEP_REVIEW,R-M01b,MEDIUM,D02,product-media-relations.csv path=system/files/images/productos/3d2afaf79288b7dc59b91253693d2e7c5bb079ed products=['78'] kind=IMAGE,"Relacion SQL explicita, pero ningun producto propietario esta aprobado todavia. Se resuelve automaticamente cuando se apruebe el propietario."
media,asset:system/files/images/productos/3d3f8a7b58fad15cba55a19e1f7dcbd97e37ab41,Uso documental no equivale a aprobación de propósito/identidad de medios.,R09_MEDIA_OWNER_PENDING,CONFIRMED,KEEP_REVIEW,R-M01b,MEDIUM,D02,"product-media-relations.csv path=system/files/images/productos/3d3f8a7b58fad15cba55a19e1f7dcbd97e37ab41 products=['136', '54', '89'] kind=IMAGE","Relacion SQL explicita, pero ningun producto propietario esta aprobado todavia. Se resuelve automaticamente cuando se apruebe el propietario."
media,asset:system/files/images/productos/3e24e1170a5ccb8ff7ac68f087a19a9be61e799c,Uso documental no equivale a aprobación de propósito/identidad de medios.,R09_MEDIA_OWNER_PENDING,CONFIRMED,KEEP_REVIEW,R-M01b,MEDIUM,D02,product-media-relations.csv path=system/files/images/productos/3e24e1170a5ccb8ff7ac68f087a19a9be61e799c products=['58'] kind=IMAGE,"Relacion SQL explicita, pero ningun producto propietario esta aprobado todavia. Se resuelve automaticamente cuando se apruebe el propietario."
media,asset:system/files/images/productos/3e620ed84c43c5de234ae437f58f7083e93f6b8d,Uso documental no equivale a aprobación de propósito/identidad de medios.,R09_MEDIA_OWNER_PENDING,CONFIRMED,MIGRATE,R-M01,LOW,,product-media-relations.csv path=system/files/images/productos/3e620ed84c43c5de234ae437f58f7083e93f6b8d products=['77'] kind=PDF; sha256=525617851dbf,Relacion SQL explicita con producto(s) aprobado(s) por R-P01. Bytes validados. Tipo PDF.
media,asset:system/files/images/productos/3fcb5fc39a3f48d550a13c6a20bd92b360ec7b65,Uso documental no equivale a aprobación de propósito/identidad de medios.,R09_MEDIA_OWNER_PENDING,CONFIRMED,KEEP_REVIEW,R-M01b,MEDIUM,D02,"product-media-relations.csv path=system/files/images/productos/3fcb5fc39a3f48d550a13c6a20bd92b360ec7b65 products=['78', '84'] kind=PDF","Relacion SQL explicita, pero ningun producto propietario esta aprobado todavia. Se resuelve automaticamente cuando se apruebe el propietario."
media,asset:system/files/images/productos/4008a0704b50eb6ada4e7733d8a9dc5c331e0163,Uso documental no equivale a aprobación de propósito/identidad de medios.,R09_MEDIA_OWNER_PENDING,CONFIRMED,MIGRATE,R-M01,LOW,,product-media-relations.csv path=system/files/images/productos/4008a0704b50eb6ada4e7733d8a9dc5c331e0163 products=['148'] kind=IMAGE; sha256=9d8bb264b4b6,Relacion SQL explicita con producto(s) aprobado(s) por R-P01. Bytes validados. Tipo IMAGE.
media,asset:system/files/images/productos/409f71ca3285abac3be915562bf8925f557e16b0,Uso documental no equivale a aprobación de propósito/identidad de medios.,R09_MEDIA_OWNER_PENDING,CONFIRMED,KEEP_REVIEW,R-M01b,MEDIUM,D02,product-media-relations.csv path=system/files/images/productos/409f71ca3285abac3be915562bf8925f557e16b0 products=['37'] kind=IMAGE,"Relacion SQL explicita, pero ningun producto propietario esta aprobado todavia. Se resuelve automaticamente cuando se apruebe el propietario."
media,asset:system/files/images/productos/41fac25bf3c4f3389882019d1f274fd418b8facb,Uso documental no equivale a aprobación de propósito/identidad de medios.,R09_MEDIA_OWNER_PENDING,CONFIRMED,KEEP_REVIEW,R-M01b,MEDIUM,D02,"product-media-relations.csv path=system/files/images/productos/41fac25bf3c4f3389882019d1f274fd418b8facb products=['122', '133', '33'] kind=IMAGE","Relacion SQL explicita, pero ningun producto propietario esta aprobado todavia. Se resuelve automaticamente cuando se apruebe el propietario."
media,asset:system/files/images/productos/42ba96f71987cc30cb19107d18eb0649ee492636,Uso documental no equivale a aprobación de propósito/identidad de medios.,R09_MEDIA_OWNER_PENDING,CONFIRMED,KEEP_REVIEW,R-M01b,MEDIUM,D02,"product-media-relations.csv path=system/files/images/productos/42ba96f71987cc30cb19107d18eb0649ee492636 products=['4', '87'] kind=PDF","Relacion SQL explicita, pero ningun producto propietario esta aprobado todavia. Se resuelve automaticamente cuando se apruebe el propietario."
media,asset:system/files/images/productos/43d4232e7c8e46a381f607bdcb65a691c4321389,Uso documental no equivale a aprobación de propósito/identidad de medios.,R09_MEDIA_OWNER_PENDING,CONFIRMED,KEEP_REVIEW,R-M01b,MEDIUM,D02,"product-media-relations.csv path=system/files/images/productos/43d4232e7c8e46a381f607bdcb65a691c4321389 products=['115', '30'] kind=IMAGE","Relacion SQL explicita, pero ningun producto propietario esta aprobado todavia. Se resuelve automaticamente cuando se apruebe el propietario."
media,asset:system/files/images/productos/480de804a97c7cc053d671704d026ceb6d7854d1,Uso documental no equivale a aprobación de propósito/identidad de medios.,R09_MEDIA_OWNER_PENDING,CONFIRMED,KEEP_REVIEW,R-M01b,MEDIUM,D02,product-media-relations.csv path=system/files/images/productos/480de804a97c7cc053d671704d026ceb6d7854d1 products=['103'] kind=IMAGE,"Relacion SQL explicita, pero ningun producto propietario esta aprobado todavia. Se resuelve automaticamente cuando se apruebe el propietario."
media,asset:system/files/images/productos/4ad377beb722dc25f65a34c1ba19e5e5e15d91da,Uso documental no equivale a aprobación de propósito/identidad de medios.,R09_MEDIA_OWNER_PENDING,CONFIRMED,KEEP_REVIEW,R-M01b,MEDIUM,D02,"product-media-relations.csv path=system/files/images/productos/4ad377beb722dc25f65a34c1ba19e5e5e15d91da products=['19', '61'] kind=IMAGE","Relacion SQL explicita, pero ningun producto propietario esta aprobado todavia. Se resuelve automaticamente cuando se apruebe el propietario."
media,asset:system/files/images/productos/4b5ea36b9438bb35d7d67d674da25763cdee3c0f,Uso documental no equivale a aprobación de propósito/identidad de medios.,R09_MEDIA_OWNER_PENDING,CONFIRMED,KEEP_REVIEW,R-M01b,MEDIUM,D02,"product-media-relations.csv path=system/files/images/productos/4b5ea36b9438bb35d7d67d674da25763cdee3c0f products=['122', '133', '33'] kind=IMAGE","Relacion SQL explicita, pero ningun producto propietario esta aprobado todavia. Se resuelve automaticamente cuando se apruebe el propietario."
media,asset:system/files/images/productos/4c235320c6c73cff73a7e701b74b8e5fd0417378,Uso documental no equivale a aprobación de propósito/identidad de medios.,R09_MEDIA_OWNER_PENDING,CONFIRMED,KEEP_REVIEW,R-M01b,MEDIUM,D02,"product-media-relations.csv path=system/files/images/productos/4c235320c6c73cff73a7e701b74b8e5fd0417378 products=['121', '134', '35'] kind=IMAGE","Relacion SQL explicita, pero ningun producto propietario esta aprobado todavia. Se resuelve automaticamente cuando se apruebe el propietario."
media,asset:system/files/images/productos/4df9bc1c4c87a18cd1155164b3216ce053ae18ee,Uso documental no equivale a aprobación de propósito/identidad de medios.,R09_MEDIA_OWNER_PENDING,CONFIRMED,KEEP_REVIEW,R-M01b,MEDIUM,D02,"product-media-relations.csv path=system/files/images/productos/4df9bc1c4c87a18cd1155164b3216ce053ae18ee products=['140', '23'] kind=IMAGE","Relacion SQL explicita, pero ningun producto propietario esta aprobado todavia. Se resuelve automaticamente cuando se apruebe el propietario."
media,asset:system/files/images/productos/52af9161c31f825128383fb23742e384e60dd462,Uso documental no equivale a aprobación de propósito/identidad de medios.,R09_MEDIA_OWNER_PENDING,CONFIRMED,KEEP_REVIEW,R-M01b,MEDIUM,D02,"product-media-relations.csv path=system/files/images/productos/52af9161c31f825128383fb23742e384e60dd462 products=['108', '9'] kind=IMAGE","Relacion SQL explicita, pero ningun producto propietario esta aprobado todavia. Se resuelve automaticamente cuando se apruebe el propietario."
media,asset:system/files/images/productos/52ecaaae0d3f3f087c9edce957e4dd5db733656c,Uso documental no equivale a aprobación de propósito/identidad de medios.,R09_MEDIA_OWNER_PENDING,CONFIRMED,KEEP_REVIEW,R-M01b,MEDIUM,D02,"product-media-relations.csv path=system/files/images/productos/52ecaaae0d3f3f087c9edce957e4dd5db733656c products=['121', '134', '35'] kind=IMAGE","Relacion SQL explicita, pero ningun producto propietario esta aprobado todavia. Se resuelve automaticamente cuando se apruebe el propietario."
media,asset:system/files/images/productos/552f92715162cbb278ab6cbdbdcb057ef483da65,Uso documental no equivale a aprobación de propósito/identidad de medios.,R09_MEDIA_OWNER_PENDING,CONFIRMED,KEEP_REVIEW,R-M01b,MEDIUM,D02,"product-media-relations.csv path=system/files/images/productos/552f92715162cbb278ab6cbdbdcb057ef483da65 products=['138', '27'] kind=PDF","Relacion SQL explicita, pero ningun producto propietario esta aprobado todavia. Se resuelve automaticamente cuando se apruebe el propietario."
media,asset:system/files/images/productos/56b92a9123f8b4859c652b1f53085eb77403b5b5,Uso documental no equivale a aprobación de propósito/identidad de medios.,R09_MEDIA_OWNER_PENDING,CONFIRMED,KEEP_REVIEW,R-M01b,MEDIUM,D02,product-media-relations.csv path=system/files/images/productos/56b92a9123f8b4859c652b1f53085eb77403b5b5 products=['150'] kind=IMAGE,"Relacion SQL explicita, pero ningun producto propietario esta aprobado todavia. Se resuelve automaticamente cuando se apruebe el propietario."
media,asset:system/files/images/productos/596d0d25e474bb84a449cda4680a73db1491f809,Uso documental no equivale a aprobación de propósito/identidad de medios.,R09_MEDIA_OWNER_PENDING,CONFIRMED,MIGRATE,R-M01,LOW,,product-media-relations.csv path=system/files/images/productos/596d0d25e474bb84a449cda4680a73db1491f809 products=['65'] kind=IMAGE; sha256=87765af7e439,Relacion SQL explicita con producto(s) aprobado(s) por R-P01. Bytes validados. Tipo IMAGE.
media,asset:system/files/images/productos/59ca6b73479b3fcde81f96439976896bad94b750,Uso documental no equivale a aprobación de propósito/identidad de medios.,R09_MEDIA_OWNER_PENDING,CONFIRMED,KEEP_REVIEW,R-M01b,MEDIUM,D02,product-media-relations.csv path=system/files/images/productos/59ca6b73479b3fcde81f96439976896bad94b750 products=['2'] kind=IMAGE,"Relacion SQL explicita, pero ningun producto propietario esta aprobado todavia. Se resuelve automaticamente cuando se apruebe el propietario."
media,asset:system/files/images/productos/59e0452766a17eb9cf0d9df76dc79f72d08f013f,Uso documental no equivale a aprobación de propósito/identidad de medios.,R09_MEDIA_OWNER_PENDING,CONFIRMED,KEEP_REVIEW,R-M01b,MEDIUM,D02,"product-media-relations.csv path=system/files/images/productos/59e0452766a17eb9cf0d9df76dc79f72d08f013f products=['11', '94'] kind=IMAGE","Relacion SQL explicita, pero ningun producto propietario esta aprobado todavia. Se resuelve automaticamente cuando se apruebe el propietario."
media,asset:system/files/images/productos/5dca58505e50b423babab3508ac89b5dcf92fdc4,Uso documental no equivale a aprobación de propósito/identidad de medios.,R09_MEDIA_OWNER_PENDING,CONFIRMED,KEEP_REVIEW,R-M01b,MEDIUM,D02,"product-media-relations.csv path=system/files/images/productos/5dca58505e50b423babab3508ac89b5dcf92fdc4 products=['45', '83'] kind=IMAGE","Relacion SQL explicita, pero ningun producto propietario esta aprobado todavia. Se resuelve automaticamente cuando se apruebe el propietario."
media,asset:system/files/images/productos/5ebb1b9e7cdf30669798fa316af64842a73c5a56,Uso documental no equivale a aprobación de propósito/identidad de medios.,R09_MEDIA_OWNER_PENDING,CONFIRMED,MIGRATE,R-M01,LOW,,product-media-relations.csv path=system/files/images/productos/5ebb1b9e7cdf30669798fa316af64842a73c5a56 products=['72'] kind=IMAGE; sha256=b4168948c8f7,Relacion SQL explicita con producto(s) aprobado(s) por R-P01. Bytes validados. Tipo IMAGE.
media,asset:system/files/images/productos/5f90d35f71ae101ed088c67403da1540d91d1192,Uso documental no equivale a aprobación de propósito/identidad de medios.,R09_MEDIA_OWNER_PENDING,CONFIRMED,MIGRATE,R-M01,LOW,,product-media-relations.csv path=system/files/images/productos/5f90d35f71ae101ed088c67403da1540d91d1192 products=['71'] kind=IMAGE; sha256=89985092a942,Relacion SQL explicita con producto(s) aprobado(s) por R-P01. Bytes validados. Tipo IMAGE.
media,asset:system/files/images/productos/5fd1d8e56b075c2ab53eef822c638f07763f1e0c,Uso documental no equivale a aprobación de propósito/identidad de medios.,R09_MEDIA_OWNER_PENDING,CONFIRMED,KEEP_REVIEW,R-M01b,MEDIUM,D02,"product-media-relations.csv path=system/files/images/productos/5fd1d8e56b075c2ab53eef822c638f07763f1e0c products=['136', '54', '89'] kind=IMAGE","Relacion SQL explicita, pero ningun producto propietario esta aprobado todavia. Se resuelve automaticamente cuando se apruebe el propietario."
media,asset:system/files/images/productos/6113e892233d01eab25b3262a5ee24c29f8d1387,Uso documental no equivale a aprobación de propósito/identidad de medios.,R09_MEDIA_OWNER_PENDING,CONFIRMED,KEEP_REVIEW,R-M01b,MEDIUM,D02,product-media-relations.csv path=system/files/images/productos/6113e892233d01eab25b3262a5ee24c29f8d1387 products=['165'] kind=IMAGE,"Relacion SQL explicita, pero ningun producto propietario esta aprobado todavia. Se resuelve automaticamente cuando se apruebe el propietario."
media,asset:system/files/images/productos/626b58db888990c04a7f855e6c03da8fa9fe5460,Uso documental no equivale a aprobación de propósito/identidad de medios.,R09_MEDIA_OWNER_PENDING,CONFIRMED,KEEP_REVIEW,R-M01b,MEDIUM,D02,product-media-relations.csv path=system/files/images/productos/626b58db888990c04a7f855e6c03da8fa9fe5460 products=['17'] kind=IMAGE,"Relacion SQL explicita, pero ningun producto propietario esta aprobado todavia. Se resuelve automaticamente cuando se apruebe el propietario."
media,asset:system/files/images/productos/634c090c7fb64996e1e59d3f3a671ce738013f93,Uso documental no equivale a aprobación de propósito/identidad de medios.,R09_MEDIA_OWNER_PENDING,CONFIRMED,KEEP_REVIEW,R-M01b,MEDIUM,D02,"product-media-relations.csv path=system/files/images/productos/634c090c7fb64996e1e59d3f3a671ce738013f93 products=['117', '26'] kind=IMAGE","Relacion SQL explicita, pero ningun producto propietario esta aprobado todavia. Se resuelve automaticamente cuando se apruebe el propietario."
media,asset:system/files/images/productos/639b9801fe440dcd2179c23cca14401710c5e7e0,Uso documental no equivale a aprobación de propósito/identidad de medios.,R09_MEDIA_OWNER_PENDING,CONFIRMED,MIGRATE,R-M01,LOW,,"product-media-relations.csv path=system/files/images/productos/639b9801fe440dcd2179c23cca14401710c5e7e0 products=['65', '66'] kind=PDF; sha256=0a7193edcd89",Relacion SQL explicita con producto(s) aprobado(s) por R-P01. Bytes validados. Tipo PDF.
media,asset:system/files/images/productos/6703592bfd849be6bda7eea4a8296f3e11ed8198,Uso documental no equivale a aprobación de propósito/identidad de medios.,R09_MEDIA_OWNER_PENDING,CONFIRMED,KEEP_REVIEW,R-M01b,MEDIUM,D02,product-media-relations.csv path=system/files/images/productos/6703592bfd849be6bda7eea4a8296f3e11ed8198 products=['84'] kind=IMAGE,"Relacion SQL explicita, pero ningun producto propietario esta aprobado todavia. Se resuelve automaticamente cuando se apruebe el propietario."
media,asset:system/files/images/productos/67ace3fa64437d6138ff566381ad2b6103667427,Uso documental no equivale a aprobación de propósito/identidad de medios.,R09_MEDIA_OWNER_PENDING,CONFIRMED,KEEP_REVIEW,R-M01b,MEDIUM,D02,product-media-relations.csv path=system/files/images/productos/67ace3fa64437d6138ff566381ad2b6103667427 products=['18'] kind=IMAGE,"Relacion SQL explicita, pero ningun producto propietario esta aprobado todavia. Se resuelve automaticamente cuando se apruebe el propietario."
media,asset:system/files/images/productos/67d4a229ade458e06d088099546a7185387b2fd3,Uso documental no equivale a aprobación de propósito/identidad de medios.,R09_MEDIA_OWNER_PENDING,CONFIRMED,KEEP_REVIEW,R-M01b,MEDIUM,D02,product-media-relations.csv path=system/files/images/productos/67d4a229ade458e06d088099546a7185387b2fd3 products=['40'] kind=IMAGE,"Relacion SQL explicita, pero ningun producto propietario esta aprobado todavia. Se resuelve automaticamente cuando se apruebe el propietario."
media,asset:system/files/images/productos/68350ebf06fb528912f62e2bf663862519c7dd38,Uso documental no equivale a aprobación de propósito/identidad de medios.,R09_MEDIA_OWNER_PENDING,CONFIRMED,KEEP_REVIEW,R-M01b,MEDIUM,D02,"product-media-relations.csv path=system/files/images/productos/68350ebf06fb528912f62e2bf663862519c7dd38 products=['107', '16', '20', '6'] kind=IMAGE","Relacion SQL explicita, pero ningun producto propietario esta aprobado todavia. Se resuelve automaticamente cuando se apruebe el propietario."
media,asset:system/files/images/productos/6ca19dacd9993636b6638cf308a1c4490bb0af98,Uso documental no equivale a aprobación de propósito/identidad de medios.,R09_MEDIA_OWNER_PENDING,CONFIRMED,KEEP_REVIEW,R-M01b,MEDIUM,D02,"product-media-relations.csv path=system/files/images/productos/6ca19dacd9993636b6638cf308a1c4490bb0af98 products=['118', '129', '28'] kind=IMAGE","Relacion SQL explicita, pero ningun producto propietario esta aprobado todavia. Se resuelve automaticamente cuando se apruebe el propietario."
media,asset:system/files/images/productos/6d032a5579b0dd9ef150e1d93528463960040d95,Uso documental no equivale a aprobación de propósito/identidad de medios.,R09_MEDIA_OWNER_PENDING,CONFIRMED,KEEP_REVIEW,R-M01b,MEDIUM,D02,"product-media-relations.csv path=system/files/images/productos/6d032a5579b0dd9ef150e1d93528463960040d95 products=['108', '9'] kind=PDF","Relacion SQL explicita, pero ningun producto propietario esta aprobado todavia. Se resuelve automaticamente cuando se apruebe el propietario."
media,asset:system/files/images/productos/6e1ed3d9b7cfc7e53a9396670b592b8e0a0aa2da,Uso documental no equivale a aprobación de propósito/identidad de medios.,R09_MEDIA_OWNER_PENDING,CONFIRMED,KEEP_REVIEW,R-M01b,MEDIUM,D02,"product-media-relations.csv path=system/files/images/productos/6e1ed3d9b7cfc7e53a9396670b592b8e0a0aa2da products=['7', '91'] kind=PDF","Relacion SQL explicita, pero ningun producto propietario esta aprobado todavia. Se resuelve automaticamente cuando se apruebe el propietario."
media,asset:system/files/images/productos/6e3aa822ebf160680a65c651fe69d07bd648180a,Uso documental no equivale a aprobación de propósito/identidad de medios.,R09_MEDIA_OWNER_PENDING,CONFIRMED,KEEP_REVIEW,R-M01b,MEDIUM,D02,product-media-relations.csv path=system/files/images/productos/6e3aa822ebf160680a65c651fe69d07bd648180a products=['150'] kind=PDF,"Relacion SQL explicita, pero ningun producto propietario esta aprobado todavia. Se resuelve automaticamente cuando se apruebe el propietario."
media,asset:system/files/images/productos/6fd1dea200b4640b615b1e40838660d14a58c2fd,Uso documental no equivale a aprobación de propósito/identidad de medios.,R09_MEDIA_OWNER_PENDING,CONFIRMED,KEEP_REVIEW,R-M01b,MEDIUM,D02,"product-media-relations.csv path=system/files/images/productos/6fd1dea200b4640b615b1e40838660d14a58c2fd products=['137', '55', '90'] kind=PDF","Relacion SQL explicita, pero ningun producto propietario esta aprobado todavia. Se resuelve automaticamente cuando se apruebe el propietario."
media,asset:system/files/images/productos/70e2bb241375fb73400925ead25cfba2d93a8ebf,Uso documental no equivale a aprobación de propósito/identidad de medios.,R09_MEDIA_OWNER_PENDING,CONFIRMED,KEEP_REVIEW,R-M01b,MEDIUM,D02,"product-media-relations.csv path=system/files/images/productos/70e2bb241375fb73400925ead25cfba2d93a8ebf products=['141', '142', '53', '56'] kind=IMAGE","Relacion SQL explicita, pero ningun producto propietario esta aprobado todavia. Se resuelve automaticamente cuando se apruebe el propietario."
media,asset:system/files/images/productos/72df998778c03bc863d043d89ff44bd56b0095ab,Uso documental no equivale a aprobación de propósito/identidad de medios.,R09_MEDIA_OWNER_PENDING,CONFIRMED,MIGRATE,R-M01,LOW,,product-media-relations.csv path=system/files/images/productos/72df998778c03bc863d043d89ff44bd56b0095ab products=['95'] kind=IMAGE; sha256=8b007bd98aad,Relacion SQL explicita con producto(s) aprobado(s) por R-P01. Bytes validados. Tipo IMAGE.
media,asset:system/files/images/productos/74237414514c37fbc6273d2d8ed63ba0af98464d,Uso documental no equivale a aprobación de propósito/identidad de medios.,R09_MEDIA_OWNER_PENDING,CONFIRMED,KEEP_REVIEW,R-M01b,MEDIUM,D02,"product-media-relations.csv path=system/files/images/productos/74237414514c37fbc6273d2d8ed63ba0af98464d products=['17', '2'] kind=PDF","Relacion SQL explicita, pero ningun producto propietario esta aprobado todavia. Se resuelve automaticamente cuando se apruebe el propietario."
media,asset:system/files/images/productos/78540e3c1069358e118a379781ea20b2ccd928b8,Uso documental no equivale a aprobación de propósito/identidad de medios.,R09_MEDIA_OWNER_PENDING,CONFIRMED,KEEP_REVIEW,R-M01b,MEDIUM,D02,product-media-relations.csv path=system/files/images/productos/78540e3c1069358e118a379781ea20b2ccd928b8 products=['150'] kind=IMAGE,"Relacion SQL explicita, pero ningun producto propietario esta aprobado todavia. Se resuelve automaticamente cuando se apruebe el propietario."
media,asset:system/files/images/productos/7aae91babbc90d6203eaaeedc4936bf19dfc8f5b,Uso documental no equivale a aprobación de propósito/identidad de medios.,R09_MEDIA_OWNER_PENDING,CONFIRMED,KEEP_REVIEW,R-M01b,MEDIUM,D02,product-media-relations.csv path=system/files/images/productos/7aae91babbc90d6203eaaeedc4936bf19dfc8f5b products=['31'] kind=IMAGE,"Relacion SQL explicita, pero ningun producto propietario esta aprobado todavia. Se resuelve automaticamente cuando se apruebe el propietario."
media,asset:system/files/images/productos/7ab52eec612af22d23a62f849479371ebf1c2f22,Uso documental no equivale a aprobación de propósito/identidad de medios.,R09_MEDIA_OWNER_PENDING,CONFIRMED,MIGRATE,R-M01,LOW,,"product-media-relations.csv path=system/files/images/productos/7ab52eec612af22d23a62f849479371ebf1c2f22 products=['68', '69'] kind=PDF; sha256=a922b6ce9f9c",Relacion SQL explicita con producto(s) aprobado(s) por R-P01. Bytes validados. Tipo PDF.
media,asset:system/files/images/productos/7baea774c5fc4abe3735d40fdf16e84f1e3521ef,Uso documental no equivale a aprobación de propósito/identidad de medios.,R09_MEDIA_OWNER_PENDING,CONFIRMED,MIGRATE,R-M01,LOW,,"product-media-relations.csv path=system/files/images/productos/7baea774c5fc4abe3735d40fdf16e84f1e3521ef products=['72', '73'] kind=PDF; sha256=7e501c26a5bf",Relacion SQL explicita con producto(s) aprobado(s) por R-P01. Bytes validados. Tipo PDF.
media,asset:system/files/images/productos/7cf4babfab2712e41d6fd1c050f5c31b604c97ae,Uso documental no equivale a aprobación de propósito/identidad de medios.,R09_MEDIA_OWNER_PENDING,CONFIRMED,MIGRATE,R-M01,LOW,,product-media-relations.csv path=system/files/images/productos/7cf4babfab2712e41d6fd1c050f5c31b604c97ae products=['67'] kind=PDF; sha256=e8ac9a72e867,Relacion SQL explicita con producto(s) aprobado(s) por R-P01. Bytes validados. Tipo PDF.
media,asset:system/files/images/productos/7d20ad9bfbd958c417038f14164c8a21573e4d34,Uso documental no equivale a aprobación de propósito/identidad de medios.,R09_MEDIA_OWNER_PENDING,CONFIRMED,KEEP_REVIEW,R-M01b,MEDIUM,D02,"product-media-relations.csv path=system/files/images/productos/7d20ad9bfbd958c417038f14164c8a21573e4d34 products=['108', '9'] kind=IMAGE","Relacion SQL explicita, pero ningun producto propietario esta aprobado todavia. Se resuelve automaticamente cuando se apruebe el propietario."
media,asset:system/files/images/productos/7f7f61551dd20beb863b5847d43b062d728c618d,Uso documental no equivale a aprobación de propósito/identidad de medios.,R09_MEDIA_OWNER_PENDING,CONFIRMED,KEEP_REVIEW,R-M01b,MEDIUM,D02,"product-media-relations.csv path=system/files/images/productos/7f7f61551dd20beb863b5847d43b062d728c618d products=['1', '109', '110', '114'] kind=IMAGE","Relacion SQL explicita, pero ningun producto propietario esta aprobado todavia. Se resuelve automaticamente cuando se apruebe el propietario."
media,asset:system/files/images/productos/800c352920fab91fa561da8cbc0cda7af293ddbf,Uso documental no equivale a aprobación de propósito/identidad de medios.,R09_MEDIA_OWNER_PENDING,CONFIRMED,KEEP_REVIEW,R-M01b,MEDIUM,D02,product-media-relations.csv path=system/files/images/productos/800c352920fab91fa561da8cbc0cda7af293ddbf products=['165'] kind=PDF,"Relacion SQL explicita, pero ningun producto propietario esta aprobado todavia. Se resuelve automaticamente cuando se apruebe el propietario."
media,asset:system/files/images/productos/82a2c23ba681ca31f4eaa85dd863f90a9a54c405,Uso documental no equivale a aprobación de propósito/identidad de medios.,R09_MEDIA_OWNER_PENDING,CONFIRMED,KEEP_REVIEW,R-M01b,MEDIUM,D02,product-media-relations.csv path=system/files/images/productos/82a2c23ba681ca31f4eaa85dd863f90a9a54c405 products=['150'] kind=PDF,"Relacion SQL explicita, pero ningun producto propietario esta aprobado todavia. Se resuelve automaticamente cuando se apruebe el propietario."
media,asset:system/files/images/productos/82d463dae7b7bf4aff07f9221be013b2497ceabf,Uso documental no equivale a aprobación de propósito/identidad de medios.,R09_MEDIA_OWNER_PENDING,CONFIRMED,KEEP_REVIEW,R-M01b,MEDIUM,D02,"product-media-relations.csv path=system/files/images/productos/82d463dae7b7bf4aff07f9221be013b2497ceabf products=['45', '83'] kind=PDF","Relacion SQL explicita, pero ningun producto propietario esta aprobado todavia. Se resuelve automaticamente cuando se apruebe el propietario."
media,asset:system/files/images/productos/83a6ec78d40fa21f9a4823626e7117bd2bac7943,Uso documental no equivale a aprobación de propósito/identidad de medios.,R09_MEDIA_OWNER_PENDING,CONFIRMED,KEEP_REVIEW,R-M01b,MEDIUM,D02,"product-media-relations.csv path=system/files/images/productos/83a6ec78d40fa21f9a4823626e7117bd2bac7943 products=['103', '38'] kind=IMAGE","Relacion SQL explicita, pero ningun producto propietario esta aprobado todavia. Se resuelve automaticamente cuando se apruebe el propietario."
media,asset:system/files/images/productos/85f5ef81d1ffa0cfcefdd5914c8d6d54a6bc3c4b,Uso documental no equivale a aprobación de propósito/identidad de medios.,R09_MEDIA_OWNER_PENDING,CONFIRMED,MIGRATE,R-M01,LOW,,product-media-relations.csv path=system/files/images/productos/85f5ef81d1ffa0cfcefdd5914c8d6d54a6bc3c4b products=['85'] kind=IMAGE; sha256=df6e4d54f77f,Relacion SQL explicita con producto(s) aprobado(s) por R-P01. Bytes validados. Tipo IMAGE.
media,asset:system/files/images/productos/8622f8b336698cab1d58bcd0bb0f864586914bb6,Uso documental no equivale a aprobación de propósito/identidad de medios.,R09_MEDIA_OWNER_PENDING,CONFIRMED,KEEP_REVIEW,R-M01b,MEDIUM,D02,"product-media-relations.csv path=system/files/images/productos/8622f8b336698cab1d58bcd0bb0f864586914bb6 products=['108', '9'] kind=IMAGE","Relacion SQL explicita, pero ningun producto propietario esta aprobado todavia. Se resuelve automaticamente cuando se apruebe el propietario."
media,asset:system/files/images/productos/88115255793f083c25821dff5017d74a6b542988,Uso documental no equivale a aprobación de propósito/identidad de medios.,R09_MEDIA_OWNER_PENDING,CONFIRMED,KEEP_REVIEW,R-M01b,MEDIUM,D02,product-media-relations.csv path=system/files/images/productos/88115255793f083c25821dff5017d74a6b542988 products=['12'] kind=IMAGE,"Relacion SQL explicita, pero ningun producto propietario esta aprobado todavia. Se resuelve automaticamente cuando se apruebe el propietario."
media,asset:system/files/images/productos/8a444bdf198edcb878138128915ef5966b27559a,Uso documental no equivale a aprobación de propósito/identidad de medios.,R09_MEDIA_OWNER_PENDING,CONFIRMED,KEEP_REVIEW,R-M01b,MEDIUM,D02,product-media-relations.csv path=system/files/images/productos/8a444bdf198edcb878138128915ef5966b27559a products=['154'] kind=IMAGE,"Relacion SQL explicita, pero ningun producto propietario esta aprobado todavia. Se resuelve automaticamente cuando se apruebe el propietario."
media,asset:system/files/images/productos/8afd449897be23fa417b449c587ed9dd11093a1d,Uso documental no equivale a aprobación de propósito/identidad de medios.,R09_MEDIA_OWNER_PENDING,CONFIRMED,KEEP_REVIEW,R-M01b,MEDIUM,D02,"product-media-relations.csv path=system/files/images/productos/8afd449897be23fa417b449c587ed9dd11093a1d products=['112', '124', '126', '48', '49', '76', '79'] kind=PDF","Relacion SQL explicita, pero ningun producto propietario esta aprobado todavia. Se resuelve automaticamente cuando se apruebe el propietario."
media,asset:system/files/images/productos/8ca911b748068c9bef002de96ef743ecefb9886b,Uso documental no equivale a aprobación de propósito/identidad de medios.,R09_MEDIA_OWNER_PENDING,CONFIRMED,KEEP_REVIEW,R-M01b,MEDIUM,D02,"product-media-relations.csv path=system/files/images/productos/8ca911b748068c9bef002de96ef743ecefb9886b products=['144', '22'] kind=IMAGE","Relacion SQL explicita, pero ningun producto propietario esta aprobado todavia. Se resuelve automaticamente cuando se apruebe el propietario."
media,asset:system/files/images/productos/8cc9045279f3a6ec3687c1f6ff0baa1dfc71c71b,Uso documental no equivale a aprobación de propósito/identidad de medios.,R09_MEDIA_OWNER_PENDING,CONFIRMED,KEEP_REVIEW,R-M01b,MEDIUM,D02,"product-media-relations.csv path=system/files/images/productos/8cc9045279f3a6ec3687c1f6ff0baa1dfc71c71b products=['128', '96'] kind=IMAGE","Relacion SQL explicita, pero ningun producto propietario esta aprobado todavia. Se resuelve automaticamente cuando se apruebe el propietario."
media,asset:system/files/images/productos/8d7521a7a170e8ac85e5da1dd301ca17c0c24d71,Uso documental no equivale a aprobación de propósito/identidad de medios.,R09_MEDIA_OWNER_PENDING,CONFIRMED,KEEP_REVIEW,R-M01b,MEDIUM,D02,"product-media-relations.csv path=system/files/images/productos/8d7521a7a170e8ac85e5da1dd301ca17c0c24d71 products=['116', '130', '29'] kind=PDF","Relacion SQL explicita, pero ningun producto propietario esta aprobado todavia. Se resuelve automaticamente cuando se apruebe el propietario."
media,asset:system/files/images/productos/8ffd98efe5201d900181b34107af50002abe8ed8,Uso documental no equivale a aprobación de propósito/identidad de medios.,R09_MEDIA_OWNER_PENDING,CONFIRMED,KEEP_REVIEW,R-M01b,MEDIUM,D02,product-media-relations.csv path=system/files/images/productos/8ffd98efe5201d900181b34107af50002abe8ed8 products=['104'] kind=IMAGE,"Relacion SQL explicita, pero ningun producto propietario esta aprobado todavia. Se resuelve automaticamente cuando se apruebe el propietario."
media,asset:system/files/images/productos/9042045b07cea65fac66d1763d8fcc92b235b906,Uso documental no equivale a aprobación de propósito/identidad de medios.,R09_MEDIA_OWNER_PENDING,CONFIRMED,KEEP_REVIEW,R-M01b,MEDIUM,D02,"product-media-relations.csv path=system/files/images/productos/9042045b07cea65fac66d1763d8fcc92b235b906 products=['118', '129', '28'] kind=PDF","Relacion SQL explicita, pero ningun producto propietario esta aprobado todavia. Se resuelve automaticamente cuando se apruebe el propietario."
media,asset:system/files/images/productos/9044e3482acdc8f0e19ebf347a1a24c2e59dd10a,Uso documental no equivale a aprobación de propósito/identidad de medios.,R09_MEDIA_OWNER_PENDING,CONFIRMED,KEEP_REVIEW,R-M01b,MEDIUM,D02,"product-media-relations.csv path=system/files/images/productos/9044e3482acdc8f0e19ebf347a1a24c2e59dd10a products=['142', '56'] kind=PDF","Relacion SQL explicita, pero ningun producto propietario esta aprobado todavia. Se resuelve automaticamente cuando se apruebe el propietario."
media,asset:system/files/images/productos/91b1b22e0757eb17e2b2f7ad5252137d6b50e464,Uso documental no equivale a aprobación de propósito/identidad de medios.,R09_MEDIA_OWNER_PENDING,CONFIRMED,KEEP_REVIEW,R-M01b,MEDIUM,D02,"product-media-relations.csv path=system/files/images/productos/91b1b22e0757eb17e2b2f7ad5252137d6b50e464 products=['105', '40'] kind=IMAGE","Relacion SQL explicita, pero ningun producto propietario esta aprobado todavia. Se resuelve automaticamente cuando se apruebe el propietario."
media,asset:system/files/images/productos/9373560b7092ddbdc9e4c0586c55dacf882d166a,Uso documental no equivale a aprobación de propósito/identidad de medios.,R09_MEDIA_OWNER_PENDING,CONFIRMED,KEEP_REVIEW,R-M01b,MEDIUM,D02,"product-media-relations.csv path=system/files/images/productos/9373560b7092ddbdc9e4c0586c55dacf882d166a products=['17', '2'] kind=IMAGE","Relacion SQL explicita, pero ningun producto propietario esta aprobado todavia. Se resuelve automaticamente cuando se apruebe el propietario."
media,asset:system/files/images/productos/940e095bff6a8002a19ac222a04ce14c4322fa45,Uso documental no equivale a aprobación de propósito/identidad de medios.,R09_MEDIA_OWNER_PENDING,CONFIRMED,KEEP_REVIEW,R-M01b,MEDIUM,D02,"product-media-relations.csv path=system/files/images/productos/940e095bff6a8002a19ac222a04ce14c4322fa45 products=['143', '51'] kind=IMAGE","Relacion SQL explicita, pero ningun producto propietario esta aprobado todavia. Se resuelve automaticamente cuando se apruebe el propietario."
media,asset:system/files/images/productos/94c7f9e458a3b78898415bc349658edb756a09f2,Uso documental no equivale a aprobación de propósito/identidad de medios.,R09_MEDIA_OWNER_PENDING,CONFIRMED,KEEP_REVIEW,R-M01b,MEDIUM,D02,product-media-relations.csv path=system/files/images/productos/94c7f9e458a3b78898415bc349658edb756a09f2 products=['32'] kind=IMAGE,"Relacion SQL explicita, pero ningun producto propietario esta aprobado todavia. Se resuelve automaticamente cuando se apruebe el propietario."
media,asset:system/files/images/productos/959c0d9393ada51bef2817e8db59c54b487d2262,Uso documental no equivale a aprobación de propósito/identidad de medios.,R09_MEDIA_OWNER_PENDING,CONFIRMED,KEEP_REVIEW,R-M01b,MEDIUM,D02,"product-media-relations.csv path=system/files/images/productos/959c0d9393ada51bef2817e8db59c54b487d2262 products=['1', '109', '110', '114'] kind=PDF","Relacion SQL explicita, pero ningun producto propietario esta aprobado todavia. Se resuelve automaticamente cuando se apruebe el propietario."
media,asset:system/files/images/productos/98015c422935fb0f6a54ba324350f2d7877d367d,Uso documental no equivale a aprobación de propósito/identidad de medios.,R09_MEDIA_OWNER_PENDING,CONFIRMED,KEEP_REVIEW,R-M01b,MEDIUM,D02,"product-media-relations.csv path=system/files/images/productos/98015c422935fb0f6a54ba324350f2d7877d367d products=['138', '27'] kind=IMAGE","Relacion SQL explicita, pero ningun producto propietario esta aprobado todavia. Se resuelve automaticamente cuando se apruebe el propietario."
media,asset:system/files/images/productos/9856266836c012c90673224e9379a1a7f4b32389,Uso documental no equivale a aprobación de propósito/identidad de medios.,R09_MEDIA_OWNER_PENDING,CONFIRMED,KEEP_REVIEW,R-M01b,MEDIUM,D02,product-media-relations.csv path=system/files/images/productos/9856266836c012c90673224e9379a1a7f4b32389 products=['64'] kind=PDF,"Relacion SQL explicita, pero ningun producto propietario esta aprobado todavia. Se resuelve automaticamente cuando se apruebe el propietario."
media,asset:system/files/images/productos/9864659d131f5853c5c595c40be3adac9e56f2d9,Uso documental no equivale a aprobación de propósito/identidad de medios.,R09_MEDIA_OWNER_PENDING,CONFIRMED,KEEP_REVIEW,R-M01b,MEDIUM,D02,"product-media-relations.csv path=system/files/images/productos/9864659d131f5853c5c595c40be3adac9e56f2d9 products=['105', '40'] kind=PDF","Relacion SQL explicita, pero ningun producto propietario esta aprobado todavia. Se resuelve automaticamente cuando se apruebe el propietario."
media,asset:system/files/images/productos/98b07de6dca4ad402a37385c485fb6999d5c3323,Uso documental no equivale a aprobación de propósito/identidad de medios.,R09_MEDIA_OWNER_PENDING,CONFIRMED,MIGRATE,R-M01,LOW,,product-media-relations.csv path=system/files/images/productos/98b07de6dca4ad402a37385c485fb6999d5c3323 products=['95'] kind=PDF; sha256=da92b4c85c86,Relacion SQL explicita con producto(s) aprobado(s) por R-P01. Bytes validados. Tipo PDF.
media,asset:system/files/images/productos/9950f4930279c555f7be5fcc6d4382d10784836b,Uso documental no equivale a aprobación de propósito/identidad de medios.,R09_MEDIA_OWNER_PENDING,CONFIRMED,KEEP_REVIEW,R-M01b,MEDIUM,D02,"product-media-relations.csv path=system/files/images/productos/9950f4930279c555f7be5fcc6d4382d10784836b products=['123', '125', '135', '44'] kind=PDF","Relacion SQL explicita, pero ningun producto propietario esta aprobado todavia. Se resuelve automaticamente cuando se apruebe el propietario."
media,asset:system/files/images/productos/9a05d35b35391d87d959fca60be6e20e4d7799c8,Uso documental no equivale a aprobación de propósito/identidad de medios.,R09_MEDIA_OWNER_PENDING,CONFIRMED,KEEP_REVIEW,R-M01b,MEDIUM,D02,"product-media-relations.csv path=system/files/images/productos/9a05d35b35391d87d959fca60be6e20e4d7799c8 products=['119', '31'] kind=IMAGE","Relacion SQL explicita, pero ningun producto propietario esta aprobado todavia. Se resuelve automaticamente cuando se apruebe el propietario."
media,asset:system/files/images/productos/9a3bbe208087a9acd96d7b4cd494e4aa72494760,Uso documental no equivale a aprobación de propósito/identidad de medios.,R09_MEDIA_OWNER_PENDING,CONFIRMED,KEEP_REVIEW,R-M01b,MEDIUM,D02,"product-media-relations.csv path=system/files/images/productos/9a3bbe208087a9acd96d7b4cd494e4aa72494760 products=['50', '59'] kind=IMAGE","Relacion SQL explicita, pero ningun producto propietario esta aprobado todavia. Se resuelve automaticamente cuando se apruebe el propietario."
media,asset:system/files/images/productos/9c0a2ea15383debbe605065d9ce57e3ffbd36204,Uso documental no equivale a aprobación de propósito/identidad de medios.,R09_MEDIA_OWNER_PENDING,CONFIRMED,KEEP_REVIEW,R-M01b,MEDIUM,D02,"product-media-relations.csv path=system/files/images/productos/9c0a2ea15383debbe605065d9ce57e3ffbd36204 products=['141', '53'] kind=PDF","Relacion SQL explicita, pero ningun producto propietario esta aprobado todavia. Se resuelve automaticamente cuando se apruebe el propietario."
media,asset:system/files/images/productos/9dd0f9d01c7f775f93b29328123c87e26182d7a2,Uso documental no equivale a aprobación de propósito/identidad de medios.,R09_MEDIA_OWNER_PENDING,CONFIRMED,KEEP_REVIEW,R-M01b,MEDIUM,D02,"product-media-relations.csv path=system/files/images/productos/9dd0f9d01c7f775f93b29328123c87e26182d7a2 products=['15', '60'] kind=IMAGE","Relacion SQL explicita, pero ningun producto propietario esta aprobado todavia. Se resuelve automaticamente cuando se apruebe el propietario."
media,asset:system/files/images/productos/a55fa2df012da03804394e857fc5e09ed6a69191,Uso documental no equivale a aprobación de propósito/identidad de medios.,R09_MEDIA_OWNER_PENDING,CONFIRMED,KEEP_REVIEW,R-M01b,MEDIUM,D02,"product-media-relations.csv path=system/files/images/productos/a55fa2df012da03804394e857fc5e09ed6a69191 products=['1', '109', '110', '114'] kind=IMAGE","Relacion SQL explicita, pero ningun producto propietario esta aprobado todavia. Se resuelve automaticamente cuando se apruebe el propietario."
media,asset:system/files/images/productos/a78bba8b99dcc3da6728b2ab918aebe4d8411e64,Uso documental no equivale a aprobación de propósito/identidad de medios.,R09_MEDIA_OWNER_PENDING,CONFIRMED,KEEP_REVIEW,R-M01b,MEDIUM,D02,"product-media-relations.csv path=system/files/images/productos/a78bba8b99dcc3da6728b2ab918aebe4d8411e64 products=['119', '131', '31'] kind=PDF","Relacion SQL explicita, pero ningun producto propietario esta aprobado todavia. Se resuelve automaticamente cuando se apruebe el propietario."
media,asset:system/files/images/productos/a7afbb92480eaa329c6e5032085c3a6495f1db7f,Uso documental no equivale a aprobación de propósito/identidad de medios.,R09_MEDIA_OWNER_PENDING,CONFIRMED,KEEP_REVIEW,R-M01b,MEDIUM,D02,product-media-relations.csv path=system/files/images/productos/a7afbb92480eaa329c6e5032085c3a6495f1db7f products=['159'] kind=IMAGE,"Relacion SQL explicita, pero ningun producto propietario esta aprobado todavia. Se resuelve automaticamente cuando se apruebe el propietario."
media,asset:system/files/images/productos/a7febe38bfa295bb6907789a9d0f008c6319b962,Uso documental no equivale a aprobación de propósito/identidad de medios.,R09_MEDIA_OWNER_PENDING,CONFIRMED,MIGRATE,R-M01,LOW,,product-media-relations.csv path=system/files/images/productos/a7febe38bfa295bb6907789a9d0f008c6319b962 products=['77'] kind=IMAGE; sha256=f0d33107c552,Relacion SQL explicita con producto(s) aprobado(s) por R-P01. Bytes validados. Tipo IMAGE.
media,asset:system/files/images/productos/a9cf3d4f6bde89180e0ae23231a70bb8f2ff3300,Uso documental no equivale a aprobación de propósito/identidad de medios.,R09_MEDIA_OWNER_PENDING,CONFIRMED,KEEP_REVIEW,R-M01b,MEDIUM,D02,"product-media-relations.csv path=system/files/images/productos/a9cf3d4f6bde89180e0ae23231a70bb8f2ff3300 products=['10', '127', '93'] kind=PDF","Relacion SQL explicita, pero ningun producto propietario esta aprobado todavia. Se resuelve automaticamente cuando se apruebe el propietario."
media,asset:system/files/images/productos/aa57141f525e4c01f137d26858f1477e6d6a0a8c,Uso documental no equivale a aprobación de propósito/identidad de medios.,R09_MEDIA_OWNER_PENDING,CONFIRMED,KEEP_REVIEW,R-M01b,MEDIUM,D02,"product-media-relations.csv path=system/files/images/productos/aa57141f525e4c01f137d26858f1477e6d6a0a8c products=['120', '132', '32'] kind=PDF","Relacion SQL explicita, pero ningun producto propietario esta aprobado todavia. Se resuelve automaticamente cuando se apruebe el propietario."
media,asset:system/files/images/productos/ad6778fc1e386c13476d2051b66e504deddd77d7,Uso documental no equivale a aprobación de propósito/identidad de medios.,R09_MEDIA_OWNER_PENDING,CONFIRMED,KEEP_REVIEW,R-M01b,MEDIUM,D02,"product-media-relations.csv path=system/files/images/productos/ad6778fc1e386c13476d2051b66e504deddd77d7 products=['104', '39'] kind=PDF","Relacion SQL explicita, pero ningun producto propietario esta aprobado todavia. Se resuelve automaticamente cuando se apruebe el propietario."
media,asset:system/files/images/productos/adc000b103f864f06d51740c630158e411050fa1,Uso documental no equivale a aprobación de propósito/identidad de medios.,R09_MEDIA_OWNER_PENDING,CONFIRMED,KEEP_REVIEW,R-M01b,MEDIUM,D02,"product-media-relations.csv path=system/files/images/productos/adc000b103f864f06d51740c630158e411050fa1 products=['115', '30'] kind=PDF","Relacion SQL explicita, pero ningun producto propietario esta aprobado todavia. Se resuelve automaticamente cuando se apruebe el propietario."
media,asset:system/files/images/productos/ae22c94ae3eb5d4d4e7ccfdb5cfc086e37e1658c,Uso documental no equivale a aprobación de propósito/identidad de medios.,R09_MEDIA_OWNER_PENDING,CONFIRMED,KEEP_REVIEW,R-M01b,MEDIUM,D02,"product-media-relations.csv path=system/files/images/productos/ae22c94ae3eb5d4d4e7ccfdb5cfc086e37e1658c products=['115', '30'] kind=PDF","Relacion SQL explicita, pero ningun producto propietario esta aprobado todavia. Se resuelve automaticamente cuando se apruebe el propietario."
media,asset:system/files/images/productos/ae385af43a5d1494c0f807d48c05b5b3c3576afe,Uso documental no equivale a aprobación de propósito/identidad de medios.,R09_MEDIA_OWNER_PENDING,CONFIRMED,MIGRATE,R-M01,LOW,,product-media-relations.csv path=system/files/images/productos/ae385af43a5d1494c0f807d48c05b5b3c3576afe products=['34'] kind=IMAGE; sha256=894e073f2f59,Relacion SQL explicita con producto(s) aprobado(s) por R-P01. Bytes validados. Tipo IMAGE.
media,asset:system/files/images/productos/ae9af73339556620c5857321cb1a0400733819a0,Uso documental no equivale a aprobación de propósito/identidad de medios.,R09_MEDIA_OWNER_PENDING,CONFIRMED,KEEP_REVIEW,R-M01b,MEDIUM,D02,"product-media-relations.csv path=system/files/images/productos/ae9af73339556620c5857321cb1a0400733819a0 products=['136', '54', '89'] kind=PDF","Relacion SQL explicita, pero ningun producto propietario esta aprobado todavia. Se resuelve automaticamente cuando se apruebe el propietario."
media,asset:system/files/images/productos/b1aece40383b55bb60c34675e96936a07a304268,Uso documental no equivale a aprobación de propósito/identidad de medios.,R09_MEDIA_OWNER_PENDING,CONFIRMED,KEEP_REVIEW,R-M01b,MEDIUM,D02,product-media-relations.csv path=system/files/images/productos/b1aece40383b55bb60c34675e96936a07a304268 products=['152'] kind=IMAGE,"Relacion SQL explicita, pero ningun producto propietario esta aprobado todavia. Se resuelve automaticamente cuando se apruebe el propietario."
media,asset:system/files/images/productos/b2588f4e4df68a23124a8dbc2b63374ec6959253,Uso documental no equivale a aprobación de propósito/identidad de medios.,R09_MEDIA_OWNER_PENDING,CONFIRMED,KEEP_REVIEW,R-M01b,MEDIUM,D02,"product-media-relations.csv path=system/files/images/productos/b2588f4e4df68a23124a8dbc2b63374ec6959253 products=['17', '2'] kind=PDF","Relacion SQL explicita, pero ningun producto propietario esta aprobado todavia. Se resuelve automaticamente cuando se apruebe el propietario."
media,asset:system/files/images/productos/b2fc16c210f999a553d13a88a76211d8a8cbd583,Uso documental no equivale a aprobación de propósito/identidad de medios.,R09_MEDIA_OWNER_PENDING,CONFIRMED,KEEP_REVIEW,R-M01b,MEDIUM,D02,"product-media-relations.csv path=system/files/images/productos/b2fc16c210f999a553d13a88a76211d8a8cbd583 products=['118', '129', '28'] kind=PDF","Relacion SQL explicita, pero ningun producto propietario esta aprobado todavia. Se resuelve automaticamente cuando se apruebe el propietario."
media,asset:system/files/images/productos/b3ab81b2856fe851e23bab63e63bacbbb82d6639,Uso documental no equivale a aprobación de propósito/identidad de medios.,R09_MEDIA_OWNER_PENDING,CONFIRMED,KEEP_REVIEW,R-M01b,MEDIUM,D02,product-media-relations.csv path=system/files/images/productos/b3ab81b2856fe851e23bab63e63bacbbb82d6639 products=['161'] kind=IMAGE,"Relacion SQL explicita, pero ningun producto propietario esta aprobado todavia. Se resuelve automaticamente cuando se apruebe el propietario."
media,asset:system/files/images/productos/b49e7cf13885d8dfdc8e03fcd247d2d93f35f213,Uso documental no equivale a aprobación de propósito/identidad de medios.,R09_MEDIA_OWNER_PENDING,CONFIRMED,KEEP_REVIEW,R-M01b,MEDIUM,D02,"product-media-relations.csv path=system/files/images/productos/b49e7cf13885d8dfdc8e03fcd247d2d93f35f213 products=['147', '21'] kind=PDF","Relacion SQL explicita, pero ningun producto propietario esta aprobado todavia. Se resuelve automaticamente cuando se apruebe el propietario."
media,asset:system/files/images/productos/b571edc742e7ef0d37e3f59d4d067eb287cb6f51,Uso documental no equivale a aprobación de propósito/identidad de medios.,R09_MEDIA_OWNER_PENDING,CONFIRMED,KEEP_REVIEW,R-M01b,MEDIUM,D02,product-media-relations.csv path=system/files/images/productos/b571edc742e7ef0d37e3f59d4d067eb287cb6f51 products=['150'] kind=IMAGE,"Relacion SQL explicita, pero ningun producto propietario esta aprobado todavia. Se resuelve automaticamente cuando se apruebe el propietario."
media,asset:system/files/images/productos/b6b8d27db846f68a7050c59a82b2e31ff137b7e4,Uso documental no equivale a aprobación de propósito/identidad de medios.,R09_MEDIA_OWNER_PENDING,CONFIRMED,KEEP_REVIEW,R-M01b,MEDIUM,D02,"product-media-relations.csv path=system/files/images/productos/b6b8d27db846f68a7050c59a82b2e31ff137b7e4 products=['19', '61'] kind=PDF","Relacion SQL explicita, pero ningun producto propietario esta aprobado todavia. Se resuelve automaticamente cuando se apruebe el propietario."
media,asset:system/files/images/productos/b9eba5a1d6113befc3d0598783588a63d7b6d9d9,Uso documental no equivale a aprobación de propósito/identidad de medios.,R09_MEDIA_OWNER_PENDING,CONFIRMED,KEEP_REVIEW,R-M01b,MEDIUM,D02,"product-media-relations.csv path=system/files/images/productos/b9eba5a1d6113befc3d0598783588a63d7b6d9d9 products=['121', '134', '35'] kind=IMAGE","Relacion SQL explicita, pero ningun producto propietario esta aprobado todavia. Se resuelve automaticamente cuando se apruebe el propietario."
media,asset:system/files/images/productos/ba3f2923d733855f1d109ba12330647b866a3383,Uso documental no equivale a aprobación de propósito/identidad de medios.,R09_MEDIA_OWNER_PENDING,CONFIRMED,KEEP_REVIEW,R-M01b,MEDIUM,D02,"product-media-relations.csv path=system/files/images/productos/ba3f2923d733855f1d109ba12330647b866a3383 products=['116', '130', '29'] kind=IMAGE","Relacion SQL explicita, pero ningun producto propietario esta aprobado todavia. Se resuelve automaticamente cuando se apruebe el propietario."
media,asset:system/files/images/productos/bd6521c004c07b7eb1e6b29f1cfe3cc0d4ceb3cc,Uso documental no equivale a aprobación de propósito/identidad de medios.,R09_MEDIA_OWNER_PENDING,CONFIRMED,KEEP_REVIEW,R-M01b,MEDIUM,D02,product-media-relations.csv path=system/files/images/productos/bd6521c004c07b7eb1e6b29f1cfe3cc0d4ceb3cc products=['57'] kind=IMAGE,"Relacion SQL explicita, pero ningun producto propietario esta aprobado todavia. Se resuelve automaticamente cuando se apruebe el propietario."
media,asset:system/files/images/productos/c46d19fe3eb462f51d4f636a3a4719ea6e8922c5,Uso documental no equivale a aprobación de propósito/identidad de medios.,R09_MEDIA_OWNER_PENDING,CONFIRMED,KEEP_REVIEW,R-M01b,MEDIUM,D02,"product-media-relations.csv path=system/files/images/productos/c46d19fe3eb462f51d4f636a3a4719ea6e8922c5 products=['13', '99'] kind=IMAGE","Relacion SQL explicita, pero ningun producto propietario esta aprobado todavia. Se resuelve automaticamente cuando se apruebe el propietario."
media,asset:system/files/images/productos/c50e1e39b34533eb25bba5641b8c2e2be5e0dec3,Uso documental no equivale a aprobación de propósito/identidad de medios.,R09_MEDIA_OWNER_PENDING,CONFIRMED,KEEP_REVIEW,R-M01b,MEDIUM,D02,"product-media-relations.csv path=system/files/images/productos/c50e1e39b34533eb25bba5641b8c2e2be5e0dec3 products=['104', '39'] kind=IMAGE","Relacion SQL explicita, pero ningun producto propietario esta aprobado todavia. Se resuelve automaticamente cuando se apruebe el propietario."
media,asset:system/files/images/productos/c88aa52b638190e7584c2412e8722e25c1723550,Uso documental no equivale a aprobación de propósito/identidad de medios.,R09_MEDIA_OWNER_PENDING,CONFIRMED,KEEP_REVIEW,R-M01b,MEDIUM,D02,product-media-relations.csv path=system/files/images/productos/c88aa52b638190e7584c2412e8722e25c1723550 products=['163'] kind=IMAGE,"Relacion SQL explicita, pero ningun producto propietario esta aprobado todavia. Se resuelve automaticamente cuando se apruebe el propietario."
media,asset:system/files/images/productos/c8bc985a8ecbeda6dd4f0d60a6ac70423b19b9f6,Uso documental no equivale a aprobación de propósito/identidad de medios.,R09_MEDIA_OWNER_PENDING,CONFIRMED,KEEP_REVIEW,R-M01b,MEDIUM,D02,"product-media-relations.csv path=system/files/images/productos/c8bc985a8ecbeda6dd4f0d60a6ac70423b19b9f6 products=['123', '125', '135', '44'] kind=IMAGE","Relacion SQL explicita, pero ningun producto propietario esta aprobado todavia. Se resuelve automaticamente cuando se apruebe el propietario."
media,asset:system/files/images/productos/c8ff88040661a79b39a07b1e3a27f49432df5dff,Uso documental no equivale a aprobación de propósito/identidad de medios.,R09_MEDIA_OWNER_PENDING,CONFIRMED,KEEP_REVIEW,R-M01b,MEDIUM,D02,"product-media-relations.csv path=system/files/images/productos/c8ff88040661a79b39a07b1e3a27f49432df5dff products=['5', '88'] kind=IMAGE","Relacion SQL explicita, pero ningun producto propietario esta aprobado todavia. Se resuelve automaticamente cuando se apruebe el propietario."
media,asset:system/files/images/productos/c9ab51d31ce4b9a94967e2492d3a2a7f43b8b46f,Uso documental no equivale a aprobación de propósito/identidad de medios.,R09_MEDIA_OWNER_PENDING,CONFIRMED,KEEP_REVIEW,R-M01b,MEDIUM,D02,"product-media-relations.csv path=system/files/images/productos/c9ab51d31ce4b9a94967e2492d3a2a7f43b8b46f products=['50', '59'] kind=PDF","Relacion SQL explicita, pero ningun producto propietario esta aprobado todavia. Se resuelve automaticamente cuando se apruebe el propietario."
media,asset:system/files/images/productos/cbc5bbf8df505223c1069122842fed702f8be8d8,Uso documental no equivale a aprobación de propósito/identidad de medios.,R09_MEDIA_OWNER_PENDING,CONFIRMED,KEEP_REVIEW,R-M01b,MEDIUM,D02,"product-media-relations.csv path=system/files/images/productos/cbc5bbf8df505223c1069122842fed702f8be8d8 products=['43', '81'] kind=IMAGE","Relacion SQL explicita, pero ningun producto propietario esta aprobado todavia. Se resuelve automaticamente cuando se apruebe el propietario."
media,asset:system/files/images/productos/cc2f0cb67adc2e9fe611fd2f8483d44c8e9ab724,Uso documental no equivale a aprobación de propósito/identidad de medios.,R09_MEDIA_OWNER_PENDING,CONFIRMED,KEEP_REVIEW,R-M01b,MEDIUM,D02,product-media-relations.csv path=system/files/images/productos/cc2f0cb67adc2e9fe611fd2f8483d44c8e9ab724 products=['129'] kind=IMAGE,"Relacion SQL explicita, pero ningun producto propietario esta aprobado todavia. Se resuelve automaticamente cuando se apruebe el propietario."
media,asset:system/files/images/productos/cd8dcba8c3cdd3597f73eff14285d6e0c759fda1,Uso documental no equivale a aprobación de propósito/identidad de medios.,R09_MEDIA_OWNER_PENDING,CONFIRMED,KEEP_REVIEW,R-M01b,MEDIUM,D02,product-media-relations.csv path=system/files/images/productos/cd8dcba8c3cdd3597f73eff14285d6e0c759fda1 products=['63'] kind=IMAGE,"Relacion SQL explicita, pero ningun producto propietario esta aprobado todavia. Se resuelve automaticamente cuando se apruebe el propietario."
media,asset:system/files/images/productos/cf2e4e326d359080b1ade0173d05a64e2846d1c1,Uso documental no equivale a aprobación de propósito/identidad de medios.,R09_MEDIA_OWNER_PENDING,CONFIRMED,KEEP_REVIEW,R-M01b,MEDIUM,D02,"product-media-relations.csv path=system/files/images/productos/cf2e4e326d359080b1ade0173d05a64e2846d1c1 products=['137', '55', '90'] kind=IMAGE","Relacion SQL explicita, pero ningun producto propietario esta aprobado todavia. Se resuelve automaticamente cuando se apruebe el propietario."
media,asset:system/files/images/productos/cfae2414005ec241e35e2be9039da54013a231e9,Uso documental no equivale a aprobación de propósito/identidad de medios.,R09_MEDIA_OWNER_PENDING,CONFIRMED,KEEP_REVIEW,R-M01b,MEDIUM,D02,"product-media-relations.csv path=system/files/images/productos/cfae2414005ec241e35e2be9039da54013a231e9 products=['120', '132', '32'] kind=IMAGE","Relacion SQL explicita, pero ningun producto propietario esta aprobado todavia. Se resuelve automaticamente cuando se apruebe el propietario."
media,asset:system/files/images/productos/d022de529fe9c4e48c5bf2c4652af466b87b3af6,Uso documental no equivale a aprobación de propósito/identidad de medios.,R09_MEDIA_OWNER_PENDING,CONFIRMED,KEEP_REVIEW,R-M01b,MEDIUM,D02,"product-media-relations.csv path=system/files/images/productos/d022de529fe9c4e48c5bf2c4652af466b87b3af6 products=['103', '38'] kind=PDF","Relacion SQL explicita, pero ningun producto propietario esta aprobado todavia. Se resuelve automaticamente cuando se apruebe el propietario."
media,asset:system/files/images/productos/d0c290fb090b8236400c0131456b035b9199b02c,Uso documental no equivale a aprobación de propósito/identidad de medios.,R09_MEDIA_OWNER_PENDING,CONFIRMED,KEEP_REVIEW,R-M01b,MEDIUM,D02,product-media-relations.csv path=system/files/images/productos/d0c290fb090b8236400c0131456b035b9199b02c products=['14'] kind=IMAGE,"Relacion SQL explicita, pero ningun producto propietario esta aprobado todavia. Se resuelve automaticamente cuando se apruebe el propietario."
media,asset:system/files/images/productos/d0d4d97dd90ffb84dc80c08ad38dbb6eaf83b0fa,Uso documental no equivale a aprobación de propósito/identidad de medios.,R09_MEDIA_OWNER_PENDING,CONFIRMED,KEEP_REVIEW,R-M01b,MEDIUM,D02,"product-media-relations.csv path=system/files/images/productos/d0d4d97dd90ffb84dc80c08ad38dbb6eaf83b0fa products=['101', '36'] kind=PDF","Relacion SQL explicita, pero ningun producto propietario esta aprobado todavia. Se resuelve automaticamente cuando se apruebe el propietario."
media,asset:system/files/images/productos/d113f473f3aa6186e6cce3296aebc45f1a266b9d,Uso documental no equivale a aprobación de propósito/identidad de medios.,R09_MEDIA_OWNER_PENDING,CONFIRMED,KEEP_REVIEW,R-M01b,MEDIUM,D02,"product-media-relations.csv path=system/files/images/productos/d113f473f3aa6186e6cce3296aebc45f1a266b9d products=['16', '20', '6'] kind=IMAGE","Relacion SQL explicita, pero ningun producto propietario esta aprobado todavia. Se resuelve automaticamente cuando se apruebe el propietario."
media,asset:system/files/images/productos/d1800119e28d2f25ab78a9219e103ecc4fc8afb5,Uso documental no equivale a aprobación de propósito/identidad de medios.,R09_MEDIA_OWNER_PENDING,CONFIRMED,KEEP_REVIEW,R-M01b,MEDIUM,D02,"product-media-relations.csv path=system/files/images/productos/d1800119e28d2f25ab78a9219e103ecc4fc8afb5 products=['11', '94'] kind=PDF","Relacion SQL explicita, pero ningun producto propietario esta aprobado todavia. Se resuelve automaticamente cuando se apruebe el propietario."
media,asset:system/files/images/productos/d3cd08acf2731eb29b0227a3957ab09ffc55e38c,Uso documental no equivale a aprobación de propósito/identidad de medios.,R09_MEDIA_OWNER_PENDING,CONFIRMED,KEEP_REVIEW,R-M01b,MEDIUM,D02,product-media-relations.csv path=system/files/images/productos/d3cd08acf2731eb29b0227a3957ab09ffc55e38c products=['19'] kind=IMAGE,"Relacion SQL explicita, pero ningun producto propietario esta aprobado todavia. Se resuelve automaticamente cuando se apruebe el propietario."
media,asset:system/files/images/productos/d408fb7a83adf1cd66a9048080210be3b617cb29,Uso documental no equivale a aprobación de propósito/identidad de medios.,R09_MEDIA_OWNER_PENDING,CONFIRMED,MIGRATE,R-M01,LOW,,product-media-relations.csv path=system/files/images/productos/d408fb7a83adf1cd66a9048080210be3b617cb29 products=['92'] kind=IMAGE; sha256=e99ec942cdc2,Relacion SQL explicita con producto(s) aprobado(s) por R-P01. Bytes validados. Tipo IMAGE.
media,asset:system/files/images/productos/d417331acf9a342ed7374017285970f68effabf4,Uso documental no equivale a aprobación de propósito/identidad de medios.,R09_MEDIA_OWNER_PENDING,CONFIRMED,KEEP_REVIEW,R-M01b,MEDIUM,D02,"product-media-relations.csv path=system/files/images/productos/d417331acf9a342ed7374017285970f68effabf4 products=['43', '81'] kind=PDF","Relacion SQL explicita, pero ningun producto propietario esta aprobado todavia. Se resuelve automaticamente cuando se apruebe el propietario."
media,asset:system/files/images/productos/d598f326c2973470ee7e0a5c3c220ba7108f150c,Uso documental no equivale a aprobación de propósito/identidad de medios.,R09_MEDIA_OWNER_PENDING,CONFIRMED,KEEP_REVIEW,R-M01b,MEDIUM,D02,"product-media-relations.csv path=system/files/images/productos/d598f326c2973470ee7e0a5c3c220ba7108f150c products=['145', '25'] kind=IMAGE","Relacion SQL explicita, pero ningun producto propietario esta aprobado todavia. Se resuelve automaticamente cuando se apruebe el propietario."
media,asset:system/files/images/productos/d8fee0db7a4abffa83cd01515a5618e2b1b78b17,Uso documental no equivale a aprobación de propósito/identidad de medios.,R09_MEDIA_OWNER_PENDING,CONFIRMED,KEEP_REVIEW,R-M01b,MEDIUM,D02,"product-media-relations.csv path=system/files/images/productos/d8fee0db7a4abffa83cd01515a5618e2b1b78b17 products=['10', '127'] kind=IMAGE","Relacion SQL explicita, pero ningun producto propietario esta aprobado todavia. Se resuelve automaticamente cuando se apruebe el propietario."
media,asset:system/files/images/productos/db60c3f67e4bce5fe6dc4f07bc8c14a13c407758,Uso documental no equivale a aprobación de propósito/identidad de medios.,R09_MEDIA_OWNER_PENDING,CONFIRMED,KEEP_REVIEW,R-M01b,MEDIUM,D02,"product-media-relations.csv path=system/files/images/productos/db60c3f67e4bce5fe6dc4f07bc8c14a13c407758 products=['136', '54', '89'] kind=IMAGE","Relacion SQL explicita, pero ningun producto propietario esta aprobado todavia. Se resuelve automaticamente cuando se apruebe el propietario."
media,asset:system/files/images/productos/dbf978defab57f25bca7206c939b17e9c1b8749d,Uso documental no equivale a aprobación de propósito/identidad de medios.,R09_MEDIA_OWNER_PENDING,CONFIRMED,MIGRATE,R-M01,LOW,,product-media-relations.csv path=system/files/images/productos/dbf978defab57f25bca7206c939b17e9c1b8749d products=['66'] kind=IMAGE; sha256=4a3fcd0fa5e0,Relacion SQL explicita con producto(s) aprobado(s) por R-P01. Bytes validados. Tipo IMAGE.
media,asset:system/files/images/productos/de384ecd10f0e22ea56706a25f164f5b2102d4a6,Uso documental no equivale a aprobación de propósito/identidad de medios.,R12_MEDIA_PURPOSE_UNPROVEN,NONE,KEEP_REVIEW,R-M07,MEDIUM,D09,media-master.csv:system/files/images/productos/de384ecd10f0e22ea56706a25f164f5b2102d4a6 usage=IMAGE_APPARENTLY_UNUSED|ORIGINAL|EXACT_DUPLICATE_BYTES|NO_EXTENSION direct_refs=0,Sin relacion con entidad SQL y sin referencia publica atribuible. Ausencia de referencia NO demuestra orfandad (D09): se conserva en REVIEW.
media,asset:system/files/images/productos/dea67750c58a9beeb1e4bf0140e4b97863635cfa,Uso documental no equivale a aprobación de propósito/identidad de medios.,R09_MEDIA_OWNER_PENDING,CONFIRMED,KEEP_REVIEW,R-M01b,MEDIUM,D02,product-media-relations.csv path=system/files/images/productos/dea67750c58a9beeb1e4bf0140e4b97863635cfa products=['102'] kind=IMAGE,"Relacion SQL explicita, pero ningun producto propietario esta aprobado todavia. Se resuelve automaticamente cuando se apruebe el propietario."
media,asset:system/files/images/productos/df2281661def14838eccfc36ddd1b3068b9ef575,Uso documental no equivale a aprobación de propósito/identidad de medios.,R09_MEDIA_OWNER_PENDING,CONFIRMED,KEEP_REVIEW,R-M01b,MEDIUM,D02,"product-media-relations.csv path=system/files/images/productos/df2281661def14838eccfc36ddd1b3068b9ef575 products=['118', '129', '28'] kind=IMAGE","Relacion SQL explicita, pero ningun producto propietario esta aprobado todavia. Se resuelve automaticamente cuando se apruebe el propietario."
media,asset:system/files/images/productos/dfab80908ff3b6ba9e823ae8e208dbca887b97fe,Uso documental no equivale a aprobación de propósito/identidad de medios.,R09_MEDIA_OWNER_PENDING,CONFIRMED,KEEP_REVIEW,R-M01b,MEDIUM,D02,"product-media-relations.csv path=system/files/images/productos/dfab80908ff3b6ba9e823ae8e208dbca887b97fe products=['107', '16', '20', '6'] kind=IMAGE","Relacion SQL explicita, pero ningun producto propietario esta aprobado todavia. Se resuelve automaticamente cuando se apruebe el propietario."
media,asset:system/files/images/productos/e18f93b233e92c3c13b45b7654d4712f4748fe8b,Uso documental no equivale a aprobación de propósito/identidad de medios.,R09_MEDIA_OWNER_PENDING,CONFIRMED,MIGRATE,R-M01,LOW,,product-media-relations.csv path=system/files/images/productos/e18f93b233e92c3c13b45b7654d4712f4748fe8b products=['97'] kind=IMAGE; sha256=42aea6f642e3,Relacion SQL explicita con producto(s) aprobado(s) por R-P01. Bytes validados. Tipo IMAGE.
media,asset:system/files/images/productos/e1fc3c722338060ac5bc7cf2ece07503d6bc4a0c,Uso documental no equivale a aprobación de propósito/identidad de medios.,R09_MEDIA_OWNER_PENDING,CONFIRMED,KEEP_REVIEW,R-M01b,MEDIUM,D02,"product-media-relations.csv path=system/files/images/productos/e1fc3c722338060ac5bc7cf2ece07503d6bc4a0c products=['18', '58'] kind=PDF","Relacion SQL explicita, pero ningun producto propietario esta aprobado todavia. Se resuelve automaticamente cuando se apruebe el propietario."
media,asset:system/files/images/productos/e23c3408026200967f66d50d6e99ac37594f7556,Uso documental no equivale a aprobación de propósito/identidad de medios.,R09_MEDIA_OWNER_PENDING,CONFIRMED,KEEP_REVIEW,R-M01b,MEDIUM,D02,product-media-relations.csv path=system/files/images/productos/e23c3408026200967f66d50d6e99ac37594f7556 products=['165'] kind=IMAGE,"Relacion SQL explicita, pero ningun producto propietario esta aprobado todavia. Se resuelve automaticamente cuando se apruebe el propietario."
media,asset:system/files/images/productos/e255e142299e7b62e25690084deb0bb49408f332,Uso documental no equivale a aprobación de propósito/identidad de medios.,R09_MEDIA_OWNER_PENDING,CONFIRMED,MIGRATE,R-M01,LOW,,product-media-relations.csv path=system/files/images/productos/e255e142299e7b62e25690084deb0bb49408f332 products=['85'] kind=PDF; sha256=ab12459a93c9,Relacion SQL explicita con producto(s) aprobado(s) por R-P01. Bytes validados. Tipo PDF.
media,asset:system/files/images/productos/e4c215da7672e0ff5d8c7c6b12eaa6e027b73969,Uso documental no equivale a aprobación de propósito/identidad de medios.,R09_MEDIA_OWNER_PENDING,CONFIRMED,MIGRATE,R-M01,LOW,,product-media-relations.csv path=system/files/images/productos/e4c215da7672e0ff5d8c7c6b12eaa6e027b73969 products=['74'] kind=IMAGE; sha256=abdc2ffadc9e,Relacion SQL explicita con producto(s) aprobado(s) por R-P01. Bytes validados. Tipo IMAGE.
media,asset:system/files/images/productos/e580517f07a377c10127844c71373a174bcf76fe,Uso documental no equivale a aprobación de propósito/identidad de medios.,R09_MEDIA_OWNER_PENDING,CONFIRMED,KEEP_REVIEW,R-M01b,MEDIUM,D02,"product-media-relations.csv path=system/files/images/productos/e580517f07a377c10127844c71373a174bcf76fe products=['7', '91'] kind=IMAGE","Relacion SQL explicita, pero ningun producto propietario esta aprobado todavia. Se resuelve automaticamente cuando se apruebe el propietario."
media,asset:system/files/images/productos/e6d8a9c021af46599e25526f7afa2c9689eba705,Uso documental no equivale a aprobación de propósito/identidad de medios.,R09_MEDIA_OWNER_PENDING,CONFIRMED,KEEP_REVIEW,R-M01b,MEDIUM,D02,"product-media-relations.csv path=system/files/images/productos/e6d8a9c021af46599e25526f7afa2c9689eba705 products=['10', '127', '93'] kind=IMAGE","Relacion SQL explicita, pero ningun producto propietario esta aprobado todavia. Se resuelve automaticamente cuando se apruebe el propietario."
media,asset:system/files/images/productos/e7558238c56779a33c10c7770146c9f7017bd375,Uso documental no equivale a aprobación de propósito/identidad de medios.,R09_MEDIA_OWNER_PENDING,CONFIRMED,KEEP_REVIEW,R-M01b,MEDIUM,D02,"product-media-relations.csv path=system/files/images/productos/e7558238c56779a33c10c7770146c9f7017bd375 products=['102', '37'] kind=PDF","Relacion SQL explicita, pero ningun producto propietario esta aprobado todavia. Se resuelve automaticamente cuando se apruebe el propietario."
media,asset:system/files/images/productos/e7a01529a67d2e176caece591f7981360e4805ff,Uso documental no equivale a aprobación de propósito/identidad de medios.,R09_MEDIA_OWNER_PENDING,CONFIRMED,MIGRATE,R-M01,LOW,,"product-media-relations.csv path=system/files/images/productos/e7a01529a67d2e176caece591f7981360e4805ff products=['97', '98'] kind=PDF; sha256=35ba5a171ddc",Relacion SQL explicita con producto(s) aprobado(s) por R-P01. Bytes validados. Tipo PDF.
media,asset:system/files/images/productos/e8f1b3445fc4bd1e35cb22d2d405f8e080a62615,Uso documental no equivale a aprobación de propósito/identidad de medios.,R09_MEDIA_OWNER_PENDING,CONFIRMED,KEEP_REVIEW,R-M01b,MEDIUM,D02,"product-media-relations.csv path=system/files/images/productos/e8f1b3445fc4bd1e35cb22d2d405f8e080a62615 products=['18', '58'] kind=IMAGE","Relacion SQL explicita, pero ningun producto propietario esta aprobado todavia. Se resuelve automaticamente cuando se apruebe el propietario."
media,asset:system/files/images/productos/e973955577670d4ea61bd906a517dd878118831f,Uso documental no equivale a aprobación de propósito/identidad de medios.,R09_MEDIA_OWNER_PENDING,CONFIRMED,KEEP_REVIEW,R-M01b,MEDIUM,D02,"product-media-relations.csv path=system/files/images/productos/e973955577670d4ea61bd906a517dd878118831f products=['13', '99'] kind=PDF","Relacion SQL explicita, pero ningun producto propietario esta aprobado todavia. Se resuelve automaticamente cuando se apruebe el propietario."
media,asset:system/files/images/productos/ea8effe39352760b7c820b97ff11441286eb3e49,Uso documental no equivale a aprobación de propósito/identidad de medios.,R09_MEDIA_OWNER_PENDING,CONFIRMED,KEEP_REVIEW,R-M01b,MEDIUM,D02,"product-media-relations.csv path=system/files/images/productos/ea8effe39352760b7c820b97ff11441286eb3e49 products=['124', '126', '49', '76'] kind=IMAGE","Relacion SQL explicita, pero ningun producto propietario esta aprobado todavia. Se resuelve automaticamente cuando se apruebe el propietario."
media,asset:system/files/images/productos/ec069aaf1b98181850d5f11ac0069b719063f855,Uso documental no equivale a aprobación de propósito/identidad de medios.,R09_MEDIA_OWNER_PENDING,CONFIRMED,MIGRATE,R-M01,LOW,,product-media-relations.csv path=system/files/images/productos/ec069aaf1b98181850d5f11ac0069b719063f855 products=['69'] kind=IMAGE; sha256=c8774b96d037,Relacion SQL explicita con producto(s) aprobado(s) por R-P01. Bytes validados. Tipo IMAGE.
media,asset:system/files/images/productos/ec68ab8e790ca2a96b4a8b409b96b9788018dc78,Uso documental no equivale a aprobación de propósito/identidad de medios.,R09_MEDIA_OWNER_PENDING,CONFIRMED,KEEP_REVIEW,R-M01b,MEDIUM,D02,"product-media-relations.csv path=system/files/images/productos/ec68ab8e790ca2a96b4a8b409b96b9788018dc78 products=['14', '57'] kind=PDF","Relacion SQL explicita, pero ningun producto propietario esta aprobado todavia. Se resuelve automaticamente cuando se apruebe el propietario."
media,asset:system/files/images/productos/ed615bddda8aa301e393e1768b31a2d694243038,Uso documental no equivale a aprobación de propósito/identidad de medios.,R09_MEDIA_OWNER_PENDING,CONFIRMED,KEEP_REVIEW,R-M01b,MEDIUM,D02,"product-media-relations.csv path=system/files/images/productos/ed615bddda8aa301e393e1768b31a2d694243038 products=['143', '51'] kind=IMAGE","Relacion SQL explicita, pero ningun producto propietario esta aprobado todavia. Se resuelve automaticamente cuando se apruebe el propietario."
media,asset:system/files/images/productos/edaa9d68e318711d183689d070ec145da123c768,Uso documental no equivale a aprobación de propósito/identidad de medios.,R09_MEDIA_OWNER_PENDING,CONFIRMED,KEEP_REVIEW,R-M01b,MEDIUM,D02,"product-media-relations.csv path=system/files/images/productos/edaa9d68e318711d183689d070ec145da123c768 products=['106', '41'] kind=PDF","Relacion SQL explicita, pero ningun producto propietario esta aprobado todavia. Se resuelve automaticamente cuando se apruebe el propietario."
media,asset:system/files/images/productos/ee96e92f6242ded7c0f5a641fb68712863cda941,Uso documental no equivale a aprobación de propósito/identidad de medios.,R09_MEDIA_OWNER_PENDING,CONFIRMED,KEEP_REVIEW,R-M01b,MEDIUM,D02,product-media-relations.csv path=system/files/images/productos/ee96e92f6242ded7c0f5a641fb68712863cda941 products=['21'] kind=IMAGE,"Relacion SQL explicita, pero ningun producto propietario esta aprobado todavia. Se resuelve automaticamente cuando se apruebe el propietario."
media,asset:system/files/images/productos/eebed998e099271fbd2674cd21a6f87567fc9dee,Uso documental no equivale a aprobación de propósito/identidad de medios.,R09_MEDIA_OWNER_PENDING,CONFIRMED,KEEP_REVIEW,R-M01b,MEDIUM,D02,product-media-relations.csv path=system/files/images/productos/eebed998e099271fbd2674cd21a6f87567fc9dee products=['14'] kind=IMAGE,"Relacion SQL explicita, pero ningun producto propietario esta aprobado todavia. Se resuelve automaticamente cuando se apruebe el propietario."
media,asset:system/files/images/productos/f02304a5117f7e8cc52916b2995eee7d5cd3bdf7,Uso documental no equivale a aprobación de propósito/identidad de medios.,R09_MEDIA_OWNER_PENDING,CONFIRMED,MIGRATE,R-M01,LOW,,product-media-relations.csv path=system/files/images/productos/f02304a5117f7e8cc52916b2995eee7d5cd3bdf7 products=['92'] kind=PDF; sha256=0a52c0c24f7a,Relacion SQL explicita con producto(s) aprobado(s) por R-P01. Bytes validados. Tipo PDF.
media,asset:system/files/images/productos/f11bb20047186203a5dd29076b6697e6cf181d69,Uso documental no equivale a aprobación de propósito/identidad de medios.,R09_MEDIA_OWNER_PENDING,CONFIRMED,KEEP_REVIEW,R-M01b,MEDIUM,D02,"product-media-relations.csv path=system/files/images/productos/f11bb20047186203a5dd29076b6697e6cf181d69 products=['113', '47', '80'] kind=PDF","Relacion SQL explicita, pero ningun producto propietario esta aprobado todavia. Se resuelve automaticamente cuando se apruebe el propietario."
media,asset:system/files/images/productos/f23e43600d8606ddea73c29f700d164d5afc0552,Uso documental no equivale a aprobación de propósito/identidad de medios.,R09_MEDIA_OWNER_PENDING,CONFIRMED,KEEP_REVIEW,R-M01b,MEDIUM,D02,"product-media-relations.csv path=system/files/images/productos/f23e43600d8606ddea73c29f700d164d5afc0552 products=['144', '22'] kind=PDF","Relacion SQL explicita, pero ningun producto propietario esta aprobado todavia. Se resuelve automaticamente cuando se apruebe el propietario."
media,asset:system/files/images/productos/f304f05a8957297b9b40a452fa93647f80e7bcb6,Uso documental no equivale a aprobación de propósito/identidad de medios.,R09_MEDIA_OWNER_PENDING,CONFIRMED,KEEP_REVIEW,R-M01b,MEDIUM,D02,"product-media-relations.csv path=system/files/images/productos/f304f05a8957297b9b40a452fa93647f80e7bcb6 products=['107', '16', '20', '6'] kind=IMAGE","Relacion SQL explicita, pero ningun producto propietario esta aprobado todavia. Se resuelve automaticamente cuando se apruebe el propietario."
media,asset:system/files/images/productos/f3eecd701088dbca1956b577ef1de1c1762edced,Uso documental no equivale a aprobación de propósito/identidad de medios.,R09_MEDIA_OWNER_PENDING,CONFIRMED,MIGRATE,R-M01,LOW,,product-media-relations.csv path=system/files/images/productos/f3eecd701088dbca1956b577ef1de1c1762edced products=['75'] kind=IMAGE; sha256=4f4c7200a1d2,Relacion SQL explicita con producto(s) aprobado(s) por R-P01. Bytes validados. Tipo IMAGE.
media,asset:system/files/images/productos/f6879270d9945c848fb0f732190100b3e8ffced7,Uso documental no equivale a aprobación de propósito/identidad de medios.,R09_MEDIA_OWNER_PENDING,CONFIRMED,KEEP_REVIEW,R-M01b,MEDIUM,D02,"product-media-relations.csv path=system/files/images/productos/f6879270d9945c848fb0f732190100b3e8ffced7 products=['140', '23'] kind=PDF","Relacion SQL explicita, pero ningun producto propietario esta aprobado todavia. Se resuelve automaticamente cuando se apruebe el propietario."
media,asset:system/files/images/productos/f6cfac4e319cc287a0162f1cf3eab1791a61bed2,Uso documental no equivale a aprobación de propósito/identidad de medios.,R09_MEDIA_OWNER_PENDING,CONFIRMED,KEEP_REVIEW,R-M01b,MEDIUM,D02,"product-media-relations.csv path=system/files/images/productos/f6cfac4e319cc287a0162f1cf3eab1791a61bed2 products=['15', '60'] kind=IMAGE","Relacion SQL explicita, pero ningun producto propietario esta aprobado todavia. Se resuelve automaticamente cuando se apruebe el propietario."
media,asset:system/files/images/productos/f9118a7d8fac480174a9a4e0455b51ee73490fa6,Uso documental no equivale a aprobación de propósito/identidad de medios.,R09_MEDIA_OWNER_PENDING,CONFIRMED,KEEP_REVIEW,R-M01b,MEDIUM,D02,"product-media-relations.csv path=system/files/images/productos/f9118a7d8fac480174a9a4e0455b51ee73490fa6 products=['106', '41'] kind=IMAGE","Relacion SQL explicita, pero ningun producto propietario esta aprobado todavia. Se resuelve automaticamente cuando se apruebe el propietario."
media,asset:system/files/images/productos/fba045304f5402c79a958b69ed499c1f46a48801,Uso documental no equivale a aprobación de propósito/identidad de medios.,R09_MEDIA_OWNER_PENDING,CONFIRMED,KEEP_REVIEW,R-M01b,MEDIUM,D02,"product-media-relations.csv path=system/files/images/productos/fba045304f5402c79a958b69ed499c1f46a48801 products=['15', '60'] kind=PDF","Relacion SQL explicita, pero ningun producto propietario esta aprobado todavia. Se resuelve automaticamente cuando se apruebe el propietario."
media,asset:system/files/images/productos/fcd7b006a2ccb75e9d55f0e15b1756f3a87079e9,Uso documental no equivale a aprobación de propósito/identidad de medios.,R09_MEDIA_OWNER_PENDING,CONFIRMED,KEEP_REVIEW,R-M01b,MEDIUM,D02,"product-media-relations.csv path=system/files/images/productos/fcd7b006a2ccb75e9d55f0e15b1756f3a87079e9 products=['128', '96'] kind=PDF","Relacion SQL explicita, pero ningun producto propietario esta aprobado todavia. Se resuelve automaticamente cuando se apruebe el propietario."
media,asset:system/files/images/productos/fce70ded3bd3b58293eed84c658aedaa60d10a2e,Uso documental no equivale a aprobación de propósito/identidad de medios.,R09_MEDIA_OWNER_PENDING,CONFIRMED,MIGRATE,R-M01,LOW,,product-media-relations.csv path=system/files/images/productos/fce70ded3bd3b58293eed84c658aedaa60d10a2e products=['73'] kind=IMAGE; sha256=e0b0fcc5f64d,Relacion SQL explicita con producto(s) aprobado(s) por R-P01. Bytes validados. Tipo IMAGE.
media,asset:system/js/jsLight/close.png,Uso documental no equivale a aprobación de propósito/identidad de medios.,R11_MEDIA_INFRASTRUCTURE,CONFIRMED,SKIP,R-M03,LOW,,media-master.csv:system/js/jsLight/close.png bucket=system/other,Asset de interfaz del CMS legacy o fuente de iconos del frontend: no es media editorial. El tema nuevo aporta sus propios assets. SKIP no borra el archivo legacy.
media,asset:system/js/jsLight/goleft.png,Uso documental no equivale a aprobación de propósito/identidad de medios.,R11_MEDIA_INFRASTRUCTURE,CONFIRMED,SKIP,R-M03,LOW,,media-master.csv:system/js/jsLight/goleft.png bucket=system/other,Asset de interfaz del CMS legacy o fuente de iconos del frontend: no es media editorial. El tema nuevo aporta sus propios assets. SKIP no borra el archivo legacy.
media,asset:system/js/jsLight/goright.png,Uso documental no equivale a aprobación de propósito/identidad de medios.,R11_MEDIA_INFRASTRUCTURE,CONFIRMED,SKIP,R-M03,LOW,,media-master.csv:system/js/jsLight/goright.png bucket=system/other,Asset de interfaz del CMS legacy o fuente de iconos del frontend: no es media editorial. El tema nuevo aporta sus propios assets. SKIP no borra el archivo legacy.
media,asset:system/js/jsLight/lightbox-blank.gif,Uso documental no equivale a aprobación de propósito/identidad de medios.,R11_MEDIA_INFRASTRUCTURE,CONFIRMED,SKIP,R-M03,LOW,,media-master.csv:system/js/jsLight/lightbox-blank.gif bucket=system/other,Asset de interfaz del CMS legacy o fuente de iconos del frontend: no es media editorial. El tema nuevo aporta sus propios assets. SKIP no borra el archivo legacy.
media,asset:system/js/jsLight/lightbox-ico-loading.gif,Uso documental no equivale a aprobación de propósito/identidad de medios.,R11_MEDIA_INFRASTRUCTURE,CONFIRMED,SKIP,R-M03,LOW,,media-master.csv:system/js/jsLight/lightbox-ico-loading.gif bucket=system/other,Asset de interfaz del CMS legacy o fuente de iconos del frontend: no es media editorial. El tema nuevo aporta sus propios assets. SKIP no borra el archivo legacy.
media,asset:https://www.youtube.com/embed/HuAna9chMKQ?si=1tVHC3zKFMz_7dZ6,Uso documental no equivale a aprobación de propósito/identidad de medios.,R13_MEDIA_TYPE_UNSUPPORTED,CONFIRMED,KEEP_REVIEW,R-M06,MEDIUM,,media-master.csv:https://www.youtube.com/embed/HuAna9chMKQ?si=1tVHC3zKFMz_7dZ6 detected_type=video/external-embed,Embed YouTube externo: no es attachment. Se representa como metadato de video del producto propietario.
media,asset:https://www.youtube.com/embed/nBnhyuFI108?si=qYAU4oiisGc36iw4,Uso documental no equivale a aprobación de propósito/identidad de medios.,R13_MEDIA_TYPE_UNSUPPORTED,CONFIRMED,KEEP_REVIEW,R-M06,MEDIUM,,media-master.csv:https://www.youtube.com/embed/nBnhyuFI108?si=qYAU4oiisGc36iw4 detected_type=video/external-embed,Embed YouTube externo: no es attachment. Se representa como metadato de video del producto propietario.
media,asset:https://www.youtube.com/embed/7K2zzhkH5EA?si=XKMl9Nda8Lxp4k9m,Uso documental no equivale a aprobación de propósito/identidad de medios.,R13_MEDIA_TYPE_UNSUPPORTED,CONFIRMED,KEEP_REVIEW,R-M06,MEDIUM,,media-master.csv:https://www.youtube.com/embed/7K2zzhkH5EA?si=XKMl9Nda8Lxp4k9m detected_type=video/external-embed,Embed YouTube externo: no es attachment. Se representa como metadato de video del producto propietario.
category,category:2,Categoría candidata; requiere decisión por campo.,R01_AUTHORIZATION_ONLY,STRONG,MIGRATE,R-T01,LOW,,category-master.csv:2 rel=STRONG_INFERENCE parent_conf=CONFIRMED,Termino con nombre e id estables y padre SQL CONFIRMED. Crear termino NO asigna productos (relacion aparte).
category,category:3,Categoría candidata; requiere decisión por campo.,R01_AUTHORIZATION_ONLY,STRONG,MIGRATE,R-T01,LOW,,category-master.csv:3 rel=STRONG_INFERENCE parent_conf=CONFIRMED,Termino con nombre e id estables y padre SQL CONFIRMED. Crear termino NO asigna productos (relacion aparte).
category,category:4,Categoría candidata; requiere decisión por campo.,R01_AUTHORIZATION_ONLY,STRONG,MIGRATE,R-T01,LOW,,category-master.csv:4 rel=STRONG_INFERENCE parent_conf=CONFIRMED,Termino con nombre e id estables y padre SQL CONFIRMED. Crear termino NO asigna productos (relacion aparte).
category,category:5,Categoría candidata; requiere decisión por campo.,R01_AUTHORIZATION_ONLY,STRONG,MIGRATE,R-T01,LOW,,category-master.csv:5 rel=STRONG_INFERENCE parent_conf=CONFIRMED,Termino con nombre e id estables y padre SQL CONFIRMED. Crear termino NO asigna productos (relacion aparte).
category,category:6,Categoría candidata; requiere decisión por campo.,R01_AUTHORIZATION_ONLY,STRONG,MIGRATE,R-T01,LOW,,category-master.csv:6 rel=STRONG_INFERENCE parent_conf=CONFIRMED,Termino con nombre e id estables y padre SQL CONFIRMED. Crear termino NO asigna productos (relacion aparte).
category,category:7,Categoría candidata; requiere decisión por campo.,R01_AUTHORIZATION_ONLY,STRONG,MIGRATE,R-T01,LOW,,category-master.csv:7 rel=STRONG_INFERENCE parent_conf=CONFIRMED,Termino con nombre e id estables y padre SQL CONFIRMED. Crear termino NO asigna productos (relacion aparte).
category,category:9,Categoría candidata; requiere decisión por campo.,R01_AUTHORIZATION_ONLY,STRONG,MIGRATE,R-T01,LOW,,category-master.csv:9 rel=STRONG_INFERENCE parent_conf=CONFIRMED,Termino con nombre e id estables y padre SQL CONFIRMED. Crear termino NO asigna productos (relacion aparte).
category,category:10,Categoría candidata; requiere decisión por campo.,R01_AUTHORIZATION_ONLY,STRONG,MIGRATE,R-T01,LOW,,category-master.csv:10 rel=STRONG_INFERENCE parent_conf=CONFIRMED,Termino con nombre e id estables y padre SQL CONFIRMED. Crear termino NO asigna productos (relacion aparte).
category,category:11,Categoría candidata; requiere decisión por campo.,R01_AUTHORIZATION_ONLY,STRONG,MIGRATE,R-T01,LOW,,category-master.csv:11 rel=STRONG_INFERENCE parent_conf=CONFIRMED,Termino con nombre e id estables y padre SQL CONFIRMED. Crear termino NO asigna productos (relacion aparte).
category,category:12,Categoría candidata; requiere decisión por campo.,R01_AUTHORIZATION_ONLY,STRONG,MIGRATE,R-T01,LOW,,category-master.csv:12 rel=STRONG_INFERENCE parent_conf=CONFIRMED,Termino con nombre e id estables y padre SQL CONFIRMED. Crear termino NO asigna productos (relacion aparte).
category,category:13,Categoría candidata; requiere decisión por campo.,R01_AUTHORIZATION_ONLY,STRONG,MIGRATE,R-T01,LOW,,category-master.csv:13 rel=STRONG_INFERENCE parent_conf=CONFIRMED,Termino con nombre e id estables y padre SQL CONFIRMED. Crear termino NO asigna productos (relacion aparte).
category,category:14,Categoría candidata; requiere decisión por campo.,R01_AUTHORIZATION_ONLY,STRONG,MIGRATE,R-T01,LOW,,category-master.csv:14 rel=STRONG_INFERENCE parent_conf=CONFIRMED,Termino con nombre e id estables y padre SQL CONFIRMED. Crear termino NO asigna productos (relacion aparte).
category,category:16,Categoría candidata; requiere decisión por campo.,R01_AUTHORIZATION_ONLY,STRONG,MIGRATE,R-T01,LOW,,category-master.csv:16 rel=STRONG_INFERENCE parent_conf=CONFIRMED,Termino con nombre e id estables y padre SQL CONFIRMED. Crear termino NO asigna productos (relacion aparte).
category,category:17,Categoría candidata; requiere decisión por campo.,R01_AUTHORIZATION_ONLY,STRONG,MIGRATE,R-T01,LOW,,category-master.csv:17 rel=STRONG_INFERENCE parent_conf=CONFIRMED,Termino con nombre e id estables y padre SQL CONFIRMED. Crear termino NO asigna productos (relacion aparte).
category,category:18,Categoría candidata; requiere decisión por campo.,R01_AUTHORIZATION_ONLY,STRONG,MIGRATE,R-T01,LOW,,category-master.csv:18 rel=STRONG_INFERENCE parent_conf=CONFIRMED,Termino con nombre e id estables y padre SQL CONFIRMED. Crear termino NO asigna productos (relacion aparte).
category,category:19,Categoría candidata; requiere decisión por campo.,R01_AUTHORIZATION_ONLY,STRONG,MIGRATE,R-T01,LOW,,category-master.csv:19 rel=STRONG_INFERENCE parent_conf=CONFIRMED,Termino con nombre e id estables y padre SQL CONFIRMED. Crear termino NO asigna productos (relacion aparte).
category,category:20,Categoría candidata; requiere decisión por campo.,R01_AUTHORIZATION_ONLY,STRONG,MIGRATE,R-T01,LOW,,category-master.csv:20 rel=STRONG_INFERENCE parent_conf=CONFIRMED,Termino con nombre e id estables y padre SQL CONFIRMED. Crear termino NO asigna productos (relacion aparte).
category,category:21,Categoría candidata; requiere decisión por campo.,R01_AUTHORIZATION_ONLY,STRONG,MIGRATE,R-T01,LOW,,category-master.csv:21 rel=STRONG_INFERENCE parent_conf=CONFIRMED,Termino con nombre e id estables y padre SQL CONFIRMED. Crear termino NO asigna productos (relacion aparte).
category,category:22,Categoría candidata; requiere decisión por campo.,R01_AUTHORIZATION_ONLY,STRONG,MIGRATE,R-T01,LOW,,category-master.csv:22 rel=STRONG_INFERENCE parent_conf=CONFIRMED,Termino con nombre e id estables y padre SQL CONFIRMED. Crear termino NO asigna productos (relacion aparte).
category,category:23,Categoría candidata; requiere decisión por campo.,R01_AUTHORIZATION_ONLY,STRONG,MIGRATE,R-T01,LOW,,category-master.csv:23 rel=STRONG_INFERENCE parent_conf=CONFIRMED,Termino con nombre e id estables y padre SQL CONFIRMED. Crear termino NO asigna productos (relacion aparte).
category,category:24,Categoría candidata; requiere decisión por campo.,R01_AUTHORIZATION_ONLY,STRONG,MIGRATE,R-T01,LOW,,category-master.csv:24 rel=STRONG_INFERENCE parent_conf=CONFIRMED,Termino con nombre e id estables y padre SQL CONFIRMED. Crear termino NO asigna productos (relacion aparte).
category,category:25,Jerarquía/identidad pendiente D06.,R06_CATEGORY_HIERARCHY_CONFLICT,MODERATE,KEEP_REVIEW,R-T02,HIGH,D06,"category-master.csv:25 name=Bumpers, semaforos y cepillos para rampa niveladora parent=3","Nombre duplicado 26/33, o 25 sin pagina propia. Jerarquia pendiente D06."
category,category:26,Jerarquía/identidad pendiente D06.,R06_CATEGORY_HIERARCHY_CONFLICT,MODERATE,KEEP_REVIEW,R-T02,HIGH,D06,category-master.csv:26 name=Puertas contra incendio parent=0,"Nombre duplicado 26/33, o 25 sin pagina propia. Jerarquia pendiente D06."
category,category:27,Categoría candidata; requiere decisión por campo.,R01_AUTHORIZATION_ONLY,STRONG,MIGRATE,R-T01,LOW,,category-master.csv:27 rel=STRONG_INFERENCE parent_conf=CONFIRMED,Termino con nombre e id estables y padre SQL CONFIRMED. Crear termino NO asigna productos (relacion aparte).
category,category:28,Categoría candidata; requiere decisión por campo.,R01_AUTHORIZATION_ONLY,STRONG,MIGRATE,R-T01,LOW,,category-master.csv:28 rel=STRONG_INFERENCE parent_conf=CONFIRMED,Termino con nombre e id estables y padre SQL CONFIRMED. Crear termino NO asigna productos (relacion aparte).
category,category:29,Categoría candidata; requiere decisión por campo.,R01_AUTHORIZATION_ONLY,STRONG,MIGRATE,R-T01,LOW,,category-master.csv:29 rel=STRONG_INFERENCE parent_conf=CONFIRMED,Termino con nombre e id estables y padre SQL CONFIRMED. Crear termino NO asigna productos (relacion aparte).
category,category:30,Categoría candidata; requiere decisión por campo.,R01_AUTHORIZATION_ONLY,STRONG,MIGRATE,R-T01,LOW,,category-master.csv:30 rel=STRONG_INFERENCE parent_conf=CONFIRMED,Termino con nombre e id estables y padre SQL CONFIRMED. Crear termino NO asigna productos (relacion aparte).
category,category:31,Categoría candidata; requiere decisión por campo.,R01_AUTHORIZATION_ONLY,STRONG,MIGRATE,R-T01,LOW,,category-master.csv:31 rel=STRONG_INFERENCE parent_conf=CONFIRMED,Termino con nombre e id estables y padre SQL CONFIRMED. Crear termino NO asigna productos (relacion aparte).
category,category:32,Categoría candidata; requiere decisión por campo.,R01_AUTHORIZATION_ONLY,STRONG,MIGRATE,R-T01,LOW,,category-master.csv:32 rel=STRONG_INFERENCE parent_conf=CONFIRMED,Termino con nombre e id estables y padre SQL CONFIRMED. Crear termino NO asigna productos (relacion aparte).
category,category:33,Jerarquía/identidad pendiente D06.,R06_CATEGORY_HIERARCHY_CONFLICT,MODERATE,KEEP_REVIEW,R-T02,HIGH,D06,category-master.csv:33 name=Puertas contra incendio parent=5,"Nombre duplicado 26/33, o 25 sin pagina propia. Jerarquia pendiente D06."
category,category:34,Categoría candidata; requiere decisión por campo.,R01_AUTHORIZATION_ONLY,STRONG,MIGRATE,R-T01,LOW,,category-master.csv:34 rel=STRONG_INFERENCE parent_conf=CONFIRMED,Termino con nombre e id estables y padre SQL CONFIRMED. Crear termino NO asigna productos (relacion aparte).
category,category:35,Categoría candidata; requiere decisión por campo.,R01_AUTHORIZATION_ONLY,STRONG,MIGRATE,R-T01,LOW,,category-master.csv:35 rel=STRONG_INFERENCE parent_conf=CONFIRMED,Termino con nombre e id estables y padre SQL CONFIRMED. Crear termino NO asigna productos (relacion aparte).
category,category:36,Categoría candidata; requiere decisión por campo.,R01_AUTHORIZATION_ONLY,STRONG,MIGRATE,R-T01,LOW,,category-master.csv:36 rel=STRONG_INFERENCE parent_conf=CONFIRMED,Termino con nombre e id estables y padre SQL CONFIRMED. Crear termino NO asigna productos (relacion aparte).
category,category:37,Categoría candidata; requiere decisión por campo.,R01_AUTHORIZATION_ONLY,STRONG,MIGRATE,R-T01,LOW,,category-master.csv:37 rel=STRONG_INFERENCE parent_conf=CONFIRMED,Termino con nombre e id estables y padre SQL CONFIRMED. Crear termino NO asigna productos (relacion aparte).
category,category:38,Categoría candidata; requiere decisión por campo.,R01_AUTHORIZATION_ONLY,STRONG,MIGRATE,R-T01,LOW,,category-master.csv:38 rel=STRONG_INFERENCE parent_conf=CONFIRMED,Termino con nombre e id estables y padre SQL CONFIRMED. Crear termino NO asigna productos (relacion aparte).
category,category:39,Categoría candidata; requiere decisión por campo.,R01_AUTHORIZATION_ONLY,STRONG,MIGRATE,R-T01,LOW,,category-master.csv:39 rel=STRONG_INFERENCE parent_conf=CONFIRMED,Termino con nombre e id estables y padre SQL CONFIRMED. Crear termino NO asigna productos (relacion aparte).
brand,brand:2,Marca candidata y logo documentado; sin aprobación global de importación.,R01_AUTHORIZATION_ONLY,CONFIRMED,MIGRATE,R-T03,LOW,,brand-master.csv:2 page=wayne-dalton.php logo_evidence=marcas.php:43,"Nombre, pagina propia y logo con evidencia directa. Crear el termino NO atribuye productos; atribucion de productos 6|14|16|20|57|107 permanece en D03."
brand,brand:3,Marca candidata y logo documentado; sin aprobación global de importación.,R01_AUTHORIZATION_ONLY,CONFIRMED,MIGRATE,R-T03,LOW,,brand-master.csv:3 page=clopay.php logo_evidence=marcas.php:52,"Nombre, pagina propia y logo con evidencia directa. Crear el termino NO atribuye productos; atribucion de productos 6|14|16|20|57|107 permanece en D03."
brand,brand:4,Marca candidata y logo documentado; sin aprobación global de importación.,R01_AUTHORIZATION_ONLY,CONFIRMED,MIGRATE,R-T03,LOW,,brand-master.csv:4 page=blue-giant.php logo_evidence=marcas.php:61,"Nombre, pagina propia y logo con evidencia directa. Crear el termino NO atribuye productos; atribucion de productos 43|44|81|123|125|135 permanece en D03."
brand,brand:5,Marca candidata y logo documentado; sin aprobación global de importación.,R01_AUTHORIZATION_ONLY,CONFIRMED,MIGRATE,R-T03,LOW,,brand-master.csv:5 page=kelley.php logo_evidence=marcas.php:70,"Nombre, pagina propia y logo con evidencia directa. Crear el termino NO atribuye productos; atribucion de productos 139 permanece en D03."
brand,brand:6,Marca candidata y logo documentado; sin aprobación global de importación.,R01_AUTHORIZATION_ONLY,CONFIRMED,MIGRATE,R-T03,LOW,,brand-master.csv:6 page=doorlock.php logo_evidence=marcas.php:79,"Nombre, pagina propia y logo con evidencia directa. Crear el termino NO atribuye productos; sin conflictos de atribucion registrados."
brand,brand:7,Marca candidata y logo documentado; sin aprobación global de importación.,R01_AUTHORIZATION_ONLY,CONFIRMED,MIGRATE,R-T03,LOW,,brand-master.csv:7 page=rytec.php logo_evidence=marcas.php:88,"Nombre, pagina propia y logo con evidencia directa. Crear el termino NO atribuye productos; sin conflictos de atribucion registrados."
brand,brand:8,Marca candidata y logo documentado; sin aprobación global de importación.,R01_AUTHORIZATION_ONLY,CONFIRMED,MIGRATE,R-T03,LOW,,brand-master.csv:8 page=infraca-quality-doors.php logo_evidence=marcas.php:97,"Nombre, pagina propia y logo con evidencia directa. Crear el termino NO atribuye productos; sin conflictos de atribucion registrados."
brand,brand:9,Marca candidata y logo documentado; sin aprobación global de importación.,R01_AUTHORIZATION_ONLY,CONFIRMED,MIGRATE,R-T03,LOW,,brand-master.csv:9 page=glg-porte-industriali.php logo_evidence=marcas.php:106,"Nombre, pagina propia y logo con evidencia directa. Crear el termino NO atribuye productos; sin conflictos de atribucion registrados."
brand,brand:10,Marca candidata y logo documentado; sin aprobación global de importación.,R01_AUTHORIZATION_ONLY,CONFIRMED,MIGRATE,R-T03,LOW,,brand-master.csv:10 page=dockman.php logo_evidence=marcas.php:115,"Nombre, pagina propia y logo con evidencia directa. Crear el termino NO atribuye productos; atribucion de productos 150 permanece en D03."
brand,brand:11,Marca candidata y logo documentado; sin aprobación global de importación.,R01_AUTHORIZATION_ONLY,CONFIRMED,MIGRATE,R-T03,LOW,,brand-master.csv:11 page=lift-master.php logo_evidence=marcas.php:124,"Nombre, pagina propia y logo con evidencia directa. Crear el termino NO atribuye productos; atribucion de productos 43|81 permanece en D03."
brand,brand:12,Marca candidata y logo documentado; sin aprobación global de importación.,R01_AUTHORIZATION_ONLY,CONFIRMED,MIGRATE,R-T03,LOW,,brand-master.csv:12 page=bft.php logo_evidence=marcas.php:133,"Nombre, pagina propia y logo con evidencia directa. Crear el termino NO atribuye productos; atribucion de productos 44|123|125|135 permanece en D03."
product,sql:productos:1,"Maestro REVIEW: identidad, duplicado o excepción editorial; no fusionar ni descartar automáticamente.",R02_ENTITY_DUPLICATE_CANDIDATE,STRONG,KEEP_REVIEW,R-P02,HIGH,D02,canonical-candidate-groups.csv:accesspro-fs1000speed.php record_count=4,Grupo canonico con 4 filas; decision=REVIEW_NO_AUTOMATIC_MERGE. Ganador no determinista.
product,sql:productos:2,"Maestro REVIEW: identidad, duplicado o excepción editorial; no fusionar ni descartar automáticamente.",R02_ENTITY_DUPLICATE_CANDIDATE,STRONG,KEEP_REVIEW,R-P02,HIGH,D02,canonical-candidate-groups.csv:energy-series-with-intellicore-37171-3-4.php record_count=2,Grupo canonico con 2 filas; decision=REVIEW_NO_AUTOMATIC_MERGE. Ganador no determinista.
product,sql:productos:3,"Maestro REVIEW: identidad, duplicado o excepción editorial; no fusionar ni descartar automáticamente.",R02_ENTITY_DUPLICATE_CANDIDATE,STRONG,KEEP_REVIEW,R-P02,HIGH,D02+D06,canonical-candidate-groups.csv:rampas-de-anden-hidraulicas-kelley.php record_count=3,Grupo canonico con 3 filas; decision=REVIEW_NO_AUTOMATIC_MERGE. Ganador no determinista.
product,sql:productos:4,"Maestro REVIEW: identidad, duplicado o excepción editorial; no fusionar ni descartar automáticamente.",R02_ENTITY_DUPLICATE_CANDIDATE,STRONG,KEEP_REVIEW,R-P02,HIGH,D02,canonical-candidate-groups.csv:cortina-serie-625.php record_count=2,Grupo canonico con 2 filas; decision=REVIEW_NO_AUTOMATIC_MERGE. Ganador no determinista.
product,sql:productos:5,"Maestro REVIEW: identidad, duplicado o excepción editorial; no fusionar ni descartar automáticamente.",R02_ENTITY_DUPLICATE_CANDIDATE,STRONG,KEEP_REVIEW,R-P02,HIGH,D02,canonical-candidate-groups.csv:cortina-en-aluminio-serie-511-521.php record_count=2,Grupo canonico con 2 filas; decision=REVIEW_NO_AUTOMATIC_MERGE. Ganador no determinista.
product,sql:productos:6,"Maestro REVIEW: identidad, duplicado o excepción editorial; no fusionar ni descartar automáticamente.",R02_ENTITY_DUPLICATE_CANDIDATE,STRONG,KEEP_REVIEW,R-P02,HIGH,D02+D03,canonical-candidate-groups.csv:coleccion-modern-steel.php record_count=4,Grupo canonico con 4 filas; decision=REVIEW_NO_AUTOMATIC_MERGE. Ganador no determinista.
product,sql:productos:7,"Maestro REVIEW: identidad, duplicado o excepción editorial; no fusionar ni descartar automáticamente.",R02_ENTITY_DUPLICATE_CANDIDATE,STRONG,KEEP_REVIEW,R-P02,HIGH,D02,canonical-candidate-groups.csv:cortina-serie-620.php record_count=2,Grupo canonico con 2 filas; decision=REVIEW_NO_AUTOMATIC_MERGE. Ganador no determinista.
product,sql:productos:8,"Maestro REVIEW: identidad, duplicado o excepción editorial; no fusionar ni descartar automáticamente.",R02_ENTITY_DUPLICATE_CANDIDATE,STRONG,KEEP_REVIEW,R-P02,HIGH,D02,canonical-candidate-groups.csv:puerta-seccional-de-acero-thermacore-serie-592.php record_count=2,Grupo canonico con 2 filas; decision=REVIEW_NO_AUTOMATIC_MERGE. Ganador no determinista.
product,sql:productos:9,"Maestro REVIEW: identidad, duplicado o excepción editorial; no fusionar ni descartar automáticamente.",R02_ENTITY_DUPLICATE_CANDIDATE,STRONG,KEEP_REVIEW,R-P02,HIGH,D02,canonical-candidate-groups.csv:coleccion-classic.php record_count=2,Grupo canonico con 2 filas; decision=REVIEW_NO_AUTOMATIC_MERGE. Ganador no determinista.
product,sql:productos:10,"Maestro REVIEW: identidad, duplicado o excepción editorial; no fusionar ni descartar automáticamente.",R02_ENTITY_DUPLICATE_CANDIDATE,STRONG,KEEP_REVIEW,R-P02,HIGH,D02,canonical-candidate-groups.csv:cortina-serie-600.php record_count=3,Grupo canonico con 3 filas; decision=REVIEW_NO_AUTOMATIC_MERGE. Ganador no determinista.
product,sql:productos:11,"Maestro REVIEW: identidad, duplicado o excepción editorial; no fusionar ni descartar automáticamente.",R02_ENTITY_DUPLICATE_CANDIDATE,STRONG,KEEP_REVIEW,R-P02,HIGH,D02,canonical-candidate-groups.csv:cortina-serie-630.php record_count=2,Grupo canonico con 2 filas; decision=REVIEW_NO_AUTOMATIC_MERGE. Ganador no determinista.
product,sql:productos:12,"Maestro REVIEW: identidad, duplicado o excepción editorial; no fusionar ni descartar automáticamente.",R02_ENTITY_DUPLICATE_CANDIDATE,STRONG,KEEP_REVIEW,R-P02,HIGH,D02,canonical-candidate-groups.csv:operador-comercial-rhx.php record_count=2,Grupo canonico con 2 filas; decision=REVIEW_NO_AUTOMATIC_MERGE. Ganador no determinista.
product,sql:productos:13,"Maestro REVIEW: identidad, duplicado o excepción editorial; no fusionar ni descartar automáticamente.",R02_ENTITY_DUPLICATE_CANDIDATE,STRONG,KEEP_REVIEW,R-P02,HIGH,D02,canonical-candidate-groups.csv:fire-rated-doors-firestar-models-700-700c.php record_count=2,Grupo canonico con 2 filas; decision=REVIEW_NO_AUTOMATIC_MERGE. Ganador no determinista.
product,sql:productos:14,"Maestro REVIEW: identidad, duplicado o excepción editorial; no fusionar ni descartar automáticamente.",R02_ENTITY_DUPLICATE_CANDIDATE,STRONG,KEEP_REVIEW,R-P02,HIGH,D02+D03,canonical-candidate-groups.csv:puertas-seccionales-de-acero-aisladas-thermospan-modelo-150.php record_count=2,Grupo canonico con 2 filas; decision=REVIEW_NO_AUTOMATIC_MERGE. Ganador no determinista.
product,sql:productos:15,"Maestro REVIEW: identidad, duplicado o excepción editorial; no fusionar ni descartar automáticamente.",R02_ENTITY_DUPLICATE_CANDIDATE,STRONG,KEEP_REVIEW,R-P02,HIGH,D02,canonical-candidate-groups.csv:puertas-seccionales-de-acero-modelo-2415.php record_count=2,Grupo canonico con 2 filas; decision=REVIEW_NO_AUTOMATIC_MERGE. Ganador no determinista.
product,sql:productos:16,"Maestro REVIEW: identidad, duplicado o excepción editorial; no fusionar ni descartar automáticamente.",R02_ENTITY_DUPLICATE_CANDIDATE,STRONG,KEEP_REVIEW,R-P02,HIGH,D02+D03,canonical-candidate-groups.csv:coleccion-modern-steel.php record_count=4,Grupo canonico con 4 filas; decision=REVIEW_NO_AUTOMATIC_MERGE. Ganador no determinista.
product,sql:productos:17,"Maestro REVIEW: identidad, duplicado o excepción editorial; no fusionar ni descartar automáticamente.",R02_ENTITY_DUPLICATE_CANDIDATE,STRONG,KEEP_REVIEW,R-P02,HIGH,D02,canonical-candidate-groups.csv:energy-series-with-intellicore-37171-3-4.php record_count=2,Grupo canonico con 2 filas; decision=REVIEW_NO_AUTOMATIC_MERGE. Ganador no determinista.
product,sql:productos:18,"Maestro REVIEW: identidad, duplicado o excepción editorial; no fusionar ni descartar automáticamente.",R02_ENTITY_DUPLICATE_CANDIDATE,STRONG,KEEP_REVIEW,R-P02,HIGH,D02,canonical-candidate-groups.csv:puerta-de-acero-acanalado-modelos-524.php record_count=2,Grupo canonico con 2 filas; decision=REVIEW_NO_AUTOMATIC_MERGE. Ganador no determinista.
product,sql:productos:19,"Maestro REVIEW: identidad, duplicado o excepción editorial; no fusionar ni descartar automáticamente.",R02_ENTITY_DUPLICATE_CANDIDATE,STRONG,KEEP_REVIEW,R-P02,HIGH,D02,canonical-candidate-groups.csv:energy-series-with-intellicore-3720-3724-3722.php record_count=2,Grupo canonico con 2 filas; decision=REVIEW_NO_AUTOMATIC_MERGE. Ganador no determinista.
product,sql:productos:20,"Maestro REVIEW: identidad, duplicado o excepción editorial; no fusionar ni descartar automáticamente.",R02_ENTITY_DUPLICATE_CANDIDATE,STRONG,KEEP_REVIEW,R-P02,HIGH,D02+D03,canonical-candidate-groups.csv:coleccion-modern-steel.php record_count=4,Grupo canonico con 4 filas; decision=REVIEW_NO_AUTOMATIC_MERGE. Ganador no determinista.
product,sql:productos:21,"Maestro REVIEW: identidad, duplicado o excepción editorial; no fusionar ni descartar automáticamente.",R02_ENTITY_DUPLICATE_CANDIDATE,STRONG,KEEP_REVIEW,R-P02,HIGH,D02,canonical-candidate-groups.csv:shelter-abrigo-estacionario-blue-giant.php record_count=2,Grupo canonico con 2 filas; decision=REVIEW_NO_AUTOMATIC_MERGE. Ganador no determinista.
product,sql:productos:22,"Maestro REVIEW: identidad, duplicado o excepción editorial; no fusionar ni descartar automáticamente.",R02_ENTITY_DUPLICATE_CANDIDATE,STRONG,KEEP_REVIEW,R-P02,HIGH,D02,canonical-candidate-groups.csv:retenedor-de-vehiculos.php record_count=2,Grupo canonico con 2 filas; decision=REVIEW_NO_AUTOMATIC_MERGE. Ganador no determinista.
product,sql:productos:23,"Maestro REVIEW: identidad, duplicado o excepción editorial; no fusionar ni descartar automáticamente.",R02_ENTITY_DUPLICATE_CANDIDATE,STRONG,KEEP_REVIEW,R-P02,HIGH,D02,canonical-candidate-groups.csv:rampa-niveladora-mecanica-blue-giant.php record_count=2,Grupo canonico con 2 filas; decision=REVIEW_NO_AUTOMATIC_MERGE. Ganador no determinista.
product,sql:productos:24,"Maestro REVIEW: identidad, duplicado o excepción editorial; no fusionar ni descartar automáticamente.",R02_ENTITY_DUPLICATE_CANDIDATE,STRONG,KEEP_REVIEW,R-P02,HIGH,D02,canonical-candidate-groups.csv:rampas-de-anden-hidraulicas-kelley.php record_count=3,Grupo canonico con 3 filas; decision=REVIEW_NO_AUTOMATIC_MERGE. Ganador no determinista.
product,sql:productos:25,"Maestro REVIEW: identidad, duplicado o excepción editorial; no fusionar ni descartar automáticamente.",R02_ENTITY_DUPLICATE_CANDIDATE,STRONG,KEEP_REVIEW,R-P02,HIGH,D02,canonical-candidate-groups.csv:star4-vehicle-restraint.php record_count=2,Grupo canonico con 2 filas; decision=REVIEW_NO_AUTOMATIC_MERGE. Ganador no determinista.
product,sql:productos:26,"Maestro REVIEW: identidad, duplicado o excepción editorial; no fusionar ni descartar automáticamente.",R02_ENTITY_DUPLICATE_CANDIDATE,STRONG,KEEP_REVIEW,R-P02,HIGH,D02,canonical-candidate-groups.csv:puerta-contra-explosion.php record_count=2,Grupo canonico con 2 filas; decision=REVIEW_NO_AUTOMATIC_MERGE. Ganador no determinista.
product,sql:productos:27,"Maestro REVIEW: identidad, duplicado o excepción editorial; no fusionar ni descartar automáticamente.",R02_ENTITY_DUPLICATE_CANDIDATE,STRONG,KEEP_REVIEW,R-P02,HIGH,D02,canonical-candidate-groups.csv:accesorios.php record_count=2,Grupo canonico con 2 filas; decision=REVIEW_NO_AUTOMATIC_MERGE. Ganador no determinista.
product,sql:productos:28,"Maestro REVIEW: identidad, duplicado o excepción editorial; no fusionar ni descartar automáticamente.",R02_ENTITY_DUPLICATE_CANDIDATE,STRONG,KEEP_REVIEW,R-P02,HIGH,D02,canonical-candidate-groups.csv:puertas-blindadas.php record_count=3,Grupo canonico con 3 filas; decision=REVIEW_NO_AUTOMATIC_MERGE. Ganador no determinista.
product,sql:productos:29,"Maestro REVIEW: identidad, duplicado o excepción editorial; no fusionar ni descartar automáticamente.",R02_ENTITY_DUPLICATE_CANDIDATE,STRONG,KEEP_REVIEW,R-P02,HIGH,D02,canonical-candidate-groups.csv:puertas-contra-incendio.php record_count=3,Grupo canonico con 3 filas; decision=REVIEW_NO_AUTOMATIC_MERGE. Ganador no determinista.
product,sql:productos:30,"Maestro REVIEW: identidad, duplicado o excepción editorial; no fusionar ni descartar automáticamente.",R02_ENTITY_DUPLICATE_CANDIDATE,STRONG,KEEP_REVIEW,R-P02,HIGH,D02,canonical-candidate-groups.csv:puertas-contra-rayos-x.php record_count=2,Grupo canonico con 2 filas; decision=REVIEW_NO_AUTOMATIC_MERGE. Ganador no determinista.
product,sql:productos:31,"Maestro REVIEW: identidad, duplicado o excepción editorial; no fusionar ni descartar automáticamente.",R02_ENTITY_DUPLICATE_CANDIDATE,STRONG,KEEP_REVIEW,R-P02,HIGH,D02,canonical-candidate-groups.csv:puerta-estandar.php record_count=3,Grupo canonico con 3 filas; decision=REVIEW_NO_AUTOMATIC_MERGE. Ganador no determinista.
product,sql:productos:32,"Maestro REVIEW: identidad, duplicado o excepción editorial; no fusionar ni descartar automáticamente.",R02_ENTITY_DUPLICATE_CANDIDATE,STRONG,KEEP_REVIEW,R-P02,HIGH,D02,canonical-candidate-groups.csv:puerta-estandar-reforzada.php record_count=3,Grupo canonico con 3 filas; decision=REVIEW_NO_AUTOMATIC_MERGE. Ganador no determinista.
product,sql:productos:33,"Maestro REVIEW: identidad, duplicado o excepción editorial; no fusionar ni descartar automáticamente.",R02_ENTITY_DUPLICATE_CANDIDATE,STRONG,KEEP_REVIEW,R-P02,HIGH,D02,canonical-candidate-groups.csv:puerta-holandesa.php record_count=3,Grupo canonico con 3 filas; decision=REVIEW_NO_AUTOMATIC_MERGE. Ganador no determinista.
product,sql:productos:34,"SHOULD_MIGRATE es candidato, no aprobación editorial.",R01_AUTHORIZATION_ONLY,STRONG,MIGRATE,R-P01,LOW,,product-master.csv:34 group=puerta-para-hospital.php unambiguous_php=YES cat=STRONG_INFERENCE,"Ficha unica en su grupo canonico, PHP univoco, categoria STRONG_INFERENCE. Marca CONFIRMED: asignable. Destino draft/review."
product,sql:productos:35,"Maestro REVIEW: identidad, duplicado o excepción editorial; no fusionar ni descartar automáticamente.",R02_ENTITY_DUPLICATE_CANDIDATE,STRONG,KEEP_REVIEW,R-P02,HIGH,D02,canonical-candidate-groups.csv:puerta-y-fijos-louver.php record_count=3,Grupo canonico con 3 filas; decision=REVIEW_NO_AUTOMATIC_MERGE. Ganador no determinista.
product,sql:productos:36,"Maestro REVIEW: identidad, duplicado o excepción editorial; no fusionar ni descartar automáticamente.",R02_ENTITY_DUPLICATE_CANDIDATE,STRONG,KEEP_REVIEW,R-P02,HIGH,D02,canonical-candidate-groups.csv:fast-seal-high-performance-door.php record_count=2,Grupo canonico con 2 filas; decision=REVIEW_NO_AUTOMATIC_MERGE. Ganador no determinista.
product,sql:productos:37,"Maestro REVIEW: identidad, duplicado o excepción editorial; no fusionar ni descartar automáticamente.",R02_ENTITY_DUPLICATE_CANDIDATE,STRONG,KEEP_REVIEW,R-P02,HIGH,D02,canonical-candidate-groups.csv:predadoor-nxt-door.php record_count=2,Grupo canonico con 2 filas; decision=REVIEW_NO_AUTOMATIC_MERGE. Ganador no determinista.
product,sql:productos:38,"Maestro REVIEW: identidad, duplicado o excepción editorial; no fusionar ni descartar automáticamente.",R02_ENTITY_DUPLICATE_CANDIDATE,STRONG,KEEP_REVIEW,R-P02,HIGH,D02,canonical-candidate-groups.csv:rapida-enrollable-industrial.php record_count=2,Grupo canonico con 2 filas; decision=REVIEW_NO_AUTOMATIC_MERGE. Ganador no determinista.
product,sql:productos:39,"Maestro REVIEW: identidad, duplicado o excepción editorial; no fusionar ni descartar automáticamente.",R02_ENTITY_DUPLICATE_CANDIDATE,STRONG,KEEP_REVIEW,R-P02,HIGH,D02,canonical-candidate-groups.csv:rapida-apilable.php record_count=2,Grupo canonico con 2 filas; decision=REVIEW_NO_AUTOMATIC_MERGE. Ganador no determinista.
product,sql:productos:40,"Maestro REVIEW: identidad, duplicado o excepción editorial; no fusionar ni descartar automáticamente.",R02_ENTITY_DUPLICATE_CANDIDATE,STRONG,KEEP_REVIEW,R-P02,HIGH,D02,canonical-candidate-groups.csv:rolli-zip.php record_count=2,Grupo canonico con 2 filas; decision=REVIEW_NO_AUTOMATIC_MERGE. Ganador no determinista.
product,sql:productos:41,"Maestro REVIEW: identidad, duplicado o excepción editorial; no fusionar ni descartar automáticamente.",R02_ENTITY_DUPLICATE_CANDIDATE,STRONG,KEEP_REVIEW,R-P02,HIGH,D02,canonical-candidate-groups.csv:kronos-puertas-rapidas-de-sectores-modulares-autorreparable.php record_count=2,Grupo canonico con 2 filas; decision=REVIEW_NO_AUTOMATIC_MERGE. Ganador no determinista.
product,sql:productos:42,"Maestro REVIEW: identidad, duplicado o excepción editorial; no fusionar ni descartar automáticamente.",R02_ENTITY_DUPLICATE_CANDIDATE,STRONG,KEEP_REVIEW,R-P02,HIGH,D02,canonical-candidate-groups.csv:vertigo.php record_count=2,Grupo canonico con 2 filas; decision=REVIEW_NO_AUTOMATIC_MERGE. Ganador no determinista.
product,sql:productos:43,"Maestro REVIEW: identidad, duplicado o excepción editorial; no fusionar ni descartar automáticamente.",R02_ENTITY_DUPLICATE_CANDIDATE,STRONG,KEEP_REVIEW,R-P02,HIGH,D02+D03,canonical-candidate-groups.csv:lift-master-mod-h.php record_count=2,Grupo canonico con 2 filas; decision=REVIEW_NO_AUTOMATIC_MERGE. Ganador no determinista.
product,sql:productos:44,"Maestro REVIEW: identidad, duplicado o excepción editorial; no fusionar ni descartar automáticamente.",R02_ENTITY_DUPLICATE_CANDIDATE,STRONG,KEEP_REVIEW,R-P02,HIGH,D02+D03,canonical-candidate-groups.csv:barreras-estacionamiento-moovi50rm.php record_count=4,Grupo canonico con 4 filas; decision=REVIEW_NO_AUTOMATIC_MERGE. Ganador no determinista.
product,sql:productos:45,"Maestro REVIEW: identidad, duplicado o excepción editorial; no fusionar ni descartar automáticamente.",R02_ENTITY_DUPLICATE_CANDIDATE,STRONG,KEEP_REVIEW,R-P02,HIGH,D02,canonical-candidate-groups.csv:serie-x130-motor-para-cortina-oculto.php record_count=2,Grupo canonico con 2 filas; decision=REVIEW_NO_AUTOMATIC_MERGE. Ganador no determinista.
product,sql:productos:46,"Maestro REVIEW: identidad, duplicado o excepción editorial; no fusionar ni descartar automáticamente.",R02_ENTITY_DUPLICATE_CANDIDATE,STRONG,KEEP_REVIEW,R-P02,HIGH,D02,canonical-candidate-groups.csv:phobos-n-piston-electromecanico.php record_count=2,Grupo canonico con 2 filas; decision=REVIEW_NO_AUTOMATIC_MERGE. Ganador no determinista.
product,sql:productos:47,"Maestro REVIEW: identidad, duplicado o excepción editorial; no fusionar ni descartar automáticamente.",R02_ENTITY_DUPLICATE_CANDIDATE,STRONG,KEEP_REVIEW,R-P02,HIGH,D02,canonical-candidate-groups.csv:p45-7-piston-hidraulico-para-puerta-abatible.php record_count=3,Grupo canonico con 3 filas; decision=REVIEW_NO_AUTOMATIC_MERGE. Ganador no determinista.
product,sql:productos:48,"Maestro REVIEW: identidad, duplicado o excepción editorial; no fusionar ni descartar automáticamente.",R02_ENTITY_DUPLICATE_CANDIDATE,STRONG,KEEP_REVIEW,R-P02,HIGH,D02,canonical-candidate-groups.csv:lux-2b-y-lux-gv-piston-hidraulico-para-puerta-abatible.php record_count=3,Grupo canonico con 3 filas; decision=REVIEW_NO_AUTOMATIC_MERGE. Ganador no determinista.
product,sql:productos:49,"Maestro REVIEW: identidad, duplicado o excepción editorial; no fusionar ni descartar automáticamente.",R02_ENTITY_DUPLICATE_CANDIDATE,STRONG,KEEP_REVIEW,R-P02,HIGH,D02,canonical-candidate-groups.csv:icaro-smart.php record_count=4,Grupo canonico con 4 filas; decision=REVIEW_NO_AUTOMATIC_MERGE. Ganador no determinista.
product,sql:productos:50,"Maestro REVIEW: identidad, duplicado o excepción editorial; no fusionar ni descartar automáticamente.",R02_ENTITY_DUPLICATE_CANDIDATE,STRONG,KEEP_REVIEW,R-P02,HIGH,D02,canonical-candidate-groups.csv:puertas-industriales-dockman.php record_count=2,Grupo canonico con 2 filas; decision=REVIEW_NO_AUTOMATIC_MERGE. Ganador no determinista.
product,sql:productos:51,"Maestro REVIEW: identidad, duplicado o excepción editorial; no fusionar ni descartar automáticamente.",R02_ENTITY_DUPLICATE_CANDIDATE,STRONG,KEEP_REVIEW,R-P02,HIGH,D02,canonical-candidate-groups.csv:labio-de-elevacion-mecanico-dockman.php record_count=2,Grupo canonico con 2 filas; decision=REVIEW_NO_AUTOMATIC_MERGE. Ganador no determinista.
product,sql:productos:52,"Maestro REVIEW: identidad, duplicado o excepción editorial; no fusionar ni descartar automáticamente.",R02_ENTITY_DUPLICATE_CANDIDATE,STRONG,KEEP_REVIEW,R-P02,HIGH,D02,canonical-candidate-groups.csv:sellos-de-anden.php record_count=2,Grupo canonico con 2 filas; decision=REVIEW_NO_AUTOMATIC_MERGE. Ganador no determinista.
product,sql:productos:53,"Maestro REVIEW: identidad, duplicado o excepción editorial; no fusionar ni descartar automáticamente.",R02_ENTITY_DUPLICATE_CANDIDATE,STRONG,KEEP_REVIEW,R-P02,HIGH,D02,canonical-candidate-groups.csv:rampas-de-anden-hidraulicas.php record_count=2,Grupo canonico con 2 filas; decision=REVIEW_NO_AUTOMATIC_MERGE. Ganador no determinista.
product,sql:productos:54,"Maestro REVIEW: identidad, duplicado o excepción editorial; no fusionar ni descartar automáticamente.",R02_ENTITY_DUPLICATE_CANDIDATE,STRONG,KEEP_REVIEW,R-P02,HIGH,D02,canonical-candidate-groups.csv:cortina-plana.php record_count=3,Grupo canonico con 3 filas; decision=REVIEW_NO_AUTOMATIC_MERGE. Ganador no determinista.
product,sql:productos:55,"Maestro REVIEW: identidad, duplicado o excepción editorial; no fusionar ni descartar automáticamente.",R02_ENTITY_DUPLICATE_CANDIDATE,STRONG,KEEP_REVIEW,R-P02,HIGH,D02,canonical-candidate-groups.csv:cortina-europea.php record_count=3,Grupo canonico con 3 filas; decision=REVIEW_NO_AUTOMATIC_MERGE. Ganador no determinista.
product,sql:productos:56,"Maestro REVIEW: identidad, duplicado o excepción editorial; no fusionar ni descartar automáticamente.",R02_ENTITY_DUPLICATE_CANDIDATE,STRONG,KEEP_REVIEW,R-P02,HIGH,D02,canonical-candidate-groups.csv:rampas-de-anden-mecanicas.php record_count=2,Grupo canonico con 2 filas; decision=REVIEW_NO_AUTOMATIC_MERGE. Ganador no determinista.
product,sql:productos:57,"Maestro REVIEW: identidad, duplicado o excepción editorial; no fusionar ni descartar automáticamente.",R02_ENTITY_DUPLICATE_CANDIDATE,STRONG,KEEP_REVIEW,R-P02,HIGH,D02+D03,canonical-candidate-groups.csv:puertas-seccionales-de-acero-aisladas-thermospan-modelo-150.php record_count=2,Grupo canonico con 2 filas; decision=REVIEW_NO_AUTOMATIC_MERGE. Ganador no determinista.
product,sql:productos:58,"Maestro REVIEW: identidad, duplicado o excepción editorial; no fusionar ni descartar automáticamente.",R02_ENTITY_DUPLICATE_CANDIDATE,STRONG,KEEP_REVIEW,R-P02,HIGH,D02,canonical-candidate-groups.csv:puerta-de-acero-acanalado-modelos-524.php record_count=2,Grupo canonico con 2 filas; decision=REVIEW_NO_AUTOMATIC_MERGE. Ganador no determinista.
product,sql:productos:59,"Maestro REVIEW: identidad, duplicado o excepción editorial; no fusionar ni descartar automáticamente.",R02_ENTITY_DUPLICATE_CANDIDATE,STRONG,KEEP_REVIEW,R-P02,HIGH,D02,canonical-candidate-groups.csv:puertas-industriales-dockman.php record_count=2,Grupo canonico con 2 filas; decision=REVIEW_NO_AUTOMATIC_MERGE. Ganador no determinista.
product,sql:productos:60,"Maestro REVIEW: identidad, duplicado o excepción editorial; no fusionar ni descartar automáticamente.",R02_ENTITY_DUPLICATE_CANDIDATE,STRONG,KEEP_REVIEW,R-P02,HIGH,D02,canonical-candidate-groups.csv:puertas-seccionales-de-acero-modelo-2415.php record_count=2,Grupo canonico con 2 filas; decision=REVIEW_NO_AUTOMATIC_MERGE. Ganador no determinista.
product,sql:productos:61,"Maestro REVIEW: identidad, duplicado o excepción editorial; no fusionar ni descartar automáticamente.",R02_ENTITY_DUPLICATE_CANDIDATE,STRONG,KEEP_REVIEW,R-P02,HIGH,D02,canonical-candidate-groups.csv:energy-series-with-intellicore-3720-3724-3722.php record_count=2,Grupo canonico con 2 filas; decision=REVIEW_NO_AUTOMATIC_MERGE. Ganador no determinista.
product,sql:productos:62,"Maestro REVIEW: identidad, duplicado o excepción editorial; no fusionar ni descartar automáticamente.",R02_ENTITY_DUPLICATE_CANDIDATE,STRONG,KEEP_REVIEW,R-P02,HIGH,D02,canonical-candidate-groups.csv:puerta-seccional-de-acero-thermacore-serie-592.php record_count=2,Grupo canonico con 2 filas; decision=REVIEW_NO_AUTOMATIC_MERGE. Ganador no determinista.
product,sql:productos:65,"SHOULD_MIGRATE es candidato, no aprobación editorial.",R01_AUTHORIZATION_ONLY,STRONG,MIGRATE,R-P01,LOW,,product-master.csv:65 group=puerta-seccional-de-acero-sin-aislamiento-424-uso-pesado.php unambiguous_php=YES cat=CONFIRMED,"Ficha unica en su grupo canonico, PHP univoco, categoria CONFIRMED. Marca STRONG_INFERENCE: NO se asigna; se difiere a D03. Destino draft/review."
product,sql:productos:66,"SHOULD_MIGRATE es candidato, no aprobación editorial.",R01_AUTHORIZATION_ONLY,STRONG,MIGRATE,R-P01,LOW,,product-master.csv:66 group=puert-seccional-de-acero-sin-aislamiento-430-uso-medio.php unambiguous_php=YES cat=CONFIRMED,"Ficha unica en su grupo canonico, PHP univoco, categoria CONFIRMED. Marca STRONG_INFERENCE: NO se asigna; se difiere a D03. Destino draft/review."
product,sql:productos:67,"SHOULD_MIGRATE es candidato, no aprobación editorial.",R01_AUTHORIZATION_ONLY,STRONG,MIGRATE,R-P01,LOW,,product-master.csv:67 group=puertas-seccionales-de-aluminio-521.php unambiguous_php=YES cat=CONFIRMED,"Ficha unica en su grupo canonico, PHP univoco, categoria CONFIRMED. Marca STRONG_INFERENCE: NO se asigna; se difiere a D03. Destino draft/review."
product,sql:productos:68,"SHOULD_MIGRATE es candidato, no aprobación editorial.",R01_AUTHORIZATION_ONLY,STRONG,MIGRATE,R-P01,LOW,,product-master.csv:68 group=puerta-seccional-de-acero-perfiles-418.php unambiguous_php=YES cat=CONFIRMED,"Ficha unica en su grupo canonico, PHP univoco, categoria CONFIRMED. Marca STRONG_INFERENCE: NO se asigna; se difiere a D03. Destino draft/review."
product,sql:productos:69,"SHOULD_MIGRATE es candidato, no aprobación editorial.",R01_AUTHORIZATION_ONLY,STRONG,MIGRATE,R-P01,LOW,,product-master.csv:69 group=puerta-seccionabl-acero-perfiles-422-uso-pesado.php unambiguous_php=YES cat=CONFIRMED,"Ficha unica en su grupo canonico, PHP univoco, categoria CONFIRMED. Marca STRONG_INFERENCE: NO se asigna; se difiere a D03. Destino draft/review."
product,sql:productos:70,"SHOULD_MIGRATE es candidato, no aprobación editorial.",R01_AUTHORIZATION_ONLY,STRONG,MIGRATE,R-P01,LOW,,product-master.csv:70 group=puertas-seccionales-de-acero-perfiles-426.php unambiguous_php=YES cat=CONFIRMED,"Ficha unica en su grupo canonico, PHP univoco, categoria CONFIRMED. Marca STRONG_INFERENCE: NO se asigna; se difiere a D03. Destino draft/review."
product,sql:productos:71,"SHOULD_MIGRATE es candidato, no aprobación editorial.",R01_AUTHORIZATION_ONLY,STRONG,MIGRATE,R-P01,LOW,,product-master.csv:71 group=puerta-seccional-de-acero-perfiles-432-uso-medio.php unambiguous_php=YES cat=CONFIRMED,"Ficha unica en su grupo canonico, PHP univoco, categoria CONFIRMED. Marca STRONG_INFERENCE: NO se asigna; se difiere a D03. Destino draft/review."
product,sql:productos:72,"SHOULD_MIGRATE es candidato, no aprobación editorial.",R01_AUTHORIZATION_ONLY,STRONG,MIGRATE,R-P01,LOW,,product-master.csv:72 group=puerta-seccional-de-acero-thermacore-593-uso-medio.php unambiguous_php=YES cat=CONFIRMED,"Ficha unica en su grupo canonico, PHP univoco, categoria CONFIRMED. Marca STRONG_INFERENCE: NO se asigna; se difiere a D03. Destino draft/review."
product,sql:productos:73,"SHOULD_MIGRATE es candidato, no aprobación editorial.",R01_AUTHORIZATION_ONLY,STRONG,MIGRATE,R-P01,LOW,,product-master.csv:73 group=puerta-seccional-de-acero-thermacore-594-uso-medio.php unambiguous_php=YES cat=CONFIRMED,"Ficha unica en su grupo canonico, PHP univoco, categoria CONFIRMED. Marca STRONG_INFERENCE: NO se asigna; se difiere a D03. Destino draft/review."
product,sql:productos:74,"SHOULD_MIGRATE es candidato, no aprobación editorial.",R01_AUTHORIZATION_ONLY,STRONG,MIGRATE,R-P01,LOW,,product-master.csv:74 group=puertas-seccionales-de-acero-thermacore-598-uso-liviano.php unambiguous_php=YES cat=CONFIRMED,"Ficha unica en su grupo canonico, PHP univoco, categoria CONFIRMED. Marca STRONG_INFERENCE: NO se asigna; se difiere a D03. Destino draft/review."
product,sql:productos:75,"SHOULD_MIGRATE es candidato, no aprobación editorial.",R01_AUTHORIZATION_ONLY,STRONG,MIGRATE,R-P01,LOW,,product-master.csv:75 group=puerta-seccional-de-acero-thermacore-599-uso-muy-pesado.php unambiguous_php=YES cat=CONFIRMED,"Ficha unica en su grupo canonico, PHP univoco, categoria CONFIRMED. Marca STRONG_INFERENCE: NO se asigna; se difiere a D03. Destino draft/review."
product,sql:productos:76,"Maestro REVIEW: identidad, duplicado o excepción editorial; no fusionar ni descartar automáticamente.",R02_ENTITY_DUPLICATE_CANDIDATE,STRONG,KEEP_REVIEW,R-P02,HIGH,D02,canonical-candidate-groups.csv:icaro-smart.php record_count=4,Grupo canonico con 4 filas; decision=REVIEW_NO_AUTOMATIC_MERGE. Ganador no determinista.
product,sql:productos:77,"SHOULD_MIGRATE es candidato, no aprobación editorial.",R01_AUTHORIZATION_ONLY,STRONG,MIGRATE,R-P01,LOW,,product-master.csv:77 group=operador-para-perfilados-comerciales-jst.php unambiguous_php=YES cat=CONFIRMED,"Ficha unica en su grupo canonico, PHP univoco, categoria CONFIRMED. Marca STRONG_INFERENCE: NO se asigna; se difiere a D03. Destino draft/review."
product,sql:productos:78,"Maestro REVIEW: identidad, duplicado o excepción editorial; no fusionar ni descartar automáticamente.",R02_ENTITY_DUPLICATE_CANDIDATE,STRONG,KEEP_REVIEW,R-P02,HIGH,D02,canonical-candidate-groups.csv:operador-para-perfilados-comerciales-sel.php record_count=2,Grupo canonico con 2 filas; decision=REVIEW_NO_AUTOMATIC_MERGE. Ganador no determinista.
product,sql:productos:79,"Maestro REVIEW: identidad, duplicado o excepción editorial; no fusionar ni descartar automáticamente.",R02_ENTITY_DUPLICATE_CANDIDATE,STRONG,KEEP_REVIEW,R-P02,HIGH,D02,canonical-candidate-groups.csv:lux-2b-y-lux-gv-piston-hidraulico-para-puerta-abatible.php record_count=3,Grupo canonico con 3 filas; decision=REVIEW_NO_AUTOMATIC_MERGE. Ganador no determinista.
product,sql:productos:80,"Maestro REVIEW: identidad, duplicado o excepción editorial; no fusionar ni descartar automáticamente.",R02_ENTITY_DUPLICATE_CANDIDATE,STRONG,KEEP_REVIEW,R-P02,HIGH,D02,canonical-candidate-groups.csv:p45-7-piston-hidraulico-para-puerta-abatible.php record_count=3,Grupo canonico con 3 filas; decision=REVIEW_NO_AUTOMATIC_MERGE. Ganador no determinista.
product,sql:productos:81,"Maestro REVIEW: identidad, duplicado o excepción editorial; no fusionar ni descartar automáticamente.",R02_ENTITY_DUPLICATE_CANDIDATE,STRONG,KEEP_REVIEW,R-P02,HIGH,D02+D03,canonical-candidate-groups.csv:lift-master-mod-h.php record_count=2,Grupo canonico con 2 filas; decision=REVIEW_NO_AUTOMATIC_MERGE. Ganador no determinista.
product,sql:productos:82,"Maestro REVIEW: identidad, duplicado o excepción editorial; no fusionar ni descartar automáticamente.",R02_ENTITY_DUPLICATE_CANDIDATE,STRONG,KEEP_REVIEW,R-P02,HIGH,D02,canonical-candidate-groups.csv:operador-comercial-rhx.php record_count=2,Grupo canonico con 2 filas; decision=REVIEW_NO_AUTOMATIC_MERGE. Ganador no determinista.
product,sql:productos:83,"Maestro REVIEW: identidad, duplicado o excepción editorial; no fusionar ni descartar automáticamente.",R02_ENTITY_DUPLICATE_CANDIDATE,STRONG,KEEP_REVIEW,R-P02,HIGH,D02,canonical-candidate-groups.csv:serie-x130-motor-para-cortina-oculto.php record_count=2,Grupo canonico con 2 filas; decision=REVIEW_NO_AUTOMATIC_MERGE. Ganador no determinista.
product,sql:productos:84,"Maestro REVIEW: identidad, duplicado o excepción editorial; no fusionar ni descartar automáticamente.",R02_ENTITY_DUPLICATE_CANDIDATE,STRONG,KEEP_REVIEW,R-P02,HIGH,D02,canonical-candidate-groups.csv:operador-para-perfilados-comerciales-sel.php record_count=2,Grupo canonico con 2 filas; decision=REVIEW_NO_AUTOMATIC_MERGE. Ganador no determinista.
product,sql:productos:85,"SHOULD_MIGRATE es candidato, no aprobación editorial.",R01_AUTHORIZATION_ONLY,STRONG,MIGRATE,R-P01,LOW,,product-master.csv:85 group=operadores-para-puertas-de-mostrador-cdo.php unambiguous_php=YES cat=CONFIRMED,"Ficha unica en su grupo canonico, PHP univoco, categoria CONFIRMED. Marca STRONG_INFERENCE: NO se asigna; se difiere a D03. Destino draft/review."
product,sql:productos:86,"SHOULD_MIGRATE es candidato, no aprobación editorial.",R01_AUTHORIZATION_ONLY,STRONG,MIGRATE,R-P01,LOW,,product-master.csv:86 group=operador-para-cortina-enrrollable-rsx.php unambiguous_php=YES cat=CONFIRMED,"Ficha unica en su grupo canonico, PHP univoco, categoria CONFIRMED. Marca STRONG_INFERENCE: NO se asigna; se difiere a D03. Destino draft/review."
product,sql:productos:87,"Maestro REVIEW: identidad, duplicado o excepción editorial; no fusionar ni descartar automáticamente.",R02_ENTITY_DUPLICATE_CANDIDATE,STRONG,KEEP_REVIEW,R-P02,HIGH,D02,canonical-candidate-groups.csv:cortina-serie-625.php record_count=2,Grupo canonico con 2 filas; decision=REVIEW_NO_AUTOMATIC_MERGE. Ganador no determinista.
product,sql:productos:88,"Maestro REVIEW: identidad, duplicado o excepción editorial; no fusionar ni descartar automáticamente.",R02_ENTITY_DUPLICATE_CANDIDATE,STRONG,KEEP_REVIEW,R-P02,HIGH,D02,canonical-candidate-groups.csv:cortina-en-aluminio-serie-511-521.php record_count=2,Grupo canonico con 2 filas; decision=REVIEW_NO_AUTOMATIC_MERGE. Ganador no determinista.
product,sql:productos:89,"Maestro REVIEW: identidad, duplicado o excepción editorial; no fusionar ni descartar automáticamente.",R02_ENTITY_DUPLICATE_CANDIDATE,STRONG,KEEP_REVIEW,R-P02,HIGH,D02,canonical-candidate-groups.csv:cortina-plana.php record_count=3,Grupo canonico con 3 filas; decision=REVIEW_NO_AUTOMATIC_MERGE. Ganador no determinista.
product,sql:productos:90,"Maestro REVIEW: identidad, duplicado o excepción editorial; no fusionar ni descartar automáticamente.",R02_ENTITY_DUPLICATE_CANDIDATE,STRONG,KEEP_REVIEW,R-P02,HIGH,D02,canonical-candidate-groups.csv:cortina-europea.php record_count=3,Grupo canonico con 3 filas; decision=REVIEW_NO_AUTOMATIC_MERGE. Ganador no determinista.
product,sql:productos:91,"Maestro REVIEW: identidad, duplicado o excepción editorial; no fusionar ni descartar automáticamente.",R02_ENTITY_DUPLICATE_CANDIDATE,STRONG,KEEP_REVIEW,R-P02,HIGH,D02,canonical-candidate-groups.csv:cortina-serie-620.php record_count=2,Grupo canonico con 2 filas; decision=REVIEW_NO_AUTOMATIC_MERGE. Ganador no determinista.
product,sql:productos:92,"SHOULD_MIGRATE es candidato, no aprobación editorial.",R01_AUTHORIZATION_ONLY,STRONG,MIGRATE,R-P01,LOW,,product-master.csv:92 group=cortina-serie-790-cw.php unambiguous_php=YES cat=CONFIRMED,"Ficha unica en su grupo canonico, PHP univoco, categoria CONFIRMED. Marca STRONG_INFERENCE: NO se asigna; se difiere a D03. Destino draft/review."
product,sql:productos:93,"Maestro REVIEW: identidad, duplicado o excepción editorial; no fusionar ni descartar automáticamente.",R02_ENTITY_DUPLICATE_CANDIDATE,STRONG,KEEP_REVIEW,R-P02,HIGH,D02,canonical-candidate-groups.csv:cortina-serie-600.php record_count=3,Grupo canonico con 3 filas; decision=REVIEW_NO_AUTOMATIC_MERGE. Ganador no determinista.
product,sql:productos:94,"Maestro REVIEW: identidad, duplicado o excepción editorial; no fusionar ni descartar automáticamente.",R02_ENTITY_DUPLICATE_CANDIDATE,STRONG,KEEP_REVIEW,R-P02,HIGH,D02,canonical-candidate-groups.csv:cortina-serie-630.php record_count=2,Grupo canonico con 2 filas; decision=REVIEW_NO_AUTOMATIC_MERGE. Ganador no determinista.
product,sql:productos:95,"SHOULD_MIGRATE es candidato, no aprobación editorial.",R01_AUTHORIZATION_ONLY,STRONG,MIGRATE,R-P01,LOW,,product-master.csv:95 group=cortina-serie-610.php unambiguous_php=YES cat=CONFIRMED,"Ficha unica en su grupo canonico, PHP univoco, categoria CONFIRMED. Marca STRONG_INFERENCE: NO se asigna; se difiere a D03. Destino draft/review."
product,sql:productos:96,"Maestro REVIEW: identidad, duplicado o excepción editorial; no fusionar ni descartar automáticamente.",R02_ENTITY_DUPLICATE_CANDIDATE,STRONG,KEEP_REVIEW,R-P02,HIGH,D02,canonical-candidate-groups.csv:cortinas-ventiladas-685.php record_count=2,Grupo canonico con 2 filas; decision=REVIEW_NO_AUTOMATIC_MERGE. Ganador no determinista.
product,sql:productos:97,"SHOULD_MIGRATE es candidato, no aprobación editorial.",R01_AUTHORIZATION_ONLY,STRONG,MIGRATE,R-P01,LOW,,product-master.csv:97 group=cortina-de-seguridad-670.php unambiguous_php=YES cat=CONFIRMED,"Ficha unica en su grupo canonico, PHP univoco, categoria CONFIRMED. Marca STRONG_INFERENCE: NO se asigna; se difiere a D03. Destino draft/review."
product,sql:productos:98,"SHOULD_MIGRATE es candidato, no aprobación editorial.",R01_AUTHORIZATION_ONLY,STRONG,MIGRATE,R-P01,LOW,,product-master.csv:98 group=cortina-de-seguridad-671.php unambiguous_php=YES cat=CONFIRMED,"Ficha unica en su grupo canonico, PHP univoco, categoria CONFIRMED. Marca STRONG_INFERENCE: NO se asigna; se difiere a D03. Destino draft/review."
product,sql:productos:99,"Maestro REVIEW: identidad, duplicado o excepción editorial; no fusionar ni descartar automáticamente.",R02_ENTITY_DUPLICATE_CANDIDATE,STRONG,KEEP_REVIEW,R-P02,HIGH,D02,canonical-candidate-groups.csv:fire-rated-doors-firestar-models-700-700c.php record_count=2,Grupo canonico con 2 filas; decision=REVIEW_NO_AUTOMATIC_MERGE. Ganador no determinista.
product,sql:productos:100,"Maestro REVIEW: identidad, duplicado o excepción editorial; no fusionar ni descartar automáticamente.",R02_ENTITY_DUPLICATE_CANDIDATE,STRONG,KEEP_REVIEW,R-P02,HIGH,D02,canonical-candidate-groups.csv:vertigo.php record_count=2,Grupo canonico con 2 filas; decision=REVIEW_NO_AUTOMATIC_MERGE. Ganador no determinista.
product,sql:productos:101,"Maestro REVIEW: identidad, duplicado o excepción editorial; no fusionar ni descartar automáticamente.",R02_ENTITY_DUPLICATE_CANDIDATE,STRONG,KEEP_REVIEW,R-P02,HIGH,D02,canonical-candidate-groups.csv:fast-seal-high-performance-door.php record_count=2,Grupo canonico con 2 filas; decision=REVIEW_NO_AUTOMATIC_MERGE. Ganador no determinista.
product,sql:productos:102,"Maestro REVIEW: identidad, duplicado o excepción editorial; no fusionar ni descartar automáticamente.",R02_ENTITY_DUPLICATE_CANDIDATE,STRONG,KEEP_REVIEW,R-P02,HIGH,D02,canonical-candidate-groups.csv:predadoor-nxt-door.php record_count=2,Grupo canonico con 2 filas; decision=REVIEW_NO_AUTOMATIC_MERGE. Ganador no determinista.
product,sql:productos:103,"Maestro REVIEW: identidad, duplicado o excepción editorial; no fusionar ni descartar automáticamente.",R02_ENTITY_DUPLICATE_CANDIDATE,STRONG,KEEP_REVIEW,R-P02,HIGH,D02,canonical-candidate-groups.csv:rapida-enrollable-industrial.php record_count=2,Grupo canonico con 2 filas; decision=REVIEW_NO_AUTOMATIC_MERGE. Ganador no determinista.
product,sql:productos:104,"Maestro REVIEW: identidad, duplicado o excepción editorial; no fusionar ni descartar automáticamente.",R02_ENTITY_DUPLICATE_CANDIDATE,STRONG,KEEP_REVIEW,R-P02,HIGH,D02,canonical-candidate-groups.csv:rapida-apilable.php record_count=2,Grupo canonico con 2 filas; decision=REVIEW_NO_AUTOMATIC_MERGE. Ganador no determinista.
product,sql:productos:105,"Maestro REVIEW: identidad, duplicado o excepción editorial; no fusionar ni descartar automáticamente.",R02_ENTITY_DUPLICATE_CANDIDATE,STRONG,KEEP_REVIEW,R-P02,HIGH,D02,canonical-candidate-groups.csv:rolli-zip.php record_count=2,Grupo canonico con 2 filas; decision=REVIEW_NO_AUTOMATIC_MERGE. Ganador no determinista.
product,sql:productos:106,"Maestro REVIEW: identidad, duplicado o excepción editorial; no fusionar ni descartar automáticamente.",R02_ENTITY_DUPLICATE_CANDIDATE,STRONG,KEEP_REVIEW,R-P02,HIGH,D02,canonical-candidate-groups.csv:kronos-puertas-rapidas-de-sectores-modulares-autorreparable.php record_count=2,Grupo canonico con 2 filas; decision=REVIEW_NO_AUTOMATIC_MERGE. Ganador no determinista.
product,sql:productos:107,"Maestro REVIEW: identidad, duplicado o excepción editorial; no fusionar ni descartar automáticamente.",R02_ENTITY_DUPLICATE_CANDIDATE,STRONG,KEEP_REVIEW,R-P02,HIGH,D02+D03,canonical-candidate-groups.csv:coleccion-modern-steel.php record_count=4,Grupo canonico con 4 filas; decision=REVIEW_NO_AUTOMATIC_MERGE. Ganador no determinista.
product,sql:productos:108,"Maestro REVIEW: identidad, duplicado o excepción editorial; no fusionar ni descartar automáticamente.",R02_ENTITY_DUPLICATE_CANDIDATE,STRONG,KEEP_REVIEW,R-P02,HIGH,D02,canonical-candidate-groups.csv:coleccion-classic.php record_count=2,Grupo canonico con 2 filas; decision=REVIEW_NO_AUTOMATIC_MERGE. Ganador no determinista.
product,sql:productos:109,"Maestro REVIEW: identidad, duplicado o excepción editorial; no fusionar ni descartar automáticamente.",R02_ENTITY_DUPLICATE_CANDIDATE,STRONG,KEEP_REVIEW,R-P02,HIGH,D02,canonical-candidate-groups.csv:accesspro-fs1000speed.php record_count=4,Grupo canonico con 4 filas; decision=REVIEW_NO_AUTOMATIC_MERGE. Ganador no determinista.
product,sql:productos:110,"Maestro REVIEW: identidad, duplicado o excepción editorial; no fusionar ni descartar automáticamente.",R02_ENTITY_DUPLICATE_CANDIDATE,STRONG,KEEP_REVIEW,R-P02,HIGH,D02,canonical-candidate-groups.csv:accesspro-fs1000speed.php record_count=4,Grupo canonico con 4 filas; decision=REVIEW_NO_AUTOMATIC_MERGE. Ganador no determinista.
product,sql:productos:111,"Maestro REVIEW: identidad, duplicado o excepción editorial; no fusionar ni descartar automáticamente.",R02_ENTITY_DUPLICATE_CANDIDATE,STRONG,KEEP_REVIEW,R-P02,HIGH,D02,canonical-candidate-groups.csv:phobos-n-piston-electromecanico.php record_count=2,Grupo canonico con 2 filas; decision=REVIEW_NO_AUTOMATIC_MERGE. Ganador no determinista.
product,sql:productos:112,"Maestro REVIEW: identidad, duplicado o excepción editorial; no fusionar ni descartar automáticamente.",R02_ENTITY_DUPLICATE_CANDIDATE,STRONG,KEEP_REVIEW,R-P02,HIGH,D02,canonical-candidate-groups.csv:lux-2b-y-lux-gv-piston-hidraulico-para-puerta-abatible.php record_count=3,Grupo canonico con 3 filas; decision=REVIEW_NO_AUTOMATIC_MERGE. Ganador no determinista.
product,sql:productos:113,"Maestro REVIEW: identidad, duplicado o excepción editorial; no fusionar ni descartar automáticamente.",R02_ENTITY_DUPLICATE_CANDIDATE,STRONG,KEEP_REVIEW,R-P02,HIGH,D02,canonical-candidate-groups.csv:p45-7-piston-hidraulico-para-puerta-abatible.php record_count=3,Grupo canonico con 3 filas; decision=REVIEW_NO_AUTOMATIC_MERGE. Ganador no determinista.
product,sql:productos:114,"Maestro REVIEW: identidad, duplicado o excepción editorial; no fusionar ni descartar automáticamente.",R02_ENTITY_DUPLICATE_CANDIDATE,STRONG,KEEP_REVIEW,R-P02,HIGH,D02,canonical-candidate-groups.csv:accesspro-fs1000speed.php record_count=4,Grupo canonico con 4 filas; decision=REVIEW_NO_AUTOMATIC_MERGE. Ganador no determinista.
product,sql:productos:115,"Maestro REVIEW: identidad, duplicado o excepción editorial; no fusionar ni descartar automáticamente.",R02_ENTITY_DUPLICATE_CANDIDATE,STRONG,KEEP_REVIEW,R-P02,HIGH,D02,canonical-candidate-groups.csv:puertas-contra-rayos-x.php record_count=2,Grupo canonico con 2 filas; decision=REVIEW_NO_AUTOMATIC_MERGE. Ganador no determinista.
product,sql:productos:116,"Maestro REVIEW: identidad, duplicado o excepción editorial; no fusionar ni descartar automáticamente.",R02_ENTITY_DUPLICATE_CANDIDATE,STRONG,KEEP_REVIEW,R-P02,HIGH,D02,canonical-candidate-groups.csv:puertas-contra-incendio.php record_count=3,Grupo canonico con 3 filas; decision=REVIEW_NO_AUTOMATIC_MERGE. Ganador no determinista.
product,sql:productos:117,"Maestro REVIEW: identidad, duplicado o excepción editorial; no fusionar ni descartar automáticamente.",R02_ENTITY_DUPLICATE_CANDIDATE,STRONG,KEEP_REVIEW,R-P02,HIGH,D02,canonical-candidate-groups.csv:puerta-contra-explosion.php record_count=2,Grupo canonico con 2 filas; decision=REVIEW_NO_AUTOMATIC_MERGE. Ganador no determinista.
product,sql:productos:118,"Maestro REVIEW: identidad, duplicado o excepción editorial; no fusionar ni descartar automáticamente.",R02_ENTITY_DUPLICATE_CANDIDATE,STRONG,KEEP_REVIEW,R-P02,HIGH,D02,canonical-candidate-groups.csv:puertas-blindadas.php record_count=3,Grupo canonico con 3 filas; decision=REVIEW_NO_AUTOMATIC_MERGE. Ganador no determinista.
product,sql:productos:119,"Maestro REVIEW: identidad, duplicado o excepción editorial; no fusionar ni descartar automáticamente.",R02_ENTITY_DUPLICATE_CANDIDATE,STRONG,KEEP_REVIEW,R-P02,HIGH,D02,canonical-candidate-groups.csv:puerta-estandar.php record_count=3,Grupo canonico con 3 filas; decision=REVIEW_NO_AUTOMATIC_MERGE. Ganador no determinista.
product,sql:productos:120,"Maestro REVIEW: identidad, duplicado o excepción editorial; no fusionar ni descartar automáticamente.",R02_ENTITY_DUPLICATE_CANDIDATE,STRONG,KEEP_REVIEW,R-P02,HIGH,D02,canonical-candidate-groups.csv:puerta-estandar-reforzada.php record_count=3,Grupo canonico con 3 filas; decision=REVIEW_NO_AUTOMATIC_MERGE. Ganador no determinista.
product,sql:productos:121,"Maestro REVIEW: identidad, duplicado o excepción editorial; no fusionar ni descartar automáticamente.",R02_ENTITY_DUPLICATE_CANDIDATE,STRONG,KEEP_REVIEW,R-P02,HIGH,D02,canonical-candidate-groups.csv:puerta-y-fijos-louver.php record_count=3,Grupo canonico con 3 filas; decision=REVIEW_NO_AUTOMATIC_MERGE. Ganador no determinista.
product,sql:productos:122,"Maestro REVIEW: identidad, duplicado o excepción editorial; no fusionar ni descartar automáticamente.",R02_ENTITY_DUPLICATE_CANDIDATE,STRONG,KEEP_REVIEW,R-P02,HIGH,D02,canonical-candidate-groups.csv:puerta-holandesa.php record_count=3,Grupo canonico con 3 filas; decision=REVIEW_NO_AUTOMATIC_MERGE. Ganador no determinista.
product,sql:productos:123,"Maestro REVIEW: identidad, duplicado o excepción editorial; no fusionar ni descartar automáticamente.",R02_ENTITY_DUPLICATE_CANDIDATE,STRONG,KEEP_REVIEW,R-P02,HIGH,D02+D03,canonical-candidate-groups.csv:barreras-estacionamiento-moovi50rm.php record_count=4,Grupo canonico con 4 filas; decision=REVIEW_NO_AUTOMATIC_MERGE. Ganador no determinista.
product,sql:productos:124,"Maestro REVIEW: identidad, duplicado o excepción editorial; no fusionar ni descartar automáticamente.",R02_ENTITY_DUPLICATE_CANDIDATE,STRONG,KEEP_REVIEW,R-P02,HIGH,D02,canonical-candidate-groups.csv:icaro-smart.php record_count=4,Grupo canonico con 4 filas; decision=REVIEW_NO_AUTOMATIC_MERGE. Ganador no determinista.
product,sql:productos:125,"Maestro REVIEW: identidad, duplicado o excepción editorial; no fusionar ni descartar automáticamente.",R02_ENTITY_DUPLICATE_CANDIDATE,STRONG,KEEP_REVIEW,R-P02,HIGH,D02+D03,canonical-candidate-groups.csv:barreras-estacionamiento-moovi50rm.php record_count=4,Grupo canonico con 4 filas; decision=REVIEW_NO_AUTOMATIC_MERGE. Ganador no determinista.
product,sql:productos:126,"Maestro REVIEW: identidad, duplicado o excepción editorial; no fusionar ni descartar automáticamente.",R02_ENTITY_DUPLICATE_CANDIDATE,STRONG,KEEP_REVIEW,R-P02,HIGH,D02,canonical-candidate-groups.csv:icaro-smart.php record_count=4,Grupo canonico con 4 filas; decision=REVIEW_NO_AUTOMATIC_MERGE. Ganador no determinista.
product,sql:productos:127,"Maestro REVIEW: identidad, duplicado o excepción editorial; no fusionar ni descartar automáticamente.",R02_ENTITY_DUPLICATE_CANDIDATE,STRONG,KEEP_REVIEW,R-P02,HIGH,D02,canonical-candidate-groups.csv:cortina-serie-600.php record_count=3,Grupo canonico con 3 filas; decision=REVIEW_NO_AUTOMATIC_MERGE. Ganador no determinista.
product,sql:productos:128,"Maestro REVIEW: identidad, duplicado o excepción editorial; no fusionar ni descartar automáticamente.",R02_ENTITY_DUPLICATE_CANDIDATE,STRONG,KEEP_REVIEW,R-P02,HIGH,D02,canonical-candidate-groups.csv:cortinas-ventiladas-685.php record_count=2,Grupo canonico con 2 filas; decision=REVIEW_NO_AUTOMATIC_MERGE. Ganador no determinista.
product,sql:productos:129,"Maestro REVIEW: identidad, duplicado o excepción editorial; no fusionar ni descartar automáticamente.",R02_ENTITY_DUPLICATE_CANDIDATE,STRONG,KEEP_REVIEW,R-P02,HIGH,D02,canonical-candidate-groups.csv:puertas-blindadas.php record_count=3,Grupo canonico con 3 filas; decision=REVIEW_NO_AUTOMATIC_MERGE. Ganador no determinista.
product,sql:productos:130,"Maestro REVIEW: identidad, duplicado o excepción editorial; no fusionar ni descartar automáticamente.",R02_ENTITY_DUPLICATE_CANDIDATE,STRONG,KEEP_REVIEW,R-P02,HIGH,D02,canonical-candidate-groups.csv:puertas-contra-incendio.php record_count=3,Grupo canonico con 3 filas; decision=REVIEW_NO_AUTOMATIC_MERGE. Ganador no determinista.
product,sql:productos:131,"Maestro REVIEW: identidad, duplicado o excepción editorial; no fusionar ni descartar automáticamente.",R02_ENTITY_DUPLICATE_CANDIDATE,STRONG,KEEP_REVIEW,R-P02,HIGH,D02,canonical-candidate-groups.csv:puerta-estandar.php record_count=3,Grupo canonico con 3 filas; decision=REVIEW_NO_AUTOMATIC_MERGE. Ganador no determinista.
product,sql:productos:132,"Maestro REVIEW: identidad, duplicado o excepción editorial; no fusionar ni descartar automáticamente.",R02_ENTITY_DUPLICATE_CANDIDATE,STRONG,KEEP_REVIEW,R-P02,HIGH,D02,canonical-candidate-groups.csv:puerta-estandar-reforzada.php record_count=3,Grupo canonico con 3 filas; decision=REVIEW_NO_AUTOMATIC_MERGE. Ganador no determinista.
product,sql:productos:133,"Maestro REVIEW: identidad, duplicado o excepción editorial; no fusionar ni descartar automáticamente.",R02_ENTITY_DUPLICATE_CANDIDATE,STRONG,KEEP_REVIEW,R-P02,HIGH,D02,canonical-candidate-groups.csv:puerta-holandesa.php record_count=3,Grupo canonico con 3 filas; decision=REVIEW_NO_AUTOMATIC_MERGE. Ganador no determinista.
product,sql:productos:134,"Maestro REVIEW: identidad, duplicado o excepción editorial; no fusionar ni descartar automáticamente.",R02_ENTITY_DUPLICATE_CANDIDATE,STRONG,KEEP_REVIEW,R-P02,HIGH,D02,canonical-candidate-groups.csv:puerta-y-fijos-louver.php record_count=3,Grupo canonico con 3 filas; decision=REVIEW_NO_AUTOMATIC_MERGE. Ganador no determinista.
product,sql:productos:135,"Maestro REVIEW: identidad, duplicado o excepción editorial; no fusionar ni descartar automáticamente.",R02_ENTITY_DUPLICATE_CANDIDATE,STRONG,KEEP_REVIEW,R-P02,HIGH,D02+D03,canonical-candidate-groups.csv:barreras-estacionamiento-moovi50rm.php record_count=4,Grupo canonico con 4 filas; decision=REVIEW_NO_AUTOMATIC_MERGE. Ganador no determinista.
product,sql:productos:136,"Maestro REVIEW: identidad, duplicado o excepción editorial; no fusionar ni descartar automáticamente.",R02_ENTITY_DUPLICATE_CANDIDATE,STRONG,KEEP_REVIEW,R-P02,HIGH,D02,canonical-candidate-groups.csv:cortina-plana.php record_count=3,Grupo canonico con 3 filas; decision=REVIEW_NO_AUTOMATIC_MERGE. Ganador no determinista.
product,sql:productos:137,"Maestro REVIEW: identidad, duplicado o excepción editorial; no fusionar ni descartar automáticamente.",R02_ENTITY_DUPLICATE_CANDIDATE,STRONG,KEEP_REVIEW,R-P02,HIGH,D02,canonical-candidate-groups.csv:cortina-europea.php record_count=3,Grupo canonico con 3 filas; decision=REVIEW_NO_AUTOMATIC_MERGE. Ganador no determinista.
product,sql:productos:138,"Maestro REVIEW: identidad, duplicado o excepción editorial; no fusionar ni descartar automáticamente.",R02_ENTITY_DUPLICATE_CANDIDATE,STRONG,KEEP_REVIEW,R-P02,HIGH,D02,canonical-candidate-groups.csv:accesorios.php record_count=2,Grupo canonico con 2 filas; decision=REVIEW_NO_AUTOMATIC_MERGE. Ganador no determinista.
product,sql:productos:139,"Maestro REVIEW: identidad, duplicado o excepción editorial; no fusionar ni descartar automáticamente.",R02_ENTITY_DUPLICATE_CANDIDATE,STRONG,KEEP_REVIEW,R-P02,HIGH,D02+D03,canonical-candidate-groups.csv:rampas-de-anden-hidraulicas-kelley.php record_count=3,Grupo canonico con 3 filas; decision=REVIEW_NO_AUTOMATIC_MERGE. Ganador no determinista.
product,sql:productos:140,"Maestro REVIEW: identidad, duplicado o excepción editorial; no fusionar ni descartar automáticamente.",R02_ENTITY_DUPLICATE_CANDIDATE,STRONG,KEEP_REVIEW,R-P02,HIGH,D02,canonical-candidate-groups.csv:rampa-niveladora-mecanica-blue-giant.php record_count=2,Grupo canonico con 2 filas; decision=REVIEW_NO_AUTOMATIC_MERGE. Ganador no determinista.
product,sql:productos:141,"Maestro REVIEW: identidad, duplicado o excepción editorial; no fusionar ni descartar automáticamente.",R02_ENTITY_DUPLICATE_CANDIDATE,STRONG,KEEP_REVIEW,R-P02,HIGH,D02,canonical-candidate-groups.csv:rampas-de-anden-hidraulicas.php record_count=2,Grupo canonico con 2 filas; decision=REVIEW_NO_AUTOMATIC_MERGE. Ganador no determinista.
product,sql:productos:142,"Maestro REVIEW: identidad, duplicado o excepción editorial; no fusionar ni descartar automáticamente.",R02_ENTITY_DUPLICATE_CANDIDATE,STRONG,KEEP_REVIEW,R-P02,HIGH,D02,canonical-candidate-groups.csv:rampas-de-anden-mecanicas.php record_count=2,Grupo canonico con 2 filas; decision=REVIEW_NO_AUTOMATIC_MERGE. Ganador no determinista.
product,sql:productos:143,"Maestro REVIEW: identidad, duplicado o excepción editorial; no fusionar ni descartar automáticamente.",R02_ENTITY_DUPLICATE_CANDIDATE,STRONG,KEEP_REVIEW,R-P02,HIGH,D02,canonical-candidate-groups.csv:labio-de-elevacion-mecanico-dockman.php record_count=2,Grupo canonico con 2 filas; decision=REVIEW_NO_AUTOMATIC_MERGE. Ganador no determinista.
product,sql:productos:144,"Maestro REVIEW: identidad, duplicado o excepción editorial; no fusionar ni descartar automáticamente.",R02_ENTITY_DUPLICATE_CANDIDATE,STRONG,KEEP_REVIEW,R-P02,HIGH,D02,canonical-candidate-groups.csv:retenedor-de-vehiculos.php record_count=2,Grupo canonico con 2 filas; decision=REVIEW_NO_AUTOMATIC_MERGE. Ganador no determinista.
product,sql:productos:145,"Maestro REVIEW: identidad, duplicado o excepción editorial; no fusionar ni descartar automáticamente.",R02_ENTITY_DUPLICATE_CANDIDATE,STRONG,KEEP_REVIEW,R-P02,HIGH,D02,canonical-candidate-groups.csv:star4-vehicle-restraint.php record_count=2,Grupo canonico con 2 filas; decision=REVIEW_NO_AUTOMATIC_MERGE. Ganador no determinista.
product,sql:productos:146,"Maestro REVIEW: identidad, duplicado o excepción editorial; no fusionar ni descartar automáticamente.",R01_AUTHORIZATION_ONLY,STRONG,MIGRATE,R-P01,LOW,,product-master.csv:146 group=retenedor-vehiculos-hvr303.php unambiguous_php=YES cat=CONFIRMED,"Ficha unica en su grupo canonico, PHP univoco, categoria CONFIRMED. Marca STRONG_INFERENCE: NO se asigna; se difiere a D03. Destino draft/review."
product,sql:productos:147,"Maestro REVIEW: identidad, duplicado o excepción editorial; no fusionar ni descartar automáticamente.",R02_ENTITY_DUPLICATE_CANDIDATE,STRONG,KEEP_REVIEW,R-P02,HIGH,D02,canonical-candidate-groups.csv:shelter-abrigo-estacionario-blue-giant.php record_count=2,Grupo canonico con 2 filas; decision=REVIEW_NO_AUTOMATIC_MERGE. Ganador no determinista.
product,sql:productos:148,"SHOULD_MIGRATE es candidato, no aprobación editorial.",R01_AUTHORIZATION_ONLY,STRONG,MIGRATE,R-P01,LOW,,product-master.csv:148 group=sellos-para-anden-shelter-de-soporte-flexible.php unambiguous_php=YES cat=CONFIRMED,"Ficha unica en su grupo canonico, PHP univoco, categoria CONFIRMED. Marca STRONG_INFERENCE: NO se asigna; se difiere a D03. Destino draft/review."
product,sql:productos:149,"Maestro REVIEW: identidad, duplicado o excepción editorial; no fusionar ni descartar automáticamente.",R02_ENTITY_DUPLICATE_CANDIDATE,STRONG,KEEP_REVIEW,R-P02,HIGH,D02,canonical-candidate-groups.csv:sellos-de-anden.php record_count=2,Grupo canonico con 2 filas; decision=REVIEW_NO_AUTOMATIC_MERGE. Ganador no determinista.
product,sql:productos:150,"Maestro REVIEW: identidad, duplicado o excepción editorial; no fusionar ni descartar automáticamente.",R05_BRAND_ATTRIBUTION_CONFLICT,STRONG,KEEP_REVIEW,R-P05,HIGH,D03,manual-decisions-required.md (fabricantes/jerarquia),Fuentes contradictorias sobre fabricante o categoria; identidad del producto no esta en duda.
product,sql:productos:151,"Maestro REVIEW: identidad, duplicado o excepción editorial; no fusionar ni descartar automáticamente.",R04_EMPTY_OR_TEST_RECORD,CONFIRMED,SKIP,R-P03,MEDIUM,D05,"product-master.csv:151 name="""" descripcion=""""",Registro sin nombre ni descripcion: el importador no puede crearlo (NAME_REQUIRED). SKIP no borra la fila legacy.
product,sql:productos:152,"Maestro REVIEW: identidad, duplicado o excepción editorial; no fusionar ni descartar automáticamente.",R04_EMPTY_OR_TEST_RECORD,CONFIRMED,SKIP,R-P03,MEDIUM,D05,"product-master.csv:152 name="""" descripcion=""""",Registro sin nombre ni descripcion: el importador no puede crearlo (NAME_REQUIRED). SKIP no borra la fila legacy.
product,sql:productos:153,"Maestro REVIEW: identidad, duplicado o excepción editorial; no fusionar ni descartar automáticamente.",R04_EMPTY_OR_TEST_RECORD,CONFIRMED,SKIP,R-P03,MEDIUM,D05,"product-master.csv:153 name="""" descripcion=""""",Registro sin nombre ni descripcion: el importador no puede crearlo (NAME_REQUIRED). SKIP no borra la fila legacy.
product,sql:productos:154,"Maestro REVIEW: identidad, duplicado o excepción editorial; no fusionar ni descartar automáticamente.",R04_EMPTY_OR_TEST_RECORD,CONFIRMED,SKIP,R-P03,MEDIUM,D05,"product-master.csv:154 name="""" descripcion=""""",Registro sin nombre ni descripcion: el importador no puede crearlo (NAME_REQUIRED). SKIP no borra la fila legacy.
product,sql:productos:155,"Maestro REVIEW: identidad, duplicado o excepción editorial; no fusionar ni descartar automáticamente.",R04_EMPTY_OR_TEST_RECORD,CONFIRMED,SKIP,R-P03,MEDIUM,D05,"product-master.csv:155 name="""" descripcion=""""",Registro sin nombre ni descripcion: el importador no puede crearlo (NAME_REQUIRED). SKIP no borra la fila legacy.
product,sql:productos:156,"Maestro REVIEW: identidad, duplicado o excepción editorial; no fusionar ni descartar automáticamente.",R04_EMPTY_OR_TEST_RECORD,CONFIRMED,SKIP,R-P03,MEDIUM,D05,"product-master.csv:156 name="""" descripcion=""""",Registro sin nombre ni descripcion: el importador no puede crearlo (NAME_REQUIRED). SKIP no borra la fila legacy.
product,sql:productos:157,"Maestro REVIEW: identidad, duplicado o excepción editorial; no fusionar ni descartar automáticamente.",R04_EMPTY_OR_TEST_RECORD,CONFIRMED,SKIP,R-P03,MEDIUM,D05,"product-master.csv:157 name="""" descripcion=""""",Registro sin nombre ni descripcion: el importador no puede crearlo (NAME_REQUIRED). SKIP no borra la fila legacy.
product,sql:productos:158,"Maestro REVIEW: identidad, duplicado o excepción editorial; no fusionar ni descartar automáticamente.",R04_EMPTY_OR_TEST_RECORD,CONFIRMED,SKIP,R-P03,MEDIUM,D05,"product-master.csv:158 name="""" descripcion=""""",Registro sin nombre ni descripcion: el importador no puede crearlo (NAME_REQUIRED). SKIP no borra la fila legacy.
product,sql:productos:159,"Maestro REVIEW: identidad, duplicado o excepción editorial; no fusionar ni descartar automáticamente.",R04_EMPTY_OR_TEST_RECORD,CONFIRMED,SKIP,R-P03,MEDIUM,D05,"product-master.csv:159 name="""" descripcion=""""",Registro sin nombre ni descripcion: el importador no puede crearlo (NAME_REQUIRED). SKIP no borra la fila legacy.
product,sql:productos:160,"Maestro REVIEW: identidad, duplicado o excepción editorial; no fusionar ni descartar automáticamente.",R04_EMPTY_OR_TEST_RECORD,CONFIRMED,SKIP,R-P03,MEDIUM,D05,"product-master.csv:160 name="""" descripcion=""""",Registro sin nombre ni descripcion: el importador no puede crearlo (NAME_REQUIRED). SKIP no borra la fila legacy.
product,sql:productos:161,"Maestro REVIEW: identidad, duplicado o excepción editorial; no fusionar ni descartar automáticamente.",R04_EMPTY_OR_TEST_RECORD,CONFIRMED,SKIP,R-P03,MEDIUM,D05,"product-master.csv:161 name="""" descripcion=""""",Registro sin nombre ni descripcion: el importador no puede crearlo (NAME_REQUIRED). SKIP no borra la fila legacy.
product,sql:productos:162,"Maestro REVIEW: identidad, duplicado o excepción editorial; no fusionar ni descartar automáticamente.",R04_EMPTY_OR_TEST_RECORD,CONFIRMED,SKIP,R-P03,MEDIUM,D05,"product-master.csv:162 name="""" descripcion=""""",Registro sin nombre ni descripcion: el importador no puede crearlo (NAME_REQUIRED). SKIP no borra la fila legacy.
product,sql:productos:163,"Maestro REVIEW: identidad, duplicado o excepción editorial; no fusionar ni descartar automáticamente.",R04_EMPTY_OR_TEST_RECORD,CONFIRMED,SKIP,R-P03,MEDIUM,D05,"product-master.csv:163 name="""" descripcion=""""",Registro sin nombre ni descripcion: el importador no puede crearlo (NAME_REQUIRED). SKIP no borra la fila legacy.
product,sql:productos:164,"Maestro REVIEW: identidad, duplicado o excepción editorial; no fusionar ni descartar automáticamente.",R04_EMPTY_OR_TEST_RECORD,CONFIRMED,SKIP,R-P03,MEDIUM,D05,"product-master.csv:164 name="""" descripcion=""""",Registro sin nombre ni descripcion: el importador no puede crearlo (NAME_REQUIRED). SKIP no borra la fila legacy.
product,sql:productos:165,"Maestro REVIEW: identidad, duplicado o excepción editorial; no fusionar ni descartar automáticamente.",R04_EMPTY_OR_TEST_RECORD,CONFIRMED,SKIP,R-P03,MEDIUM,D05,"product-master.csv:165 name=""Prueba""",Registro de prueba explicito.
static_product,static:1500-revolving-door.php,Ficha/familia estática: decidir entidad y contenido; no convertir automáticamente a producto.,R08_STATIC_ONLY_ENTITY,MODERATE,KEEP_REVIEW,R-S01,MEDIUM,D02,static-product-supplement.csv:1500-revolving-door.php; content-master.csv:1500-revolving-door.php (PRODUCT_PAGE sin related_product_ids),"Ficha estatica sin fila SQL: categoria y marca UNKNOWN. Crear producto exige decidir entidad, categoria y marca."
static_product,static:bix-al-antena-externa-433-mhz.php,Ficha/familia estática: decidir entidad y contenido; no convertir automáticamente a producto.,R08_STATIC_ONLY_ENTITY,MODERATE,KEEP_REVIEW,R-S01,MEDIUM,D02,static-product-supplement.csv:bix-al-antena-externa-433-mhz.php; content-master.csv:bix-al-antena-externa-433-mhz.php (PRODUCT_PAGE sin related_product_ids),"Ficha estatica sin fila SQL: categoria y marca UNKNOWN. Crear producto exige decidir entidad, categoria y marca."
static_product,static:com-programadores-digitales-y-rotativos.php,Ficha/familia estática: decidir entidad y contenido; no convertir automáticamente a producto.,R08_STATIC_ONLY_ENTITY,MODERATE,KEEP_REVIEW,R-S01,MEDIUM,D02,static-product-supplement.csv:com-programadores-digitales-y-rotativos.php; content-master.csv:com-programadores-digitales-y-rotativos.php (PRODUCT_PAGE sin related_product_ids),"Ficha estatica sin fila SQL: categoria y marca UNKNOWN. Crear producto exige decidir entidad, categoria y marca."
static_product,static:cross-3e.php,Ficha/familia estática: decidir entidad y contenido; no convertir automáticamente a producto.,R08_STATIC_ONLY_ENTITY,MODERATE,KEEP_REVIEW,R-S01,MEDIUM,D02,static-product-supplement.csv:cross-3e.php; content-master.csv:cross-3e.php (PRODUCT_PAGE sin related_product_ids),"Ficha estatica sin fila SQL: categoria y marca UNKNOWN. Crear producto exige decidir entidad, categoria y marca."
static_product,static:detector-de-masas-max-eagle.php,Ficha/familia estática: decidir entidad y contenido; no convertir automáticamente a producto.,R08_STATIC_ONLY_ENTITY,MODERATE,KEEP_REVIEW,R-S01,MEDIUM,D02,static-product-supplement.csv:detector-de-masas-max-eagle.php; content-master.csv:detector-de-masas-max-eagle.php (PRODUCT_PAGE sin related_product_ids),"Ficha estatica sin fila SQL: categoria y marca UNKNOWN. Crear producto exige decidir entidad, categoria y marca."
static_product,static:ditec-neos-y-neos.php,Ficha/familia estática: decidir entidad y contenido; no convertir automáticamente a producto.,R08_STATIC_ONLY_ENTITY,MODERATE,KEEP_REVIEW,R-S01,MEDIUM,D02,static-product-supplement.csv:ditec-neos-y-neos.php; content-master.csv:ditec-neos-y-neos.php (PRODUCT_PAGE sin related_product_ids),"Ficha estatica sin fila SQL: categoria y marca UNKNOWN. Crear producto exige decidir entidad, categoria y marca."
static_product,static:dod-automatizacion-compacto-y-potente-para-portones-seccionales-correderos-y-enrollables.php,Ficha/familia estática: decidir entidad y contenido; no convertir automáticamente a producto.,R08_STATIC_ONLY_ENTITY,MODERATE,KEEP_REVIEW,R-S01,MEDIUM,D02,static-product-supplement.csv:dod-automatizacion-compacto-y-potente-para-portones-seccionales-correderos-y-enrollables.php; content-master.csv:dod-automatizacion-compacto-y-potente-para-portones-seccionales-correderos-y-enrollables.php (PRODUCT_PAGE sin related_product_ids),"Ficha estatica sin fila SQL: categoria y marca UNKNOWN. Crear producto exige decidir entidad, categoria y marca."
static_product,static:dura-glide-20003000-puerta.php,Ficha/familia estática: decidir entidad y contenido; no convertir automáticamente a producto.,R08_STATIC_ONLY_ENTITY,MODERATE,KEEP_REVIEW,R-S01,MEDIUM,D02,static-product-supplement.csv:dura-glide-20003000-puerta.php; content-master.csv:dura-glide-20003000-puerta.php (PRODUCT_PAGE sin related_product_ids),"Ficha estatica sin fila SQL: categoria y marca UNKNOWN. Crear producto exige decidir entidad, categoria y marca."
static_product,static:fotoceldas.php,Ficha/familia estática: decidir entidad y contenido; no convertir automáticamente a producto.,R08_STATIC_ONLY_ENTITY,MODERATE,KEEP_REVIEW,R-S01,MEDIUM,D02,static-product-supplement.csv:fotoceldas.php; content-master.csv:fotoceldas.php (PRODUCT_PAGE sin related_product_ids),"Ficha estatica sin fila SQL: categoria y marca UNKNOWN. Crear producto exige decidir entidad, categoria y marca."
static_product,static:gol-transmisores-de-cuatro-canales.php,Ficha/familia estática: decidir entidad y contenido; no convertir automáticamente a producto.,R08_STATIC_ONLY_ENTITY,MODERATE,KEEP_REVIEW,R-S01,MEDIUM,D02,static-product-supplement.csv:gol-transmisores-de-cuatro-canales.php; content-master.csv:gol-transmisores-de-cuatro-canales.php (PRODUCT_PAGE sin related_product_ids),"Ficha estatica sin fila SQL: categoria y marca UNKNOWN. Crear producto exige decidir entidad, categoria y marca."
static_product,static:lab-4-fotocelulas-de-rayos-infrarrojos.php,Ficha/familia estática: decidir entidad y contenido; no convertir automáticamente a producto.,R08_STATIC_ONLY_ENTITY,MODERATE,KEEP_REVIEW,R-S01,MEDIUM,D02,static-product-supplement.csv:lab-4-fotocelulas-de-rayos-infrarrojos.php; content-master.csv:lab-4-fotocelulas-de-rayos-infrarrojos.php (PRODUCT_PAGE sin related_product_ids),"Ficha estatica sin fila SQL: categoria y marca UNKNOWN. Crear producto exige decidir entidad, categoria y marca."
static_product,static:lab-9-detectores-de-volumen-de-metal-loop.php,Ficha/familia estática: decidir entidad y contenido; no convertir automáticamente a producto.,R08_STATIC_ONLY_ENTITY,MODERATE,KEEP_REVIEW,R-S01,MEDIUM,D02,static-product-supplement.csv:lab-9-detectores-de-volumen-de-metal-loop.php; content-master.csv:lab-9-detectores-de-volumen-de-metal-loop.php (PRODUCT_PAGE sin related_product_ids),"Ficha estatica sin fila SQL: categoria y marca UNKNOWN. Crear producto exige decidir entidad, categoria y marca."
static_product,static:lan-4-sistema-de-teclado-con-combinacion-digital.php,Ficha/familia estática: decidir entidad y contenido; no convertir automáticamente a producto.,R08_STATIC_ONLY_ENTITY,MODERATE,KEEP_REVIEW,R-S01,MEDIUM,D02,static-product-supplement.csv:lan-4-sistema-de-teclado-con-combinacion-digital.php; content-master.csv:lan-4-sistema-de-teclado-con-combinacion-digital.php (PRODUCT_PAGE sin related_product_ids),"Ficha estatica sin fila SQL: categoria y marca UNKNOWN. Crear producto exige decidir entidad, categoria y marca."
static_product,static:lan-7-sistema-de-mando-de-proximidad-de-tarjetas-con-tecnologia-transponder.php,Ficha/familia estática: decidir entidad y contenido; no convertir automáticamente a producto.,R08_STATIC_ONLY_ENTITY,MODERATE,KEEP_REVIEW,R-S01,MEDIUM,D02,static-product-supplement.csv:lan-7-sistema-de-mando-de-proximidad-de-tarjetas-con-tecnologia-transponder.php; content-master.csv:lan-7-sistema-de-mando-de-proximidad-de-tarjetas-con-tecnologia-transponder.php (PRODUCT_PAGE sin related_product_ids),"Ficha estatica sin fila SQL: categoria y marca UNKNOWN. Crear producto exige decidir entidad, categoria y marca."
static_product,static:light-communication-system-lcs.php,Ficha/familia estática: decidir entidad y contenido; no convertir automáticamente a producto.,R08_STATIC_ONLY_ENTITY,MODERATE,KEEP_REVIEW,R-S01,MEDIUM,D02,static-product-supplement.csv:light-communication-system-lcs.php; content-master.csv:light-communication-system-lcs.php (PRODUCT_PAGE sin related_product_ids),"Ficha estatica sin fila SQL: categoria y marca UNKNOWN. Crear producto exige decidir entidad, categoria y marca."
static_product,static:luxo-robusto-e-incansable-para-servicios-intensivos-para-hojas-de-hasta-5-m.php,Ficha/familia estática: decidir entidad y contenido; no convertir automáticamente a producto.,R08_STATIC_ONLY_ENTITY,MODERATE,KEEP_REVIEW,R-S01,MEDIUM,D02,static-product-supplement.csv:luxo-robusto-e-incansable-para-servicios-intensivos-para-hojas-de-hasta-5-m.php; content-master.csv:luxo-robusto-e-incansable-para-servicios-intensivos-para-hojas-de-hasta-5-m.php (PRODUCT_PAGE sin related_product_ids),"Ficha estatica sin fila SQL: categoria y marca UNKNOWN. Crear producto exige decidir entidad, categoria y marca."
static_product,static:magic-fuerza-del-operador.php,Ficha/familia estática: decidir entidad y contenido; no convertir automáticamente a producto.,R08_STATIC_ONLY_ENTITY,MODERATE,KEEP_REVIEW,R-S01,MEDIUM,D02,static-product-supplement.csv:magic-fuerza-del-operador.php; content-master.csv:magic-fuerza-del-operador.php (PRODUCT_PAGE sin related_product_ids),"Ficha estatica sin fila SQL: categoria y marca UNKNOWN. Crear producto exige decidir entidad, categoria y marca."
static_product,static:pas-sensores-volumetricos.php,Ficha/familia estática: decidir entidad y contenido; no convertir automáticamente a producto.,R08_STATIC_ONLY_ENTITY,MODERATE,KEEP_REVIEW,R-S01,MEDIUM,D02,static-product-supplement.csv:pas-sensores-volumetricos.php; content-master.csv:pas-sensores-volumetricos.php (PRODUCT_PAGE sin related_product_ids),"Ficha estatica sin fila SQL: categoria y marca UNKNOWN. Crear producto exige decidir entidad, categoria y marca."
static_product,static:puerta-seccional-de-acero-thermacore-595-uso-pesado.php,Ficha/familia estática: decidir entidad y contenido; no convertir automáticamente a producto.,R08_STATIC_ONLY_ENTITY,MODERATE,KEEP_REVIEW,R-S01,MEDIUM,D02,static-product-supplement.csv:puerta-seccional-de-acero-thermacore-595-uso-pesado.php; content-master.csv:puerta-seccional-de-acero-thermacore-595-uso-pesado.php (PRODUCT_PAGE sin related_product_ids),"Ficha estatica sin fila SQL: categoria y marca UNKNOWN. Crear producto exige decidir entidad, categoria y marca."
static_product,static:qik-barreras-automaticas-de-hasta-58-m.php,Ficha/familia estática: decidir entidad y contenido; no convertir automáticamente a producto.,R08_STATIC_ONLY_ENTITY,MODERATE,KEEP_REVIEW,R-S01,MEDIUM,D02,static-product-supplement.csv:qik-barreras-automaticas-de-hasta-58-m.php; content-master.csv:qik-barreras-automaticas-de-hasta-58-m.php (PRODUCT_PAGE sin related_product_ids),"Ficha estatica sin fila SQL: categoria y marca UNKNOWN. Crear producto exige decidir entidad, categoria y marca."
static_product,static:retenedores-de-vehiculos-automatico.php,Ficha/familia estática: decidir entidad y contenido; no convertir automáticamente a producto.,R08_STATIC_ONLY_ENTITY,MODERATE,KEEP_REVIEW,R-S01,MEDIUM,D02,static-product-supplement.csv:retenedores-de-vehiculos-automatico.php; content-master.csv:retenedores-de-vehiculos-automatico.php (PRODUCT_PAGE sin related_product_ids),"Ficha estatica sin fila SQL: categoria y marca UNKNOWN. Crear producto exige decidir entidad, categoria y marca."
static_product,static:sector-puertas-rapidas-enrollables-de-sectores-intercambiables-y-contrapesos.php,Ficha/familia estática: decidir entidad y contenido; no convertir automáticamente a producto.,R08_STATIC_ONLY_ENTITY,MODERATE,KEEP_REVIEW,R-S01,MEDIUM,D02,static-product-supplement.csv:sector-puertas-rapidas-enrollables-de-sectores-intercambiables-y-contrapesos.php; content-master.csv:sector-puertas-rapidas-enrollables-de-sectores-intercambiables-y-contrapesos.php (PRODUCT_PAGE sin related_product_ids),"Ficha estatica sin fila SQL: categoria y marca UNKNOWN. Crear producto exige decidir entidad, categoria y marca."
static_product,static:sector-reset.php,Ficha/familia estática: decidir entidad y contenido; no convertir automáticamente a producto.,R08_STATIC_ONLY_ENTITY,MODERATE,KEEP_REVIEW,R-S01,MEDIUM,D02,static-product-supplement.csv:sector-reset.php; content-master.csv:sector-reset.php (PRODUCT_PAGE sin related_product_ids),"Ficha estatica sin fila SQL: categoria y marca UNKNOWN. Crear producto exige decidir entidad, categoria y marca."
static_product,static:sg-onixx-600.php,Ficha/familia estática: decidir entidad y contenido; no convertir automáticamente a producto.,R08_STATIC_ONLY_ENTITY,MODERATE,KEEP_REVIEW,R-S01,MEDIUM,D02,static-product-supplement.csv:sg-onixx-600.php; content-master.csv:sg-onixx-600.php (PRODUCT_PAGE sin related_product_ids),"Ficha estatica sin fila SQL: categoria y marca UNKNOWN. Crear producto exige decidir entidad, categoria y marca."
static_product,static:smart-puertas-rapidas-enrollables-de-sectores-intercambiables-con-motor-externo.php,Ficha/familia estática: decidir entidad y contenido; no convertir automáticamente a producto.,R08_STATIC_ONLY_ENTITY,MODERATE,KEEP_REVIEW,R-S01,MEDIUM,D02,static-product-supplement.csv:smart-puertas-rapidas-enrollables-de-sectores-intercambiables-con-motor-externo.php; content-master.csv:smart-puertas-rapidas-enrollables-de-sectores-intercambiables-con-motor-externo.php (PRODUCT_PAGE sin related_product_ids),"Ficha estatica sin fila SQL: categoria y marca UNKNOWN. Crear producto exige decidir entidad, categoria y marca."
static_product,static:sprint-automatizaciones-para-puertas-peatonales-pequenas-dimensiones.php,Ficha/familia estática: decidir entidad y contenido; no convertir automáticamente a producto.,R08_STATIC_ONLY_ENTITY,MODERATE,KEEP_REVIEW,R-S01,MEDIUM,D02,static-product-supplement.csv:sprint-automatizaciones-para-puertas-peatonales-pequenas-dimensiones.php; content-master.csv:sprint-automatizaciones-para-puertas-peatonales-pequenas-dimensiones.php (PRODUCT_PAGE sin related_product_ids),"Ficha estatica sin fila SQL: categoria y marca UNKNOWN. Crear producto exige decidir entidad, categoria y marca."
static_product,static:star1000-receptor-comercial.php,Ficha/familia estática: decidir entidad y contenido; no convertir automáticamente a producto.,R08_STATIC_ONLY_ENTITY,MODERATE,KEEP_REVIEW,R-S01,MEDIUM,D02,static-product-supplement.csv:star1000-receptor-comercial.php; content-master.csv:star1000-receptor-comercial.php (PRODUCT_PAGE sin related_product_ids),"Ficha estatica sin fila SQL: categoria y marca UNKNOWN. Crear producto exige decidir entidad, categoria y marca."
static_product,static:traffic.php,Ficha/familia estática: decidir entidad y contenido; no convertir automáticamente a producto.,R08_STATIC_ONLY_ENTITY,MODERATE,KEEP_REVIEW,R-S01,MEDIUM,D02,static-product-supplement.csv:traffic.php; content-master.csv:traffic.php (PRODUCT_PAGE sin related_product_ids),"Ficha estatica sin fila SQL: categoria y marca UNKNOWN. Crear producto exige decidir entidad, categoria y marca."
static_product,static:upper-up8e-barreras-automaticas-de-hasta-8-m.php,Ficha/familia estática: decidir entidad y contenido; no convertir automáticamente a producto.,R08_STATIC_ONLY_ENTITY,MODERATE,KEEP_REVIEW,R-S01,MEDIUM,D02,static-product-supplement.csv:upper-up8e-barreras-automaticas-de-hasta-8-m.php; content-master.csv:upper-up8e-barreras-automaticas-de-hasta-8-m.php (PRODUCT_PAGE sin related_product_ids),"Ficha estatica sin fila SQL: categoria y marca UNKNOWN. Crear producto exige decidir entidad, categoria y marca."
static_product,static:wel-aotmatizacion-de-puertas-peatonales-pequena-y-robusta.php,Ficha/familia estática: decidir entidad y contenido; no convertir automáticamente a producto.,R08_STATIC_ONLY_ENTITY,MODERATE,KEEP_REVIEW,R-S01,MEDIUM,D02,static-product-supplement.csv:wel-aotmatizacion-de-puertas-peatonales-pequena-y-robusta.php; content-master.csv:wel-aotmatizacion-de-puertas-peatonales-pequena-y-robusta.php (PRODUCT_PAGE sin related_product_ids),"Ficha estatica sin fila SQL: categoria y marca UNKNOWN. Crear producto exige decidir entidad, categoria y marca."
static_product,static:xel-5-selector-de-llave.php,Ficha/familia estática: decidir entidad y contenido; no convertir automáticamente a producto.,R08_STATIC_ONLY_ENTITY,MODERATE,KEEP_REVIEW,R-S01,MEDIUM,D02,static-product-supplement.csv:xel-5-selector-de-llave.php; content-master.csv:xel-5-selector-de-llave.php (PRODUCT_PAGE sin related_product_ids),"Ficha estatica sin fila SQL: categoria y marca UNKNOWN. Crear producto exige decidir entidad, categoria y marca."
page,php:1500-revolving-door.php,"Clasificación PRODUCT_PAGE: conservar evidencia/URL; definir dueño sin duplicar producto, archivo o Page.",R07_SOURCE_OWNERSHIP_UNDEFINED,CONFIRMED,SKIP,R-G01,MEDIUM,,content-master.csv:1500-revolving-door.php classification=PRODUCT_PAGE; arquitectura 04/28,El mismo artefacto ya se representa como static_product. SKIP = no crear una Page adicional; NO elimina el archivo ni libera la URL (preservacion en fase URLs/SEO).
page,php:accesorios.php,"Clasificación PRODUCT_PAGE: conservar evidencia/URL; definir dueño sin duplicar producto, archivo o Page.",R07_SOURCE_OWNERSHIP_UNDEFINED,CONFIRMED,SKIP,R-G01,MEDIUM,,content-master.csv:accesorios.php classification=PRODUCT_PAGE; arquitectura 04/28,El mismo artefacto ya se representa como product. SKIP = no crear una Page adicional; NO elimina el archivo ni libera la URL (preservacion en fase URLs/SEO).
page,php:accesspro-fs1000speed.php,"Clasificación PRODUCT_PAGE: conservar evidencia/URL; definir dueño sin duplicar producto, archivo o Page.",R07_SOURCE_OWNERSHIP_UNDEFINED,CONFIRMED,SKIP,R-G01,MEDIUM,,content-master.csv:accesspro-fs1000speed.php classification=PRODUCT_PAGE; arquitectura 04/28,El mismo artefacto ya se representa como product. SKIP = no crear una Page adicional; NO elimina el archivo ni libera la URL (preservacion en fase URLs/SEO).
page,php:automatismos-para-cancelas-cubic.php,"Clasificación PRODUCT_PAGE: conservar evidencia/URL; definir dueño sin duplicar producto, archivo o Page.",R07_SOURCE_OWNERSHIP_UNDEFINED,CONFIRMED,SKIP,R-G01,MEDIUM,,content-master.csv:automatismos-para-cancelas-cubic.php classification=PRODUCT_PAGE; arquitectura 04/28,El mismo artefacto ya se representa como static_product. SKIP = no crear una Page adicional; NO elimina el archivo ni libera la URL (preservacion en fase URLs/SEO).
page,php:barreras-estacionamiento-moovi50rm.php,"Clasificación PRODUCT_PAGE: conservar evidencia/URL; definir dueño sin duplicar producto, archivo o Page.",R07_SOURCE_OWNERSHIP_UNDEFINED,CONFIRMED,SKIP,R-G01,MEDIUM,,content-master.csv:barreras-estacionamiento-moovi50rm.php classification=PRODUCT_PAGE; arquitectura 04/28,El mismo artefacto ya se representa como product. SKIP = no crear una Page adicional; NO elimina el archivo ni libera la URL (preservacion en fase URLs/SEO).
page,php:bft-resp.php,"Clasificación BRAND_PAGE: conservar evidencia/URL; definir dueño sin duplicar producto, archivo o Page.",R07_SOURCE_OWNERSHIP_UNDEFINED,CONFIRMED,SKIP,R-G01,MEDIUM,,content-master.csv:bft-resp.php classification=BRAND_PAGE; arquitectura 04/28,El mismo artefacto ya se representa como term. SKIP = no crear una Page adicional; NO elimina el archivo ni libera la URL (preservacion en fase URLs/SEO).
page,php:bft.php,"Clasificación BRAND_PAGE: conservar evidencia/URL; definir dueño sin duplicar producto, archivo o Page.",R07_SOURCE_OWNERSHIP_UNDEFINED,CONFIRMED,SKIP,R-G01,MEDIUM,,content-master.csv:bft.php classification=BRAND_PAGE; arquitectura 04/28,El mismo artefacto ya se representa como term. SKIP = no crear una Page adicional; NO elimina el archivo ni libera la URL (preservacion en fase URLs/SEO).
page,php:bix-al-antena-externa-433-mhz.php,"Clasificación PRODUCT_PAGE: conservar evidencia/URL; definir dueño sin duplicar producto, archivo o Page.",R07_SOURCE_OWNERSHIP_UNDEFINED,CONFIRMED,SKIP,R-G01,MEDIUM,,content-master.csv:bix-al-antena-externa-433-mhz.php classification=PRODUCT_PAGE; arquitectura 04/28,El mismo artefacto ya se representa como static_product. SKIP = no crear una Page adicional; NO elimina el archivo ni libera la URL (preservacion en fase URLs/SEO).
page,php:blindadas.php,"Clasificación CATEGORY_PAGE: conservar evidencia/URL; definir dueño sin duplicar producto, archivo o Page.",R07_SOURCE_OWNERSHIP_UNDEFINED,CONFIRMED,SKIP,R-G01,MEDIUM,,content-master.csv:blindadas.php classification=CATEGORY_PAGE; arquitectura 04/28,El mismo artefacto ya se representa como term. SKIP = no crear una Page adicional; NO elimina el archivo ni libera la URL (preservacion en fase URLs/SEO).
page,php:blue-giant.php,"Clasificación BRAND_PAGE: conservar evidencia/URL; definir dueño sin duplicar producto, archivo o Page.",R07_SOURCE_OWNERSHIP_UNDEFINED,CONFIRMED,SKIP,R-G01,MEDIUM,,content-master.csv:blue-giant.php classification=BRAND_PAGE; arquitectura 04/28,El mismo artefacto ya se representa como term. SKIP = no crear una Page adicional; NO elimina el archivo ni libera la URL (preservacion en fase URLs/SEO).
page,php:categorias.php,"Clasificación UTILITY: conservar evidencia/URL; definir dueño sin duplicar producto, archivo o Page.",R07_SOURCE_OWNERSHIP_UNDEFINED,MODERATE,KEEP_REVIEW,R-G03,MEDIUM,D12,content-master.csv:categorias.php classification=UTILITY,"Pagina utilitaria: decidir si su funcion se reimplementa, se descarta o se conserva."
page,php:centros-comerciales.php,"Clasificación CATEGORY_PAGE: conservar evidencia/URL; definir dueño sin duplicar producto, archivo o Page.",R07_SOURCE_OWNERSHIP_UNDEFINED,CONFIRMED,SKIP,R-G01,MEDIUM,,content-master.csv:centros-comerciales.php classification=CATEGORY_PAGE; arquitectura 04/28,El mismo artefacto ya se representa como term. SKIP = no crear una Page adicional; NO elimina el archivo ni libera la URL (preservacion en fase URLs/SEO).
page,php:clopay.php,"Clasificación BRAND_PAGE: conservar evidencia/URL; definir dueño sin duplicar producto, archivo o Page.",R07_SOURCE_OWNERSHIP_UNDEFINED,CONFIRMED,SKIP,R-G01,MEDIUM,,content-master.csv:clopay.php classification=BRAND_PAGE; arquitectura 04/28,El mismo artefacto ya se representa como term. SKIP = no crear una Page adicional; NO elimina el archivo ni libera la URL (preservacion en fase URLs/SEO).
page,php:coleccion-classic.php,"Clasificación PRODUCT_PAGE: conservar evidencia/URL; definir dueño sin duplicar producto, archivo o Page.",R07_SOURCE_OWNERSHIP_UNDEFINED,CONFIRMED,SKIP,R-G01,MEDIUM,,content-master.csv:coleccion-classic.php classification=PRODUCT_PAGE; arquitectura 04/28,El mismo artefacto ya se representa como product. SKIP = no crear una Page adicional; NO elimina el archivo ni libera la URL (preservacion en fase URLs/SEO).
page,php:coleccion-modern-steel.php,"Clasificación PRODUCT_PAGE: conservar evidencia/URL; definir dueño sin duplicar producto, archivo o Page.",R07_SOURCE_OWNERSHIP_UNDEFINED,CONFIRMED,SKIP,R-G01,MEDIUM,,content-master.csv:coleccion-modern-steel.php classification=PRODUCT_PAGE; arquitectura 04/28,El mismo artefacto ya se representa como product. SKIP = no crear una Page adicional; NO elimina el archivo ni libera la URL (preservacion en fase URLs/SEO).
page,php:com-programadores-digitales-y-rotativos.php,"Clasificación PRODUCT_PAGE: conservar evidencia/URL; definir dueño sin duplicar producto, archivo o Page.",R07_SOURCE_OWNERSHIP_UNDEFINED,CONFIRMED,SKIP,R-G01,MEDIUM,,content-master.csv:com-programadores-digitales-y-rotativos.php classification=PRODUCT_PAGE; arquitectura 04/28,El mismo artefacto ya se representa como static_product. SKIP = no crear una Page adicional; NO elimina el archivo ni libera la URL (preservacion en fase URLs/SEO).
page,php:comercial.php,"Clasificación CATEGORY_PAGE: conservar evidencia/URL; definir dueño sin duplicar producto, archivo o Page.",R07_SOURCE_OWNERSHIP_UNDEFINED,CONFIRMED,SKIP,R-G01,MEDIUM,,content-master.csv:comercial.php classification=CATEGORY_PAGE; arquitectura 04/28,El mismo artefacto ya se representa como term. SKIP = no crear una Page adicional; NO elimina el archivo ni libera la URL (preservacion en fase URLs/SEO).
page,php:contacto.php,"Clasificación CONTACT_PAGE: conservar evidencia/URL; definir dueño sin duplicar producto, archivo o Page.",R01_AUTHORIZATION_ONLY,STRONG,MIGRATE,R-G02,LOW,,content-master.csv:contacto.php classification=CONTACT_PAGE preserve_url=YES,Contenido editorial propio sin otro propietario posible. Destino Page en draft; no publicar.
page,php:contra-exposion.php,"Clasificación CATEGORY_PAGE: conservar evidencia/URL; definir dueño sin duplicar producto, archivo o Page.",R07_SOURCE_OWNERSHIP_UNDEFINED,CONFIRMED,SKIP,R-G01,MEDIUM,,content-master.csv:contra-exposion.php classification=CATEGORY_PAGE; arquitectura 04/28,El mismo artefacto ya se representa como term. SKIP = no crear una Page adicional; NO elimina el archivo ni libera la URL (preservacion en fase URLs/SEO).
page,php:contra-incendio.php,"Clasificación CATEGORY_PAGE: conservar evidencia/URL; definir dueño sin duplicar producto, archivo o Page.",R07_SOURCE_OWNERSHIP_UNDEFINED,CONFIRMED,SKIP,R-G01,MEDIUM,,content-master.csv:contra-incendio.php classification=CATEGORY_PAGE; arquitectura 04/28,El mismo artefacto ya se representa como term. SKIP = no crear una Page adicional; NO elimina el archivo ni libera la URL (preservacion en fase URLs/SEO).
page,php:cortina-de-seguridad-670.php,"Clasificación PRODUCT_PAGE: conservar evidencia/URL; definir dueño sin duplicar producto, archivo o Page.",R07_SOURCE_OWNERSHIP_UNDEFINED,CONFIRMED,SKIP,R-G01,MEDIUM,,content-master.csv:cortina-de-seguridad-670.php classification=PRODUCT_PAGE; arquitectura 04/28,El mismo artefacto ya se representa como product. SKIP = no crear una Page adicional; NO elimina el archivo ni libera la URL (preservacion en fase URLs/SEO).
page,php:cortina-de-seguridad-671.php,"Clasificación PRODUCT_PAGE: conservar evidencia/URL; definir dueño sin duplicar producto, archivo o Page.",R07_SOURCE_OWNERSHIP_UNDEFINED,CONFIRMED,SKIP,R-G01,MEDIUM,,content-master.csv:cortina-de-seguridad-671.php classification=PRODUCT_PAGE; arquitectura 04/28,El mismo artefacto ya se representa como product. SKIP = no crear una Page adicional; NO elimina el archivo ni libera la URL (preservacion en fase URLs/SEO).
page,php:cortina-en-aluminio-serie-511-521.php,"Clasificación PRODUCT_PAGE: conservar evidencia/URL; definir dueño sin duplicar producto, archivo o Page.",R07_SOURCE_OWNERSHIP_UNDEFINED,CONFIRMED,SKIP,R-G01,MEDIUM,,content-master.csv:cortina-en-aluminio-serie-511-521.php classification=PRODUCT_PAGE; arquitectura 04/28,El mismo artefacto ya se representa como product. SKIP = no crear una Page adicional; NO elimina el archivo ni libera la URL (preservacion en fase URLs/SEO).
page,php:cortina-europea.php,"Clasificación PRODUCT_PAGE: conservar evidencia/URL; definir dueño sin duplicar producto, archivo o Page.",R07_SOURCE_OWNERSHIP_UNDEFINED,CONFIRMED,SKIP,R-G01,MEDIUM,,content-master.csv:cortina-europea.php classification=PRODUCT_PAGE; arquitectura 04/28,El mismo artefacto ya se representa como product. SKIP = no crear una Page adicional; NO elimina el archivo ni libera la URL (preservacion en fase URLs/SEO).
page,php:cortina-plana.php,"Clasificación PRODUCT_PAGE: conservar evidencia/URL; definir dueño sin duplicar producto, archivo o Page.",R07_SOURCE_OWNERSHIP_UNDEFINED,CONFIRMED,SKIP,R-G01,MEDIUM,,content-master.csv:cortina-plana.php classification=PRODUCT_PAGE; arquitectura 04/28,El mismo artefacto ya se representa como product. SKIP = no crear una Page adicional; NO elimina el archivo ni libera la URL (preservacion en fase URLs/SEO).
page,php:cortina-serie-600.php,"Clasificación PRODUCT_PAGE: conservar evidencia/URL; definir dueño sin duplicar producto, archivo o Page.",R07_SOURCE_OWNERSHIP_UNDEFINED,CONFIRMED,SKIP,R-G01,MEDIUM,,content-master.csv:cortina-serie-600.php classification=PRODUCT_PAGE; arquitectura 04/28,El mismo artefacto ya se representa como product. SKIP = no crear una Page adicional; NO elimina el archivo ni libera la URL (preservacion en fase URLs/SEO).
page,php:cortina-serie-610.php,"Clasificación PRODUCT_PAGE: conservar evidencia/URL; definir dueño sin duplicar producto, archivo o Page.",R07_SOURCE_OWNERSHIP_UNDEFINED,CONFIRMED,SKIP,R-G01,MEDIUM,,content-master.csv:cortina-serie-610.php classification=PRODUCT_PAGE; arquitectura 04/28,El mismo artefacto ya se representa como product. SKIP = no crear una Page adicional; NO elimina el archivo ni libera la URL (preservacion en fase URLs/SEO).
page,php:cortina-serie-620.php,"Clasificación PRODUCT_PAGE: conservar evidencia/URL; definir dueño sin duplicar producto, archivo o Page.",R07_SOURCE_OWNERSHIP_UNDEFINED,CONFIRMED,SKIP,R-G01,MEDIUM,,content-master.csv:cortina-serie-620.php classification=PRODUCT_PAGE; arquitectura 04/28,El mismo artefacto ya se representa como product. SKIP = no crear una Page adicional; NO elimina el archivo ni libera la URL (preservacion en fase URLs/SEO).
page,php:cortina-serie-625.php,"Clasificación PRODUCT_PAGE: conservar evidencia/URL; definir dueño sin duplicar producto, archivo o Page.",R07_SOURCE_OWNERSHIP_UNDEFINED,CONFIRMED,SKIP,R-G01,MEDIUM,,content-master.csv:cortina-serie-625.php classification=PRODUCT_PAGE; arquitectura 04/28,El mismo artefacto ya se representa como product. SKIP = no crear una Page adicional; NO elimina el archivo ni libera la URL (preservacion en fase URLs/SEO).
page,php:cortina-serie-630.php,"Clasificación PRODUCT_PAGE: conservar evidencia/URL; definir dueño sin duplicar producto, archivo o Page.",R07_SOURCE_OWNERSHIP_UNDEFINED,CONFIRMED,SKIP,R-G01,MEDIUM,,content-master.csv:cortina-serie-630.php classification=PRODUCT_PAGE; arquitectura 04/28,El mismo artefacto ya se representa como product. SKIP = no crear una Page adicional; NO elimina el archivo ni libera la URL (preservacion en fase URLs/SEO).
page,php:cortina-serie-790-cw.php,"Clasificación PRODUCT_PAGE: conservar evidencia/URL; definir dueño sin duplicar producto, archivo o Page.",R07_SOURCE_OWNERSHIP_UNDEFINED,CONFIRMED,SKIP,R-G01,MEDIUM,,content-master.csv:cortina-serie-790-cw.php classification=PRODUCT_PAGE; arquitectura 04/28,El mismo artefacto ya se representa como product. SKIP = no crear una Page adicional; NO elimina el archivo ni libera la URL (preservacion en fase URLs/SEO).
page,php:cortinas-enrollables-de-aluminio.php,"Clasificación SEO_LANDING: conservar evidencia/URL; definir dueño sin duplicar producto, archivo o Page.",R01_AUTHORIZATION_ONLY,STRONG,MIGRATE,R-G02,MEDIUM,,content-master.csv:cortinas-enrollables-de-aluminio.php classification=SEO_LANDING preserve_url=YES,Contenido editorial propio sin otro propietario posible. Destino Page en draft; no publicar.
page,php:cortinas-enrollables-industriales.php,"Clasificación CATEGORY_PAGE: conservar evidencia/URL; definir dueño sin duplicar producto, archivo o Page.",R07_SOURCE_OWNERSHIP_UNDEFINED,CONFIRMED,SKIP,R-G01,MEDIUM,,content-master.csv:cortinas-enrollables-industriales.php classification=CATEGORY_PAGE; arquitectura 04/28,El mismo artefacto ya se representa como term. SKIP = no crear una Page adicional; NO elimina el archivo ni libera la URL (preservacion en fase URLs/SEO).
page,php:cortinas-ventiladas-685.php,"Clasificación PRODUCT_PAGE: conservar evidencia/URL; definir dueño sin duplicar producto, archivo o Page.",R07_SOURCE_OWNERSHIP_UNDEFINED,CONFIRMED,SKIP,R-G01,MEDIUM,,content-master.csv:cortinas-ventiladas-685.php classification=PRODUCT_PAGE; arquitectura 04/28,El mismo artefacto ya se representa como product. SKIP = no crear una Page adicional; NO elimina el archivo ni libera la URL (preservacion en fase URLs/SEO).
page,php:cross-3e.php,"Clasificación PRODUCT_PAGE: conservar evidencia/URL; definir dueño sin duplicar producto, archivo o Page.",R07_SOURCE_OWNERSHIP_UNDEFINED,CONFIRMED,SKIP,R-G01,MEDIUM,,content-master.csv:cross-3e.php classification=PRODUCT_PAGE; arquitectura 04/28,El mismo artefacto ya se representa como static_product. SKIP = no crear una Page adicional; NO elimina el archivo ni libera la URL (preservacion en fase URLs/SEO).
page,php:detector-de-masas-max-eagle.php,"Clasificación PRODUCT_PAGE: conservar evidencia/URL; definir dueño sin duplicar producto, archivo o Page.",R07_SOURCE_OWNERSHIP_UNDEFINED,CONFIRMED,SKIP,R-G01,MEDIUM,,content-master.csv:detector-de-masas-max-eagle.php classification=PRODUCT_PAGE; arquitectura 04/28,El mismo artefacto ya se representa como static_product. SKIP = no crear una Page adicional; NO elimina el archivo ni libera la URL (preservacion en fase URLs/SEO).
page,php:ditec-neos-y-neos.php,"Clasificación PRODUCT_PAGE: conservar evidencia/URL; definir dueño sin duplicar producto, archivo o Page.",R07_SOURCE_OWNERSHIP_UNDEFINED,CONFIRMED,SKIP,R-G01,MEDIUM,,content-master.csv:ditec-neos-y-neos.php classification=PRODUCT_PAGE; arquitectura 04/28,El mismo artefacto ya se representa como static_product. SKIP = no crear una Page adicional; NO elimina el archivo ni libera la URL (preservacion en fase URLs/SEO).
page,php:dockman.php,"Clasificación BRAND_PAGE: conservar evidencia/URL; definir dueño sin duplicar producto, archivo o Page.",R07_SOURCE_OWNERSHIP_UNDEFINED,CONFIRMED,SKIP,R-G01,MEDIUM,,content-master.csv:dockman.php classification=BRAND_PAGE; arquitectura 04/28,El mismo artefacto ya se representa como term. SKIP = no crear una Page adicional; NO elimina el archivo ni libera la URL (preservacion en fase URLs/SEO).
page,php:dod-automatizacion-compacto-y-potente-para-portones-seccionales-correderos-y-enrollables.php,"Clasificación PRODUCT_PAGE: conservar evidencia/URL; definir dueño sin duplicar producto, archivo o Page.",R07_SOURCE_OWNERSHIP_UNDEFINED,CONFIRMED,SKIP,R-G01,MEDIUM,,content-master.csv:dod-automatizacion-compacto-y-potente-para-portones-seccionales-correderos-y-enrollables.php classification=PRODUCT_PAGE; arquitectura 04/28,El mismo artefacto ya se representa como static_product. SKIP = no crear una Page adicional; NO elimina el archivo ni libera la URL (preservacion en fase URLs/SEO).
page,php:doorlock.php,"Clasificación BRAND_PAGE: conservar evidencia/URL; definir dueño sin duplicar producto, archivo o Page.",R07_SOURCE_OWNERSHIP_UNDEFINED,CONFIRMED,SKIP,R-G01,MEDIUM,,content-master.csv:doorlock.php classification=BRAND_PAGE; arquitectura 04/28,El mismo artefacto ya se representa como term. SKIP = no crear una Page adicional; NO elimina el archivo ni libera la URL (preservacion en fase URLs/SEO).
page,php:dura-glide-20003000-puerta.php,"Clasificación PRODUCT_PAGE: conservar evidencia/URL; definir dueño sin duplicar producto, archivo o Page.",R07_SOURCE_OWNERSHIP_UNDEFINED,CONFIRMED,SKIP,R-G01,MEDIUM,,content-master.csv:dura-glide-20003000-puerta.php classification=PRODUCT_PAGE; arquitectura 04/28,El mismo artefacto ya se representa como static_product. SKIP = no crear una Page adicional; NO elimina el archivo ni libera la URL (preservacion en fase URLs/SEO).
page,php:energy-series-with-intellicore-37171-3-4.php,"Clasificación PRODUCT_PAGE: conservar evidencia/URL; definir dueño sin duplicar producto, archivo o Page.",R07_SOURCE_OWNERSHIP_UNDEFINED,CONFIRMED,SKIP,R-G01,MEDIUM,,content-master.csv:energy-series-with-intellicore-37171-3-4.php classification=PRODUCT_PAGE; arquitectura 04/28,El mismo artefacto ya se representa como product. SKIP = no crear una Page adicional; NO elimina el archivo ni libera la URL (preservacion en fase URLs/SEO).
page,php:energy-series-with-intellicore-3720-3724-3722.php,"Clasificación PRODUCT_PAGE: conservar evidencia/URL; definir dueño sin duplicar producto, archivo o Page.",R07_SOURCE_OWNERSHIP_UNDEFINED,CONFIRMED,SKIP,R-G01,MEDIUM,,content-master.csv:energy-series-with-intellicore-3720-3724-3722.php classification=PRODUCT_PAGE; arquitectura 04/28,El mismo artefacto ya se representa como product. SKIP = no crear una Page adicional; NO elimina el archivo ni libera la URL (preservacion en fase URLs/SEO).
page,php:enviaContacto.php,"Clasificación UTILITY: conservar evidencia/URL; definir dueño sin duplicar producto, archivo o Page.",R07_SOURCE_OWNERSHIP_UNDEFINED,MODERATE,KEEP_REVIEW,R-G03,MEDIUM,D12,content-master.csv:enviaContacto.php classification=UTILITY,"Pagina utilitaria: decidir si su funcion se reimplementa, se descarta o se conserva."
page,php:equipos-y-accesorios-para-anden-de-carga.php,"Clasificación CATEGORY_PAGE: conservar evidencia/URL; definir dueño sin duplicar producto, archivo o Page.",R07_SOURCE_OWNERSHIP_UNDEFINED,CONFIRMED,SKIP,R-G01,MEDIUM,,content-master.csv:equipos-y-accesorios-para-anden-de-carga.php classification=CATEGORY_PAGE; arquitectura 04/28,El mismo artefacto ya se representa como term. SKIP = no crear una Page adicional; NO elimina el archivo ni libera la URL (preservacion en fase URLs/SEO).
page,php:estacionamientos.php,"Clasificación CATEGORY_PAGE: conservar evidencia/URL; definir dueño sin duplicar producto, archivo o Page.",R07_SOURCE_OWNERSHIP_UNDEFINED,CONFIRMED,SKIP,R-G01,MEDIUM,,content-master.csv:estacionamientos.php classification=CATEGORY_PAGE; arquitectura 04/28,El mismo artefacto ya se representa como term. SKIP = no crear una Page adicional; NO elimina el archivo ni libera la URL (preservacion en fase URLs/SEO).
page,php:fast-seal-high-performance-door.php,"Clasificación PRODUCT_PAGE: conservar evidencia/URL; definir dueño sin duplicar producto, archivo o Page.",R07_SOURCE_OWNERSHIP_UNDEFINED,CONFIRMED,SKIP,R-G01,MEDIUM,,content-master.csv:fast-seal-high-performance-door.php classification=PRODUCT_PAGE; arquitectura 04/28,El mismo artefacto ya se representa como product. SKIP = no crear una Page adicional; NO elimina el archivo ni libera la URL (preservacion en fase URLs/SEO).
page,php:fire-rated-doors-firestar-models-700-700c.php,"Clasificación PRODUCT_PAGE: conservar evidencia/URL; definir dueño sin duplicar producto, archivo o Page.",R07_SOURCE_OWNERSHIP_UNDEFINED,CONFIRMED,SKIP,R-G01,MEDIUM,,content-master.csv:fire-rated-doors-firestar-models-700-700c.php classification=PRODUCT_PAGE; arquitectura 04/28,El mismo artefacto ya se representa como product. SKIP = no crear una Page adicional; NO elimina el archivo ni libera la URL (preservacion en fase URLs/SEO).
page,php:fotoceldas.php,"Clasificación PRODUCT_PAGE: conservar evidencia/URL; definir dueño sin duplicar producto, archivo o Page.",R07_SOURCE_OWNERSHIP_UNDEFINED,CONFIRMED,SKIP,R-G01,MEDIUM,,content-master.csv:fotoceldas.php classification=PRODUCT_PAGE; arquitectura 04/28,El mismo artefacto ya se representa como static_product. SKIP = no crear una Page adicional; NO elimina el archivo ni libera la URL (preservacion en fase URLs/SEO).
page,php:fraccionamientos-y-condominios.php,"Clasificación CATEGORY_PAGE: conservar evidencia/URL; definir dueño sin duplicar producto, archivo o Page.",R07_SOURCE_OWNERSHIP_UNDEFINED,CONFIRMED,SKIP,R-G01,MEDIUM,,content-master.csv:fraccionamientos-y-condominios.php classification=CATEGORY_PAGE; arquitectura 04/28,El mismo artefacto ya se representa como term. SKIP = no crear una Page adicional; NO elimina el archivo ni libera la URL (preservacion en fase URLs/SEO).
page,php:glg-porte-industriali.php,"Clasificación BRAND_PAGE: conservar evidencia/URL; definir dueño sin duplicar producto, archivo o Page.",R07_SOURCE_OWNERSHIP_UNDEFINED,CONFIRMED,SKIP,R-G01,MEDIUM,,content-master.csv:glg-porte-industriali.php classification=BRAND_PAGE; arquitectura 04/28,El mismo artefacto ya se representa como term. SKIP = no crear una Page adicional; NO elimina el archivo ni libera la URL (preservacion en fase URLs/SEO).
page,php:gol-transmisores-de-cuatro-canales.php,"Clasificación PRODUCT_PAGE: conservar evidencia/URL; definir dueño sin duplicar producto, archivo o Page.",R07_SOURCE_OWNERSHIP_UNDEFINED,CONFIRMED,SKIP,R-G01,MEDIUM,,content-master.csv:gol-transmisores-de-cuatro-canales.php classification=PRODUCT_PAGE; arquitectura 04/28,El mismo artefacto ya se representa como static_product. SKIP = no crear una Page adicional; NO elimina el archivo ni libera la URL (preservacion en fase URLs/SEO).
page,php:icaro-smart.php,"Clasificación PRODUCT_PAGE: conservar evidencia/URL; definir dueño sin duplicar producto, archivo o Page.",R07_SOURCE_OWNERSHIP_UNDEFINED,CONFIRMED,SKIP,R-G01,MEDIUM,,content-master.csv:icaro-smart.php classification=PRODUCT_PAGE; arquitectura 04/28,El mismo artefacto ya se representa como product. SKIP = no crear una Page adicional; NO elimina el archivo ni libera la URL (preservacion en fase URLs/SEO).
page,php:index-estatico.php,"Clasificación INSTITUTIONAL_PAGE: conservar evidencia/URL; definir dueño sin duplicar producto, archivo o Page.",R01_AUTHORIZATION_ONLY,STRONG,MIGRATE,R-G02,LOW,,content-master.csv:index-estatico.php classification=INSTITUTIONAL_PAGE preserve_url=YES,Contenido editorial propio sin otro propietario posible. Destino Page en draft; no publicar.
page,php:index-resp.php,"Clasificación INSTITUTIONAL_PAGE: conservar evidencia/URL; definir dueño sin duplicar producto, archivo o Page.",R01_AUTHORIZATION_ONLY,STRONG,MIGRATE,R-G02,LOW,,content-master.csv:index-resp.php classification=INSTITUTIONAL_PAGE preserve_url=YES,Contenido editorial propio sin otro propietario posible. Destino Page en draft; no publicar.
page,php:index.php,"Clasificación INSTITUTIONAL_PAGE: conservar evidencia/URL; definir dueño sin duplicar producto, archivo o Page.",R01_AUTHORIZATION_ONLY,STRONG,MIGRATE,R-G02,LOW,,content-master.csv:index.php classification=INSTITUTIONAL_PAGE preserve_url=YES,Contenido editorial propio sin otro propietario posible. Destino Page en draft; no publicar.
page,php:industrial.php,"Clasificación CATEGORY_PAGE: conservar evidencia/URL; definir dueño sin duplicar producto, archivo o Page.",R07_SOURCE_OWNERSHIP_UNDEFINED,CONFIRMED,SKIP,R-G01,MEDIUM,,content-master.csv:industrial.php classification=CATEGORY_PAGE; arquitectura 04/28,El mismo artefacto ya se representa como term. SKIP = no crear una Page adicional; NO elimina el archivo ni libera la URL (preservacion en fase URLs/SEO).
page,php:infraca-quality-doors.php,"Clasificación BRAND_PAGE: conservar evidencia/URL; definir dueño sin duplicar producto, archivo o Page.",R07_SOURCE_OWNERSHIP_UNDEFINED,CONFIRMED,SKIP,R-G01,MEDIUM,,content-master.csv:infraca-quality-doors.php classification=BRAND_PAGE; arquitectura 04/28,El mismo artefacto ya se representa como term. SKIP = no crear una Page adicional; NO elimina el archivo ni libera la URL (preservacion en fase URLs/SEO).
page,php:kelley.php,"Clasificación BRAND_PAGE: conservar evidencia/URL; definir dueño sin duplicar producto, archivo o Page.",R07_SOURCE_OWNERSHIP_UNDEFINED,CONFIRMED,SKIP,R-G01,MEDIUM,,content-master.csv:kelley.php classification=BRAND_PAGE; arquitectura 04/28,El mismo artefacto ya se representa como term. SKIP = no crear una Page adicional; NO elimina el archivo ni libera la URL (preservacion en fase URLs/SEO).
page,php:kronos-puertas-rapidas-de-sectores-modulares-autorreparable.php,"Clasificación PRODUCT_PAGE: conservar evidencia/URL; definir dueño sin duplicar producto, archivo o Page.",R07_SOURCE_OWNERSHIP_UNDEFINED,CONFIRMED,SKIP,R-G01,MEDIUM,,content-master.csv:kronos-puertas-rapidas-de-sectores-modulares-autorreparable.php classification=PRODUCT_PAGE; arquitectura 04/28,El mismo artefacto ya se representa como product. SKIP = no crear una Page adicional; NO elimina el archivo ni libera la URL (preservacion en fase URLs/SEO).
page,php:lab-4-fotocelulas-de-rayos-infrarrojos.php,"Clasificación PRODUCT_PAGE: conservar evidencia/URL; definir dueño sin duplicar producto, archivo o Page.",R07_SOURCE_OWNERSHIP_UNDEFINED,CONFIRMED,SKIP,R-G01,MEDIUM,,content-master.csv:lab-4-fotocelulas-de-rayos-infrarrojos.php classification=PRODUCT_PAGE; arquitectura 04/28,El mismo artefacto ya se representa como static_product. SKIP = no crear una Page adicional; NO elimina el archivo ni libera la URL (preservacion en fase URLs/SEO).
page,php:lab-9-detectores-de-volumen-de-metal-loop.php,"Clasificación PRODUCT_PAGE: conservar evidencia/URL; definir dueño sin duplicar producto, archivo o Page.",R07_SOURCE_OWNERSHIP_UNDEFINED,CONFIRMED,SKIP,R-G01,MEDIUM,,content-master.csv:lab-9-detectores-de-volumen-de-metal-loop.php classification=PRODUCT_PAGE; arquitectura 04/28,El mismo artefacto ya se representa como static_product. SKIP = no crear una Page adicional; NO elimina el archivo ni libera la URL (preservacion en fase URLs/SEO).
page,php:labio-de-elevacion-mecanico-dockman.php,"Clasificación PRODUCT_PAGE: conservar evidencia/URL; definir dueño sin duplicar producto, archivo o Page.",R07_SOURCE_OWNERSHIP_UNDEFINED,CONFIRMED,SKIP,R-G01,MEDIUM,,content-master.csv:labio-de-elevacion-mecanico-dockman.php classification=PRODUCT_PAGE; arquitectura 04/28,El mismo artefacto ya se representa como product. SKIP = no crear una Page adicional; NO elimina el archivo ni libera la URL (preservacion en fase URLs/SEO).
page,php:labio-elevacion-anden-carga.php,"Clasificación CATEGORY_PAGE: conservar evidencia/URL; definir dueño sin duplicar producto, archivo o Page.",R07_SOURCE_OWNERSHIP_UNDEFINED,CONFIRMED,SKIP,R-G01,MEDIUM,,content-master.csv:labio-elevacion-anden-carga.php classification=CATEGORY_PAGE; arquitectura 04/28,El mismo artefacto ya se representa como term. SKIP = no crear una Page adicional; NO elimina el archivo ni libera la URL (preservacion en fase URLs/SEO).
page,php:lan-4-sistema-de-teclado-con-combinacion-digital.php,"Clasificación PRODUCT_PAGE: conservar evidencia/URL; definir dueño sin duplicar producto, archivo o Page.",R07_SOURCE_OWNERSHIP_UNDEFINED,CONFIRMED,SKIP,R-G01,MEDIUM,,content-master.csv:lan-4-sistema-de-teclado-con-combinacion-digital.php classification=PRODUCT_PAGE; arquitectura 04/28,El mismo artefacto ya se representa como static_product. SKIP = no crear una Page adicional; NO elimina el archivo ni libera la URL (preservacion en fase URLs/SEO).
page,php:lan-7-sistema-de-mando-de-proximidad-de-tarjetas-con-tecnologia-transponder.php,"Clasificación PRODUCT_PAGE: conservar evidencia/URL; definir dueño sin duplicar producto, archivo o Page.",R07_SOURCE_OWNERSHIP_UNDEFINED,CONFIRMED,SKIP,R-G01,MEDIUM,,content-master.csv:lan-7-sistema-de-mando-de-proximidad-de-tarjetas-con-tecnologia-transponder.php classification=PRODUCT_PAGE; arquitectura 04/28,El mismo artefacto ya se representa como static_product. SKIP = no crear una Page adicional; NO elimina el archivo ni libera la URL (preservacion en fase URLs/SEO).
page,php:lift-master-mod-h.php,"Clasificación PRODUCT_PAGE: conservar evidencia/URL; definir dueño sin duplicar producto, archivo o Page.",R07_SOURCE_OWNERSHIP_UNDEFINED,CONFIRMED,SKIP,R-G01,MEDIUM,,content-master.csv:lift-master-mod-h.php classification=PRODUCT_PAGE; arquitectura 04/28,El mismo artefacto ya se representa como product. SKIP = no crear una Page adicional; NO elimina el archivo ni libera la URL (preservacion en fase URLs/SEO).
page,php:lift-master.php,"Clasificación BRAND_PAGE: conservar evidencia/URL; definir dueño sin duplicar producto, archivo o Page.",R07_SOURCE_OWNERSHIP_UNDEFINED,CONFIRMED,SKIP,R-G01,MEDIUM,,content-master.csv:lift-master.php classification=BRAND_PAGE; arquitectura 04/28,El mismo artefacto ya se representa como term. SKIP = no crear una Page adicional; NO elimina el archivo ni libera la URL (preservacion en fase URLs/SEO).
page,php:liftmaster-modh.php,"Clasificación PRODUCT_PAGE: conservar evidencia/URL; definir dueño sin duplicar producto, archivo o Page.",R07_SOURCE_OWNERSHIP_UNDEFINED,CONFIRMED,SKIP,R-G01,MEDIUM,,content-master.csv:liftmaster-modh.php classification=PRODUCT_PAGE; arquitectura 04/28,El mismo artefacto ya se representa como product. SKIP = no crear una Page adicional; NO elimina el archivo ni libera la URL (preservacion en fase URLs/SEO).
page,php:light-communication-system-lcs.php,"Clasificación PRODUCT_PAGE: conservar evidencia/URL; definir dueño sin duplicar producto, archivo o Page.",R07_SOURCE_OWNERSHIP_UNDEFINED,CONFIRMED,SKIP,R-G01,MEDIUM,,content-master.csv:light-communication-system-lcs.php classification=PRODUCT_PAGE; arquitectura 04/28,El mismo artefacto ya se representa como static_product. SKIP = no crear una Page adicional; NO elimina el archivo ni libera la URL (preservacion en fase URLs/SEO).
page,php:lux-2b-y-lux-gv-piston-hidraulico-para-puerta-abatible.php,"Clasificación PRODUCT_PAGE: conservar evidencia/URL; definir dueño sin duplicar producto, archivo o Page.",R07_SOURCE_OWNERSHIP_UNDEFINED,CONFIRMED,SKIP,R-G01,MEDIUM,,content-master.csv:lux-2b-y-lux-gv-piston-hidraulico-para-puerta-abatible.php classification=PRODUCT_PAGE; arquitectura 04/28,El mismo artefacto ya se representa como product. SKIP = no crear una Page adicional; NO elimina el archivo ni libera la URL (preservacion en fase URLs/SEO).
page,php:luxo-robusto-e-incansable-para-servicios-intensivos-para-hojas-de-hasta-5-m.php,"Clasificación PRODUCT_PAGE: conservar evidencia/URL; definir dueño sin duplicar producto, archivo o Page.",R07_SOURCE_OWNERSHIP_UNDEFINED,CONFIRMED,SKIP,R-G01,MEDIUM,,content-master.csv:luxo-robusto-e-incansable-para-servicios-intensivos-para-hojas-de-hasta-5-m.php classification=PRODUCT_PAGE; arquitectura 04/28,El mismo artefacto ya se representa como static_product. SKIP = no crear una Page adicional; NO elimina el archivo ni libera la URL (preservacion en fase URLs/SEO).
page,php:magic-fuerza-del-operador.php,"Clasificación PRODUCT_PAGE: conservar evidencia/URL; definir dueño sin duplicar producto, archivo o Page.",R07_SOURCE_OWNERSHIP_UNDEFINED,CONFIRMED,SKIP,R-G01,MEDIUM,,content-master.csv:magic-fuerza-del-operador.php classification=PRODUCT_PAGE; arquitectura 04/28,El mismo artefacto ya se representa como static_product. SKIP = no crear una Page adicional; NO elimina el archivo ni libera la URL (preservacion en fase URLs/SEO).
page,php:marcas.php,"Clasificación CATEGORY_PAGE: conservar evidencia/URL; definir dueño sin duplicar producto, archivo o Page.",R07_SOURCE_OWNERSHIP_UNDEFINED,CONFIRMED,SKIP,R-G01,MEDIUM,,content-master.csv:marcas.php classification=CATEGORY_PAGE; arquitectura 04/28,El mismo artefacto ya se representa como term. SKIP = no crear una Page adicional; NO elimina el archivo ni libera la URL (preservacion en fase URLs/SEO).
page,php:marcasv1.php,"Clasificación CATEGORY_PAGE: conservar evidencia/URL; definir dueño sin duplicar producto, archivo o Page.",R07_SOURCE_OWNERSHIP_UNDEFINED,CONFIRMED,SKIP,R-G01,MEDIUM,,content-master.csv:marcasv1.php classification=CATEGORY_PAGE; arquitectura 04/28,El mismo artefacto ya se representa como term. SKIP = no crear una Page adicional; NO elimina el archivo ni libera la URL (preservacion en fase URLs/SEO).
page,php:operador-comercial-rhx.php,"Clasificación PRODUCT_PAGE: conservar evidencia/URL; definir dueño sin duplicar producto, archivo o Page.",R07_SOURCE_OWNERSHIP_UNDEFINED,CONFIRMED,SKIP,R-G01,MEDIUM,,content-master.csv:operador-comercial-rhx.php classification=PRODUCT_PAGE; arquitectura 04/28,El mismo artefacto ya se representa como product. SKIP = no crear una Page adicional; NO elimina el archivo ni libera la URL (preservacion en fase URLs/SEO).
page,php:operador-para-cortina-enrrollable-rsx.php,"Clasificación PRODUCT_PAGE: conservar evidencia/URL; definir dueño sin duplicar producto, archivo o Page.",R07_SOURCE_OWNERSHIP_UNDEFINED,CONFIRMED,SKIP,R-G01,MEDIUM,,content-master.csv:operador-para-cortina-enrrollable-rsx.php classification=PRODUCT_PAGE; arquitectura 04/28,El mismo artefacto ya se representa como product. SKIP = no crear una Page adicional; NO elimina el archivo ni libera la URL (preservacion en fase URLs/SEO).
page,php:operador-para-perfilados-comerciales-jst.php,"Clasificación PRODUCT_PAGE: conservar evidencia/URL; definir dueño sin duplicar producto, archivo o Page.",R07_SOURCE_OWNERSHIP_UNDEFINED,CONFIRMED,SKIP,R-G01,MEDIUM,,content-master.csv:operador-para-perfilados-comerciales-jst.php classification=PRODUCT_PAGE; arquitectura 04/28,El mismo artefacto ya se representa como product. SKIP = no crear una Page adicional; NO elimina el archivo ni libera la URL (preservacion en fase URLs/SEO).
page,php:operador-para-perfilados-comerciales-sel.php,"Clasificación PRODUCT_PAGE: conservar evidencia/URL; definir dueño sin duplicar producto, archivo o Page.",R07_SOURCE_OWNERSHIP_UNDEFINED,CONFIRMED,SKIP,R-G01,MEDIUM,,content-master.csv:operador-para-perfilados-comerciales-sel.php classification=PRODUCT_PAGE; arquitectura 04/28,El mismo artefacto ya se representa como product. SKIP = no crear una Page adicional; NO elimina el archivo ni libera la URL (preservacion en fase URLs/SEO).
page,php:operadores-para-puerta-abatible.php,"Clasificación CATEGORY_PAGE: conservar evidencia/URL; definir dueño sin duplicar producto, archivo o Page.",R07_SOURCE_OWNERSHIP_UNDEFINED,CONFIRMED,SKIP,R-G01,MEDIUM,,content-master.csv:operadores-para-puerta-abatible.php classification=CATEGORY_PAGE; arquitectura 04/28,El mismo artefacto ya se representa como term. SKIP = no crear una Page adicional; NO elimina el archivo ni libera la URL (preservacion en fase URLs/SEO).
page,php:operadores-para-puerta-corrediza-industrial.php,"Clasificación CATEGORY_PAGE: conservar evidencia/URL; definir dueño sin duplicar producto, archivo o Page.",R07_SOURCE_OWNERSHIP_UNDEFINED,CONFIRMED,SKIP,R-G01,MEDIUM,,content-master.csv:operadores-para-puerta-corrediza-industrial.php classification=CATEGORY_PAGE; arquitectura 04/28,El mismo artefacto ya se representa como term. SKIP = no crear una Page adicional; NO elimina el archivo ni libera la URL (preservacion en fase URLs/SEO).
page,php:operadores-para-puertas-ascendentes.php,"Clasificación CATEGORY_PAGE: conservar evidencia/URL; definir dueño sin duplicar producto, archivo o Page.",R07_SOURCE_OWNERSHIP_UNDEFINED,CONFIRMED,SKIP,R-G01,MEDIUM,,content-master.csv:operadores-para-puertas-ascendentes.php classification=CATEGORY_PAGE; arquitectura 04/28,El mismo artefacto ya se representa como term. SKIP = no crear una Page adicional; NO elimina el archivo ni libera la URL (preservacion en fase URLs/SEO).
page,php:operadores-para-puertas-corredizas-residenciales.php,"Clasificación CATEGORY_PAGE: conservar evidencia/URL; definir dueño sin duplicar producto, archivo o Page.",R07_SOURCE_OWNERSHIP_UNDEFINED,CONFIRMED,SKIP,R-G01,MEDIUM,,content-master.csv:operadores-para-puertas-corredizas-residenciales.php classification=CATEGORY_PAGE; arquitectura 04/28,El mismo artefacto ya se representa como term. SKIP = no crear una Page adicional; NO elimina el archivo ni libera la URL (preservacion en fase URLs/SEO).
page,php:operadores-para-puertas-de-mostrador-cdo.php,"Clasificación PRODUCT_PAGE: conservar evidencia/URL; definir dueño sin duplicar producto, archivo o Page.",R07_SOURCE_OWNERSHIP_UNDEFINED,CONFIRMED,SKIP,R-G01,MEDIUM,,content-master.csv:operadores-para-puertas-de-mostrador-cdo.php classification=PRODUCT_PAGE; arquitectura 04/28,El mismo artefacto ya se representa como product. SKIP = no crear una Page adicional; NO elimina el archivo ni libera la URL (preservacion en fase URLs/SEO).
page,php:operadores-puerta-abatible-industrial.php,"Clasificación CATEGORY_PAGE: conservar evidencia/URL; definir dueño sin duplicar producto, archivo o Page.",R07_SOURCE_OWNERSHIP_UNDEFINED,CONFIRMED,SKIP,R-G01,MEDIUM,,content-master.csv:operadores-puerta-abatible-industrial.php classification=CATEGORY_PAGE; arquitectura 04/28,El mismo artefacto ya se representa como term. SKIP = no crear una Page adicional; NO elimina el archivo ni libera la URL (preservacion en fase URLs/SEO).
page,php:operadores-puerta-abatible.php,"Clasificación SEO_LANDING: conservar evidencia/URL; definir dueño sin duplicar producto, archivo o Page.",R01_AUTHORIZATION_ONLY,STRONG,MIGRATE,R-G02,MEDIUM,,content-master.csv:operadores-puerta-abatible.php classification=SEO_LANDING preserve_url=YES,Contenido editorial propio sin otro propietario posible. Destino Page en draft; no publicar.
page,php:operadores-puerta-corrediza-residencial.php,"Clasificación SEO_LANDING: conservar evidencia/URL; definir dueño sin duplicar producto, archivo o Page.",R01_AUTHORIZATION_ONLY,STRONG,MIGRATE,R-G02,MEDIUM,,content-master.csv:operadores-puerta-corrediza-residencial.php classification=SEO_LANDING preserve_url=YES,Contenido editorial propio sin otro propietario posible. Destino Page en draft; no publicar.
page,php:operadores-puertas-ascendentes.php,"Clasificación SEO_LANDING: conservar evidencia/URL; definir dueño sin duplicar producto, archivo o Page.",R01_AUTHORIZATION_ONLY,STRONG,MIGRATE,R-G02,MEDIUM,,content-master.csv:operadores-puertas-ascendentes.php classification=SEO_LANDING preserve_url=YES,Contenido editorial propio sin otro propietario posible. Destino Page en draft; no publicar.
page,php:operadores-puertas-seccionales-cortinas.php,"Clasificación CATEGORY_PAGE: conservar evidencia/URL; definir dueño sin duplicar producto, archivo o Page.",R07_SOURCE_OWNERSHIP_UNDEFINED,CONFIRMED,SKIP,R-G01,MEDIUM,,content-master.csv:operadores-puertas-seccionales-cortinas.php classification=CATEGORY_PAGE; arquitectura 04/28,El mismo artefacto ya se representa como term. SKIP = no crear una Page adicional; NO elimina el archivo ni libera la URL (preservacion en fase URLs/SEO).
page,php:overhead-door.php,"Clasificación BRAND_PAGE: conservar evidencia/URL; definir dueño sin duplicar producto, archivo o Page.",R07_SOURCE_OWNERSHIP_UNDEFINED,CONFIRMED,SKIP,R-G01,MEDIUM,,content-master.csv:overhead-door.php classification=BRAND_PAGE; arquitectura 04/28,El mismo artefacto ya se representa como term. SKIP = no crear una Page adicional; NO elimina el archivo ni libera la URL (preservacion en fase URLs/SEO).
page,php:p45-7-piston-hidraulico-para-puerta-abatible.php,"Clasificación PRODUCT_PAGE: conservar evidencia/URL; definir dueño sin duplicar producto, archivo o Page.",R07_SOURCE_OWNERSHIP_UNDEFINED,CONFIRMED,SKIP,R-G01,MEDIUM,,content-master.csv:p45-7-piston-hidraulico-para-puerta-abatible.php classification=PRODUCT_PAGE; arquitectura 04/28,El mismo artefacto ya se representa como product. SKIP = no crear una Page adicional; NO elimina el archivo ni libera la URL (preservacion en fase URLs/SEO).
page,php:pas-sensores-volumetricos.php,"Clasificación PRODUCT_PAGE: conservar evidencia/URL; definir dueño sin duplicar producto, archivo o Page.",R07_SOURCE_OWNERSHIP_UNDEFINED,CONFIRMED,SKIP,R-G01,MEDIUM,,content-master.csv:pas-sensores-volumetricos.php classification=PRODUCT_PAGE; arquitectura 04/28,El mismo artefacto ya se representa como static_product. SKIP = no crear una Page adicional; NO elimina el archivo ni libera la URL (preservacion en fase URLs/SEO).
page,php:phobos-n-piston-electromecanico.php,"Clasificación PRODUCT_PAGE: conservar evidencia/URL; definir dueño sin duplicar producto, archivo o Page.",R07_SOURCE_OWNERSHIP_UNDEFINED,CONFIRMED,SKIP,R-G01,MEDIUM,,content-master.csv:phobos-n-piston-electromecanico.php classification=PRODUCT_PAGE; arquitectura 04/28,El mismo artefacto ya se representa como product. SKIP = no crear una Page adicional; NO elimina el archivo ni libera la URL (preservacion en fase URLs/SEO).
page,php:politica-privacidad.php,"Clasificación INSTITUTIONAL_PAGE: conservar evidencia/URL; definir dueño sin duplicar producto, archivo o Page.",R01_AUTHORIZATION_ONLY,STRONG,MIGRATE,R-G02,LOW,,content-master.csv:politica-privacidad.php classification=INSTITUTIONAL_PAGE preserve_url=YES,Contenido editorial propio sin otro propietario posible. Destino Page en draft; no publicar.
page,php:predadoor-nxt-door.php,"Clasificación PRODUCT_PAGE: conservar evidencia/URL; definir dueño sin duplicar producto, archivo o Page.",R07_SOURCE_OWNERSHIP_UNDEFINED,CONFIRMED,SKIP,R-G01,MEDIUM,,content-master.csv:predadoor-nxt-door.php classification=PRODUCT_PAGE; arquitectura 04/28,El mismo artefacto ya se representa como product. SKIP = no crear una Page adicional; NO elimina el archivo ni libera la URL (preservacion en fase URLs/SEO).
page,php:productos.php,"Clasificación UTILITY: conservar evidencia/URL; definir dueño sin duplicar producto, archivo o Page.",R07_SOURCE_OWNERSHIP_UNDEFINED,MODERATE,KEEP_REVIEW,R-G03,MEDIUM,D12,content-master.csv:productos.php classification=UTILITY,"Pagina utilitaria: decidir si su funcion se reimplementa, se descarta o se conserva."
page,php:puert-seccional-de-acero-sin-aislamiento-430-uso-medio.php,"Clasificación PRODUCT_PAGE: conservar evidencia/URL; definir dueño sin duplicar producto, archivo o Page.",R07_SOURCE_OWNERSHIP_UNDEFINED,CONFIRMED,SKIP,R-G01,MEDIUM,,content-master.csv:puert-seccional-de-acero-sin-aislamiento-430-uso-medio.php classification=PRODUCT_PAGE; arquitectura 04/28,El mismo artefacto ya se representa como product. SKIP = no crear una Page adicional; NO elimina el archivo ni libera la URL (preservacion en fase URLs/SEO).
page,php:puerta-contra-explosion.php,"Clasificación PRODUCT_PAGE: conservar evidencia/URL; definir dueño sin duplicar producto, archivo o Page.",R07_SOURCE_OWNERSHIP_UNDEFINED,CONFIRMED,SKIP,R-G01,MEDIUM,,content-master.csv:puerta-contra-explosion.php classification=PRODUCT_PAGE; arquitectura 04/28,El mismo artefacto ya se representa como product. SKIP = no crear una Page adicional; NO elimina el archivo ni libera la URL (preservacion en fase URLs/SEO).
page,php:puerta-contra-incendio.php,"Clasificación CATEGORY_PAGE: conservar evidencia/URL; definir dueño sin duplicar producto, archivo o Page.",R07_SOURCE_OWNERSHIP_UNDEFINED,CONFIRMED,SKIP,R-G01,MEDIUM,,content-master.csv:puerta-contra-incendio.php classification=CATEGORY_PAGE; arquitectura 04/28,El mismo artefacto ya se representa como term. SKIP = no crear una Page adicional; NO elimina el archivo ni libera la URL (preservacion en fase URLs/SEO).
page,php:puerta-de-acero-acanalado-modelos-524.php,"Clasificación PRODUCT_PAGE: conservar evidencia/URL; definir dueño sin duplicar producto, archivo o Page.",R07_SOURCE_OWNERSHIP_UNDEFINED,CONFIRMED,SKIP,R-G01,MEDIUM,,content-master.csv:puerta-de-acero-acanalado-modelos-524.php classification=PRODUCT_PAGE; arquitectura 04/28,El mismo artefacto ya se representa como product. SKIP = no crear una Page adicional; NO elimina el archivo ni libera la URL (preservacion en fase URLs/SEO).
page,php:puerta-de-acero-acanalado.php,"Clasificación PRODUCT_PAGE: conservar evidencia/URL; definir dueño sin duplicar producto, archivo o Page.",R07_SOURCE_OWNERSHIP_UNDEFINED,CONFIRMED,SKIP,R-G01,MEDIUM,,content-master.csv:puerta-de-acero-acanalado.php classification=PRODUCT_PAGE; arquitectura 04/28,El mismo artefacto ya se representa como product. SKIP = no crear una Page adicional; NO elimina el archivo ni libera la URL (preservacion en fase URLs/SEO).
page,php:puerta-estandar-reforzada.php,"Clasificación PRODUCT_PAGE: conservar evidencia/URL; definir dueño sin duplicar producto, archivo o Page.",R07_SOURCE_OWNERSHIP_UNDEFINED,CONFIRMED,SKIP,R-G01,MEDIUM,,content-master.csv:puerta-estandar-reforzada.php classification=PRODUCT_PAGE; arquitectura 04/28,El mismo artefacto ya se representa como product. SKIP = no crear una Page adicional; NO elimina el archivo ni libera la URL (preservacion en fase URLs/SEO).
page,php:puerta-estandar.php,"Clasificación PRODUCT_PAGE: conservar evidencia/URL; definir dueño sin duplicar producto, archivo o Page.",R07_SOURCE_OWNERSHIP_UNDEFINED,CONFIRMED,SKIP,R-G01,MEDIUM,,content-master.csv:puerta-estandar.php classification=PRODUCT_PAGE; arquitectura 04/28,El mismo artefacto ya se representa como product. SKIP = no crear una Page adicional; NO elimina el archivo ni libera la URL (preservacion en fase URLs/SEO).
page,php:puerta-holandesa.php,"Clasificación PRODUCT_PAGE: conservar evidencia/URL; definir dueño sin duplicar producto, archivo o Page.",R07_SOURCE_OWNERSHIP_UNDEFINED,CONFIRMED,SKIP,R-G01,MEDIUM,,content-master.csv:puerta-holandesa.php classification=PRODUCT_PAGE; arquitectura 04/28,El mismo artefacto ya se representa como product. SKIP = no crear una Page adicional; NO elimina el archivo ni libera la URL (preservacion en fase URLs/SEO).
page,php:puerta-para-hospital.php,"Clasificación PRODUCT_PAGE: conservar evidencia/URL; definir dueño sin duplicar producto, archivo o Page.",R07_SOURCE_OWNERSHIP_UNDEFINED,CONFIRMED,SKIP,R-G01,MEDIUM,,content-master.csv:puerta-para-hospital.php classification=PRODUCT_PAGE; arquitectura 04/28,El mismo artefacto ya se representa como product. SKIP = no crear una Page adicional; NO elimina el archivo ni libera la URL (preservacion en fase URLs/SEO).
page,php:puerta-seccionabl-acero-perfiles-422-uso-pesado.php,"Clasificación PRODUCT_PAGE: conservar evidencia/URL; definir dueño sin duplicar producto, archivo o Page.",R07_SOURCE_OWNERSHIP_UNDEFINED,CONFIRMED,SKIP,R-G01,MEDIUM,,content-master.csv:puerta-seccionabl-acero-perfiles-422-uso-pesado.php classification=PRODUCT_PAGE; arquitectura 04/28,El mismo artefacto ya se representa como product. SKIP = no crear una Page adicional; NO elimina el archivo ni libera la URL (preservacion en fase URLs/SEO).
page,php:puerta-seccional-de-acero-perfiles-418.php,"Clasificación PRODUCT_PAGE: conservar evidencia/URL; definir dueño sin duplicar producto, archivo o Page.",R07_SOURCE_OWNERSHIP_UNDEFINED,CONFIRMED,SKIP,R-G01,MEDIUM,,content-master.csv:puerta-seccional-de-acero-perfiles-418.php classification=PRODUCT_PAGE; arquitectura 04/28,El mismo artefacto ya se representa como product. SKIP = no crear una Page adicional; NO elimina el archivo ni libera la URL (preservacion en fase URLs/SEO).
page,php:puerta-seccional-de-acero-perfiles-432-uso-medio.php,"Clasificación PRODUCT_PAGE: conservar evidencia/URL; definir dueño sin duplicar producto, archivo o Page.",R07_SOURCE_OWNERSHIP_UNDEFINED,CONFIRMED,SKIP,R-G01,MEDIUM,,content-master.csv:puerta-seccional-de-acero-perfiles-432-uso-medio.php classification=PRODUCT_PAGE; arquitectura 04/28,El mismo artefacto ya se representa como product. SKIP = no crear una Page adicional; NO elimina el archivo ni libera la URL (preservacion en fase URLs/SEO).
page,php:puerta-seccional-de-acero-sin-aislamiento-416-uso-muy-pesado.php,"Clasificación PRODUCT_PAGE: conservar evidencia/URL; definir dueño sin duplicar producto, archivo o Page.",R07_SOURCE_OWNERSHIP_UNDEFINED,CONFIRMED,SKIP,R-G01,MEDIUM,,content-master.csv:puerta-seccional-de-acero-sin-aislamiento-416-uso-muy-pesado.php classification=PRODUCT_PAGE; arquitectura 04/28,El mismo artefacto ya se representa como product. SKIP = no crear una Page adicional; NO elimina el archivo ni libera la URL (preservacion en fase URLs/SEO).
page,php:puerta-seccional-de-acero-sin-aislamiento-424-uso-pesado.php,"Clasificación PRODUCT_PAGE: conservar evidencia/URL; definir dueño sin duplicar producto, archivo o Page.",R07_SOURCE_OWNERSHIP_UNDEFINED,CONFIRMED,SKIP,R-G01,MEDIUM,,content-master.csv:puerta-seccional-de-acero-sin-aislamiento-424-uso-pesado.php classification=PRODUCT_PAGE; arquitectura 04/28,El mismo artefacto ya se representa como product. SKIP = no crear una Page adicional; NO elimina el archivo ni libera la URL (preservacion en fase URLs/SEO).
page,php:puerta-seccional-de-acero-thermacore-593-uso-medio.php,"Clasificación PRODUCT_PAGE: conservar evidencia/URL; definir dueño sin duplicar producto, archivo o Page.",R07_SOURCE_OWNERSHIP_UNDEFINED,CONFIRMED,SKIP,R-G01,MEDIUM,,content-master.csv:puerta-seccional-de-acero-thermacore-593-uso-medio.php classification=PRODUCT_PAGE; arquitectura 04/28,El mismo artefacto ya se representa como product. SKIP = no crear una Page adicional; NO elimina el archivo ni libera la URL (preservacion en fase URLs/SEO).
page,php:puerta-seccional-de-acero-thermacore-594-uso-medio.php,"Clasificación PRODUCT_PAGE: conservar evidencia/URL; definir dueño sin duplicar producto, archivo o Page.",R07_SOURCE_OWNERSHIP_UNDEFINED,CONFIRMED,SKIP,R-G01,MEDIUM,,content-master.csv:puerta-seccional-de-acero-thermacore-594-uso-medio.php classification=PRODUCT_PAGE; arquitectura 04/28,El mismo artefacto ya se representa como product. SKIP = no crear una Page adicional; NO elimina el archivo ni libera la URL (preservacion en fase URLs/SEO).
page,php:puerta-seccional-de-acero-thermacore-595-uso-pesado.php,"Clasificación PRODUCT_PAGE: conservar evidencia/URL; definir dueño sin duplicar producto, archivo o Page.",R07_SOURCE_OWNERSHIP_UNDEFINED,CONFIRMED,SKIP,R-G01,MEDIUM,,content-master.csv:puerta-seccional-de-acero-thermacore-595-uso-pesado.php classification=PRODUCT_PAGE; arquitectura 04/28,El mismo artefacto ya se representa como static_product. SKIP = no crear una Page adicional; NO elimina el archivo ni libera la URL (preservacion en fase URLs/SEO).
page,php:puerta-seccional-de-acero-thermacore-599-uso-muy-pesado.php,"Clasificación PRODUCT_PAGE: conservar evidencia/URL; definir dueño sin duplicar producto, archivo o Page.",R07_SOURCE_OWNERSHIP_UNDEFINED,CONFIRMED,SKIP,R-G01,MEDIUM,,content-master.csv:puerta-seccional-de-acero-thermacore-599-uso-muy-pesado.php classification=PRODUCT_PAGE; arquitectura 04/28,El mismo artefacto ya se representa como product. SKIP = no crear una Page adicional; NO elimina el archivo ni libera la URL (preservacion en fase URLs/SEO).
page,php:puerta-seccional-de-acero-thermacore-serie-592.php,"Clasificación PRODUCT_PAGE: conservar evidencia/URL; definir dueño sin duplicar producto, archivo o Page.",R07_SOURCE_OWNERSHIP_UNDEFINED,CONFIRMED,SKIP,R-G01,MEDIUM,,content-master.csv:puerta-seccional-de-acero-thermacore-serie-592.php classification=PRODUCT_PAGE; arquitectura 04/28,El mismo artefacto ya se representa como product. SKIP = no crear una Page adicional; NO elimina el archivo ni libera la URL (preservacion en fase URLs/SEO).
page,php:puerta-y-fijos-louver.php,"Clasificación PRODUCT_PAGE: conservar evidencia/URL; definir dueño sin duplicar producto, archivo o Page.",R07_SOURCE_OWNERSHIP_UNDEFINED,CONFIRMED,SKIP,R-G01,MEDIUM,,content-master.csv:puerta-y-fijos-louver.php classification=PRODUCT_PAGE; arquitectura 04/28,El mismo artefacto ya se representa como product. SKIP = no crear una Page adicional; NO elimina el archivo ni libera la URL (preservacion en fase URLs/SEO).
page,php:puertas-blindadas.php,"Clasificación PRODUCT_PAGE: conservar evidencia/URL; definir dueño sin duplicar producto, archivo o Page.",R07_SOURCE_OWNERSHIP_UNDEFINED,CONFIRMED,SKIP,R-G01,MEDIUM,,content-master.csv:puertas-blindadas.php classification=PRODUCT_PAGE; arquitectura 04/28,El mismo artefacto ya se representa como product. SKIP = no crear una Page adicional; NO elimina el archivo ni libera la URL (preservacion en fase URLs/SEO).
page,php:puertas-contra-incendio.php,"Clasificación PRODUCT_PAGE: conservar evidencia/URL; definir dueño sin duplicar producto, archivo o Page.",R07_SOURCE_OWNERSHIP_UNDEFINED,CONFIRMED,SKIP,R-G01,MEDIUM,,content-master.csv:puertas-contra-incendio.php classification=PRODUCT_PAGE; arquitectura 04/28,El mismo artefacto ya se representa como product. SKIP = no crear una Page adicional; NO elimina el archivo ni libera la URL (preservacion en fase URLs/SEO).
page,php:puertas-contra-rayos-x.php,"Clasificación PRODUCT_PAGE: conservar evidencia/URL; definir dueño sin duplicar producto, archivo o Page.",R07_SOURCE_OWNERSHIP_UNDEFINED,CONFIRMED,SKIP,R-G01,MEDIUM,,content-master.csv:puertas-contra-rayos-x.php classification=PRODUCT_PAGE; arquitectura 04/28,El mismo artefacto ya se representa como product. SKIP = no crear una Page adicional; NO elimina el archivo ni libera la URL (preservacion en fase URLs/SEO).
page,php:puertas-de-garaje-aisladas.php,"Clasificación SEO_LANDING: conservar evidencia/URL; definir dueño sin duplicar producto, archivo o Page.",R01_AUTHORIZATION_ONLY,STRONG,MIGRATE,R-G02,MEDIUM,,content-master.csv:puertas-de-garaje-aisladas.php classification=SEO_LANDING preserve_url=YES,Contenido editorial propio sin otro propietario posible. Destino Page en draft; no publicar.
page,php:puertas-enrollables-de-garage.php,"Clasificación SEO_LANDING: conservar evidencia/URL; definir dueño sin duplicar producto, archivo o Page.",R01_AUTHORIZATION_ONLY,STRONG,MIGRATE,R-G02,MEDIUM,,content-master.csv:puertas-enrollables-de-garage.php classification=SEO_LANDING preserve_url=YES,Contenido editorial propio sin otro propietario posible. Destino Page en draft; no publicar.
page,php:puertas-industriales-dockman.php,"Clasificación PRODUCT_PAGE: conservar evidencia/URL; definir dueño sin duplicar producto, archivo o Page.",R07_SOURCE_OWNERSHIP_UNDEFINED,CONFIRMED,SKIP,R-G01,MEDIUM,,content-master.csv:puertas-industriales-dockman.php classification=PRODUCT_PAGE; arquitectura 04/28,El mismo artefacto ya se representa como product. SKIP = no crear una Page adicional; NO elimina el archivo ni libera la URL (preservacion en fase URLs/SEO).
page,php:puertas-peatonales-estandar-y-reforzada.php,"Clasificación CATEGORY_PAGE: conservar evidencia/URL; definir dueño sin duplicar producto, archivo o Page.",R07_SOURCE_OWNERSHIP_UNDEFINED,CONFIRMED,SKIP,R-G01,MEDIUM,,content-master.csv:puertas-peatonales-estandar-y-reforzada.php classification=CATEGORY_PAGE; arquitectura 04/28,El mismo artefacto ya se representa como term. SKIP = no crear una Page adicional; NO elimina el archivo ni libera la URL (preservacion en fase URLs/SEO).
page,php:puertas-peatonales-hospitales.php,"Clasificación CATEGORY_PAGE: conservar evidencia/URL; definir dueño sin duplicar producto, archivo o Page.",R07_SOURCE_OWNERSHIP_UNDEFINED,CONFIRMED,SKIP,R-G01,MEDIUM,,content-master.csv:puertas-peatonales-hospitales.php classification=CATEGORY_PAGE; arquitectura 04/28,El mismo artefacto ya se representa como term. SKIP = no crear una Page adicional; NO elimina el archivo ni libera la URL (preservacion en fase URLs/SEO).
page,php:puertas-peatonales-rayos-x.php,"Clasificación CATEGORY_PAGE: conservar evidencia/URL; definir dueño sin duplicar producto, archivo o Page.",R07_SOURCE_OWNERSHIP_UNDEFINED,CONFIRMED,SKIP,R-G01,MEDIUM,,content-master.csv:puertas-peatonales-rayos-x.php classification=CATEGORY_PAGE; arquitectura 04/28,El mismo artefacto ya se representa como term. SKIP = no crear una Page adicional; NO elimina el archivo ni libera la URL (preservacion en fase URLs/SEO).
page,php:puertas-peatonales-tipo-holandesa.php,"Clasificación CATEGORY_PAGE: conservar evidencia/URL; definir dueño sin duplicar producto, archivo o Page.",R07_SOURCE_OWNERSHIP_UNDEFINED,CONFIRMED,SKIP,R-G01,MEDIUM,,content-master.csv:puertas-peatonales-tipo-holandesa.php classification=CATEGORY_PAGE; arquitectura 04/28,El mismo artefacto ya se representa como term. SKIP = no crear una Page adicional; NO elimina el archivo ni libera la URL (preservacion en fase URLs/SEO).
page,php:puertas-rapidas-enrollables.php,"Clasificación SEO_LANDING: conservar evidencia/URL; definir dueño sin duplicar producto, archivo o Page.",R01_AUTHORIZATION_ONLY,STRONG,MIGRATE,R-G02,MEDIUM,,content-master.csv:puertas-rapidas-enrollables.php classification=SEO_LANDING preserve_url=YES,Contenido editorial propio sin otro propietario posible. Destino Page en draft; no publicar.
page,php:puertas-rapidas.php,"Clasificación CATEGORY_PAGE: conservar evidencia/URL; definir dueño sin duplicar producto, archivo o Page.",R07_SOURCE_OWNERSHIP_UNDEFINED,CONFIRMED,SKIP,R-G01,MEDIUM,,content-master.csv:puertas-rapidas.php classification=CATEGORY_PAGE; arquitectura 04/28,El mismo artefacto ya se representa como term. SKIP = no crear una Page adicional; NO elimina el archivo ni libera la URL (preservacion en fase URLs/SEO).
page,php:puertas-residenciales.php,"Clasificación SEO_LANDING: conservar evidencia/URL; definir dueño sin duplicar producto, archivo o Page.",R01_AUTHORIZATION_ONLY,STRONG,MIGRATE,R-G02,MEDIUM,,content-master.csv:puertas-residenciales.php classification=SEO_LANDING preserve_url=YES,Contenido editorial propio sin otro propietario posible. Destino Page en draft; no publicar.
page,php:puertas-salida-emergencia.php,"Clasificación CATEGORY_PAGE: conservar evidencia/URL; definir dueño sin duplicar producto, archivo o Page.",R07_SOURCE_OWNERSHIP_UNDEFINED,CONFIRMED,SKIP,R-G01,MEDIUM,,content-master.csv:puertas-salida-emergencia.php classification=CATEGORY_PAGE; arquitectura 04/28,El mismo artefacto ya se representa como term. SKIP = no crear una Page adicional; NO elimina el archivo ni libera la URL (preservacion en fase URLs/SEO).
page,php:puertas-seccionales-de-acero-aisladas-thermospan-modelo-150.php,"Clasificación PRODUCT_PAGE: conservar evidencia/URL; definir dueño sin duplicar producto, archivo o Page.",R07_SOURCE_OWNERSHIP_UNDEFINED,CONFIRMED,SKIP,R-G01,MEDIUM,,content-master.csv:puertas-seccionales-de-acero-aisladas-thermospan-modelo-150.php classification=PRODUCT_PAGE; arquitectura 04/28,El mismo artefacto ya se representa como product. SKIP = no crear una Page adicional; NO elimina el archivo ni libera la URL (preservacion en fase URLs/SEO).
page,php:puertas-seccionales-de-acero-aisladas-thermospan.php,"Clasificación PRODUCT_PAGE: conservar evidencia/URL; definir dueño sin duplicar producto, archivo o Page.",R07_SOURCE_OWNERSHIP_UNDEFINED,CONFIRMED,SKIP,R-G01,MEDIUM,,content-master.csv:puertas-seccionales-de-acero-aisladas-thermospan.php classification=PRODUCT_PAGE; arquitectura 04/28,El mismo artefacto ya se representa como product. SKIP = no crear una Page adicional; NO elimina el archivo ni libera la URL (preservacion en fase URLs/SEO).
page,php:puertas-seccionales-de-acero-modelo-2415.php,"Clasificación PRODUCT_PAGE: conservar evidencia/URL; definir dueño sin duplicar producto, archivo o Page.",R07_SOURCE_OWNERSHIP_UNDEFINED,CONFIRMED,SKIP,R-G01,MEDIUM,,content-master.csv:puertas-seccionales-de-acero-modelo-2415.php classification=PRODUCT_PAGE; arquitectura 04/28,El mismo artefacto ya se representa como product. SKIP = no crear una Page adicional; NO elimina el archivo ni libera la URL (preservacion en fase URLs/SEO).
page,php:puertas-seccionales-de-acero-perfiles-426.php,"Clasificación PRODUCT_PAGE: conservar evidencia/URL; definir dueño sin duplicar producto, archivo o Page.",R07_SOURCE_OWNERSHIP_UNDEFINED,CONFIRMED,SKIP,R-G01,MEDIUM,,content-master.csv:puertas-seccionales-de-acero-perfiles-426.php classification=PRODUCT_PAGE; arquitectura 04/28,El mismo artefacto ya se representa como product. SKIP = no crear una Page adicional; NO elimina el archivo ni libera la URL (preservacion en fase URLs/SEO).
page,php:puertas-seccionales-de-acero-sin-aislamiento-420-uso-pesado.php,"Clasificación PRODUCT_PAGE: conservar evidencia/URL; definir dueño sin duplicar producto, archivo o Page.",R07_SOURCE_OWNERSHIP_UNDEFINED,CONFIRMED,SKIP,R-G01,MEDIUM,,content-master.csv:puertas-seccionales-de-acero-sin-aislamiento-420-uso-pesado.php classification=PRODUCT_PAGE; arquitectura 04/28,El mismo artefacto ya se representa como product. SKIP = no crear una Page adicional; NO elimina el archivo ni libera la URL (preservacion en fase URLs/SEO).
page,php:puertas-seccionales-de-acero-thermacore-598-uso-liviano.php,"Clasificación PRODUCT_PAGE: conservar evidencia/URL; definir dueño sin duplicar producto, archivo o Page.",R07_SOURCE_OWNERSHIP_UNDEFINED,CONFIRMED,SKIP,R-G01,MEDIUM,,content-master.csv:puertas-seccionales-de-acero-thermacore-598-uso-liviano.php classification=PRODUCT_PAGE; arquitectura 04/28,El mismo artefacto ya se representa como product. SKIP = no crear una Page adicional; NO elimina el archivo ni libera la URL (preservacion en fase URLs/SEO).
page,php:puertas-seccionales-de-aluminio-521.php,"Clasificación PRODUCT_PAGE: conservar evidencia/URL; definir dueño sin duplicar producto, archivo o Page.",R07_SOURCE_OWNERSHIP_UNDEFINED,CONFIRMED,SKIP,R-G01,MEDIUM,,content-master.csv:puertas-seccionales-de-aluminio-521.php classification=PRODUCT_PAGE; arquitectura 04/28,El mismo artefacto ya se representa como product. SKIP = no crear una Page adicional; NO elimina el archivo ni libera la URL (preservacion en fase URLs/SEO).
page,php:puertas-seccionales-industriales.php,"Clasificación CATEGORY_PAGE: conservar evidencia/URL; definir dueño sin duplicar producto, archivo o Page.",R07_SOURCE_OWNERSHIP_UNDEFINED,CONFIRMED,SKIP,R-G01,MEDIUM,,content-master.csv:puertas-seccionales-industriales.php classification=CATEGORY_PAGE; arquitectura 04/28,El mismo artefacto ya se representa como term. SKIP = no crear una Page adicional; NO elimina el archivo ni libera la URL (preservacion en fase URLs/SEO).
page,php:puertas-y-fijos-louver.php,"Clasificación CATEGORY_PAGE: conservar evidencia/URL; definir dueño sin duplicar producto, archivo o Page.",R07_SOURCE_OWNERSHIP_UNDEFINED,CONFIRMED,SKIP,R-G01,MEDIUM,,content-master.csv:puertas-y-fijos-louver.php classification=CATEGORY_PAGE; arquitectura 04/28,El mismo artefacto ya se representa como term. SKIP = no crear una Page adicional; NO elimina el archivo ni libera la URL (preservacion en fase URLs/SEO).
page,php:puertasresidenciales.php,"Clasificación CATEGORY_PAGE: conservar evidencia/URL; definir dueño sin duplicar producto, archivo o Page.",R07_SOURCE_OWNERSHIP_UNDEFINED,CONFIRMED,SKIP,R-G01,MEDIUM,,content-master.csv:puertasresidenciales.php classification=CATEGORY_PAGE; arquitectura 04/28,El mismo artefacto ya se representa como term. SKIP = no crear una Page adicional; NO elimina el archivo ni libera la URL (preservacion en fase URLs/SEO).
page,php:q-silent-max-eagle-3-4-hp.php,"Clasificación PRODUCT_PAGE: conservar evidencia/URL; definir dueño sin duplicar producto, archivo o Page.",R07_SOURCE_OWNERSHIP_UNDEFINED,CONFIRMED,SKIP,R-G01,MEDIUM,,content-master.csv:q-silent-max-eagle-3-4-hp.php classification=PRODUCT_PAGE; arquitectura 04/28,El mismo artefacto ya se representa como product. SKIP = no crear una Page adicional; NO elimina el archivo ni libera la URL (preservacion en fase URLs/SEO).
page,php:qik-barreras-automaticas-de-hasta-58-m.php,"Clasificación PRODUCT_PAGE: conservar evidencia/URL; definir dueño sin duplicar producto, archivo o Page.",R07_SOURCE_OWNERSHIP_UNDEFINED,CONFIRMED,SKIP,R-G01,MEDIUM,,content-master.csv:qik-barreras-automaticas-de-hasta-58-m.php classification=PRODUCT_PAGE; arquitectura 04/28,El mismo artefacto ya se representa como static_product. SKIP = no crear una Page adicional; NO elimina el archivo ni libera la URL (preservacion en fase URLs/SEO).
page,php:rampa-niveladora-mecanica-blue-giant.php,"Clasificación PRODUCT_PAGE: conservar evidencia/URL; definir dueño sin duplicar producto, archivo o Page.",R07_SOURCE_OWNERSHIP_UNDEFINED,CONFIRMED,SKIP,R-G01,MEDIUM,,content-master.csv:rampa-niveladora-mecanica-blue-giant.php classification=PRODUCT_PAGE; arquitectura 04/28,El mismo artefacto ya se representa como product. SKIP = no crear una Page adicional; NO elimina el archivo ni libera la URL (preservacion en fase URLs/SEO).
page,php:rampa-niveladora.php,"Clasificación CATEGORY_PAGE: conservar evidencia/URL; definir dueño sin duplicar producto, archivo o Page.",R07_SOURCE_OWNERSHIP_UNDEFINED,CONFIRMED,SKIP,R-G01,MEDIUM,,content-master.csv:rampa-niveladora.php classification=CATEGORY_PAGE; arquitectura 04/28,El mismo artefacto ya se representa como term. SKIP = no crear una Page adicional; NO elimina el archivo ni libera la URL (preservacion en fase URLs/SEO).
page,php:rampas-de-anden-hidraulicas-kelley.php,"Clasificación PRODUCT_PAGE: conservar evidencia/URL; definir dueño sin duplicar producto, archivo o Page.",R07_SOURCE_OWNERSHIP_UNDEFINED,CONFIRMED,SKIP,R-G01,MEDIUM,,content-master.csv:rampas-de-anden-hidraulicas-kelley.php classification=PRODUCT_PAGE; arquitectura 04/28,El mismo artefacto ya se representa como product. SKIP = no crear una Page adicional; NO elimina el archivo ni libera la URL (preservacion en fase URLs/SEO).
page,php:rampas-de-anden-hidraulicas.php,"Clasificación PRODUCT_PAGE: conservar evidencia/URL; definir dueño sin duplicar producto, archivo o Page.",R07_SOURCE_OWNERSHIP_UNDEFINED,CONFIRMED,SKIP,R-G01,MEDIUM,,content-master.csv:rampas-de-anden-hidraulicas.php classification=PRODUCT_PAGE; arquitectura 04/28,El mismo artefacto ya se representa como product. SKIP = no crear una Page adicional; NO elimina el archivo ni libera la URL (preservacion en fase URLs/SEO).
page,php:rampas-de-anden-mecanicas.php,"Clasificación PRODUCT_PAGE: conservar evidencia/URL; definir dueño sin duplicar producto, archivo o Page.",R07_SOURCE_OWNERSHIP_UNDEFINED,CONFIRMED,SKIP,R-G01,MEDIUM,,content-master.csv:rampas-de-anden-mecanicas.php classification=PRODUCT_PAGE; arquitectura 04/28,El mismo artefacto ya se representa como product. SKIP = no crear una Page adicional; NO elimina el archivo ni libera la URL (preservacion en fase URLs/SEO).
page,php:rapida-apilable.php,"Clasificación PRODUCT_PAGE: conservar evidencia/URL; definir dueño sin duplicar producto, archivo o Page.",R07_SOURCE_OWNERSHIP_UNDEFINED,CONFIRMED,SKIP,R-G01,MEDIUM,,content-master.csv:rapida-apilable.php classification=PRODUCT_PAGE; arquitectura 04/28,El mismo artefacto ya se representa como product. SKIP = no crear una Page adicional; NO elimina el archivo ni libera la URL (preservacion en fase URLs/SEO).
page,php:rapida-enrollable-industrial.php,"Clasificación PRODUCT_PAGE: conservar evidencia/URL; definir dueño sin duplicar producto, archivo o Page.",R07_SOURCE_OWNERSHIP_UNDEFINED,CONFIRMED,SKIP,R-G01,MEDIUM,,content-master.csv:rapida-enrollable-industrial.php classification=PRODUCT_PAGE; arquitectura 04/28,El mismo artefacto ya se representa como product. SKIP = no crear una Page adicional; NO elimina el archivo ni libera la URL (preservacion en fase URLs/SEO).
page,php:receptor-para-control-vehiculos.php,"Clasificación CATEGORY_PAGE: conservar evidencia/URL; definir dueño sin duplicar producto, archivo o Page.",R07_SOURCE_OWNERSHIP_UNDEFINED,CONFIRMED,SKIP,R-G01,MEDIUM,,content-master.csv:receptor-para-control-vehiculos.php classification=CATEGORY_PAGE; arquitectura 04/28,El mismo artefacto ya se representa como term. SKIP = no crear una Page adicional; NO elimina el archivo ni libera la URL (preservacion en fase URLs/SEO).
page,php:residencial.php,"Clasificación CATEGORY_PAGE: conservar evidencia/URL; definir dueño sin duplicar producto, archivo o Page.",R07_SOURCE_OWNERSHIP_UNDEFINED,CONFIRMED,SKIP,R-G01,MEDIUM,,content-master.csv:residencial.php classification=CATEGORY_PAGE; arquitectura 04/28,El mismo artefacto ya se representa como term. SKIP = no crear una Page adicional; NO elimina el archivo ni libera la URL (preservacion en fase URLs/SEO).
page,php:retenedor-de-vehiculos.php,"Clasificación PRODUCT_PAGE: conservar evidencia/URL; definir dueño sin duplicar producto, archivo o Page.",R07_SOURCE_OWNERSHIP_UNDEFINED,CONFIRMED,SKIP,R-G01,MEDIUM,,content-master.csv:retenedor-de-vehiculos.php classification=PRODUCT_PAGE; arquitectura 04/28,El mismo artefacto ya se representa como product. SKIP = no crear una Page adicional; NO elimina el archivo ni libera la URL (preservacion en fase URLs/SEO).
page,php:retenedor-vehiculos-hvr303.php,"Clasificación PRODUCT_PAGE: conservar evidencia/URL; definir dueño sin duplicar producto, archivo o Page.",R07_SOURCE_OWNERSHIP_UNDEFINED,CONFIRMED,SKIP,R-G01,MEDIUM,,content-master.csv:retenedor-vehiculos-hvr303.php classification=PRODUCT_PAGE; arquitectura 04/28,El mismo artefacto ya se representa como product. SKIP = no crear una Page adicional; NO elimina el archivo ni libera la URL (preservacion en fase URLs/SEO).
page,php:retenedores-de-vehiculos-automatico.php,"Clasificación PRODUCT_PAGE: conservar evidencia/URL; definir dueño sin duplicar producto, archivo o Page.",R07_SOURCE_OWNERSHIP_UNDEFINED,CONFIRMED,SKIP,R-G01,MEDIUM,,content-master.csv:retenedores-de-vehiculos-automatico.php classification=PRODUCT_PAGE; arquitectura 04/28,El mismo artefacto ya se representa como static_product. SKIP = no crear una Page adicional; NO elimina el archivo ni libera la URL (preservacion en fase URLs/SEO).
page,php:retenedores-de-vehiculos.php,"Clasificación CATEGORY_PAGE: conservar evidencia/URL; definir dueño sin duplicar producto, archivo o Page.",R07_SOURCE_OWNERSHIP_UNDEFINED,CONFIRMED,SKIP,R-G01,MEDIUM,,content-master.csv:retenedores-de-vehiculos.php classification=CATEGORY_PAGE; arquitectura 04/28,El mismo artefacto ya se representa como term. SKIP = no crear una Page adicional; NO elimina el archivo ni libera la URL (preservacion en fase URLs/SEO).
page,php:rolli-zip.php,"Clasificación PRODUCT_PAGE: conservar evidencia/URL; definir dueño sin duplicar producto, archivo o Page.",R07_SOURCE_OWNERSHIP_UNDEFINED,CONFIRMED,SKIP,R-G01,MEDIUM,,content-master.csv:rolli-zip.php classification=PRODUCT_PAGE; arquitectura 04/28,El mismo artefacto ya se representa como product. SKIP = no crear una Page adicional; NO elimina el archivo ni libera la URL (preservacion en fase URLs/SEO).
page,php:rytec.php,"Clasificación BRAND_PAGE: conservar evidencia/URL; definir dueño sin duplicar producto, archivo o Page.",R07_SOURCE_OWNERSHIP_UNDEFINED,CONFIRMED,SKIP,R-G01,MEDIUM,,content-master.csv:rytec.php classification=BRAND_PAGE; arquitectura 04/28,El mismo artefacto ya se representa como term. SKIP = no crear una Page adicional; NO elimina el archivo ni libera la URL (preservacion en fase URLs/SEO).
page,php:sector-puertas-rapidas-enrollables-de-sectores-intercambiables-y-contrapesos.php,"Clasificación PRODUCT_PAGE: conservar evidencia/URL; definir dueño sin duplicar producto, archivo o Page.",R07_SOURCE_OWNERSHIP_UNDEFINED,CONFIRMED,SKIP,R-G01,MEDIUM,,content-master.csv:sector-puertas-rapidas-enrollables-de-sectores-intercambiables-y-contrapesos.php classification=PRODUCT_PAGE; arquitectura 04/28,El mismo artefacto ya se representa como static_product. SKIP = no crear una Page adicional; NO elimina el archivo ni libera la URL (preservacion en fase URLs/SEO).
page,php:sector-reset.php,"Clasificación PRODUCT_PAGE: conservar evidencia/URL; definir dueño sin duplicar producto, archivo o Page.",R07_SOURCE_OWNERSHIP_UNDEFINED,CONFIRMED,SKIP,R-G01,MEDIUM,,content-master.csv:sector-reset.php classification=PRODUCT_PAGE; arquitectura 04/28,El mismo artefacto ya se representa como static_product. SKIP = no crear una Page adicional; NO elimina el archivo ni libera la URL (preservacion en fase URLs/SEO).
page,php:sellos-de-anden.php,"Clasificación PRODUCT_PAGE: conservar evidencia/URL; definir dueño sin duplicar producto, archivo o Page.",R07_SOURCE_OWNERSHIP_UNDEFINED,CONFIRMED,SKIP,R-G01,MEDIUM,,content-master.csv:sellos-de-anden.php classification=PRODUCT_PAGE; arquitectura 04/28,El mismo artefacto ya se representa como product. SKIP = no crear una Page adicional; NO elimina el archivo ni libera la URL (preservacion en fase URLs/SEO).
page,php:sellos-nacionales.php,"Clasificación PRODUCT_PAGE: conservar evidencia/URL; definir dueño sin duplicar producto, archivo o Page.",R07_SOURCE_OWNERSHIP_UNDEFINED,CONFIRMED,SKIP,R-G01,MEDIUM,,content-master.csv:sellos-nacionales.php classification=PRODUCT_PAGE; arquitectura 04/28,El mismo artefacto ya se representa como product. SKIP = no crear una Page adicional; NO elimina el archivo ni libera la URL (preservacion en fase URLs/SEO).
page,php:sellos-para-anden-shelter-de-soporte-flexible.php,"Clasificación PRODUCT_PAGE: conservar evidencia/URL; definir dueño sin duplicar producto, archivo o Page.",R07_SOURCE_OWNERSHIP_UNDEFINED,CONFIRMED,SKIP,R-G01,MEDIUM,,content-master.csv:sellos-para-anden-shelter-de-soporte-flexible.php classification=PRODUCT_PAGE; arquitectura 04/28,El mismo artefacto ya se representa como product. SKIP = no crear una Page adicional; NO elimina el archivo ni libera la URL (preservacion en fase URLs/SEO).
page,php:sellos-para-anden.php,"Clasificación CATEGORY_PAGE: conservar evidencia/URL; definir dueño sin duplicar producto, archivo o Page.",R07_SOURCE_OWNERSHIP_UNDEFINED,CONFIRMED,SKIP,R-G01,MEDIUM,,content-master.csv:sellos-para-anden.php classification=CATEGORY_PAGE; arquitectura 04/28,El mismo artefacto ya se representa como term. SKIP = no crear una Page adicional; NO elimina el archivo ni libera la URL (preservacion en fase URLs/SEO).
page,php:semaforos-senalizaciones-para-anden.php,"Clasificación CATEGORY_PAGE: conservar evidencia/URL; definir dueño sin duplicar producto, archivo o Page.",R07_SOURCE_OWNERSHIP_UNDEFINED,CONFIRMED,SKIP,R-G01,MEDIUM,,content-master.csv:semaforos-senalizaciones-para-anden.php classification=CATEGORY_PAGE; arquitectura 04/28,El mismo artefacto ya se representa como term. SKIP = no crear una Page adicional; NO elimina el archivo ni libera la URL (preservacion en fase URLs/SEO).
page,php:serie-620.php,"Clasificación PRODUCT_PAGE: conservar evidencia/URL; definir dueño sin duplicar producto, archivo o Page.",R07_SOURCE_OWNERSHIP_UNDEFINED,CONFIRMED,SKIP,R-G01,MEDIUM,,content-master.csv:serie-620.php classification=PRODUCT_PAGE; arquitectura 04/28,El mismo artefacto ya se representa como product. SKIP = no crear una Page adicional; NO elimina el archivo ni libera la URL (preservacion en fase URLs/SEO).
page,php:serie-x130-motor-para-cortina-oculto.php,"Clasificación PRODUCT_PAGE: conservar evidencia/URL; definir dueño sin duplicar producto, archivo o Page.",R07_SOURCE_OWNERSHIP_UNDEFINED,CONFIRMED,SKIP,R-G01,MEDIUM,,content-master.csv:serie-x130-motor-para-cortina-oculto.php classification=PRODUCT_PAGE; arquitectura 04/28,El mismo artefacto ya se representa como product. SKIP = no crear una Page adicional; NO elimina el archivo ni libera la URL (preservacion en fase URLs/SEO).
page,php:sg-onixx-600.php,"Clasificación PRODUCT_PAGE: conservar evidencia/URL; definir dueño sin duplicar producto, archivo o Page.",R07_SOURCE_OWNERSHIP_UNDEFINED,CONFIRMED,SKIP,R-G01,MEDIUM,,content-master.csv:sg-onixx-600.php classification=PRODUCT_PAGE; arquitectura 04/28,El mismo artefacto ya se representa como static_product. SKIP = no crear una Page adicional; NO elimina el archivo ni libera la URL (preservacion en fase URLs/SEO).
page,php:shelter-abrigo-estacionario-blue-giant.php,"Clasificación PRODUCT_PAGE: conservar evidencia/URL; definir dueño sin duplicar producto, archivo o Page.",R07_SOURCE_OWNERSHIP_UNDEFINED,CONFIRMED,SKIP,R-G01,MEDIUM,,content-master.csv:shelter-abrigo-estacionario-blue-giant.php classification=PRODUCT_PAGE; arquitectura 04/28,El mismo artefacto ya se representa como product. SKIP = no crear una Page adicional; NO elimina el archivo ni libera la URL (preservacion en fase URLs/SEO).
page,php:smart-puertas-rapidas-enrollables-de-sectores-intercambiables-con-motor-externo.php,"Clasificación PRODUCT_PAGE: conservar evidencia/URL; definir dueño sin duplicar producto, archivo o Page.",R07_SOURCE_OWNERSHIP_UNDEFINED,CONFIRMED,SKIP,R-G01,MEDIUM,,content-master.csv:smart-puertas-rapidas-enrollables-de-sectores-intercambiables-con-motor-externo.php classification=PRODUCT_PAGE; arquitectura 04/28,El mismo artefacto ya se representa como static_product. SKIP = no crear una Page adicional; NO elimina el archivo ni libera la URL (preservacion en fase URLs/SEO).
page,php:soluciones.php,"Clasificación CATEGORY_PAGE: conservar evidencia/URL; definir dueño sin duplicar producto, archivo o Page.",R07_SOURCE_OWNERSHIP_UNDEFINED,CONFIRMED,SKIP,R-G01,MEDIUM,,content-master.csv:soluciones.php classification=CATEGORY_PAGE; arquitectura 04/28,El mismo artefacto ya se representa como term. SKIP = no crear una Page adicional; NO elimina el archivo ni libera la URL (preservacion en fase URLs/SEO).
page,php:sprint-automatizaciones-para-puertas-peatonales-pequenas-dimensiones.php,"Clasificación PRODUCT_PAGE: conservar evidencia/URL; definir dueño sin duplicar producto, archivo o Page.",R07_SOURCE_OWNERSHIP_UNDEFINED,CONFIRMED,SKIP,R-G01,MEDIUM,,content-master.csv:sprint-automatizaciones-para-puertas-peatonales-pequenas-dimensiones.php classification=PRODUCT_PAGE; arquitectura 04/28,El mismo artefacto ya se representa como static_product. SKIP = no crear una Page adicional; NO elimina el archivo ni libera la URL (preservacion en fase URLs/SEO).
page,php:star1000-receptor-comercial.php,"Clasificación PRODUCT_PAGE: conservar evidencia/URL; definir dueño sin duplicar producto, archivo o Page.",R07_SOURCE_OWNERSHIP_UNDEFINED,CONFIRMED,SKIP,R-G01,MEDIUM,,content-master.csv:star1000-receptor-comercial.php classification=PRODUCT_PAGE; arquitectura 04/28,El mismo artefacto ya se representa como static_product. SKIP = no crear una Page adicional; NO elimina el archivo ni libera la URL (preservacion en fase URLs/SEO).
page,php:star4-vehicle-restraint.php,"Clasificación PRODUCT_PAGE: conservar evidencia/URL; definir dueño sin duplicar producto, archivo o Page.",R07_SOURCE_OWNERSHIP_UNDEFINED,CONFIRMED,SKIP,R-G01,MEDIUM,,content-master.csv:star4-vehicle-restraint.php classification=PRODUCT_PAGE; arquitectura 04/28,El mismo artefacto ya se representa como product. SKIP = no crear una Page adicional; NO elimina el archivo ni libera la URL (preservacion en fase URLs/SEO).
page,php:tiras-plasticas-hawaianas.php,"Clasificación SEO_LANDING: conservar evidencia/URL; definir dueño sin duplicar producto, archivo o Page.",R01_AUTHORIZATION_ONLY,STRONG,MIGRATE,R-G02,MEDIUM,,content-master.csv:tiras-plasticas-hawaianas.php classification=SEO_LANDING preserve_url=YES,Contenido editorial propio sin otro propietario posible. Destino Page en draft; no publicar.
page,php:tiras-plasticas.php,"Clasificación CATEGORY_PAGE: conservar evidencia/URL; definir dueño sin duplicar producto, archivo o Page.",R07_SOURCE_OWNERSHIP_UNDEFINED,CONFIRMED,SKIP,R-G01,MEDIUM,,content-master.csv:tiras-plasticas.php classification=CATEGORY_PAGE; arquitectura 04/28,El mismo artefacto ya se representa como term. SKIP = no crear una Page adicional; NO elimina el archivo ni libera la URL (preservacion en fase URLs/SEO).
page,php:traffic.php,"Clasificación PRODUCT_PAGE: conservar evidencia/URL; definir dueño sin duplicar producto, archivo o Page.",R07_SOURCE_OWNERSHIP_UNDEFINED,CONFIRMED,SKIP,R-G01,MEDIUM,,content-master.csv:traffic.php classification=PRODUCT_PAGE; arquitectura 04/28,El mismo artefacto ya se representa como static_product. SKIP = no crear una Page adicional; NO elimina el archivo ni libera la URL (preservacion en fase URLs/SEO).
page,php:upper-up8e-barreras-automaticas-de-hasta-8-m.php,"Clasificación PRODUCT_PAGE: conservar evidencia/URL; definir dueño sin duplicar producto, archivo o Page.",R07_SOURCE_OWNERSHIP_UNDEFINED,CONFIRMED,SKIP,R-G01,MEDIUM,,content-master.csv:upper-up8e-barreras-automaticas-de-hasta-8-m.php classification=PRODUCT_PAGE; arquitectura 04/28,El mismo artefacto ya se representa como static_product. SKIP = no crear una Page adicional; NO elimina el archivo ni libera la URL (preservacion en fase URLs/SEO).
page,php:vertigo.php,"Clasificación PRODUCT_PAGE: conservar evidencia/URL; definir dueño sin duplicar producto, archivo o Page.",R07_SOURCE_OWNERSHIP_UNDEFINED,CONFIRMED,SKIP,R-G01,MEDIUM,,content-master.csv:vertigo.php classification=PRODUCT_PAGE; arquitectura 04/28,El mismo artefacto ya se representa como product. SKIP = no crear una Page adicional; NO elimina el archivo ni libera la URL (preservacion en fase URLs/SEO).
page,php:wayne-dalton.php,"Clasificación BRAND_PAGE: conservar evidencia/URL; definir dueño sin duplicar producto, archivo o Page.",R07_SOURCE_OWNERSHIP_UNDEFINED,CONFIRMED,SKIP,R-G01,MEDIUM,,content-master.csv:wayne-dalton.php classification=BRAND_PAGE; arquitectura 04/28,El mismo artefacto ya se representa como term. SKIP = no crear una Page adicional; NO elimina el archivo ni libera la URL (preservacion en fase URLs/SEO).
page,php:wel-aotmatizacion-de-puertas-peatonales-pequena-y-robusta.php,"Clasificación PRODUCT_PAGE: conservar evidencia/URL; definir dueño sin duplicar producto, archivo o Page.",R07_SOURCE_OWNERSHIP_UNDEFINED,CONFIRMED,SKIP,R-G01,MEDIUM,,content-master.csv:wel-aotmatizacion-de-puertas-peatonales-pequena-y-robusta.php classification=PRODUCT_PAGE; arquitectura 04/28,El mismo artefacto ya se representa como static_product. SKIP = no crear una Page adicional; NO elimina el archivo ni libera la URL (preservacion en fase URLs/SEO).
page,php:xel-5-selector-de-llave.php,"Clasificación PRODUCT_PAGE: conservar evidencia/URL; definir dueño sin duplicar producto, archivo o Page.",R07_SOURCE_OWNERSHIP_UNDEFINED,CONFIRMED,SKIP,R-G01,MEDIUM,,content-master.csv:xel-5-selector-de-llave.php classification=PRODUCT_PAGE; arquitectura 04/28,El mismo artefacto ya se representa como static_product. SKIP = no crear una Page adicional; NO elimina el archivo ni libera la URL (preservacion en fase URLs/SEO).
missing_media,missing:images/dura.jpg,Recurso no resuelto: No resolver ni renombrar automaticamente; revisar sensibilidad a mayusculas y normalizacion Unicode,R14_MISSING_RESOURCE,NONE,KEEP_REVIEW,R-X01,HIGH,D08,missing-media-references.csv: source=None,Referencia no resuelta; no sustituir ni renombrar automaticamente.
missing_media,missing:images/magic.jpg,Recurso no resuelto: No resolver ni renombrar automaticamente; revisar sensibilidad a mayusculas y normalizacion Unicode,R14_MISSING_RESOURCE,NONE,KEEP_REVIEW,R-X01,HIGH,D08,missing-media-references.csv: source=None,Referencia no resuelta; no sustituir ni renombrar automaticamente.
missing_media,missing:fichas/INFRACA-RÁPIDA-APILABLE.pdf,Recurso no resuelto: No resolver ni renombrar automaticamente; revisar sensibilidad a mayusculas y normalizacion Unicode,R14_MISSING_RESOURCE,NONE,KEEP_REVIEW,R-X01,HIGH,D08,missing-media-references.csv: source=None,Referencia no resuelta; no sustituir ni renombrar automaticamente.
missing_media,missing:fichas/FICHATECNICASELLOSSOLMMERS.pdf,Recurso no resuelto: No resolver ni renombrar automaticamente; revisar sensibilidad a mayusculas y normalizacion Unicode,R14_MISSING_RESOURCE,NONE,KEEP_REVIEW,R-X01,HIGH,D08,missing-media-references.csv: source=None,Referencia no resuelta; no sustituir ni renombrar automaticamente.
