source_type,source_key,entity_group,reason,current_evidence,dependencies,related_human_decision,question_id,notes
media,asset:fichas/Abrigo-de-anden-BG400.pdf,page:shelter-abrigo-estacionario-blue-giant.php,R09_MEDIA_OWNER_PENDING,PUBLIC_SOURCE desde 1 pagina(s) ['PRODUCT_PAGE'],page:shelter-abrigo-estacionario-blue-giant.php,H3-D02c-PAGE-OWNERSHIP,Q01,Medio referenciado por pagina cuyo propietario final no esta decidido.
media,asset:fichas/Alumina-Technical-Specifications-15.pdf,page:kronos-puertas-rapidas-de-sectores-modulares-autorreparable.php,R09_MEDIA_OWNER_PENDING,PUBLIC_SOURCE desde 1 pagina(s) ['PRODUCT_PAGE'],page:kronos-puertas-rapidas-de-sectores-modulares-autorreparable.php,H3-D02c-PAGE-OWNERSHIP,Q01,Medio referenciado por pagina cuyo propietario final no esta decidido.
media,asset:fichas/BGDSHS_Brochure_Sept2014_WEB.pdf,page:shelter-abrigo-estacionario-blue-giant.php,R09_MEDIA_OWNER_PENDING,PUBLIC_SOURCE desde 1 pagina(s) ['PRODUCT_PAGE'],page:shelter-abrigo-estacionario-blue-giant.php,H3-D02c-PAGE-OWNERSHIP,Q01,Medio referenciado por pagina cuyo propietario final no esta decidido.
media,asset:fichas/CONTRA_EXPLOSION.pdf,page:puerta-contra-explosion.php,R09_MEDIA_OWNER_PENDING,PUBLIC_SOURCE desde 1 pagina(s) ['PRODUCT_PAGE'],page:puerta-contra-explosion.php,H3-D02c-PAGE-OWNERSHIP,Q01,Medio referenciado por pagina cuyo propietario final no esta decidido.
media,asset:fichas/CORTINA-EUROPEA.pdf,page:cortina-europea.php,R09_MEDIA_OWNER_PENDING,PUBLIC_SOURCE desde 1 pagina(s) ['PRODUCT_PAGE'],page:cortina-europea.php,H3-D02c-PAGE-OWNERSHIP,Q01,Medio referenciado por pagina cuyo propietario final no esta decidido.
media,asset:fichas/CORTINA-PLANA.pdf,page:cortina-plana.php,R09_MEDIA_OWNER_PENDING,PUBLIC_SOURCE desde 1 pagina(s) ['PRODUCT_PAGE'],page:cortina-plana.php,H3-D02c-PAGE-OWNERSHIP,Q01,Medio referenciado por pagina cuyo propietario final no esta decidido.
media,asset:fichas/Fast-Seal_LIT020520_ES-2.pdf,page:fast-seal-high-performance-door.php,R09_MEDIA_OWNER_PENDING,PUBLIC_SOURCE desde 1 pagina(s) ['PRODUCT_PAGE'],page:fast-seal-high-performance-door.php,H3-D02c-PAGE-OWNERSHIP,Q01,Medio referenciado por pagina cuyo propietario final no esta decidido.
media,asset:fichas/Folleto-de-Cortina-Enrollable-Wayne-Dalton-Firestar-700-2.pdf,page:fire-rated-doors-firestar-models-700-700c.php,R09_MEDIA_OWNER_PENDING,PUBLIC_SOURCE desde 1 pagina(s) ['PRODUCT_PAGE'],page:fire-rated-doors-firestar-models-700-700c.php,H3-D02c-PAGE-OWNERSHIP,Q01,Medio referenciado por pagina cuyo propietario final no esta decidido.
media,asset:fichas/INFRACA-RAPIDA-ENROLLABLE.pdf,page:rapida-enrollable-industrial.php,R09_MEDIA_OWNER_PENDING,PUBLIC_SOURCE desde 1 pagina(s) ['PRODUCT_PAGE'],page:rapida-enrollable-industrial.php,H3-D02c-PAGE-OWNERSHIP,Q01,Medio referenciado por pagina cuyo propietario final no esta decidido.
media,asset:fichas/Kelley-Vehicle-Restraint-Brochure_web.pdf,page:star4-vehicle-restraint.php,R09_MEDIA_OWNER_PENDING,PUBLIC_SOURCE desde 1 pagina(s) ['PRODUCT_PAGE'],page:star4-vehicle-restraint.php,H3-D02c-PAGE-OWNERSHIP,Q01,Medio referenciado por pagina cuyo propietario final no esta decidido.
media,asset:fichas/Lift-Master-H-Sell-Sheet-Spanish.pdf,page:lift-master-mod-h.php,R09_MEDIA_OWNER_PENDING,PUBLIC_SOURCE desde 1 pagina(s) ['PRODUCT_PAGE'],page:lift-master-mod-h.php,H3-D02c-PAGE-OWNERSHIP,Q01,Medio referenciado por pagina cuyo propietario final no esta decidido.
media,asset:fichas/M-28R.pdf,page:energy-series-with-intellicore-37171-3-4.php,R09_MEDIA_OWNER_PENDING,PUBLIC_SOURCE desde 1 pagina(s) ['PRODUCT_PAGE'],page:energy-series-with-intellicore-37171-3-4.php,H3-D02c-PAGE-OWNERSHIP,Q01,Medio referenciado por pagina cuyo propietario final no esta decidido.
media,asset:fichas/Minidock.pdf,page:labio-de-elevacion-mecanico-dockman.php,R09_MEDIA_OWNER_PENDING,PUBLIC_SOURCE desde 1 pagina(s) ['PRODUCT_PAGE'],page:labio-de-elevacion-mecanico-dockman.php,H3-D02c-PAGE-OWNERSHIP,Q01,Medio referenciado por pagina cuyo propietario final no esta decidido.
media,asset:fichas/Operador-RHX-Folleto-comercial-para-cortina.pdf,page:operador-comercial-rhx.php,R09_MEDIA_OWNER_PENDING,PUBLIC_SOURCE desde 1 pagina(s) ['PRODUCT_PAGE'],page:operador-comercial-rhx.php,H3-D02c-PAGE-OWNERSHIP,Q01,Medio referenciado por pagina cuyo propietario final no esta decidido.
media,asset:fichas/PUERTAS-INDUSTRIALES-DOCKMAN-1.pdf,page:puertas-industriales-dockman.php,R09_MEDIA_OWNER_PENDING,PUBLIC_SOURCE desde 1 pagina(s) ['PRODUCT_PAGE'],page:puertas-industriales-dockman.php,H3-D02c-PAGE-OWNERSHIP,Q01,Medio referenciado por pagina cuyo propietario final no esta decidido.
media,asset:fichas/Predadoor_NXT_LIT020720_ES.pdf,page:predadoor-nxt-door.php,R09_MEDIA_OWNER_PENDING,PUBLIC_SOURCE desde 1 pagina(s) ['PRODUCT_PAGE'],page:predadoor-nxt-door.php,H3-D02c-PAGE-OWNERSHIP,Q01,Medio referenciado por pagina cuyo propietario final no esta decidido.
media,asset:fichas/Puerta-Blindada1.pdf,page:puertas-blindadas.php,R09_MEDIA_OWNER_PENDING,PUBLIC_SOURCE desde 1 pagina(s) ['PRODUCT_PAGE'],page:puertas-blindadas.php,H3-D02c-PAGE-OWNERSHIP,Q01,Medio referenciado por pagina cuyo propietario final no esta decidido.
media,asset:fichas/Puerta-Estandar-Reforzada-Door-Lock.pdf,page:puerta-estandar-reforzada.php,R09_MEDIA_OWNER_PENDING,PUBLIC_SOURCE desde 1 pagina(s) ['PRODUCT_PAGE'],page:puerta-estandar-reforzada.php,H3-D02c-PAGE-OWNERSHIP,Q01,Medio referenciado por pagina cuyo propietario final no esta decidido.
media,asset:fichas/Puerta-Holandesa-Door-Lock.pdf,page:puerta-holandesa.php,R09_MEDIA_OWNER_PENDING,PUBLIC_SOURCE desde 1 pagina(s) ['PRODUCT_PAGE'],page:puerta-holandesa.php,H3-D02c-PAGE-OWNERSHIP,Q01,Medio referenciado por pagina cuyo propietario final no esta decidido.
media,asset:fichas/Puerta-Rayos-X-fabricación.pdf,page:puertas-contra-rayos-x.php,R09_MEDIA_OWNER_PENDING,PUBLIC_SOURCE desde 1 pagina(s) ['PRODUCT_PAGE'],page:puertas-contra-rayos-x.php,H3-D02c-PAGE-OWNERSHIP,Q01,Medio referenciado por pagina cuyo propietario final no esta decidido.
media,asset:fichas/Puerta-Standar-Folleto.pdf,page:puerta-estandar.php,R09_MEDIA_OWNER_PENDING,PUBLIC_SOURCE desde 1 pagina(s) ['PRODUCT_PAGE'],page:puerta-estandar.php,H3-D02c-PAGE-OWNERSHIP,Q01,Medio referenciado por pagina cuyo propietario final no esta decidido.
media,asset:fichas/Puerta-Standar-Reforzada-folleto.pdf,page:puerta-estandar-reforzada.php,R09_MEDIA_OWNER_PENDING,PUBLIC_SOURCE desde 1 pagina(s) ['PRODUCT_PAGE'],page:puerta-estandar-reforzada.php,H3-D02c-PAGE-OWNERSHIP,Q01,Medio referenciado por pagina cuyo propietario final no esta decidido.
media,asset:fichas/Puerta-incendio-Door-Loock.pdf,page:puertas-contra-incendio.php,R09_MEDIA_OWNER_PENDING,PUBLIC_SOURCE desde 1 pagina(s) ['PRODUCT_PAGE'],page:puertas-contra-incendio.php,H3-D02c-PAGE-OWNERSHIP,Q01,Medio referenciado por pagina cuyo propietario final no esta decidido.
media,asset:fichas/Puerta_Estandar_Door-Lock.pdf,page:puerta-estandar.php,R09_MEDIA_OWNER_PENDING,PUBLIC_SOURCE desde 1 pagina(s) ['PRODUCT_PAGE'],page:puerta-estandar.php,H3-D02c-PAGE-OWNERSHIP,Q01,Medio referenciado por pagina cuyo propietario final no esta decidido.
media,asset:fichas/Puertas-Rayosx-folleto.pdf,page:puertas-contra-rayos-x.php,R09_MEDIA_OWNER_PENDING,PUBLIC_SOURCE desde 1 pagina(s) ['PRODUCT_PAGE'],page:puertas-contra-rayos-x.php,H3-D02c-PAGE-OWNERSHIP,Q01,Medio referenciado por pagina cuyo propietario final no esta decidido.
media,asset:fichas/Puertas-contra-incendio.pdf,page:puertas-contra-incendio.php,R09_MEDIA_OWNER_PENDING,PUBLIC_SOURCE desde 1 pagina(s) ['PRODUCT_PAGE'],page:puertas-contra-incendio.php,H3-D02c-PAGE-OWNERSHIP,Q01,Medio referenciado por pagina cuyo propietario final no esta decidido.
media,asset:fichas/RSIDENCIAL-SERIE-PREMIUM.pdf,page:coleccion-classic.php,R09_MEDIA_OWNER_PENDING,PUBLIC_SOURCE desde 1 pagina(s) ['PRODUCT_PAGE'],page:coleccion-classic.php,H3-D02c-PAGE-OWNERSHIP,Q01,Medio referenciado por pagina cuyo propietario final no esta decidido.
media,asset:fichas/Rampas-Hidraulicas.pdf,page:rampas-de-anden-hidraulicas.php,R09_MEDIA_OWNER_PENDING,PUBLIC_SOURCE desde 1 pagina(s) ['PRODUCT_PAGE'],page:rampas-de-anden-hidraulicas.php,H3-D02c-PAGE-OWNERSHIP,Q01,Medio referenciado por pagina cuyo propietario final no esta decidido.
media,asset:fichas/Rampas-mecánicas.pdf,page:rampas-de-anden-mecanicas.php,R09_MEDIA_OWNER_PENDING,PUBLIC_SOURCE desde 1 pagina(s) ['PRODUCT_PAGE'],page:rampas-de-anden-mecanicas.php,H3-D02c-PAGE-OWNERSHIP,Q01,Medio referenciado por pagina cuyo propietario final no esta decidido.
media,asset:fichas/Retenedor-de-vehiculos-automatico.pdf,page:retenedores-de-vehiculos-automatico.php,R09_MEDIA_OWNER_PENDING,PUBLIC_SOURCE desde 1 pagina(s) ['PRODUCT_PAGE'],page:retenedores-de-vehiculos-automatico.php,H3-D02c-PAGE-OWNERSHIP,Q01,Medio referenciado por pagina cuyo propietario final no esta decidido.
media,asset:fichas/Rollizip-Technical-Specifications-15.pdf,page:rolli-zip.php,R09_MEDIA_OWNER_PENDING,PUBLIC_SOURCE desde 1 pagina(s) ['PRODUCT_PAGE'],page:rolli-zip.php,H3-D02c-PAGE-OWNERSHIP,Q01,Medio referenciado por pagina cuyo propietario final no esta decidido.
media,asset:fichas/SELLOSSOLMMER.pdf,page:sellos-nacionales.php,R09_MEDIA_OWNER_PENDING,PUBLIC_SOURCE desde 1 pagina(s) ['PRODUCT_PAGE'],page:sellos-nacionales.php,H3-D02c-PAGE-OWNERSHIP,Q01,Medio referenciado por pagina cuyo propietario final no esta decidido.
media,asset:fichas/SERIE-X130.pdf,page:serie-x130-motor-para-cortina-oculto.php,R09_MEDIA_OWNER_PENDING,PUBLIC_SOURCE desde 1 pagina(s) ['PRODUCT_PAGE'],page:serie-x130-motor-para-cortina-oculto.php,H3-D02c-PAGE-OWNERSHIP,Q01,Medio referenciado por pagina cuyo propietario final no esta decidido.
media,asset:fichas/SPA_U-Series_Mechanical_Dock_Leveler.pdf,page:rampa-niveladora-mecanica-blue-giant.php,R09_MEDIA_OWNER_PENDING,PUBLIC_SOURCE desde 1 pagina(s) ['PRODUCT_PAGE'],page:rampa-niveladora-mecanica-blue-giant.php,H3-D02c-PAGE-OWNERSHIP,Q01,Medio referenciado por pagina cuyo propietario final no esta decidido.
media,asset:fichas/Sellos-de-anden-BrochureW.pdf,page:sellos-de-anden.php,R09_MEDIA_OWNER_PENDING,PUBLIC_SOURCE desde 1 pagina(s) ['PRODUCT_PAGE'],page:sellos-de-anden.php,H3-D02c-PAGE-OWNERSHIP,Q01,Medio referenciado por pagina cuyo propietario final no esta decidido.
media,asset:fichas/Ventana-blindad-y-pasa-documentos.pdf,page:puertas-blindadas.php,R09_MEDIA_OWNER_PENDING,PUBLIC_SOURCE desde 1 pagina(s) ['PRODUCT_PAGE'],page:puertas-blindadas.php,H3-D02c-PAGE-OWNERSHIP,Q01,Medio referenciado por pagina cuyo propietario final no esta decidido.
media,asset:fichas/accesorios-doorlock.pdf,page:accesorios.php,R09_MEDIA_OWNER_PENDING,PUBLIC_SOURCE desde 1 pagina(s) ['PRODUCT_PAGE'],page:accesorios.php,H3-D02c-PAGE-OWNERSHIP,Q01,Medio referenciado por pagina cuyo propietario final no esta decidido.
media,asset:fichas/cdx-commercial-operator-sellsheet.pdf,page:operadores-para-puertas-de-mostrador-cdo.php,R09_MEDIA_OWNER_PENDING,PUBLIC_SOURCE desde 1 pagina(s) ['PRODUCT_PAGE'],page:operadores-para-puertas-de-mostrador-cdo.php,H3-D02c-PAGE-OWNERSHIP,Q01,Medio referenciado por pagina cuyo propietario final no esta decidido.
media,asset:fichas/fireking-fire-door-systems-brochure.pdf,page:cortina-serie-630.php,R09_MEDIA_OWNER_PENDING,PUBLIC_SOURCE desde 1 pagina(s) ['PRODUCT_PAGE'],page:cortina-serie-630.php,H3-D02c-PAGE-OWNERSHIP,Q01,Medio referenciado por pagina cuyo propietario final no esta decidido.
media,asset:fichas/operador-cortina.pdf,page:operador-para-cortina-enrrollable-rsx.php,R09_MEDIA_OWNER_PENDING,PUBLIC_SOURCE desde 1 pagina(s) ['PRODUCT_PAGE'],page:operador-para-cortina-enrrollable-rsx.php,H3-D02c-PAGE-OWNERSHIP,Q01,Medio referenciado por pagina cuyo propietario final no esta decidido.
media,asset:fichas/pistones-electromecanicos-phobos.pdf,page:phobos-n-piston-electromecanico.php,R09_MEDIA_OWNER_PENDING,PUBLIC_SOURCE desde 1 pagina(s) ['PRODUCT_PAGE'],page:phobos-n-piston-electromecanico.php,H3-D02c-PAGE-OWNERSHIP,Q01,Medio referenciado por pagina cuyo propietario final no esta decidido.
media,asset:fichas/pistones-hidraulicos-lux.pdf,"page:icaro-smart.php,lux-2b-y-lux-gv-piston-hidraulico-para-puerta-abatible.php",R09_MEDIA_OWNER_PENDING,PUBLIC_SOURCE desde 2 pagina(s) ['PRODUCT_PAGE'],"page:icaro-smart.php,lux-2b-y-lux-gv-piston-hidraulico-para-puerta-abatible.php",H3-D02c-PAGE-OWNERSHIP,Q01,Medio referenciado por pagina cuyo propietario final no esta decidido.
media,asset:fichas/pistones-hidraulicos-p457.pdf,page:p45-7-piston-hidraulico-para-puerta-abatible.php,R09_MEDIA_OWNER_PENDING,PUBLIC_SOURCE desde 1 pagina(s) ['PRODUCT_PAGE'],page:p45-7-piston-hidraulico-para-puerta-abatible.php,H3-D02c-PAGE-OWNERSHIP,Q01,Medio referenciado por pagina cuyo propietario final no esta decidido.
media,asset:fichas/rmx-commercial-operator-brochure.pdf,page:operador-para-perfilados-comerciales-sel.php,R09_MEDIA_OWNER_PENDING,PUBLIC_SOURCE desde 1 pagina(s) ['PRODUCT_PAGE'],page:operador-para-perfilados-comerciales-sel.php,H3-D02c-PAGE-OWNERSHIP,Q01,Medio referenciado por pagina cuyo propietario final no esta decidido.
media,asset:fichas/rolling-service-doors-600-brochure.pdf,page:cortina-serie-600.php,R09_MEDIA_OWNER_PENDING,PUBLIC_SOURCE desde 1 pagina(s) ['PRODUCT_PAGE'],page:cortina-serie-600.php,H3-D02c-PAGE-OWNERSHIP,Q01,Medio referenciado por pagina cuyo propietario final no esta decidido.
media,asset:fichas/rolling-service-doors-625-brochure.pdf,page:cortina-serie-625.php,R09_MEDIA_OWNER_PENDING,PUBLIC_SOURCE desde 1 pagina(s) ['PRODUCT_PAGE'],page:cortina-serie-625.php,H3-D02c-PAGE-OWNERSHIP,Q01,Medio referenciado por pagina cuyo propietario final no esta decidido.
media,asset:fichas/rolling-sheet-doors-790-780-770-brochure.pdf,page:cortina-serie-790-cw.php,R09_MEDIA_OWNER_PENDING,PUBLIC_SOURCE desde 1 pagina(s) ['PRODUCT_PAGE'],page:cortina-serie-790-cw.php,H3-D02c-PAGE-OWNERSHIP,Q01,Medio referenciado por pagina cuyo propietario final no esta decidido.
media,asset:fichas/sectional-steel-door-2415-brochure.pdf,page:puertas-seccionales-de-acero-modelo-2415.php,R09_MEDIA_OWNER_PENDING,PUBLIC_SOURCE desde 1 pagina(s) ['PRODUCT_PAGE'],page:puertas-seccionales-de-acero-modelo-2415.php,H3-D02c-PAGE-OWNERSHIP,Q01,Medio referenciado por pagina cuyo propietario final no esta decidido.
media,asset:fichas/sectional-steel-door-model-150-brochure.pdf,"page:puertas-seccionales-de-acero-aisladas-thermospan-modelo-150.php,puertas-seccionales-de-acero-aisladas-thermospan.php",R09_MEDIA_OWNER_PENDING,PUBLIC_SOURCE desde 2 pagina(s) ['PRODUCT_PAGE'],"page:puertas-seccionales-de-acero-aisladas-thermospan-modelo-150.php,puertas-seccionales-de-acero-aisladas-thermospan.ph",H3-D02c-PAGE-OWNERSHIP,Q01,Medio referenciado por pagina cuyo propietario final no esta decidido.
media,asset:fichas/sectional-thermacore-doors-592-599-brochure.pdf,page:puerta-seccional-de-acero-thermacore-serie-592.php,R09_MEDIA_OWNER_PENDING,PUBLIC_SOURCE desde 1 pagina(s) ['PRODUCT_PAGE'],page:puerta-seccional-de-acero-thermacore-serie-592.php,H3-D02c-PAGE-OWNERSHIP,Q01,Medio referenciado por pagina cuyo propietario final no esta decidido.
media,asset:fichas/security-grilles-670-671-brochure.pdf,page:cortina-de-seguridad-670.php,R09_MEDIA_OWNER_PENDING,PUBLIC_SOURCE desde 1 pagina(s) ['PRODUCT_PAGE'],page:cortina-de-seguridad-670.php,H3-D02c-PAGE-OWNERSHIP,Q01,Medio referenciado por pagina cuyo propietario final no esta decidido.
media,asset:fichas/security-grilles-670-671-brochure1.pdf,page:cortina-de-seguridad-671.php,R09_MEDIA_OWNER_PENDING,PUBLIC_SOURCE desde 1 pagina(s) ['PRODUCT_PAGE'],page:cortina-de-seguridad-671.php,H3-D02c-PAGE-OWNERSHIP,Q01,Medio referenciado por pagina cuyo propietario final no esta decidido.
media,asset:fichas/security-grilles-681-685-brochure.pdf,page:cortinas-ventiladas-685.php,R09_MEDIA_OWNER_PENDING,PUBLIC_SOURCE desde 1 pagina(s) ['PRODUCT_PAGE'],page:cortinas-ventiladas-685.php,H3-D02c-PAGE-OWNERSHIP,Q01,Medio referenciado por pagina cuyo propietario final no esta decidido.
media,asset:images/2012-10-11_1235.png,"page:doorlock.php,puertas-contra-rayos-x.php,puertas-peatonales-hospitales.php",R09_MEDIA_OWNER_PENDING,"PUBLIC_SOURCE desde 4 pagina(s) ['BRAND_PAGE', 'CATEGORY_PAGE', 'PRODUCT_PAGE']","page:doorlock.php,puertas-contra-rayos-x.php,puertas-peatonales-hospitales.php",H3-D02c-PAGE-OWNERSHIP,Q01,Medio referenciado por pagina cuyo propietario final no esta decidido.
media,asset:images/2018-04-04_1153-300x234.png,page:rampas-de-anden-mecanicas.php,R09_MEDIA_OWNER_PENDING,PUBLIC_SOURCE desde 1 pagina(s) ['PRODUCT_PAGE'],page:rampas-de-anden-mecanicas.php,H3-D02c-PAGE-OWNERSHIP,Q01,Medio referenciado por pagina cuyo propietario final no esta decidido.
media,asset:images/2025-08-21_12h27_43.png,page:icaro-smart.php,R09_MEDIA_OWNER_PENDING,PUBLIC_SOURCE desde 1 pagina(s) ['PRODUCT_PAGE'],page:icaro-smart.php,H3-D02c-PAGE-OWNERSHIP,Q01,Medio referenciado por pagina cuyo propietario final no esta decidido.
media,asset:images/2025-08-21_16h18_34.png,page:retenedores-de-vehiculos-automatico.php,R09_MEDIA_OWNER_PENDING,PUBLIC_SOURCE desde 1 pagina(s) ['PRODUCT_PAGE'],page:retenedores-de-vehiculos-automatico.php,H3-D02c-PAGE-OWNERSHIP,Q01,Medio referenciado por pagina cuyo propietario final no esta decidido.
media,asset:images/317.jpg,page:clopay.php,R09_MEDIA_OWNER_PENDING,PUBLIC_SOURCE desde 1 pagina(s) ['BRAND_PAGE'],page:clopay.php,H3-D02c-PAGE-OWNERSHIP,Q01,Medio referenciado por pagina cuyo propietario final no esta decidido.
media,asset:images/Access-Pro.jpg,"page:operadores-para-puerta-abatible.php,operadores-para-puertas-ascendentes.php,operadores-para-puertas-corredizas-residenciales.php",R09_MEDIA_OWNER_PENDING,"PUBLIC_SOURCE desde 4 pagina(s) ['BRAND_PAGE', 'CATEGORY_PAGE']","page:operadores-para-puerta-abatible.php,operadores-para-puertas-ascendentes.php,operadores-para-puertas-corredizas-resi",H3-D02c-PAGE-OWNERSHIP,Q01,Medio referenciado por pagina cuyo propietario final no esta decidido.
media,asset:images/Cuadros_cortos_y_largos.png,page:coleccion-classic.php,R09_MEDIA_OWNER_PENDING,PUBLIC_SOURCE desde 1 pagina(s) ['PRODUCT_PAGE'],page:coleccion-classic.php,H3-D02c-PAGE-OWNERSHIP,Q01,Medio referenciado por pagina cuyo propietario final no esta decidido.
media,asset:images/Ditec-reset-imagen.jpg,page:rolli-zip.php,R09_MEDIA_OWNER_PENDING,PUBLIC_SOURCE desde 1 pagina(s) ['PRODUCT_PAGE'],page:rolli-zip.php,H3-D02c-PAGE-OWNERSHIP,Q01,Medio referenciado por pagina cuyo propietario final no esta decidido.
media,asset:images/Icaro.png,"page:bft-resp.php,bft.php,blue-giant.php",R09_MEDIA_OWNER_PENDING,"PUBLIC_SOURCE desde 7 pagina(s) ['BRAND_PAGE', 'CATEGORY_PAGE', 'PRODUCT_PAGE']","page:bft-resp.php,bft.php,blue-giant.php",H3-D02c-PAGE-OWNERSHIP,Q01,Medio referenciado por pagina cuyo propietario final no esta decidido.
media,asset:images/M_DockLeveler.png,page:rampa-niveladora-mecanica-blue-giant.php,R09_MEDIA_OWNER_PENDING,PUBLIC_SOURCE desde 1 pagina(s) ['PRODUCT_PAGE'],page:rampa-niveladora-mecanica-blue-giant.php,H3-D02c-PAGE-OWNERSHIP,Q01,Medio referenciado por pagina cuyo propietario final no esta decidido.
media,asset:images/M_DockLeveler_300px.png,"page:blue-giant.php,rampa-niveladora.php",R09_MEDIA_OWNER_PENDING,"PUBLIC_SOURCE desde 2 pagina(s) ['BRAND_PAGE', 'CATEGORY_PAGE']","page:blue-giant.php,rampa-niveladora.php",H3-D02c-PAGE-OWNERSHIP,Q01,Medio referenciado por pagina cuyo propietario final no esta decidido.
media,asset:images/PredaDoor-NXT-Door-1.jpg,page:rytec.php,R09_MEDIA_OWNER_PENDING,PUBLIC_SOURCE desde 1 pagina(s) ['BRAND_PAGE'],page:rytec.php,H3-D02c-PAGE-OWNERSHIP,Q01,Medio referenciado por pagina cuyo propietario final no esta decidido.
media,asset:images/Puerta-contra-incendio.jpg,"page:centros-comerciales.php,contra-incendio.php,doorlock.php",R09_MEDIA_OWNER_PENDING,"PUBLIC_SOURCE desde 6 pagina(s) ['BRAND_PAGE', 'CATEGORY_PAGE', 'PRODUCT_PAGE']","page:centros-comerciales.php,contra-incendio.php,doorlock.php",H3-D02c-PAGE-OWNERSHIP,Q01,Medio referenciado por pagina cuyo propietario final no esta decidido.
media,asset:images/Puerta_Standar_Reforzada.png,"page:centros-comerciales.php,doorlock.php,puerta-estandar-reforzada.php",R09_MEDIA_OWNER_PENDING,"PUBLIC_SOURCE desde 5 pagina(s) ['BRAND_PAGE', 'CATEGORY_PAGE', 'PRODUCT_PAGE']","page:centros-comerciales.php,doorlock.php,puerta-estandar-reforzada.php",H3-D02c-PAGE-OWNERSHIP,Q01,Medio referenciado por pagina cuyo propietario final no esta decidido.
media,asset:images/Rampa-mecanica-Dockman.jpg,"page:dockman.php,rampa-niveladora.php",R09_MEDIA_OWNER_PENDING,"PUBLIC_SOURCE desde 2 pagina(s) ['BRAND_PAGE', 'CATEGORY_PAGE']","page:dockman.php,rampa-niveladora.php",H3-D02c-PAGE-OWNERSHIP,Q01,Medio referenciado por pagina cuyo propietario final no esta decidido.
media,asset:images/Rolli-Zip-1.jpg,page:rolli-zip.php,R09_MEDIA_OWNER_PENDING,PUBLIC_SOURCE desde 1 pagina(s) ['PRODUCT_PAGE'],page:rolli-zip.php,H3-D02c-PAGE-OWNERSHIP,Q01,Medio referenciado por pagina cuyo propietario final no esta decidido.
media,asset:images/STRONGARMHVR303.png,page:retenedor-vehiculos-hvr303.php,R09_MEDIA_OWNER_PENDING,PUBLIC_SOURCE desde 1 pagina(s) ['PRODUCT_PAGE'],page:retenedor-vehiculos-hvr303.php,H3-D02c-PAGE-OWNERSHIP,Q01,Medio referenciado por pagina cuyo propietario final no esta decidido.
media,asset:images/Sellos-Nacionales-1.jpeg,page:sellos-nacionales.php,R09_MEDIA_OWNER_PENDING,PUBLIC_SOURCE desde 1 pagina(s) ['PRODUCT_PAGE'],page:sellos-nacionales.php,H3-D02c-PAGE-OWNERSHIP,Q01,Medio referenciado por pagina cuyo propietario final no esta decidido.
media,asset:images/Sellos-Nacionales-2.jpeg,page:sellos-nacionales.php,R09_MEDIA_OWNER_PENDING,PUBLIC_SOURCE desde 1 pagina(s) ['PRODUCT_PAGE'],page:sellos-nacionales.php,H3-D02c-PAGE-OWNERSHIP,Q01,Medio referenciado por pagina cuyo propietario final no esta decidido.
media,asset:images/Sellos-Nacionales-3.jpeg,page:sellos-nacionales.php,R09_MEDIA_OWNER_PENDING,PUBLIC_SOURCE desde 1 pagina(s) ['PRODUCT_PAGE'],page:sellos-nacionales.php,H3-D02c-PAGE-OWNERSHIP,Q01,Medio referenciado por pagina cuyo propietario final no esta decidido.
media,asset:images/Sellos-Nacionales-4.jpeg,page:sellos-nacionales.php,R09_MEDIA_OWNER_PENDING,PUBLIC_SOURCE desde 1 pagina(s) ['PRODUCT_PAGE'],page:sellos-nacionales.php,H3-D02c-PAGE-OWNERSHIP,Q01,Medio referenciado por pagina cuyo propietario final no esta decidido.
media,asset:images/Sellos-Nacionales-5.jpeg,page:sellos-nacionales.php,R09_MEDIA_OWNER_PENDING,PUBLIC_SOURCE desde 1 pagina(s) ['PRODUCT_PAGE'],page:sellos-nacionales.php,H3-D02c-PAGE-OWNERSHIP,Q01,Medio referenciado por pagina cuyo propietario final no esta decidido.
media,asset:images/Stationary-shelter.png,"page:sellos-para-anden.php,shelter-abrigo-estacionario-blue-giant.php",R09_MEDIA_OWNER_PENDING,"PUBLIC_SOURCE desde 2 pagina(s) ['CATEGORY_PAGE', 'PRODUCT_PAGE']","page:sellos-para-anden.php,shelter-abrigo-estacionario-blue-giant.php",H3-D02c-PAGE-OWNERSHIP,Q01,Medio referenciado por pagina cuyo propietario final no esta decidido.
media,asset:images/Stationary_Dock_Shelter_300px-1.jpg,page:blue-giant.php,R09_MEDIA_OWNER_PENDING,PUBLIC_SOURCE desde 1 pagina(s) ['BRAND_PAGE'],page:blue-giant.php,H3-D02c-PAGE-OWNERSHIP,Q01,Medio referenciado por pagina cuyo propietario final no esta decidido.
media,asset:images/StrongArm_HVR303_300px.jpg,page:retenedores-de-vehiculos.php,R09_MEDIA_OWNER_PENDING,PUBLIC_SOURCE desde 1 pagina(s) ['CATEGORY_PAGE'],page:retenedores-de-vehiculos.php,H3-D02c-PAGE-OWNERSHIP,Q01,Medio referenciado por pagina cuyo propietario final no esta decidido.
media,asset:images/abatible.jpg,page:residencial.php,R09_MEDIA_OWNER_PENDING,PUBLIC_SOURCE desde 1 pagina(s) ['CATEGORY_PAGE'],page:residencial.php,H3-D02c-PAGE-OWNERSHIP,Q01,Medio referenciado por pagina cuyo propietario final no esta decidido.
media,asset:images/abrigo.jpg,page:equipos-y-accesorios-para-anden-de-carga.php,R09_MEDIA_OWNER_PENDING,PUBLIC_SOURCE desde 1 pagina(s) ['CATEGORY_PAGE'],page:equipos-y-accesorios-para-anden-de-carga.php,H3-D02c-PAGE-OWNERSHIP,Q01,Medio referenciado por pagina cuyo propietario final no esta decidido.
media,asset:images/acanalada.jpg,page:puerta-de-acero-acanalado-modelos-524.php,R09_MEDIA_OWNER_PENDING,PUBLIC_SOURCE desde 1 pagina(s) ['PRODUCT_PAGE'],page:puerta-de-acero-acanalado-modelos-524.php,H3-D02c-PAGE-OWNERSHIP,Q01,Medio referenciado por pagina cuyo propietario final no esta decidido.
media,asset:images/accesorios.jpg,"page:doorlock.php,receptor-para-control-vehiculos.php",R09_MEDIA_OWNER_PENDING,"PUBLIC_SOURCE desde 2 pagina(s) ['BRAND_PAGE', 'CATEGORY_PAGE']","page:doorlock.php,receptor-para-control-vehiculos.php",H3-D02c-PAGE-OWNERSHIP,Q01,Medio referenciado por pagina cuyo propietario final no esta decidido.
media,asset:images/accesorios.png,page:accesorios.php,R09_MEDIA_OWNER_PENDING,PUBLIC_SOURCE desde 1 pagina(s) ['PRODUCT_PAGE'],page:accesorios.php,H3-D02c-PAGE-OWNERSHIP,Q01,Medio referenciado por pagina cuyo propietario final no esta decidido.
media,asset:images/accesspro.jpg,"page:accesspro-fs1000speed.php,q-silent-max-eagle-3-4-hp.php",R09_MEDIA_OWNER_PENDING,PUBLIC_SOURCE desde 2 pagina(s) ['PRODUCT_PAGE'],"page:accesspro-fs1000speed.php,q-silent-max-eagle-3-4-hp.php",H3-D02c-PAGE-OWNERSHIP,Q01,Medio referenciado por pagina cuyo propietario final no esta decidido.
media,asset:images/alumina-1.jpg,"page:glg-porte-industriali.php,kronos-puertas-rapidas-de-sectores-modulares-autorreparable.php,puertas-rapidas.php",R09_MEDIA_OWNER_PENDING,"PUBLIC_SOURCE desde 3 pagina(s) ['BRAND_PAGE', 'CATEGORY_PAGE', 'PRODUCT_PAGE']","page:glg-porte-industriali.php,kronos-puertas-rapidas-de-sectores-modulares-autorreparable.php,puertas-rapidas.php",H3-D02c-PAGE-OWNERSHIP,Q01,Medio referenciado por pagina cuyo propietario final no esta decidido.
media,asset:images/apilable.jpg,"page:infraca-quality-doors.php,rapida-apilable.php",R09_MEDIA_OWNER_PENDING,"PUBLIC_SOURCE desde 2 pagina(s) ['BRAND_PAGE', 'PRODUCT_PAGE']","page:infraca-quality-doors.php,rapida-apilable.php",H3-D02c-PAGE-OWNERSHIP,Q01,Medio referenciado por pagina cuyo propietario final no esta decidido.
media,asset:images/apilable2.jpg,page:rapida-apilable.php,R09_MEDIA_OWNER_PENDING,PUBLIC_SOURCE desde 1 pagina(s) ['PRODUCT_PAGE'],page:rapida-apilable.php,H3-D02c-PAGE-OWNERSHIP,Q01,Medio referenciado por pagina cuyo propietario final no esta decidido.
media,asset:images/apple-touch-icon-114x114.png,page:header.php,R09_MEDIA_OWNER_PENDING,PUBLIC_SOURCE desde 1 pagina(s) ['LEGACY_INTERNAL'],page:header.php,H3-D02c-PAGE-OWNERSHIP,Q01,Medio referenciado por pagina cuyo propietario final no esta decidido.
media,asset:images/apple-touch-icon-57x57.png,page:header.php,R09_MEDIA_OWNER_PENDING,PUBLIC_SOURCE desde 1 pagina(s) ['LEGACY_INTERNAL'],page:header.php,H3-D02c-PAGE-OWNERSHIP,Q01,Medio referenciado por pagina cuyo propietario final no esta decidido.
media,asset:images/apple-touch-icon-72x72.png,page:header.php,R09_MEDIA_OWNER_PENDING,PUBLIC_SOURCE desde 1 pagina(s) ['LEGACY_INTERNAL'],page:header.php,H3-D02c-PAGE-OWNERSHIP,Q01,Medio referenciado por pagina cuyo propietario final no esta decidido.
media,asset:images/ascendentes.jpg,page:residencial.php,R09_MEDIA_OWNER_PENDING,PUBLIC_SOURCE desde 1 pagina(s) ['CATEGORY_PAGE'],page:residencial.php,H3-D02c-PAGE-OWNERSHIP,Q01,Medio referenciado por pagina cuyo propietario final no esta decidido.
media,asset:images/bix.jpg,page:bix-al-antena-externa-433-mhz.php,R09_MEDIA_OWNER_PENDING,PUBLIC_SOURCE desde 1 pagina(s) ['PRODUCT_PAGE'],page:bix-al-antena-externa-433-mhz.php,H3-D02c-PAGE-OWNERSHIP,Q01,Medio referenciado por pagina cuyo propietario final no esta decidido.
media,asset:images/blindada.png,page:puertas-blindadas.php,R09_MEDIA_OWNER_PENDING,PUBLIC_SOURCE desde 1 pagina(s) ['PRODUCT_PAGE'],page:puertas-blindadas.php,H3-D02c-PAGE-OWNERSHIP,Q01,Medio referenciado por pagina cuyo propietario final no esta decidido.
media,asset:images/blindada3.png,page:puertas-blindadas.php,R09_MEDIA_OWNER_PENDING,PUBLIC_SOURCE desde 1 pagina(s) ['PRODUCT_PAGE'],page:puertas-blindadas.php,H3-D02c-PAGE-OWNERSHIP,Q01,Medio referenciado por pagina cuyo propietario final no esta decidido.
media,asset:images/blindadas.jpg,"page:blindadas.php,centros-comerciales.php,doorlock.php",R09_MEDIA_OWNER_PENDING,"PUBLIC_SOURCE desde 5 pagina(s) ['BRAND_PAGE', 'CATEGORY_PAGE', 'PRODUCT_PAGE']","page:blindadas.php,centros-comerciales.php,doorlock.php",H3-D02c-PAGE-OWNERSHIP,Q01,Medio referenciado por pagina cuyo propietario final no esta decidido.
media,asset:images/com.jpg,page:com-programadores-digitales-y-rotativos.php,R09_MEDIA_OWNER_PENDING,PUBLIC_SOURCE desde 1 pagina(s) ['PRODUCT_PAGE'],page:com-programadores-digitales-y-rotativos.php,H3-D02c-PAGE-OWNERSHIP,Q01,Medio referenciado por pagina cuyo propietario final no esta decidido.
media,asset:images/comercial.jpg,"page:sellos-para-anden-shelter-de-soporte-flexible.php,sellos-para-anden.php",R09_MEDIA_OWNER_PENDING,"PUBLIC_SOURCE desde 2 pagina(s) ['CATEGORY_PAGE', 'PRODUCT_PAGE']","page:sellos-para-anden-shelter-de-soporte-flexible.php,sellos-para-anden.php",H3-D02c-PAGE-OWNERSHIP,Q01,Medio referenciado por pagina cuyo propietario final no esta decidido.
media,asset:images/construccion.png,page:coleccion-classic.php,R09_MEDIA_OWNER_PENDING,PUBLIC_SOURCE desde 1 pagina(s) ['PRODUCT_PAGE'],page:coleccion-classic.php,H3-D02c-PAGE-OWNERSHIP,Q01,Medio referenciado por pagina cuyo propietario final no esta decidido.
media,asset:images/coritna_plana.png,page:dockman.php,R09_MEDIA_OWNER_PENDING,PUBLIC_SOURCE desde 1 pagina(s) ['BRAND_PAGE'],page:dockman.php,H3-D02c-PAGE-OWNERSHIP,Q01,Medio referenciado por pagina cuyo propietario final no esta decidido.
media,asset:images/cortina-620.jpg,"page:cortina-serie-620.php,overhead-door.php",R09_MEDIA_OWNER_PENDING,"PUBLIC_SOURCE desde 2 pagina(s) ['BRAND_PAGE', 'PRODUCT_PAGE']","page:cortina-serie-620.php,overhead-door.php",H3-D02c-PAGE-OWNERSHIP,Q01,Medio referenciado por pagina cuyo propietario final no esta decidido.
media,asset:images/cortina-670.jpg,"page:cortina-de-seguridad-670.php,cortinas-enrollables-industriales.php",R09_MEDIA_OWNER_PENDING,"PUBLIC_SOURCE desde 2 pagina(s) ['CATEGORY_PAGE', 'PRODUCT_PAGE']","page:cortina-de-seguridad-670.php,cortinas-enrollables-industriales.php",H3-D02c-PAGE-OWNERSHIP,Q01,Medio referenciado por pagina cuyo propietario final no esta decidido.
media,asset:images/cortina-670t.png,page:cortina-de-seguridad-670.php,R09_MEDIA_OWNER_PENDING,PUBLIC_SOURCE desde 1 pagina(s) ['PRODUCT_PAGE'],page:cortina-de-seguridad-670.php,H3-D02c-PAGE-OWNERSHIP,Q01,Medio referenciado por pagina cuyo propietario final no esta decidido.
media,asset:images/cortina-671.jpg,"page:cortina-de-seguridad-671.php,cortinas-enrollables-industriales.php",R09_MEDIA_OWNER_PENDING,"PUBLIC_SOURCE desde 2 pagina(s) ['CATEGORY_PAGE', 'PRODUCT_PAGE']","page:cortina-de-seguridad-671.php,cortinas-enrollables-industriales.php",H3-D02c-PAGE-OWNERSHIP,Q01,Medio referenciado por pagina cuyo propietario final no esta decidido.
media,asset:images/cortina-671t.png,page:cortina-de-seguridad-671.php,R09_MEDIA_OWNER_PENDING,PUBLIC_SOURCE desde 1 pagina(s) ['PRODUCT_PAGE'],page:cortina-de-seguridad-671.php,H3-D02c-PAGE-OWNERSHIP,Q01,Medio referenciado por pagina cuyo propietario final no esta decidido.
media,asset:images/cortina-685.jpg,"page:centros-comerciales.php,cortinas-enrollables-industriales.php,cortinas-ventiladas-685.php",R09_MEDIA_OWNER_PENDING,"PUBLIC_SOURCE desde 3 pagina(s) ['CATEGORY_PAGE', 'PRODUCT_PAGE']","page:centros-comerciales.php,cortinas-enrollables-industriales.php,cortinas-ventiladas-685.php",H3-D02c-PAGE-OWNERSHIP,Q01,Medio referenciado por pagina cuyo propietario final no esta decidido.
media,asset:images/cortina-aluminio.jpg,"page:cortina-en-aluminio-serie-511-521.php,cortinas-enrollables-industriales.php,overhead-door.php",R09_MEDIA_OWNER_PENDING,"PUBLIC_SOURCE desde 3 pagina(s) ['BRAND_PAGE', 'CATEGORY_PAGE', 'PRODUCT_PAGE']","page:cortina-en-aluminio-serie-511-521.php,cortinas-enrollables-industriales.php,overhead-door.php",H3-D02c-PAGE-OWNERSHIP,Q01,Medio referenciado por pagina cuyo propietario final no esta decidido.
media,asset:images/cortina-serie-620.jpg,page:serie-620.php,R09_MEDIA_OWNER_PENDING,PUBLIC_SOURCE desde 1 pagina(s) ['PRODUCT_PAGE'],page:serie-620.php,H3-D02c-PAGE-OWNERSHIP,Q01,Medio referenciado por pagina cuyo propietario final no esta decidido.
media,asset:images/cortina_europea.png,"page:centros-comerciales.php,cortina-europea.php,cortinas-enrollables-industriales.php",R09_MEDIA_OWNER_PENDING,"PUBLIC_SOURCE desde 4 pagina(s) ['BRAND_PAGE', 'CATEGORY_PAGE', 'PRODUCT_PAGE']","page:centros-comerciales.php,cortina-europea.php,cortinas-enrollables-industriales.php",H3-D02c-PAGE-OWNERSHIP,Q01,Medio referenciado por pagina cuyo propietario final no esta decidido.
media,asset:images/cross-3e.jpg,"page:cross-3e.php,ditec-neos-y-neos.php",R09_MEDIA_OWNER_PENDING,PUBLIC_SOURCE desde 2 pagina(s) ['PRODUCT_PAGE'],"page:cross-3e.php,ditec-neos-y-neos.php",H3-D02c-PAGE-OWNERSHIP,Q01,Medio referenciado por pagina cuyo propietario final no esta decidido.
media,asset:images/cross18.jpg,page:sg-onixx-600.php,R09_MEDIA_OWNER_PENDING,PUBLIC_SOURCE desde 1 pagina(s) ['PRODUCT_PAGE'],page:sg-onixx-600.php,H3-D02c-PAGE-OWNERSHIP,Q01,Medio referenciado por pagina cuyo propietario final no esta decidido.
media,asset:images/dab.jpg,page:wel-aotmatizacion-de-puertas-peatonales-pequena-y-robusta.php,R09_MEDIA_OWNER_PENDING,PUBLIC_SOURCE desde 1 pagina(s) ['PRODUCT_PAGE'],page:wel-aotmatizacion-de-puertas-peatonales-pequena-y-robusta.php,H3-D02c-PAGE-OWNERSHIP,Q01,Medio referenciado por pagina cuyo propietario final no esta decidido.
media,asset:images/descarga-1.jpg,page:rytec.php,R09_MEDIA_OWNER_PENDING,PUBLIC_SOURCE desde 1 pagina(s) ['BRAND_PAGE'],page:rytec.php,H3-D02c-PAGE-OWNERSHIP,Q01,Medio referenciado por pagina cuyo propietario final no esta decidido.
media,asset:images/detalle_de_cuadros.png,page:coleccion-classic.php,R09_MEDIA_OWNER_PENDING,PUBLIC_SOURCE desde 1 pagina(s) ['PRODUCT_PAGE'],page:coleccion-classic.php,H3-D02c-PAGE-OWNERSHIP,Q01,Medio referenciado por pagina cuyo propietario final no esta decidido.
media,asset:images/detalle_plana.png,page:cortina-plana.php,R09_MEDIA_OWNER_PENDING,PUBLIC_SOURCE desde 1 pagina(s) ['PRODUCT_PAGE'],page:cortina-plana.php,H3-D02c-PAGE-OWNERSHIP,Q01,Medio referenciado por pagina cuyo propietario final no esta decidido.
media,asset:images/detector.jpg,page:detector-de-masas-max-eagle.php,R09_MEDIA_OWNER_PENDING,PUBLIC_SOURCE desde 1 pagina(s) ['PRODUCT_PAGE'],page:detector-de-masas-max-eagle.php,H3-D02c-PAGE-OWNERSHIP,Q01,Medio referenciado por pagina cuyo propietario final no esta decidido.
media,asset:images/ditecc.jpg,page:luxo-robusto-e-incansable-para-servicios-intensivos-para-hojas-de-hasta-5-m.php,R09_MEDIA_OWNER_PENDING,PUBLIC_SOURCE desde 1 pagina(s) ['PRODUCT_PAGE'],page:luxo-robusto-e-incansable-para-servicios-intensivos-para-hojas-de-hasta-5-m.php,H3-D02c-PAGE-OWNERSHIP,Q01,Medio referenciado por pagina cuyo propietario final no esta decidido.
media,asset:images/door-operator-rhx-1.jpg,page:operadores-para-puerta-corrediza-industrial.php,R09_MEDIA_OWNER_PENDING,PUBLIC_SOURCE desde 1 pagina(s) ['CATEGORY_PAGE'],page:operadores-para-puerta-corrediza-industrial.php,H3-D02c-PAGE-OWNERSHIP,Q01,Medio referenciado por pagina cuyo propietario final no esta decidido.
media,asset:images/e3720.jpg,page:puertas-seccionales-industriales.php,R09_MEDIA_OWNER_PENDING,PUBLIC_SOURCE desde 1 pagina(s) ['CATEGORY_PAGE'],page:puertas-seccionales-industriales.php,H3-D02c-PAGE-OWNERSHIP,Q01,Medio referenciado por pagina cuyo propietario final no esta decidido.
media,asset:images/energy-series-intellicore-824x610-1.jpg,page:clopay.php,R09_MEDIA_OWNER_PENDING,PUBLIC_SOURCE desde 1 pagina(s) ['BRAND_PAGE'],page:clopay.php,H3-D02c-PAGE-OWNERSHIP,Q01,Medio referenciado por pagina cuyo propietario final no esta decidido.
media,asset:images/energy.jpg,page:energy-series-with-intellicore-37171-3-4.php,R09_MEDIA_OWNER_PENDING,PUBLIC_SOURCE desde 1 pagina(s) ['PRODUCT_PAGE'],page:energy-series-with-intellicore-37171-3-4.php,H3-D02c-PAGE-OWNERSHIP,Q01,Medio referenciado por pagina cuyo propietario final no esta decidido.
media,asset:images/energy2.jpg,page:energy-series-with-intellicore-3720-3724-3722.php,R09_MEDIA_OWNER_PENDING,PUBLIC_SOURCE desde 1 pagina(s) ['PRODUCT_PAGE'],page:energy-series-with-intellicore-3720-3724-3722.php,H3-D02c-PAGE-OWNERSHIP,Q01,Medio referenciado por pagina cuyo propietario final no esta decidido.
media,asset:images/estandar.jpg,"page:centros-comerciales.php,puertas-salida-emergencia.php",R09_MEDIA_OWNER_PENDING,PUBLIC_SOURCE desde 2 pagina(s) ['CATEGORY_PAGE'],"page:centros-comerciales.php,puertas-salida-emergencia.php",H3-D02c-PAGE-OWNERSHIP,Q01,Medio referenciado por pagina cuyo propietario final no esta decidido.
media,asset:images/estandar.png,page:puerta-estandar.php,R09_MEDIA_OWNER_PENDING,PUBLIC_SOURCE desde 1 pagina(s) ['PRODUCT_PAGE'],page:puerta-estandar.php,H3-D02c-PAGE-OWNERSHIP,Q01,Medio referenciado por pagina cuyo propietario final no esta decidido.
media,asset:images/europea.jpg,page:cortina-europea.php,R09_MEDIA_OWNER_PENDING,PUBLIC_SOURCE desde 1 pagina(s) ['PRODUCT_PAGE'],page:cortina-europea.php,H3-D02c-PAGE-OWNERSHIP,Q01,Medio referenciado por pagina cuyo propietario final no esta decidido.
media,asset:images/explo.png,page:puerta-contra-explosion.php,R09_MEDIA_OWNER_PENDING,PUBLIC_SOURCE desde 1 pagina(s) ['PRODUCT_PAGE'],page:puerta-contra-explosion.php,H3-D02c-PAGE-OWNERSHIP,Q01,Medio referenciado por pagina cuyo propietario final no esta decidido.
media,asset:images/fast.jpg,"page:fast-seal-high-performance-door.php,puertas-rapidas.php",R09_MEDIA_OWNER_PENDING,"PUBLIC_SOURCE desde 2 pagina(s) ['CATEGORY_PAGE', 'PRODUCT_PAGE']","page:fast-seal-high-performance-door.php,puertas-rapidas.php",H3-D02c-PAGE-OWNERSHIP,Q01,Medio referenciado por pagina cuyo propietario final no esta decidido.
media,asset:images/fasts.jpg,page:fast-seal-high-performance-door.php,R09_MEDIA_OWNER_PENDING,PUBLIC_SOURCE desde 1 pagina(s) ['PRODUCT_PAGE'],page:fast-seal-high-performance-door.php,H3-D02c-PAGE-OWNERSHIP,Q01,Medio referenciado por pagina cuyo propietario final no esta decidido.
media,asset:images/favicon.png,page:header.php,R09_MEDIA_OWNER_PENDING,PUBLIC_SOURCE desde 1 pagina(s) ['LEGACY_INTERNAL'],page:header.php,H3-D02c-PAGE-OWNERSHIP,Q01,Medio referenciado por pagina cuyo propietario final no esta decidido.
media,asset:images/fire-rated-door-630.jpg,"page:cortina-serie-630.php,cortinas-enrollables-industriales.php,overhead-door.php",R09_MEDIA_OWNER_PENDING,"PUBLIC_SOURCE desde 3 pagina(s) ['BRAND_PAGE', 'CATEGORY_PAGE', 'PRODUCT_PAGE']","page:cortina-serie-630.php,cortinas-enrollables-industriales.php,overhead-door.php",H3-D02c-PAGE-OWNERSHIP,Q01,Medio referenciado por pagina cuyo propietario final no esta decidido.
media,asset:images/fire-rated.jpg,"page:cortinas-enrollables-industriales.php,fire-rated-doors-firestar-models-700-700c.php,industrial.php",R09_MEDIA_OWNER_PENDING,"PUBLIC_SOURCE desde 4 pagina(s) ['BRAND_PAGE', 'CATEGORY_PAGE', 'PRODUCT_PAGE']","page:cortinas-enrollables-industriales.php,fire-rated-doors-firestar-models-700-700c.php,industrial.php",H3-D02c-PAGE-OWNERSHIP,Q01,Medio referenciado por pagina cuyo propietario final no esta decidido.
media,asset:images/fire-ratedt.jpg,page:fire-rated-doors-firestar-models-700-700c.php,R09_MEDIA_OWNER_PENDING,PUBLIC_SOURCE desde 1 pagina(s) ['PRODUCT_PAGE'],page:fire-rated-doors-firestar-models-700-700c.php,H3-D02c-PAGE-OWNERSHIP,Q01,Medio referenciado por pagina cuyo propietario final no esta decidido.
media,asset:images/forma.png,page:cortina-europea.php,R09_MEDIA_OWNER_PENDING,PUBLIC_SOURCE desde 1 pagina(s) ['PRODUCT_PAGE'],page:cortina-europea.php,H3-D02c-PAGE-OWNERSHIP,Q01,Medio referenciado por pagina cuyo propietario final no esta decidido.
media,asset:images/foto_puerta.png,page:overhead-door.php,R09_MEDIA_OWNER_PENDING,PUBLIC_SOURCE desde 1 pagina(s) ['BRAND_PAGE'],page:overhead-door.php,H3-D02c-PAGE-OWNERSHIP,Q01,Medio referenciado por pagina cuyo propietario final no esta decidido.
media,asset:images/foto_puertas_lisa-1.png,"page:clopay.php,overhead-door.php,wayne-dalton.php",R09_MEDIA_OWNER_PENDING,PUBLIC_SOURCE desde 3 pagina(s) ['BRAND_PAGE'],"page:clopay.php,overhead-door.php,wayne-dalton.php",H3-D02c-PAGE-OWNERSHIP,Q01,Medio referenciado por pagina cuyo propietario final no esta decidido.
media,asset:images/fotoceldas.jpg,page:fotoceldas.php,R09_MEDIA_OWNER_PENDING,PUBLIC_SOURCE desde 1 pagina(s) ['PRODUCT_PAGE'],page:fotoceldas.php,H3-D02c-PAGE-OWNERSHIP,Q01,Medio referenciado por pagina cuyo propietario final no esta decidido.
media,asset:images/fotos_a_cuadros.png,page:coleccion-classic.php,R09_MEDIA_OWNER_PENDING,PUBLIC_SOURCE desde 1 pagina(s) ['PRODUCT_PAGE'],page:coleccion-classic.php,H3-D02c-PAGE-OWNERSHIP,Q01,Medio referenciado por pagina cuyo propietario final no esta decidido.
media,asset:images/holandesa.png,page:puerta-holandesa.php,R09_MEDIA_OWNER_PENDING,PUBLIC_SOURCE desde 1 pagina(s) ['PRODUCT_PAGE'],page:puerta-holandesa.php,H3-D02c-PAGE-OWNERSHIP,Q01,Medio referenciado por pagina cuyo propietario final no esta decidido.
media,asset:images/hospital.png,page:puerta-para-hospital.php,R09_MEDIA_OWNER_PENDING,PUBLIC_SOURCE desde 1 pagina(s) ['PRODUCT_PAGE'],page:puerta-para-hospital.php,H3-D02c-PAGE-OWNERSHIP,Q01,Medio referenciado por pagina cuyo propietario final no esta decidido.
media,asset:images/incendio.png,page:puertas-contra-incendio.php,R09_MEDIA_OWNER_PENDING,PUBLIC_SOURCE desde 1 pagina(s) ['PRODUCT_PAGE'],page:puertas-contra-incendio.php,H3-D02c-PAGE-OWNERSHIP,Q01,Medio referenciado por pagina cuyo propietario final no esta decidido.
media,asset:images/industrial-brown-sectional-steel-model-424-432.jpg,"page:puerta-seccional-de-acero-sin-aislamiento-424-uso-pesado.php,puertas-seccionales-industriales.php",R09_MEDIA_OWNER_PENDING,"PUBLIC_SOURCE desde 2 pagina(s) ['CATEGORY_PAGE', 'PRODUCT_PAGE']","page:puerta-seccional-de-acero-sin-aislamiento-424-uso-pesado.php,puertas-seccionales-industriales.php",H3-D02c-PAGE-OWNERSHIP,Q01,Medio referenciado por pagina cuyo propietario final no esta decidido.
media,asset:images/industrial-series-520-deep-ribbed-24x12-window-white-garage-door.jpg,page:clopay.php,R09_MEDIA_OWNER_PENDING,PUBLIC_SOURCE desde 1 pagina(s) ['BRAND_PAGE'],page:clopay.php,H3-D02c-PAGE-OWNERSHIP,Q01,Medio referenciado por pagina cuyo propietario final no esta decidido.
media,asset:images/labio.jpg,"page:dockman.php,equipos-y-accesorios-para-anden-de-carga.php,labio-de-elevacion-mecanico-dockman.php",R09_MEDIA_OWNER_PENDING,"PUBLIC_SOURCE desde 4 pagina(s) ['BRAND_PAGE', 'CATEGORY_PAGE', 'PRODUCT_PAGE']","page:dockman.php,equipos-y-accesorios-para-anden-de-carga.php,labio-de-elevacion-mecanico-dockman.php",H3-D02c-PAGE-OWNERSHIP,Q01,Medio referenciado por pagina cuyo propietario final no esta decidido.
media,asset:images/lan.jpg,page:lan-4-sistema-de-teclado-con-combinacion-digital.php,R09_MEDIA_OWNER_PENDING,PUBLIC_SOURCE desde 1 pagina(s) ['PRODUCT_PAGE'],page:lan-4-sistema-de-teclado-con-combinacion-digital.php,H3-D02c-PAGE-OWNERSHIP,Q01,Medio referenciado por pagina cuyo propietario final no esta decidido.
media,asset:images/lan7.jpg,page:lan-7-sistema-de-mando-de-proximidad-de-tarjetas-con-tecnologia-transponder.php,R09_MEDIA_OWNER_PENDING,PUBLIC_SOURCE desde 1 pagina(s) ['PRODUCT_PAGE'],page:lan-7-sistema-de-mando-de-proximidad-de-tarjetas-con-tecnologia-transponder.php,H3-D02c-PAGE-OWNERSHIP,Q01,Medio referenciado por pagina cuyo propietario final no esta decidido.
media,asset:images/lazo.jpg,page:lab-9-detectores-de-volumen-de-metal-loop.php,R09_MEDIA_OWNER_PENDING,PUBLIC_SOURCE desde 1 pagina(s) ['PRODUCT_PAGE'],page:lab-9-detectores-de-volumen-de-metal-loop.php,H3-D02c-PAGE-OWNERSHIP,Q01,Medio referenciado por pagina cuyo propietario final no esta decidido.
media,asset:images/lift.jpg,"page:industrial.php,lift-master-mod-h.php,lift-master.php",R09_MEDIA_OWNER_PENDING,"PUBLIC_SOURCE desde 5 pagina(s) ['BRAND_PAGE', 'CATEGORY_PAGE', 'PRODUCT_PAGE']","page:industrial.php,lift-master-mod-h.php,lift-master.php",H3-D02c-PAGE-OWNERSHIP,Q01,Medio referenciado por pagina cuyo propietario final no esta decidido.
media,asset:images/lin2.jpg,page:lab-4-fotocelulas-de-rayos-infrarrojos.php,R09_MEDIA_OWNER_PENDING,PUBLIC_SOURCE desde 1 pagina(s) ['PRODUCT_PAGE'],page:lab-4-fotocelulas-de-rayos-infrarrojos.php,H3-D02c-PAGE-OWNERSHIP,Q01,Medio referenciado por pagina cuyo propietario final no esta decidido.
media,asset:images/liso_rayas.png,page:coleccion-modern-steel.php,R09_MEDIA_OWNER_PENDING,PUBLIC_SOURCE desde 1 pagina(s) ['PRODUCT_PAGE'],page:coleccion-modern-steel.php,H3-D02c-PAGE-OWNERSHIP,Q01,Medio referenciado por pagina cuyo propietario final no esta decidido.
media,asset:images/logo-black-big@2x.png,page:header.php,R09_MEDIA_OWNER_PENDING,PUBLIC_SOURCE desde 1 pagina(s) ['LEGACY_INTERNAL'],page:header.php,H3-D02c-PAGE-OWNERSHIP,Q01,Medio referenciado por pagina cuyo propietario final no esta decidido.
media,asset:images/logo-white@2x.png,"page:footer.php,header.php",R09_MEDIA_OWNER_PENDING,PUBLIC_SOURCE desde 2 pagina(s) ['LEGACY_INTERNAL'],"page:footer.php,header.php",H3-D02c-PAGE-OWNERSHIP,Q01,Medio referenciado por pagina cuyo propietario final no esta decidido.
media,asset:images/louver1.png,page:puerta-y-fijos-louver.php,R09_MEDIA_OWNER_PENDING,PUBLIC_SOURCE desde 1 pagina(s) ['PRODUCT_PAGE'],page:puerta-y-fijos-louver.php,H3-D02c-PAGE-OWNERSHIP,Q01,Medio referenciado por pagina cuyo propietario final no esta decidido.
media,asset:images/louver2.png,page:puerta-y-fijos-louver.php,R09_MEDIA_OWNER_PENDING,PUBLIC_SOURCE desde 1 pagina(s) ['PRODUCT_PAGE'],page:puerta-y-fijos-louver.php,H3-D02c-PAGE-OWNERSHIP,Q01,Medio referenciado por pagina cuyo propietario final no esta decidido.
media,asset:images/lux2b.jpg,"page:bft-resp.php,bft.php,blue-giant.php",R09_MEDIA_OWNER_PENDING,"PUBLIC_SOURCE desde 6 pagina(s) ['BRAND_PAGE', 'CATEGORY_PAGE', 'PRODUCT_PAGE']","page:bft-resp.php,bft.php,blue-giant.php",H3-D02c-PAGE-OWNERSHIP,Q01,Medio referenciado por pagina cuyo propietario final no esta decidido.
media,asset:images/m-2415.jpg,page:puertas-seccionales-industriales.php,R09_MEDIA_OWNER_PENDING,PUBLIC_SOURCE desde 1 pagina(s) ['CATEGORY_PAGE'],page:puertas-seccionales-industriales.php,H3-D02c-PAGE-OWNERSHIP,Q01,Medio referenciado por pagina cuyo propietario final no esta decidido.
media,asset:images/m2415.jpg,page:wayne-dalton.php,R09_MEDIA_OWNER_PENDING,PUBLIC_SOURCE desde 1 pagina(s) ['BRAND_PAGE'],page:wayne-dalton.php,H3-D02c-PAGE-OWNERSHIP,Q01,Medio referenciado por pagina cuyo propietario final no esta decidido.
media,asset:images/marcas.png,page:soluciones.php,R09_MEDIA_OWNER_PENDING,PUBLIC_SOURCE desde 1 pagina(s) ['CATEGORY_PAGE'],page:soluciones.php,H3-D02c-PAGE-OWNERSHIP,Q01,Medio referenciado por pagina cuyo propietario final no esta decidido.
media,asset:images/minidock.png,page:labio-de-elevacion-mecanico-dockman.php,R09_MEDIA_OWNER_PENDING,PUBLIC_SOURCE desde 1 pagina(s) ['PRODUCT_PAGE'],page:labio-de-elevacion-mecanico-dockman.php,H3-D02c-PAGE-OWNERSHIP,Q01,Medio referenciado por pagina cuyo propietario final no esta decidido.
media,asset:images/model-426-white-finish-insulated.jpg,"page:puertas-seccionales-de-acero-perfiles-426.php,puertas-seccionales-industriales.php",R09_MEDIA_OWNER_PENDING,"PUBLIC_SOURCE desde 2 pagina(s) ['CATEGORY_PAGE', 'PRODUCT_PAGE']","page:puertas-seccionales-de-acero-perfiles-426.php,puertas-seccionales-industriales.php",H3-D02c-PAGE-OWNERSHIP,Q01,Medio referenciado por pagina cuyo propietario final no esta decidido.
media,asset:images/modelos.jpg,page:puertas-seccionales-industriales.php,R09_MEDIA_OWNER_PENDING,PUBLIC_SOURCE desde 1 pagina(s) ['CATEGORY_PAGE'],page:puertas-seccionales-industriales.php,H3-D02c-PAGE-OWNERSHIP,Q01,Medio referenciado por pagina cuyo propietario final no esta decidido.
media,asset:images/modern-steel-1.png,page:coleccion-modern-steel.php,R09_MEDIA_OWNER_PENDING,PUBLIC_SOURCE desde 1 pagina(s) ['PRODUCT_PAGE'],page:coleccion-modern-steel.php,H3-D02c-PAGE-OWNERSHIP,Q01,Medio referenciado por pagina cuyo propietario final no esta decidido.
media,asset:images/modern-steel-2.png,page:coleccion-modern-steel.php,R09_MEDIA_OWNER_PENDING,PUBLIC_SOURCE desde 1 pagina(s) ['PRODUCT_PAGE'],page:coleccion-modern-steel.php,H3-D02c-PAGE-OWNERSHIP,Q01,Medio referenciado por pagina cuyo propietario final no esta decidido.
media,asset:images/moovi50rm.png,"page:barreras-estacionamiento-moovi50rm.php,bft-resp.php,bft.php",R09_MEDIA_OWNER_PENDING,"PUBLIC_SOURCE desde 7 pagina(s) ['BRAND_PAGE', 'CATEGORY_PAGE', 'PRODUCT_PAGE']","page:barreras-estacionamiento-moovi50rm.php,bft-resp.php,bft.php",H3-D02c-PAGE-OWNERSHIP,Q01,Medio referenciado por pagina cuyo propietario final no esta decidido.
media,asset:images/ocx.jpg,"page:operadores-para-puertas-de-mostrador-cdo.php,operadores-puertas-seccionales-cortinas.php",R09_MEDIA_OWNER_PENDING,"PUBLIC_SOURCE desde 2 pagina(s) ['CATEGORY_PAGE', 'PRODUCT_PAGE']","page:operadores-para-puertas-de-mostrador-cdo.php,operadores-puertas-seccionales-cortinas.php",H3-D02c-PAGE-OWNERSHIP,Q01,Medio referenciado por pagina cuyo propietario final no esta decidido.
media,asset:images/operadores.jpg,"page:residencial.php,soluciones.php",R09_MEDIA_OWNER_PENDING,PUBLIC_SOURCE desde 2 pagina(s) ['CATEGORY_PAGE'],"page:residencial.php,soluciones.php",H3-D02c-PAGE-OWNERSHIP,Q01,Medio referenciado por pagina cuyo propietario final no esta decidido.
media,asset:images/p4.png,page:p45-7-piston-hidraulico-para-puerta-abatible.php,R09_MEDIA_OWNER_PENDING,PUBLIC_SOURCE desde 1 pagina(s) ['PRODUCT_PAGE'],page:p45-7-piston-hidraulico-para-puerta-abatible.php,H3-D02c-PAGE-OWNERSHIP,Q01,Medio referenciado por pagina cuyo propietario final no esta decidido.
media,asset:images/p457.jpg,"page:bft-resp.php,bft.php,blue-giant.php",R09_MEDIA_OWNER_PENDING,"PUBLIC_SOURCE desde 6 pagina(s) ['BRAND_PAGE', 'CATEGORY_PAGE', 'PRODUCT_PAGE']","page:bft-resp.php,bft.php,blue-giant.php",H3-D02c-PAGE-OWNERSHIP,Q01,Medio referenciado por pagina cuyo propietario final no esta decidido.
media,asset:images/pas.jpg,page:pas-sensores-volumetricos.php,R09_MEDIA_OWNER_PENDING,PUBLIC_SOURCE desde 1 pagina(s) ['PRODUCT_PAGE'],page:pas-sensores-volumetricos.php,H3-D02c-PAGE-OWNERSHIP,Q01,Medio referenciado por pagina cuyo propietario final no esta decidido.
media,asset:images/phob.png,"page:lux-2b-y-lux-gv-piston-hidraulico-para-puerta-abatible.php,phobos-n-piston-electromecanico.php",R09_MEDIA_OWNER_PENDING,PUBLIC_SOURCE desde 2 pagina(s) ['PRODUCT_PAGE'],"page:lux-2b-y-lux-gv-piston-hidraulico-para-puerta-abatible.php,phobos-n-piston-electromecanico.php",H3-D02c-PAGE-OWNERSHIP,Q01,Medio referenciado por pagina cuyo propietario final no esta decidido.
media,asset:images/phobos-piston.jpg,"page:bft-resp.php,bft.php,blue-giant.php",R09_MEDIA_OWNER_PENDING,"PUBLIC_SOURCE desde 5 pagina(s) ['BRAND_PAGE', 'CATEGORY_PAGE', 'PRODUCT_PAGE']","page:bft-resp.php,bft.php,blue-giant.php",H3-D02c-PAGE-OWNERSHIP,Q01,Medio referenciado por pagina cuyo propietario final no esta decidido.
media,asset:images/porte-rapide-vertigo-500x500.jpg,"page:cortinas-enrollables-industriales.php,glg-porte-industriali.php,vertigo.php",R09_MEDIA_OWNER_PENDING,"PUBLIC_SOURCE desde 3 pagina(s) ['BRAND_PAGE', 'CATEGORY_PAGE', 'PRODUCT_PAGE']","page:cortinas-enrollables-industriales.php,glg-porte-industriali.php,vertigo.php",H3-D02c-PAGE-OWNERSHIP,Q01,Medio referenciado por pagina cuyo propietario final no esta decidido.
media,asset:images/preda.jpg,"page:industrial.php,predadoor-nxt-door.php,puertas-rapidas.php",R09_MEDIA_OWNER_PENDING,"PUBLIC_SOURCE desde 3 pagina(s) ['CATEGORY_PAGE', 'PRODUCT_PAGE']","page:industrial.php,predadoor-nxt-door.php,puertas-rapidas.php",H3-D02c-PAGE-OWNERSHIP,Q01,Medio referenciado por pagina cuyo propietario final no esta decidido.
media,asset:images/puerta-418.jpg,"page:puerta-seccional-de-acero-perfiles-418.php,puertas-seccionales-industriales.php",R09_MEDIA_OWNER_PENDING,"PUBLIC_SOURCE desde 2 pagina(s) ['CATEGORY_PAGE', 'PRODUCT_PAGE']","page:puerta-seccional-de-acero-perfiles-418.php,puertas-seccionales-industriales.php",H3-D02c-PAGE-OWNERSHIP,Q01,Medio referenciado por pagina cuyo propietario final no esta decidido.
media,asset:images/puerta-418t.png,page:puerta-seccional-de-acero-perfiles-418.php,R09_MEDIA_OWNER_PENDING,PUBLIC_SOURCE desde 1 pagina(s) ['PRODUCT_PAGE'],page:puerta-seccional-de-acero-perfiles-418.php,H3-D02c-PAGE-OWNERSHIP,Q01,Medio referenciado por pagina cuyo propietario final no esta decidido.
media,asset:images/puerta-422t.png,"page:puerta-seccionabl-acero-perfiles-422-uso-pesado.php,puerta-seccional-de-acero-perfiles-432-uso-medio.php",R09_MEDIA_OWNER_PENDING,PUBLIC_SOURCE desde 2 pagina(s) ['PRODUCT_PAGE'],"page:puerta-seccionabl-acero-perfiles-422-uso-pesado.php,puerta-seccional-de-acero-perfiles-432-uso-medio.php",H3-D02c-PAGE-OWNERSHIP,Q01,Medio referenciado por pagina cuyo propietario final no esta decidido.
media,asset:images/puerta-430.jpg,"page:puert-seccional-de-acero-sin-aislamiento-430-uso-medio.php,puertas-seccionales-industriales.php",R09_MEDIA_OWNER_PENDING,"PUBLIC_SOURCE desde 2 pagina(s) ['CATEGORY_PAGE', 'PRODUCT_PAGE']","page:puert-seccional-de-acero-sin-aislamiento-430-uso-medio.php,puertas-seccionales-industriales.php",H3-D02c-PAGE-OWNERSHIP,Q01,Medio referenciado por pagina cuyo propietario final no esta decidido.
media,asset:images/puerta-430t.png,page:puert-seccional-de-acero-sin-aislamiento-430-uso-medio.php,R09_MEDIA_OWNER_PENDING,PUBLIC_SOURCE desde 1 pagina(s) ['PRODUCT_PAGE'],page:puert-seccional-de-acero-sin-aislamiento-430-uso-medio.php,H3-D02c-PAGE-OWNERSHIP,Q01,Medio referenciado por pagina cuyo propietario final no esta decidido.
media,asset:images/puerta-432.png,page:puertas-seccionales-de-acero-perfiles-426.php,R09_MEDIA_OWNER_PENDING,PUBLIC_SOURCE desde 1 pagina(s) ['PRODUCT_PAGE'],page:puertas-seccionales-de-acero-perfiles-426.php,H3-D02c-PAGE-OWNERSHIP,Q01,Medio referenciado por pagina cuyo propietario final no esta decidido.
media,asset:images/puerta-521.jpg,"page:puertas-seccionales-de-aluminio-521.php,puertas-seccionales-industriales.php",R09_MEDIA_OWNER_PENDING,"PUBLIC_SOURCE desde 2 pagina(s) ['CATEGORY_PAGE', 'PRODUCT_PAGE']","page:puertas-seccionales-de-aluminio-521.php,puertas-seccionales-industriales.php",H3-D02c-PAGE-OWNERSHIP,Q01,Medio referenciado por pagina cuyo propietario final no esta decidido.
media,asset:images/puerta-holandesa.jpg,"page:centros-comerciales.php,doorlock.php,puerta-holandesa.php",R09_MEDIA_OWNER_PENDING,"PUBLIC_SOURCE desde 6 pagina(s) ['BRAND_PAGE', 'CATEGORY_PAGE', 'PRODUCT_PAGE']","page:centros-comerciales.php,doorlock.php,puerta-holandesa.php",H3-D02c-PAGE-OWNERSHIP,Q01,Medio referenciado por pagina cuyo propietario final no esta decidido.
media,asset:images/puerta-infraca.jpg,page:rapida-enrollable-industrial.php,R09_MEDIA_OWNER_PENDING,PUBLIC_SOURCE desde 1 pagina(s) ['PRODUCT_PAGE'],page:rapida-enrollable-industrial.php,H3-D02c-PAGE-OWNERSHIP,Q01,Medio referenciado por pagina cuyo propietario final no esta decidido.
media,asset:images/puerta-infraca02.jpg,page:rapida-enrollable-industrial.php,R09_MEDIA_OWNER_PENDING,PUBLIC_SOURCE desde 1 pagina(s) ['PRODUCT_PAGE'],page:rapida-enrollable-industrial.php,H3-D02c-PAGE-OWNERSHIP,Q01,Medio referenciado por pagina cuyo propietario final no esta decidido.
media,asset:images/puerta-infraca1.jpg,page:puertas-rapidas.php,R09_MEDIA_OWNER_PENDING,PUBLIC_SOURCE desde 1 pagina(s) ['CATEGORY_PAGE'],page:puertas-rapidas.php,H3-D02c-PAGE-OWNERSHIP,Q01,Medio referenciado por pagina cuyo propietario final no esta decidido.
media,asset:images/puerta-metalica-hospital.png,"page:doorlock.php,puerta-para-hospital.php,puertas-peatonales-hospitales.php",R09_MEDIA_OWNER_PENDING,"PUBLIC_SOURCE desde 3 pagina(s) ['BRAND_PAGE', 'CATEGORY_PAGE', 'PRODUCT_PAGE']","page:doorlock.php,puerta-para-hospital.php,puertas-peatonales-hospitales.php",H3-D02c-PAGE-OWNERSHIP,Q01,Medio referenciado por pagina cuyo propietario final no esta decidido.
media,asset:images/puerta-metalica-louver.png,"page:centros-comerciales.php,doorlock.php,puertas-salida-emergencia.php",R09_MEDIA_OWNER_PENDING,"PUBLIC_SOURCE desde 4 pagina(s) ['BRAND_PAGE', 'CATEGORY_PAGE']","page:centros-comerciales.php,doorlock.php,puertas-salida-emergencia.php",H3-D02c-PAGE-OWNERSHIP,Q01,Medio referenciado por pagina cuyo propietario final no esta decidido.
media,asset:images/puerta-standard-lift.jpg,"page:dockman.php,puertas-seccionales-industriales.php",R09_MEDIA_OWNER_PENDING,"PUBLIC_SOURCE desde 2 pagina(s) ['BRAND_PAGE', 'CATEGORY_PAGE']","page:dockman.php,puertas-seccionales-industriales.php",H3-D02c-PAGE-OWNERSHIP,Q01,Medio referenciado por pagina cuyo propietario final no esta decidido.
media,asset:images/puerta432.jpg,"page:puerta-seccional-de-acero-perfiles-432-uso-medio.php,puertas-seccionales-industriales.php,soluciones.php",R09_MEDIA_OWNER_PENDING,"PUBLIC_SOURCE desde 3 pagina(s) ['CATEGORY_PAGE', 'PRODUCT_PAGE']","page:puerta-seccional-de-acero-perfiles-432-uso-medio.php,puertas-seccionales-industriales.php,soluciones.php",H3-D02c-PAGE-OWNERSHIP,Q01,Medio referenciado por pagina cuyo propietario final no esta decidido.
media,asset:images/puerta593.jpg,"page:puerta-seccional-de-acero-thermacore-593-uso-medio.php,puertas-seccionales-industriales.php",R09_MEDIA_OWNER_PENDING,"PUBLIC_SOURCE desde 2 pagina(s) ['CATEGORY_PAGE', 'PRODUCT_PAGE']","page:puerta-seccional-de-acero-thermacore-593-uso-medio.php,puertas-seccionales-industriales.php",H3-D02c-PAGE-OWNERSHIP,Q01,Medio referenciado por pagina cuyo propietario final no esta decidido.
media,asset:images/puerta593t.png,page:puerta-seccional-de-acero-thermacore-593-uso-medio.php,R09_MEDIA_OWNER_PENDING,PUBLIC_SOURCE desde 1 pagina(s) ['PRODUCT_PAGE'],page:puerta-seccional-de-acero-thermacore-593-uso-medio.php,H3-D02c-PAGE-OWNERSHIP,Q01,Medio referenciado por pagina cuyo propietario final no esta decidido.
media,asset:images/puerta594.jpg,"page:puerta-seccional-de-acero-thermacore-594-uso-medio.php,puertas-seccionales-industriales.php",R09_MEDIA_OWNER_PENDING,"PUBLIC_SOURCE desde 2 pagina(s) ['CATEGORY_PAGE', 'PRODUCT_PAGE']","page:puerta-seccional-de-acero-thermacore-594-uso-medio.php,puertas-seccionales-industriales.php",H3-D02c-PAGE-OWNERSHIP,Q01,Medio referenciado por pagina cuyo propietario final no esta decidido.
media,asset:images/puerta594t.png,page:puerta-seccional-de-acero-thermacore-594-uso-medio.php,R09_MEDIA_OWNER_PENDING,PUBLIC_SOURCE desde 1 pagina(s) ['PRODUCT_PAGE'],page:puerta-seccional-de-acero-thermacore-594-uso-medio.php,H3-D02c-PAGE-OWNERSHIP,Q01,Medio referenciado por pagina cuyo propietario final no esta decidido.
media,asset:images/puerta595t.png,page:puerta-seccional-de-acero-thermacore-595-uso-pesado.php,R09_MEDIA_OWNER_PENDING,PUBLIC_SOURCE desde 1 pagina(s) ['PRODUCT_PAGE'],page:puerta-seccional-de-acero-thermacore-595-uso-pesado.php,H3-D02c-PAGE-OWNERSHIP,Q01,Medio referenciado por pagina cuyo propietario final no esta decidido.
media,asset:images/puerta598t.png,page:puertas-seccionales-de-acero-thermacore-598-uso-liviano.php,R09_MEDIA_OWNER_PENDING,PUBLIC_SOURCE desde 1 pagina(s) ['PRODUCT_PAGE'],page:puertas-seccionales-de-acero-thermacore-598-uso-liviano.php,H3-D02c-PAGE-OWNERSHIP,Q01,Medio referenciado por pagina cuyo propietario final no esta decidido.
media,asset:images/puerta599.jpg,"page:puerta-seccional-de-acero-thermacore-599-uso-muy-pesado.php,puertas-seccionales-industriales.php",R09_MEDIA_OWNER_PENDING,"PUBLIC_SOURCE desde 2 pagina(s) ['CATEGORY_PAGE', 'PRODUCT_PAGE']","page:puerta-seccional-de-acero-thermacore-599-uso-muy-pesado.php,puertas-seccionales-industriales.php",H3-D02c-PAGE-OWNERSHIP,Q01,Medio referenciado por pagina cuyo propietario final no esta decidido.
media,asset:images/puertaboom.jpg,"page:contra-exposion.php,doorlock.php,puerta-contra-explosion.php",R09_MEDIA_OWNER_PENDING,"PUBLIC_SOURCE desde 4 pagina(s) ['BRAND_PAGE', 'CATEGORY_PAGE', 'PRODUCT_PAGE']","page:contra-exposion.php,doorlock.php,puerta-contra-explosion.php",H3-D02c-PAGE-OWNERSHIP,Q01,Medio referenciado por pagina cuyo propietario final no esta decidido.
media,asset:images/puertas-rapida-apilable.png,page:puertas-rapidas.php,R09_MEDIA_OWNER_PENDING,PUBLIC_SOURCE desde 1 pagina(s) ['CATEGORY_PAGE'],page:puertas-rapidas.php,H3-D02c-PAGE-OWNERSHIP,Q01,Medio referenciado por pagina cuyo propietario final no esta decidido.
media,asset:images/qik.jpg,"page:comercial.php,qik-barreras-automaticas-de-hasta-58-m.php",R09_MEDIA_OWNER_PENDING,"PUBLIC_SOURCE desde 2 pagina(s) ['CATEGORY_PAGE', 'PRODUCT_PAGE']","page:comercial.php,qik-barreras-automaticas-de-hasta-58-m.php",H3-D02c-PAGE-OWNERSHIP,Q01,Medio referenciado por pagina cuyo propietario final no esta decidido.
media,asset:images/rampah.jpg,page:rampas-de-anden-hidraulicas.php,R09_MEDIA_OWNER_PENDING,PUBLIC_SOURCE desde 1 pagina(s) ['PRODUCT_PAGE'],page:rampas-de-anden-hidraulicas.php,H3-D02c-PAGE-OWNERSHIP,Q01,Medio referenciado por pagina cuyo propietario final no esta decidido.
media,asset:images/rampak.jpg,"page:equipos-y-accesorios-para-anden-de-carga.php,kelley.php,rampa-niveladora.php",R09_MEDIA_OWNER_PENDING,"PUBLIC_SOURCE desde 4 pagina(s) ['BRAND_PAGE', 'CATEGORY_PAGE', 'PRODUCT_PAGE']","page:equipos-y-accesorios-para-anden-de-carga.php,kelley.php,rampa-niveladora.php",H3-D02c-PAGE-OWNERSHIP,Q01,Medio referenciado por pagina cuyo propietario final no esta decidido.
media,asset:images/rampam.jpg,page:rampas-de-anden-mecanicas.php,R09_MEDIA_OWNER_PENDING,PUBLIC_SOURCE desde 1 pagina(s) ['PRODUCT_PAGE'],page:rampas-de-anden-mecanicas.php,H3-D02c-PAGE-OWNERSHIP,Q01,Medio referenciado por pagina cuyo propietario final no esta decidido.
media,asset:images/rapida.jpg,page:infraca-quality-doors.php,R09_MEDIA_OWNER_PENDING,PUBLIC_SOURCE desde 1 pagina(s) ['BRAND_PAGE'],page:infraca-quality-doors.php,H3-D02c-PAGE-OWNERSHIP,Q01,Medio referenciado por pagina cuyo propietario final no esta decidido.
media,asset:images/rayos.png,page:puertas-contra-rayos-x.php,R09_MEDIA_OWNER_PENDING,PUBLIC_SOURCE desde 1 pagina(s) ['PRODUCT_PAGE'],page:puertas-contra-rayos-x.php,H3-D02c-PAGE-OWNERSHIP,Q01,Medio referenciado por pagina cuyo propietario final no esta decidido.
media,asset:images/reforzada.png,page:puerta-estandar-reforzada.php,R09_MEDIA_OWNER_PENDING,PUBLIC_SOURCE desde 1 pagina(s) ['PRODUCT_PAGE'],page:puerta-estandar-reforzada.php,H3-D02c-PAGE-OWNERSHIP,Q01,Medio referenciado por pagina cuyo propietario final no esta decidido.
media,asset:images/retenedor.jpg,"page:blue-giant.php,equipos-y-accesorios-para-anden-de-carga.php,retenedor-de-vehiculos.php",R09_MEDIA_OWNER_PENDING,"PUBLIC_SOURCE desde 4 pagina(s) ['BRAND_PAGE', 'CATEGORY_PAGE', 'PRODUCT_PAGE']","page:blue-giant.php,equipos-y-accesorios-para-anden-de-carga.php,retenedor-de-vehiculos.php",H3-D02c-PAGE-OWNERSHIP,Q01,Medio referenciado por pagina cuyo propietario final no esta decidido.
media,asset:images/revolving.jpg,"page:1500-revolving-door.php,comercial.php",R09_MEDIA_OWNER_PENDING,"PUBLIC_SOURCE desde 2 pagina(s) ['CATEGORY_PAGE', 'PRODUCT_PAGE']","page:1500-revolving-door.php,comercial.php",H3-D02c-PAGE-OWNERSHIP,Q01,Medio referenciado por pagina cuyo propietario final no esta decidido.
media,asset:images/rhx-operator.jpg,"page:operador-comercial-rhx.php,overhead-door.php",R09_MEDIA_OWNER_PENDING,"PUBLIC_SOURCE desde 2 pagina(s) ['BRAND_PAGE', 'PRODUCT_PAGE']","page:operador-comercial-rhx.php,overhead-door.php",H3-D02c-PAGE-OWNERSHIP,Q01,Medio referenciado por pagina cuyo propietario final no esta decidido.
media,asset:images/rhx.jpg,"page:operador-para-perfilados-comerciales-jst.php,operadores-puertas-seccionales-cortinas.php",R09_MEDIA_OWNER_PENDING,"PUBLIC_SOURCE desde 2 pagina(s) ['CATEGORY_PAGE', 'PRODUCT_PAGE']","page:operador-para-perfilados-comerciales-jst.php,operadores-puertas-seccionales-cortinas.php",H3-D02c-PAGE-OWNERSHIP,Q01,Medio referenciado por pagina cuyo propietario final no esta decidido.
media,asset:images/rmx.jpg,"page:operador-para-perfilados-comerciales-sel.php,operadores-puertas-seccionales-cortinas.php",R09_MEDIA_OWNER_PENDING,"PUBLIC_SOURCE desde 2 pagina(s) ['CATEGORY_PAGE', 'PRODUCT_PAGE']","page:operador-para-perfilados-comerciales-sel.php,operadores-puertas-seccionales-cortinas.php",H3-D02c-PAGE-OWNERSHIP,Q01,Medio referenciado por pagina cuyo propietario final no esta decidido.
media,asset:images/rolli-zip.png,page:puertas-rapidas.php,R09_MEDIA_OWNER_PENDING,PUBLIC_SOURCE desde 1 pagina(s) ['CATEGORY_PAGE'],page:puertas-rapidas.php,H3-D02c-PAGE-OWNERSHIP,Q01,Medio referenciado por pagina cuyo propietario final no esta decidido.
media,asset:images/rolli.jpg,page:sector-puertas-rapidas-enrollables-de-sectores-intercambiables-y-contrapesos.php,R09_MEDIA_OWNER_PENDING,PUBLIC_SOURCE desde 1 pagina(s) ['PRODUCT_PAGE'],page:sector-puertas-rapidas-enrollables-de-sectores-intercambiables-y-contrapesos.php,H3-D02c-PAGE-OWNERSHIP,Q01,Medio referenciado por pagina cuyo propietario final no esta decidido.
media,asset:images/rolling-service-door-600.jpg,"page:centros-comerciales.php,cortinas-enrollables-industriales.php,overhead-door.php",R09_MEDIA_OWNER_PENDING,"PUBLIC_SOURCE desde 3 pagina(s) ['BRAND_PAGE', 'CATEGORY_PAGE']","page:centros-comerciales.php,cortinas-enrollables-industriales.php,overhead-door.php",H3-D02c-PAGE-OWNERSHIP,Q01,Medio referenciado por pagina cuyo propietario final no esta decidido.
media,asset:images/rolling-service-door-610-.jpg,page:cortinas-enrollables-industriales.php,R09_MEDIA_OWNER_PENDING,PUBLIC_SOURCE desde 1 pagina(s) ['CATEGORY_PAGE'],page:cortinas-enrollables-industriales.php,H3-D02c-PAGE-OWNERSHIP,Q01,Medio referenciado por pagina cuyo propietario final no esta decidido.
media,asset:images/rolling-service-door-610-620-625-3.jpg,page:cortinas-enrollables-industriales.php,R09_MEDIA_OWNER_PENDING,PUBLIC_SOURCE desde 1 pagina(s) ['CATEGORY_PAGE'],page:cortinas-enrollables-industriales.php,H3-D02c-PAGE-OWNERSHIP,Q01,Medio referenciado por pagina cuyo propietario final no esta decidido.
media,asset:images/rolling-service-door-625-wide.jpg,"page:cortina-serie-625.php,cortinas-enrollables-industriales.php,overhead-door.php",R09_MEDIA_OWNER_PENDING,"PUBLIC_SOURCE desde 3 pagina(s) ['BRAND_PAGE', 'CATEGORY_PAGE', 'PRODUCT_PAGE']","page:cortina-serie-625.php,cortinas-enrollables-industriales.php,overhead-door.php",H3-D02c-PAGE-OWNERSHIP,Q01,Medio referenciado por pagina cuyo propietario final no esta decidido.
media,asset:images/rolling-service-doors-610.jpg,page:cortina-serie-610.php,R09_MEDIA_OWNER_PENDING,PUBLIC_SOURCE desde 1 pagina(s) ['PRODUCT_PAGE'],page:cortina-serie-610.php,H3-D02c-PAGE-OWNERSHIP,Q01,Medio referenciado por pagina cuyo propietario final no esta decidido.
media,asset:images/rolling-sheet-770-2.jpg,page:cortina-serie-790-cw.php,R09_MEDIA_OWNER_PENDING,PUBLIC_SOURCE desde 1 pagina(s) ['PRODUCT_PAGE'],page:cortina-serie-790-cw.php,H3-D02c-PAGE-OWNERSHIP,Q01,Medio referenciado por pagina cuyo propietario final no esta decidido.
media,asset:images/rsx.jpg,"page:operador-para-cortina-enrrollable-rsx.php,operadores-puertas-seccionales-cortinas.php",R09_MEDIA_OWNER_PENDING,"PUBLIC_SOURCE desde 2 pagina(s) ['CATEGORY_PAGE', 'PRODUCT_PAGE']","page:operador-para-cortina-enrrollable-rsx.php,operadores-puertas-seccionales-cortinas.php",H3-D02c-PAGE-OWNERSHIP,Q01,Medio referenciado por pagina cuyo propietario final no esta decidido.
media,asset:images/sectional-steel-door-model-2415.jpg,page:puertas-seccionales-de-acero-modelo-2415.php,R09_MEDIA_OWNER_PENDING,PUBLIC_SOURCE desde 1 pagina(s) ['PRODUCT_PAGE'],page:puertas-seccionales-de-acero-modelo-2415.php,H3-D02c-PAGE-OWNERSHIP,Q01,Medio referenciado por pagina cuyo propietario final no esta decidido.
media,asset:images/sectional-steel-models-422-426.jpg,"page:puerta-seccionabl-acero-perfiles-422-uso-pesado.php,puertas-seccionales-industriales.php",R09_MEDIA_OWNER_PENDING,"PUBLIC_SOURCE desde 2 pagina(s) ['CATEGORY_PAGE', 'PRODUCT_PAGE']","page:puerta-seccionabl-acero-perfiles-422-uso-pesado.php,puertas-seccionales-industriales.php",H3-D02c-PAGE-OWNERSHIP,Q01,Medio referenciado por pagina cuyo propietario final no esta decidido.
media,asset:images/sectional-steel-thermacore-door-592.jpg,"page:overhead-door.php,puerta-seccional-de-acero-thermacore-serie-592.php,puertas-seccionales-industriales.php",R09_MEDIA_OWNER_PENDING,"PUBLIC_SOURCE desde 3 pagina(s) ['BRAND_PAGE', 'CATEGORY_PAGE', 'PRODUCT_PAGE']","page:overhead-door.php,puerta-seccional-de-acero-thermacore-serie-592.php,puertas-seccionales-industriales.php",H3-D02c-PAGE-OWNERSHIP,Q01,Medio referenciado por pagina cuyo propietario final no esta decidido.
media,asset:images/sector.jpg,page:sector-reset.php,R09_MEDIA_OWNER_PENDING,PUBLIC_SOURCE desde 1 pagina(s) ['PRODUCT_PAGE'],page:sector-reset.php,H3-D02c-PAGE-OWNERSHIP,Q01,Medio referenciado por pagina cuyo propietario final no esta decidido.
media,asset:images/sector1.jpg,page:sector-reset.php,R09_MEDIA_OWNER_PENDING,PUBLIC_SOURCE desde 1 pagina(s) ['PRODUCT_PAGE'],page:sector-reset.php,H3-D02c-PAGE-OWNERSHIP,Q01,Medio referenciado por pagina cuyo propietario final no esta decidido.
media,asset:images/sello.png,page:sellos-de-anden.php,R09_MEDIA_OWNER_PENDING,PUBLIC_SOURCE desde 1 pagina(s) ['PRODUCT_PAGE'],page:sellos-de-anden.php,H3-D02c-PAGE-OWNERSHIP,Q01,Medio referenciado por pagina cuyo propietario final no esta decidido.
media,asset:images/sellos-nacionales.png,page:sellos-para-anden.php,R09_MEDIA_OWNER_PENDING,PUBLIC_SOURCE desde 1 pagina(s) ['CATEGORY_PAGE'],page:sellos-para-anden.php,H3-D02c-PAGE-OWNERSHIP,Q01,Medio referenciado por pagina cuyo propietario final no esta decidido.
media,asset:images/sellos.jpg,"page:dockman.php,equipos-y-accesorios-para-anden-de-carga.php,sellos-de-anden.php",R09_MEDIA_OWNER_PENDING,"PUBLIC_SOURCE desde 4 pagina(s) ['BRAND_PAGE', 'CATEGORY_PAGE', 'PRODUCT_PAGE']","page:dockman.php,equipos-y-accesorios-para-anden-de-carga.php,sellos-de-anden.php",H3-D02c-PAGE-OWNERSHIP,Q01,Medio referenciado por pagina cuyo propietario final no esta decidido.
media,asset:images/semaforo.jpg,page:light-communication-system-lcs.php,R09_MEDIA_OWNER_PENDING,PUBLIC_SOURCE desde 1 pagina(s) ['PRODUCT_PAGE'],page:light-communication-system-lcs.php,H3-D02c-PAGE-OWNERSHIP,Q01,Medio referenciado por pagina cuyo propietario final no esta decidido.
media,asset:images/serie-600.jpg,page:cortina-serie-600.php,R09_MEDIA_OWNER_PENDING,PUBLIC_SOURCE desde 1 pagina(s) ['PRODUCT_PAGE'],page:cortina-serie-600.php,H3-D02c-PAGE-OWNERSHIP,Q01,Medio referenciado por pagina cuyo propietario final no esta decidido.
media,asset:images/serie790.jpg,page:cortinas-enrollables-industriales.php,R09_MEDIA_OWNER_PENDING,PUBLIC_SOURCE desde 1 pagina(s) ['CATEGORY_PAGE'],page:cortinas-enrollables-industriales.php,H3-D02c-PAGE-OWNERSHIP,Q01,Medio referenciado por pagina cuyo propietario final no esta decidido.
media,asset:images/serie_600.png,page:cortina-serie-600.php,R09_MEDIA_OWNER_PENDING,PUBLIC_SOURCE desde 1 pagina(s) ['PRODUCT_PAGE'],page:cortina-serie-600.php,H3-D02c-PAGE-OWNERSHIP,Q01,Medio referenciado por pagina cuyo propietario final no esta decidido.
media,asset:images/serie_790_001.png,page:cortina-serie-790-cw.php,R09_MEDIA_OWNER_PENDING,PUBLIC_SOURCE desde 1 pagina(s) ['PRODUCT_PAGE'],page:cortina-serie-790-cw.php,H3-D02c-PAGE-OWNERSHIP,Q01,Medio referenciado por pagina cuyo propietario final no esta decidido.
media,asset:images/seriex130.jpg,"page:bft-resp.php,bft.php,blue-giant.php",R09_MEDIA_OWNER_PENDING,"PUBLIC_SOURCE desde 5 pagina(s) ['BRAND_PAGE', 'CATEGORY_PAGE', 'PRODUCT_PAGE']","page:bft-resp.php,bft.php,blue-giant.php",H3-D02c-PAGE-OWNERSHIP,Q01,Medio referenciado por pagina cuyo propietario final no esta decidido.
media,asset:images/smart.jpg,page:smart-puertas-rapidas-enrollables-de-sectores-intercambiables-con-motor-externo.php,R09_MEDIA_OWNER_PENDING,PUBLIC_SOURCE desde 1 pagina(s) ['PRODUCT_PAGE'],page:smart-puertas-rapidas-enrollables-de-sectores-intercambiables-con-motor-externo.php,H3-D02c-PAGE-OWNERSHIP,Q01,Medio referenciado por pagina cuyo propietario final no esta decidido.
media,asset:images/sph.jpg,"page:doorlock.php,puerta-estandar.php,puertas-peatonales-estandar-y-reforzada.php",R09_MEDIA_OWNER_PENDING,"PUBLIC_SOURCE desde 3 pagina(s) ['BRAND_PAGE', 'CATEGORY_PAGE', 'PRODUCT_PAGE']","page:doorlock.php,puerta-estandar.php,puertas-peatonales-estandar-y-reforzada.php",H3-D02c-PAGE-OWNERSHIP,Q01,Medio referenciado por pagina cuyo propietario final no esta decidido.
media,asset:images/splus.jpg,page:sector-puertas-rapidas-enrollables-de-sectores-intercambiables-y-contrapesos.php,R09_MEDIA_OWNER_PENDING,PUBLIC_SOURCE desde 1 pagina(s) ['PRODUCT_PAGE'],page:sector-puertas-rapidas-enrollables-de-sectores-intercambiables-y-contrapesos.php,H3-D02c-PAGE-OWNERSHIP,Q01,Medio referenciado por pagina cuyo propietario final no esta decidido.
media,asset:images/sprint.jpg,page:sprint-automatizaciones-para-puertas-peatonales-pequenas-dimensiones.php,R09_MEDIA_OWNER_PENDING,PUBLIC_SOURCE desde 1 pagina(s) ['PRODUCT_PAGE'],page:sprint-automatizaciones-para-puertas-peatonales-pequenas-dimensiones.php,H3-D02c-PAGE-OWNERSHIP,Q01,Medio referenciado por pagina cuyo propietario final no esta decidido.
media,asset:images/star100.jpg,"page:comercial.php,star1000-receptor-comercial.php",R09_MEDIA_OWNER_PENDING,"PUBLIC_SOURCE desde 2 pagina(s) ['CATEGORY_PAGE', 'PRODUCT_PAGE']","page:comercial.php,star1000-receptor-comercial.php",H3-D02c-PAGE-OWNERSHIP,Q01,Medio referenciado por pagina cuyo propietario final no esta decidido.
media,asset:images/star4.jpg,"page:kelley.php,retenedores-de-vehiculos.php,star4-vehicle-restraint.php",R09_MEDIA_OWNER_PENDING,"PUBLIC_SOURCE desde 3 pagina(s) ['BRAND_PAGE', 'CATEGORY_PAGE', 'PRODUCT_PAGE']","page:kelley.php,retenedores-de-vehiculos.php,star4-vehicle-restraint.php",H3-D02c-PAGE-OWNERSHIP,Q01,Medio referenciado por pagina cuyo propietario final no esta decidido.
media,asset:images/t150.jpg,page:wayne-dalton.php,R09_MEDIA_OWNER_PENDING,PUBLIC_SOURCE desde 1 pagina(s) ['BRAND_PAGE'],page:wayne-dalton.php,H3-D02c-PAGE-OWNERSHIP,Q01,Medio referenciado por pagina cuyo propietario final no esta decidido.
media,asset:images/t424.png,page:puerta-seccional-de-acero-sin-aislamiento-424-uso-pesado.php,R09_MEDIA_OWNER_PENDING,PUBLIC_SOURCE desde 1 pagina(s) ['PRODUCT_PAGE'],page:puerta-seccional-de-acero-sin-aislamiento-424-uso-pesado.php,H3-D02c-PAGE-OWNERSHIP,Q01,Medio referenciado por pagina cuyo propietario final no esta decidido.
media,asset:images/thermacore-sectional-door-593-wide.jpg,page:puerta-seccional-de-acero-thermacore-595-uso-pesado.php,R09_MEDIA_OWNER_PENDING,PUBLIC_SOURCE desde 1 pagina(s) ['PRODUCT_PAGE'],page:puerta-seccional-de-acero-thermacore-595-uso-pesado.php,H3-D02c-PAGE-OWNERSHIP,Q01,Medio referenciado por pagina cuyo propietario final no esta decidido.
media,asset:images/thomp.jpg,"page:puertas-seccionales-de-acero-aisladas-thermospan-modelo-150.php,puertas-seccionales-de-acero-aisladas-thermospan.php",R09_MEDIA_OWNER_PENDING,PUBLIC_SOURCE desde 2 pagina(s) ['PRODUCT_PAGE'],"page:puertas-seccionales-de-acero-aisladas-thermospan-modelo-150.php,puertas-seccionales-de-acero-aisladas-thermospan.ph",H3-D02c-PAGE-OWNERSHIP,Q01,Medio referenciado por pagina cuyo propietario final no esta decidido.
media,asset:images/thumbnail_image005.jpg,page:operadores-para-puerta-corrediza-industrial.php,R09_MEDIA_OWNER_PENDING,PUBLIC_SOURCE desde 1 pagina(s) ['CATEGORY_PAGE'],page:operadores-para-puerta-corrediza-industrial.php,H3-D02c-PAGE-OWNERSHIP,Q01,Medio referenciado por pagina cuyo propietario final no esta decidido.
media,asset:images/tpr.jpg,page:retenedores-de-vehiculos-automatico.php,R09_MEDIA_OWNER_PENDING,PUBLIC_SOURCE desde 1 pagina(s) ['PRODUCT_PAGE'],page:retenedores-de-vehiculos-automatico.php,H3-D02c-PAGE-OWNERSHIP,Q01,Medio referenciado por pagina cuyo propietario final no esta decidido.
media,asset:images/traffic.jpg,page:traffic.php,R09_MEDIA_OWNER_PENDING,PUBLIC_SOURCE desde 1 pagina(s) ['PRODUCT_PAGE'],page:traffic.php,H3-D02c-PAGE-OWNERSHIP,Q01,Medio referenciado por pagina cuyo propietario final no esta decidido.
media,asset:images/upper.jpg,"page:comercial.php,upper-up8e-barreras-automaticas-de-hasta-8-m.php",R09_MEDIA_OWNER_PENDING,"PUBLIC_SOURCE desde 2 pagina(s) ['CATEGORY_PAGE', 'PRODUCT_PAGE']","page:comercial.php,upper-up8e-barreras-automaticas-de-hasta-8-m.php",H3-D02c-PAGE-OWNERSHIP,Q01,Medio referenciado por pagina cuyo propietario final no esta decidido.
media,asset:images/vista_sello.png,page:sellos-de-anden.php,R09_MEDIA_OWNER_PENDING,PUBLIC_SOURCE desde 1 pagina(s) ['PRODUCT_PAGE'],page:sellos-de-anden.php,H3-D02c-PAGE-OWNERSHIP,Q01,Medio referenciado por pagina cuyo propietario final no esta decidido.
media,asset:images/windload-thermacore-525-wide.jpg,"page:puertas-seccionales-de-acero-thermacore-598-uso-liviano.php,puertas-seccionales-industriales.php",R09_MEDIA_OWNER_PENDING,"PUBLIC_SOURCE desde 2 pagina(s) ['CATEGORY_PAGE', 'PRODUCT_PAGE']","page:puertas-seccionales-de-acero-thermacore-598-uso-liviano.php,puertas-seccionales-industriales.php",H3-D02c-PAGE-OWNERSHIP,Q01,Medio referenciado por pagina cuyo propietario final no esta decidido.
media,asset:images/x130.png,page:serie-x130-motor-para-cortina-oculto.php,R09_MEDIA_OWNER_PENDING,PUBLIC_SOURCE desde 1 pagina(s) ['PRODUCT_PAGE'],page:serie-x130-motor-para-cortina-oculto.php,H3-D02c-PAGE-OWNERSHIP,Q01,Medio referenciado por pagina cuyo propietario final no esta decidido.
media,asset:images/xel5.jpg,page:xel-5-selector-de-llave.php,R09_MEDIA_OWNER_PENDING,PUBLIC_SOURCE desde 1 pagina(s) ['PRODUCT_PAGE'],page:xel-5-selector-de-llave.php,H3-D02c-PAGE-OWNERSHIP,Q01,Medio referenciado por pagina cuyo propietario final no esta decidido.
media,asset:images/zen.jpg,page:gol-transmisores-de-cuatro-canales.php,R09_MEDIA_OWNER_PENDING,PUBLIC_SOURCE desde 1 pagina(s) ['PRODUCT_PAGE'],page:gol-transmisores-de-cuatro-canales.php,H3-D02c-PAGE-OWNERSHIP,Q01,Medio referenciado por pagina cuyo propietario final no esta decidido.
media,asset:images/zip.jpg,page:glg-porte-industriali.php,R09_MEDIA_OWNER_PENDING,PUBLIC_SOURCE desde 1 pagina(s) ['BRAND_PAGE'],page:glg-porte-industriali.php,H3-D02c-PAGE-OWNERSHIP,Q01,Medio referenciado por pagina cuyo propietario final no esta decidido.
page,php:1500-revolving-door.php,PRODUCT_PAGE,R07_SOURCE_OWNERSHIP_UNDEFINED,classification=PRODUCT_PAGE; preserve_url=YES; conf=STRONG_INFERENCE,,H3-D02c-PAGE-OWNERSHIP,Q01,"Reexpresa una entidad ya enumerada; regla R-G01 es MEDIUM, no implementada."
page,php:accesorios.php,PRODUCT_PAGE,R07_SOURCE_OWNERSHIP_UNDEFINED,classification=PRODUCT_PAGE; preserve_url=YES; conf=STRONG_INFERENCE,product:27|138,H3-D02c-PAGE-OWNERSHIP,Q01,"Reexpresa una entidad ya enumerada; regla R-G01 es MEDIUM, no implementada."
page,php:accesspro-fs1000speed.php,PRODUCT_PAGE,R07_SOURCE_OWNERSHIP_UNDEFINED,classification=PRODUCT_PAGE; preserve_url=YES; conf=STRONG_INFERENCE,product:1|109|110|114,H3-D02c-PAGE-OWNERSHIP,Q01,"Reexpresa una entidad ya enumerada; regla R-G01 es MEDIUM, no implementada."
page,php:automatismos-para-cancelas-cubic.php,PRODUCT_PAGE,R07_SOURCE_OWNERSHIP_UNDEFINED,classification=PRODUCT_PAGE; preserve_url=YES; conf=STRONG_INFERENCE,,H3-D02c-PAGE-OWNERSHIP,Q01,"Reexpresa una entidad ya enumerada; regla R-G01 es MEDIUM, no implementada."
page,php:barreras-estacionamiento-moovi50rm.php,PRODUCT_PAGE,R07_SOURCE_OWNERSHIP_UNDEFINED,classification=PRODUCT_PAGE; preserve_url=YES; conf=STRONG_INFERENCE,product:44|123|125|135,H3-D02c-PAGE-OWNERSHIP,Q01,"Reexpresa una entidad ya enumerada; regla R-G01 es MEDIUM, no implementada."
page,php:bft-resp.php,BRAND_PAGE,R07_SOURCE_OWNERSHIP_UNDEFINED,classification=BRAND_PAGE; preserve_url=YES; conf=CONFIRMED,,H3-D02c-PAGE-OWNERSHIP,Q01,"Reexpresa una entidad ya enumerada; regla R-G01 es MEDIUM, no implementada."
page,php:bft.php,BRAND_PAGE,R07_SOURCE_OWNERSHIP_UNDEFINED,classification=BRAND_PAGE; preserve_url=YES; conf=CONFIRMED,,H3-D02c-PAGE-OWNERSHIP,Q01,"Reexpresa una entidad ya enumerada; regla R-G01 es MEDIUM, no implementada."
page,php:bix-al-antena-externa-433-mhz.php,PRODUCT_PAGE,R07_SOURCE_OWNERSHIP_UNDEFINED,classification=PRODUCT_PAGE; preserve_url=YES; conf=STRONG_INFERENCE,,H3-D02c-PAGE-OWNERSHIP,Q01,"Reexpresa una entidad ya enumerada; regla R-G01 es MEDIUM, no implementada."
page,php:blindadas.php,CATEGORY_PAGE,R07_SOURCE_OWNERSHIP_UNDEFINED,classification=CATEGORY_PAGE; preserve_url=YES; conf=CONFIRMED,,H3-D02c-PAGE-OWNERSHIP,Q01,"Reexpresa una entidad ya enumerada; regla R-G01 es MEDIUM, no implementada."
page,php:blue-giant.php,BRAND_PAGE,R07_SOURCE_OWNERSHIP_UNDEFINED,classification=BRAND_PAGE; preserve_url=YES; conf=CONFIRMED,,H3-D02c-PAGE-OWNERSHIP,Q01,"Reexpresa una entidad ya enumerada; regla R-G01 es MEDIUM, no implementada."
page,php:centros-comerciales.php,CATEGORY_PAGE,R07_SOURCE_OWNERSHIP_UNDEFINED,classification=CATEGORY_PAGE; preserve_url=YES; conf=CONFIRMED,,H3-D02c-PAGE-OWNERSHIP,Q01,"Reexpresa una entidad ya enumerada; regla R-G01 es MEDIUM, no implementada."
page,php:clopay.php,BRAND_PAGE,R07_SOURCE_OWNERSHIP_UNDEFINED,classification=BRAND_PAGE; preserve_url=YES; conf=CONFIRMED,,H3-D02c-PAGE-OWNERSHIP,Q01,"Reexpresa una entidad ya enumerada; regla R-G01 es MEDIUM, no implementada."
page,php:coleccion-classic.php,PRODUCT_PAGE,R07_SOURCE_OWNERSHIP_UNDEFINED,classification=PRODUCT_PAGE; preserve_url=YES; conf=STRONG_INFERENCE,product:9|108,H3-D02c-PAGE-OWNERSHIP,Q01,"Reexpresa una entidad ya enumerada; regla R-G01 es MEDIUM, no implementada."
page,php:coleccion-modern-steel.php,PRODUCT_PAGE,R07_SOURCE_OWNERSHIP_UNDEFINED,classification=PRODUCT_PAGE; preserve_url=YES; conf=STRONG_INFERENCE,product:6|16|20|107,H3-D02c-PAGE-OWNERSHIP,Q01,"Reexpresa una entidad ya enumerada; regla R-G01 es MEDIUM, no implementada."
page,php:com-programadores-digitales-y-rotativos.php,PRODUCT_PAGE,R07_SOURCE_OWNERSHIP_UNDEFINED,classification=PRODUCT_PAGE; preserve_url=YES; conf=STRONG_INFERENCE,,H3-D02c-PAGE-OWNERSHIP,Q01,"Reexpresa una entidad ya enumerada; regla R-G01 es MEDIUM, no implementada."
page,php:comercial.php,CATEGORY_PAGE,R07_SOURCE_OWNERSHIP_UNDEFINED,classification=CATEGORY_PAGE; preserve_url=YES; conf=CONFIRMED,,H3-D02c-PAGE-OWNERSHIP,Q01,"Reexpresa una entidad ya enumerada; regla R-G01 es MEDIUM, no implementada."
page,php:contra-exposion.php,CATEGORY_PAGE,R07_SOURCE_OWNERSHIP_UNDEFINED,classification=CATEGORY_PAGE; preserve_url=YES; conf=CONFIRMED,,H3-D02c-PAGE-OWNERSHIP,Q01,"Reexpresa una entidad ya enumerada; regla R-G01 es MEDIUM, no implementada."
page,php:contra-incendio.php,CATEGORY_PAGE,R07_SOURCE_OWNERSHIP_UNDEFINED,classification=CATEGORY_PAGE; preserve_url=YES; conf=CONFIRMED,,H3-D02c-PAGE-OWNERSHIP,Q01,"Reexpresa una entidad ya enumerada; regla R-G01 es MEDIUM, no implementada."
page,php:cortina-de-seguridad-670.php,PRODUCT_PAGE,R07_SOURCE_OWNERSHIP_UNDEFINED,classification=PRODUCT_PAGE; preserve_url=YES; conf=STRONG_INFERENCE,product:97,H3-D02c-PAGE-OWNERSHIP,Q01,"Reexpresa una entidad ya enumerada; regla R-G01 es MEDIUM, no implementada."
page,php:cortina-de-seguridad-671.php,PRODUCT_PAGE,R07_SOURCE_OWNERSHIP_UNDEFINED,classification=PRODUCT_PAGE; preserve_url=YES; conf=STRONG_INFERENCE,product:98,H3-D02c-PAGE-OWNERSHIP,Q01,"Reexpresa una entidad ya enumerada; regla R-G01 es MEDIUM, no implementada."
page,php:cortina-en-aluminio-serie-511-521.php,PRODUCT_PAGE,R07_SOURCE_OWNERSHIP_UNDEFINED,classification=PRODUCT_PAGE; preserve_url=YES; conf=STRONG_INFERENCE,product:5|88,H3-D02c-PAGE-OWNERSHIP,Q01,"Reexpresa una entidad ya enumerada; regla R-G01 es MEDIUM, no implementada."
page,php:cortina-europea.php,PRODUCT_PAGE,R07_SOURCE_OWNERSHIP_UNDEFINED,classification=PRODUCT_PAGE; preserve_url=YES; conf=STRONG_INFERENCE,product:55|90|137,H3-D02c-PAGE-OWNERSHIP,Q01,"Reexpresa una entidad ya enumerada; regla R-G01 es MEDIUM, no implementada."
page,php:cortina-plana.php,PRODUCT_PAGE,R07_SOURCE_OWNERSHIP_UNDEFINED,classification=PRODUCT_PAGE; preserve_url=YES; conf=STRONG_INFERENCE,product:54|89|136,H3-D02c-PAGE-OWNERSHIP,Q01,"Reexpresa una entidad ya enumerada; regla R-G01 es MEDIUM, no implementada."
page,php:cortina-serie-600.php,PRODUCT_PAGE,R07_SOURCE_OWNERSHIP_UNDEFINED,classification=PRODUCT_PAGE; preserve_url=YES; conf=STRONG_INFERENCE,product:10|93|127,H3-D02c-PAGE-OWNERSHIP,Q01,"Reexpresa una entidad ya enumerada; regla R-G01 es MEDIUM, no implementada."
page,php:cortina-serie-610.php,PRODUCT_PAGE,R07_SOURCE_OWNERSHIP_UNDEFINED,classification=PRODUCT_PAGE; preserve_url=YES; conf=STRONG_INFERENCE,product:95,H3-D02c-PAGE-OWNERSHIP,Q01,"Reexpresa una entidad ya enumerada; regla R-G01 es MEDIUM, no implementada."
page,php:cortina-serie-620.php,PRODUCT_PAGE,R07_SOURCE_OWNERSHIP_UNDEFINED,classification=PRODUCT_PAGE; preserve_url=YES; conf=STRONG_INFERENCE,product:7|91,H3-D02c-PAGE-OWNERSHIP,Q01,"Reexpresa una entidad ya enumerada; regla R-G01 es MEDIUM, no implementada."
page,php:cortina-serie-625.php,PRODUCT_PAGE,R07_SOURCE_OWNERSHIP_UNDEFINED,classification=PRODUCT_PAGE; preserve_url=YES; conf=STRONG_INFERENCE,product:4|87,H3-D02c-PAGE-OWNERSHIP,Q01,"Reexpresa una entidad ya enumerada; regla R-G01 es MEDIUM, no implementada."
page,php:cortina-serie-630.php,PRODUCT_PAGE,R07_SOURCE_OWNERSHIP_UNDEFINED,classification=PRODUCT_PAGE; preserve_url=YES; conf=STRONG_INFERENCE,product:11|94,H3-D02c-PAGE-OWNERSHIP,Q01,"Reexpresa una entidad ya enumerada; regla R-G01 es MEDIUM, no implementada."
page,php:cortina-serie-790-cw.php,PRODUCT_PAGE,R07_SOURCE_OWNERSHIP_UNDEFINED,classification=PRODUCT_PAGE; preserve_url=YES; conf=STRONG_INFERENCE,product:92,H3-D02c-PAGE-OWNERSHIP,Q01,"Reexpresa una entidad ya enumerada; regla R-G01 es MEDIUM, no implementada."
page,php:cortinas-enrollables-industriales.php,CATEGORY_PAGE,R07_SOURCE_OWNERSHIP_UNDEFINED,classification=CATEGORY_PAGE; preserve_url=YES; conf=CONFIRMED,,H3-D02c-PAGE-OWNERSHIP,Q01,"Reexpresa una entidad ya enumerada; regla R-G01 es MEDIUM, no implementada."
page,php:cortinas-ventiladas-685.php,PRODUCT_PAGE,R07_SOURCE_OWNERSHIP_UNDEFINED,classification=PRODUCT_PAGE; preserve_url=YES; conf=STRONG_INFERENCE,product:96|128,H3-D02c-PAGE-OWNERSHIP,Q01,"Reexpresa una entidad ya enumerada; regla R-G01 es MEDIUM, no implementada."
page,php:cross-3e.php,PRODUCT_PAGE,R07_SOURCE_OWNERSHIP_UNDEFINED,classification=PRODUCT_PAGE; preserve_url=YES; conf=STRONG_INFERENCE,,H3-D02c-PAGE-OWNERSHIP,Q01,"Reexpresa una entidad ya enumerada; regla R-G01 es MEDIUM, no implementada."
page,php:detector-de-masas-max-eagle.php,PRODUCT_PAGE,R07_SOURCE_OWNERSHIP_UNDEFINED,classification=PRODUCT_PAGE; preserve_url=YES; conf=STRONG_INFERENCE,,H3-D02c-PAGE-OWNERSHIP,Q01,"Reexpresa una entidad ya enumerada; regla R-G01 es MEDIUM, no implementada."
page,php:ditec-neos-y-neos.php,PRODUCT_PAGE,R07_SOURCE_OWNERSHIP_UNDEFINED,classification=PRODUCT_PAGE; preserve_url=YES; conf=STRONG_INFERENCE,,H3-D02c-PAGE-OWNERSHIP,Q01,"Reexpresa una entidad ya enumerada; regla R-G01 es MEDIUM, no implementada."
page,php:dockman.php,BRAND_PAGE,R07_SOURCE_OWNERSHIP_UNDEFINED,classification=BRAND_PAGE; preserve_url=YES; conf=CONFIRMED,,H3-D02c-PAGE-OWNERSHIP,Q01,"Reexpresa una entidad ya enumerada; regla R-G01 es MEDIUM, no implementada."
page,php:dod-automatizacion-compacto-y-potente-para-portones-seccionales-correderos-y-enrollables.php,PRODUCT_PAGE,R07_SOURCE_OWNERSHIP_UNDEFINED,classification=PRODUCT_PAGE; preserve_url=YES; conf=STRONG_INFERENCE,,H3-D02c-PAGE-OWNERSHIP,Q01,"Reexpresa una entidad ya enumerada; regla R-G01 es MEDIUM, no implementada."
page,php:doorlock.php,BRAND_PAGE,R07_SOURCE_OWNERSHIP_UNDEFINED,classification=BRAND_PAGE; preserve_url=YES; conf=CONFIRMED,,H3-D02c-PAGE-OWNERSHIP,Q01,"Reexpresa una entidad ya enumerada; regla R-G01 es MEDIUM, no implementada."
page,php:dura-glide-20003000-puerta.php,PRODUCT_PAGE,R07_SOURCE_OWNERSHIP_UNDEFINED,classification=PRODUCT_PAGE; preserve_url=YES; conf=STRONG_INFERENCE,,H3-D02c-PAGE-OWNERSHIP,Q01,"Reexpresa una entidad ya enumerada; regla R-G01 es MEDIUM, no implementada."
page,php:energy-series-with-intellicore-37171-3-4.php,PRODUCT_PAGE,R07_SOURCE_OWNERSHIP_UNDEFINED,classification=PRODUCT_PAGE; preserve_url=YES; conf=STRONG_INFERENCE,product:2|17,H3-D02c-PAGE-OWNERSHIP,Q01,"Reexpresa una entidad ya enumerada; regla R-G01 es MEDIUM, no implementada."
page,php:energy-series-with-intellicore-3720-3724-3722.php,PRODUCT_PAGE,R07_SOURCE_OWNERSHIP_UNDEFINED,classification=PRODUCT_PAGE; preserve_url=YES; conf=STRONG_INFERENCE,product:19|61,H3-D02c-PAGE-OWNERSHIP,Q01,"Reexpresa una entidad ya enumerada; regla R-G01 es MEDIUM, no implementada."
page,php:equipos-y-accesorios-para-anden-de-carga.php,CATEGORY_PAGE,R07_SOURCE_OWNERSHIP_UNDEFINED,classification=CATEGORY_PAGE; preserve_url=YES; conf=CONFIRMED,,H3-D02c-PAGE-OWNERSHIP,Q01,"Reexpresa una entidad ya enumerada; regla R-G01 es MEDIUM, no implementada."
page,php:estacionamientos.php,CATEGORY_PAGE,R07_SOURCE_OWNERSHIP_UNDEFINED,classification=CATEGORY_PAGE; preserve_url=YES; conf=CONFIRMED,,H3-D02c-PAGE-OWNERSHIP,Q01,"Reexpresa una entidad ya enumerada; regla R-G01 es MEDIUM, no implementada."
page,php:fast-seal-high-performance-door.php,PRODUCT_PAGE,R07_SOURCE_OWNERSHIP_UNDEFINED,classification=PRODUCT_PAGE; preserve_url=YES; conf=STRONG_INFERENCE,product:36|101,H3-D02c-PAGE-OWNERSHIP,Q01,"Reexpresa una entidad ya enumerada; regla R-G01 es MEDIUM, no implementada."
page,php:fire-rated-doors-firestar-models-700-700c.php,PRODUCT_PAGE,R07_SOURCE_OWNERSHIP_UNDEFINED,classification=PRODUCT_PAGE; preserve_url=YES; conf=STRONG_INFERENCE,product:13|99,H3-D02c-PAGE-OWNERSHIP,Q01,"Reexpresa una entidad ya enumerada; regla R-G01 es MEDIUM, no implementada."
page,php:fotoceldas.php,PRODUCT_PAGE,R07_SOURCE_OWNERSHIP_UNDEFINED,classification=PRODUCT_PAGE; preserve_url=YES; conf=STRONG_INFERENCE,,H3-D02c-PAGE-OWNERSHIP,Q01,"Reexpresa una entidad ya enumerada; regla R-G01 es MEDIUM, no implementada."
page,php:fraccionamientos-y-condominios.php,CATEGORY_PAGE,R07_SOURCE_OWNERSHIP_UNDEFINED,classification=CATEGORY_PAGE; preserve_url=YES; conf=CONFIRMED,,H3-D02c-PAGE-OWNERSHIP,Q01,"Reexpresa una entidad ya enumerada; regla R-G01 es MEDIUM, no implementada."
page,php:glg-porte-industriali.php,BRAND_PAGE,R07_SOURCE_OWNERSHIP_UNDEFINED,classification=BRAND_PAGE; preserve_url=YES; conf=CONFIRMED,,H3-D02c-PAGE-OWNERSHIP,Q01,"Reexpresa una entidad ya enumerada; regla R-G01 es MEDIUM, no implementada."
page,php:gol-transmisores-de-cuatro-canales.php,PRODUCT_PAGE,R07_SOURCE_OWNERSHIP_UNDEFINED,classification=PRODUCT_PAGE; preserve_url=YES; conf=STRONG_INFERENCE,,H3-D02c-PAGE-OWNERSHIP,Q01,"Reexpresa una entidad ya enumerada; regla R-G01 es MEDIUM, no implementada."
page,php:icaro-smart.php,PRODUCT_PAGE,R07_SOURCE_OWNERSHIP_UNDEFINED,classification=PRODUCT_PAGE; preserve_url=YES; conf=STRONG_INFERENCE,product:49|76|124|126,H3-D02c-PAGE-OWNERSHIP,Q01,"Reexpresa una entidad ya enumerada; regla R-G01 es MEDIUM, no implementada."
page,php:industrial.php,CATEGORY_PAGE,R07_SOURCE_OWNERSHIP_UNDEFINED,classification=CATEGORY_PAGE; preserve_url=YES; conf=CONFIRMED,,H3-D02c-PAGE-OWNERSHIP,Q01,"Reexpresa una entidad ya enumerada; regla R-G01 es MEDIUM, no implementada."
page,php:infraca-quality-doors.php,BRAND_PAGE,R07_SOURCE_OWNERSHIP_UNDEFINED,classification=BRAND_PAGE; preserve_url=YES; conf=CONFIRMED,,H3-D02c-PAGE-OWNERSHIP,Q01,"Reexpresa una entidad ya enumerada; regla R-G01 es MEDIUM, no implementada."
page,php:kelley.php,BRAND_PAGE,R07_SOURCE_OWNERSHIP_UNDEFINED,classification=BRAND_PAGE; preserve_url=YES; conf=CONFIRMED,,H3-D02c-PAGE-OWNERSHIP,Q01,"Reexpresa una entidad ya enumerada; regla R-G01 es MEDIUM, no implementada."
page,php:kronos-puertas-rapidas-de-sectores-modulares-autorreparable.php,PRODUCT_PAGE,R07_SOURCE_OWNERSHIP_UNDEFINED,classification=PRODUCT_PAGE; preserve_url=YES; conf=STRONG_INFERENCE,product:41|106,H3-D02c-PAGE-OWNERSHIP,Q01,"Reexpresa una entidad ya enumerada; regla R-G01 es MEDIUM, no implementada."
page,php:lab-4-fotocelulas-de-rayos-infrarrojos.php,PRODUCT_PAGE,R07_SOURCE_OWNERSHIP_UNDEFINED,classification=PRODUCT_PAGE; preserve_url=YES; conf=STRONG_INFERENCE,,H3-D02c-PAGE-OWNERSHIP,Q01,"Reexpresa una entidad ya enumerada; regla R-G01 es MEDIUM, no implementada."
page,php:lab-9-detectores-de-volumen-de-metal-loop.php,PRODUCT_PAGE,R07_SOURCE_OWNERSHIP_UNDEFINED,classification=PRODUCT_PAGE; preserve_url=YES; conf=STRONG_INFERENCE,,H3-D02c-PAGE-OWNERSHIP,Q01,"Reexpresa una entidad ya enumerada; regla R-G01 es MEDIUM, no implementada."
page,php:labio-de-elevacion-mecanico-dockman.php,PRODUCT_PAGE,R07_SOURCE_OWNERSHIP_UNDEFINED,classification=PRODUCT_PAGE; preserve_url=YES; conf=STRONG_INFERENCE,product:51|143,H3-D02c-PAGE-OWNERSHIP,Q01,"Reexpresa una entidad ya enumerada; regla R-G01 es MEDIUM, no implementada."
page,php:labio-elevacion-anden-carga.php,CATEGORY_PAGE,R07_SOURCE_OWNERSHIP_UNDEFINED,classification=CATEGORY_PAGE; preserve_url=YES; conf=CONFIRMED,,H3-D02c-PAGE-OWNERSHIP,Q01,"Reexpresa una entidad ya enumerada; regla R-G01 es MEDIUM, no implementada."
page,php:lan-4-sistema-de-teclado-con-combinacion-digital.php,PRODUCT_PAGE,R07_SOURCE_OWNERSHIP_UNDEFINED,classification=PRODUCT_PAGE; preserve_url=YES; conf=STRONG_INFERENCE,,H3-D02c-PAGE-OWNERSHIP,Q01,"Reexpresa una entidad ya enumerada; regla R-G01 es MEDIUM, no implementada."
page,php:lan-7-sistema-de-mando-de-proximidad-de-tarjetas-con-tecnologia-transponder.php,PRODUCT_PAGE,R07_SOURCE_OWNERSHIP_UNDEFINED,classification=PRODUCT_PAGE; preserve_url=YES; conf=STRONG_INFERENCE,,H3-D02c-PAGE-OWNERSHIP,Q01,"Reexpresa una entidad ya enumerada; regla R-G01 es MEDIUM, no implementada."
page,php:lift-master-mod-h.php,PRODUCT_PAGE,R07_SOURCE_OWNERSHIP_UNDEFINED,classification=PRODUCT_PAGE; preserve_url=YES; conf=STRONG_INFERENCE,product:43|81,H3-D02c-PAGE-OWNERSHIP,Q01,"Reexpresa una entidad ya enumerada; regla R-G01 es MEDIUM, no implementada."
page,php:lift-master.php,BRAND_PAGE,R07_SOURCE_OWNERSHIP_UNDEFINED,classification=BRAND_PAGE; preserve_url=YES; conf=CONFIRMED,,H3-D02c-PAGE-OWNERSHIP,Q01,"Reexpresa una entidad ya enumerada; regla R-G01 es MEDIUM, no implementada."
page,php:liftmaster-modh.php,PRODUCT_PAGE,R07_SOURCE_OWNERSHIP_UNDEFINED,classification=PRODUCT_PAGE; preserve_url=YES; conf=STRONG_INFERENCE,product:43|81,H3-D02c-PAGE-OWNERSHIP,Q01,"Reexpresa una entidad ya enumerada; regla R-G01 es MEDIUM, no implementada."
page,php:light-communication-system-lcs.php,PRODUCT_PAGE,R07_SOURCE_OWNERSHIP_UNDEFINED,classification=PRODUCT_PAGE; preserve_url=YES; conf=STRONG_INFERENCE,,H3-D02c-PAGE-OWNERSHIP,Q01,"Reexpresa una entidad ya enumerada; regla R-G01 es MEDIUM, no implementada."
page,php:lux-2b-y-lux-gv-piston-hidraulico-para-puerta-abatible.php,PRODUCT_PAGE,R07_SOURCE_OWNERSHIP_UNDEFINED,classification=PRODUCT_PAGE; preserve_url=YES; conf=STRONG_INFERENCE,product:48|79|112,H3-D02c-PAGE-OWNERSHIP,Q01,"Reexpresa una entidad ya enumerada; regla R-G01 es MEDIUM, no implementada."
page,php:luxo-robusto-e-incansable-para-servicios-intensivos-para-hojas-de-hasta-5-m.php,PRODUCT_PAGE,R07_SOURCE_OWNERSHIP_UNDEFINED,classification=PRODUCT_PAGE; preserve_url=YES; conf=STRONG_INFERENCE,,H3-D02c-PAGE-OWNERSHIP,Q01,"Reexpresa una entidad ya enumerada; regla R-G01 es MEDIUM, no implementada."
page,php:magic-fuerza-del-operador.php,PRODUCT_PAGE,R07_SOURCE_OWNERSHIP_UNDEFINED,classification=PRODUCT_PAGE; preserve_url=YES; conf=STRONG_INFERENCE,,H3-D02c-PAGE-OWNERSHIP,Q01,"Reexpresa una entidad ya enumerada; regla R-G01 es MEDIUM, no implementada."
page,php:marcas.php,CATEGORY_PAGE,R07_SOURCE_OWNERSHIP_UNDEFINED,classification=CATEGORY_PAGE; preserve_url=YES; conf=CONFIRMED,,H3-D02c-PAGE-OWNERSHIP,Q01,"Reexpresa una entidad ya enumerada; regla R-G01 es MEDIUM, no implementada."
page,php:marcasv1.php,CATEGORY_PAGE,R07_SOURCE_OWNERSHIP_UNDEFINED,classification=CATEGORY_PAGE; preserve_url=YES; conf=CONFIRMED,,H3-D02c-PAGE-OWNERSHIP,Q01,"Reexpresa una entidad ya enumerada; regla R-G01 es MEDIUM, no implementada."
page,php:operador-comercial-rhx.php,PRODUCT_PAGE,R07_SOURCE_OWNERSHIP_UNDEFINED,classification=PRODUCT_PAGE; preserve_url=YES; conf=STRONG_INFERENCE,product:12|82,H3-D02c-PAGE-OWNERSHIP,Q01,"Reexpresa una entidad ya enumerada; regla R-G01 es MEDIUM, no implementada."
page,php:operador-para-cortina-enrrollable-rsx.php,PRODUCT_PAGE,R07_SOURCE_OWNERSHIP_UNDEFINED,classification=PRODUCT_PAGE; preserve_url=YES; conf=STRONG_INFERENCE,product:86,H3-D02c-PAGE-OWNERSHIP,Q01,"Reexpresa una entidad ya enumerada; regla R-G01 es MEDIUM, no implementada."
page,php:operador-para-perfilados-comerciales-jst.php,PRODUCT_PAGE,R07_SOURCE_OWNERSHIP_UNDEFINED,classification=PRODUCT_PAGE; preserve_url=YES; conf=STRONG_INFERENCE,product:77,H3-D02c-PAGE-OWNERSHIP,Q01,"Reexpresa una entidad ya enumerada; regla R-G01 es MEDIUM, no implementada."
page,php:operador-para-perfilados-comerciales-sel.php,PRODUCT_PAGE,R07_SOURCE_OWNERSHIP_UNDEFINED,classification=PRODUCT_PAGE; preserve_url=YES; conf=STRONG_INFERENCE,product:78|84,H3-D02c-PAGE-OWNERSHIP,Q01,"Reexpresa una entidad ya enumerada; regla R-G01 es MEDIUM, no implementada."
page,php:operadores-para-puerta-abatible.php,CATEGORY_PAGE,R07_SOURCE_OWNERSHIP_UNDEFINED,classification=CATEGORY_PAGE; preserve_url=YES; conf=CONFIRMED,,H3-D02c-PAGE-OWNERSHIP,Q01,"Reexpresa una entidad ya enumerada; regla R-G01 es MEDIUM, no implementada."
page,php:operadores-para-puerta-corrediza-industrial.php,CATEGORY_PAGE,R07_SOURCE_OWNERSHIP_UNDEFINED,classification=CATEGORY_PAGE; preserve_url=YES; conf=CONFIRMED,,H3-D02c-PAGE-OWNERSHIP,Q01,"Reexpresa una entidad ya enumerada; regla R-G01 es MEDIUM, no implementada."
page,php:operadores-para-puertas-ascendentes.php,CATEGORY_PAGE,R07_SOURCE_OWNERSHIP_UNDEFINED,classification=CATEGORY_PAGE; preserve_url=YES; conf=CONFIRMED,,H3-D02c-PAGE-OWNERSHIP,Q01,"Reexpresa una entidad ya enumerada; regla R-G01 es MEDIUM, no implementada."
page,php:operadores-para-puertas-corredizas-residenciales.php,CATEGORY_PAGE,R07_SOURCE_OWNERSHIP_UNDEFINED,classification=CATEGORY_PAGE; preserve_url=YES; conf=CONFIRMED,,H3-D02c-PAGE-OWNERSHIP,Q01,"Reexpresa una entidad ya enumerada; regla R-G01 es MEDIUM, no implementada."
page,php:operadores-para-puertas-de-mostrador-cdo.php,PRODUCT_PAGE,R07_SOURCE_OWNERSHIP_UNDEFINED,classification=PRODUCT_PAGE; preserve_url=YES; conf=STRONG_INFERENCE,product:85,H3-D02c-PAGE-OWNERSHIP,Q01,"Reexpresa una entidad ya enumerada; regla R-G01 es MEDIUM, no implementada."
page,php:operadores-puerta-abatible-industrial.php,CATEGORY_PAGE,R07_SOURCE_OWNERSHIP_UNDEFINED,classification=CATEGORY_PAGE; preserve_url=YES; conf=CONFIRMED,,H3-D02c-PAGE-OWNERSHIP,Q01,"Reexpresa una entidad ya enumerada; regla R-G01 es MEDIUM, no implementada."
page,php:operadores-puertas-seccionales-cortinas.php,CATEGORY_PAGE,R07_SOURCE_OWNERSHIP_UNDEFINED,classification=CATEGORY_PAGE; preserve_url=YES; conf=CONFIRMED,,H3-D02c-PAGE-OWNERSHIP,Q01,"Reexpresa una entidad ya enumerada; regla R-G01 es MEDIUM, no implementada."
page,php:overhead-door.php,BRAND_PAGE,R07_SOURCE_OWNERSHIP_UNDEFINED,classification=BRAND_PAGE; preserve_url=YES; conf=CONFIRMED,,H3-D02c-PAGE-OWNERSHIP,Q01,"Reexpresa una entidad ya enumerada; regla R-G01 es MEDIUM, no implementada."
page,php:p45-7-piston-hidraulico-para-puerta-abatible.php,PRODUCT_PAGE,R07_SOURCE_OWNERSHIP_UNDEFINED,classification=PRODUCT_PAGE; preserve_url=YES; conf=STRONG_INFERENCE,product:47|80|113,H3-D02c-PAGE-OWNERSHIP,Q01,"Reexpresa una entidad ya enumerada; regla R-G01 es MEDIUM, no implementada."
page,php:pas-sensores-volumetricos.php,PRODUCT_PAGE,R07_SOURCE_OWNERSHIP_UNDEFINED,classification=PRODUCT_PAGE; preserve_url=YES; conf=STRONG_INFERENCE,,H3-D02c-PAGE-OWNERSHIP,Q01,"Reexpresa una entidad ya enumerada; regla R-G01 es MEDIUM, no implementada."
page,php:phobos-n-piston-electromecanico.php,PRODUCT_PAGE,R07_SOURCE_OWNERSHIP_UNDEFINED,classification=PRODUCT_PAGE; preserve_url=YES; conf=STRONG_INFERENCE,product:46|111,H3-D02c-PAGE-OWNERSHIP,Q01,"Reexpresa una entidad ya enumerada; regla R-G01 es MEDIUM, no implementada."
page,php:predadoor-nxt-door.php,PRODUCT_PAGE,R07_SOURCE_OWNERSHIP_UNDEFINED,classification=PRODUCT_PAGE; preserve_url=YES; conf=STRONG_INFERENCE,product:37|102,H3-D02c-PAGE-OWNERSHIP,Q01,"Reexpresa una entidad ya enumerada; regla R-G01 es MEDIUM, no implementada."
page,php:puert-seccional-de-acero-sin-aislamiento-430-uso-medio.php,PRODUCT_PAGE,R07_SOURCE_OWNERSHIP_UNDEFINED,classification=PRODUCT_PAGE; preserve_url=YES; conf=STRONG_INFERENCE,product:66,H3-D02c-PAGE-OWNERSHIP,Q01,"Reexpresa una entidad ya enumerada; regla R-G01 es MEDIUM, no implementada."
page,php:puerta-contra-explosion.php,PRODUCT_PAGE,R07_SOURCE_OWNERSHIP_UNDEFINED,classification=PRODUCT_PAGE; preserve_url=YES; conf=STRONG_INFERENCE,product:26|117,H3-D02c-PAGE-OWNERSHIP,Q01,"Reexpresa una entidad ya enumerada; regla R-G01 es MEDIUM, no implementada."
page,php:puerta-contra-incendio.php,CATEGORY_PAGE,R07_SOURCE_OWNERSHIP_UNDEFINED,classification=CATEGORY_PAGE; preserve_url=YES; conf=CONFIRMED,,H3-D02c-PAGE-OWNERSHIP,Q01,"Reexpresa una entidad ya enumerada; regla R-G01 es MEDIUM, no implementada."
page,php:puerta-de-acero-acanalado-modelos-524.php,PRODUCT_PAGE,R07_SOURCE_OWNERSHIP_UNDEFINED,classification=PRODUCT_PAGE; preserve_url=YES; conf=STRONG_INFERENCE,product:18|58,H3-D02c-PAGE-OWNERSHIP,Q01,"Reexpresa una entidad ya enumerada; regla R-G01 es MEDIUM, no implementada."
page,php:puerta-de-acero-acanalado.php,PRODUCT_PAGE,R07_SOURCE_OWNERSHIP_UNDEFINED,classification=PRODUCT_PAGE; preserve_url=YES; conf=STRONG_INFERENCE,product:18|58,H3-D02c-PAGE-OWNERSHIP,Q01,"Reexpresa una entidad ya enumerada; regla R-G01 es MEDIUM, no implementada."
page,php:puerta-estandar-reforzada.php,PRODUCT_PAGE,R07_SOURCE_OWNERSHIP_UNDEFINED,classification=PRODUCT_PAGE; preserve_url=YES; conf=STRONG_INFERENCE,product:32|120|132,H3-D02c-PAGE-OWNERSHIP,Q01,"Reexpresa una entidad ya enumerada; regla R-G01 es MEDIUM, no implementada."
page,php:puerta-estandar.php,PRODUCT_PAGE,R07_SOURCE_OWNERSHIP_UNDEFINED,classification=PRODUCT_PAGE; preserve_url=YES; conf=STRONG_INFERENCE,product:31|119|131,H3-D02c-PAGE-OWNERSHIP,Q01,"Reexpresa una entidad ya enumerada; regla R-G01 es MEDIUM, no implementada."
page,php:puerta-holandesa.php,PRODUCT_PAGE,R07_SOURCE_OWNERSHIP_UNDEFINED,classification=PRODUCT_PAGE; preserve_url=YES; conf=STRONG_INFERENCE,product:33|122|133,H3-D02c-PAGE-OWNERSHIP,Q01,"Reexpresa una entidad ya enumerada; regla R-G01 es MEDIUM, no implementada."
page,php:puerta-para-hospital.php,PRODUCT_PAGE,R07_SOURCE_OWNERSHIP_UNDEFINED,classification=PRODUCT_PAGE; preserve_url=YES; conf=STRONG_INFERENCE,product:34,H3-D02c-PAGE-OWNERSHIP,Q01,"Reexpresa una entidad ya enumerada; regla R-G01 es MEDIUM, no implementada."
page,php:puerta-seccionabl-acero-perfiles-422-uso-pesado.php,PRODUCT_PAGE,R07_SOURCE_OWNERSHIP_UNDEFINED,classification=PRODUCT_PAGE; preserve_url=YES; conf=STRONG_INFERENCE,product:69,H3-D02c-PAGE-OWNERSHIP,Q01,"Reexpresa una entidad ya enumerada; regla R-G01 es MEDIUM, no implementada."
page,php:puerta-seccional-de-acero-perfiles-418.php,PRODUCT_PAGE,R07_SOURCE_OWNERSHIP_UNDEFINED,classification=PRODUCT_PAGE; preserve_url=YES; conf=STRONG_INFERENCE,product:68,H3-D02c-PAGE-OWNERSHIP,Q01,"Reexpresa una entidad ya enumerada; regla R-G01 es MEDIUM, no implementada."
page,php:puerta-seccional-de-acero-perfiles-432-uso-medio.php,PRODUCT_PAGE,R07_SOURCE_OWNERSHIP_UNDEFINED,classification=PRODUCT_PAGE; preserve_url=YES; conf=STRONG_INFERENCE,product:71,H3-D02c-PAGE-OWNERSHIP,Q01,"Reexpresa una entidad ya enumerada; regla R-G01 es MEDIUM, no implementada."
page,php:puerta-seccional-de-acero-sin-aislamiento-416-uso-muy-pesado.php,PRODUCT_PAGE,R07_SOURCE_OWNERSHIP_UNDEFINED,classification=PRODUCT_PAGE; preserve_url=YES; conf=STRONG_INFERENCE,product:63,H3-D02c-PAGE-OWNERSHIP,Q01,"Reexpresa una entidad ya enumerada; regla R-G01 es MEDIUM, no implementada."
page,php:puerta-seccional-de-acero-sin-aislamiento-424-uso-pesado.php,PRODUCT_PAGE,R07_SOURCE_OWNERSHIP_UNDEFINED,classification=PRODUCT_PAGE; preserve_url=YES; conf=STRONG_INFERENCE,product:65,H3-D02c-PAGE-OWNERSHIP,Q01,"Reexpresa una entidad ya enumerada; regla R-G01 es MEDIUM, no implementada."
page,php:puerta-seccional-de-acero-thermacore-593-uso-medio.php,PRODUCT_PAGE,R07_SOURCE_OWNERSHIP_UNDEFINED,classification=PRODUCT_PAGE; preserve_url=YES; conf=STRONG_INFERENCE,product:72,H3-D02c-PAGE-OWNERSHIP,Q01,"Reexpresa una entidad ya enumerada; regla R-G01 es MEDIUM, no implementada."
page,php:puerta-seccional-de-acero-thermacore-594-uso-medio.php,PRODUCT_PAGE,R07_SOURCE_OWNERSHIP_UNDEFINED,classification=PRODUCT_PAGE; preserve_url=YES; conf=STRONG_INFERENCE,product:73,H3-D02c-PAGE-OWNERSHIP,Q01,"Reexpresa una entidad ya enumerada; regla R-G01 es MEDIUM, no implementada."
page,php:puerta-seccional-de-acero-thermacore-595-uso-pesado.php,PRODUCT_PAGE,R07_SOURCE_OWNERSHIP_UNDEFINED,classification=PRODUCT_PAGE; preserve_url=YES; conf=STRONG_INFERENCE,,H3-D02c-PAGE-OWNERSHIP,Q01,"Reexpresa una entidad ya enumerada; regla R-G01 es MEDIUM, no implementada."
page,php:puerta-seccional-de-acero-thermacore-599-uso-muy-pesado.php,PRODUCT_PAGE,R07_SOURCE_OWNERSHIP_UNDEFINED,classification=PRODUCT_PAGE; preserve_url=YES; conf=STRONG_INFERENCE,product:75,H3-D02c-PAGE-OWNERSHIP,Q01,"Reexpresa una entidad ya enumerada; regla R-G01 es MEDIUM, no implementada."
page,php:puerta-seccional-de-acero-thermacore-serie-592.php,PRODUCT_PAGE,R07_SOURCE_OWNERSHIP_UNDEFINED,classification=PRODUCT_PAGE; preserve_url=YES; conf=STRONG_INFERENCE,product:8|62,H3-D02c-PAGE-OWNERSHIP,Q01,"Reexpresa una entidad ya enumerada; regla R-G01 es MEDIUM, no implementada."
page,php:puerta-y-fijos-louver.php,PRODUCT_PAGE,R07_SOURCE_OWNERSHIP_UNDEFINED,classification=PRODUCT_PAGE; preserve_url=YES; conf=STRONG_INFERENCE,product:35|121|134,H3-D02c-PAGE-OWNERSHIP,Q01,"Reexpresa una entidad ya enumerada; regla R-G01 es MEDIUM, no implementada."
page,php:puertas-blindadas.php,PRODUCT_PAGE,R07_SOURCE_OWNERSHIP_UNDEFINED,classification=PRODUCT_PAGE; preserve_url=YES; conf=STRONG_INFERENCE,product:28|118|129,H3-D02c-PAGE-OWNERSHIP,Q01,"Reexpresa una entidad ya enumerada; regla R-G01 es MEDIUM, no implementada."
page,php:puertas-contra-incendio.php,PRODUCT_PAGE,R07_SOURCE_OWNERSHIP_UNDEFINED,classification=PRODUCT_PAGE; preserve_url=YES; conf=STRONG_INFERENCE,product:29|116|130,H3-D02c-PAGE-OWNERSHIP,Q01,"Reexpresa una entidad ya enumerada; regla R-G01 es MEDIUM, no implementada."
page,php:puertas-contra-rayos-x.php,PRODUCT_PAGE,R07_SOURCE_OWNERSHIP_UNDEFINED,classification=PRODUCT_PAGE; preserve_url=YES; conf=STRONG_INFERENCE,product:30|115,H3-D02c-PAGE-OWNERSHIP,Q01,"Reexpresa una entidad ya enumerada; regla R-G01 es MEDIUM, no implementada."
page,php:puertas-industriales-dockman.php,PRODUCT_PAGE,R07_SOURCE_OWNERSHIP_UNDEFINED,classification=PRODUCT_PAGE; preserve_url=YES; conf=STRONG_INFERENCE,product:50|59,H3-D02c-PAGE-OWNERSHIP,Q01,"Reexpresa una entidad ya enumerada; regla R-G01 es MEDIUM, no implementada."
page,php:puertas-peatonales-estandar-y-reforzada.php,CATEGORY_PAGE,R07_SOURCE_OWNERSHIP_UNDEFINED,classification=CATEGORY_PAGE; preserve_url=YES; conf=CONFIRMED,,H3-D02c-PAGE-OWNERSHIP,Q01,"Reexpresa una entidad ya enumerada; regla R-G01 es MEDIUM, no implementada."
page,php:puertas-peatonales-hospitales.php,CATEGORY_PAGE,R07_SOURCE_OWNERSHIP_UNDEFINED,classification=CATEGORY_PAGE; preserve_url=YES; conf=CONFIRMED,,H3-D02c-PAGE-OWNERSHIP,Q01,"Reexpresa una entidad ya enumerada; regla R-G01 es MEDIUM, no implementada."
page,php:puertas-peatonales-rayos-x.php,CATEGORY_PAGE,R07_SOURCE_OWNERSHIP_UNDEFINED,classification=CATEGORY_PAGE; preserve_url=YES; conf=CONFIRMED,,H3-D02c-PAGE-OWNERSHIP,Q01,"Reexpresa una entidad ya enumerada; regla R-G01 es MEDIUM, no implementada."
page,php:puertas-peatonales-tipo-holandesa.php,CATEGORY_PAGE,R07_SOURCE_OWNERSHIP_UNDEFINED,classification=CATEGORY_PAGE; preserve_url=YES; conf=CONFIRMED,,H3-D02c-PAGE-OWNERSHIP,Q01,"Reexpresa una entidad ya enumerada; regla R-G01 es MEDIUM, no implementada."
page,php:puertas-rapidas.php,CATEGORY_PAGE,R07_SOURCE_OWNERSHIP_UNDEFINED,classification=CATEGORY_PAGE; preserve_url=YES; conf=CONFIRMED,,H3-D02c-PAGE-OWNERSHIP,Q01,"Reexpresa una entidad ya enumerada; regla R-G01 es MEDIUM, no implementada."
page,php:puertas-salida-emergencia.php,CATEGORY_PAGE,R07_SOURCE_OWNERSHIP_UNDEFINED,classification=CATEGORY_PAGE; preserve_url=YES; conf=CONFIRMED,,H3-D02c-PAGE-OWNERSHIP,Q01,"Reexpresa una entidad ya enumerada; regla R-G01 es MEDIUM, no implementada."
page,php:puertas-seccionales-de-acero-aisladas-thermospan-modelo-150.php,PRODUCT_PAGE,R07_SOURCE_OWNERSHIP_UNDEFINED,classification=PRODUCT_PAGE; preserve_url=YES; conf=STRONG_INFERENCE,product:14|57,H3-D02c-PAGE-OWNERSHIP,Q01,"Reexpresa una entidad ya enumerada; regla R-G01 es MEDIUM, no implementada."
page,php:puertas-seccionales-de-acero-aisladas-thermospan.php,PRODUCT_PAGE,R07_SOURCE_OWNERSHIP_UNDEFINED,classification=PRODUCT_PAGE; preserve_url=YES; conf=STRONG_INFERENCE,product:14|57,H3-D02c-PAGE-OWNERSHIP,Q01,"Reexpresa una entidad ya enumerada; regla R-G01 es MEDIUM, no implementada."
page,php:puertas-seccionales-de-acero-modelo-2415.php,PRODUCT_PAGE,R07_SOURCE_OWNERSHIP_UNDEFINED,classification=PRODUCT_PAGE; preserve_url=YES; conf=STRONG_INFERENCE,product:15|60,H3-D02c-PAGE-OWNERSHIP,Q01,"Reexpresa una entidad ya enumerada; regla R-G01 es MEDIUM, no implementada."
page,php:puertas-seccionales-de-acero-perfiles-426.php,PRODUCT_PAGE,R07_SOURCE_OWNERSHIP_UNDEFINED,classification=PRODUCT_PAGE; preserve_url=YES; conf=STRONG_INFERENCE,product:70,H3-D02c-PAGE-OWNERSHIP,Q01,"Reexpresa una entidad ya enumerada; regla R-G01 es MEDIUM, no implementada."
page,php:puertas-seccionales-de-acero-sin-aislamiento-420-uso-pesado.php,PRODUCT_PAGE,R07_SOURCE_OWNERSHIP_UNDEFINED,classification=PRODUCT_PAGE; preserve_url=YES; conf=STRONG_INFERENCE,product:64,H3-D02c-PAGE-OWNERSHIP,Q01,"Reexpresa una entidad ya enumerada; regla R-G01 es MEDIUM, no implementada."
page,php:puertas-seccionales-de-acero-thermacore-598-uso-liviano.php,PRODUCT_PAGE,R07_SOURCE_OWNERSHIP_UNDEFINED,classification=PRODUCT_PAGE; preserve_url=YES; conf=STRONG_INFERENCE,product:74,H3-D02c-PAGE-OWNERSHIP,Q01,"Reexpresa una entidad ya enumerada; regla R-G01 es MEDIUM, no implementada."
page,php:puertas-seccionales-de-aluminio-521.php,PRODUCT_PAGE,R07_SOURCE_OWNERSHIP_UNDEFINED,classification=PRODUCT_PAGE; preserve_url=YES; conf=STRONG_INFERENCE,product:67,H3-D02c-PAGE-OWNERSHIP,Q01,"Reexpresa una entidad ya enumerada; regla R-G01 es MEDIUM, no implementada."
page,php:puertas-seccionales-industriales.php,CATEGORY_PAGE,R07_SOURCE_OWNERSHIP_UNDEFINED,classification=CATEGORY_PAGE; preserve_url=YES; conf=CONFIRMED,,H3-D02c-PAGE-OWNERSHIP,Q01,"Reexpresa una entidad ya enumerada; regla R-G01 es MEDIUM, no implementada."
page,php:puertas-y-fijos-louver.php,CATEGORY_PAGE,R07_SOURCE_OWNERSHIP_UNDEFINED,classification=CATEGORY_PAGE; preserve_url=YES; conf=CONFIRMED,,H3-D02c-PAGE-OWNERSHIP,Q01,"Reexpresa una entidad ya enumerada; regla R-G01 es MEDIUM, no implementada."
page,php:puertasresidenciales.php,CATEGORY_PAGE,R07_SOURCE_OWNERSHIP_UNDEFINED,classification=CATEGORY_PAGE; preserve_url=YES; conf=CONFIRMED,,H3-D02c-PAGE-OWNERSHIP,Q01,"Reexpresa una entidad ya enumerada; regla R-G01 es MEDIUM, no implementada."
page,php:q-silent-max-eagle-3-4-hp.php,PRODUCT_PAGE,R07_SOURCE_OWNERSHIP_UNDEFINED,classification=PRODUCT_PAGE; preserve_url=YES; conf=STRONG_INFERENCE,product:1|109|110|114,H3-D02c-PAGE-OWNERSHIP,Q01,"Reexpresa una entidad ya enumerada; regla R-G01 es MEDIUM, no implementada."
page,php:qik-barreras-automaticas-de-hasta-58-m.php,PRODUCT_PAGE,R07_SOURCE_OWNERSHIP_UNDEFINED,classification=PRODUCT_PAGE; preserve_url=YES; conf=STRONG_INFERENCE,,H3-D02c-PAGE-OWNERSHIP,Q01,"Reexpresa una entidad ya enumerada; regla R-G01 es MEDIUM, no implementada."
page,php:rampa-niveladora-mecanica-blue-giant.php,PRODUCT_PAGE,R07_SOURCE_OWNERSHIP_UNDEFINED,classification=PRODUCT_PAGE; preserve_url=YES; conf=STRONG_INFERENCE,product:23|140,H3-D02c-PAGE-OWNERSHIP,Q01,"Reexpresa una entidad ya enumerada; regla R-G01 es MEDIUM, no implementada."
page,php:rampa-niveladora.php,CATEGORY_PAGE,R07_SOURCE_OWNERSHIP_UNDEFINED,classification=CATEGORY_PAGE; preserve_url=YES; conf=CONFIRMED,,H3-D02c-PAGE-OWNERSHIP,Q01,"Reexpresa una entidad ya enumerada; regla R-G01 es MEDIUM, no implementada."
page,php:rampas-de-anden-hidraulicas-kelley.php,PRODUCT_PAGE,R07_SOURCE_OWNERSHIP_UNDEFINED,classification=PRODUCT_PAGE; preserve_url=YES; conf=STRONG_INFERENCE,product:3|24|139,H3-D02c-PAGE-OWNERSHIP,Q01,"Reexpresa una entidad ya enumerada; regla R-G01 es MEDIUM, no implementada."
page,php:rampas-de-anden-hidraulicas.php,PRODUCT_PAGE,R07_SOURCE_OWNERSHIP_UNDEFINED,classification=PRODUCT_PAGE; preserve_url=YES; conf=STRONG_INFERENCE,product:53|141,H3-D02c-PAGE-OWNERSHIP,Q01,"Reexpresa una entidad ya enumerada; regla R-G01 es MEDIUM, no implementada."
page,php:rampas-de-anden-mecanicas.php,PRODUCT_PAGE,R07_SOURCE_OWNERSHIP_UNDEFINED,classification=PRODUCT_PAGE; preserve_url=YES; conf=STRONG_INFERENCE,product:56|142,H3-D02c-PAGE-OWNERSHIP,Q01,"Reexpresa una entidad ya enumerada; regla R-G01 es MEDIUM, no implementada."
page,php:rapida-apilable.php,PRODUCT_PAGE,R07_SOURCE_OWNERSHIP_UNDEFINED,classification=PRODUCT_PAGE; preserve_url=YES; conf=STRONG_INFERENCE,product:39|104,H3-D02c-PAGE-OWNERSHIP,Q01,"Reexpresa una entidad ya enumerada; regla R-G01 es MEDIUM, no implementada."
page,php:rapida-enrollable-industrial.php,PRODUCT_PAGE,R07_SOURCE_OWNERSHIP_UNDEFINED,classification=PRODUCT_PAGE; preserve_url=YES; conf=STRONG_INFERENCE,product:38|103,H3-D02c-PAGE-OWNERSHIP,Q01,"Reexpresa una entidad ya enumerada; regla R-G01 es MEDIUM, no implementada."
page,php:receptor-para-control-vehiculos.php,CATEGORY_PAGE,R07_SOURCE_OWNERSHIP_UNDEFINED,classification=CATEGORY_PAGE; preserve_url=YES; conf=CONFIRMED,,H3-D02c-PAGE-OWNERSHIP,Q01,"Reexpresa una entidad ya enumerada; regla R-G01 es MEDIUM, no implementada."
page,php:residencial.php,CATEGORY_PAGE,R07_SOURCE_OWNERSHIP_UNDEFINED,classification=CATEGORY_PAGE; preserve_url=YES; conf=CONFIRMED,,H3-D02c-PAGE-OWNERSHIP,Q01,"Reexpresa una entidad ya enumerada; regla R-G01 es MEDIUM, no implementada."
page,php:retenedor-de-vehiculos.php,PRODUCT_PAGE,R07_SOURCE_OWNERSHIP_UNDEFINED,classification=PRODUCT_PAGE; preserve_url=YES; conf=STRONG_INFERENCE,product:22|144,H3-D02c-PAGE-OWNERSHIP,Q01,"Reexpresa una entidad ya enumerada; regla R-G01 es MEDIUM, no implementada."
page,php:retenedor-vehiculos-hvr303.php,PRODUCT_PAGE,R07_SOURCE_OWNERSHIP_UNDEFINED,classification=PRODUCT_PAGE; preserve_url=YES; conf=STRONG_INFERENCE,product:146,H3-D02c-PAGE-OWNERSHIP,Q01,"Reexpresa una entidad ya enumerada; regla R-G01 es MEDIUM, no implementada."
page,php:retenedores-de-vehiculos-automatico.php,PRODUCT_PAGE,R07_SOURCE_OWNERSHIP_UNDEFINED,classification=PRODUCT_PAGE; preserve_url=YES; conf=STRONG_INFERENCE,,H3-D02c-PAGE-OWNERSHIP,Q01,"Reexpresa una entidad ya enumerada; regla R-G01 es MEDIUM, no implementada."
page,php:retenedores-de-vehiculos.php,CATEGORY_PAGE,R07_SOURCE_OWNERSHIP_UNDEFINED,classification=CATEGORY_PAGE; preserve_url=YES; conf=CONFIRMED,,H3-D02c-PAGE-OWNERSHIP,Q01,"Reexpresa una entidad ya enumerada; regla R-G01 es MEDIUM, no implementada."
page,php:rolli-zip.php,PRODUCT_PAGE,R07_SOURCE_OWNERSHIP_UNDEFINED,classification=PRODUCT_PAGE; preserve_url=YES; conf=STRONG_INFERENCE,product:40|105,H3-D02c-PAGE-OWNERSHIP,Q01,"Reexpresa una entidad ya enumerada; regla R-G01 es MEDIUM, no implementada."
page,php:rytec.php,BRAND_PAGE,R07_SOURCE_OWNERSHIP_UNDEFINED,classification=BRAND_PAGE; preserve_url=YES; conf=CONFIRMED,,H3-D02c-PAGE-OWNERSHIP,Q01,"Reexpresa una entidad ya enumerada; regla R-G01 es MEDIUM, no implementada."
page,php:sector-puertas-rapidas-enrollables-de-sectores-intercambiables-y-contrapesos.php,PRODUCT_PAGE,R07_SOURCE_OWNERSHIP_UNDEFINED,classification=PRODUCT_PAGE; preserve_url=YES; conf=STRONG_INFERENCE,,H3-D02c-PAGE-OWNERSHIP,Q01,"Reexpresa una entidad ya enumerada; regla R-G01 es MEDIUM, no implementada."
page,php:sector-reset.php,PRODUCT_PAGE,R07_SOURCE_OWNERSHIP_UNDEFINED,classification=PRODUCT_PAGE; preserve_url=YES; conf=STRONG_INFERENCE,,H3-D02c-PAGE-OWNERSHIP,Q01,"Reexpresa una entidad ya enumerada; regla R-G01 es MEDIUM, no implementada."
page,php:sellos-de-anden.php,PRODUCT_PAGE,R07_SOURCE_OWNERSHIP_UNDEFINED,classification=PRODUCT_PAGE; preserve_url=YES; conf=STRONG_INFERENCE,product:52|149,H3-D02c-PAGE-OWNERSHIP,Q01,"Reexpresa una entidad ya enumerada; regla R-G01 es MEDIUM, no implementada."
page,php:sellos-nacionales.php,PRODUCT_PAGE,R07_SOURCE_OWNERSHIP_UNDEFINED,classification=PRODUCT_PAGE; preserve_url=YES; conf=STRONG_INFERENCE,product:150,H3-D02c-PAGE-OWNERSHIP,Q01,"Reexpresa una entidad ya enumerada; regla R-G01 es MEDIUM, no implementada."
page,php:sellos-para-anden-shelter-de-soporte-flexible.php,PRODUCT_PAGE,R07_SOURCE_OWNERSHIP_UNDEFINED,classification=PRODUCT_PAGE; preserve_url=YES; conf=STRONG_INFERENCE,product:148,H3-D02c-PAGE-OWNERSHIP,Q01,"Reexpresa una entidad ya enumerada; regla R-G01 es MEDIUM, no implementada."
page,php:sellos-para-anden.php,CATEGORY_PAGE,R07_SOURCE_OWNERSHIP_UNDEFINED,classification=CATEGORY_PAGE; preserve_url=YES; conf=CONFIRMED,,H3-D02c-PAGE-OWNERSHIP,Q01,"Reexpresa una entidad ya enumerada; regla R-G01 es MEDIUM, no implementada."
page,php:semaforos-senalizaciones-para-anden.php,CATEGORY_PAGE,R07_SOURCE_OWNERSHIP_UNDEFINED,classification=CATEGORY_PAGE; preserve_url=YES; conf=CONFIRMED,,H3-D02c-PAGE-OWNERSHIP,Q01,"Reexpresa una entidad ya enumerada; regla R-G01 es MEDIUM, no implementada."
page,php:serie-620.php,PRODUCT_PAGE,R07_SOURCE_OWNERSHIP_UNDEFINED,classification=PRODUCT_PAGE; preserve_url=YES; conf=STRONG_INFERENCE,product:7|91,H3-D02c-PAGE-OWNERSHIP,Q01,"Reexpresa una entidad ya enumerada; regla R-G01 es MEDIUM, no implementada."
page,php:serie-x130-motor-para-cortina-oculto.php,PRODUCT_PAGE,R07_SOURCE_OWNERSHIP_UNDEFINED,classification=PRODUCT_PAGE; preserve_url=YES; conf=STRONG_INFERENCE,product:45|83,H3-D02c-PAGE-OWNERSHIP,Q01,"Reexpresa una entidad ya enumerada; regla R-G01 es MEDIUM, no implementada."
page,php:sg-onixx-600.php,PRODUCT_PAGE,R07_SOURCE_OWNERSHIP_UNDEFINED,classification=PRODUCT_PAGE; preserve_url=YES; conf=STRONG_INFERENCE,,H3-D02c-PAGE-OWNERSHIP,Q01,"Reexpresa una entidad ya enumerada; regla R-G01 es MEDIUM, no implementada."
page,php:shelter-abrigo-estacionario-blue-giant.php,PRODUCT_PAGE,R07_SOURCE_OWNERSHIP_UNDEFINED,classification=PRODUCT_PAGE; preserve_url=YES; conf=STRONG_INFERENCE,product:21|147,H3-D02c-PAGE-OWNERSHIP,Q01,"Reexpresa una entidad ya enumerada; regla R-G01 es MEDIUM, no implementada."
page,php:smart-puertas-rapidas-enrollables-de-sectores-intercambiables-con-motor-externo.php,PRODUCT_PAGE,R07_SOURCE_OWNERSHIP_UNDEFINED,classification=PRODUCT_PAGE; preserve_url=YES; conf=STRONG_INFERENCE,,H3-D02c-PAGE-OWNERSHIP,Q01,"Reexpresa una entidad ya enumerada; regla R-G01 es MEDIUM, no implementada."
page,php:soluciones.php,CATEGORY_PAGE,R07_SOURCE_OWNERSHIP_UNDEFINED,classification=CATEGORY_PAGE; preserve_url=YES; conf=CONFIRMED,,H3-D02c-PAGE-OWNERSHIP,Q01,"Reexpresa una entidad ya enumerada; regla R-G01 es MEDIUM, no implementada."
page,php:sprint-automatizaciones-para-puertas-peatonales-pequenas-dimensiones.php,PRODUCT_PAGE,R07_SOURCE_OWNERSHIP_UNDEFINED,classification=PRODUCT_PAGE; preserve_url=YES; conf=STRONG_INFERENCE,,H3-D02c-PAGE-OWNERSHIP,Q01,"Reexpresa una entidad ya enumerada; regla R-G01 es MEDIUM, no implementada."
page,php:star1000-receptor-comercial.php,PRODUCT_PAGE,R07_SOURCE_OWNERSHIP_UNDEFINED,classification=PRODUCT_PAGE; preserve_url=YES; conf=STRONG_INFERENCE,,H3-D02c-PAGE-OWNERSHIP,Q01,"Reexpresa una entidad ya enumerada; regla R-G01 es MEDIUM, no implementada."
page,php:star4-vehicle-restraint.php,PRODUCT_PAGE,R07_SOURCE_OWNERSHIP_UNDEFINED,classification=PRODUCT_PAGE; preserve_url=YES; conf=STRONG_INFERENCE,product:25|145,H3-D02c-PAGE-OWNERSHIP,Q01,"Reexpresa una entidad ya enumerada; regla R-G01 es MEDIUM, no implementada."
page,php:tiras-plasticas.php,CATEGORY_PAGE,R07_SOURCE_OWNERSHIP_UNDEFINED,classification=CATEGORY_PAGE; preserve_url=YES; conf=CONFIRMED,,H3-D02c-PAGE-OWNERSHIP,Q01,"Reexpresa una entidad ya enumerada; regla R-G01 es MEDIUM, no implementada."
page,php:traffic.php,PRODUCT_PAGE,R07_SOURCE_OWNERSHIP_UNDEFINED,classification=PRODUCT_PAGE; preserve_url=YES; conf=STRONG_INFERENCE,,H3-D02c-PAGE-OWNERSHIP,Q01,"Reexpresa una entidad ya enumerada; regla R-G01 es MEDIUM, no implementada."
page,php:upper-up8e-barreras-automaticas-de-hasta-8-m.php,PRODUCT_PAGE,R07_SOURCE_OWNERSHIP_UNDEFINED,classification=PRODUCT_PAGE; preserve_url=YES; conf=STRONG_INFERENCE,,H3-D02c-PAGE-OWNERSHIP,Q01,"Reexpresa una entidad ya enumerada; regla R-G01 es MEDIUM, no implementada."
page,php:vertigo.php,PRODUCT_PAGE,R07_SOURCE_OWNERSHIP_UNDEFINED,classification=PRODUCT_PAGE; preserve_url=YES; conf=STRONG_INFERENCE,product:42|100,H3-D02c-PAGE-OWNERSHIP,Q01,"Reexpresa una entidad ya enumerada; regla R-G01 es MEDIUM, no implementada."
page,php:wayne-dalton.php,BRAND_PAGE,R07_SOURCE_OWNERSHIP_UNDEFINED,classification=BRAND_PAGE; preserve_url=YES; conf=CONFIRMED,,H3-D02c-PAGE-OWNERSHIP,Q01,"Reexpresa una entidad ya enumerada; regla R-G01 es MEDIUM, no implementada."
page,php:wel-aotmatizacion-de-puertas-peatonales-pequena-y-robusta.php,PRODUCT_PAGE,R07_SOURCE_OWNERSHIP_UNDEFINED,classification=PRODUCT_PAGE; preserve_url=YES; conf=STRONG_INFERENCE,,H3-D02c-PAGE-OWNERSHIP,Q01,"Reexpresa una entidad ya enumerada; regla R-G01 es MEDIUM, no implementada."
page,php:xel-5-selector-de-llave.php,PRODUCT_PAGE,R07_SOURCE_OWNERSHIP_UNDEFINED,classification=PRODUCT_PAGE; preserve_url=YES; conf=STRONG_INFERENCE,,H3-D02c-PAGE-OWNERSHIP,Q01,"Reexpresa una entidad ya enumerada; regla R-G01 es MEDIUM, no implementada."
media,asset:system/files/images/productos/007c9191f5b7800de9549cd241c2b4dba8a9bb9f,puertas-contra-rayos-x.php,R09_MEDIA_OWNER_PENDING,"product-media-relations IMAGE; owners ['115', '30']","product:115,30",H1-D02a-MEDIA-UNION,Q02,Se desbloquea al decidir la politica de medios de grupos de identidad equivalente.
media,asset:system/files/images/productos/0184eae287e99a553941e98f9ff70f71139ed643,sellos-de-anden.php,R09_MEDIA_OWNER_PENDING,"product-media-relations IMAGE; owners ['149', '52']","product:149,52",H1-D02a-MEDIA-UNION,Q02,Se desbloquea al decidir la politica de medios de grupos de identidad equivalente.
media,asset:system/files/images/productos/0a6fa9cbeb5ba8ba1eecd18bd2e8c2f28145f2c9,puerta-contra-explosion.php,R09_MEDIA_OWNER_PENDING,"product-media-relations PDF; owners ['117', '26']","product:117,26",H1-D02a-MEDIA-UNION,Q02,Se desbloquea al decidir la politica de medios de grupos de identidad equivalente.
media,asset:system/files/images/productos/0af69ab19e393782b652aac26101096f8532e265,vertigo.php,R09_MEDIA_OWNER_PENDING,"product-media-relations IMAGE; owners ['100', '42']","product:100,42",H1-D02a-MEDIA-UNION,Q02,Se desbloquea al decidir la politica de medios de grupos de identidad equivalente.
media,asset:system/files/images/productos/0b26a7b20dd4d467cf9a57c9a5cba26cafbf6203,cortina-serie-620.php,R09_MEDIA_OWNER_PENDING,product-media-relations IMAGE; owners ['91'],product:91,H1-D02a-MEDIA-UNION,Q02,Se desbloquea al decidir la politica de medios de grupos de identidad equivalente.
media,asset:system/files/images/productos/0dacf997157fe78848366e1a53f90e10ea3261fe,sellos-de-anden.php,R09_MEDIA_OWNER_PENDING,"product-media-relations IMAGE; owners ['149', '52']","product:149,52",H1-D02a-MEDIA-UNION,Q02,Se desbloquea al decidir la politica de medios de grupos de identidad equivalente.
media,asset:system/files/images/productos/0dd525f64a0290377628938328d07d21668c7f22,cortina-serie-625.php,R09_MEDIA_OWNER_PENDING,"product-media-relations IMAGE; owners ['4', '87']","product:4,87",H1-D02a-MEDIA-UNION,Q02,Se desbloquea al decidir la politica de medios de grupos de identidad equivalente.
media,asset:system/files/images/productos/0dff9191d2ec6cb7124c0438858de83fb11ccdf7,coleccion-classic.php,R09_MEDIA_OWNER_PENDING,product-media-relations IMAGE; owners ['9'],product:9,H1-D02a-MEDIA-UNION,Q02,Se desbloquea al decidir la politica de medios de grupos de identidad equivalente.
media,asset:system/files/images/productos/1353d4c5d6fc4d96cdd001e6284c4cabe1d632c9,rapida-enrollable-industrial.php,R09_MEDIA_OWNER_PENDING,product-media-relations IMAGE; owners ['38'],product:38,H1-D02a-MEDIA-UNION,Q02,Se desbloquea al decidir la politica de medios de grupos de identidad equivalente.
media,asset:system/files/images/productos/137e56b6a9d584dd63289d5aef15bed4b23f9af4,phobos-n-piston-electromecanico.php,R09_MEDIA_OWNER_PENDING,"product-media-relations IMAGE; owners ['111', '46']","product:111,46",H1-D02a-MEDIA-UNION,Q02,Se desbloquea al decidir la politica de medios de grupos de identidad equivalente.
media,asset:system/files/images/productos/1625e35ccee3962a89133370c3ef64b6c9eefa6a,puertas-industriales-dockman.php,R09_MEDIA_OWNER_PENDING,"product-media-relations IMAGE; owners ['50', '59']","product:50,59",H1-D02a-MEDIA-UNION,Q02,Se desbloquea al decidir la politica de medios de grupos de identidad equivalente.
media,asset:system/files/images/productos/19f248004fb1cc292955cdb0c5b339e8cd3eda3c,star4-vehicle-restraint.php,R09_MEDIA_OWNER_PENDING,"product-media-relations PDF; owners ['145', '25']","product:145,25",H1-D02a-MEDIA-UNION,Q02,Se desbloquea al decidir la politica de medios de grupos de identidad equivalente.
media,asset:system/files/images/productos/19f7bf0ad0bb2559064e677d3dd6e122358914cd,operador-comercial-rhx.php,R09_MEDIA_OWNER_PENDING,"product-media-relations PDF; owners ['12', '82']","product:12,82",H1-D02a-MEDIA-UNION,Q02,Se desbloquea al decidir la politica de medios de grupos de identidad equivalente.
media,asset:system/files/images/productos/28d0e02a9ce0d2231f7b91d5d433cfbcb159b04c,energy-series-with-intellicore-3720-3724-3722.php,R09_MEDIA_OWNER_PENDING,product-media-relations IMAGE; owners ['61'],product:61,H1-D02a-MEDIA-UNION,Q02,Se desbloquea al decidir la politica de medios de grupos de identidad equivalente.
media,asset:system/files/images/productos/28e179e98ded1fda52f4c0c570e252ee83a7e709,phobos-n-piston-electromecanico.php,R09_MEDIA_OWNER_PENDING,"product-media-relations PDF; owners ['111', '46']","product:111,46",H1-D02a-MEDIA-UNION,Q02,Se desbloquea al decidir la politica de medios de grupos de identidad equivalente.
media,asset:system/files/images/productos/2c006fdef8fe51071aae29b8947fc2d51d1b6c71,rapida-enrollable-industrial.php,R09_MEDIA_OWNER_PENDING,product-media-relations IMAGE; owners ['38'],product:38,H1-D02a-MEDIA-UNION,Q02,Se desbloquea al decidir la politica de medios de grupos de identidad equivalente.
media,asset:system/files/images/productos/2c4c5e819ae896a7fc103f81f4997253930f5788,shelter-abrigo-estacionario-blue-giant.php,R09_MEDIA_OWNER_PENDING,product-media-relations IMAGE; owners ['147'],product:147,H1-D02a-MEDIA-UNION,Q02,Se desbloquea al decidir la politica de medios de grupos de identidad equivalente.
media,asset:system/files/images/productos/2e6986f34adf7b7e075a57a4f73cac501d03c59d,coleccion-classic.php,R09_MEDIA_OWNER_PENDING,product-media-relations IMAGE; owners ['108'],product:108,H1-D02a-MEDIA-UNION,Q02,Se desbloquea al decidir la politica de medios de grupos de identidad equivalente.
media,asset:system/files/images/productos/317ebb40c4284fa181ff3ddeccfb978b29b7248b,sellos-de-anden.php,R09_MEDIA_OWNER_PENDING,"product-media-relations PDF; owners ['149', '52']","product:149,52",H1-D02a-MEDIA-UNION,Q02,Se desbloquea al decidir la politica de medios de grupos de identidad equivalente.
media,asset:system/files/images/productos/323ea1a66ccbf677c589b2807058ba4f5754f920,coleccion-classic.php,R09_MEDIA_OWNER_PENDING,"product-media-relations IMAGE; owners ['108', '9']","product:108,9",H1-D02a-MEDIA-UNION,Q02,Se desbloquea al decidir la politica de medios de grupos de identidad equivalente.
media,asset:system/files/images/productos/33f5167b521302c8c32a8895a1e03fe27a09a124,shelter-abrigo-estacionario-blue-giant.php,R09_MEDIA_OWNER_PENDING,"product-media-relations PDF; owners ['147', '21']","product:147,21",H1-D02a-MEDIA-UNION,Q02,Se desbloquea al decidir la politica de medios de grupos de identidad equivalente.
media,asset:system/files/images/productos/35cb1e4b413bb5287adcd255cb6dc41063b21ca6,sellos-de-anden.php,R09_MEDIA_OWNER_PENDING,"product-media-relations IMAGE; owners ['149', '52']","product:149,52",H1-D02a-MEDIA-UNION,Q02,Se desbloquea al decidir la politica de medios de grupos de identidad equivalente.
media,asset:system/files/images/productos/37cb85d2747bda7e0195e84c2b086452e745c35f,operador-comercial-rhx.php,R09_MEDIA_OWNER_PENDING,product-media-relations IMAGE; owners ['82'],product:82,H1-D02a-MEDIA-UNION,Q02,Se desbloquea al decidir la politica de medios de grupos de identidad equivalente.
media,asset:system/files/images/productos/3806105dd3593a3b306a1ca89e55ce41b47f83a7,accesorios.php,R09_MEDIA_OWNER_PENDING,"product-media-relations IMAGE; owners ['138', '27']","product:138,27",H1-D02a-MEDIA-UNION,Q02,Se desbloquea al decidir la politica de medios de grupos de identidad equivalente.
media,asset:system/files/images/productos/39bb52ef88ace2a69d69d2e689787cab8114a39e,rampas-de-anden-mecanicas.php,R09_MEDIA_OWNER_PENDING,"product-media-relations IMAGE; owners ['142', '56']","product:142,56",H1-D02a-MEDIA-UNION,Q02,Se desbloquea al decidir la politica de medios de grupos de identidad equivalente.
media,asset:system/files/images/productos/3ba01a39dd2e04651a35a7f2a8c2aab034f58f33,puerta-contra-explosion.php,R09_MEDIA_OWNER_PENDING,"product-media-relations IMAGE; owners ['117', '26']","product:117,26",H1-D02a-MEDIA-UNION,Q02,Se desbloquea al decidir la politica de medios de grupos de identidad equivalente.
media,asset:system/files/images/productos/3e24e1170a5ccb8ff7ac68f087a19a9be61e799c,puerta-de-acero-acanalado-modelos-524.php,R09_MEDIA_OWNER_PENDING,product-media-relations IMAGE; owners ['58'],product:58,H1-D02a-MEDIA-UNION,Q02,Se desbloquea al decidir la politica de medios de grupos de identidad equivalente.
media,asset:system/files/images/productos/409f71ca3285abac3be915562bf8925f557e16b0,predadoor-nxt-door.php,R09_MEDIA_OWNER_PENDING,product-media-relations IMAGE; owners ['37'],product:37,H1-D02a-MEDIA-UNION,Q02,Se desbloquea al decidir la politica de medios de grupos de identidad equivalente.
media,asset:system/files/images/productos/42ba96f71987cc30cb19107d18eb0649ee492636,cortina-serie-625.php,R09_MEDIA_OWNER_PENDING,"product-media-relations PDF; owners ['4', '87']","product:4,87",H1-D02a-MEDIA-UNION,Q02,Se desbloquea al decidir la politica de medios de grupos de identidad equivalente.
media,asset:system/files/images/productos/43d4232e7c8e46a381f607bdcb65a691c4321389,puertas-contra-rayos-x.php,R09_MEDIA_OWNER_PENDING,"product-media-relations IMAGE; owners ['115', '30']","product:115,30",H1-D02a-MEDIA-UNION,Q02,Se desbloquea al decidir la politica de medios de grupos de identidad equivalente.
media,asset:system/files/images/productos/480de804a97c7cc053d671704d026ceb6d7854d1,rapida-enrollable-industrial.php,R09_MEDIA_OWNER_PENDING,product-media-relations IMAGE; owners ['103'],product:103,H1-D02a-MEDIA-UNION,Q02,Se desbloquea al decidir la politica de medios de grupos de identidad equivalente.
media,asset:system/files/images/productos/4ad377beb722dc25f65a34c1ba19e5e5e15d91da,energy-series-with-intellicore-3720-3724-3722.php,R09_MEDIA_OWNER_PENDING,"product-media-relations IMAGE; owners ['19', '61']","product:19,61",H1-D02a-MEDIA-UNION,Q02,Se desbloquea al decidir la politica de medios de grupos de identidad equivalente.
media,asset:system/files/images/productos/4df9bc1c4c87a18cd1155164b3216ce053ae18ee,rampa-niveladora-mecanica-blue-giant.php,R09_MEDIA_OWNER_PENDING,"product-media-relations IMAGE; owners ['140', '23']","product:140,23",H1-D02a-MEDIA-UNION,Q02,Se desbloquea al decidir la politica de medios de grupos de identidad equivalente.
media,asset:system/files/images/productos/52af9161c31f825128383fb23742e384e60dd462,coleccion-classic.php,R09_MEDIA_OWNER_PENDING,"product-media-relations IMAGE; owners ['108', '9']","product:108,9",H1-D02a-MEDIA-UNION,Q02,Se desbloquea al decidir la politica de medios de grupos de identidad equivalente.
media,asset:system/files/images/productos/552f92715162cbb278ab6cbdbdcb057ef483da65,accesorios.php,R09_MEDIA_OWNER_PENDING,"product-media-relations PDF; owners ['138', '27']","product:138,27",H1-D02a-MEDIA-UNION,Q02,Se desbloquea al decidir la politica de medios de grupos de identidad equivalente.
media,asset:system/files/images/productos/59e0452766a17eb9cf0d9df76dc79f72d08f013f,cortina-serie-630.php,R09_MEDIA_OWNER_PENDING,"product-media-relations IMAGE; owners ['11', '94']","product:11,94",H1-D02a-MEDIA-UNION,Q02,Se desbloquea al decidir la politica de medios de grupos de identidad equivalente.
media,asset:system/files/images/productos/5dca58505e50b423babab3508ac89b5dcf92fdc4,serie-x130-motor-para-cortina-oculto.php,R09_MEDIA_OWNER_PENDING,"product-media-relations IMAGE; owners ['45', '83']","product:45,83",H1-D02a-MEDIA-UNION,Q02,Se desbloquea al decidir la politica de medios de grupos de identidad equivalente.
media,asset:system/files/images/productos/634c090c7fb64996e1e59d3f3a671ce738013f93,puerta-contra-explosion.php,R09_MEDIA_OWNER_PENDING,"product-media-relations IMAGE; owners ['117', '26']","product:117,26",H1-D02a-MEDIA-UNION,Q02,Se desbloquea al decidir la politica de medios de grupos de identidad equivalente.
media,asset:system/files/images/productos/67ace3fa64437d6138ff566381ad2b6103667427,puerta-de-acero-acanalado-modelos-524.php,R09_MEDIA_OWNER_PENDING,product-media-relations IMAGE; owners ['18'],product:18,H1-D02a-MEDIA-UNION,Q02,Se desbloquea al decidir la politica de medios de grupos de identidad equivalente.
media,asset:system/files/images/productos/6d032a5579b0dd9ef150e1d93528463960040d95,coleccion-classic.php,R09_MEDIA_OWNER_PENDING,"product-media-relations PDF; owners ['108', '9']","product:108,9",H1-D02a-MEDIA-UNION,Q02,Se desbloquea al decidir la politica de medios de grupos de identidad equivalente.
media,asset:system/files/images/productos/70e2bb241375fb73400925ead25cfba2d93a8ebf,rampas-de-anden-hidraulicas.php;rampas-de-anden-mecanicas.php,R09_MEDIA_OWNER_PENDING,"product-media-relations IMAGE; owners ['141', '142', '53', '56']","product:141,142,53,56",H1-D02a-MEDIA-UNION,Q02,Se desbloquea al decidir la politica de medios de grupos de identidad equivalente.
media,asset:system/files/images/productos/7d20ad9bfbd958c417038f14164c8a21573e4d34,coleccion-classic.php,R09_MEDIA_OWNER_PENDING,"product-media-relations IMAGE; owners ['108', '9']","product:108,9",H1-D02a-MEDIA-UNION,Q02,Se desbloquea al decidir la politica de medios de grupos de identidad equivalente.
media,asset:system/files/images/productos/82d463dae7b7bf4aff07f9221be013b2497ceabf,serie-x130-motor-para-cortina-oculto.php,R09_MEDIA_OWNER_PENDING,"product-media-relations PDF; owners ['45', '83']","product:45,83",H1-D02a-MEDIA-UNION,Q02,Se desbloquea al decidir la politica de medios de grupos de identidad equivalente.
media,asset:system/files/images/productos/83a6ec78d40fa21f9a4823626e7117bd2bac7943,rapida-enrollable-industrial.php,R09_MEDIA_OWNER_PENDING,"product-media-relations IMAGE; owners ['103', '38']","product:103,38",H1-D02a-MEDIA-UNION,Q02,Se desbloquea al decidir la politica de medios de grupos de identidad equivalente.
media,asset:system/files/images/productos/8622f8b336698cab1d58bcd0bb0f864586914bb6,coleccion-classic.php,R09_MEDIA_OWNER_PENDING,"product-media-relations IMAGE; owners ['108', '9']","product:108,9",H1-D02a-MEDIA-UNION,Q02,Se desbloquea al decidir la politica de medios de grupos de identidad equivalente.
media,asset:system/files/images/productos/88115255793f083c25821dff5017d74a6b542988,operador-comercial-rhx.php,R09_MEDIA_OWNER_PENDING,product-media-relations IMAGE; owners ['12'],product:12,H1-D02a-MEDIA-UNION,Q02,Se desbloquea al decidir la politica de medios de grupos de identidad equivalente.
media,asset:system/files/images/productos/8ca911b748068c9bef002de96ef743ecefb9886b,retenedor-de-vehiculos.php,R09_MEDIA_OWNER_PENDING,"product-media-relations IMAGE; owners ['144', '22']","product:144,22",H1-D02a-MEDIA-UNION,Q02,Se desbloquea al decidir la politica de medios de grupos de identidad equivalente.
media,asset:system/files/images/productos/9044e3482acdc8f0e19ebf347a1a24c2e59dd10a,rampas-de-anden-mecanicas.php,R09_MEDIA_OWNER_PENDING,"product-media-relations PDF; owners ['142', '56']","product:142,56",H1-D02a-MEDIA-UNION,Q02,Se desbloquea al decidir la politica de medios de grupos de identidad equivalente.
media,asset:system/files/images/productos/98015c422935fb0f6a54ba324350f2d7877d367d,accesorios.php,R09_MEDIA_OWNER_PENDING,"product-media-relations IMAGE; owners ['138', '27']","product:138,27",H1-D02a-MEDIA-UNION,Q02,Se desbloquea al decidir la politica de medios de grupos de identidad equivalente.
media,asset:system/files/images/productos/9a3bbe208087a9acd96d7b4cd494e4aa72494760,puertas-industriales-dockman.php,R09_MEDIA_OWNER_PENDING,"product-media-relations IMAGE; owners ['50', '59']","product:50,59",H1-D02a-MEDIA-UNION,Q02,Se desbloquea al decidir la politica de medios de grupos de identidad equivalente.
media,asset:system/files/images/productos/9c0a2ea15383debbe605065d9ce57e3ffbd36204,rampas-de-anden-hidraulicas.php,R09_MEDIA_OWNER_PENDING,"product-media-relations PDF; owners ['141', '53']","product:141,53",H1-D02a-MEDIA-UNION,Q02,Se desbloquea al decidir la politica de medios de grupos de identidad equivalente.
media,asset:system/files/images/productos/9dd0f9d01c7f775f93b29328123c87e26182d7a2,puertas-seccionales-de-acero-modelo-2415.php,R09_MEDIA_OWNER_PENDING,"product-media-relations IMAGE; owners ['15', '60']","product:15,60",H1-D02a-MEDIA-UNION,Q02,Se desbloquea al decidir la politica de medios de grupos de identidad equivalente.
media,asset:system/files/images/productos/adc000b103f864f06d51740c630158e411050fa1,puertas-contra-rayos-x.php,R09_MEDIA_OWNER_PENDING,"product-media-relations PDF; owners ['115', '30']","product:115,30",H1-D02a-MEDIA-UNION,Q02,Se desbloquea al decidir la politica de medios de grupos de identidad equivalente.
media,asset:system/files/images/productos/ae22c94ae3eb5d4d4e7ccfdb5cfc086e37e1658c,puertas-contra-rayos-x.php,R09_MEDIA_OWNER_PENDING,"product-media-relations PDF; owners ['115', '30']","product:115,30",H1-D02a-MEDIA-UNION,Q02,Se desbloquea al decidir la politica de medios de grupos de identidad equivalente.
media,asset:system/files/images/productos/b49e7cf13885d8dfdc8e03fcd247d2d93f35f213,shelter-abrigo-estacionario-blue-giant.php,R09_MEDIA_OWNER_PENDING,"product-media-relations PDF; owners ['147', '21']","product:147,21",H1-D02a-MEDIA-UNION,Q02,Se desbloquea al decidir la politica de medios de grupos de identidad equivalente.
media,asset:system/files/images/productos/c46d19fe3eb462f51d4f636a3a4719ea6e8922c5,fire-rated-doors-firestar-models-700-700c.php,R09_MEDIA_OWNER_PENDING,"product-media-relations IMAGE; owners ['13', '99']","product:13,99",H1-D02a-MEDIA-UNION,Q02,Se desbloquea al decidir la politica de medios de grupos de identidad equivalente.
media,asset:system/files/images/productos/c9ab51d31ce4b9a94967e2492d3a2a7f43b8b46f,puertas-industriales-dockman.php,R09_MEDIA_OWNER_PENDING,"product-media-relations PDF; owners ['50', '59']","product:50,59",H1-D02a-MEDIA-UNION,Q02,Se desbloquea al decidir la politica de medios de grupos de identidad equivalente.
media,asset:system/files/images/productos/d022de529fe9c4e48c5bf2c4652af466b87b3af6,rapida-enrollable-industrial.php,R09_MEDIA_OWNER_PENDING,"product-media-relations PDF; owners ['103', '38']","product:103,38",H1-D02a-MEDIA-UNION,Q02,Se desbloquea al decidir la politica de medios de grupos de identidad equivalente.
media,asset:system/files/images/productos/d1800119e28d2f25ab78a9219e103ecc4fc8afb5,cortina-serie-630.php,R09_MEDIA_OWNER_PENDING,"product-media-relations PDF; owners ['11', '94']","product:11,94",H1-D02a-MEDIA-UNION,Q02,Se desbloquea al decidir la politica de medios de grupos de identidad equivalente.
media,asset:system/files/images/productos/d3cd08acf2731eb29b0227a3957ab09ffc55e38c,energy-series-with-intellicore-3720-3724-3722.php,R09_MEDIA_OWNER_PENDING,product-media-relations IMAGE; owners ['19'],product:19,H1-D02a-MEDIA-UNION,Q02,Se desbloquea al decidir la politica de medios de grupos de identidad equivalente.
media,asset:system/files/images/productos/d598f326c2973470ee7e0a5c3c220ba7108f150c,star4-vehicle-restraint.php,R09_MEDIA_OWNER_PENDING,"product-media-relations IMAGE; owners ['145', '25']","product:145,25",H1-D02a-MEDIA-UNION,Q02,Se desbloquea al decidir la politica de medios de grupos de identidad equivalente.
media,asset:system/files/images/productos/dea67750c58a9beeb1e4bf0140e4b97863635cfa,predadoor-nxt-door.php,R09_MEDIA_OWNER_PENDING,product-media-relations IMAGE; owners ['102'],product:102,H1-D02a-MEDIA-UNION,Q02,Se desbloquea al decidir la politica de medios de grupos de identidad equivalente.
media,asset:system/files/images/productos/e580517f07a377c10127844c71373a174bcf76fe,cortina-serie-620.php,R09_MEDIA_OWNER_PENDING,"product-media-relations IMAGE; owners ['7', '91']","product:7,91",H1-D02a-MEDIA-UNION,Q02,Se desbloquea al decidir la politica de medios de grupos de identidad equivalente.
media,asset:system/files/images/productos/e7558238c56779a33c10c7770146c9f7017bd375,predadoor-nxt-door.php,R09_MEDIA_OWNER_PENDING,"product-media-relations PDF; owners ['102', '37']","product:102,37",H1-D02a-MEDIA-UNION,Q02,Se desbloquea al decidir la politica de medios de grupos de identidad equivalente.
media,asset:system/files/images/productos/e8f1b3445fc4bd1e35cb22d2d405f8e080a62615,puerta-de-acero-acanalado-modelos-524.php,R09_MEDIA_OWNER_PENDING,"product-media-relations IMAGE; owners ['18', '58']","product:18,58",H1-D02a-MEDIA-UNION,Q02,Se desbloquea al decidir la politica de medios de grupos de identidad equivalente.
media,asset:system/files/images/productos/e973955577670d4ea61bd906a517dd878118831f,fire-rated-doors-firestar-models-700-700c.php,R09_MEDIA_OWNER_PENDING,"product-media-relations PDF; owners ['13', '99']","product:13,99",H1-D02a-MEDIA-UNION,Q02,Se desbloquea al decidir la politica de medios de grupos de identidad equivalente.
media,asset:system/files/images/productos/edaa9d68e318711d183689d070ec145da123c768,kronos-puertas-rapidas-de-sectores-modulares-autorreparable.php,R09_MEDIA_OWNER_PENDING,"product-media-relations PDF; owners ['106', '41']","product:106,41",H1-D02a-MEDIA-UNION,Q02,Se desbloquea al decidir la politica de medios de grupos de identidad equivalente.
media,asset:system/files/images/productos/ee96e92f6242ded7c0f5a641fb68712863cda941,shelter-abrigo-estacionario-blue-giant.php,R09_MEDIA_OWNER_PENDING,product-media-relations IMAGE; owners ['21'],product:21,H1-D02a-MEDIA-UNION,Q02,Se desbloquea al decidir la politica de medios de grupos de identidad equivalente.
media,asset:system/files/images/productos/f6879270d9945c848fb0f732190100b3e8ffced7,rampa-niveladora-mecanica-blue-giant.php,R09_MEDIA_OWNER_PENDING,"product-media-relations PDF; owners ['140', '23']","product:140,23",H1-D02a-MEDIA-UNION,Q02,Se desbloquea al decidir la politica de medios de grupos de identidad equivalente.
media,asset:system/files/images/productos/f6cfac4e319cc287a0162f1cf3eab1791a61bed2,puertas-seccionales-de-acero-modelo-2415.php,R09_MEDIA_OWNER_PENDING,"product-media-relations IMAGE; owners ['15', '60']","product:15,60",H1-D02a-MEDIA-UNION,Q02,Se desbloquea al decidir la politica de medios de grupos de identidad equivalente.
media,asset:system/files/images/productos/f9118a7d8fac480174a9a4e0455b51ee73490fa6,kronos-puertas-rapidas-de-sectores-modulares-autorreparable.php,R09_MEDIA_OWNER_PENDING,"product-media-relations IMAGE; owners ['106', '41']","product:106,41",H1-D02a-MEDIA-UNION,Q02,Se desbloquea al decidir la politica de medios de grupos de identidad equivalente.
media,asset:system/files/images/productos/fba045304f5402c79a958b69ed499c1f46a48801,puertas-seccionales-de-acero-modelo-2415.php,R09_MEDIA_OWNER_PENDING,"product-media-relations PDF; owners ['15', '60']","product:15,60",H1-D02a-MEDIA-UNION,Q02,Se desbloquea al decidir la politica de medios de grupos de identidad equivalente.
product,sql:productos:100,vertigo.php,R02_ENTITY_DUPLICATE_CANDIDATE,grupo vertigo.php: name/php/categoria/marca identicos; divergen ['db_image_ids'],,H1-D02a-MEDIA-UNION,Q02,Identidad equivalente; solo difieren listas de medios.
product,sql:productos:102,predadoor-nxt-door.php,R02_ENTITY_DUPLICATE_CANDIDATE,"grupo predadoor-nxt-door.php: name/php/categoria/marca identicos; divergen ['db_image_ids', 'db_pdf_ids']",,H1-D02a-MEDIA-UNION,Q02,Identidad equivalente; solo difieren listas de medios.
product,sql:productos:103,rapida-enrollable-industrial.php,R02_ENTITY_DUPLICATE_CANDIDATE,"grupo rapida-enrollable-industrial.php: name/php/categoria/marca identicos; divergen ['db_image_ids', 'db_pdf_ids']",,H1-D02a-MEDIA-UNION,Q02,Identidad equivalente; solo difieren listas de medios.
product,sql:productos:106,kronos-puertas-rapidas-de-sectores-modulares-autorreparable.php,R02_ENTITY_DUPLICATE_CANDIDATE,"grupo kronos-puertas-rapidas-de-sectores-modulares-autorreparable.php: name/php/categoria/marca identicos; divergen ['db_image_ids', 'db_pdf_ids']",,H1-D02a-MEDIA-UNION,Q02,Identidad equivalente; solo difieren listas de medios.
product,sql:productos:108,coleccion-classic.php,R02_ENTITY_DUPLICATE_CANDIDATE,"grupo coleccion-classic.php: name/php/categoria/marca identicos; divergen ['db_image_ids', 'db_pdf_ids']",,H1-D02a-MEDIA-UNION,Q02,Identidad equivalente; solo difieren listas de medios.
product,sql:productos:11,cortina-serie-630.php,R02_ENTITY_DUPLICATE_CANDIDATE,"grupo cortina-serie-630.php: name/php/categoria/marca identicos; divergen ['db_image_ids', 'db_pdf_ids']",,H1-D02a-MEDIA-UNION,Q02,Identidad equivalente; solo difieren listas de medios.
product,sql:productos:111,phobos-n-piston-electromecanico.php,R02_ENTITY_DUPLICATE_CANDIDATE,"grupo phobos-n-piston-electromecanico.php: name/php/categoria/marca identicos; divergen ['db_image_ids', 'db_pdf_ids']",,H1-D02a-MEDIA-UNION,Q02,Identidad equivalente; solo difieren listas de medios.
product,sql:productos:115,puertas-contra-rayos-x.php,R02_ENTITY_DUPLICATE_CANDIDATE,"grupo puertas-contra-rayos-x.php: name/php/categoria/marca identicos; divergen ['db_image_ids', 'db_pdf_ids']",,H1-D02a-MEDIA-UNION,Q02,Identidad equivalente; solo difieren listas de medios.
product,sql:productos:117,puerta-contra-explosion.php,R02_ENTITY_DUPLICATE_CANDIDATE,"grupo puerta-contra-explosion.php: name/php/categoria/marca identicos; divergen ['db_image_ids', 'db_pdf_ids']",,H1-D02a-MEDIA-UNION,Q02,Identidad equivalente; solo difieren listas de medios.
product,sql:productos:12,operador-comercial-rhx.php,R02_ENTITY_DUPLICATE_CANDIDATE,"grupo operador-comercial-rhx.php: name/php/categoria/marca identicos; divergen ['db_image_ids', 'db_pdf_ids']",,H1-D02a-MEDIA-UNION,Q02,Identidad equivalente; solo difieren listas de medios.
product,sql:productos:13,fire-rated-doors-firestar-models-700-700c.php,R02_ENTITY_DUPLICATE_CANDIDATE,"grupo fire-rated-doors-firestar-models-700-700c.php: name/php/categoria/marca identicos; divergen ['db_image_ids', 'db_pdf_ids']",,H1-D02a-MEDIA-UNION,Q02,Identidad equivalente; solo difieren listas de medios.
product,sql:productos:138,accesorios.php,R02_ENTITY_DUPLICATE_CANDIDATE,"grupo accesorios.php: name/php/categoria/marca identicos; divergen ['db_image_ids', 'db_pdf_ids']",,H1-D02a-MEDIA-UNION,Q02,Identidad equivalente; solo difieren listas de medios.
product,sql:productos:140,rampa-niveladora-mecanica-blue-giant.php,R02_ENTITY_DUPLICATE_CANDIDATE,"grupo rampa-niveladora-mecanica-blue-giant.php: name/php/categoria/marca identicos; divergen ['db_image_ids', 'db_pdf_ids']",,H1-D02a-MEDIA-UNION,Q02,Identidad equivalente; solo difieren listas de medios.
product,sql:productos:141,rampas-de-anden-hidraulicas.php,R02_ENTITY_DUPLICATE_CANDIDATE,"grupo rampas-de-anden-hidraulicas.php: name/php/categoria/marca identicos; divergen ['db_image_ids', 'db_pdf_ids']",,H1-D02a-MEDIA-UNION,Q02,Identidad equivalente; solo difieren listas de medios.
product,sql:productos:142,rampas-de-anden-mecanicas.php,R02_ENTITY_DUPLICATE_CANDIDATE,"grupo rampas-de-anden-mecanicas.php: name/php/categoria/marca identicos; divergen ['db_image_ids', 'db_pdf_ids']",,H1-D02a-MEDIA-UNION,Q02,Identidad equivalente; solo difieren listas de medios.
product,sql:productos:144,retenedor-de-vehiculos.php,R02_ENTITY_DUPLICATE_CANDIDATE,"grupo retenedor-de-vehiculos.php: name/php/categoria/marca identicos; divergen ['db_image_ids', 'db_pdf_ids']",,H1-D02a-MEDIA-UNION,Q02,Identidad equivalente; solo difieren listas de medios.
product,sql:productos:145,star4-vehicle-restraint.php,R02_ENTITY_DUPLICATE_CANDIDATE,"grupo star4-vehicle-restraint.php: name/php/categoria/marca identicos; divergen ['db_image_ids', 'db_pdf_ids']",,H1-D02a-MEDIA-UNION,Q02,Identidad equivalente; solo difieren listas de medios.
product,sql:productos:147,shelter-abrigo-estacionario-blue-giant.php,R02_ENTITY_DUPLICATE_CANDIDATE,"grupo shelter-abrigo-estacionario-blue-giant.php: name/php/categoria/marca identicos; divergen ['db_image_ids', 'db_pdf_ids']",,H1-D02a-MEDIA-UNION,Q02,Identidad equivalente; solo difieren listas de medios.
product,sql:productos:149,sellos-de-anden.php,R02_ENTITY_DUPLICATE_CANDIDATE,"grupo sellos-de-anden.php: name/php/categoria/marca identicos; divergen ['db_image_ids', 'db_pdf_ids']",,H1-D02a-MEDIA-UNION,Q02,Identidad equivalente; solo difieren listas de medios.
product,sql:productos:15,puertas-seccionales-de-acero-modelo-2415.php,R02_ENTITY_DUPLICATE_CANDIDATE,"grupo puertas-seccionales-de-acero-modelo-2415.php: name/php/categoria/marca identicos; divergen ['db_image_ids', 'db_pdf_ids']",,H1-D02a-MEDIA-UNION,Q02,Identidad equivalente; solo difieren listas de medios.
product,sql:productos:18,puerta-de-acero-acanalado-modelos-524.php,R02_ENTITY_DUPLICATE_CANDIDATE,"grupo puerta-de-acero-acanalado-modelos-524.php: name/php/categoria/marca identicos; divergen ['db_image_ids', 'db_pdf_ids']",,H1-D02a-MEDIA-UNION,Q02,Identidad equivalente; solo difieren listas de medios.
product,sql:productos:19,energy-series-with-intellicore-3720-3724-3722.php,R02_ENTITY_DUPLICATE_CANDIDATE,"grupo energy-series-with-intellicore-3720-3724-3722.php: name/php/categoria/marca identicos; divergen ['db_image_ids', 'db_pdf_ids', 'name']",,H1-D02a-MEDIA-UNION,Q02,Identidad equivalente; solo difieren listas de medios.
product,sql:productos:21,shelter-abrigo-estacionario-blue-giant.php,R02_ENTITY_DUPLICATE_CANDIDATE,"grupo shelter-abrigo-estacionario-blue-giant.php: name/php/categoria/marca identicos; divergen ['db_image_ids', 'db_pdf_ids']",,H1-D02a-MEDIA-UNION,Q02,Identidad equivalente; solo difieren listas de medios.
product,sql:productos:22,retenedor-de-vehiculos.php,R02_ENTITY_DUPLICATE_CANDIDATE,"grupo retenedor-de-vehiculos.php: name/php/categoria/marca identicos; divergen ['db_image_ids', 'db_pdf_ids']",,H1-D02a-MEDIA-UNION,Q02,Identidad equivalente; solo difieren listas de medios.
product,sql:productos:23,rampa-niveladora-mecanica-blue-giant.php,R02_ENTITY_DUPLICATE_CANDIDATE,"grupo rampa-niveladora-mecanica-blue-giant.php: name/php/categoria/marca identicos; divergen ['db_image_ids', 'db_pdf_ids']",,H1-D02a-MEDIA-UNION,Q02,Identidad equivalente; solo difieren listas de medios.
product,sql:productos:25,star4-vehicle-restraint.php,R02_ENTITY_DUPLICATE_CANDIDATE,"grupo star4-vehicle-restraint.php: name/php/categoria/marca identicos; divergen ['db_image_ids', 'db_pdf_ids']",,H1-D02a-MEDIA-UNION,Q02,Identidad equivalente; solo difieren listas de medios.
product,sql:productos:26,puerta-contra-explosion.php,R02_ENTITY_DUPLICATE_CANDIDATE,"grupo puerta-contra-explosion.php: name/php/categoria/marca identicos; divergen ['db_image_ids', 'db_pdf_ids']",,H1-D02a-MEDIA-UNION,Q02,Identidad equivalente; solo difieren listas de medios.
product,sql:productos:27,accesorios.php,R02_ENTITY_DUPLICATE_CANDIDATE,"grupo accesorios.php: name/php/categoria/marca identicos; divergen ['db_image_ids', 'db_pdf_ids']",,H1-D02a-MEDIA-UNION,Q02,Identidad equivalente; solo difieren listas de medios.
product,sql:productos:30,puertas-contra-rayos-x.php,R02_ENTITY_DUPLICATE_CANDIDATE,"grupo puertas-contra-rayos-x.php: name/php/categoria/marca identicos; divergen ['db_image_ids', 'db_pdf_ids']",,H1-D02a-MEDIA-UNION,Q02,Identidad equivalente; solo difieren listas de medios.
product,sql:productos:37,predadoor-nxt-door.php,R02_ENTITY_DUPLICATE_CANDIDATE,"grupo predadoor-nxt-door.php: name/php/categoria/marca identicos; divergen ['db_image_ids', 'db_pdf_ids']",,H1-D02a-MEDIA-UNION,Q02,Identidad equivalente; solo difieren listas de medios.
product,sql:productos:38,rapida-enrollable-industrial.php,R02_ENTITY_DUPLICATE_CANDIDATE,"grupo rapida-enrollable-industrial.php: name/php/categoria/marca identicos; divergen ['db_image_ids', 'db_pdf_ids']",,H1-D02a-MEDIA-UNION,Q02,Identidad equivalente; solo difieren listas de medios.
product,sql:productos:4,cortina-serie-625.php,R02_ENTITY_DUPLICATE_CANDIDATE,"grupo cortina-serie-625.php: name/php/categoria/marca identicos; divergen ['db_image_ids', 'db_pdf_ids']",,H1-D02a-MEDIA-UNION,Q02,Identidad equivalente; solo difieren listas de medios.
product,sql:productos:41,kronos-puertas-rapidas-de-sectores-modulares-autorreparable.php,R02_ENTITY_DUPLICATE_CANDIDATE,"grupo kronos-puertas-rapidas-de-sectores-modulares-autorreparable.php: name/php/categoria/marca identicos; divergen ['db_image_ids', 'db_pdf_ids']",,H1-D02a-MEDIA-UNION,Q02,Identidad equivalente; solo difieren listas de medios.
product,sql:productos:42,vertigo.php,R02_ENTITY_DUPLICATE_CANDIDATE,grupo vertigo.php: name/php/categoria/marca identicos; divergen ['db_image_ids'],,H1-D02a-MEDIA-UNION,Q02,Identidad equivalente; solo difieren listas de medios.
product,sql:productos:45,serie-x130-motor-para-cortina-oculto.php,R02_ENTITY_DUPLICATE_CANDIDATE,"grupo serie-x130-motor-para-cortina-oculto.php: name/php/categoria/marca identicos; divergen ['db_image_ids', 'db_pdf_ids']",,H1-D02a-MEDIA-UNION,Q02,Identidad equivalente; solo difieren listas de medios.
product,sql:productos:46,phobos-n-piston-electromecanico.php,R02_ENTITY_DUPLICATE_CANDIDATE,"grupo phobos-n-piston-electromecanico.php: name/php/categoria/marca identicos; divergen ['db_image_ids', 'db_pdf_ids']",,H1-D02a-MEDIA-UNION,Q02,Identidad equivalente; solo difieren listas de medios.
product,sql:productos:50,puertas-industriales-dockman.php,R02_ENTITY_DUPLICATE_CANDIDATE,"grupo puertas-industriales-dockman.php: name/php/categoria/marca identicos; divergen ['db_image_ids', 'db_pdf_ids']",,H1-D02a-MEDIA-UNION,Q02,Identidad equivalente; solo difieren listas de medios.
product,sql:productos:52,sellos-de-anden.php,R02_ENTITY_DUPLICATE_CANDIDATE,"grupo sellos-de-anden.php: name/php/categoria/marca identicos; divergen ['db_image_ids', 'db_pdf_ids']",,H1-D02a-MEDIA-UNION,Q02,Identidad equivalente; solo difieren listas de medios.
product,sql:productos:53,rampas-de-anden-hidraulicas.php,R02_ENTITY_DUPLICATE_CANDIDATE,"grupo rampas-de-anden-hidraulicas.php: name/php/categoria/marca identicos; divergen ['db_image_ids', 'db_pdf_ids']",,H1-D02a-MEDIA-UNION,Q02,Identidad equivalente; solo difieren listas de medios.
product,sql:productos:56,rampas-de-anden-mecanicas.php,R02_ENTITY_DUPLICATE_CANDIDATE,"grupo rampas-de-anden-mecanicas.php: name/php/categoria/marca identicos; divergen ['db_image_ids', 'db_pdf_ids']",,H1-D02a-MEDIA-UNION,Q02,Identidad equivalente; solo difieren listas de medios.
product,sql:productos:58,puerta-de-acero-acanalado-modelos-524.php,R02_ENTITY_DUPLICATE_CANDIDATE,"grupo puerta-de-acero-acanalado-modelos-524.php: name/php/categoria/marca identicos; divergen ['db_image_ids', 'db_pdf_ids']",,H1-D02a-MEDIA-UNION,Q02,Identidad equivalente; solo difieren listas de medios.
product,sql:productos:59,puertas-industriales-dockman.php,R02_ENTITY_DUPLICATE_CANDIDATE,"grupo puertas-industriales-dockman.php: name/php/categoria/marca identicos; divergen ['db_image_ids', 'db_pdf_ids']",,H1-D02a-MEDIA-UNION,Q02,Identidad equivalente; solo difieren listas de medios.
product,sql:productos:60,puertas-seccionales-de-acero-modelo-2415.php,R02_ENTITY_DUPLICATE_CANDIDATE,"grupo puertas-seccionales-de-acero-modelo-2415.php: name/php/categoria/marca identicos; divergen ['db_image_ids', 'db_pdf_ids']",,H1-D02a-MEDIA-UNION,Q02,Identidad equivalente; solo difieren listas de medios.
product,sql:productos:61,energy-series-with-intellicore-3720-3724-3722.php,R02_ENTITY_DUPLICATE_CANDIDATE,"grupo energy-series-with-intellicore-3720-3724-3722.php: name/php/categoria/marca identicos; divergen ['db_image_ids', 'db_pdf_ids', 'name']",,H1-D02a-MEDIA-UNION,Q02,Identidad equivalente; solo difieren listas de medios.
product,sql:productos:7,cortina-serie-620.php,R02_ENTITY_DUPLICATE_CANDIDATE,"grupo cortina-serie-620.php: name/php/categoria/marca identicos; divergen ['db_image_ids', 'db_pdf_ids']",,H1-D02a-MEDIA-UNION,Q02,Identidad equivalente; solo difieren listas de medios.
product,sql:productos:82,operador-comercial-rhx.php,R02_ENTITY_DUPLICATE_CANDIDATE,"grupo operador-comercial-rhx.php: name/php/categoria/marca identicos; divergen ['db_image_ids', 'db_pdf_ids']",,H1-D02a-MEDIA-UNION,Q02,Identidad equivalente; solo difieren listas de medios.
product,sql:productos:83,serie-x130-motor-para-cortina-oculto.php,R02_ENTITY_DUPLICATE_CANDIDATE,"grupo serie-x130-motor-para-cortina-oculto.php: name/php/categoria/marca identicos; divergen ['db_image_ids', 'db_pdf_ids']",,H1-D02a-MEDIA-UNION,Q02,Identidad equivalente; solo difieren listas de medios.
product,sql:productos:87,cortina-serie-625.php,R02_ENTITY_DUPLICATE_CANDIDATE,"grupo cortina-serie-625.php: name/php/categoria/marca identicos; divergen ['db_image_ids', 'db_pdf_ids']",,H1-D02a-MEDIA-UNION,Q02,Identidad equivalente; solo difieren listas de medios.
product,sql:productos:9,coleccion-classic.php,R02_ENTITY_DUPLICATE_CANDIDATE,"grupo coleccion-classic.php: name/php/categoria/marca identicos; divergen ['db_image_ids', 'db_pdf_ids']",,H1-D02a-MEDIA-UNION,Q02,Identidad equivalente; solo difieren listas de medios.
product,sql:productos:91,cortina-serie-620.php,R02_ENTITY_DUPLICATE_CANDIDATE,"grupo cortina-serie-620.php: name/php/categoria/marca identicos; divergen ['db_image_ids', 'db_pdf_ids']",,H1-D02a-MEDIA-UNION,Q02,Identidad equivalente; solo difieren listas de medios.
product,sql:productos:94,cortina-serie-630.php,R02_ENTITY_DUPLICATE_CANDIDATE,"grupo cortina-serie-630.php: name/php/categoria/marca identicos; divergen ['db_image_ids', 'db_pdf_ids']",,H1-D02a-MEDIA-UNION,Q02,Identidad equivalente; solo difieren listas de medios.
product,sql:productos:99,fire-rated-doors-firestar-models-700-700c.php,R02_ENTITY_DUPLICATE_CANDIDATE,"grupo fire-rated-doors-firestar-models-700-700c.php: name/php/categoria/marca identicos; divergen ['db_image_ids', 'db_pdf_ids']",,H1-D02a-MEDIA-UNION,Q02,Identidad equivalente; solo difieren listas de medios.
media,asset:system/files/images/productos/0486010282e4b5e4164ef8bb0576b0e931ddc9ed,rolli-zip.php,R09_MEDIA_OWNER_PENDING,product-media-relations IMAGE; owners ['105'],product:105,H2-D02b-EDITORIAL-MERGE:rolli-zip.php,Q03,Se desbloquea al resolver la fusion editorial de su producto propietario.
media,asset:system/files/images/productos/06bfd8e22a88d66d31acea15164a009c18912ca2,puerta-seccional-de-acero-thermacore-serie-592.php,R09_MEDIA_OWNER_PENDING,"product-media-relations PDF; owners ['62', '8']","product:62,8",H2-D02b-EDITORIAL-MERGE:puerta-seccional-de-acero-thermacore-serie-592.php,Q03,Se desbloquea al resolver la fusion editorial de su producto propietario.
media,asset:system/files/images/productos/06f5352d4b43c1c425fca9fbaf8447a697745647,cortina-europea.php,R09_MEDIA_OWNER_PENDING,"product-media-relations IMAGE; owners ['137', '55', '90']","product:137,55,90",H2-D02b-EDITORIAL-MERGE:cortina-europea.php,Q03,Se desbloquea al resolver la fusion editorial de su producto propietario.
media,asset:system/files/images/productos/0aec19fd8541d023c19ecff7eb167c6c172a2732,p45-7-piston-hidraulico-para-puerta-abatible.php,R09_MEDIA_OWNER_PENDING,"product-media-relations IMAGE; owners ['113', '47', '80']","product:113,47,80",H2-D02b-EDITORIAL-MERGE:p45-7-piston-hidraulico-para-puerta-abatible.php,Q03,Se desbloquea al resolver la fusion editorial de su producto propietario.
media,asset:system/files/images/productos/0d4439f5ba46973f404b8a9eaf3c6ed102faad54,coleccion-modern-steel.php,R09_MEDIA_OWNER_PENDING,product-media-relations IMAGE; owners ['107'],product:107,H2-D02b-EDITORIAL-MERGE:coleccion-modern-steel.php,Q03,Se desbloquea al resolver la fusion editorial de su producto propietario.
media,asset:system/files/images/productos/136ef7a13a590b7377465e3d3c917671ef454cfa,puertas-contra-incendio.php,R09_MEDIA_OWNER_PENDING,product-media-relations IMAGE; owners ['29'],product:29,H2-D02b-EDITORIAL-MERGE:puertas-contra-incendio.php,Q03,Se desbloquea al resolver la fusion editorial de su producto propietario.
media,asset:system/files/images/productos/158ffcb904bc82f2a7d2ec143de37e00730d04bd,rampas-de-anden-hidraulicas-kelley.php,R09_MEDIA_OWNER_PENDING,"product-media-relations IMAGE; owners ['139', '24', '3']","product:139,24,3",H2-D02b-EDITORIAL-MERGE:rampas-de-anden-hidraulicas-kelley.php,Q03,Se desbloquea al resolver la fusion editorial de su producto propietario.
media,asset:system/files/images/productos/178b1ba338c75e76a62f9528efc0c0d4fc58398a,cortina-plana.php,R09_MEDIA_OWNER_PENDING,product-media-relations IMAGE; owners ['54'],product:54,H2-D02b-EDITORIAL-MERGE:cortina-plana.php,Q03,Se desbloquea al resolver la fusion editorial de su producto propietario.
media,asset:system/files/images/productos/187b4bd808ae2adb2a5952d632cf3116e0fc8051,puerta-seccional-de-acero-thermacore-serie-592.php,R09_MEDIA_OWNER_PENDING,"product-media-relations IMAGE; owners ['62', '8']","product:62,8",H2-D02b-EDITORIAL-MERGE:puerta-seccional-de-acero-thermacore-serie-592.php,Q03,Se desbloquea al resolver la fusion editorial de su producto propietario.
media,asset:system/files/images/productos/19f80382b0e81db9f5bed545ec25447045202956,labio-de-elevacion-mecanico-dockman.php,R09_MEDIA_OWNER_PENDING,"product-media-relations PDF; owners ['143', '51']","product:143,51",H2-D02b-EDITORIAL-MERGE:labio-de-elevacion-mecanico-dockman.php,Q03,Se desbloquea al resolver la fusion editorial de su producto propietario.
media,asset:system/files/images/productos/1c6fb09d0758e1a02f2c7d7ac5658c9dc2bcc460,fast-seal-high-performance-door.php,R09_MEDIA_OWNER_PENDING,product-media-relations IMAGE; owners ['101'],product:101,H2-D02b-EDITORIAL-MERGE:fast-seal-high-performance-door.php,Q03,Se desbloquea al resolver la fusion editorial de su producto propietario.
media,asset:system/files/images/productos/1dbc1c3bbbced6c0721c851547c4d781f5ffe0a7,rapida-apilable.php,R09_MEDIA_OWNER_PENDING,"product-media-relations IMAGE; owners ['104', '39']","product:104,39",H2-D02b-EDITORIAL-MERGE:rapida-apilable.php,Q03,Se desbloquea al resolver la fusion editorial de su producto propietario.
media,asset:system/files/images/productos/2321bf300ce02b2cfa633479c59e2c99b735dd65,cortina-europea.php,R09_MEDIA_OWNER_PENDING,"product-media-relations IMAGE; owners ['137', '55', '90']","product:137,55,90",H2-D02b-EDITORIAL-MERGE:cortina-europea.php,Q03,Se desbloquea al resolver la fusion editorial de su producto propietario.
media,asset:system/files/images/productos/232816261d8cd23de8ba236c7245abce4f3e0508,sellos-nacionales.php,R09_MEDIA_OWNER_PENDING,product-media-relations IMAGE; owners ['150'],product:150,H2-D02b-EDITORIAL-MERGE:sellos-nacionales.php,Q03,Se desbloquea al resolver la fusion editorial de su producto propietario.
media,asset:system/files/images/productos/25a52045f95f6d8635d30d19530ca56f26020262,puerta-estandar.php,R09_MEDIA_OWNER_PENDING,product-media-relations IMAGE; owners ['131'],product:131,H2-D02b-EDITORIAL-MERGE:puerta-estandar.php,Q03,Se desbloquea al resolver la fusion editorial de su producto propietario.
media,asset:system/files/images/productos/28e8d1d7eba06a05f31a344559e00ae7fa01b95a,sellos-nacionales.php,R09_MEDIA_OWNER_PENDING,product-media-relations IMAGE; owners ['150'],product:150,H2-D02b-EDITORIAL-MERGE:sellos-nacionales.php,Q03,Se desbloquea al resolver la fusion editorial de su producto propietario.
media,asset:system/files/images/productos/2cf9dcb700d1e35a5125093d4f22ff6952d4ebd0,puerta-holandesa.php,R09_MEDIA_OWNER_PENDING,"product-media-relations PDF; owners ['122', '133', '33']","product:122,133,33",H2-D02b-EDITORIAL-MERGE:puerta-holandesa.php,Q03,Se desbloquea al resolver la fusion editorial de su producto propietario.
media,asset:system/files/images/productos/2dba2794d3274a4845e24aa81c28cf40da541f62,fast-seal-high-performance-door.php,R09_MEDIA_OWNER_PENDING,product-media-relations IMAGE; owners ['36'],product:36,H2-D02b-EDITORIAL-MERGE:fast-seal-high-performance-door.php,Q03,Se desbloquea al resolver la fusion editorial de su producto propietario.
media,asset:system/files/images/productos/300d21c729a7df172ac9f070a9b7485e88f8b038,puertas-contra-incendio.php,R09_MEDIA_OWNER_PENDING,"product-media-relations PDF; owners ['116', '130', '29']","product:116,130,29",H2-D02b-EDITORIAL-MERGE:puertas-contra-incendio.php,Q03,Se desbloquea al resolver la fusion editorial de su producto propietario.
media,asset:system/files/images/productos/32efa422f2422111a48559ea8db3eedf5a0de2d3,lux-2b-y-lux-gv-piston-hidraulico-para-puerta-abatible.php,R09_MEDIA_OWNER_PENDING,"product-media-relations IMAGE; owners ['112', '48', '79']","product:112,48,79",H2-D02b-EDITORIAL-MERGE:lux-2b-y-lux-gv-piston-hidraulico-para-puerta-abatible.php,Q03,Se desbloquea al resolver la fusion editorial de su producto propietario.
media,asset:system/files/images/productos/39c267d9d6655665608d4e1a6dd7d33a17e93e8d,puerta-estandar.php,R09_MEDIA_OWNER_PENDING,"product-media-relations PDF; owners ['119', '131', '31']","product:119,131,31",H2-D02b-EDITORIAL-MERGE:puerta-estandar.php,Q03,Se desbloquea al resolver la fusion editorial de su producto propietario.
media,asset:system/files/images/productos/3ba705421037a3956e500eec0062dec52829cea4,puerta-estandar-reforzada.php,R09_MEDIA_OWNER_PENDING,"product-media-relations PDF; owners ['120', '132', '32']","product:120,132,32",H2-D02b-EDITORIAL-MERGE:puerta-estandar-reforzada.php,Q03,Se desbloquea al resolver la fusion editorial de su producto propietario.
media,asset:system/files/images/productos/3d2afaf79288b7dc59b91253693d2e7c5bb079ed,operador-para-perfilados-comerciales-sel.php,R09_MEDIA_OWNER_PENDING,product-media-relations IMAGE; owners ['78'],product:78,H2-D02b-EDITORIAL-MERGE:operador-para-perfilados-comerciales-sel.php,Q03,Se desbloquea al resolver la fusion editorial de su producto propietario.
media,asset:system/files/images/productos/3d3f8a7b58fad15cba55a19e1f7dcbd97e37ab41,cortina-plana.php,R09_MEDIA_OWNER_PENDING,"product-media-relations IMAGE; owners ['136', '54', '89']","product:136,54,89",H2-D02b-EDITORIAL-MERGE:cortina-plana.php,Q03,Se desbloquea al resolver la fusion editorial de su producto propietario.
media,asset:system/files/images/productos/3fcb5fc39a3f48d550a13c6a20bd92b360ec7b65,operador-para-perfilados-comerciales-sel.php,R09_MEDIA_OWNER_PENDING,"product-media-relations PDF; owners ['78', '84']","product:78,84",H2-D02b-EDITORIAL-MERGE:operador-para-perfilados-comerciales-sel.php,Q03,Se desbloquea al resolver la fusion editorial de su producto propietario.
media,asset:system/files/images/productos/41fac25bf3c4f3389882019d1f274fd418b8facb,puerta-holandesa.php,R09_MEDIA_OWNER_PENDING,"product-media-relations IMAGE; owners ['122', '133', '33']","product:122,133,33",H2-D02b-EDITORIAL-MERGE:puerta-holandesa.php,Q03,Se desbloquea al resolver la fusion editorial de su producto propietario.
media,asset:system/files/images/productos/4b5ea36b9438bb35d7d67d674da25763cdee3c0f,puerta-holandesa.php,R09_MEDIA_OWNER_PENDING,"product-media-relations IMAGE; owners ['122', '133', '33']","product:122,133,33",H2-D02b-EDITORIAL-MERGE:puerta-holandesa.php,Q03,Se desbloquea al resolver la fusion editorial de su producto propietario.
media,asset:system/files/images/productos/4c235320c6c73cff73a7e701b74b8e5fd0417378,puerta-y-fijos-louver.php,R09_MEDIA_OWNER_PENDING,"product-media-relations IMAGE; owners ['121', '134', '35']","product:121,134,35",H2-D02b-EDITORIAL-MERGE:puerta-y-fijos-louver.php,Q03,Se desbloquea al resolver la fusion editorial de su producto propietario.
media,asset:system/files/images/productos/52ecaaae0d3f3f087c9edce957e4dd5db733656c,puerta-y-fijos-louver.php,R09_MEDIA_OWNER_PENDING,"product-media-relations IMAGE; owners ['121', '134', '35']","product:121,134,35",H2-D02b-EDITORIAL-MERGE:puerta-y-fijos-louver.php,Q03,Se desbloquea al resolver la fusion editorial de su producto propietario.
media,asset:system/files/images/productos/56b92a9123f8b4859c652b1f53085eb77403b5b5,sellos-nacionales.php,R09_MEDIA_OWNER_PENDING,product-media-relations IMAGE; owners ['150'],product:150,H2-D02b-EDITORIAL-MERGE:sellos-nacionales.php,Q03,Se desbloquea al resolver la fusion editorial de su producto propietario.
media,asset:system/files/images/productos/59ca6b73479b3fcde81f96439976896bad94b750,energy-series-with-intellicore-37171-3-4.php,R09_MEDIA_OWNER_PENDING,product-media-relations IMAGE; owners ['2'],product:2,H2-D02b-EDITORIAL-MERGE:energy-series-with-intellicore-37171-3-4.php,Q03,Se desbloquea al resolver la fusion editorial de su producto propietario.
media,asset:system/files/images/productos/5fd1d8e56b075c2ab53eef822c638f07763f1e0c,cortina-plana.php,R09_MEDIA_OWNER_PENDING,"product-media-relations IMAGE; owners ['136', '54', '89']","product:136,54,89",H2-D02b-EDITORIAL-MERGE:cortina-plana.php,Q03,Se desbloquea al resolver la fusion editorial de su producto propietario.
media,asset:system/files/images/productos/626b58db888990c04a7f855e6c03da8fa9fe5460,energy-series-with-intellicore-37171-3-4.php,R09_MEDIA_OWNER_PENDING,product-media-relations IMAGE; owners ['17'],product:17,H2-D02b-EDITORIAL-MERGE:energy-series-with-intellicore-37171-3-4.php,Q03,Se desbloquea al resolver la fusion editorial de su producto propietario.
media,asset:system/files/images/productos/6703592bfd849be6bda7eea4a8296f3e11ed8198,operador-para-perfilados-comerciales-sel.php,R09_MEDIA_OWNER_PENDING,product-media-relations IMAGE; owners ['84'],product:84,H2-D02b-EDITORIAL-MERGE:operador-para-perfilados-comerciales-sel.php,Q03,Se desbloquea al resolver la fusion editorial de su producto propietario.
media,asset:system/files/images/productos/67d4a229ade458e06d088099546a7185387b2fd3,rolli-zip.php,R09_MEDIA_OWNER_PENDING,product-media-relations IMAGE; owners ['40'],product:40,H2-D02b-EDITORIAL-MERGE:rolli-zip.php,Q03,Se desbloquea al resolver la fusion editorial de su producto propietario.
media,asset:system/files/images/productos/68350ebf06fb528912f62e2bf663862519c7dd38,coleccion-modern-steel.php,R09_MEDIA_OWNER_PENDING,"product-media-relations IMAGE; owners ['107', '16', '20', '6']","product:107,16,20,6",H2-D02b-EDITORIAL-MERGE:coleccion-modern-steel.php,Q03,Se desbloquea al resolver la fusion editorial de su producto propietario.
media,asset:system/files/images/productos/6ca19dacd9993636b6638cf308a1c4490bb0af98,puertas-blindadas.php,R09_MEDIA_OWNER_PENDING,"product-media-relations IMAGE; owners ['118', '129', '28']","product:118,129,28",H2-D02b-EDITORIAL-MERGE:puertas-blindadas.php,Q03,Se desbloquea al resolver la fusion editorial de su producto propietario.
media,asset:system/files/images/productos/6e3aa822ebf160680a65c651fe69d07bd648180a,sellos-nacionales.php,R09_MEDIA_OWNER_PENDING,product-media-relations PDF; owners ['150'],product:150,H2-D02b-EDITORIAL-MERGE:sellos-nacionales.php,Q03,Se desbloquea al resolver la fusion editorial de su producto propietario.
media,asset:system/files/images/productos/6fd1dea200b4640b615b1e40838660d14a58c2fd,cortina-europea.php,R09_MEDIA_OWNER_PENDING,"product-media-relations PDF; owners ['137', '55', '90']","product:137,55,90",H2-D02b-EDITORIAL-MERGE:cortina-europea.php,Q03,Se desbloquea al resolver la fusion editorial de su producto propietario.
media,asset:system/files/images/productos/78540e3c1069358e118a379781ea20b2ccd928b8,sellos-nacionales.php,R09_MEDIA_OWNER_PENDING,product-media-relations IMAGE; owners ['150'],product:150,H2-D02b-EDITORIAL-MERGE:sellos-nacionales.php,Q03,Se desbloquea al resolver la fusion editorial de su producto propietario.
media,asset:system/files/images/productos/7aae91babbc90d6203eaaeedc4936bf19dfc8f5b,puerta-estandar.php,R09_MEDIA_OWNER_PENDING,product-media-relations IMAGE; owners ['31'],product:31,H2-D02b-EDITORIAL-MERGE:puerta-estandar.php,Q03,Se desbloquea al resolver la fusion editorial de su producto propietario.
media,asset:system/files/images/productos/7f7f61551dd20beb863b5847d43b062d728c618d,accesspro-fs1000speed.php,R09_MEDIA_OWNER_PENDING,"product-media-relations IMAGE; owners ['1', '109', '110', '114']","product:1,109,110,114",H2-D02b-EDITORIAL-MERGE:accesspro-fs1000speed.php,Q03,Se desbloquea al resolver la fusion editorial de su producto propietario.
media,asset:system/files/images/productos/82a2c23ba681ca31f4eaa85dd863f90a9a54c405,sellos-nacionales.php,R09_MEDIA_OWNER_PENDING,product-media-relations PDF; owners ['150'],product:150,H2-D02b-EDITORIAL-MERGE:sellos-nacionales.php,Q03,Se desbloquea al resolver la fusion editorial de su producto propietario.
media,asset:system/files/images/productos/8afd449897be23fa417b449c587ed9dd11093a1d,icaro-smart.php;lux-2b-y-lux-gv-piston-hidraulico-para-puerta-abatible.php,R09_MEDIA_OWNER_PENDING,"product-media-relations PDF; owners ['112', '124', '126', '48', '49', '76', '79']","product:112,124,126,48,49,76,79",H2-D02b-EDITORIAL-MERGE:icaro-smart.php,Q03,Se desbloquea al resolver la fusion editorial de su producto propietario.
media,asset:system/files/images/productos/8cc9045279f3a6ec3687c1f6ff0baa1dfc71c71b,cortinas-ventiladas-685.php,R09_MEDIA_OWNER_PENDING,"product-media-relations IMAGE; owners ['128', '96']","product:128,96",H2-D02b-EDITORIAL-MERGE:cortinas-ventiladas-685.php,Q03,Se desbloquea al resolver la fusion editorial de su producto propietario.
media,asset:system/files/images/productos/8d7521a7a170e8ac85e5da1dd301ca17c0c24d71,puertas-contra-incendio.php,R09_MEDIA_OWNER_PENDING,"product-media-relations PDF; owners ['116', '130', '29']","product:116,130,29",H2-D02b-EDITORIAL-MERGE:puertas-contra-incendio.php,Q03,Se desbloquea al resolver la fusion editorial de su producto propietario.
media,asset:system/files/images/productos/8ffd98efe5201d900181b34107af50002abe8ed8,rapida-apilable.php,R09_MEDIA_OWNER_PENDING,product-media-relations IMAGE; owners ['104'],product:104,H2-D02b-EDITORIAL-MERGE:rapida-apilable.php,Q03,Se desbloquea al resolver la fusion editorial de su producto propietario.
media,asset:system/files/images/productos/9042045b07cea65fac66d1763d8fcc92b235b906,puertas-blindadas.php,R09_MEDIA_OWNER_PENDING,"product-media-relations PDF; owners ['118', '129', '28']","product:118,129,28",H2-D02b-EDITORIAL-MERGE:puertas-blindadas.php,Q03,Se desbloquea al resolver la fusion editorial de su producto propietario.
media,asset:system/files/images/productos/91b1b22e0757eb17e2b2f7ad5252137d6b50e464,rolli-zip.php,R09_MEDIA_OWNER_PENDING,"product-media-relations IMAGE; owners ['105', '40']","product:105,40",H2-D02b-EDITORIAL-MERGE:rolli-zip.php,Q03,Se desbloquea al resolver la fusion editorial de su producto propietario.
media,asset:system/files/images/productos/9373560b7092ddbdc9e4c0586c55dacf882d166a,energy-series-with-intellicore-37171-3-4.php,R09_MEDIA_OWNER_PENDING,"product-media-relations IMAGE; owners ['17', '2']","product:17,2",H2-D02b-EDITORIAL-MERGE:energy-series-with-intellicore-37171-3-4.php,Q03,Se desbloquea al resolver la fusion editorial de su producto propietario.
media,asset:system/files/images/productos/940e095bff6a8002a19ac222a04ce14c4322fa45,labio-de-elevacion-mecanico-dockman.php,R09_MEDIA_OWNER_PENDING,"product-media-relations IMAGE; owners ['143', '51']","product:143,51",H2-D02b-EDITORIAL-MERGE:labio-de-elevacion-mecanico-dockman.php,Q03,Se desbloquea al resolver la fusion editorial de su producto propietario.
media,asset:system/files/images/productos/94c7f9e458a3b78898415bc349658edb756a09f2,puerta-estandar-reforzada.php,R09_MEDIA_OWNER_PENDING,product-media-relations IMAGE; owners ['32'],product:32,H2-D02b-EDITORIAL-MERGE:puerta-estandar-reforzada.php,Q03,Se desbloquea al resolver la fusion editorial de su producto propietario.
media,asset:system/files/images/productos/959c0d9393ada51bef2817e8db59c54b487d2262,accesspro-fs1000speed.php,R09_MEDIA_OWNER_PENDING,"product-media-relations PDF; owners ['1', '109', '110', '114']","product:1,109,110,114",H2-D02b-EDITORIAL-MERGE:accesspro-fs1000speed.php,Q03,Se desbloquea al resolver la fusion editorial de su producto propietario.
media,asset:system/files/images/productos/9864659d131f5853c5c595c40be3adac9e56f2d9,rolli-zip.php,R09_MEDIA_OWNER_PENDING,"product-media-relations PDF; owners ['105', '40']","product:105,40",H2-D02b-EDITORIAL-MERGE:rolli-zip.php,Q03,Se desbloquea al resolver la fusion editorial de su producto propietario.
media,asset:system/files/images/productos/9a05d35b35391d87d959fca60be6e20e4d7799c8,puerta-estandar.php,R09_MEDIA_OWNER_PENDING,"product-media-relations IMAGE; owners ['119', '31']","product:119,31",H2-D02b-EDITORIAL-MERGE:puerta-estandar.php,Q03,Se desbloquea al resolver la fusion editorial de su producto propietario.
media,asset:system/files/images/productos/a55fa2df012da03804394e857fc5e09ed6a69191,accesspro-fs1000speed.php,R09_MEDIA_OWNER_PENDING,"product-media-relations IMAGE; owners ['1', '109', '110', '114']","product:1,109,110,114",H2-D02b-EDITORIAL-MERGE:accesspro-fs1000speed.php,Q03,Se desbloquea al resolver la fusion editorial de su producto propietario.
media,asset:system/files/images/productos/a78bba8b99dcc3da6728b2ab918aebe4d8411e64,puerta-estandar.php,R09_MEDIA_OWNER_PENDING,"product-media-relations PDF; owners ['119', '131', '31']","product:119,131,31",H2-D02b-EDITORIAL-MERGE:puerta-estandar.php,Q03,Se desbloquea al resolver la fusion editorial de su producto propietario.
media,asset:system/files/images/productos/a9cf3d4f6bde89180e0ae23231a70bb8f2ff3300,cortina-serie-600.php,R09_MEDIA_OWNER_PENDING,"product-media-relations PDF; owners ['10', '127', '93']","product:10,127,93",H2-D02b-EDITORIAL-MERGE:cortina-serie-600.php,Q03,Se desbloquea al resolver la fusion editorial de su producto propietario.
media,asset:system/files/images/productos/aa57141f525e4c01f137d26858f1477e6d6a0a8c,puerta-estandar-reforzada.php,R09_MEDIA_OWNER_PENDING,"product-media-relations PDF; owners ['120', '132', '32']","product:120,132,32",H2-D02b-EDITORIAL-MERGE:puerta-estandar-reforzada.php,Q03,Se desbloquea al resolver la fusion editorial de su producto propietario.
media,asset:system/files/images/productos/ad6778fc1e386c13476d2051b66e504deddd77d7,rapida-apilable.php,R09_MEDIA_OWNER_PENDING,"product-media-relations PDF; owners ['104', '39']","product:104,39",H2-D02b-EDITORIAL-MERGE:rapida-apilable.php,Q03,Se desbloquea al resolver la fusion editorial de su producto propietario.
media,asset:system/files/images/productos/ae9af73339556620c5857321cb1a0400733819a0,cortina-plana.php,R09_MEDIA_OWNER_PENDING,"product-media-relations PDF; owners ['136', '54', '89']","product:136,54,89",H2-D02b-EDITORIAL-MERGE:cortina-plana.php,Q03,Se desbloquea al resolver la fusion editorial de su producto propietario.
media,asset:system/files/images/productos/b2588f4e4df68a23124a8dbc2b63374ec6959253,energy-series-with-intellicore-37171-3-4.php,R09_MEDIA_OWNER_PENDING,"product-media-relations PDF; owners ['17', '2']","product:17,2",H2-D02b-EDITORIAL-MERGE:energy-series-with-intellicore-37171-3-4.php,Q03,Se desbloquea al resolver la fusion editorial de su producto propietario.
media,asset:system/files/images/productos/b2fc16c210f999a553d13a88a76211d8a8cbd583,puertas-blindadas.php,R09_MEDIA_OWNER_PENDING,"product-media-relations PDF; owners ['118', '129', '28']","product:118,129,28",H2-D02b-EDITORIAL-MERGE:puertas-blindadas.php,Q03,Se desbloquea al resolver la fusion editorial de su producto propietario.
media,asset:system/files/images/productos/b571edc742e7ef0d37e3f59d4d067eb287cb6f51,sellos-nacionales.php,R09_MEDIA_OWNER_PENDING,product-media-relations IMAGE; owners ['150'],product:150,H2-D02b-EDITORIAL-MERGE:sellos-nacionales.php,Q03,Se desbloquea al resolver la fusion editorial de su producto propietario.
media,asset:system/files/images/productos/b9eba5a1d6113befc3d0598783588a63d7b6d9d9,puerta-y-fijos-louver.php,R09_MEDIA_OWNER_PENDING,"product-media-relations IMAGE; owners ['121', '134', '35']","product:121,134,35",H2-D02b-EDITORIAL-MERGE:puerta-y-fijos-louver.php,Q03,Se desbloquea al resolver la fusion editorial de su producto propietario.
media,asset:system/files/images/productos/ba3f2923d733855f1d109ba12330647b866a3383,puertas-contra-incendio.php,R09_MEDIA_OWNER_PENDING,"product-media-relations IMAGE; owners ['116', '130', '29']","product:116,130,29",H2-D02b-EDITORIAL-MERGE:puertas-contra-incendio.php,Q03,Se desbloquea al resolver la fusion editorial de su producto propietario.
media,asset:system/files/images/productos/bd6521c004c07b7eb1e6b29f1cfe3cc0d4ceb3cc,puertas-seccionales-de-acero-aisladas-thermospan-modelo-150.php,R09_MEDIA_OWNER_PENDING,product-media-relations IMAGE; owners ['57'],product:57,H2-D02b-EDITORIAL-MERGE:puertas-seccionales-de-acero-aisladas-thermospan-modelo-150.php,Q03,Se desbloquea al resolver la fusion editorial de su producto propietario.
media,asset:system/files/images/productos/c50e1e39b34533eb25bba5641b8c2e2be5e0dec3,rapida-apilable.php,R09_MEDIA_OWNER_PENDING,"product-media-relations IMAGE; owners ['104', '39']","product:104,39",H2-D02b-EDITORIAL-MERGE:rapida-apilable.php,Q03,Se desbloquea al resolver la fusion editorial de su producto propietario.
media,asset:system/files/images/productos/c8bc985a8ecbeda6dd4f0d60a6ac70423b19b9f6,barreras-estacionamiento-moovi50rm.php,R09_MEDIA_OWNER_PENDING,"product-media-relations IMAGE; owners ['123', '125', '135', '44']","product:123,125,135,44",H2-D02b-EDITORIAL-MERGE:barreras-estacionamiento-moovi50rm.php,Q03,Se desbloquea al resolver la fusion editorial de su producto propietario.
media,asset:system/files/images/productos/c8ff88040661a79b39a07b1e3a27f49432df5dff,cortina-en-aluminio-serie-511-521.php,R09_MEDIA_OWNER_PENDING,"product-media-relations IMAGE; owners ['5', '88']","product:5,88",H2-D02b-EDITORIAL-MERGE:cortina-en-aluminio-serie-511-521.php,Q03,Se desbloquea al resolver la fusion editorial de su producto propietario.
media,asset:system/files/images/productos/cbc5bbf8df505223c1069122842fed702f8be8d8,lift-master-mod-h.php,R09_MEDIA_OWNER_PENDING,"product-media-relations IMAGE; owners ['43', '81']","product:43,81",H2-D02b-EDITORIAL-MERGE:lift-master-mod-h.php,Q03,Se desbloquea al resolver la fusion editorial de su producto propietario.
media,asset:system/files/images/productos/cc2f0cb67adc2e9fe611fd2f8483d44c8e9ab724,puertas-blindadas.php,R09_MEDIA_OWNER_PENDING,product-media-relations IMAGE; owners ['129'],product:129,H2-D02b-EDITORIAL-MERGE:puertas-blindadas.php,Q03,Se desbloquea al resolver la fusion editorial de su producto propietario.
media,asset:system/files/images/productos/cf2e4e326d359080b1ade0173d05a64e2846d1c1,cortina-europea.php,R09_MEDIA_OWNER_PENDING,"product-media-relations IMAGE; owners ['137', '55', '90']","product:137,55,90",H2-D02b-EDITORIAL-MERGE:cortina-europea.php,Q03,Se desbloquea al resolver la fusion editorial de su producto propietario.
media,asset:system/files/images/productos/cfae2414005ec241e35e2be9039da54013a231e9,puerta-estandar-reforzada.php,R09_MEDIA_OWNER_PENDING,"product-media-relations IMAGE; owners ['120', '132', '32']","product:120,132,32",H2-D02b-EDITORIAL-MERGE:puerta-estandar-reforzada.php,Q03,Se desbloquea al resolver la fusion editorial de su producto propietario.
media,asset:system/files/images/productos/d0c290fb090b8236400c0131456b035b9199b02c,puertas-seccionales-de-acero-aisladas-thermospan-modelo-150.php,R09_MEDIA_OWNER_PENDING,product-media-relations IMAGE; owners ['14'],product:14,H2-D02b-EDITORIAL-MERGE:puertas-seccionales-de-acero-aisladas-thermospan-modelo-150.php,Q03,Se desbloquea al resolver la fusion editorial de su producto propietario.
media,asset:system/files/images/productos/d0d4d97dd90ffb84dc80c08ad38dbb6eaf83b0fa,fast-seal-high-performance-door.php,R09_MEDIA_OWNER_PENDING,"product-media-relations PDF; owners ['101', '36']","product:101,36",H2-D02b-EDITORIAL-MERGE:fast-seal-high-performance-door.php,Q03,Se desbloquea al resolver la fusion editorial de su producto propietario.
media,asset:system/files/images/productos/d113f473f3aa6186e6cce3296aebc45f1a266b9d,coleccion-modern-steel.php,R09_MEDIA_OWNER_PENDING,"product-media-relations IMAGE; owners ['16', '20', '6']","product:16,20,6",H2-D02b-EDITORIAL-MERGE:coleccion-modern-steel.php,Q03,Se desbloquea al resolver la fusion editorial de su producto propietario.
media,asset:system/files/images/productos/d417331acf9a342ed7374017285970f68effabf4,lift-master-mod-h.php,R09_MEDIA_OWNER_PENDING,"product-media-relations PDF; owners ['43', '81']","product:43,81",H2-D02b-EDITORIAL-MERGE:lift-master-mod-h.php,Q03,Se desbloquea al resolver la fusion editorial de su producto propietario.
media,asset:system/files/images/productos/d8fee0db7a4abffa83cd01515a5618e2b1b78b17,cortina-serie-600.php,R09_MEDIA_OWNER_PENDING,"product-media-relations IMAGE; owners ['10', '127']","product:10,127",H2-D02b-EDITORIAL-MERGE:cortina-serie-600.php,Q03,Se desbloquea al resolver la fusion editorial de su producto propietario.
media,asset:system/files/images/productos/db60c3f67e4bce5fe6dc4f07bc8c14a13c407758,cortina-plana.php,R09_MEDIA_OWNER_PENDING,"product-media-relations IMAGE; owners ['136', '54', '89']","product:136,54,89",H2-D02b-EDITORIAL-MERGE:cortina-plana.php,Q03,Se desbloquea al resolver la fusion editorial de su producto propietario.
media,asset:system/files/images/productos/df2281661def14838eccfc36ddd1b3068b9ef575,puertas-blindadas.php,R09_MEDIA_OWNER_PENDING,"product-media-relations IMAGE; owners ['118', '129', '28']","product:118,129,28",H2-D02b-EDITORIAL-MERGE:puertas-blindadas.php,Q03,Se desbloquea al resolver la fusion editorial de su producto propietario.
media,asset:system/files/images/productos/dfab80908ff3b6ba9e823ae8e208dbca887b97fe,coleccion-modern-steel.php,R09_MEDIA_OWNER_PENDING,"product-media-relations IMAGE; owners ['107', '16', '20', '6']","product:107,16,20,6",H2-D02b-EDITORIAL-MERGE:coleccion-modern-steel.php,Q03,Se desbloquea al resolver la fusion editorial de su producto propietario.
media,asset:system/files/images/productos/e6d8a9c021af46599e25526f7afa2c9689eba705,cortina-serie-600.php,R09_MEDIA_OWNER_PENDING,"product-media-relations IMAGE; owners ['10', '127', '93']","product:10,127,93",H2-D02b-EDITORIAL-MERGE:cortina-serie-600.php,Q03,Se desbloquea al resolver la fusion editorial de su producto propietario.
media,asset:system/files/images/productos/ea8effe39352760b7c820b97ff11441286eb3e49,icaro-smart.php,R09_MEDIA_OWNER_PENDING,"product-media-relations IMAGE; owners ['124', '126', '49', '76']","product:124,126,49,76",H2-D02b-EDITORIAL-MERGE:icaro-smart.php,Q03,Se desbloquea al resolver la fusion editorial de su producto propietario.
media,asset:system/files/images/productos/ec68ab8e790ca2a96b4a8b409b96b9788018dc78,puertas-seccionales-de-acero-aisladas-thermospan-modelo-150.php,R09_MEDIA_OWNER_PENDING,"product-media-relations PDF; owners ['14', '57']","product:14,57",H2-D02b-EDITORIAL-MERGE:puertas-seccionales-de-acero-aisladas-thermospan-modelo-150.php,Q03,Se desbloquea al resolver la fusion editorial de su producto propietario.
media,asset:system/files/images/productos/ed615bddda8aa301e393e1768b31a2d694243038,labio-de-elevacion-mecanico-dockman.php,R09_MEDIA_OWNER_PENDING,"product-media-relations IMAGE; owners ['143', '51']","product:143,51",H2-D02b-EDITORIAL-MERGE:labio-de-elevacion-mecanico-dockman.php,Q03,Se desbloquea al resolver la fusion editorial de su producto propietario.
media,asset:system/files/images/productos/eebed998e099271fbd2674cd21a6f87567fc9dee,puertas-seccionales-de-acero-aisladas-thermospan-modelo-150.php,R09_MEDIA_OWNER_PENDING,product-media-relations IMAGE; owners ['14'],product:14,H2-D02b-EDITORIAL-MERGE:puertas-seccionales-de-acero-aisladas-thermospan-modelo-150.php,Q03,Se desbloquea al resolver la fusion editorial de su producto propietario.
media,asset:system/files/images/productos/f11bb20047186203a5dd29076b6697e6cf181d69,p45-7-piston-hidraulico-para-puerta-abatible.php,R09_MEDIA_OWNER_PENDING,"product-media-relations PDF; owners ['113', '47', '80']","product:113,47,80",H2-D02b-EDITORIAL-MERGE:p45-7-piston-hidraulico-para-puerta-abatible.php,Q03,Se desbloquea al resolver la fusion editorial de su producto propietario.
media,asset:system/files/images/productos/f304f05a8957297b9b40a452fa93647f80e7bcb6,coleccion-modern-steel.php,R09_MEDIA_OWNER_PENDING,"product-media-relations IMAGE; owners ['107', '16', '20', '6']","product:107,16,20,6",H2-D02b-EDITORIAL-MERGE:coleccion-modern-steel.php,Q03,Se desbloquea al resolver la fusion editorial de su producto propietario.
media,asset:system/files/images/productos/fcd7b006a2ccb75e9d55f0e15b1756f3a87079e9,cortinas-ventiladas-685.php,R09_MEDIA_OWNER_PENDING,"product-media-relations PDF; owners ['128', '96']","product:128,96",H2-D02b-EDITORIAL-MERGE:cortinas-ventiladas-685.php,Q03,Se desbloquea al resolver la fusion editorial de su producto propietario.
product,sql:productos:1,accesspro-fs1000speed.php,R02_ENTITY_DUPLICATE_CANDIDATE,"grupo accesspro-fs1000speed.php: divergen ['category_id', 'db_image_ids', 'db_pdf_ids']",,H2-D02b-EDITORIAL-MERGE:accesspro-fs1000speed.php,Q03,Fusion editorial caso por caso.
product,sql:productos:10,cortina-serie-600.php,R02_ENTITY_DUPLICATE_CANDIDATE,"grupo cortina-serie-600.php: divergen ['category_id', 'db_image_ids', 'db_pdf_ids']",,H2-D02b-EDITORIAL-MERGE:cortina-serie-600.php,Q03,Fusion editorial caso por caso.
product,sql:productos:101,fast-seal-high-performance-door.php,R02_ENTITY_DUPLICATE_CANDIDATE,"grupo fast-seal-high-performance-door.php: divergen ['db_image_ids', 'db_pdf_ids', 'name']",,H2-D02b-EDITORIAL-MERGE:fast-seal-high-performance-door.php,Q03,Fusion editorial caso por caso.
product,sql:productos:104,rapida-apilable.php,R02_ENTITY_DUPLICATE_CANDIDATE,"grupo rapida-apilable.php: divergen ['db_image_ids', 'db_pdf_ids', 'name']",,H2-D02b-EDITORIAL-MERGE:rapida-apilable.php,Q03,Fusion editorial caso por caso.
product,sql:productos:105,rolli-zip.php,R02_ENTITY_DUPLICATE_CANDIDATE,"grupo rolli-zip.php: divergen ['db_image_ids', 'db_pdf_ids', 'name']",,H2-D02b-EDITORIAL-MERGE:rolli-zip.php,Q03,Fusion editorial caso por caso.
product,sql:productos:107,coleccion-modern-steel.php,R02_ENTITY_DUPLICATE_CANDIDATE,"grupo coleccion-modern-steel.php: divergen ['brand_id', 'db_image_ids', 'db_pdf_ids']",,H2-D02b-EDITORIAL-MERGE:coleccion-modern-steel.php,Q03,Fusion editorial caso por caso.
product,sql:productos:109,accesspro-fs1000speed.php,R02_ENTITY_DUPLICATE_CANDIDATE,"grupo accesspro-fs1000speed.php: divergen ['category_id', 'db_image_ids', 'db_pdf_ids']",,H2-D02b-EDITORIAL-MERGE:accesspro-fs1000speed.php,Q03,Fusion editorial caso por caso.
product,sql:productos:110,accesspro-fs1000speed.php,R02_ENTITY_DUPLICATE_CANDIDATE,"grupo accesspro-fs1000speed.php: divergen ['category_id', 'db_image_ids', 'db_pdf_ids']",,H2-D02b-EDITORIAL-MERGE:accesspro-fs1000speed.php,Q03,Fusion editorial caso por caso.
product,sql:productos:112,lux-2b-y-lux-gv-piston-hidraulico-para-puerta-abatible.php,R02_ENTITY_DUPLICATE_CANDIDATE,"grupo lux-2b-y-lux-gv-piston-hidraulico-para-puerta-abatible.php: divergen ['category_id', 'db_image_ids', 'db_pdf_ids']",,H2-D02b-EDITORIAL-MERGE:lux-2b-y-lux-gv-piston-hidraulico-para-puerta-abatible.php,Q03,Fusion editorial caso por caso.
product,sql:productos:113,p45-7-piston-hidraulico-para-puerta-abatible.php,R02_ENTITY_DUPLICATE_CANDIDATE,"grupo p45-7-piston-hidraulico-para-puerta-abatible.php: divergen ['category_id', 'db_image_ids', 'db_pdf_ids']",,H2-D02b-EDITORIAL-MERGE:p45-7-piston-hidraulico-para-puerta-abatible.php,Q03,Fusion editorial caso por caso.
product,sql:productos:114,accesspro-fs1000speed.php,R02_ENTITY_DUPLICATE_CANDIDATE,"grupo accesspro-fs1000speed.php: divergen ['category_id', 'db_image_ids', 'db_pdf_ids']",,H2-D02b-EDITORIAL-MERGE:accesspro-fs1000speed.php,Q03,Fusion editorial caso por caso.
product,sql:productos:116,puertas-contra-incendio.php,R02_ENTITY_DUPLICATE_CANDIDATE,"grupo puertas-contra-incendio.php: divergen ['category_id', 'db_image_ids', 'db_pdf_ids']",,H2-D02b-EDITORIAL-MERGE:puertas-contra-incendio.php,Q03,Fusion editorial caso por caso.
product,sql:productos:118,puertas-blindadas.php,R02_ENTITY_DUPLICATE_CANDIDATE,"grupo puertas-blindadas.php: divergen ['category_id', 'db_image_ids', 'db_pdf_ids', 'name']",,H2-D02b-EDITORIAL-MERGE:puertas-blindadas.php,Q03,Fusion editorial caso por caso.
product,sql:productos:119,puerta-estandar.php,R02_ENTITY_DUPLICATE_CANDIDATE,"grupo puerta-estandar.php: divergen ['category_id', 'db_image_ids', 'db_pdf_ids']",,H2-D02b-EDITORIAL-MERGE:puerta-estandar.php,Q03,Fusion editorial caso por caso.
product,sql:productos:120,puerta-estandar-reforzada.php,R02_ENTITY_DUPLICATE_CANDIDATE,"grupo puerta-estandar-reforzada.php: divergen ['category_id', 'db_image_ids', 'db_pdf_ids']",,H2-D02b-EDITORIAL-MERGE:puerta-estandar-reforzada.php,Q03,Fusion editorial caso por caso.
product,sql:productos:121,puerta-y-fijos-louver.php,R02_ENTITY_DUPLICATE_CANDIDATE,"grupo puerta-y-fijos-louver.php: divergen ['category_id', 'db_image_ids']",,H2-D02b-EDITORIAL-MERGE:puerta-y-fijos-louver.php,Q03,Fusion editorial caso por caso.
product,sql:productos:122,puerta-holandesa.php,R02_ENTITY_DUPLICATE_CANDIDATE,"grupo puerta-holandesa.php: divergen ['category_id', 'db_image_ids', 'db_pdf_ids']",,H2-D02b-EDITORIAL-MERGE:puerta-holandesa.php,Q03,Fusion editorial caso por caso.
product,sql:productos:123,barreras-estacionamiento-moovi50rm.php,R02_ENTITY_DUPLICATE_CANDIDATE,"grupo barreras-estacionamiento-moovi50rm.php: divergen ['brand_id', 'category_id', 'db_image_ids', 'db_pdf_ids']",,H2-D02b-EDITORIAL-MERGE:barreras-estacionamiento-moovi50rm.php,Q03,Fusion editorial caso por caso.
product,sql:productos:124,icaro-smart.php,R02_ENTITY_DUPLICATE_CANDIDATE,"grupo icaro-smart.php: divergen ['category_id', 'db_image_ids', 'db_pdf_ids']",,H2-D02b-EDITORIAL-MERGE:icaro-smart.php,Q03,Fusion editorial caso por caso.
product,sql:productos:125,barreras-estacionamiento-moovi50rm.php,R02_ENTITY_DUPLICATE_CANDIDATE,"grupo barreras-estacionamiento-moovi50rm.php: divergen ['brand_id', 'category_id', 'db_image_ids', 'db_pdf_ids']",,H2-D02b-EDITORIAL-MERGE:barreras-estacionamiento-moovi50rm.php,Q03,Fusion editorial caso por caso.
product,sql:productos:126,icaro-smart.php,R02_ENTITY_DUPLICATE_CANDIDATE,"grupo icaro-smart.php: divergen ['category_id', 'db_image_ids', 'db_pdf_ids']",,H2-D02b-EDITORIAL-MERGE:icaro-smart.php,Q03,Fusion editorial caso por caso.
product,sql:productos:127,cortina-serie-600.php,R02_ENTITY_DUPLICATE_CANDIDATE,"grupo cortina-serie-600.php: divergen ['category_id', 'db_image_ids', 'db_pdf_ids']",,H2-D02b-EDITORIAL-MERGE:cortina-serie-600.php,Q03,Fusion editorial caso por caso.
product,sql:productos:128,cortinas-ventiladas-685.php,R02_ENTITY_DUPLICATE_CANDIDATE,"grupo cortinas-ventiladas-685.php: divergen ['category_id', 'db_image_ids', 'db_pdf_ids']",,H2-D02b-EDITORIAL-MERGE:cortinas-ventiladas-685.php,Q03,Fusion editorial caso por caso.
product,sql:productos:129,puertas-blindadas.php,R02_ENTITY_DUPLICATE_CANDIDATE,"grupo puertas-blindadas.php: divergen ['category_id', 'db_image_ids', 'db_pdf_ids', 'name']",,H2-D02b-EDITORIAL-MERGE:puertas-blindadas.php,Q03,Fusion editorial caso por caso.
product,sql:productos:130,puertas-contra-incendio.php,R02_ENTITY_DUPLICATE_CANDIDATE,"grupo puertas-contra-incendio.php: divergen ['category_id', 'db_image_ids', 'db_pdf_ids']",,H2-D02b-EDITORIAL-MERGE:puertas-contra-incendio.php,Q03,Fusion editorial caso por caso.
product,sql:productos:131,puerta-estandar.php,R02_ENTITY_DUPLICATE_CANDIDATE,"grupo puerta-estandar.php: divergen ['category_id', 'db_image_ids', 'db_pdf_ids']",,H2-D02b-EDITORIAL-MERGE:puerta-estandar.php,Q03,Fusion editorial caso por caso.
product,sql:productos:132,puerta-estandar-reforzada.php,R02_ENTITY_DUPLICATE_CANDIDATE,"grupo puerta-estandar-reforzada.php: divergen ['category_id', 'db_image_ids', 'db_pdf_ids']",,H2-D02b-EDITORIAL-MERGE:puerta-estandar-reforzada.php,Q03,Fusion editorial caso por caso.
product,sql:productos:133,puerta-holandesa.php,R02_ENTITY_DUPLICATE_CANDIDATE,"grupo puerta-holandesa.php: divergen ['category_id', 'db_image_ids', 'db_pdf_ids']",,H2-D02b-EDITORIAL-MERGE:puerta-holandesa.php,Q03,Fusion editorial caso por caso.
product,sql:productos:134,puerta-y-fijos-louver.php,R02_ENTITY_DUPLICATE_CANDIDATE,"grupo puerta-y-fijos-louver.php: divergen ['category_id', 'db_image_ids']",,H2-D02b-EDITORIAL-MERGE:puerta-y-fijos-louver.php,Q03,Fusion editorial caso por caso.
product,sql:productos:135,barreras-estacionamiento-moovi50rm.php,R02_ENTITY_DUPLICATE_CANDIDATE,"grupo barreras-estacionamiento-moovi50rm.php: divergen ['brand_id', 'category_id', 'db_image_ids', 'db_pdf_ids']",,H2-D02b-EDITORIAL-MERGE:barreras-estacionamiento-moovi50rm.php,Q03,Fusion editorial caso por caso.
product,sql:productos:136,cortina-plana.php,R02_ENTITY_DUPLICATE_CANDIDATE,"grupo cortina-plana.php: divergen ['category_id', 'db_image_ids', 'db_pdf_ids']",,H2-D02b-EDITORIAL-MERGE:cortina-plana.php,Q03,Fusion editorial caso por caso.
product,sql:productos:137,cortina-europea.php,R02_ENTITY_DUPLICATE_CANDIDATE,"grupo cortina-europea.php: divergen ['category_id', 'db_image_ids', 'db_pdf_ids']",,H2-D02b-EDITORIAL-MERGE:cortina-europea.php,Q03,Fusion editorial caso por caso.
product,sql:productos:139,rampas-de-anden-hidraulicas-kelley.php,R02_ENTITY_DUPLICATE_CANDIDATE,"grupo rampas-de-anden-hidraulicas-kelley.php: divergen ['brand_id', 'category_id', 'db_image_ids', 'db_pdf_ids', 'name']",,H2-D02b-EDITORIAL-MERGE:rampas-de-anden-hidraulicas-kelley.php,Q03,Fusion editorial caso por caso.
product,sql:productos:14,puertas-seccionales-de-acero-aisladas-thermospan-modelo-150.php,R02_ENTITY_DUPLICATE_CANDIDATE,"grupo puertas-seccionales-de-acero-aisladas-thermospan-modelo-150.php: divergen ['brand_id', 'db_image_ids', 'db_pdf_ids', 'name']",,H2-D02b-EDITORIAL-MERGE:puertas-seccionales-de-acero-aisladas-thermospan-modelo-150.php,Q03,Fusion editorial caso por caso.
product,sql:productos:143,labio-de-elevacion-mecanico-dockman.php,R02_ENTITY_DUPLICATE_CANDIDATE,"grupo labio-de-elevacion-mecanico-dockman.php: divergen ['db_image_ids', 'db_pdf_ids', 'name']",,H2-D02b-EDITORIAL-MERGE:labio-de-elevacion-mecanico-dockman.php,Q03,Fusion editorial caso por caso.
product,sql:productos:16,coleccion-modern-steel.php,R02_ENTITY_DUPLICATE_CANDIDATE,"grupo coleccion-modern-steel.php: divergen ['brand_id', 'db_image_ids', 'db_pdf_ids']",,H2-D02b-EDITORIAL-MERGE:coleccion-modern-steel.php,Q03,Fusion editorial caso por caso.
product,sql:productos:17,energy-series-with-intellicore-37171-3-4.php,R02_ENTITY_DUPLICATE_CANDIDATE,"grupo energy-series-with-intellicore-37171-3-4.php: divergen ['db_image_ids', 'db_pdf_ids', 'name']",,H2-D02b-EDITORIAL-MERGE:energy-series-with-intellicore-37171-3-4.php,Q03,Fusion editorial caso por caso.
product,sql:productos:2,energy-series-with-intellicore-37171-3-4.php,R02_ENTITY_DUPLICATE_CANDIDATE,"grupo energy-series-with-intellicore-37171-3-4.php: divergen ['db_image_ids', 'db_pdf_ids', 'name']",,H2-D02b-EDITORIAL-MERGE:energy-series-with-intellicore-37171-3-4.php,Q03,Fusion editorial caso por caso.
product,sql:productos:20,coleccion-modern-steel.php,R02_ENTITY_DUPLICATE_CANDIDATE,"grupo coleccion-modern-steel.php: divergen ['brand_id', 'db_image_ids', 'db_pdf_ids']",,H2-D02b-EDITORIAL-MERGE:coleccion-modern-steel.php,Q03,Fusion editorial caso por caso.
product,sql:productos:24,rampas-de-anden-hidraulicas-kelley.php,R02_ENTITY_DUPLICATE_CANDIDATE,"grupo rampas-de-anden-hidraulicas-kelley.php: divergen ['brand_id', 'category_id', 'db_image_ids', 'db_pdf_ids', 'name']",,H2-D02b-EDITORIAL-MERGE:rampas-de-anden-hidraulicas-kelley.php,Q03,Fusion editorial caso por caso.
product,sql:productos:28,puertas-blindadas.php,R02_ENTITY_DUPLICATE_CANDIDATE,"grupo puertas-blindadas.php: divergen ['category_id', 'db_image_ids', 'db_pdf_ids', 'name']",,H2-D02b-EDITORIAL-MERGE:puertas-blindadas.php,Q03,Fusion editorial caso por caso.
product,sql:productos:29,puertas-contra-incendio.php,R02_ENTITY_DUPLICATE_CANDIDATE,"grupo puertas-contra-incendio.php: divergen ['category_id', 'db_image_ids', 'db_pdf_ids']",,H2-D02b-EDITORIAL-MERGE:puertas-contra-incendio.php,Q03,Fusion editorial caso por caso.
product,sql:productos:3,rampas-de-anden-hidraulicas-kelley.php,R02_ENTITY_DUPLICATE_CANDIDATE,"grupo rampas-de-anden-hidraulicas-kelley.php: divergen ['brand_id', 'category_id', 'db_image_ids', 'db_pdf_ids', 'name']",,H2-D02b-EDITORIAL-MERGE:rampas-de-anden-hidraulicas-kelley.php,Q03,Fusion editorial caso por caso.
product,sql:productos:31,puerta-estandar.php,R02_ENTITY_DUPLICATE_CANDIDATE,"grupo puerta-estandar.php: divergen ['category_id', 'db_image_ids', 'db_pdf_ids']",,H2-D02b-EDITORIAL-MERGE:puerta-estandar.php,Q03,Fusion editorial caso por caso.
product,sql:productos:32,puerta-estandar-reforzada.php,R02_ENTITY_DUPLICATE_CANDIDATE,"grupo puerta-estandar-reforzada.php: divergen ['category_id', 'db_image_ids', 'db_pdf_ids']",,H2-D02b-EDITORIAL-MERGE:puerta-estandar-reforzada.php,Q03,Fusion editorial caso por caso.
product,sql:productos:33,puerta-holandesa.php,R02_ENTITY_DUPLICATE_CANDIDATE,"grupo puerta-holandesa.php: divergen ['category_id', 'db_image_ids', 'db_pdf_ids']",,H2-D02b-EDITORIAL-MERGE:puerta-holandesa.php,Q03,Fusion editorial caso por caso.
product,sql:productos:35,puerta-y-fijos-louver.php,R02_ENTITY_DUPLICATE_CANDIDATE,"grupo puerta-y-fijos-louver.php: divergen ['category_id', 'db_image_ids']",,H2-D02b-EDITORIAL-MERGE:puerta-y-fijos-louver.php,Q03,Fusion editorial caso por caso.
product,sql:productos:36,fast-seal-high-performance-door.php,R02_ENTITY_DUPLICATE_CANDIDATE,"grupo fast-seal-high-performance-door.php: divergen ['db_image_ids', 'db_pdf_ids', 'name']",,H2-D02b-EDITORIAL-MERGE:fast-seal-high-performance-door.php,Q03,Fusion editorial caso por caso.
product,sql:productos:39,rapida-apilable.php,R02_ENTITY_DUPLICATE_CANDIDATE,"grupo rapida-apilable.php: divergen ['db_image_ids', 'db_pdf_ids', 'name']",,H2-D02b-EDITORIAL-MERGE:rapida-apilable.php,Q03,Fusion editorial caso por caso.
product,sql:productos:40,rolli-zip.php,R02_ENTITY_DUPLICATE_CANDIDATE,"grupo rolli-zip.php: divergen ['db_image_ids', 'db_pdf_ids', 'name']",,H2-D02b-EDITORIAL-MERGE:rolli-zip.php,Q03,Fusion editorial caso por caso.
product,sql:productos:43,lift-master-mod-h.php,R02_ENTITY_DUPLICATE_CANDIDATE,"grupo lift-master-mod-h.php: divergen ['brand_id', 'db_image_ids', 'db_pdf_ids']",,H2-D02b-EDITORIAL-MERGE:lift-master-mod-h.php,Q03,Fusion editorial caso por caso.
product,sql:productos:44,barreras-estacionamiento-moovi50rm.php,R02_ENTITY_DUPLICATE_CANDIDATE,"grupo barreras-estacionamiento-moovi50rm.php: divergen ['brand_id', 'category_id', 'db_image_ids', 'db_pdf_ids']",,H2-D02b-EDITORIAL-MERGE:barreras-estacionamiento-moovi50rm.php,Q03,Fusion editorial caso por caso.
product,sql:productos:47,p45-7-piston-hidraulico-para-puerta-abatible.php,R02_ENTITY_DUPLICATE_CANDIDATE,"grupo p45-7-piston-hidraulico-para-puerta-abatible.php: divergen ['category_id', 'db_image_ids', 'db_pdf_ids']",,H2-D02b-EDITORIAL-MERGE:p45-7-piston-hidraulico-para-puerta-abatible.php,Q03,Fusion editorial caso por caso.
product,sql:productos:48,lux-2b-y-lux-gv-piston-hidraulico-para-puerta-abatible.php,R02_ENTITY_DUPLICATE_CANDIDATE,"grupo lux-2b-y-lux-gv-piston-hidraulico-para-puerta-abatible.php: divergen ['category_id', 'db_image_ids', 'db_pdf_ids']",,H2-D02b-EDITORIAL-MERGE:lux-2b-y-lux-gv-piston-hidraulico-para-puerta-abatible.php,Q03,Fusion editorial caso por caso.
product,sql:productos:49,icaro-smart.php,R02_ENTITY_DUPLICATE_CANDIDATE,"grupo icaro-smart.php: divergen ['category_id', 'db_image_ids', 'db_pdf_ids']",,H2-D02b-EDITORIAL-MERGE:icaro-smart.php,Q03,Fusion editorial caso por caso.
product,sql:productos:5,cortina-en-aluminio-serie-511-521.php,R02_ENTITY_DUPLICATE_CANDIDATE,"grupo cortina-en-aluminio-serie-511-521.php: divergen ['db_image_ids', 'db_pdf_ids', 'name']",,H2-D02b-EDITORIAL-MERGE:cortina-en-aluminio-serie-511-521.php,Q03,Fusion editorial caso por caso.
product,sql:productos:51,labio-de-elevacion-mecanico-dockman.php,R02_ENTITY_DUPLICATE_CANDIDATE,"grupo labio-de-elevacion-mecanico-dockman.php: divergen ['db_image_ids', 'db_pdf_ids', 'name']",,H2-D02b-EDITORIAL-MERGE:labio-de-elevacion-mecanico-dockman.php,Q03,Fusion editorial caso por caso.
product,sql:productos:54,cortina-plana.php,R02_ENTITY_DUPLICATE_CANDIDATE,"grupo cortina-plana.php: divergen ['category_id', 'db_image_ids', 'db_pdf_ids']",,H2-D02b-EDITORIAL-MERGE:cortina-plana.php,Q03,Fusion editorial caso por caso.
product,sql:productos:55,cortina-europea.php,R02_ENTITY_DUPLICATE_CANDIDATE,"grupo cortina-europea.php: divergen ['category_id', 'db_image_ids', 'db_pdf_ids']",,H2-D02b-EDITORIAL-MERGE:cortina-europea.php,Q03,Fusion editorial caso por caso.
product,sql:productos:57,puertas-seccionales-de-acero-aisladas-thermospan-modelo-150.php,R02_ENTITY_DUPLICATE_CANDIDATE,"grupo puertas-seccionales-de-acero-aisladas-thermospan-modelo-150.php: divergen ['brand_id', 'db_image_ids', 'db_pdf_ids', 'name']",,H2-D02b-EDITORIAL-MERGE:puertas-seccionales-de-acero-aisladas-thermospan-modelo-150.php,Q03,Fusion editorial caso por caso.
product,sql:productos:6,coleccion-modern-steel.php,R02_ENTITY_DUPLICATE_CANDIDATE,"grupo coleccion-modern-steel.php: divergen ['brand_id', 'db_image_ids', 'db_pdf_ids']",,H2-D02b-EDITORIAL-MERGE:coleccion-modern-steel.php,Q03,Fusion editorial caso por caso.
product,sql:productos:62,puerta-seccional-de-acero-thermacore-serie-592.php,R02_ENTITY_DUPLICATE_CANDIDATE,"grupo puerta-seccional-de-acero-thermacore-serie-592.php: divergen ['db_image_ids', 'db_pdf_ids', 'name']",,H2-D02b-EDITORIAL-MERGE:puerta-seccional-de-acero-thermacore-serie-592.php,Q03,Fusion editorial caso por caso.
product,sql:productos:76,icaro-smart.php,R02_ENTITY_DUPLICATE_CANDIDATE,"grupo icaro-smart.php: divergen ['category_id', 'db_image_ids', 'db_pdf_ids']",,H2-D02b-EDITORIAL-MERGE:icaro-smart.php,Q03,Fusion editorial caso por caso.
product,sql:productos:78,operador-para-perfilados-comerciales-sel.php,R02_ENTITY_DUPLICATE_CANDIDATE,"grupo operador-para-perfilados-comerciales-sel.php: divergen ['category_id', 'db_image_ids', 'db_pdf_ids']",,H2-D02b-EDITORIAL-MERGE:operador-para-perfilados-comerciales-sel.php,Q03,Fusion editorial caso por caso.
product,sql:productos:79,lux-2b-y-lux-gv-piston-hidraulico-para-puerta-abatible.php,R02_ENTITY_DUPLICATE_CANDIDATE,"grupo lux-2b-y-lux-gv-piston-hidraulico-para-puerta-abatible.php: divergen ['category_id', 'db_image_ids', 'db_pdf_ids']",,H2-D02b-EDITORIAL-MERGE:lux-2b-y-lux-gv-piston-hidraulico-para-puerta-abatible.php,Q03,Fusion editorial caso por caso.
product,sql:productos:8,puerta-seccional-de-acero-thermacore-serie-592.php,R02_ENTITY_DUPLICATE_CANDIDATE,"grupo puerta-seccional-de-acero-thermacore-serie-592.php: divergen ['db_image_ids', 'db_pdf_ids', 'name']",,H2-D02b-EDITORIAL-MERGE:puerta-seccional-de-acero-thermacore-serie-592.php,Q03,Fusion editorial caso por caso.
product,sql:productos:80,p45-7-piston-hidraulico-para-puerta-abatible.php,R02_ENTITY_DUPLICATE_CANDIDATE,"grupo p45-7-piston-hidraulico-para-puerta-abatible.php: divergen ['category_id', 'db_image_ids', 'db_pdf_ids']",,H2-D02b-EDITORIAL-MERGE:p45-7-piston-hidraulico-para-puerta-abatible.php,Q03,Fusion editorial caso por caso.
product,sql:productos:81,lift-master-mod-h.php,R02_ENTITY_DUPLICATE_CANDIDATE,"grupo lift-master-mod-h.php: divergen ['brand_id', 'db_image_ids', 'db_pdf_ids']",,H2-D02b-EDITORIAL-MERGE:lift-master-mod-h.php,Q03,Fusion editorial caso por caso.
product,sql:productos:84,operador-para-perfilados-comerciales-sel.php,R02_ENTITY_DUPLICATE_CANDIDATE,"grupo operador-para-perfilados-comerciales-sel.php: divergen ['category_id', 'db_image_ids', 'db_pdf_ids']",,H2-D02b-EDITORIAL-MERGE:operador-para-perfilados-comerciales-sel.php,Q03,Fusion editorial caso por caso.
product,sql:productos:88,cortina-en-aluminio-serie-511-521.php,R02_ENTITY_DUPLICATE_CANDIDATE,"grupo cortina-en-aluminio-serie-511-521.php: divergen ['db_image_ids', 'db_pdf_ids', 'name']",,H2-D02b-EDITORIAL-MERGE:cortina-en-aluminio-serie-511-521.php,Q03,Fusion editorial caso por caso.
product,sql:productos:89,cortina-plana.php,R02_ENTITY_DUPLICATE_CANDIDATE,"grupo cortina-plana.php: divergen ['category_id', 'db_image_ids', 'db_pdf_ids']",,H2-D02b-EDITORIAL-MERGE:cortina-plana.php,Q03,Fusion editorial caso por caso.
product,sql:productos:90,cortina-europea.php,R02_ENTITY_DUPLICATE_CANDIDATE,"grupo cortina-europea.php: divergen ['category_id', 'db_image_ids', 'db_pdf_ids']",,H2-D02b-EDITORIAL-MERGE:cortina-europea.php,Q03,Fusion editorial caso por caso.
product,sql:productos:93,cortina-serie-600.php,R02_ENTITY_DUPLICATE_CANDIDATE,"grupo cortina-serie-600.php: divergen ['category_id', 'db_image_ids', 'db_pdf_ids']",,H2-D02b-EDITORIAL-MERGE:cortina-serie-600.php,Q03,Fusion editorial caso por caso.
product,sql:productos:96,cortinas-ventiladas-685.php,R02_ENTITY_DUPLICATE_CANDIDATE,"grupo cortinas-ventiladas-685.php: divergen ['category_id', 'db_image_ids', 'db_pdf_ids']",,H2-D02b-EDITORIAL-MERGE:cortinas-ventiladas-685.php,Q03,Fusion editorial caso por caso.
static_product,static:1500-revolving-door.php,static,R08_STATIC_ONLY_ENTITY,migration_status=SHOULD_MIGRATE; cat=UNKNOWN; brand=UNKNOWN; tambien_page=True,,H3c-STATIC-PRODUCT-ENTITY,Q04,Ficha estatica sin fila SQL; categoria y marca UNKNOWN.
static_product,static:bix-al-antena-externa-433-mhz.php,static,R08_STATIC_ONLY_ENTITY,migration_status=SHOULD_MIGRATE; cat=UNKNOWN; brand=UNKNOWN; tambien_page=True,,H3c-STATIC-PRODUCT-ENTITY,Q04,Ficha estatica sin fila SQL; categoria y marca UNKNOWN.
static_product,static:com-programadores-digitales-y-rotativos.php,static,R08_STATIC_ONLY_ENTITY,migration_status=SHOULD_MIGRATE; cat=UNKNOWN; brand=UNKNOWN; tambien_page=True,,H3c-STATIC-PRODUCT-ENTITY,Q04,Ficha estatica sin fila SQL; categoria y marca UNKNOWN.
static_product,static:cross-3e.php,static,R08_STATIC_ONLY_ENTITY,migration_status=SHOULD_MIGRATE; cat=UNKNOWN; brand=UNKNOWN; tambien_page=True,,H3c-STATIC-PRODUCT-ENTITY,Q04,Ficha estatica sin fila SQL; categoria y marca UNKNOWN.
static_product,static:detector-de-masas-max-eagle.php,static,R08_STATIC_ONLY_ENTITY,migration_status=SHOULD_MIGRATE; cat=UNKNOWN; brand=UNKNOWN; tambien_page=True,,H3c-STATIC-PRODUCT-ENTITY,Q04,Ficha estatica sin fila SQL; categoria y marca UNKNOWN.
static_product,static:ditec-neos-y-neos.php,static,R08_STATIC_ONLY_ENTITY,migration_status=SHOULD_MIGRATE; cat=UNKNOWN; brand=UNKNOWN; tambien_page=True,,H3c-STATIC-PRODUCT-ENTITY,Q04,Ficha estatica sin fila SQL; categoria y marca UNKNOWN.
static_product,static:dod-automatizacion-compacto-y-potente-para-portones-seccionales-correderos-y-enrollables.php,static,R08_STATIC_ONLY_ENTITY,migration_status=SHOULD_MIGRATE; cat=UNKNOWN; brand=UNKNOWN; tambien_page=True,,H3c-STATIC-PRODUCT-ENTITY,Q04,Ficha estatica sin fila SQL; categoria y marca UNKNOWN.
static_product,static:dura-glide-20003000-puerta.php,static,R08_STATIC_ONLY_ENTITY,migration_status=SHOULD_MIGRATE; cat=UNKNOWN; brand=UNKNOWN; tambien_page=True,,H3c-STATIC-PRODUCT-ENTITY,Q04,Ficha estatica sin fila SQL; categoria y marca UNKNOWN.
static_product,static:fotoceldas.php,static,R08_STATIC_ONLY_ENTITY,migration_status=SHOULD_MIGRATE; cat=UNKNOWN; brand=UNKNOWN; tambien_page=True,,H3c-STATIC-PRODUCT-ENTITY,Q04,Ficha estatica sin fila SQL; categoria y marca UNKNOWN.
static_product,static:gol-transmisores-de-cuatro-canales.php,static,R08_STATIC_ONLY_ENTITY,migration_status=SHOULD_MIGRATE; cat=UNKNOWN; brand=UNKNOWN; tambien_page=True,,H3c-STATIC-PRODUCT-ENTITY,Q04,Ficha estatica sin fila SQL; categoria y marca UNKNOWN.
static_product,static:lab-4-fotocelulas-de-rayos-infrarrojos.php,static,R08_STATIC_ONLY_ENTITY,migration_status=SHOULD_MIGRATE; cat=UNKNOWN; brand=UNKNOWN; tambien_page=True,,H3c-STATIC-PRODUCT-ENTITY,Q04,Ficha estatica sin fila SQL; categoria y marca UNKNOWN.
static_product,static:lab-9-detectores-de-volumen-de-metal-loop.php,static,R08_STATIC_ONLY_ENTITY,migration_status=SHOULD_MIGRATE; cat=UNKNOWN; brand=UNKNOWN; tambien_page=True,,H3c-STATIC-PRODUCT-ENTITY,Q04,Ficha estatica sin fila SQL; categoria y marca UNKNOWN.
static_product,static:lan-4-sistema-de-teclado-con-combinacion-digital.php,static,R08_STATIC_ONLY_ENTITY,migration_status=SHOULD_MIGRATE; cat=UNKNOWN; brand=UNKNOWN; tambien_page=True,,H3c-STATIC-PRODUCT-ENTITY,Q04,Ficha estatica sin fila SQL; categoria y marca UNKNOWN.
static_product,static:lan-7-sistema-de-mando-de-proximidad-de-tarjetas-con-tecnologia-transponder.php,static,R08_STATIC_ONLY_ENTITY,migration_status=SHOULD_MIGRATE; cat=UNKNOWN; brand=UNKNOWN; tambien_page=True,,H3c-STATIC-PRODUCT-ENTITY,Q04,Ficha estatica sin fila SQL; categoria y marca UNKNOWN.
static_product,static:light-communication-system-lcs.php,static,R08_STATIC_ONLY_ENTITY,migration_status=SHOULD_MIGRATE; cat=UNKNOWN; brand=UNKNOWN; tambien_page=True,,H3c-STATIC-PRODUCT-ENTITY,Q04,Ficha estatica sin fila SQL; categoria y marca UNKNOWN.
static_product,static:luxo-robusto-e-incansable-para-servicios-intensivos-para-hojas-de-hasta-5-m.php,static,R08_STATIC_ONLY_ENTITY,migration_status=SHOULD_MIGRATE; cat=UNKNOWN; brand=UNKNOWN; tambien_page=True,,H3c-STATIC-PRODUCT-ENTITY,Q04,Ficha estatica sin fila SQL; categoria y marca UNKNOWN.
static_product,static:magic-fuerza-del-operador.php,static,R08_STATIC_ONLY_ENTITY,migration_status=SHOULD_MIGRATE; cat=UNKNOWN; brand=UNKNOWN; tambien_page=True,,H3c-STATIC-PRODUCT-ENTITY,Q04,Ficha estatica sin fila SQL; categoria y marca UNKNOWN.
static_product,static:pas-sensores-volumetricos.php,static,R08_STATIC_ONLY_ENTITY,migration_status=SHOULD_MIGRATE; cat=UNKNOWN; brand=UNKNOWN; tambien_page=True,,H3c-STATIC-PRODUCT-ENTITY,Q04,Ficha estatica sin fila SQL; categoria y marca UNKNOWN.
static_product,static:puerta-seccional-de-acero-thermacore-595-uso-pesado.php,static,R08_STATIC_ONLY_ENTITY,migration_status=SHOULD_MIGRATE; cat=UNKNOWN; brand=UNKNOWN; tambien_page=True,,H3c-STATIC-PRODUCT-ENTITY,Q04,Ficha estatica sin fila SQL; categoria y marca UNKNOWN.
static_product,static:qik-barreras-automaticas-de-hasta-58-m.php,static,R08_STATIC_ONLY_ENTITY,migration_status=SHOULD_MIGRATE; cat=UNKNOWN; brand=UNKNOWN; tambien_page=True,,H3c-STATIC-PRODUCT-ENTITY,Q04,Ficha estatica sin fila SQL; categoria y marca UNKNOWN.
static_product,static:retenedores-de-vehiculos-automatico.php,static,R08_STATIC_ONLY_ENTITY,migration_status=SHOULD_MIGRATE; cat=UNKNOWN; brand=UNKNOWN; tambien_page=True,,H3c-STATIC-PRODUCT-ENTITY,Q04,Ficha estatica sin fila SQL; categoria y marca UNKNOWN.
static_product,static:sector-puertas-rapidas-enrollables-de-sectores-intercambiables-y-contrapesos.php,static,R08_STATIC_ONLY_ENTITY,migration_status=SHOULD_MIGRATE; cat=UNKNOWN; brand=UNKNOWN; tambien_page=True,,H3c-STATIC-PRODUCT-ENTITY,Q04,Ficha estatica sin fila SQL; categoria y marca UNKNOWN.
static_product,static:sector-reset.php,static,R08_STATIC_ONLY_ENTITY,migration_status=SHOULD_MIGRATE; cat=UNKNOWN; brand=UNKNOWN; tambien_page=True,,H3c-STATIC-PRODUCT-ENTITY,Q04,Ficha estatica sin fila SQL; categoria y marca UNKNOWN.
static_product,static:sg-onixx-600.php,static,R08_STATIC_ONLY_ENTITY,migration_status=SHOULD_MIGRATE; cat=UNKNOWN; brand=UNKNOWN; tambien_page=True,,H3c-STATIC-PRODUCT-ENTITY,Q04,Ficha estatica sin fila SQL; categoria y marca UNKNOWN.
static_product,static:smart-puertas-rapidas-enrollables-de-sectores-intercambiables-con-motor-externo.php,static,R08_STATIC_ONLY_ENTITY,migration_status=SHOULD_MIGRATE; cat=UNKNOWN; brand=UNKNOWN; tambien_page=True,,H3c-STATIC-PRODUCT-ENTITY,Q04,Ficha estatica sin fila SQL; categoria y marca UNKNOWN.
static_product,static:sprint-automatizaciones-para-puertas-peatonales-pequenas-dimensiones.php,static,R08_STATIC_ONLY_ENTITY,migration_status=SHOULD_MIGRATE; cat=UNKNOWN; brand=UNKNOWN; tambien_page=True,,H3c-STATIC-PRODUCT-ENTITY,Q04,Ficha estatica sin fila SQL; categoria y marca UNKNOWN.
static_product,static:star1000-receptor-comercial.php,static,R08_STATIC_ONLY_ENTITY,migration_status=SHOULD_MIGRATE; cat=UNKNOWN; brand=UNKNOWN; tambien_page=True,,H3c-STATIC-PRODUCT-ENTITY,Q04,Ficha estatica sin fila SQL; categoria y marca UNKNOWN.
static_product,static:traffic.php,static,R08_STATIC_ONLY_ENTITY,migration_status=SHOULD_MIGRATE; cat=UNKNOWN; brand=UNKNOWN; tambien_page=True,,H3c-STATIC-PRODUCT-ENTITY,Q04,Ficha estatica sin fila SQL; categoria y marca UNKNOWN.
static_product,static:upper-up8e-barreras-automaticas-de-hasta-8-m.php,static,R08_STATIC_ONLY_ENTITY,migration_status=SHOULD_MIGRATE; cat=UNKNOWN; brand=UNKNOWN; tambien_page=True,,H3c-STATIC-PRODUCT-ENTITY,Q04,Ficha estatica sin fila SQL; categoria y marca UNKNOWN.
static_product,static:wel-aotmatizacion-de-puertas-peatonales-pequena-y-robusta.php,static,R08_STATIC_ONLY_ENTITY,migration_status=SHOULD_MIGRATE; cat=UNKNOWN; brand=UNKNOWN; tambien_page=True,,H3c-STATIC-PRODUCT-ENTITY,Q04,Ficha estatica sin fila SQL; categoria y marca UNKNOWN.
static_product,static:xel-5-selector-de-llave.php,static,R08_STATIC_ONLY_ENTITY,migration_status=SHOULD_MIGRATE; cat=UNKNOWN; brand=UNKNOWN; tambien_page=True,,H3c-STATIC-PRODUCT-ENTITY,Q04,Ficha estatica sin fila SQL; categoria y marca UNKNOWN.
media,asset:fichas/CMDC-0524SP-14-1.pdf,page:puerta-de-acero-acanalado-modelos-524.php,R09_MEDIA_OWNER_PENDING,PUBLIC_SOURCE desde 1 pagina(s) ['PRODUCT_PAGE'],page:puerta-de-acero-acanalado-modelos-524.php,H10-MEDIA-TYPE-POLICY,Q05,Tipo/limite/hash fuera de la politica del importador.
media,asset:fichas/CMDC-3717-3718-11.pdf,page:energy-series-with-intellicore-37171-3-4.php,R09_MEDIA_OWNER_PENDING,PUBLIC_SOURCE desde 1 pagina(s) ['PRODUCT_PAGE'],page:energy-series-with-intellicore-37171-3-4.php,H10-MEDIA-TYPE-POLICY,Q05,Tipo/limite/hash fuera de la politica del importador.
media,asset:fichas/Clopay-3720-07.pdf,page:energy-series-with-intellicore-3720-3724-3722.php,R09_MEDIA_OWNER_PENDING,PUBLIC_SOURCE desde 1 pagina(s) ['PRODUCT_PAGE'],page:energy-series-with-intellicore-3720-3724-3722.php,H10-MEDIA-TYPE-POLICY,Q05,Tipo/limite/hash fuera de la politica del importador.
media,asset:fichas/Cortina-serie-610-620.pdf,page:cortina-serie-610.php,R09_MEDIA_OWNER_PENDING,PUBLIC_SOURCE desde 1 pagina(s) ['PRODUCT_PAGE'],page:cortina-serie-610.php,H10-MEDIA-TYPE-POLICY,Q05,Tipo/limite/hash fuera de la politica del importador.
media,asset:fichas/Icaro-smart-AC-Aes.pdf,(unreferenced),R13_MEDIA_TYPE_UNSUPPORTED,usage_type=PDF_APPARENTLY_UNUSED; direct_refs=0,,H10-MEDIA-TYPE-POLICY,Q05,Tipo/limite/hash fuera de la politica del importador.
media,asset:fichas/Kelley-Hydraulic-Dock-Leveler-Brochure_web.pdf,page:rampas-de-anden-hidraulicas-kelley.php,R09_MEDIA_OWNER_PENDING,PUBLIC_SOURCE desde 1 pagina(s) ['PRODUCT_PAGE'],page:rampas-de-anden-hidraulicas-kelley.php,H10-MEDIA-TYPE-POLICY,Q05,Tipo/limite/hash fuera de la politica del importador.
media,asset:fichas/StrongArm_HVR303_Brochure_Spanish.pdf,page:retenedor-de-vehiculos.php,R09_MEDIA_OWNER_PENDING,PUBLIC_SOURCE desde 1 pagina(s) ['PRODUCT_PAGE'],page:retenedor-de-vehiculos.php,H10-MEDIA-TYPE-POLICY,Q05,Tipo/limite/hash fuera de la politica del importador.
media,asset:fichas/commercial-aluminum-door-systems-brochure.pdf,page:cortina-en-aluminio-serie-511-521.php,R09_MEDIA_OWNER_PENDING,PUBLIC_SOURCE desde 1 pagina(s) ['PRODUCT_PAGE'],page:cortina-en-aluminio-serie-511-521.php,H10-MEDIA-TYPE-POLICY,Q05,Tipo/limite/hash fuera de la politica del importador.
media,asset:fichas/lisos.pdf,page:coleccion-modern-steel.php,R09_MEDIA_OWNER_PENDING,PUBLIC_SOURCE desde 1 pagina(s) ['PRODUCT_PAGE'],page:coleccion-modern-steel.php,H10-MEDIA-TYPE-POLICY,Q05,Tipo/limite/hash fuera de la politica del importador.
media,asset:fichas/moovi50rm.pdf,page:barreras-estacionamiento-moovi50rm.php,R09_MEDIA_OWNER_PENDING,PUBLIC_SOURCE desde 1 pagina(s) ['PRODUCT_PAGE'],page:barreras-estacionamiento-moovi50rm.php,H10-MEDIA-TYPE-POLICY,Q05,Tipo/limite/hash fuera de la politica del importador.
media,asset:fichas/puerta-424.pdf,page:puerta-seccional-de-acero-sin-aislamiento-424-uso-pesado.php,R09_MEDIA_OWNER_PENDING,PUBLIC_SOURCE desde 1 pagina(s) ['PRODUCT_PAGE'],page:puerta-seccional-de-acero-sin-aislamiento-424-uso-pesado.php,H10-MEDIA-TYPE-POLICY,Q05,Tipo/limite/hash fuera de la politica del importador.
media,asset:fichas/puerta-430.pdf,page:puert-seccional-de-acero-sin-aislamiento-430-uso-medio.php,R09_MEDIA_OWNER_PENDING,PUBLIC_SOURCE desde 1 pagina(s) ['PRODUCT_PAGE'],page:puert-seccional-de-acero-sin-aislamiento-430-uso-medio.php,H10-MEDIA-TYPE-POLICY,Q05,Tipo/limite/hash fuera de la politica del importador.
media,asset:fichas/puerta-521.pdf,page:puertas-seccionales-de-aluminio-521.php,R09_MEDIA_OWNER_PENDING,PUBLIC_SOURCE desde 1 pagina(s) ['PRODUCT_PAGE'],page:puertas-seccionales-de-aluminio-521.php,H10-MEDIA-TYPE-POLICY,Q05,Tipo/limite/hash fuera de la politica del importador.
media,asset:fichas/puerta-seccional-418.pdf,page:puerta-seccional-de-acero-perfiles-418.php,R09_MEDIA_OWNER_PENDING,PUBLIC_SOURCE desde 1 pagina(s) ['PRODUCT_PAGE'],page:puerta-seccional-de-acero-perfiles-418.php,H10-MEDIA-TYPE-POLICY,Q05,Tipo/limite/hash fuera de la politica del importador.
media,asset:fichas/puerta-seccional-422.pdf,page:puerta-seccionabl-acero-perfiles-422-uso-pesado.php,R09_MEDIA_OWNER_PENDING,PUBLIC_SOURCE desde 1 pagina(s) ['PRODUCT_PAGE'],page:puerta-seccionabl-acero-perfiles-422-uso-pesado.php,H10-MEDIA-TYPE-POLICY,Q05,Tipo/limite/hash fuera de la politica del importador.
media,asset:fichas/puerta-seccional-426.pdf,page:puertas-seccionales-de-acero-perfiles-426.php,R09_MEDIA_OWNER_PENDING,PUBLIC_SOURCE desde 1 pagina(s) ['PRODUCT_PAGE'],page:puertas-seccionales-de-acero-perfiles-426.php,H10-MEDIA-TYPE-POLICY,Q05,Tipo/limite/hash fuera de la politica del importador.
media,asset:fichas/puerta-seccional-432.pdf,page:puerta-seccional-de-acero-perfiles-432-uso-medio.php,R09_MEDIA_OWNER_PENDING,PUBLIC_SOURCE desde 1 pagina(s) ['PRODUCT_PAGE'],page:puerta-seccional-de-acero-perfiles-432-uso-medio.php,H10-MEDIA-TYPE-POLICY,Q05,Tipo/limite/hash fuera de la politica del importador.
media,asset:fichas/puerta-thermacore-593.pdf,page:puerta-seccional-de-acero-thermacore-593-uso-medio.php,R09_MEDIA_OWNER_PENDING,PUBLIC_SOURCE desde 1 pagina(s) ['PRODUCT_PAGE'],page:puerta-seccional-de-acero-thermacore-593-uso-medio.php,H10-MEDIA-TYPE-POLICY,Q05,Tipo/limite/hash fuera de la politica del importador.
media,asset:fichas/puerta-thermacore-594.pdf,page:puerta-seccional-de-acero-thermacore-594-uso-medio.php,R09_MEDIA_OWNER_PENDING,PUBLIC_SOURCE desde 1 pagina(s) ['PRODUCT_PAGE'],page:puerta-seccional-de-acero-thermacore-594-uso-medio.php,H10-MEDIA-TYPE-POLICY,Q05,Tipo/limite/hash fuera de la politica del importador.
media,asset:fichas/puerta-thermacore-595.pdf,page:puerta-seccional-de-acero-thermacore-595-uso-pesado.php,R09_MEDIA_OWNER_PENDING,PUBLIC_SOURCE desde 1 pagina(s) ['PRODUCT_PAGE'],page:puerta-seccional-de-acero-thermacore-595-uso-pesado.php,H10-MEDIA-TYPE-POLICY,Q05,Tipo/limite/hash fuera de la politica del importador.
media,asset:fichas/rhx-commercial-operator-brochure.pdf,page:operador-para-perfilados-comerciales-jst.php,R09_MEDIA_OWNER_PENDING,PUBLIC_SOURCE desde 1 pagina(s) ['PRODUCT_PAGE'],page:operador-para-perfilados-comerciales-jst.php,H10-MEDIA-TYPE-POLICY,Q05,Tipo/limite/hash fuera de la politica del importador.
media,asset:fichas/rolling-steel-doors-610-620-brochure.pdf,page:cortina-serie-620.php,R09_MEDIA_OWNER_PENDING,PUBLIC_SOURCE desde 1 pagina(s) ['PRODUCT_PAGE'],page:cortina-serie-620.php,H10-MEDIA-TYPE-POLICY,Q05,Tipo/limite/hash fuera de la politica del importador.
media,asset:https://www.youtube.com/embed/7K2zzhkH5EA?si=XKMl9Nda8Lxp4k9m,page:p45-7-piston-hidraulico-para-puerta-abatible.php,R13_MEDIA_TYPE_UNSUPPORTED,PUBLIC_SOURCE desde 1 pagina(s) ['PRODUCT_PAGE'],page:p45-7-piston-hidraulico-para-puerta-abatible.php,H10-MEDIA-TYPE-POLICY,Q05,Tipo/limite/hash fuera de la politica del importador.
media,asset:https://www.youtube.com/embed/HuAna9chMKQ?si=1tVHC3zKFMz_7dZ6,page:barreras-estacionamiento-moovi50rm.php,R13_MEDIA_TYPE_UNSUPPORTED,PUBLIC_SOURCE desde 1 pagina(s) ['PRODUCT_PAGE'],page:barreras-estacionamiento-moovi50rm.php,H10-MEDIA-TYPE-POLICY,Q05,Tipo/limite/hash fuera de la politica del importador.
media,asset:https://www.youtube.com/embed/nBnhyuFI108?si=qYAU4oiisGc36iw4,page:icaro-smart.php,R13_MEDIA_TYPE_UNSUPPORTED,PUBLIC_SOURCE desde 1 pagina(s) ['PRODUCT_PAGE'],page:icaro-smart.php,H10-MEDIA-TYPE-POLICY,Q05,Tipo/limite/hash fuera de la politica del importador.
media,asset:images/a416.png,page:puertas-seccionales-industriales.php,R09_MEDIA_OWNER_PENDING,PUBLIC_SOURCE desde 1 pagina(s) ['CATEGORY_PAGE'],page:puertas-seccionales-industriales.php,H10-MEDIA-TYPE-POLICY,Q05,Tipo/limite/hash fuera de la politica del importador.
media,asset:images/demo-marketing-footer-dot.svg,page:footer.php,R09_MEDIA_OWNER_PENDING,PUBLIC_SOURCE desde 1 pagina(s) ['LEGACY_INTERNAL'],page:footer.php,H10-MEDIA-TYPE-POLICY,Q05,Tipo/limite/hash fuera de la politica del importador.
media,asset:images/dock.png,(unreferenced),R13_MEDIA_TYPE_UNSUPPORTED,usage_type=IMAGE_APPARENTLY_UNUSED; direct_refs=0,,H10-MEDIA-TYPE-POLICY,Q05,Tipo/limite/hash fuera de la politica del importador.
media,asset:images/dockmanint.png,page:puertas-industriales-dockman.php,R09_MEDIA_OWNER_PENDING,PUBLIC_SOURCE desde 1 pagina(s) ['PRODUCT_PAGE'],page:puertas-industriales-dockman.php,H10-MEDIA-TYPE-POLICY,Q05,Tipo/limite/hash fuera de la politica del importador.
media,asset:images/logo-walmart.svg,(unreferenced),R13_MEDIA_TYPE_UNSUPPORTED,usage_type=IMAGE_APPARENTLY_UNUSED; direct_refs=0,,H10-MEDIA-TYPE-POLICY,Q05,Tipo/limite/hash fuera de la politica del importador.
media,asset:images/puerta-521t.jpg,page:puertas-seccionales-de-aluminio-521.php,R09_MEDIA_OWNER_PENDING,PUBLIC_SOURCE desde 1 pagina(s) ['PRODUCT_PAGE'],page:puertas-seccionales-de-aluminio-521.php,H10-MEDIA-TYPE-POLICY,Q05,Tipo/limite/hash fuera de la politica del importador.
media,asset:system/files/images/productos/1bc8deceeea60e7d404142cf859897e4e36ccc86,coleccion-modern-steel.php,R09_MEDIA_OWNER_PENDING,"product-media-relations PDF; owners ['107', '16', '20', '6']","product:107,16,20,6",H10-MEDIA-TYPE-POLICY,Q05,Tipo/limite/hash fuera de la politica del importador.
media,asset:system/files/images/productos/270dc5e4c6c6812ee093439acca26905e68f7d8d,rampas-de-anden-hidraulicas-kelley.php,R09_MEDIA_OWNER_PENDING,"product-media-relations PDF; owners ['139', '24', '3']","product:139,24,3",H10-MEDIA-TYPE-POLICY,Q05,Tipo/limite/hash fuera de la politica del importador.
media,asset:system/files/images/productos/282c6618830434da376551106d0722c97a5f2416,cortina-en-aluminio-serie-511-521.php,R09_MEDIA_OWNER_PENDING,"product-media-relations PDF; owners ['5', '88']","product:5,88",H10-MEDIA-TYPE-POLICY,Q05,Tipo/limite/hash fuera de la politica del importador.
media,asset:system/files/images/productos/6e1ed3d9b7cfc7e53a9396670b592b8e0a0aa2da,cortina-serie-620.php,R09_MEDIA_OWNER_PENDING,"product-media-relations PDF; owners ['7', '91']","product:7,91",H10-MEDIA-TYPE-POLICY,Q05,Tipo/limite/hash fuera de la politica del importador.
media,asset:system/files/images/productos/74237414514c37fbc6273d2d8ed63ba0af98464d,energy-series-with-intellicore-37171-3-4.php,R09_MEDIA_OWNER_PENDING,"product-media-relations PDF; owners ['17', '2']","product:17,2",H10-MEDIA-TYPE-POLICY,Q05,Tipo/limite/hash fuera de la politica del importador.
media,asset:system/files/images/productos/800c352920fab91fa561da8cbc0cda7af293ddbf,(product),R09_MEDIA_OWNER_PENDING,product-media-relations PDF; owners ['165'],product:165,H10-MEDIA-TYPE-POLICY,Q05,Tipo/limite/hash fuera de la politica del importador.
media,asset:system/files/images/productos/9950f4930279c555f7be5fcc6d4382d10784836b,barreras-estacionamiento-moovi50rm.php,R09_MEDIA_OWNER_PENDING,"product-media-relations PDF; owners ['123', '125', '135', '44']","product:123,125,135,44",H10-MEDIA-TYPE-POLICY,Q05,Tipo/limite/hash fuera de la politica del importador.
media,asset:system/files/images/productos/b6b8d27db846f68a7050c59a82b2e31ff137b7e4,energy-series-with-intellicore-3720-3724-3722.php,R09_MEDIA_OWNER_PENDING,"product-media-relations PDF; owners ['19', '61']","product:19,61",H10-MEDIA-TYPE-POLICY,Q05,Tipo/limite/hash fuera de la politica del importador.
media,asset:system/files/images/productos/e1fc3c722338060ac5bc7cf2ece07503d6bc4a0c,puerta-de-acero-acanalado-modelos-524.php,R09_MEDIA_OWNER_PENDING,"product-media-relations PDF; owners ['18', '58']","product:18,58",H10-MEDIA-TYPE-POLICY,Q05,Tipo/limite/hash fuera de la politica del importador.
media,asset:system/files/images/productos/f23e43600d8606ddea73c29f700d164d5afc0552,retenedor-de-vehiculos.php,R09_MEDIA_OWNER_PENDING,"product-media-relations PDF; owners ['144', '22']","product:144,22",H10-MEDIA-TYPE-POLICY,Q05,Tipo/limite/hash fuera de la politica del importador.
media,asset:system/files/images/productos/245880bebb5e7028014543ebd11b2d787992bb25,(product),R09_MEDIA_OWNER_PENDING,product-media-relations IMAGE; owners ['164'],product:164,H4-D05-EMPTY-TEST,Q06,Pertenece a un registro vacio/prueba.
media,asset:system/files/images/productos/2568a13a5a000ac720a6dfe2cf23e90c7398976a,(product),R09_MEDIA_OWNER_PENDING,product-media-relations IMAGE; owners ['157'],product:157,H4-D05-EMPTY-TEST,Q06,Pertenece a un registro vacio/prueba.
media,asset:system/files/images/productos/27f6e809c1bd243a04dd346479f837e8105a9cf7,(product),R09_MEDIA_OWNER_PENDING,product-media-relations IMAGE; owners ['158'],product:158,H4-D05-EMPTY-TEST,Q06,Pertenece a un registro vacio/prueba.
media,asset:system/files/images/productos/296bfcce088781d7247a01dc45c2b44244878af9,(product),R09_MEDIA_OWNER_PENDING,product-media-relations IMAGE; owners ['156'],product:156,H4-D05-EMPTY-TEST,Q06,Pertenece a un registro vacio/prueba.
media,asset:system/files/images/productos/2a1ddc16f0e9964ef7207a38e26bea3a92b99aab,(product),R09_MEDIA_OWNER_PENDING,product-media-relations IMAGE; owners ['162'],product:162,H4-D05-EMPTY-TEST,Q06,Pertenece a un registro vacio/prueba.
media,asset:system/files/images/productos/32ee3a4bd87bcb11c182afd1bb63d04631a18b8a,(product),R09_MEDIA_OWNER_PENDING,product-media-relations IMAGE; owners ['153'],product:153,H4-D05-EMPTY-TEST,Q06,Pertenece a un registro vacio/prueba.
media,asset:system/files/images/productos/36b626d618a50efadb7b2e149ea7093080479e4e,(product),R09_MEDIA_OWNER_PENDING,product-media-relations IMAGE; owners ['160'],product:160,H4-D05-EMPTY-TEST,Q06,Pertenece a un registro vacio/prueba.
media,asset:system/files/images/productos/3795fc76a4c3c0133fecce131dcac2542c18e980,(product),R09_MEDIA_OWNER_PENDING,product-media-relations IMAGE; owners ['151'],product:151,H4-D05-EMPTY-TEST,Q06,Pertenece a un registro vacio/prueba.
media,asset:system/files/images/productos/6113e892233d01eab25b3262a5ee24c29f8d1387,(product),R09_MEDIA_OWNER_PENDING,product-media-relations IMAGE; owners ['165'],product:165,H4-D05-EMPTY-TEST,Q06,Pertenece a un registro vacio/prueba.
media,asset:system/files/images/productos/8a444bdf198edcb878138128915ef5966b27559a,(product),R09_MEDIA_OWNER_PENDING,product-media-relations IMAGE; owners ['154'],product:154,H4-D05-EMPTY-TEST,Q06,Pertenece a un registro vacio/prueba.
media,asset:system/files/images/productos/a7afbb92480eaa329c6e5032085c3a6495f1db7f,(product),R09_MEDIA_OWNER_PENDING,product-media-relations IMAGE; owners ['159'],product:159,H4-D05-EMPTY-TEST,Q06,Pertenece a un registro vacio/prueba.
media,asset:system/files/images/productos/b1aece40383b55bb60c34675e96936a07a304268,(product),R09_MEDIA_OWNER_PENDING,product-media-relations IMAGE; owners ['152'],product:152,H4-D05-EMPTY-TEST,Q06,Pertenece a un registro vacio/prueba.
media,asset:system/files/images/productos/b3ab81b2856fe851e23bab63e63bacbbb82d6639,(product),R09_MEDIA_OWNER_PENDING,product-media-relations IMAGE; owners ['161'],product:161,H4-D05-EMPTY-TEST,Q06,Pertenece a un registro vacio/prueba.
media,asset:system/files/images/productos/c88aa52b638190e7584c2412e8722e25c1723550,(product),R09_MEDIA_OWNER_PENDING,product-media-relations IMAGE; owners ['163'],product:163,H4-D05-EMPTY-TEST,Q06,Pertenece a un registro vacio/prueba.
media,asset:system/files/images/productos/e23c3408026200967f66d50d6e99ac37594f7556,(product),R09_MEDIA_OWNER_PENDING,product-media-relations IMAGE; owners ['165'],product:165,H4-D05-EMPTY-TEST,Q06,Pertenece a un registro vacio/prueba.
product,sql:productos:151,(none),R04_EMPTY_OR_TEST_RECORD,name/descripcion vacios,,H4-D05-EMPTY-TEST,Q06,Registro vacio o de prueba; el importador no puede crearlo (NAME_REQUIRED).
product,sql:productos:152,(none),R04_EMPTY_OR_TEST_RECORD,name/descripcion vacios,,H4-D05-EMPTY-TEST,Q06,Registro vacio o de prueba; el importador no puede crearlo (NAME_REQUIRED).
product,sql:productos:153,(none),R04_EMPTY_OR_TEST_RECORD,name/descripcion vacios,,H4-D05-EMPTY-TEST,Q06,Registro vacio o de prueba; el importador no puede crearlo (NAME_REQUIRED).
product,sql:productos:154,(none),R04_EMPTY_OR_TEST_RECORD,name/descripcion vacios,,H4-D05-EMPTY-TEST,Q06,Registro vacio o de prueba; el importador no puede crearlo (NAME_REQUIRED).
product,sql:productos:155,(none),R04_EMPTY_OR_TEST_RECORD,name/descripcion vacios,,H4-D05-EMPTY-TEST,Q06,Registro vacio o de prueba; el importador no puede crearlo (NAME_REQUIRED).
product,sql:productos:156,(none),R04_EMPTY_OR_TEST_RECORD,name/descripcion vacios,,H4-D05-EMPTY-TEST,Q06,Registro vacio o de prueba; el importador no puede crearlo (NAME_REQUIRED).
product,sql:productos:157,(none),R04_EMPTY_OR_TEST_RECORD,name/descripcion vacios,,H4-D05-EMPTY-TEST,Q06,Registro vacio o de prueba; el importador no puede crearlo (NAME_REQUIRED).
product,sql:productos:158,(none),R04_EMPTY_OR_TEST_RECORD,name/descripcion vacios,,H4-D05-EMPTY-TEST,Q06,Registro vacio o de prueba; el importador no puede crearlo (NAME_REQUIRED).
product,sql:productos:159,(none),R04_EMPTY_OR_TEST_RECORD,name/descripcion vacios,,H4-D05-EMPTY-TEST,Q06,Registro vacio o de prueba; el importador no puede crearlo (NAME_REQUIRED).
product,sql:productos:160,(none),R04_EMPTY_OR_TEST_RECORD,name/descripcion vacios,,H4-D05-EMPTY-TEST,Q06,Registro vacio o de prueba; el importador no puede crearlo (NAME_REQUIRED).
product,sql:productos:161,(none),R04_EMPTY_OR_TEST_RECORD,name/descripcion vacios,,H4-D05-EMPTY-TEST,Q06,Registro vacio o de prueba; el importador no puede crearlo (NAME_REQUIRED).
product,sql:productos:162,(none),R04_EMPTY_OR_TEST_RECORD,name/descripcion vacios,,H4-D05-EMPTY-TEST,Q06,Registro vacio o de prueba; el importador no puede crearlo (NAME_REQUIRED).
product,sql:productos:163,(none),R04_EMPTY_OR_TEST_RECORD,name/descripcion vacios,,H4-D05-EMPTY-TEST,Q06,Registro vacio o de prueba; el importador no puede crearlo (NAME_REQUIRED).
product,sql:productos:164,(none),R04_EMPTY_OR_TEST_RECORD,name/descripcion vacios,,H4-D05-EMPTY-TEST,Q06,Registro vacio o de prueba; el importador no puede crearlo (NAME_REQUIRED).
product,sql:productos:165,(none),R04_EMPTY_OR_TEST_RECORD,name=Prueba,,H4-D05-EMPTY-TEST,Q06,Registro vacio o de prueba; el importador no puede crearlo (NAME_REQUIRED).
media,asset:fichas/13.0.Folleto-Operador-AccessPRO-FS1000-SPEED-hoja-tecnica.pdf,"page:accesspro-fs1000speed.php,operadores-puerta-abatible.php,operadores-puerta-corrediza-residencial.php",R09_MEDIA_OWNER_PENDING,"PUBLIC_SOURCE desde 5 pagina(s) ['PRODUCT_PAGE', 'SEO_LANDING']","page:accesspro-fs1000speed.php,operadores-puerta-abatible.php,operadores-puerta-corrediza-residencial.php",H3b-SEO-LANDING-PAGES,Q07,Medio referenciado por pagina cuyo propietario final no esta decidido.
media,asset:images/acanalado.jpg,"page:industrial.php,puerta-de-acero-acanalado.php,puertas-residenciales.php",R09_MEDIA_OWNER_PENDING,"PUBLIC_SOURCE desde 4 pagina(s) ['CATEGORY_PAGE', 'PRODUCT_PAGE', 'SEO_LANDING']","page:industrial.php,puerta-de-acero-acanalado.php,puertas-residenciales.php",H3b-SEO-LANDING-PAGES,Q07,Medio referenciado por pagina cuyo propietario final no esta decidido.
media,asset:images/acanalado2.jpg,"page:puerta-de-acero-acanalado.php,puertas-residenciales.php",R09_MEDIA_OWNER_PENDING,"PUBLIC_SOURCE desde 2 pagina(s) ['PRODUCT_PAGE', 'SEO_LANDING']","page:puerta-de-acero-acanalado.php,puertas-residenciales.php",H3b-SEO-LANDING-PAGES,Q07,Medio referenciado por pagina cuyo propietario final no esta decidido.
media,asset:images/access.jpg,"page:operadores-puerta-abatible.php,operadores-puerta-corrediza-residencial.php,operadores-puertas-ascendentes.php",R09_MEDIA_OWNER_PENDING,PUBLIC_SOURCE desde 3 pagina(s) ['SEO_LANDING'],"page:operadores-puerta-abatible.php,operadores-puerta-corrediza-residencial.php,operadores-puertas-ascendentes.php",H3b-SEO-LANDING-PAGES,Q07,Medio referenciado por pagina cuyo propietario final no esta decidido.
media,asset:images/aisladas.jpg,page:puertas-de-garaje-aisladas.php,R09_MEDIA_OWNER_PENDING,PUBLIC_SOURCE desde 1 pagina(s) ['SEO_LANDING'],page:puertas-de-garaje-aisladas.php,H3b-SEO-LANDING-PAGES,Q07,Medio referenciado por pagina cuyo propietario final no esta decidido.
media,asset:images/cortina.jpg,"page:centros-comerciales.php,cortina-plana.php,cortinas-enrollables-industriales.php",R09_MEDIA_OWNER_PENDING,"PUBLIC_SOURCE desde 5 pagina(s) ['CATEGORY_PAGE', 'PRODUCT_PAGE', 'SEO_LANDING']","page:centros-comerciales.php,cortina-plana.php,cortinas-enrollables-industriales.php",H3b-SEO-LANDING-PAGES,Q07,Medio referenciado por pagina cuyo propietario final no esta decidido.
media,asset:images/cortina2.jpg,"page:cortina-plana.php,puertas-residenciales.php",R09_MEDIA_OWNER_PENDING,"PUBLIC_SOURCE desde 2 pagina(s) ['PRODUCT_PAGE', 'SEO_LANDING']","page:cortina-plana.php,puertas-residenciales.php",H3b-SEO-LANDING-PAGES,Q07,Medio referenciado por pagina cuyo propietario final no esta decidido.
media,asset:images/cortinas.jpg,page:cortinas-enrollables-de-aluminio.php,R09_MEDIA_OWNER_PENDING,PUBLIC_SOURCE desde 1 pagina(s) ['SEO_LANDING'],page:cortinas-enrollables-de-aluminio.php,H3b-SEO-LANDING-PAGES,Q07,Medio referenciado por pagina cuyo propietario final no esta decidido.
media,asset:images/dod.jpg,"page:dod-automatizacion-compacto-y-potente-para-portones-seccionales-correderos-y-enrollables.php,operadores-puertas-ascendentes.php",R09_MEDIA_OWNER_PENDING,"PUBLIC_SOURCE desde 2 pagina(s) ['PRODUCT_PAGE', 'SEO_LANDING']","page:dod-automatizacion-compacto-y-potente-para-portones-seccionales-correderos-y-enrollables.php,operadores-puertas-asc",H3b-SEO-LANDING-PAGES,Q07,Medio referenciado por pagina cuyo propietario final no esta decidido.
media,asset:images/enrollable.jpg,page:puertas-enrollables-de-garage.php,R09_MEDIA_OWNER_PENDING,PUBLIC_SOURCE desde 1 pagina(s) ['SEO_LANDING'],page:puertas-enrollables-de-garage.php,H3b-SEO-LANDING-PAGES,Q07,Medio referenciado por pagina cuyo propietario final no esta decidido.
media,asset:images/enrollable2.jpg,page:puertas-enrollables-de-garage.php,R09_MEDIA_OWNER_PENDING,PUBLIC_SOURCE desde 1 pagina(s) ['SEO_LANDING'],page:puertas-enrollables-de-garage.php,H3b-SEO-LANDING-PAGES,Q07,Medio referenciado por pagina cuyo propietario final no esta decidido.
media,asset:images/industrial3.jpg,"page:industrial.php,puertas-rapidas-enrollables.php",R09_MEDIA_OWNER_PENDING,"PUBLIC_SOURCE desde 2 pagina(s) ['CATEGORY_PAGE', 'SEO_LANDING']","page:industrial.php,puertas-rapidas-enrollables.php",H3b-SEO-LANDING-PAGES,Q07,Medio referenciado por pagina cuyo propietario final no esta decidido.
media,asset:images/industrial32.jpg,page:puertas-rapidas-enrollables.php,R09_MEDIA_OWNER_PENDING,PUBLIC_SOURCE desde 1 pagina(s) ['SEO_LANDING'],page:puertas-rapidas-enrollables.php,H3b-SEO-LANDING-PAGES,Q07,Medio referenciado por pagina cuyo propietario final no esta decidido.
media,asset:images/residencial.jpg,page:operadores-puerta-corrediza-residencial.php,R09_MEDIA_OWNER_PENDING,PUBLIC_SOURCE desde 1 pagina(s) ['SEO_LANDING'],page:operadores-puerta-corrediza-residencial.php,H3b-SEO-LANDING-PAGES,Q07,Medio referenciado por pagina cuyo propietario final no esta decidido.
media,asset:images/silent.jpg,"page:operadores-puerta-abatible.php,operadores-puerta-corrediza-residencial.php,operadores-puertas-ascendentes.php",R09_MEDIA_OWNER_PENDING,PUBLIC_SOURCE desde 3 pagina(s) ['SEO_LANDING'],"page:operadores-puerta-abatible.php,operadores-puerta-corrediza-residencial.php,operadores-puertas-ascendentes.php",H3b-SEO-LANDING-PAGES,Q07,Medio referenciado por pagina cuyo propietario final no esta decidido.
media,asset:images/tiras.jpg,"page:industrial.php,tiras-plasticas-hawaianas.php",R09_MEDIA_OWNER_PENDING,"PUBLIC_SOURCE desde 2 pagina(s) ['CATEGORY_PAGE', 'SEO_LANDING']","page:industrial.php,tiras-plasticas-hawaianas.php",H3b-SEO-LANDING-PAGES,Q07,Medio referenciado por pagina cuyo propietario final no esta decidido.
media,asset:images/verficha.png,"page:accesorios.php,accesspro-fs1000speed.php,barreras-estacionamiento-moovi50rm.php",R09_MEDIA_OWNER_PENDING,"PUBLIC_SOURCE desde 76 pagina(s) ['PRODUCT_PAGE', 'SEO_LANDING']","page:accesorios.php,accesspro-fs1000speed.php,barreras-estacionamiento-moovi50rm.php",H3b-SEO-LANDING-PAGES,Q07,Medio referenciado por pagina cuyo propietario final no esta decidido.
page,php:cortinas-enrollables-de-aluminio.php,SEO_LANDING,R01_AUTHORIZATION_ONLY,classification=SEO_LANDING; preserve_url=YES; conf=STRONG_INFERENCE,,H3b-SEO-LANDING-PAGES,Q07,Landing SEO: decidir si es Page propia o esta representada por otra entidad.
page,php:operadores-puerta-abatible.php,SEO_LANDING,R01_AUTHORIZATION_ONLY,classification=SEO_LANDING; preserve_url=YES; conf=STRONG_INFERENCE,,H3b-SEO-LANDING-PAGES,Q07,Landing SEO: decidir si es Page propia o esta representada por otra entidad.
page,php:operadores-puerta-corrediza-residencial.php,SEO_LANDING,R01_AUTHORIZATION_ONLY,classification=SEO_LANDING; preserve_url=YES; conf=STRONG_INFERENCE,,H3b-SEO-LANDING-PAGES,Q07,Landing SEO: decidir si es Page propia o esta representada por otra entidad.
page,php:operadores-puertas-ascendentes.php,SEO_LANDING,R01_AUTHORIZATION_ONLY,classification=SEO_LANDING; preserve_url=YES; conf=STRONG_INFERENCE,,H3b-SEO-LANDING-PAGES,Q07,Landing SEO: decidir si es Page propia o esta representada por otra entidad.
page,php:puertas-de-garaje-aisladas.php,SEO_LANDING,R01_AUTHORIZATION_ONLY,classification=SEO_LANDING; preserve_url=YES; conf=STRONG_INFERENCE,,H3b-SEO-LANDING-PAGES,Q07,Landing SEO: decidir si es Page propia o esta representada por otra entidad.
page,php:puertas-enrollables-de-garage.php,SEO_LANDING,R01_AUTHORIZATION_ONLY,classification=SEO_LANDING; preserve_url=YES; conf=STRONG_INFERENCE,,H3b-SEO-LANDING-PAGES,Q07,Landing SEO: decidir si es Page propia o esta representada por otra entidad.
page,php:puertas-rapidas-enrollables.php,SEO_LANDING,R01_AUTHORIZATION_ONLY,classification=SEO_LANDING; preserve_url=YES; conf=STRONG_INFERENCE,,H3b-SEO-LANDING-PAGES,Q07,Landing SEO: decidir si es Page propia o esta representada por otra entidad.
page,php:puertas-residenciales.php,SEO_LANDING,R01_AUTHORIZATION_ONLY,classification=SEO_LANDING; preserve_url=YES; conf=STRONG_INFERENCE,,H3b-SEO-LANDING-PAGES,Q07,Landing SEO: decidir si es Page propia o esta representada por otra entidad.
page,php:tiras-plasticas-hawaianas.php,SEO_LANDING,R01_AUTHORIZATION_ONLY,classification=SEO_LANDING; preserve_url=YES; conf=STRONG_INFERENCE,,H3b-SEO-LANDING-PAGES,Q07,Landing SEO: decidir si es Page propia o esta representada por otra entidad.
media,asset:fichas/13.0.Folleto-Operador-AccessPRO-FS1000-SPEED-hoja-tecnica (1).pdf,(unreferenced),R12_MEDIA_PURPOSE_UNPROVEN,usage_type=PDF_APPARENTLY_UNUSED|EXACT_DUPLICATE_BYTES; direct_refs=0,,H8-D09-UNREFERENCED-MEDIA,Q08,Sin relacion de entidad y sin referencia publica; ausencia de referencia no prueba orfandad.
media,asset:fichas/FICHATECNICASELLOSSOLMMER S.pdf,(unreferenced),R12_MEDIA_PURPOSE_UNPROVEN,usage_type=PDF_APPARENTLY_UNUSED|EXACT_DUPLICATE_BYTES; direct_refs=0,,H8-D09-UNREFERENCED-MEDIA,Q08,Sin relacion de entidad y sin referencia publica; ausencia de referencia no prueba orfandad.
media,asset:fichas/INFRACA-RÁPIDA-APILABLE.pdf,(unreferenced),R12_MEDIA_PURPOSE_UNPROVEN,usage_type=PDF_APPARENTLY_UNUSED|EXACT_DUPLICATE_BYTES; direct_refs=0,,H8-D09-UNREFERENCED-MEDIA,Q08,Sin relacion de entidad y sin referencia publica; ausencia de referencia no prueba orfandad.
media,asset:images/H_HERO_1.png,(unreferenced),R12_MEDIA_PURPOSE_UNPROVEN,usage_type=IMAGE_APPARENTLY_UNUSED; direct_refs=0,,H8-D09-UNREFERENCED-MEDIA,Q08,Sin relacion de entidad y sin referencia publica; ausencia de referencia no prueba orfandad.
media,asset:images/Sin-título-1.jpg,(unreferenced),R12_MEDIA_PURPOSE_UNPROVEN,usage_type=IMAGE_APPARENTLY_UNUSED; direct_refs=0,,H8-D09-UNREFERENCED-MEDIA,Q08,Sin relacion de entidad y sin referencia publica; ausencia de referencia no prueba orfandad.
media,asset:images/accesorio-1.jpeg,(unreferenced),R12_MEDIA_PURPOSE_UNPROVEN,usage_type=IMAGE_APPARENTLY_UNUSED|EXACT_DUPLICATE_BYTES; direct_refs=0,,H8-D09-UNREFERENCED-MEDIA,Q08,Sin relacion de entidad y sin referencia publica; ausencia de referencia no prueba orfandad.
media,asset:images/accesorio-10.jpeg,(unreferenced),R12_MEDIA_PURPOSE_UNPROVEN,usage_type=IMAGE_APPARENTLY_UNUSED|EXACT_DUPLICATE_BYTES; direct_refs=0,,H8-D09-UNREFERENCED-MEDIA,Q08,Sin relacion de entidad y sin referencia publica; ausencia de referencia no prueba orfandad.
media,asset:images/accesorio-11.jpeg,(unreferenced),R12_MEDIA_PURPOSE_UNPROVEN,usage_type=IMAGE_APPARENTLY_UNUSED|EXACT_DUPLICATE_BYTES; direct_refs=0,,H8-D09-UNREFERENCED-MEDIA,Q08,Sin relacion de entidad y sin referencia publica; ausencia de referencia no prueba orfandad.
media,asset:images/accesorio-12.jpeg,(unreferenced),R12_MEDIA_PURPOSE_UNPROVEN,usage_type=IMAGE_APPARENTLY_UNUSED|EXACT_DUPLICATE_BYTES; direct_refs=0,,H8-D09-UNREFERENCED-MEDIA,Q08,Sin relacion de entidad y sin referencia publica; ausencia de referencia no prueba orfandad.
media,asset:images/accesorio-13.jpeg,(unreferenced),R12_MEDIA_PURPOSE_UNPROVEN,usage_type=IMAGE_APPARENTLY_UNUSED|EXACT_DUPLICATE_BYTES; direct_refs=0,,H8-D09-UNREFERENCED-MEDIA,Q08,Sin relacion de entidad y sin referencia publica; ausencia de referencia no prueba orfandad.
media,asset:images/accesorio-14.jpeg,(unreferenced),R12_MEDIA_PURPOSE_UNPROVEN,usage_type=IMAGE_APPARENTLY_UNUSED; direct_refs=0,,H8-D09-UNREFERENCED-MEDIA,Q08,Sin relacion de entidad y sin referencia publica; ausencia de referencia no prueba orfandad.
media,asset:images/accesorio-2.jpeg,(unreferenced),R12_MEDIA_PURPOSE_UNPROVEN,usage_type=IMAGE_APPARENTLY_UNUSED|EXACT_DUPLICATE_BYTES; direct_refs=0,,H8-D09-UNREFERENCED-MEDIA,Q08,Sin relacion de entidad y sin referencia publica; ausencia de referencia no prueba orfandad.
media,asset:images/accesorio-3.jpeg,(unreferenced),R12_MEDIA_PURPOSE_UNPROVEN,usage_type=IMAGE_APPARENTLY_UNUSED|EXACT_DUPLICATE_BYTES; direct_refs=0,,H8-D09-UNREFERENCED-MEDIA,Q08,Sin relacion de entidad y sin referencia publica; ausencia de referencia no prueba orfandad.
media,asset:images/accesorio-4.jpeg,(unreferenced),R12_MEDIA_PURPOSE_UNPROVEN,usage_type=IMAGE_APPARENTLY_UNUSED|EXACT_DUPLICATE_BYTES; direct_refs=0,,H8-D09-UNREFERENCED-MEDIA,Q08,Sin relacion de entidad y sin referencia publica; ausencia de referencia no prueba orfandad.
media,asset:images/accesorio-5.jpeg,(unreferenced),R12_MEDIA_PURPOSE_UNPROVEN,usage_type=IMAGE_APPARENTLY_UNUSED|EXACT_DUPLICATE_BYTES; direct_refs=0,,H8-D09-UNREFERENCED-MEDIA,Q08,Sin relacion de entidad y sin referencia publica; ausencia de referencia no prueba orfandad.
media,asset:images/accesorio-6.jpeg,(unreferenced),R12_MEDIA_PURPOSE_UNPROVEN,usage_type=IMAGE_APPARENTLY_UNUSED|EXACT_DUPLICATE_BYTES; direct_refs=0,,H8-D09-UNREFERENCED-MEDIA,Q08,Sin relacion de entidad y sin referencia publica; ausencia de referencia no prueba orfandad.
media,asset:images/accesorio-7.jpeg,(unreferenced),R12_MEDIA_PURPOSE_UNPROVEN,usage_type=IMAGE_APPARENTLY_UNUSED|EXACT_DUPLICATE_BYTES; direct_refs=0,,H8-D09-UNREFERENCED-MEDIA,Q08,Sin relacion de entidad y sin referencia publica; ausencia de referencia no prueba orfandad.
media,asset:images/accesorio-8.jpeg,(unreferenced),R12_MEDIA_PURPOSE_UNPROVEN,usage_type=IMAGE_APPARENTLY_UNUSED|EXACT_DUPLICATE_BYTES; direct_refs=0,,H8-D09-UNREFERENCED-MEDIA,Q08,Sin relacion de entidad y sin referencia publica; ausencia de referencia no prueba orfandad.
media,asset:images/accesorio-9.jpeg,(unreferenced),R12_MEDIA_PURPOSE_UNPROVEN,usage_type=IMAGE_APPARENTLY_UNUSED|EXACT_DUPLICATE_BYTES; direct_refs=0,,H8-D09-UNREFERENCED-MEDIA,Q08,Sin relacion de entidad y sin referencia publica; ausencia de referencia no prueba orfandad.
media,asset:images/alumina.jpg,(unreferenced),R12_MEDIA_PURPOSE_UNPROVEN,usage_type=IMAGE_APPARENTLY_UNUSED; direct_refs=0,,H8-D09-UNREFERENCED-MEDIA,Q08,Sin relacion de entidad y sin referencia publica; ausencia de referencia no prueba orfandad.
media,asset:images/arc.jpg,(unreferenced),R12_MEDIA_PURPOSE_UNPROVEN,usage_type=IMAGE_APPARENTLY_UNUSED; direct_refs=0,,H8-D09-UNREFERENCED-MEDIA,Q08,Sin relacion de entidad y sin referencia publica; ausencia de referencia no prueba orfandad.
media,asset:images/blue-giant.jpg,(unreferenced),R12_MEDIA_PURPOSE_UNPROVEN,usage_type=IMAGE_APPARENTLY_UNUSED; direct_refs=0,,H8-D09-UNREFERENCED-MEDIA,Q08,Sin relacion de entidad y sin referencia publica; ausencia de referencia no prueba orfandad.
media,asset:images/cortina-serie-630.jpg,(unreferenced),R12_MEDIA_PURPOSE_UNPROVEN,usage_type=IMAGE_APPARENTLY_UNUSED; direct_refs=0,,H8-D09-UNREFERENCED-MEDIA,Q08,Sin relacion de entidad y sin referencia publica; ausencia de referencia no prueba orfandad.
media,asset:images/cortina625.jpg,(unreferenced),R12_MEDIA_PURPOSE_UNPROVEN,usage_type=IMAGE_APPARENTLY_UNUSED; direct_refs=0,,H8-D09-UNREFERENCED-MEDIA,Q08,Sin relacion de entidad y sin referencia publica; ausencia de referencia no prueba orfandad.
media,asset:images/cubic.jpg,(unreferenced),R12_MEDIA_PURPOSE_UNPROVEN,usage_type=IMAGE_APPARENTLY_UNUSED; direct_refs=0,,H8-D09-UNREFERENCED-MEDIA,Q08,Sin relacion de entidad y sin referencia publica; ausencia de referencia no prueba orfandad.
media,asset:images/ditec.png,(unreferenced),R12_MEDIA_PURPOSE_UNPROVEN,usage_type=IMAGE_APPARENTLY_UNUSED; direct_refs=0,,H8-D09-UNREFERENCED-MEDIA,Q08,Sin relacion de entidad y sin referencia publica; ausencia de referencia no prueba orfandad.
media,asset:images/ditecneos.jpg,(unreferenced),R12_MEDIA_PURPOSE_UNPROVEN,usage_type=IMAGE_APPARENTLY_UNUSED; direct_refs=0,,H8-D09-UNREFERENCED-MEDIA,Q08,Sin relacion de entidad y sin referencia publica; ausencia de referencia no prueba orfandad.
media,asset:images/doda.jpg,(unreferenced),R12_MEDIA_PURPOSE_UNPROVEN,usage_type=IMAGE_APPARENTLY_UNUSED; direct_refs=0,,H8-D09-UNREFERENCED-MEDIA,Q08,Sin relacion de entidad y sin referencia publica; ausencia de referencia no prueba orfandad.
media,asset:images/dura.png,(unreferenced),R12_MEDIA_PURPOSE_UNPROVEN,usage_type=IMAGE_APPARENTLY_UNUSED; direct_refs=0,,H8-D09-UNREFERENCED-MEDIA,Q08,Sin relacion de entidad y sin referencia publica; ausencia de referencia no prueba orfandad.
media,asset:images/emergencia.jpg,(unreferenced),R12_MEDIA_PURPOSE_UNPROVEN,usage_type=IMAGE_APPARENTLY_UNUSED; direct_refs=0,,H8-D09-UNREFERENCED-MEDIA,Q08,Sin relacion de entidad y sin referencia publica; ausencia de referencia no prueba orfandad.
media,asset:images/explosion.jpg,(unreferenced),R12_MEDIA_PURPOSE_UNPROVEN,usage_type=IMAGE_APPARENTLY_UNUSED; direct_refs=0,,H8-D09-UNREFERENCED-MEDIA,Q08,Sin relacion de entidad y sin referencia publica; ausencia de referencia no prueba orfandad.
media,asset:images/fire-rated-door-1.jpg,(unreferenced),R12_MEDIA_PURPOSE_UNPROVEN,usage_type=IMAGE_APPARENTLY_UNUSED; direct_refs=0,,H8-D09-UNREFERENCED-MEDIA,Q08,Sin relacion de entidad y sin referencia publica; ausencia de referencia no prueba orfandad.
media,asset:images/fire-rated-door-2.jpg,(unreferenced),R12_MEDIA_PURPOSE_UNPROVEN,usage_type=IMAGE_APPARENTLY_UNUSED; direct_refs=0,,H8-D09-UNREFERENCED-MEDIA,Q08,Sin relacion de entidad y sin referencia publica; ausencia de referencia no prueba orfandad.
media,asset:images/holandesa.jpg,(unreferenced),R12_MEDIA_PURPOSE_UNPROVEN,usage_type=IMAGE_APPARENTLY_UNUSED; direct_refs=0,,H8-D09-UNREFERENCED-MEDIA,Q08,Sin relacion de entidad y sin referencia publica; ausencia de referencia no prueba orfandad.
media,asset:images/home-blindadas.jpg,(unreferenced),R12_MEDIA_PURPOSE_UNPROVEN,usage_type=IMAGE_APPARENTLY_UNUSED; direct_refs=0,,H8-D09-UNREFERENCED-MEDIA,Q08,Sin relacion de entidad y sin referencia publica; ausencia de referencia no prueba orfandad.
media,asset:images/home-emergencia.jpg,(unreferenced),R12_MEDIA_PURPOSE_UNPROVEN,usage_type=IMAGE_APPARENTLY_UNUSED; direct_refs=0,,H8-D09-UNREFERENCED-MEDIA,Q08,Sin relacion de entidad y sin referencia publica; ausencia de referencia no prueba orfandad.
media,asset:images/home-equipos.jpg,(unreferenced),R12_MEDIA_PURPOSE_UNPROVEN,usage_type=IMAGE_APPARENTLY_UNUSED; direct_refs=0,,H8-D09-UNREFERENCED-MEDIA,Q08,Sin relacion de entidad y sin referencia publica; ausencia de referencia no prueba orfandad.
media,asset:images/home-hospitales.jpg,(unreferenced),R12_MEDIA_PURPOSE_UNPROVEN,usage_type=IMAGE_APPARENTLY_UNUSED; direct_refs=0,,H8-D09-UNREFERENCED-MEDIA,Q08,Sin relacion de entidad y sin referencia publica; ausencia de referencia no prueba orfandad.
media,asset:images/home-industrial.jpg,(unreferenced),R12_MEDIA_PURPOSE_UNPROVEN,usage_type=IMAGE_APPARENTLY_UNUSED; direct_refs=0,,H8-D09-UNREFERENCED-MEDIA,Q08,Sin relacion de entidad y sin referencia publica; ausencia de referencia no prueba orfandad.
media,asset:images/home-industriales.jpeg,(unreferenced),R12_MEDIA_PURPOSE_UNPROVEN,usage_type=IMAGE_APPARENTLY_UNUSED|EXACT_DUPLICATE_BYTES; direct_refs=0,,H8-D09-UNREFERENCED-MEDIA,Q08,Sin relacion de entidad y sin referencia publica; ausencia de referencia no prueba orfandad.
media,asset:images/home-residencial.jpg,(unreferenced),R12_MEDIA_PURPOSE_UNPROVEN,usage_type=IMAGE_APPARENTLY_UNUSED; direct_refs=0,,H8-D09-UNREFERENCED-MEDIA,Q08,Sin relacion de entidad y sin referencia publica; ausencia de referencia no prueba orfandad.
media,asset:images/hospital.jpg,(unreferenced),R12_MEDIA_PURPOSE_UNPROVEN,usage_type=IMAGE_APPARENTLY_UNUSED; direct_refs=0,,H8-D09-UNREFERENCED-MEDIA,Q08,Sin relacion de entidad y sin referencia publica; ausencia de referencia no prueba orfandad.
media,asset:images/hospital1.jpg,(unreferenced),R12_MEDIA_PURPOSE_UNPROVEN,usage_type=IMAGE_APPARENTLY_UNUSED; direct_refs=0,,H8-D09-UNREFERENCED-MEDIA,Q08,Sin relacion de entidad y sin referencia publica; ausencia de referencia no prueba orfandad.
media,asset:images/icarot.png,(unreferenced),R12_MEDIA_PURPOSE_UNPROVEN,usage_type=IMAGE_APPARENTLY_UNUSED; direct_refs=0,,H8-D09-UNREFERENCED-MEDIA,Q08,Sin relacion de entidad y sin referencia publica; ausencia de referencia no prueba orfandad.
media,asset:images/ico-quienes.png,(unreferenced),R12_MEDIA_PURPOSE_UNPROVEN,usage_type=IMAGE_APPARENTLY_UNUSED; direct_refs=0,,H8-D09-UNREFERENCED-MEDIA,Q08,Sin relacion de entidad y sin referencia publica; ausencia de referencia no prueba orfandad.
media,asset:images/ico-quienes2.png,(unreferenced),R12_MEDIA_PURPOSE_UNPROVEN,usage_type=IMAGE_APPARENTLY_UNUSED; direct_refs=0,,H8-D09-UNREFERENCED-MEDIA,Q08,Sin relacion de entidad y sin referencia publica; ausencia de referencia no prueba orfandad.
media,asset:images/incendio.jpg,(unreferenced),R12_MEDIA_PURPOSE_UNPROVEN,usage_type=IMAGE_APPARENTLY_UNUSED; direct_refs=0,,H8-D09-UNREFERENCED-MEDIA,Q08,Sin relacion de entidad y sin referencia publica; ausencia de referencia no prueba orfandad.
media,asset:images/logo-black-big.png,(unreferenced),R12_MEDIA_PURPOSE_UNPROVEN,usage_type=IMAGE_APPARENTLY_UNUSED; direct_refs=0,,H8-D09-UNREFERENCED-MEDIA,Q08,Sin relacion de entidad y sin referencia publica; ausencia de referencia no prueba orfandad.
media,asset:images/logo-white.png,(unreferenced),R12_MEDIA_PURPOSE_UNPROVEN,usage_type=IMAGE_APPARENTLY_UNUSED; direct_refs=0,,H8-D09-UNREFERENCED-MEDIA,Q08,Sin relacion de entidad y sin referencia publica; ausencia de referencia no prueba orfandad.
media,asset:images/louver.jpg,(unreferenced),R12_MEDIA_PURPOSE_UNPROVEN,usage_type=IMAGE_APPARENTLY_UNUSED; direct_refs=0,,H8-D09-UNREFERENCED-MEDIA,Q08,Sin relacion de entidad y sin referencia publica; ausencia de referencia no prueba orfandad.
media,asset:images/lux.png,(unreferenced),R12_MEDIA_PURPOSE_UNPROVEN,usage_type=IMAGE_APPARENTLY_UNUSED; direct_refs=0,,H8-D09-UNREFERENCED-MEDIA,Q08,Sin relacion de entidad y sin referencia publica; ausencia de referencia no prueba orfandad.
media,asset:images/magic.png,(unreferenced),R12_MEDIA_PURPOSE_UNPROVEN,usage_type=IMAGE_APPARENTLY_UNUSED; direct_refs=0,,H8-D09-UNREFERENCED-MEDIA,Q08,Sin relacion de entidad y sin referencia publica; ausencia de referencia no prueba orfandad.
media,asset:images/max.png,(unreferenced),R12_MEDIA_PURPOSE_UNPROVEN,usage_type=IMAGE_APPARENTLY_UNUSED; direct_refs=0,,H8-D09-UNREFERENCED-MEDIA,Q08,Sin relacion de entidad y sin referencia publica; ausencia de referencia no prueba orfandad.
media,asset:images/mc.png,(unreferenced),R12_MEDIA_PURPOSE_UNPROVEN,usage_type=IMAGE_APPARENTLY_UNUSED; direct_refs=0,,H8-D09-UNREFERENCED-MEDIA,Q08,Sin relacion de entidad y sin referencia publica; ausencia de referencia no prueba orfandad.
media,asset:images/modelo150.png,(unreferenced),R12_MEDIA_PURPOSE_UNPROVEN,usage_type=IMAGE_APPARENTLY_UNUSED; direct_refs=0,,H8-D09-UNREFERENCED-MEDIA,Q08,Sin relacion de entidad y sin referencia publica; ausencia de referencia no prueba orfandad.
media,asset:images/obbi.jpg,(unreferenced),R12_MEDIA_PURPOSE_UNPROVEN,usage_type=IMAGE_APPARENTLY_UNUSED; direct_refs=0,,H8-D09-UNREFERENCED-MEDIA,Q08,Sin relacion de entidad y sin referencia publica; ausencia de referencia no prueba orfandad.
media,asset:images/peatonales.jpg,(unreferenced),R12_MEDIA_PURPOSE_UNPROVEN,usage_type=IMAGE_APPARENTLY_UNUSED; direct_refs=0,,H8-D09-UNREFERENCED-MEDIA,Q08,Sin relacion de entidad y sin referencia publica; ausencia de referencia no prueba orfandad.
media,asset:images/persax.png,(unreferenced),R12_MEDIA_PURPOSE_UNPROVEN,usage_type=IMAGE_APPARENTLY_UNUSED; direct_refs=0,,H8-D09-UNREFERENCED-MEDIA,Q08,Sin relacion de entidad y sin referencia publica; ausencia de referencia no prueba orfandad.
media,asset:images/persianas.jpg,(unreferenced),R12_MEDIA_PURPOSE_UNPROVEN,usage_type=IMAGE_APPARENTLY_UNUSED; direct_refs=0,,H8-D09-UNREFERENCED-MEDIA,Q08,Sin relacion de entidad y sin referencia publica; ausencia de referencia no prueba orfandad.
media,asset:images/puerta-420i.png,(unreferenced),R12_MEDIA_PURPOSE_UNPROVEN,usage_type=IMAGE_APPARENTLY_UNUSED; direct_refs=0,,H8-D09-UNREFERENCED-MEDIA,Q08,Sin relacion de entidad y sin referencia publica; ausencia de referencia no prueba orfandad.
media,asset:images/puerta-422.jpg,(unreferenced),R12_MEDIA_PURPOSE_UNPROVEN,usage_type=IMAGE_APPARENTLY_UNUSED; direct_refs=0,,H8-D09-UNREFERENCED-MEDIA,Q08,Sin relacion de entidad y sin referencia publica; ausencia de referencia no prueba orfandad.
media,asset:images/puerta-metalica-blindada-1.jpg,(unreferenced),R12_MEDIA_PURPOSE_UNPROVEN,usage_type=IMAGE_APPARENTLY_UNUSED; direct_refs=0,,H8-D09-UNREFERENCED-MEDIA,Q08,Sin relacion de entidad y sin referencia publica; ausencia de referencia no prueba orfandad.
media,asset:images/puerta-metalica-louver.jpg,(unreferenced),R12_MEDIA_PURPOSE_UNPROVEN,usage_type=IMAGE_APPARENTLY_UNUSED; direct_refs=0,,H8-D09-UNREFERENCED-MEDIA,Q08,Sin relacion de entidad y sin referencia publica; ausencia de referencia no prueba orfandad.
media,asset:images/puerta432t.png,(unreferenced),R12_MEDIA_PURPOSE_UNPROVEN,usage_type=IMAGE_APPARENTLY_UNUSED; direct_refs=0,,H8-D09-UNREFERENCED-MEDIA,Q08,Sin relacion de entidad y sin referencia publica; ausencia de referencia no prueba orfandad.
media,asset:images/puerta595.jpg,(unreferenced),R12_MEDIA_PURPOSE_UNPROVEN,usage_type=IMAGE_APPARENTLY_UNUSED; direct_refs=0,,H8-D09-UNREFERENCED-MEDIA,Q08,Sin relacion de entidad y sin referencia publica; ausencia de referencia no prueba orfandad.
media,asset:images/puerta598.jpg,(unreferenced),R12_MEDIA_PURPOSE_UNPROVEN,usage_type=IMAGE_APPARENTLY_UNUSED; direct_refs=0,,H8-D09-UNREFERENCED-MEDIA,Q08,Sin relacion de entidad y sin referencia publica; ausencia de referencia no prueba orfandad.
media,asset:images/pwr.jpg,(unreferenced),R12_MEDIA_PURPOSE_UNPROVEN,usage_type=IMAGE_APPARENTLY_UNUSED; direct_refs=0,,H8-D09-UNREFERENCED-MEDIA,Q08,Sin relacion de entidad y sin referencia publica; ausencia de referencia no prueba orfandad.
media,asset:images/quienes2.jpg,(unreferenced),R12_MEDIA_PURPOSE_UNPROVEN,usage_type=IMAGE_APPARENTLY_UNUSED; direct_refs=0,,H8-D09-UNREFERENCED-MEDIA,Q08,Sin relacion de entidad y sin referencia publica; ausencia de referencia no prueba orfandad.
media,asset:images/rampa.jpg,(unreferenced),R12_MEDIA_PURPOSE_UNPROVEN,usage_type=IMAGE_APPARENTLY_UNUSED; direct_refs=0,,H8-D09-UNREFERENCED-MEDIA,Q08,Sin relacion de entidad y sin referencia publica; ausencia de referencia no prueba orfandad.
media,asset:images/rayos.jpg,(unreferenced),R12_MEDIA_PURPOSE_UNPROVEN,usage_type=IMAGE_APPARENTLY_UNUSED; direct_refs=0,,H8-D09-UNREFERENCED-MEDIA,Q08,Sin relacion de entidad y sin referencia publica; ausencia de referencia no prueba orfandad.
media,asset:images/reforzadas.jpg,(unreferenced),R12_MEDIA_PURPOSE_UNPROVEN,usage_type=IMAGE_APPARENTLY_UNUSED; direct_refs=0,,H8-D09-UNREFERENCED-MEDIA,Q08,Sin relacion de entidad y sin referencia publica; ausencia de referencia no prueba orfandad.
media,asset:images/residencial-2.jpg,(unreferenced),R12_MEDIA_PURPOSE_UNPROVEN,usage_type=IMAGE_APPARENTLY_UNUSED; direct_refs=0,,H8-D09-UNREFERENCED-MEDIA,Q08,Sin relacion de entidad y sin referencia publica; ausencia de referencia no prueba orfandad.
media,asset:images/rolli2.jpg,(unreferenced),R12_MEDIA_PURPOSE_UNPROVEN,usage_type=IMAGE_APPARENTLY_UNUSED; direct_refs=0,,H8-D09-UNREFERENCED-MEDIA,Q08,Sin relacion de entidad y sin referencia publica; ausencia de referencia no prueba orfandad.
media,asset:images/s592.jpg,(unreferenced),R12_MEDIA_PURPOSE_UNPROVEN,usage_type=IMAGE_APPARENTLY_UNUSED; direct_refs=0,,H8-D09-UNREFERENCED-MEDIA,Q08,Sin relacion de entidad y sin referencia publica; ausencia de referencia no prueba orfandad.
media,asset:images/serie-790.jpg,(unreferenced),R12_MEDIA_PURPOSE_UNPROVEN,usage_type=IMAGE_APPARENTLY_UNUSED; direct_refs=0,,H8-D09-UNREFERENCED-MEDIA,Q08,Sin relacion de entidad y sin referencia publica; ausencia de referencia no prueba orfandad.
media,asset:images/serie.jpg,(unreferenced),R12_MEDIA_PURPOSE_UNPROVEN,usage_type=IMAGE_APPARENTLY_UNUSED; direct_refs=0,,H8-D09-UNREFERENCED-MEDIA,Q08,Sin relacion de entidad y sin referencia publica; ausencia de referencia no prueba orfandad.
media,asset:images/serie625.jpg,(unreferenced),R12_MEDIA_PURPOSE_UNPROVEN,usage_type=IMAGE_APPARENTLY_UNUSED; direct_refs=0,,H8-D09-UNREFERENCED-MEDIA,Q08,Sin relacion de entidad y sin referencia publica; ausencia de referencia no prueba orfandad.
media,asset:images/shelter-abrigo-estacionario-blue-giant.jpg,(unreferenced),R12_MEDIA_PURPOSE_UNPROVEN,usage_type=IMAGE_APPARENTLY_UNUSED|EXACT_DUPLICATE_BYTES; direct_refs=0,,H8-D09-UNREFERENCED-MEDIA,Q08,Sin relacion de entidad y sin referencia publica; ausencia de referencia no prueba orfandad.
media,asset:images/shelther-para-anden.jpg,(unreferenced),R12_MEDIA_PURPOSE_UNPROVEN,usage_type=IMAGE_APPARENTLY_UNUSED; direct_refs=0,,H8-D09-UNREFERENCED-MEDIA,Q08,Sin relacion de entidad y sin referencia publica; ausencia de referencia no prueba orfandad.
media,asset:images/stan.png,(unreferenced),R12_MEDIA_PURPOSE_UNPROVEN,usage_type=IMAGE_APPARENTLY_UNUSED; direct_refs=0,,H8-D09-UNREFERENCED-MEDIA,Q08,Sin relacion de entidad y sin referencia publica; ausencia de referencia no prueba orfandad.
media,asset:images/table-1.png,(unreferenced),R12_MEDIA_PURPOSE_UNPROVEN,usage_type=IMAGE_APPARENTLY_UNUSED; direct_refs=0,,H8-D09-UNREFERENCED-MEDIA,Q08,Sin relacion de entidad y sin referencia publica; ausencia de referencia no prueba orfandad.
media,asset:multimedia/imagenes/marcas/3dfc4a0a42fb77d277f6a253055490713a09bf84.png,(unreferenced),R12_MEDIA_PURPOSE_UNPROVEN,usage_type=IMAGE_APPARENTLY_UNUSED; direct_refs=0,,H8-D09-UNREFERENCED-MEDIA,Q08,Sin relacion de entidad y sin referencia publica; ausencia de referencia no prueba orfandad.
media,asset:multimedia/imagenes/marcas/5b0fb510e229686ea648c8c844a72d055a43b670.png,(unreferenced),R12_MEDIA_PURPOSE_UNPROVEN,usage_type=IMAGE_APPARENTLY_UNUSED|EXACT_DUPLICATE_BYTES; direct_refs=0,,H8-D09-UNREFERENCED-MEDIA,Q08,Sin relacion de entidad y sin referencia publica; ausencia de referencia no prueba orfandad.
media,asset:multimedia/imagenes/marcas/6ef7fad3219ba60a1896d1e4acb7b3b02a57ee21.png,(unreferenced),R12_MEDIA_PURPOSE_UNPROVEN,usage_type=IMAGE_APPARENTLY_UNUSED|EXACT_DUPLICATE_BYTES; direct_refs=0,,H8-D09-UNREFERENCED-MEDIA,Q08,Sin relacion de entidad y sin referencia publica; ausencia de referencia no prueba orfandad.
media,asset:system/files/images/categorias/0730f48454726934e392a937efc6b2c9e432e7c6,(unreferenced),R12_MEDIA_PURPOSE_UNPROVEN,usage_type=IMAGE_APPARENTLY_UNUSED|ORIGINAL|EXACT_DUPLICATE_BYTES|NO_EXTENSION; direct_refs=0,,H8-D09-UNREFERENCED-MEDIA,Q08,Sin relacion de entidad y sin referencia publica; ausencia de referencia no prueba orfandad.
media,asset:system/files/images/categorias/1a32b8fec0f204084918378fed8404a7eacd559f,(unreferenced),R12_MEDIA_PURPOSE_UNPROVEN,usage_type=IMAGE_APPARENTLY_UNUSED|ORIGINAL|EXACT_DUPLICATE_BYTES|NO_EXTENSION; direct_refs=0,,H8-D09-UNREFERENCED-MEDIA,Q08,Sin relacion de entidad y sin referencia publica; ausencia de referencia no prueba orfandad.
media,asset:system/files/images/categorias/e09d138e9fbc0a4df6c160f6f884b18f47a19ed0,(unreferenced),R12_MEDIA_PURPOSE_UNPROVEN,usage_type=IMAGE_APPARENTLY_UNUSED|ORIGINAL|NO_EXTENSION; direct_refs=0,,H8-D09-UNREFERENCED-MEDIA,Q08,Sin relacion de entidad y sin referencia publica; ausencia de referencia no prueba orfandad.
media,asset:system/files/images/productos/34f28e439542eac878d04732d90fb8dcbf6fece1,(unreferenced),R12_MEDIA_PURPOSE_UNPROVEN,usage_type=IMAGE_APPARENTLY_UNUSED|ORIGINAL|NO_EXTENSION; direct_refs=0,,H8-D09-UNREFERENCED-MEDIA,Q08,Sin relacion de entidad y sin referencia publica; ausencia de referencia no prueba orfandad.
media,asset:system/files/images/productos/de384ecd10f0e22ea56706a25f164f5b2102d4a6,(unreferenced),R12_MEDIA_PURPOSE_UNPROVEN,usage_type=IMAGE_APPARENTLY_UNUSED|ORIGINAL|EXACT_DUPLICATE_BYTES|NO_EXTENSION; direct_refs=0,,H8-D09-UNREFERENCED-MEDIA,Q08,Sin relacion de entidad y sin referencia publica; ausencia de referencia no prueba orfandad.
product,sql:productos:150,sellos-nacionales.php,R05_BRAND_ATTRIBUTION_CONFLICT,producto en registro de conflicto de fabricante/categoria,,H5-D03-BRAND-CONFLICT,Q09,"Maestro REVIEW: identidad, duplicado o excepción editorial; no fusionar ni descartar automáticamente."
category,category:25,category:25,R06_CATEGORY_HIERARCHY_CONFLICT,"name=Bumpers, semaforos y cepillos para rampa niveladora; parent=3; rel=UNKNOWN; products=14",,H6-D06-CATEGORY-HIERARCHY,Q10,Categoria 25/26/33: jerarquia o nombre duplicado.
category,category:26,category:26,R06_CATEGORY_HIERARCHY_CONFLICT,name=Puertas contra incendio; parent=0; rel=UNKNOWN; products=0,,H6-D06-CATEGORY-HIERARCHY,Q10,Categoria 25/26/33: jerarquia o nombre duplicado.
category,category:33,category:33,R06_CATEGORY_HIERARCHY_CONFLICT,name=Puertas contra incendio; parent=5; rel=STRONG_INFERENCE; products=1,,H6-D06-CATEGORY-HIERARCHY,Q10,Categoria 25/26/33: jerarquia o nombre duplicado.
media,asset:system/files/images/categorias/ba3f2923d733855f1d109ba12330647b866a3383,"category:26,33",R09_MEDIA_OWNER_PENDING,media-usage-evidence DATABASE_CATEGORY/BRAND_LOGO,"category:26,33",H6-D06-CATEGORY-HIERARCHY,Q10,Imagen de termino cuyo termino sigue en REVIEW (25/26/33).
missing_media,missing:fichas/FICHATECNICASELLOSSOLMMERS.pdf,missing,R14_MISSING_RESOURCE,source=None; match=None; conf=None,,H7-D08-MISSING-RESOURCES,Q11,Recurso no resuelto: No resolver ni renombrar automaticamente; revisar sensibilidad a mayusculas y normalizacion Unicode
missing_media,missing:fichas/INFRACA-RÁPIDA-APILABLE.pdf,missing,R14_MISSING_RESOURCE,source=None; match=None; conf=None,,H7-D08-MISSING-RESOURCES,Q11,Recurso no resuelto: No resolver ni renombrar automaticamente; revisar sensibilidad a mayusculas y normalizacion Unicode
missing_media,missing:images/dura.jpg,missing,R14_MISSING_RESOURCE,source=None; match=None; conf=None,,H7-D08-MISSING-RESOURCES,Q11,Recurso no resuelto: No resolver ni renombrar automaticamente; revisar sensibilidad a mayusculas y normalizacion Unicode
missing_media,missing:images/magic.jpg,missing,R14_MISSING_RESOURCE,source=None; match=None; conf=None,,H7-D08-MISSING-RESOURCES,Q11,Recurso no resuelto: No resolver ni renombrar automaticamente; revisar sensibilidad a mayusculas y normalizacion Unicode
page,php:categorias.php,UTILITY,R07_SOURCE_OWNERSHIP_UNDEFINED,classification=UTILITY; preserve_url=YES; conf=CONFIRMED,,H9-D12-UTILITY-PAGES,Q12,"Pagina utilitaria: reimplementar, descartar o conservar."
page,php:enviaContacto.php,UTILITY,R07_SOURCE_OWNERSHIP_UNDEFINED,classification=UTILITY; preserve_url=YES; conf=CONFIRMED,,H9-D12-UTILITY-PAGES,Q12,"Pagina utilitaria: reimplementar, descartar o conservar."
page,php:productos.php,UTILITY,R07_SOURCE_OWNERSHIP_UNDEFINED,classification=UTILITY; preserve_url=YES; conf=CONFIRMED,,H9-D12-UTILITY-PAGES,Q12,"Pagina utilitaria: reimplementar, descartar o conservar."
media,asset:system/files/images/productos/9856266836c012c90673224e9379a1a7f4b32389,(product),R09_MEDIA_OWNER_PENDING,product-media-relations PDF; owners ['64'],product:64,PRODUCT-OWNER-OTHER,Q13,Uso documental no equivale a aprobación de propósito/identidad de medios.
