source_type,source_key,rule_id,old_action,new_action,evidence,result
brand,brand:1,R-T03,"UNCHANGED (pre-existing manual/subset decision)",UNCHANGED,"brand-master.csv:1 legacy_page=overhead-door.php logo_evidence=marcas.php:34","N/A: already resolved by a manual/subset decision, independent of this policy layer (policy proposal coincides but did not decide)"
brand,brand:10,R-T03,REVIEW,CREATE,"brand-master.csv:10 legacy_page=dockman.php logo_evidence=marcas.php:115","APPLIED (dry run only; not executed)"
brand,brand:11,R-T03,REVIEW,CREATE,"brand-master.csv:11 legacy_page=lift-master.php logo_evidence=marcas.php:124","APPLIED (dry run only; not executed)"
brand,brand:12,R-T03,REVIEW,CREATE,"brand-master.csv:12 legacy_page=bft.php logo_evidence=marcas.php:133","APPLIED (dry run only; not executed)"
brand,brand:2,R-T03,REVIEW,CREATE,"brand-master.csv:2 legacy_page=wayne-dalton.php logo_evidence=marcas.php:43","APPLIED (dry run only; not executed)"
brand,brand:3,R-T03,REVIEW,CREATE,"brand-master.csv:3 legacy_page=clopay.php logo_evidence=marcas.php:52","APPLIED (dry run only; not executed)"
brand,brand:4,R-T03,REVIEW,CREATE,"brand-master.csv:4 legacy_page=blue-giant.php logo_evidence=marcas.php:61","APPLIED (dry run only; not executed)"
brand,brand:5,R-T03,REVIEW,CREATE,"brand-master.csv:5 legacy_page=kelley.php logo_evidence=marcas.php:70","APPLIED (dry run only; not executed)"
brand,brand:6,R-T03,REVIEW,CREATE,"brand-master.csv:6 legacy_page=doorlock.php logo_evidence=marcas.php:79","APPLIED (dry run only; not executed)"
brand,brand:7,R-T03,REVIEW,CREATE,"brand-master.csv:7 legacy_page=rytec.php logo_evidence=marcas.php:88","APPLIED (dry run only; not executed)"
brand,brand:8,R-T03,REVIEW,CREATE,"brand-master.csv:8 legacy_page=infraca-quality-doors.php logo_evidence=marcas.php:97","APPLIED (dry run only; not executed)"
brand,brand:9,R-T03,REVIEW,CREATE,"brand-master.csv:9 legacy_page=glg-porte-industriali.php logo_evidence=marcas.php:106","APPLIED (dry run only; not executed)"
category,category:1,R-T01,"UNCHANGED (pre-existing manual/subset decision)",UNCHANGED,"category-master.csv:1 sql_parent_confidence=CONFIRMED parent_legacy_id=(root)","N/A: already resolved by a manual/subset decision, independent of this policy layer (policy proposal coincides but did not decide)"
category,category:10,R-T01,REVIEW,CREATE,"category-master.csv:10 sql_parent_confidence=CONFIRMED parent_legacy_id=3","APPLIED (dry run only; not executed)"
category,category:11,R-T01,REVIEW,CREATE,"category-master.csv:11 sql_parent_confidence=CONFIRMED parent_legacy_id=1","APPLIED (dry run only; not executed)"
category,category:12,R-T01,REVIEW,CREATE,"category-master.csv:12 sql_parent_confidence=CONFIRMED parent_legacy_id=1","APPLIED (dry run only; not executed)"
category,category:13,R-T01,REVIEW,CREATE,"category-master.csv:13 sql_parent_confidence=CONFIRMED parent_legacy_id=1","APPLIED (dry run only; not executed)"
category,category:14,R-T01,REVIEW,CREATE,"category-master.csv:14 sql_parent_confidence=CONFIRMED parent_legacy_id=1","APPLIED (dry run only; not executed)"
category,category:16,R-T01,REVIEW,CREATE,"category-master.csv:16 sql_parent_confidence=CONFIRMED parent_legacy_id=1","APPLIED (dry run only; not executed)"
category,category:17,R-T01,REVIEW,CREATE,"category-master.csv:17 sql_parent_confidence=CONFIRMED parent_legacy_id=1","APPLIED (dry run only; not executed)"
category,category:18,R-T01,REVIEW,CREATE,"category-master.csv:18 sql_parent_confidence=CONFIRMED parent_legacy_id=2","APPLIED (dry run only; not executed)"
category,category:19,R-T01,REVIEW,CREATE,"category-master.csv:19 sql_parent_confidence=CONFIRMED parent_legacy_id=2","APPLIED (dry run only; not executed)"
category,category:2,R-T01,REVIEW,CREATE,"category-master.csv:2 sql_parent_confidence=CONFIRMED parent_legacy_id=(root)","APPLIED (dry run only; not executed)"
category,category:20,R-T01,REVIEW,CREATE,"category-master.csv:20 sql_parent_confidence=CONFIRMED parent_legacy_id=2","APPLIED (dry run only; not executed)"
category,category:21,R-T01,REVIEW,CREATE,"category-master.csv:21 sql_parent_confidence=CONFIRMED parent_legacy_id=3","APPLIED (dry run only; not executed)"
category,category:22,R-T01,REVIEW,CREATE,"category-master.csv:22 sql_parent_confidence=CONFIRMED parent_legacy_id=3","APPLIED (dry run only; not executed)"
category,category:23,R-T01,REVIEW,CREATE,"category-master.csv:23 sql_parent_confidence=CONFIRMED parent_legacy_id=3","APPLIED (dry run only; not executed)"
category,category:24,R-T01,REVIEW,CREATE,"category-master.csv:24 sql_parent_confidence=CONFIRMED parent_legacy_id=3","APPLIED (dry run only; not executed)"
category,category:27,R-T01,REVIEW,CREATE,"category-master.csv:27 sql_parent_confidence=CONFIRMED parent_legacy_id=4","APPLIED (dry run only; not executed)"
category,category:28,R-T01,REVIEW,CREATE,"category-master.csv:28 sql_parent_confidence=CONFIRMED parent_legacy_id=4","APPLIED (dry run only; not executed)"
category,category:29,R-T01,REVIEW,CREATE,"category-master.csv:29 sql_parent_confidence=CONFIRMED parent_legacy_id=4","APPLIED (dry run only; not executed)"
category,category:3,R-T01,REVIEW,CREATE,"category-master.csv:3 sql_parent_confidence=CONFIRMED parent_legacy_id=(root)","APPLIED (dry run only; not executed)"
category,category:30,R-T01,REVIEW,CREATE,"category-master.csv:30 sql_parent_confidence=CONFIRMED parent_legacy_id=4","APPLIED (dry run only; not executed)"
category,category:31,R-T01,REVIEW,CREATE,"category-master.csv:31 sql_parent_confidence=CONFIRMED parent_legacy_id=5","APPLIED (dry run only; not executed)"
category,category:32,R-T01,REVIEW,CREATE,"category-master.csv:32 sql_parent_confidence=CONFIRMED parent_legacy_id=5","APPLIED (dry run only; not executed)"
category,category:34,R-T01,REVIEW,CREATE,"category-master.csv:34 sql_parent_confidence=CONFIRMED parent_legacy_id=6","APPLIED (dry run only; not executed)"
category,category:35,R-T01,REVIEW,CREATE,"category-master.csv:35 sql_parent_confidence=CONFIRMED parent_legacy_id=6","APPLIED (dry run only; not executed)"
category,category:36,R-T01,REVIEW,CREATE,"category-master.csv:36 sql_parent_confidence=CONFIRMED parent_legacy_id=7","APPLIED (dry run only; not executed)"
category,category:37,R-T01,REVIEW,CREATE,"category-master.csv:37 sql_parent_confidence=CONFIRMED parent_legacy_id=7","APPLIED (dry run only; not executed)"
category,category:38,R-T01,REVIEW,CREATE,"category-master.csv:38 sql_parent_confidence=CONFIRMED parent_legacy_id=7","APPLIED (dry run only; not executed)"
category,category:39,R-T01,REVIEW,CREATE,"category-master.csv:39 sql_parent_confidence=CONFIRMED parent_legacy_id=7","APPLIED (dry run only; not executed)"
category,category:4,R-T01,REVIEW,CREATE,"category-master.csv:4 sql_parent_confidence=CONFIRMED parent_legacy_id=(root)","APPLIED (dry run only; not executed)"
category,category:5,R-T01,REVIEW,CREATE,"category-master.csv:5 sql_parent_confidence=CONFIRMED parent_legacy_id=(root)","APPLIED (dry run only; not executed)"
category,category:6,R-T01,REVIEW,CREATE,"category-master.csv:6 sql_parent_confidence=CONFIRMED parent_legacy_id=(root)","APPLIED (dry run only; not executed)"
category,category:7,R-T01,REVIEW,CREATE,"category-master.csv:7 sql_parent_confidence=CONFIRMED parent_legacy_id=(root)","APPLIED (dry run only; not executed)"
category,category:8,R-T01,"UNCHANGED (pre-existing manual/subset decision)",UNCHANGED,"category-master.csv:8 sql_parent_confidence=CONFIRMED parent_legacy_id=1","N/A: already resolved by a manual/subset decision, independent of this policy layer (policy proposal coincides but did not decide)"
category,category:9,R-T01,REVIEW,CREATE,"category-master.csv:9 sql_parent_confidence=CONFIRMED parent_legacy_id=2","APPLIED (dry run only; not executed)"
media,asset:system/files/images/productos/0026e2b69ea6b2f5307ae424596371c7610f2fd8,R-M01,REVIEW,CREATE,"product-media-relations.csv path=system/files/images/productos/0026e2b69ea6b2f5307ae424596371c7610f2fd8 products=34","APPLIED (dry run only; not executed)"
media,asset:system/files/images/productos/041a0efde5e5212d3aae023a37bd508f96f03295,R-M01,REVIEW,CREATE,"product-media-relations.csv path=system/files/images/productos/041a0efde5e5212d3aae023a37bd508f96f03295 products=146","APPLIED (dry run only; not executed)"
media,asset:system/files/images/productos/06d1ac8df445fdad9cabf6a632e3c4363258b6ee,R-M01,REVIEW,CREATE,"product-media-relations.csv path=system/files/images/productos/06d1ac8df445fdad9cabf6a632e3c4363258b6ee products=86","APPLIED (dry run only; not executed)"
media,asset:system/files/images/productos/0a1a154b062113c629a1f2b1c58638408479ba39,R-M01,REVIEW,CREATE,"product-media-relations.csv path=system/files/images/productos/0a1a154b062113c629a1f2b1c58638408479ba39 products=92","APPLIED (dry run only; not executed)"
media,asset:system/files/images/productos/0e8c380b91a59986427b2a5f2b70fd16a2980099,R-M01,REVIEW,CREATE,"product-media-relations.csv path=system/files/images/productos/0e8c380b91a59986427b2a5f2b70fd16a2980099 products=68","APPLIED (dry run only; not executed)"
media,asset:system/files/images/productos/13e3c3675402a845e35768698348384af696499f,R-M01,REVIEW,CREATE,"product-media-relations.csv path=system/files/images/productos/13e3c3675402a845e35768698348384af696499f products=146","APPLIED (dry run only; not executed)"
media,asset:system/files/images/productos/20ec2b66b713306ac6d2d213bcce8d6810712eef,R-M01,REVIEW,CREATE,"product-media-relations.csv path=system/files/images/productos/20ec2b66b713306ac6d2d213bcce8d6810712eef products=86","APPLIED (dry run only; not executed)"
media,asset:system/files/images/productos/23d0316980d95f4f7ece95dd33a74b151eadb1bf,R-M01,REVIEW,CREATE,"product-media-relations.csv path=system/files/images/productos/23d0316980d95f4f7ece95dd33a74b151eadb1bf products=98","APPLIED (dry run only; not executed)"
media,asset:system/files/images/productos/2783c1d2e280b095bb433d882e864c0662d21e01,R-M01,REVIEW,CREATE,"product-media-relations.csv path=system/files/images/productos/2783c1d2e280b095bb433d882e864c0662d21e01 products=67","APPLIED (dry run only; not executed)"
media,asset:system/files/images/productos/27cdd31e50801b69ed83a04dbdac5674d1078906,R-M01,REVIEW,CREATE,"product-media-relations.csv path=system/files/images/productos/27cdd31e50801b69ed83a04dbdac5674d1078906 products=70","APPLIED (dry run only; not executed)"
media,asset:system/files/images/productos/2f667c1e185b0ea47b093da526c2d552145b739e,R-M01,REVIEW,CREATE,"product-media-relations.csv path=system/files/images/productos/2f667c1e185b0ea47b093da526c2d552145b739e products=64","APPLIED (dry run only; not executed)"
media,asset:system/files/images/productos/3af12bf12f61eda51a19d1e8af3cefc05878f484,R-M01,REVIEW,REVIEW,"product-media-relations.csv path=system/files/images/productos/3af12bf12f61eda51a19d1e8af3cefc05878f484 products=70|71","REVERTED: MEDIA_VALIDATION_OR_HASH"
media,asset:system/files/images/productos/3e620ed84c43c5de234ae437f58f7083e93f6b8d,R-M01,REVIEW,REVIEW,"product-media-relations.csv path=system/files/images/productos/3e620ed84c43c5de234ae437f58f7083e93f6b8d products=77","REVERTED: MEDIA_VALIDATION_OR_HASH"
media,asset:system/files/images/productos/4008a0704b50eb6ada4e7733d8a9dc5c331e0163,R-M01,REVIEW,CREATE,"product-media-relations.csv path=system/files/images/productos/4008a0704b50eb6ada4e7733d8a9dc5c331e0163 products=148","APPLIED (dry run only; not executed)"
media,asset:system/files/images/productos/596d0d25e474bb84a449cda4680a73db1491f809,R-M01,REVIEW,CREATE,"product-media-relations.csv path=system/files/images/productos/596d0d25e474bb84a449cda4680a73db1491f809 products=65","APPLIED (dry run only; not executed)"
media,asset:system/files/images/productos/5ebb1b9e7cdf30669798fa316af64842a73c5a56,R-M01,REVIEW,CREATE,"product-media-relations.csv path=system/files/images/productos/5ebb1b9e7cdf30669798fa316af64842a73c5a56 products=72","APPLIED (dry run only; not executed)"
media,asset:system/files/images/productos/5f90d35f71ae101ed088c67403da1540d91d1192,R-M01,REVIEW,CREATE,"product-media-relations.csv path=system/files/images/productos/5f90d35f71ae101ed088c67403da1540d91d1192 products=71","APPLIED (dry run only; not executed)"
media,asset:system/files/images/productos/639b9801fe440dcd2179c23cca14401710c5e7e0,R-M01,REVIEW,REVIEW,"product-media-relations.csv path=system/files/images/productos/639b9801fe440dcd2179c23cca14401710c5e7e0 products=65|66","REVERTED: MEDIA_VALIDATION_OR_HASH"
media,asset:system/files/images/productos/72df998778c03bc863d043d89ff44bd56b0095ab,R-M01,REVIEW,CREATE,"product-media-relations.csv path=system/files/images/productos/72df998778c03bc863d043d89ff44bd56b0095ab products=95","APPLIED (dry run only; not executed)"
media,asset:system/files/images/productos/7ab52eec612af22d23a62f849479371ebf1c2f22,R-M01,REVIEW,REVIEW,"product-media-relations.csv path=system/files/images/productos/7ab52eec612af22d23a62f849479371ebf1c2f22 products=68|69","REVERTED: MEDIA_VALIDATION_OR_HASH"
media,asset:system/files/images/productos/7baea774c5fc4abe3735d40fdf16e84f1e3521ef,R-M01,REVIEW,REVIEW,"product-media-relations.csv path=system/files/images/productos/7baea774c5fc4abe3735d40fdf16e84f1e3521ef products=72|73","REVERTED: MEDIA_VALIDATION_OR_HASH"
media,asset:system/files/images/productos/7cf4babfab2712e41d6fd1c050f5c31b604c97ae,R-M01,REVIEW,REVIEW,"product-media-relations.csv path=system/files/images/productos/7cf4babfab2712e41d6fd1c050f5c31b604c97ae products=67","REVERTED: MEDIA_VALIDATION_OR_HASH"
media,asset:system/files/images/productos/85f5ef81d1ffa0cfcefdd5914c8d6d54a6bc3c4b,R-M01,REVIEW,CREATE,"product-media-relations.csv path=system/files/images/productos/85f5ef81d1ffa0cfcefdd5914c8d6d54a6bc3c4b products=85","APPLIED (dry run only; not executed)"
media,asset:system/files/images/productos/98b07de6dca4ad402a37385c485fb6999d5c3323,R-M01,REVIEW,REVIEW,"product-media-relations.csv path=system/files/images/productos/98b07de6dca4ad402a37385c485fb6999d5c3323 products=95","REVERTED: MEDIA_VALIDATION_OR_HASH"
media,asset:system/files/images/productos/a7febe38bfa295bb6907789a9d0f008c6319b962,R-M01,REVIEW,CREATE,"product-media-relations.csv path=system/files/images/productos/a7febe38bfa295bb6907789a9d0f008c6319b962 products=77","APPLIED (dry run only; not executed)"
media,asset:system/files/images/productos/ae385af43a5d1494c0f807d48c05b5b3c3576afe,R-M01,REVIEW,CREATE,"product-media-relations.csv path=system/files/images/productos/ae385af43a5d1494c0f807d48c05b5b3c3576afe products=34","APPLIED (dry run only; not executed)"
media,asset:system/files/images/productos/cd8dcba8c3cdd3597f73eff14285d6e0c759fda1,R-M01,REVIEW,CREATE,"product-media-relations.csv path=system/files/images/productos/cd8dcba8c3cdd3597f73eff14285d6e0c759fda1 products=63","APPLIED (dry run only; not executed)"
media,asset:system/files/images/productos/d408fb7a83adf1cd66a9048080210be3b617cb29,R-M01,REVIEW,CREATE,"product-media-relations.csv path=system/files/images/productos/d408fb7a83adf1cd66a9048080210be3b617cb29 products=92","APPLIED (dry run only; not executed)"
media,asset:system/files/images/productos/dbf978defab57f25bca7206c939b17e9c1b8749d,R-M01,REVIEW,CREATE,"product-media-relations.csv path=system/files/images/productos/dbf978defab57f25bca7206c939b17e9c1b8749d products=66","APPLIED (dry run only; not executed)"
media,asset:system/files/images/productos/e18f93b233e92c3c13b45b7654d4712f4748fe8b,R-M01,REVIEW,CREATE,"product-media-relations.csv path=system/files/images/productos/e18f93b233e92c3c13b45b7654d4712f4748fe8b products=97","APPLIED (dry run only; not executed)"
media,asset:system/files/images/productos/e255e142299e7b62e25690084deb0bb49408f332,R-M01,REVIEW,CREATE,"product-media-relations.csv path=system/files/images/productos/e255e142299e7b62e25690084deb0bb49408f332 products=85","APPLIED (dry run only; not executed)"
media,asset:system/files/images/productos/e4c215da7672e0ff5d8c7c6b12eaa6e027b73969,R-M01,REVIEW,CREATE,"product-media-relations.csv path=system/files/images/productos/e4c215da7672e0ff5d8c7c6b12eaa6e027b73969 products=74","APPLIED (dry run only; not executed)"
media,asset:system/files/images/productos/e7a01529a67d2e176caece591f7981360e4805ff,R-M01,REVIEW,CREATE,"product-media-relations.csv path=system/files/images/productos/e7a01529a67d2e176caece591f7981360e4805ff products=97|98","APPLIED (dry run only; not executed)"
media,asset:system/files/images/productos/ec069aaf1b98181850d5f11ac0069b719063f855,R-M01,REVIEW,CREATE,"product-media-relations.csv path=system/files/images/productos/ec069aaf1b98181850d5f11ac0069b719063f855 products=69","APPLIED (dry run only; not executed)"
media,asset:system/files/images/productos/f02304a5117f7e8cc52916b2995eee7d5cd3bdf7,R-M01,REVIEW,CREATE,"product-media-relations.csv path=system/files/images/productos/f02304a5117f7e8cc52916b2995eee7d5cd3bdf7 products=92","APPLIED (dry run only; not executed)"
media,asset:system/files/images/productos/f3eecd701088dbca1956b577ef1de1c1762edced,R-M01,REVIEW,CREATE,"product-media-relations.csv path=system/files/images/productos/f3eecd701088dbca1956b577ef1de1c1762edced products=75","APPLIED (dry run only; not executed)"
media,asset:system/files/images/productos/fce70ded3bd3b58293eed84c658aedaa60d10a2e,R-M01,REVIEW,CREATE,"product-media-relations.csv path=system/files/images/productos/fce70ded3bd3b58293eed84c658aedaa60d10a2e products=73","APPLIED (dry run only; not executed)"
media,asset:multimedia/imagenes/categorias/0068b4920fb7283782a51c12e22e83686e6bd310.png,R-M02,REVIEW,SKIP,"media-master.csv:multimedia/imagenes/categorias/0068b4920fb7283782a51c12e22e83686e6bd310.png usage_type=IMAGE_APPARENTLY_UNUSED|DERIVED original_ids=116",APPLIED
media,asset:multimedia/imagenes/categorias/00e4add1010b274fe68755addced6372d5ed3f1b.png,R-M02,REVIEW,SKIP,"media-master.csv:multimedia/imagenes/categorias/00e4add1010b274fe68755addced6372d5ed3f1b.png usage_type=IMAGE_APPARENTLY_UNUSED|DERIVED original_ids=108",APPLIED
media,asset:multimedia/imagenes/categorias/029f3af9b38f6de9dedfacf27a27f0626f6da812.jpg,R-M02,REVIEW,SKIP,"media-master.csv:multimedia/imagenes/categorias/029f3af9b38f6de9dedfacf27a27f0626f6da812.jpg usage_type=IMAGE_APPARENTLY_UNUSED|DERIVED original_ids=44",APPLIED
media,asset:multimedia/imagenes/categorias/05a5c6c2cbadcb574afa2faefb344ef1eb9dd6e5.png,R-M02,REVIEW,SKIP,"media-master.csv:multimedia/imagenes/categorias/05a5c6c2cbadcb574afa2faefb344ef1eb9dd6e5.png usage_type=IMAGE_APPARENTLY_UNUSED|DERIVED|EXACT_DUPLICATE_BYTES original_ids=108",APPLIED
media,asset:multimedia/imagenes/categorias/06628bf29f4379c812bb4a3772a785d45a5453fd.jpg,R-M02,REVIEW,SKIP,"media-master.csv:multimedia/imagenes/categorias/06628bf29f4379c812bb4a3772a785d45a5453fd.jpg usage_type=IMAGE_APPARENTLY_UNUSED|DERIVED original_ids=72",APPLIED
media,asset:multimedia/imagenes/categorias/0a09543a3babd4af8c7ec51dde1568aa91104888.jpg,R-M02,REVIEW,SKIP,"media-master.csv:multimedia/imagenes/categorias/0a09543a3babd4af8c7ec51dde1568aa91104888.jpg usage_type=IMAGE_APPARENTLY_UNUSED|DERIVED original_ids=44",APPLIED
media,asset:multimedia/imagenes/categorias/0b171bb0fab4ef2ff35f6565e00d00dce803931c.jpg,R-M02,REVIEW,SKIP,"media-master.csv:multimedia/imagenes/categorias/0b171bb0fab4ef2ff35f6565e00d00dce803931c.jpg usage_type=IMAGE_APPARENTLY_UNUSED|DERIVED original_ids=160",APPLIED
media,asset:multimedia/imagenes/categorias/0cfb58d8f2f64de5560d5d5b3143eede8a398f5e.jpg,R-M02,REVIEW,SKIP,"media-master.csv:multimedia/imagenes/categorias/0cfb58d8f2f64de5560d5d5b3143eede8a398f5e.jpg usage_type=IMAGE_APPARENTLY_UNUSED|DERIVED original_ids=76",APPLIED
media,asset:multimedia/imagenes/categorias/0ea36d903ea29b6aa97f368f15c9696c18c54303.jpg,R-M02,REVIEW,SKIP,"media-master.csv:multimedia/imagenes/categorias/0ea36d903ea29b6aa97f368f15c9696c18c54303.jpg usage_type=IMAGE_APPARENTLY_UNUSED|DERIVED original_ids=128",APPLIED
media,asset:multimedia/imagenes/categorias/0edf5e776fb7c7d5fb15c1a67320df1dbaaa07fd.jpg,R-M02,REVIEW,SKIP,"media-master.csv:multimedia/imagenes/categorias/0edf5e776fb7c7d5fb15c1a67320df1dbaaa07fd.jpg usage_type=IMAGE_APPARENTLY_UNUSED|DERIVED original_ids=60|68",APPLIED
media,asset:multimedia/imagenes/categorias/0f6740d1e3a9e75151f0c89af3f2832253d394c6.jpg,R-M02,REVIEW,SKIP,"media-master.csv:multimedia/imagenes/categorias/0f6740d1e3a9e75151f0c89af3f2832253d394c6.jpg usage_type=IMAGE_APPARENTLY_UNUSED|DERIVED original_ids=156",APPLIED
media,asset:multimedia/imagenes/categorias/0f9e3e6b05fba1419f7cfc6a265335db09db367a.jpg,R-M02,REVIEW,SKIP,"media-master.csv:multimedia/imagenes/categorias/0f9e3e6b05fba1419f7cfc6a265335db09db367a.jpg usage_type=IMAGE_APPARENTLY_UNUSED|DERIVED original_ids=80",APPLIED
media,asset:multimedia/imagenes/categorias/1273b44cb7fea331d80071724f13afdf72a997e7.jpg,R-M02,REVIEW,SKIP,"media-master.csv:multimedia/imagenes/categorias/1273b44cb7fea331d80071724f13afdf72a997e7.jpg usage_type=IMAGE_APPARENTLY_UNUSED|DERIVED original_ids=27",APPLIED
media,asset:multimedia/imagenes/categorias/17a21eba3e7af6ee97482516ddad6a5b42e19bcf.jpg,R-M02,REVIEW,SKIP,"media-master.csv:multimedia/imagenes/categorias/17a21eba3e7af6ee97482516ddad6a5b42e19bcf.jpg usage_type=IMAGE_APPARENTLY_UNUSED|DERIVED original_ids=120",APPLIED
media,asset:multimedia/imagenes/categorias/181faae1dcfb99c61b24f4b1b55bf54eb39bec74.jpg,R-M02,REVIEW,SKIP,"media-master.csv:multimedia/imagenes/categorias/181faae1dcfb99c61b24f4b1b55bf54eb39bec74.jpg usage_type=IMAGE_APPARENTLY_UNUSED|DERIVED original_ids=156",APPLIED
media,asset:multimedia/imagenes/categorias/1f08c992ec5ff11246b3c2c99fab1a38f63cd586.jpg,R-M02,REVIEW,SKIP,"media-master.csv:multimedia/imagenes/categorias/1f08c992ec5ff11246b3c2c99fab1a38f63cd586.jpg usage_type=IMAGE_APPARENTLY_UNUSED|DERIVED original_ids=84",APPLIED
media,asset:multimedia/imagenes/categorias/21fa9a025a79c31b3f94d18bb88051a29cd1feac.png,R-M02,REVIEW,SKIP,"media-master.csv:multimedia/imagenes/categorias/21fa9a025a79c31b3f94d18bb88051a29cd1feac.png usage_type=IMAGE_APPARENTLY_UNUSED|DERIVED original_ids=116",APPLIED
media,asset:multimedia/imagenes/categorias/2796b3a1d22bbf5e8f406e7a5dcdc12c553c9cff.jpg,R-M02,REVIEW,SKIP,"media-master.csv:multimedia/imagenes/categorias/2796b3a1d22bbf5e8f406e7a5dcdc12c553c9cff.jpg usage_type=IMAGE_APPARENTLY_UNUSED|DERIVED original_ids=92",APPLIED
media,asset:multimedia/imagenes/categorias/2c8a47701b16d1dac245ea4437b1412efaa80708.jpg,R-M02,REVIEW,SKIP,"media-master.csv:multimedia/imagenes/categorias/2c8a47701b16d1dac245ea4437b1412efaa80708.jpg usage_type=IMAGE_APPARENTLY_UNUSED|DERIVED original_ids=160",APPLIED
media,asset:multimedia/imagenes/categorias/2f90e8bd3fd035a9da7cc88f5e54763dbe71eb65.jpg,R-M02,REVIEW,SKIP,"media-master.csv:multimedia/imagenes/categorias/2f90e8bd3fd035a9da7cc88f5e54763dbe71eb65.jpg usage_type=IMAGE_APPARENTLY_UNUSED|DERIVED original_ids=104",APPLIED
media,asset:multimedia/imagenes/categorias/30014f61ec40c649baa0fa4ea15a4e8b067e78e8.jpg,R-M02,REVIEW,SKIP,"media-master.csv:multimedia/imagenes/categorias/30014f61ec40c649baa0fa4ea15a4e8b067e78e8.jpg usage_type=IMAGE_APPARENTLY_UNUSED|DERIVED original_ids=96",APPLIED
media,asset:multimedia/imagenes/categorias/307fdf976b3d333b75e619efb8c145ab31e593dc.jpg,R-M02,REVIEW,SKIP,"media-master.csv:multimedia/imagenes/categorias/307fdf976b3d333b75e619efb8c145ab31e593dc.jpg usage_type=IMAGE_APPARENTLY_UNUSED|DERIVED original_ids=152",APPLIED
media,asset:multimedia/imagenes/categorias/3209bcc4f3913b7e093067ab4198c0dd1919285a.png,R-M02,REVIEW,SKIP,"media-master.csv:multimedia/imagenes/categorias/3209bcc4f3913b7e093067ab4198c0dd1919285a.png usage_type=IMAGE_APPARENTLY_UNUSED|DERIVED original_ids=140",APPLIED
media,asset:multimedia/imagenes/categorias/3406ae21b1fce7c365a914e031abdc7087b0025b.jpg,R-M02,REVIEW,SKIP,"media-master.csv:multimedia/imagenes/categorias/3406ae21b1fce7c365a914e031abdc7087b0025b.jpg usage_type=IMAGE_APPARENTLY_UNUSED|DERIVED original_ids=152",APPLIED
media,asset:multimedia/imagenes/categorias/36fd2d5b2f378a67bdd6ab16346bf83c1cd73038.jpg,R-M02,REVIEW,SKIP,"media-master.csv:multimedia/imagenes/categorias/36fd2d5b2f378a67bdd6ab16346bf83c1cd73038.jpg usage_type=IMAGE_APPARENTLY_UNUSED|DERIVED original_ids=148",APPLIED
media,asset:multimedia/imagenes/categorias/37b40cb15d4ce16f5ec13739e621730982b42b69.jpg,R-M02,REVIEW,SKIP,"media-master.csv:multimedia/imagenes/categorias/37b40cb15d4ce16f5ec13739e621730982b42b69.jpg usage_type=IMAGE_APPARENTLY_UNUSED|DERIVED original_ids=144",APPLIED
media,asset:multimedia/imagenes/categorias/381cccddca9068f4f928c85a45b3fbf221cae6a9.jpg,R-M02,REVIEW,SKIP,"media-master.csv:multimedia/imagenes/categorias/381cccddca9068f4f928c85a45b3fbf221cae6a9.jpg usage_type=IMAGE_APPARENTLY_UNUSED|DERIVED|EXACT_DUPLICATE_BYTES original_ids=112",APPLIED
media,asset:multimedia/imagenes/categorias/3895266c5e9f7b5167566e2eb2f00061cee5ef27.jpg,R-M02,REVIEW,SKIP,"media-master.csv:multimedia/imagenes/categorias/3895266c5e9f7b5167566e2eb2f00061cee5ef27.jpg usage_type=IMAGE_APPARENTLY_UNUSED|DERIVED original_ids=128",APPLIED
media,asset:multimedia/imagenes/categorias/3c6f460cc1486506219239ca2b7e5a8e8ad87a60.jpg,R-M02,REVIEW,SKIP,"media-master.csv:multimedia/imagenes/categorias/3c6f460cc1486506219239ca2b7e5a8e8ad87a60.jpg usage_type=IMAGE_APPARENTLY_UNUSED|DERIVED|EXACT_DUPLICATE_BYTES original_ids=100|132",APPLIED
media,asset:multimedia/imagenes/categorias/3ddaeb1071fba1aaf58c92e17454b6da7a867d65.jpg,R-M02,REVIEW,SKIP,"media-master.csv:multimedia/imagenes/categorias/3ddaeb1071fba1aaf58c92e17454b6da7a867d65.jpg usage_type=IMAGE_APPARENTLY_UNUSED|DERIVED original_ids=15",APPLIED
media,asset:multimedia/imagenes/categorias/42336e73dccedae9650caacf0b1fa34d2449b810.jpg,R-M02,REVIEW,SKIP,"media-master.csv:multimedia/imagenes/categorias/42336e73dccedae9650caacf0b1fa34d2449b810.jpg usage_type=IMAGE_APPARENTLY_UNUSED|DERIVED original_ids=80",APPLIED
media,asset:multimedia/imagenes/categorias/4642ed1152768003ba74c0c5b07deb1b7b6d25b5.jpg,R-M02,REVIEW,SKIP,"media-master.csv:multimedia/imagenes/categorias/4642ed1152768003ba74c0c5b07deb1b7b6d25b5.jpg usage_type=IMAGE_APPARENTLY_UNUSED|DERIVED|EXACT_DUPLICATE_BYTES original_ids=112",APPLIED
media,asset:multimedia/imagenes/categorias/472af368af5ea63215b4fb5bf50b70333407565c.jpg,R-M02,REVIEW,SKIP,"media-master.csv:multimedia/imagenes/categorias/472af368af5ea63215b4fb5bf50b70333407565c.jpg usage_type=IMAGE_APPARENTLY_UNUSED|DERIVED original_ids=48",APPLIED
media,asset:multimedia/imagenes/categorias/4743716b36d08853d49c8cdb4c43b932ec851f53.jpg,R-M02,REVIEW,SKIP,"media-master.csv:multimedia/imagenes/categorias/4743716b36d08853d49c8cdb4c43b932ec851f53.jpg usage_type=IMAGE_APPARENTLY_UNUSED|DERIVED original_ids=36",APPLIED
media,asset:multimedia/imagenes/categorias/4c6bb8fc4dc4cfb9ac3cd319aaa4e90bd9bc4290.jpg,R-M02,REVIEW,SKIP,"media-master.csv:multimedia/imagenes/categorias/4c6bb8fc4dc4cfb9ac3cd319aaa4e90bd9bc4290.jpg usage_type=IMAGE_APPARENTLY_UNUSED|DERIVED original_ids=15",APPLIED
media,asset:multimedia/imagenes/categorias/4cecb81fc859ba53c31452341aa945cb0a739f32.png,R-M02,REVIEW,SKIP,"media-master.csv:multimedia/imagenes/categorias/4cecb81fc859ba53c31452341aa945cb0a739f32.png usage_type=IMAGE_APPARENTLY_UNUSED|DERIVED|EXACT_DUPLICATE_BYTES original_ids=136",APPLIED
media,asset:multimedia/imagenes/categorias/515b43c73aa1c45d1bf85899211f9a437fede341.png,R-M02,REVIEW,SKIP,"media-master.csv:multimedia/imagenes/categorias/515b43c73aa1c45d1bf85899211f9a437fede341.png usage_type=IMAGE_APPARENTLY_UNUSED|DERIVED original_ids=116",APPLIED
media,asset:multimedia/imagenes/categorias/57916324f5c6bdf483e67a51dc944c6604195e81.jpg,R-M02,REVIEW,SKIP,"media-master.csv:multimedia/imagenes/categorias/57916324f5c6bdf483e67a51dc944c6604195e81.jpg usage_type=IMAGE_APPARENTLY_UNUSED|DERIVED original_ids=76",APPLIED
media,asset:multimedia/imagenes/categorias/5c05ee88500e24495e6b148467b18d61a10ff979.jpg,R-M02,REVIEW,SKIP,"media-master.csv:multimedia/imagenes/categorias/5c05ee88500e24495e6b148467b18d61a10ff979.jpg usage_type=IMAGE_APPARENTLY_UNUSED|DERIVED original_ids=128",APPLIED
media,asset:multimedia/imagenes/categorias/6289170103009cfee50408d11cacac9708d82806.jpg,R-M02,REVIEW,SKIP,"media-master.csv:multimedia/imagenes/categorias/6289170103009cfee50408d11cacac9708d82806.jpg usage_type=IMAGE_APPARENTLY_UNUSED|DERIVED original_ids=120",APPLIED
media,asset:multimedia/imagenes/categorias/62d26b7dcc4290671a007978a3e7cb7893218226.jpg,R-M02,REVIEW,SKIP,"media-master.csv:multimedia/imagenes/categorias/62d26b7dcc4290671a007978a3e7cb7893218226.jpg usage_type=IMAGE_APPARENTLY_UNUSED|DERIVED original_ids=44",APPLIED
media,asset:multimedia/imagenes/categorias/6aa14c2ecbd51294160da91cd0916109846e0a65.jpg,R-M02,REVIEW,SKIP,"media-master.csv:multimedia/imagenes/categorias/6aa14c2ecbd51294160da91cd0916109846e0a65.jpg usage_type=IMAGE_APPARENTLY_UNUSED|DERIVED original_ids=88",APPLIED
media,asset:multimedia/imagenes/categorias/73e404c9ef4bc5a5e6a3576c4f2c0f7ed9b44fda.jpg,R-M02,REVIEW,SKIP,"media-master.csv:multimedia/imagenes/categorias/73e404c9ef4bc5a5e6a3576c4f2c0f7ed9b44fda.jpg usage_type=IMAGE_APPARENTLY_UNUSED|DERIVED|EXACT_DUPLICATE_BYTES original_ids=100|132",APPLIED
media,asset:multimedia/imagenes/categorias/7970c0c0dd68e0beb8cb5debc8ab8bf3112bc1c7.jpg,R-M02,REVIEW,SKIP,"media-master.csv:multimedia/imagenes/categorias/7970c0c0dd68e0beb8cb5debc8ab8bf3112bc1c7.jpg usage_type=IMAGE_APPARENTLY_UNUSED|DERIVED original_ids=48",APPLIED
media,asset:multimedia/imagenes/categorias/85289e572e3a01ca44fd21d11895fc064badcb98.png,R-M02,REVIEW,SKIP,"media-master.csv:multimedia/imagenes/categorias/85289e572e3a01ca44fd21d11895fc064badcb98.png usage_type=IMAGE_APPARENTLY_UNUSED|DERIVED original_ids=136",APPLIED
media,asset:multimedia/imagenes/categorias/87a7f2f411790a4bc6e59e8b63c0ee37904a5610.png,R-M02,REVIEW,SKIP,"media-master.csv:multimedia/imagenes/categorias/87a7f2f411790a4bc6e59e8b63c0ee37904a5610.png usage_type=IMAGE_APPARENTLY_UNUSED|DERIVED original_ids=108",APPLIED
media,asset:multimedia/imagenes/categorias/8c12a4fa46746e8273fa31b0446dc58c4e45f9ab.jpg,R-M02,REVIEW,SKIP,"media-master.csv:multimedia/imagenes/categorias/8c12a4fa46746e8273fa31b0446dc58c4e45f9ab.jpg usage_type=IMAGE_APPARENTLY_UNUSED|DERIVED original_ids=60|68",APPLIED
media,asset:multimedia/imagenes/categorias/92f0a121e30874685886bc84d73b8a0095a12d51.jpg,R-M02,REVIEW,SKIP,"media-master.csv:multimedia/imagenes/categorias/92f0a121e30874685886bc84d73b8a0095a12d51.jpg usage_type=IMAGE_APPARENTLY_UNUSED|DERIVED original_ids=52",APPLIED
media,asset:multimedia/imagenes/categorias/9518132905db9212212811e71bedbdb1335865ea.jpg,R-M02,REVIEW,SKIP,"media-master.csv:multimedia/imagenes/categorias/9518132905db9212212811e71bedbdb1335865ea.jpg usage_type=IMAGE_APPARENTLY_UNUSED|DERIVED|EXACT_DUPLICATE_BYTES original_ids=124",APPLIED
media,asset:multimedia/imagenes/categorias/95559418eeb6380d3d63011f2133abdafd7ad83b.jpg,R-M02,REVIEW,SKIP,"media-master.csv:multimedia/imagenes/categorias/95559418eeb6380d3d63011f2133abdafd7ad83b.jpg usage_type=IMAGE_APPARENTLY_UNUSED|DERIVED original_ids=148",APPLIED
media,asset:multimedia/imagenes/categorias/9989990198bbae12dadf41624629613e330c4a4e.jpg,R-M02,REVIEW,SKIP,"media-master.csv:multimedia/imagenes/categorias/9989990198bbae12dadf41624629613e330c4a4e.jpg usage_type=IMAGE_APPARENTLY_UNUSED|DERIVED original_ids=52",APPLIED
media,asset:multimedia/imagenes/categorias/9a569da63e3a813779fc89cab5bace690d727013.jpg,R-M02,REVIEW,SKIP,"media-master.csv:multimedia/imagenes/categorias/9a569da63e3a813779fc89cab5bace690d727013.jpg usage_type=IMAGE_APPARENTLY_UNUSED|DERIVED original_ids=48",APPLIED
media,asset:multimedia/imagenes/categorias/9aa38823e5b22f19d72fa30337e9b3f497cc70e2.jpg,R-M02,REVIEW,SKIP,"media-master.csv:multimedia/imagenes/categorias/9aa38823e5b22f19d72fa30337e9b3f497cc70e2.jpg usage_type=IMAGE_APPARENTLY_UNUSED|DERIVED original_ids=11",APPLIED
media,asset:multimedia/imagenes/categorias/9b7e698f83991a058eccae73a155559aab8814f2.jpg,R-M02,REVIEW,SKIP,"media-master.csv:multimedia/imagenes/categorias/9b7e698f83991a058eccae73a155559aab8814f2.jpg usage_type=IMAGE_APPARENTLY_UNUSED|DERIVED original_ids=84",APPLIED
media,asset:multimedia/imagenes/categorias/9d9a20408df6436de90f0aa343b1a735684da6bf.jpg,R-M02,REVIEW,SKIP,"media-master.csv:multimedia/imagenes/categorias/9d9a20408df6436de90f0aa343b1a735684da6bf.jpg usage_type=IMAGE_APPARENTLY_UNUSED|DERIVED original_ids=92",APPLIED
media,asset:multimedia/imagenes/categorias/9f2f4d7601bb79d991cf17d788513fe458d891d3.jpg,R-M02,REVIEW,SKIP,"media-master.csv:multimedia/imagenes/categorias/9f2f4d7601bb79d991cf17d788513fe458d891d3.jpg usage_type=IMAGE_APPARENTLY_UNUSED|DERIVED original_ids=60|68",APPLIED
media,asset:multimedia/imagenes/categorias/a1ca3275f32c31d7e6a3c8f597d1a18a53516e63.jpg,R-M02,REVIEW,SKIP,"media-master.csv:multimedia/imagenes/categorias/a1ca3275f32c31d7e6a3c8f597d1a18a53516e63.jpg usage_type=IMAGE_APPARENTLY_UNUSED|DERIVED original_ids=104",APPLIED
media,asset:multimedia/imagenes/categorias/a4633a99aa959e57a39bda53a945844932c4053e.jpg,R-M02,REVIEW,SKIP,"media-master.csv:multimedia/imagenes/categorias/a4633a99aa959e57a39bda53a945844932c4053e.jpg usage_type=IMAGE_APPARENTLY_UNUSED|DERIVED original_ids=15",APPLIED
media,asset:multimedia/imagenes/categorias/a4dcd01b6e1434b3b7e1cea35d72cf3430b134b4.jpg,R-M02,REVIEW,SKIP,"media-master.csv:multimedia/imagenes/categorias/a4dcd01b6e1434b3b7e1cea35d72cf3430b134b4.jpg usage_type=IMAGE_APPARENTLY_UNUSED|DERIVED original_ids=76",APPLIED
media,asset:multimedia/imagenes/categorias/a677a5e6752184987a95b860f7c32f53270407f0.jpg,R-M02,REVIEW,SKIP,"media-master.csv:multimedia/imagenes/categorias/a677a5e6752184987a95b860f7c32f53270407f0.jpg usage_type=IMAGE_APPARENTLY_UNUSED|DERIVED original_ids=144",APPLIED
media,asset:multimedia/imagenes/categorias/af80b503771468234ea3335ed9a79f053ac97ac9.jpg,R-M02,REVIEW,SKIP,"media-master.csv:multimedia/imagenes/categorias/af80b503771468234ea3335ed9a79f053ac97ac9.jpg usage_type=IMAGE_APPARENTLY_UNUSED|DERIVED original_ids=152",APPLIED
media,asset:multimedia/imagenes/categorias/b0b0544e480122ffd155693ea3e945cff098a235.jpg,R-M02,REVIEW,SKIP,"media-master.csv:multimedia/imagenes/categorias/b0b0544e480122ffd155693ea3e945cff098a235.jpg usage_type=IMAGE_APPARENTLY_UNUSED|DERIVED original_ids=72",APPLIED
media,asset:multimedia/imagenes/categorias/b0febde0c13d86cada3c1dc5a24f75d0bf60b9c2.jpg,R-M02,REVIEW,SKIP,"media-master.csv:multimedia/imagenes/categorias/b0febde0c13d86cada3c1dc5a24f75d0bf60b9c2.jpg usage_type=IMAGE_APPARENTLY_UNUSED|DERIVED original_ids=36",APPLIED
media,asset:multimedia/imagenes/categorias/b20676a561943df5b36736c402a5944725d918c6.jpg,R-M02,REVIEW,SKIP,"media-master.csv:multimedia/imagenes/categorias/b20676a561943df5b36736c402a5944725d918c6.jpg usage_type=IMAGE_APPARENTLY_UNUSED|DERIVED original_ids=104",APPLIED
media,asset:multimedia/imagenes/categorias/b84c70fd47dcc2b46b4e518727ce00f0ea8a6356.jpg,R-M02,REVIEW,SKIP,"media-master.csv:multimedia/imagenes/categorias/b84c70fd47dcc2b46b4e518727ce00f0ea8a6356.jpg usage_type=IMAGE_APPARENTLY_UNUSED|DERIVED original_ids=11",APPLIED
media,asset:multimedia/imagenes/categorias/b8c2dada643f433f713d22becd5ffb6cdd48d070.jpg,R-M02,REVIEW,SKIP,"media-master.csv:multimedia/imagenes/categorias/b8c2dada643f433f713d22becd5ffb6cdd48d070.jpg usage_type=IMAGE_APPARENTLY_UNUSED|DERIVED original_ids=100|132",APPLIED
media,asset:multimedia/imagenes/categorias/b9267d54f7219a984975ba83c28f39687b7165c6.jpg,R-M02,REVIEW,SKIP,"media-master.csv:multimedia/imagenes/categorias/b9267d54f7219a984975ba83c28f39687b7165c6.jpg usage_type=IMAGE_APPARENTLY_UNUSED|DERIVED original_ids=56",APPLIED
media,asset:multimedia/imagenes/categorias/ba3733d69089dc21936987cf281bc5fd9c013d81.png,R-M02,REVIEW,SKIP,"media-master.csv:multimedia/imagenes/categorias/ba3733d69089dc21936987cf281bc5fd9c013d81.png usage_type=IMAGE_APPARENTLY_UNUSED|DERIVED original_ids=140",APPLIED
media,asset:multimedia/imagenes/categorias/bb8dc4ea32bd7893747008de1764e061f142e02b.jpg,R-M02,REVIEW,SKIP,"media-master.csv:multimedia/imagenes/categorias/bb8dc4ea32bd7893747008de1764e061f142e02b.jpg usage_type=IMAGE_APPARENTLY_UNUSED|DERIVED original_ids=64",APPLIED
media,asset:multimedia/imagenes/categorias/be2f311aa92f08c08c00fe0cfc8730fe8253fb59.jpg,R-M02,REVIEW,SKIP,"media-master.csv:multimedia/imagenes/categorias/be2f311aa92f08c08c00fe0cfc8730fe8253fb59.jpg usage_type=IMAGE_APPARENTLY_UNUSED|DERIVED original_ids=120",APPLIED
media,asset:multimedia/imagenes/categorias/c1d9f151ac7e02157706645db82b208f9d1746c6.jpg,R-M02,REVIEW,SKIP,"media-master.csv:multimedia/imagenes/categorias/c1d9f151ac7e02157706645db82b208f9d1746c6.jpg usage_type=IMAGE_APPARENTLY_UNUSED|DERIVED original_ids=144",APPLIED
media,asset:multimedia/imagenes/categorias/c5d84c5a35b526d95808f39db16aae6f392aa052.jpg,R-M02,REVIEW,SKIP,"media-master.csv:multimedia/imagenes/categorias/c5d84c5a35b526d95808f39db16aae6f392aa052.jpg usage_type=IMAGE_APPARENTLY_UNUSED|DERIVED original_ids=27",APPLIED
media,asset:multimedia/imagenes/categorias/c6e1bc82ea0d1f22a98704a7fdacfcf17e14b498.jpg,R-M02,REVIEW,SKIP,"media-master.csv:multimedia/imagenes/categorias/c6e1bc82ea0d1f22a98704a7fdacfcf17e14b498.jpg usage_type=IMAGE_APPARENTLY_UNUSED|DERIVED original_ids=84",APPLIED
media,asset:multimedia/imagenes/categorias/cabf3ce04f2934cf3dc33b386f7936919c1e9369.jpg,R-M02,REVIEW,SKIP,"media-master.csv:multimedia/imagenes/categorias/cabf3ce04f2934cf3dc33b386f7936919c1e9369.jpg usage_type=IMAGE_APPARENTLY_UNUSED|DERIVED original_ids=56",APPLIED
media,asset:multimedia/imagenes/categorias/cbd6a7cacb8c2a97d286305d91a35621f578ccb4.jpg,R-M02,REVIEW,SKIP,"media-master.csv:multimedia/imagenes/categorias/cbd6a7cacb8c2a97d286305d91a35621f578ccb4.jpg usage_type=IMAGE_APPARENTLY_UNUSED|DERIVED|EXACT_DUPLICATE_BYTES original_ids=124",APPLIED
media,asset:multimedia/imagenes/categorias/cd72ab26741874ce0f7e1436cdbdb6940f05bc64.jpg,R-M02,REVIEW,SKIP,"media-master.csv:multimedia/imagenes/categorias/cd72ab26741874ce0f7e1436cdbdb6940f05bc64.jpg usage_type=IMAGE_APPARENTLY_UNUSED|DERIVED original_ids=56",APPLIED
media,asset:multimedia/imagenes/categorias/d1cf6a11d7781492d7225cf00c38395192f7c60e.jpg,R-M02,REVIEW,SKIP,"media-master.csv:multimedia/imagenes/categorias/d1cf6a11d7781492d7225cf00c38395192f7c60e.jpg usage_type=IMAGE_APPARENTLY_UNUSED|DERIVED original_ids=27",APPLIED
media,asset:multimedia/imagenes/categorias/d3406d2e8ecb6d2c64e6862e3ed1cfe460479186.jpg,R-M02,REVIEW,SKIP,"media-master.csv:multimedia/imagenes/categorias/d3406d2e8ecb6d2c64e6862e3ed1cfe460479186.jpg usage_type=IMAGE_APPARENTLY_UNUSED|DERIVED original_ids=36",APPLIED
media,asset:multimedia/imagenes/categorias/d4f4f265a05df2f5187a19261fd861dad02ff37a.jpg,R-M02,REVIEW,SKIP,"media-master.csv:multimedia/imagenes/categorias/d4f4f265a05df2f5187a19261fd861dad02ff37a.jpg usage_type=IMAGE_APPARENTLY_UNUSED|DERIVED original_ids=112",APPLIED
media,asset:multimedia/imagenes/categorias/d8068e9397735dbea2a0cc443121d94f5bb84777.jpg,R-M02,REVIEW,SKIP,"media-master.csv:multimedia/imagenes/categorias/d8068e9397735dbea2a0cc443121d94f5bb84777.jpg usage_type=IMAGE_APPARENTLY_UNUSED|DERIVED original_ids=88",APPLIED
media,asset:multimedia/imagenes/categorias/dc8d44b9494086c831a15a937bf5b1cfde2036e3.jpg,R-M02,REVIEW,SKIP,"media-master.csv:multimedia/imagenes/categorias/dc8d44b9494086c831a15a937bf5b1cfde2036e3.jpg usage_type=IMAGE_APPARENTLY_UNUSED|DERIVED original_ids=156",APPLIED
media,asset:multimedia/imagenes/categorias/dc93d255b816ed859bc35d8634a7b813182876ea.jpg,R-M02,REVIEW,SKIP,"media-master.csv:multimedia/imagenes/categorias/dc93d255b816ed859bc35d8634a7b813182876ea.jpg usage_type=IMAGE_APPARENTLY_UNUSED|DERIVED original_ids=64",APPLIED
media,asset:multimedia/imagenes/categorias/de0ab21bc8d4da24a8f93d247024b0d564addacd.jpg,R-M02,REVIEW,SKIP,"media-master.csv:multimedia/imagenes/categorias/de0ab21bc8d4da24a8f93d247024b0d564addacd.jpg usage_type=IMAGE_APPARENTLY_UNUSED|DERIVED original_ids=160",APPLIED
media,asset:multimedia/imagenes/categorias/dec91cdc543e16578bf8e7e7c7656ff85ffafdcf.png,R-M02,REVIEW,SKIP,"media-master.csv:multimedia/imagenes/categorias/dec91cdc543e16578bf8e7e7c7656ff85ffafdcf.png usage_type=IMAGE_APPARENTLY_UNUSED|DERIVED|EXACT_DUPLICATE_BYTES original_ids=136",APPLIED
media,asset:multimedia/imagenes/categorias/e0735c5d3fa243e3b3a3508b05c171ad43c482a0.jpg,R-M02,REVIEW,SKIP,"media-master.csv:multimedia/imagenes/categorias/e0735c5d3fa243e3b3a3508b05c171ad43c482a0.jpg usage_type=IMAGE_APPARENTLY_UNUSED|DERIVED original_ids=52",APPLIED
media,asset:multimedia/imagenes/categorias/e43141f69bf9d40f2183f4c5d8f6626e33078301.jpg,R-M02,REVIEW,SKIP,"media-master.csv:multimedia/imagenes/categorias/e43141f69bf9d40f2183f4c5d8f6626e33078301.jpg usage_type=IMAGE_APPARENTLY_UNUSED|DERIVED original_ids=92",APPLIED
media,asset:multimedia/imagenes/categorias/e5f6663418ee3dd23acffb6ea3c3d74f5c3cfc77.jpg,R-M02,REVIEW,SKIP,"media-master.csv:multimedia/imagenes/categorias/e5f6663418ee3dd23acffb6ea3c3d74f5c3cfc77.jpg usage_type=IMAGE_APPARENTLY_UNUSED|DERIVED original_ids=148",APPLIED
media,asset:multimedia/imagenes/categorias/eb2659b20e91eaa450fef682e711ee86df90f3fb.png,R-M02,REVIEW,SKIP,"media-master.csv:multimedia/imagenes/categorias/eb2659b20e91eaa450fef682e711ee86df90f3fb.png usage_type=IMAGE_APPARENTLY_UNUSED|DERIVED original_ids=140",APPLIED
media,asset:multimedia/imagenes/categorias/ec94a4e6c0c1c2c0b129da280cbd23040f67882c.jpg,R-M02,REVIEW,SKIP,"media-master.csv:multimedia/imagenes/categorias/ec94a4e6c0c1c2c0b129da280cbd23040f67882c.jpg usage_type=IMAGE_APPARENTLY_UNUSED|DERIVED original_ids=64",APPLIED
media,asset:multimedia/imagenes/categorias/ed63d21ccf2da2fdcf0ffdef6bb5a8138902ae22.jpg,R-M02,REVIEW,SKIP,"media-master.csv:multimedia/imagenes/categorias/ed63d21ccf2da2fdcf0ffdef6bb5a8138902ae22.jpg usage_type=IMAGE_APPARENTLY_UNUSED|DERIVED original_ids=88",APPLIED
media,asset:multimedia/imagenes/categorias/eeb79ca05b58fd631fb4b77d54b5be389d4813ca.jpg,R-M02,REVIEW,SKIP,"media-master.csv:multimedia/imagenes/categorias/eeb79ca05b58fd631fb4b77d54b5be389d4813ca.jpg usage_type=IMAGE_APPARENTLY_UNUSED|DERIVED original_ids=124",APPLIED
media,asset:multimedia/imagenes/categorias/ef8c44cdf31af7e683bbafb5b1b8fff0e60c4d5c.jpg,R-M02,REVIEW,SKIP,"media-master.csv:multimedia/imagenes/categorias/ef8c44cdf31af7e683bbafb5b1b8fff0e60c4d5c.jpg usage_type=IMAGE_APPARENTLY_UNUSED|DERIVED original_ids=80",APPLIED
media,asset:multimedia/imagenes/categorias/f62f5e05331c33d8d6ca84d6f7118f721f9f3c87.jpg,R-M02,REVIEW,SKIP,"media-master.csv:multimedia/imagenes/categorias/f62f5e05331c33d8d6ca84d6f7118f721f9f3c87.jpg usage_type=IMAGE_APPARENTLY_UNUSED|DERIVED original_ids=11",APPLIED
media,asset:multimedia/imagenes/categorias/f80727c474896741a8038054fb09744fe57aa71e.jpg,R-M02,REVIEW,SKIP,"media-master.csv:multimedia/imagenes/categorias/f80727c474896741a8038054fb09744fe57aa71e.jpg usage_type=IMAGE_APPARENTLY_UNUSED|DERIVED original_ids=72",APPLIED
media,asset:multimedia/imagenes/categorias/fd40705f125e9b9d50b5c585274bbd71518a148e.jpg,R-M02,REVIEW,SKIP,"media-master.csv:multimedia/imagenes/categorias/fd40705f125e9b9d50b5c585274bbd71518a148e.jpg usage_type=IMAGE_APPARENTLY_UNUSED|DERIVED original_ids=96",APPLIED
media,asset:multimedia/imagenes/categorias/fe89240b1721fc0410e023f5873f2f34aefc110d.jpg,R-M02,REVIEW,SKIP,"media-master.csv:multimedia/imagenes/categorias/fe89240b1721fc0410e023f5873f2f34aefc110d.jpg usage_type=IMAGE_APPARENTLY_UNUSED|DERIVED original_ids=96",APPLIED
media,asset:multimedia/imagenes/productos/0099cc357ac5ec7a9ac634a9340559a877ae2bfe.png,R-M02,REVIEW,SKIP,"media-master.csv:multimedia/imagenes/productos/0099cc357ac5ec7a9ac634a9340559a877ae2bfe.png usage_type=IMAGE_APPARENTLY_UNUSED|DERIVED original_ids=579",APPLIED
media,asset:multimedia/imagenes/productos/00bc282b6c3e4bc3f44edb0a0090381b4a1871f6.jpg,R-M02,REVIEW,SKIP,"media-master.csv:multimedia/imagenes/productos/00bc282b6c3e4bc3f44edb0a0090381b4a1871f6.jpg usage_type=IMAGE_APPARENTLY_UNUSED|DERIVED original_ids=490",APPLIED
media,asset:multimedia/imagenes/productos/00e4add1010b274fe68755addced6372d5ed3f1b.png,R-M02,REVIEW,SKIP,"media-master.csv:multimedia/imagenes/productos/00e4add1010b274fe68755addced6372d5ed3f1b.png usage_type=IMAGE_APPARENTLY_UNUSED|DERIVED original_ids=1045|1132|419",APPLIED
media,asset:multimedia/imagenes/productos/017ec857c44863b7dd8669df1a0ccf664e13333a.jpg,R-M02,REVIEW,SKIP,"media-master.csv:multimedia/imagenes/productos/017ec857c44863b7dd8669df1a0ccf664e13333a.jpg usage_type=IMAGE_APPARENTLY_UNUSED|DERIVED original_ids=760",APPLIED
media,asset:multimedia/imagenes/productos/029f3af9b38f6de9dedfacf27a27f0626f6da812.jpg,R-M02,REVIEW,SKIP,"media-master.csv:multimedia/imagenes/productos/029f3af9b38f6de9dedfacf27a27f0626f6da812.jpg usage_type=IMAGE_APPARENTLY_UNUSED|DERIVED original_ids=1164|583|795",APPLIED
media,asset:multimedia/imagenes/productos/03539e99ececb14a41092403988b20f23fa3dc34.jpg,R-M02,REVIEW,SKIP,"media-master.csv:multimedia/imagenes/productos/03539e99ececb14a41092403988b20f23fa3dc34.jpg usage_type=IMAGE_APPARENTLY_UNUSED|DERIVED original_ids=1303",APPLIED
media,asset:multimedia/imagenes/productos/05a5c6c2cbadcb574afa2faefb344ef1eb9dd6e5.png,R-M02,REVIEW,SKIP,"media-master.csv:multimedia/imagenes/productos/05a5c6c2cbadcb574afa2faefb344ef1eb9dd6e5.png usage_type=IMAGE_APPARENTLY_UNUSED|DERIVED|EXACT_DUPLICATE_BYTES original_ids=1045|1132|419",APPLIED
media,asset:multimedia/imagenes/productos/0673299f8dd00b7a02842315e57f79643500a48b.jpg,R-M02,REVIEW,SKIP,"media-master.csv:multimedia/imagenes/productos/0673299f8dd00b7a02842315e57f79643500a48b.jpg usage_type=IMAGE_APPARENTLY_UNUSED|DERIVED original_ids=1303",APPLIED
media,asset:multimedia/imagenes/productos/0741fe650f8f262e3088c0bc9c1cfbff57a0277f.png,R-M02,REVIEW,SKIP,"media-master.csv:multimedia/imagenes/productos/0741fe650f8f262e3088c0bc9c1cfbff57a0277f.png usage_type=IMAGE_APPARENTLY_UNUSED|DERIVED original_ids=1077|1087|538|730",APPLIED
media,asset:multimedia/imagenes/productos/07ad1a456d79358327288475659aa291183c72a5.jpg,R-M02,REVIEW,SKIP,"media-master.csv:multimedia/imagenes/productos/07ad1a456d79358327288475659aa291183c72a5.jpg usage_type=IMAGE_APPARENTLY_UNUSED|DERIVED original_ids=707",APPLIED
media,asset:multimedia/imagenes/productos/08483441ec7d56f8fa2e63eb0245da2743f7a520.png,R-M02,REVIEW,SKIP,"media-master.csv:multimedia/imagenes/productos/08483441ec7d56f8fa2e63eb0245da2743f7a520.png usage_type=IMAGE_APPARENTLY_UNUSED|DERIVED original_ids=1268|569",APPLIED
media,asset:multimedia/imagenes/productos/08952059074c4e1ceeaa2889eb4333a5c2dea81f.png,R-M02,REVIEW,SKIP,"media-master.csv:multimedia/imagenes/productos/08952059074c4e1ceeaa2889eb4333a5c2dea81f.png usage_type=IMAGE_APPARENTLY_UNUSED|DERIVED original_ids=1033|1110|383",APPLIED
media,asset:multimedia/imagenes/productos/08f70b8e3d1462e5485072f8e626fd18903a1fe5.png,R-M02,REVIEW,SKIP,"media-master.csv:multimedia/imagenes/productos/08f70b8e3d1462e5485072f8e626fd18903a1fe5.png usage_type=IMAGE_APPARENTLY_UNUSED|DERIVED original_ids=1246",APPLIED
media,asset:multimedia/imagenes/productos/09bf4fac1ee96c22366cad837926f3dad9466b5d.jpg,R-M02,REVIEW,SKIP,"media-master.csv:multimedia/imagenes/productos/09bf4fac1ee96c22366cad837926f3dad9466b5d.jpg usage_type=IMAGE_APPARENTLY_UNUSED|DERIVED original_ids=264|649",APPLIED
media,asset:multimedia/imagenes/productos/0a09543a3babd4af8c7ec51dde1568aa91104888.jpg,R-M02,REVIEW,SKIP,"media-master.csv:multimedia/imagenes/productos/0a09543a3babd4af8c7ec51dde1568aa91104888.jpg usage_type=IMAGE_APPARENTLY_UNUSED|DERIVED original_ids=1164|583|795",APPLIED
media,asset:multimedia/imagenes/productos/0a1756a8d2de1c57a8e4049484ade7b24731c8a9.jpg,R-M02,REVIEW,SKIP,"media-master.csv:multimedia/imagenes/productos/0a1756a8d2de1c57a8e4049484ade7b24731c8a9.jpg usage_type=IMAGE_APPARENTLY_UNUSED|DERIVED|EXACT_DUPLICATE_BYTES original_ids=494|914",APPLIED
media,asset:multimedia/imagenes/productos/0be658f1074838b4841405acfb8c8be22f2b425d.png,R-M02,REVIEW,SKIP,"media-master.csv:multimedia/imagenes/productos/0be658f1074838b4841405acfb8c8be22f2b425d.png usage_type=IMAGE_APPARENTLY_UNUSED|DERIVED original_ids=1273",APPLIED
media,asset:multimedia/imagenes/productos/0ca2c98ecfd9880ae5892307470348497cb41f71.jpg,R-M02,REVIEW,SKIP,"media-master.csv:multimedia/imagenes/productos/0ca2c98ecfd9880ae5892307470348497cb41f71.jpg usage_type=IMAGE_APPARENTLY_UNUSED|DERIVED original_ids=1343",APPLIED
media,asset:multimedia/imagenes/productos/0ea36d903ea29b6aa97f368f15c9696c18c54303.jpg,R-M02,REVIEW,SKIP,"media-master.csv:multimedia/imagenes/productos/0ea36d903ea29b6aa97f368f15c9696c18c54303.jpg usage_type=IMAGE_APPARENTLY_UNUSED|DERIVED original_ids=1029|1106|379",APPLIED
media,asset:multimedia/imagenes/productos/0edf5e776fb7c7d5fb15c1a67320df1dbaaa07fd.jpg,R-M02,REVIEW,SKIP,"media-master.csv:multimedia/imagenes/productos/0edf5e776fb7c7d5fb15c1a67320df1dbaaa07fd.jpg usage_type=IMAGE_APPARENTLY_UNUSED|DERIVED original_ids=883",APPLIED
media,asset:multimedia/imagenes/productos/0f99d1aea9ef6c7dc7a34f121abfbdabca6b4f93.jpg,R-M02,REVIEW,SKIP,"media-master.csv:multimedia/imagenes/productos/0f99d1aea9ef6c7dc7a34f121abfbdabca6b4f93.jpg usage_type=IMAGE_APPARENTLY_UNUSED|DERIVED|EXACT_DUPLICATE_BYTES original_ids=1039|409",APPLIED
media,asset:multimedia/imagenes/productos/11b9d3d36bf1efdc92052289a369f05219e2a104.jpg,R-M02,REVIEW,SKIP,"media-master.csv:multimedia/imagenes/productos/11b9d3d36bf1efdc92052289a369f05219e2a104.jpg usage_type=IMAGE_APPARENTLY_UNUSED|DERIVED original_ids=40",APPLIED
media,asset:multimedia/imagenes/productos/11e768171c4577cd4cc8507076717f1e85be55e8.png,R-M02,REVIEW,SKIP,"media-master.csv:multimedia/imagenes/productos/11e768171c4577cd4cc8507076717f1e85be55e8.png usage_type=IMAGE_APPARENTLY_UNUSED|DERIVED original_ids=1264|565",APPLIED
media,asset:multimedia/imagenes/productos/12a314d742440943c53d7a9f2f1cae1002710e28.jpg,R-M02,REVIEW,SKIP,"media-master.csv:multimedia/imagenes/productos/12a314d742440943c53d7a9f2f1cae1002710e28.jpg usage_type=IMAGE_APPARENTLY_UNUSED|DERIVED original_ids=775",APPLIED
media,asset:multimedia/imagenes/productos/13891e03c4ecfa1b8393cbb338f1819423d401cb.jpg,R-M02,REVIEW,SKIP,"media-master.csv:multimedia/imagenes/productos/13891e03c4ecfa1b8393cbb338f1819423d401cb.jpg usage_type=IMAGE_APPARENTLY_UNUSED|DERIVED original_ids=260|645",APPLIED
media,asset:multimedia/imagenes/productos/14244b97febc7f54256ae0dcbf491a041d9e25f7.jpg,R-M02,REVIEW,SKIP,"media-master.csv:multimedia/imagenes/productos/14244b97febc7f54256ae0dcbf491a041d9e25f7.jpg usage_type=IMAGE_APPARENTLY_UNUSED|DERIVED original_ids=859",APPLIED
media,asset:multimedia/imagenes/productos/14969a481112be738d6c20f8b640cbfae2aa430a.jpg,R-M02,REVIEW,SKIP,"media-master.csv:multimedia/imagenes/productos/14969a481112be738d6c20f8b640cbfae2aa430a.jpg usage_type=IMAGE_APPARENTLY_UNUSED|DERIVED original_ids=722",APPLIED
media,asset:multimedia/imagenes/productos/156cc74b0df9bb29931b5a748ac466a9ff8208b3.jpg,R-M02,REVIEW,SKIP,"media-master.csv:multimedia/imagenes/productos/156cc74b0df9bb29931b5a748ac466a9ff8208b3.jpg usage_type=IMAGE_APPARENTLY_UNUSED|DERIVED original_ids=740",APPLIED
media,asset:multimedia/imagenes/productos/156f62a9d76cbde9a439ddc82ead8465d82c347e.jpg,R-M02,REVIEW,SKIP,"media-master.csv:multimedia/imagenes/productos/156f62a9d76cbde9a439ddc82ead8465d82c347e.jpg usage_type=IMAGE_APPARENTLY_UNUSED|DERIVED original_ids=1311",APPLIED
media,asset:multimedia/imagenes/productos/1573a9c4fbea34db1caea42a6ed3c987bfa2f160.jpg,R-M02,REVIEW,SKIP,"media-master.csv:multimedia/imagenes/productos/1573a9c4fbea34db1caea42a6ed3c987bfa2f160.jpg usage_type=IMAGE_APPARENTLY_UNUSED|DERIVED|EXACT_DUPLICATE_BYTES original_ids=458",APPLIED
media,asset:multimedia/imagenes/productos/15f69b7bd580882fc5f453496ef06e085cff5545.jpg,R-M02,REVIEW,SKIP,"media-master.csv:multimedia/imagenes/productos/15f69b7bd580882fc5f453496ef06e085cff5545.jpg usage_type=IMAGE_APPARENTLY_UNUSED|DERIVED original_ids=169|785",APPLIED
media,asset:multimedia/imagenes/productos/167e3f194092173e480afe98e083ac3e4c77c2e3.jpg,R-M02,REVIEW,SKIP,"media-master.csv:multimedia/imagenes/productos/167e3f194092173e480afe98e083ac3e4c77c2e3.jpg usage_type=IMAGE_APPARENTLY_UNUSED|DERIVED original_ids=543|636",APPLIED
media,asset:multimedia/imagenes/productos/17a0a640fe8c4bed587c8a68d253c32091f8cd79.png,R-M02,REVIEW,SKIP,"media-master.csv:multimedia/imagenes/productos/17a0a640fe8c4bed587c8a68d253c32091f8cd79.png usage_type=IMAGE_APPARENTLY_UNUSED|DERIVED original_ids=1067|1142|433",APPLIED
media,asset:multimedia/imagenes/productos/17a21eba3e7af6ee97482516ddad6a5b42e19bcf.jpg,R-M02,REVIEW,SKIP,"media-master.csv:multimedia/imagenes/productos/17a21eba3e7af6ee97482516ddad6a5b42e19bcf.jpg usage_type=IMAGE_APPARENTLY_UNUSED|DERIVED original_ids=1051|1147|446",APPLIED
media,asset:multimedia/imagenes/productos/181a5b1fcb03b8ab6376a45db6bb565a22da04d7.jpg,R-M02,REVIEW,SKIP,"media-master.csv:multimedia/imagenes/productos/181a5b1fcb03b8ab6376a45db6bb565a22da04d7.jpg usage_type=IMAGE_APPARENTLY_UNUSED|DERIVED original_ids=296",APPLIED
media,asset:multimedia/imagenes/productos/184a00c5325f589792fc0a2b786bb64f4cf1af10.jpg,R-M02,REVIEW,SKIP,"media-master.csv:multimedia/imagenes/productos/184a00c5325f589792fc0a2b786bb64f4cf1af10.jpg usage_type=IMAGE_APPARENTLY_UNUSED|DERIVED original_ids=1343",APPLIED
media,asset:multimedia/imagenes/productos/190978ffd8550629d52835f08d699790570de450.jpg,R-M02,REVIEW,SKIP,"media-master.csv:multimedia/imagenes/productos/190978ffd8550629d52835f08d699790570de450.jpg usage_type=IMAGE_APPARENTLY_UNUSED|DERIVED original_ids=481|901",APPLIED
media,asset:multimedia/imagenes/productos/1928af6099d1fe4e06315432541a2959045d8a91.jpg,R-M02,REVIEW,SKIP,"media-master.csv:multimedia/imagenes/productos/1928af6099d1fe4e06315432541a2959045d8a91.jpg usage_type=IMAGE_APPARENTLY_UNUSED|DERIVED original_ids=654",APPLIED
media,asset:multimedia/imagenes/productos/1a335f84d428ad1d1d70bacc117fb276eb89643a.jpg,R-M02,REVIEW,SKIP,"media-master.csv:multimedia/imagenes/productos/1a335f84d428ad1d1d70bacc117fb276eb89643a.jpg usage_type=IMAGE_APPARENTLY_UNUSED|DERIVED original_ids=174|790",APPLIED
media,asset:multimedia/imagenes/productos/1a76a5044fe865297a21321827734e718edd7a50.jpg,R-M02,REVIEW,SKIP,"media-master.csv:multimedia/imagenes/productos/1a76a5044fe865297a21321827734e718edd7a50.jpg usage_type=IMAGE_APPARENTLY_UNUSED|DERIVED original_ids=251",APPLIED
media,asset:multimedia/imagenes/productos/1b2a64330ac09a6a8703a86237ab915070ccea63.jpg,R-M02,REVIEW,SKIP,"media-master.csv:multimedia/imagenes/productos/1b2a64330ac09a6a8703a86237ab915070ccea63.jpg usage_type=IMAGE_APPARENTLY_UNUSED|DERIVED original_ids=286",APPLIED
media,asset:multimedia/imagenes/productos/1bdbc8573b16aac59ded3f3125ba1708c9b31055.png,R-M02,REVIEW,SKIP,"media-master.csv:multimedia/imagenes/productos/1bdbc8573b16aac59ded3f3125ba1708c9b31055.png usage_type=IMAGE_APPARENTLY_UNUSED|DERIVED original_ids=413",APPLIED
media,asset:multimedia/imagenes/productos/1cd185491018a76917c79e14c41b2b0011319b80.png,R-M02,REVIEW,SKIP,"media-master.csv:multimedia/imagenes/productos/1cd185491018a76917c79e14c41b2b0011319b80.png usage_type=IMAGE_APPARENTLY_UNUSED|DERIVED|EXACT_DUPLICATE_BYTES original_ids=191|281|326|936",APPLIED
media,asset:multimedia/imagenes/productos/1dc9440b5554feba939f9d0bfa45ca8255023c59.jpg,R-M02,REVIEW,SKIP,"media-master.csv:multimedia/imagenes/productos/1dc9440b5554feba939f9d0bfa45ca8255023c59.jpg usage_type=IMAGE_APPARENTLY_UNUSED|DERIVED original_ids=518|765",APPLIED
media,asset:multimedia/imagenes/productos/1dd05ae0cd66252746a17313d414d0be22ccf43f.jpg,R-M02,REVIEW,SKIP,"media-master.csv:multimedia/imagenes/productos/1dd05ae0cd66252746a17313d414d0be22ccf43f.jpg usage_type=IMAGE_APPARENTLY_UNUSED|DERIVED original_ids=707",APPLIED
media,asset:multimedia/imagenes/productos/1f08c992ec5ff11246b3c2c99fab1a38f63cd586.jpg,R-M02,REVIEW,SKIP,"media-master.csv:multimedia/imagenes/productos/1f08c992ec5ff11246b3c2c99fab1a38f63cd586.jpg usage_type=IMAGE_APPARENTLY_UNUSED|DERIVED original_ids=1223|552",APPLIED
media,asset:multimedia/imagenes/productos/1f77aa6b34d2c431879dd72b9cd779a2515818e9.jpg,R-M02,REVIEW,SKIP,"media-master.csv:multimedia/imagenes/productos/1f77aa6b34d2c431879dd72b9cd779a2515818e9.jpg usage_type=IMAGE_APPARENTLY_UNUSED|DERIVED original_ids=1347",APPLIED
media,asset:multimedia/imagenes/productos/20162e2d303a3eca6ff36017343562a94980ccc0.png,R-M02,REVIEW,SKIP,"media-master.csv:multimedia/imagenes/productos/20162e2d303a3eca6ff36017343562a94980ccc0.png usage_type=IMAGE_APPARENTLY_UNUSED|DERIVED original_ids=1024|365",APPLIED
media,asset:multimedia/imagenes/productos/226caac31d2c72dc9a4e9e5937b42d25d2181733.jpg,R-M02,REVIEW,SKIP,"media-master.csv:multimedia/imagenes/productos/226caac31d2c72dc9a4e9e5937b42d25d2181733.jpg usage_type=IMAGE_APPARENTLY_UNUSED|DERIVED original_ids=196|825",APPLIED
media,asset:multimedia/imagenes/productos/2275a86129b6621c5e4709586c4b3b2e6e4320ec.jpg,R-M02,REVIEW,SKIP,"media-master.csv:multimedia/imagenes/productos/2275a86129b6621c5e4709586c4b3b2e6e4320ec.jpg usage_type=IMAGE_APPARENTLY_UNUSED|DERIVED original_ids=672",APPLIED
media,asset:multimedia/imagenes/productos/23d64ba6c7e061271bc6fdafa624c8452f91f824.jpg,R-M02,REVIEW,SKIP,"media-master.csv:multimedia/imagenes/productos/23d64ba6c7e061271bc6fdafa624c8452f91f824.jpg usage_type=IMAGE_APPARENTLY_UNUSED|DERIVED original_ids=1295",APPLIED
media,asset:multimedia/imagenes/productos/24e0d6f15c24675c2a029554f605dba9d7f47c93.jpg,R-M02,REVIEW,SKIP,"media-master.csv:multimedia/imagenes/productos/24e0d6f15c24675c2a029554f605dba9d7f47c93.jpg usage_type=IMAGE_APPARENTLY_UNUSED|DERIVED original_ids=1237|356",APPLIED
media,asset:multimedia/imagenes/productos/25c0bd18b4ddf41ccc3ed87801a972890011ed2c.jpg,R-M02,REVIEW,SKIP,"media-master.csv:multimedia/imagenes/productos/25c0bd18b4ddf41ccc3ed87801a972890011ed2c.jpg usage_type=IMAGE_APPARENTLY_UNUSED|DERIVED original_ids=331",APPLIED
media,asset:multimedia/imagenes/productos/25e0f577729ca9184cc4388fe11b73c42883dcec.jpg,R-M02,REVIEW,SKIP,"media-master.csv:multimedia/imagenes/productos/25e0f577729ca9184cc4388fe11b73c42883dcec.jpg usage_type=IMAGE_APPARENTLY_UNUSED|DERIVED original_ids=472",APPLIED
media,asset:multimedia/imagenes/productos/264a7a4be0e359c55b9c412aa8ca06b188abc854.jpg,R-M02,REVIEW,SKIP,"media-master.csv:multimedia/imagenes/productos/264a7a4be0e359c55b9c412aa8ca06b188abc854.jpg usage_type=IMAGE_APPARENTLY_UNUSED|DERIVED original_ids=251",APPLIED
media,asset:multimedia/imagenes/productos/2663f1c2be32358a778297750b8b9c1985af2400.jpg,R-M02,REVIEW,SKIP,"media-master.csv:multimedia/imagenes/productos/2663f1c2be32358a778297750b8b9c1985af2400.jpg usage_type=IMAGE_APPARENTLY_UNUSED|DERIVED original_ids=504|874",APPLIED
media,asset:multimedia/imagenes/productos/2781b7edf8bd65223923ac4ae96561dd74a82271.png,R-M02,REVIEW,SKIP,"media-master.csv:multimedia/imagenes/productos/2781b7edf8bd65223923ac4ae96561dd74a82271.png usage_type=IMAGE_APPARENTLY_UNUSED|DERIVED|EXACT_DUPLICATE_BYTES original_ids=191|281|326|936",APPLIED
media,asset:multimedia/imagenes/productos/278a4546b48209d2967e9b5217813ee15bf36708.jpg,R-M02,REVIEW,SKIP,"media-master.csv:multimedia/imagenes/productos/278a4546b48209d2967e9b5217813ee15bf36708.jpg usage_type=IMAGE_APPARENTLY_UNUSED|DERIVED original_ids=523|980",APPLIED
media,asset:multimedia/imagenes/productos/2796b3a1d22bbf5e8f406e7a5dcdc12c553c9cff.jpg,R-M02,REVIEW,SKIP,"media-master.csv:multimedia/imagenes/productos/2796b3a1d22bbf5e8f406e7a5dcdc12c553c9cff.jpg usage_type=IMAGE_APPARENTLY_UNUSED|DERIVED original_ids=1260|561",APPLIED
media,asset:multimedia/imagenes/productos/2a10289b70f121d836b1f535a3402807476f93a8.jpg,R-M02,REVIEW,SKIP,"media-master.csv:multimedia/imagenes/productos/2a10289b70f121d836b1f535a3402807476f93a8.jpg usage_type=IMAGE_APPARENTLY_UNUSED|DERIVED original_ids=260|645",APPLIED
media,asset:multimedia/imagenes/productos/2b360d8a9854585b2873ed0c571eaac8667989c1.png,R-M02,REVIEW,SKIP,"media-master.csv:multimedia/imagenes/productos/2b360d8a9854585b2873ed0c571eaac8667989c1.png usage_type=IMAGE_APPARENTLY_UNUSED|DERIVED original_ids=218|953",APPLIED
media,asset:multimedia/imagenes/productos/2be7b58bb9b540fee904acdfa24e7f98ed20886f.jpg,R-M02,REVIEW,SKIP,"media-master.csv:multimedia/imagenes/productos/2be7b58bb9b540fee904acdfa24e7f98ed20886f.jpg usage_type=IMAGE_APPARENTLY_UNUSED|DERIVED original_ids=476|892",APPLIED
media,asset:multimedia/imagenes/productos/2cc2f054110012652b02e0187ac429f75c8ced9e.png,R-M02,REVIEW,SKIP,"media-master.csv:multimedia/imagenes/productos/2cc2f054110012652b02e0187ac429f75c8ced9e.png usage_type=IMAGE_APPARENTLY_UNUSED|DERIVED original_ids=393",APPLIED
media,asset:multimedia/imagenes/productos/2cd6ae48995f438b403451d2615c64042a4353b0.png,R-M02,REVIEW,SKIP,"media-master.csv:multimedia/imagenes/productos/2cd6ae48995f438b403451d2615c64042a4353b0.png usage_type=IMAGE_APPARENTLY_UNUSED|DERIVED original_ids=1096|231",APPLIED
media,asset:multimedia/imagenes/productos/2da2bd675a6ccfd8ee472082b03edfd522780798.jpg,R-M02,REVIEW,SKIP,"media-master.csv:multimedia/imagenes/productos/2da2bd675a6ccfd8ee472082b03edfd522780798.jpg usage_type=IMAGE_APPARENTLY_UNUSED|DERIVED original_ids=490",APPLIED
media,asset:multimedia/imagenes/productos/2dcd34680ae76905d3bb16fc7c85a0d93cc9c5a5.jpg,R-M02,REVIEW,SKIP,"media-master.csv:multimedia/imagenes/productos/2dcd34680ae76905d3bb16fc7c85a0d93cc9c5a5.jpg usage_type=IMAGE_APPARENTLY_UNUSED|DERIVED|EXACT_DUPLICATE_BYTES original_ids=1242",APPLIED
media,asset:multimedia/imagenes/productos/2dffa1df5bf16fd938ac7a7bd9d3d4dcf7872560.png,R-M02,REVIEW,SKIP,"media-master.csv:multimedia/imagenes/productos/2dffa1df5bf16fd938ac7a7bd9d3d4dcf7872560.png usage_type=IMAGE_APPARENTLY_UNUSED|DERIVED original_ids=191|281|326|936",APPLIED
media,asset:multimedia/imagenes/productos/2e19d878c19f1353d3e55513b1a0ff00b3655392.png,R-M02,REVIEW,SKIP,"media-master.csv:multimedia/imagenes/productos/2e19d878c19f1353d3e55513b1a0ff00b3655392.png usage_type=IMAGE_APPARENTLY_UNUSED|DERIVED original_ids=1008|403",APPLIED
media,asset:multimedia/imagenes/productos/2eaeae874d0edc64c079e7644d96f0387302e9a9.png,R-M02,REVIEW,SKIP,"media-master.csv:multimedia/imagenes/productos/2eaeae874d0edc64c079e7644d96f0387302e9a9.png usage_type=IMAGE_APPARENTLY_UNUSED|DERIVED original_ids=1273",APPLIED
media,asset:multimedia/imagenes/productos/2f90e8bd3fd035a9da7cc88f5e54763dbe71eb65.jpg,R-M02,REVIEW,SKIP,"media-master.csv:multimedia/imagenes/productos/2f90e8bd3fd035a9da7cc88f5e54763dbe71eb65.jpg usage_type=IMAGE_APPARENTLY_UNUSED|DERIVED original_ids=1126",APPLIED
media,asset:multimedia/imagenes/productos/3049d35ce5a58fb57ec7603f509ef7114f7e4280.jpg,R-M02,REVIEW,SKIP,"media-master.csv:multimedia/imagenes/productos/3049d35ce5a58fb57ec7603f509ef7114f7e4280.jpg usage_type=IMAGE_APPARENTLY_UNUSED|DERIVED original_ids=165|966|975|999",APPLIED
media,asset:multimedia/imagenes/productos/3185b766898f29d01443c69deb7d6be12d705b89.jpg,R-M02,REVIEW,SKIP,"media-master.csv:multimedia/imagenes/productos/3185b766898f29d01443c69deb7d6be12d705b89.jpg usage_type=IMAGE_APPARENTLY_UNUSED|DERIVED original_ids=864",APPLIED
media,asset:multimedia/imagenes/productos/33a8a1455bcfbb90e1c0ba4faa8f888cc0451e8c.png,R-M02,REVIEW,SKIP,"media-master.csv:multimedia/imagenes/productos/33a8a1455bcfbb90e1c0ba4faa8f888cc0451e8c.png usage_type=IMAGE_APPARENTLY_UNUSED|DERIVED original_ids=1059|1155|454",APPLIED
media,asset:multimedia/imagenes/productos/33c576ee27c51f19bca33107f1753c9220da9e13.png,R-M02,REVIEW,SKIP,"media-master.csv:multimedia/imagenes/productos/33c576ee27c51f19bca33107f1753c9220da9e13.png usage_type=IMAGE_APPARENTLY_UNUSED|DERIVED original_ids=1059|1155|454",APPLIED
media,asset:multimedia/imagenes/productos/33defd5b3ebe7d351fcf628da966065053d8b388.png,R-M02,REVIEW,SKIP,"media-master.csv:multimedia/imagenes/productos/33defd5b3ebe7d351fcf628da966065053d8b388.png usage_type=IMAGE_APPARENTLY_UNUSED|DERIVED original_ids=1114",APPLIED
media,asset:multimedia/imagenes/productos/33fce3c6a98f76bb952ebfa61a302b70e04ea52c.png,R-M02,REVIEW,SKIP,"media-master.csv:multimedia/imagenes/productos/33fce3c6a98f76bb952ebfa61a302b70e04ea52c.png usage_type=IMAGE_APPARENTLY_UNUSED|DERIVED original_ids=1024|365",APPLIED
media,asset:multimedia/imagenes/productos/33fea749c86a54e32cbea6fc348df6c35dfe7194.jpg,R-M02,REVIEW,SKIP,"media-master.csv:multimedia/imagenes/productos/33fea749c86a54e32cbea6fc348df6c35dfe7194.jpg usage_type=IMAGE_APPARENTLY_UNUSED|DERIVED original_ids=1277",APPLIED
media,asset:multimedia/imagenes/productos/3413b34226b7c3b656fc13078a2fea4944a9cdb3.jpg,R-M02,REVIEW,SKIP,"media-master.csv:multimedia/imagenes/productos/3413b34226b7c3b656fc13078a2fea4944a9cdb3.jpg usage_type=IMAGE_APPARENTLY_UNUSED|DERIVED original_ids=726",APPLIED
media,asset:multimedia/imagenes/productos/34211ef669994a8bd482b487e140bbe201cc59bd.jpg,R-M02,REVIEW,SKIP,"media-master.csv:multimedia/imagenes/productos/34211ef669994a8bd482b487e140bbe201cc59bd.jpg usage_type=IMAGE_APPARENTLY_UNUSED|DERIVED original_ids=849",APPLIED
media,asset:multimedia/imagenes/productos/352f55a95012d98c11d878892227bccc9e1678f9.jpg,R-M02,REVIEW,SKIP,"media-master.csv:multimedia/imagenes/productos/352f55a95012d98c11d878892227bccc9e1678f9.jpg usage_type=IMAGE_APPARENTLY_UNUSED|DERIVED original_ids=712",APPLIED
media,asset:multimedia/imagenes/productos/358506796f982c89c78dfafef0ca626612f1bfae.jpg,R-M02,REVIEW,SKIP,"media-master.csv:multimedia/imagenes/productos/358506796f982c89c78dfafef0ca626612f1bfae.jpg usage_type=IMAGE_APPARENTLY_UNUSED|DERIVED original_ids=255",APPLIED
media,asset:multimedia/imagenes/productos/35b187dcc82e959ca75db937b90024005a527157.jpg,R-M02,REVIEW,SKIP,"media-master.csv:multimedia/imagenes/productos/35b187dcc82e959ca75db937b90024005a527157.jpg usage_type=IMAGE_APPARENTLY_UNUSED|DERIVED original_ids=169|785",APPLIED
media,asset:multimedia/imagenes/productos/36ee69f37c8884b83e3ca11cc23dbebcac8972c7.jpg,R-M02,REVIEW,SKIP,"media-master.csv:multimedia/imagenes/productos/36ee69f37c8884b83e3ca11cc23dbebcac8972c7.jpg usage_type=IMAGE_APPARENTLY_UNUSED|DERIVED original_ids=476|892",APPLIED
media,asset:multimedia/imagenes/productos/36f6b5b690d5213be20e793bc11545d0a3088f32.jpg,R-M02,REVIEW,SKIP,"media-master.csv:multimedia/imagenes/productos/36f6b5b690d5213be20e793bc11545d0a3088f32.jpg usage_type=IMAGE_APPARENTLY_UNUSED|DERIVED original_ids=1351",APPLIED
media,asset:multimedia/imagenes/productos/36fd2d5b2f378a67bdd6ab16346bf83c1cd73038.jpg,R-M02,REVIEW,SKIP,"media-master.csv:multimedia/imagenes/productos/36fd2d5b2f378a67bdd6ab16346bf83c1cd73038.jpg usage_type=IMAGE_APPARENTLY_UNUSED|DERIVED original_ids=924",APPLIED
media,asset:multimedia/imagenes/productos/371a4b2f873919160fe7684495a5a5aad6d5c0b8.jpg,R-M02,REVIEW,SKIP,"media-master.csv:multimedia/imagenes/productos/371a4b2f873919160fe7684495a5a5aad6d5c0b8.jpg usage_type=IMAGE_APPARENTLY_UNUSED|DERIVED original_ids=547|640",APPLIED
media,asset:multimedia/imagenes/productos/373ac67f27a16f99790511fda43ae3437c8a85bc.jpg,R-M02,REVIEW,SKIP,"media-master.csv:multimedia/imagenes/productos/373ac67f27a16f99790511fda43ae3437c8a85bc.jpg usage_type=IMAGE_APPARENTLY_UNUSED|DERIVED original_ids=286",APPLIED
media,asset:multimedia/imagenes/productos/3789ab37d39458dca61894b4c976e9337f37f6a1.jpg,R-M02,REVIEW,SKIP,"media-master.csv:multimedia/imagenes/productos/3789ab37d39458dca61894b4c976e9337f37f6a1.jpg usage_type=IMAGE_APPARENTLY_UNUSED|DERIVED original_ids=499|919",APPLIED
media,asset:multimedia/imagenes/productos/37b40cb15d4ce16f5ec13739e621730982b42b69.jpg,R-M02,REVIEW,SKIP,"media-master.csv:multimedia/imagenes/productos/37b40cb15d4ce16f5ec13739e621730982b42b69.jpg usage_type=IMAGE_APPARENTLY_UNUSED|DERIVED original_ids=438",APPLIED
media,asset:multimedia/imagenes/productos/37e230ce8764faef89c115ba8c4c511fa966ad48.jpg,R-M02,REVIEW,SKIP,"media-master.csv:multimedia/imagenes/productos/37e230ce8764faef89c115ba8c4c511fa966ad48.jpg usage_type=IMAGE_APPARENTLY_UNUSED|DERIVED original_ids=821",APPLIED
media,asset:multimedia/imagenes/productos/381cccddca9068f4f928c85a45b3fbf221cae6a9.jpg,R-M02,REVIEW,SKIP,"media-master.csv:multimedia/imagenes/productos/381cccddca9068f4f928c85a45b3fbf221cae6a9.jpg usage_type=IMAGE_APPARENTLY_UNUSED|DERIVED|EXACT_DUPLICATE_BYTES original_ids=1063|1138|429",APPLIED
media,asset:multimedia/imagenes/productos/3895266c5e9f7b5167566e2eb2f00061cee5ef27.jpg,R-M02,REVIEW,SKIP,"media-master.csv:multimedia/imagenes/productos/3895266c5e9f7b5167566e2eb2f00061cee5ef27.jpg usage_type=IMAGE_APPARENTLY_UNUSED|DERIVED original_ids=1029|1106|379",APPLIED
media,asset:multimedia/imagenes/productos/392b065a81c4bb33843d840ab8aac7e37ab25e87.jpg,R-M02,REVIEW,SKIP,"media-master.csv:multimedia/imagenes/productos/392b065a81c4bb33843d840ab8aac7e37ab25e87.jpg usage_type=IMAGE_APPARENTLY_UNUSED|DERIVED original_ids=1256",APPLIED
media,asset:multimedia/imagenes/productos/3a1fc20fded91d4281ea5bccbabb5857c08ac984.png,R-M02,REVIEW,SKIP,"media-master.csv:multimedia/imagenes/productos/3a1fc20fded91d4281ea5bccbabb5857c08ac984.png usage_type=IMAGE_APPARENTLY_UNUSED|DERIVED|EXACT_DUPLICATE_BYTES original_ids=342",APPLIED
media,asset:multimedia/imagenes/productos/3b217cb341e42553c617890ac8dd6feb34fdb1c7.jpg,R-M02,REVIEW,SKIP,"media-master.csv:multimedia/imagenes/productos/3b217cb341e42553c617890ac8dd6feb34fdb1c7.jpg usage_type=IMAGE_APPARENTLY_UNUSED|DERIVED original_ids=692",APPLIED
media,asset:multimedia/imagenes/productos/3c6f460cc1486506219239ca2b7e5a8e8ad87a60.jpg,R-M02,REVIEW,SKIP,"media-master.csv:multimedia/imagenes/productos/3c6f460cc1486506219239ca2b7e5a8e8ad87a60.jpg usage_type=IMAGE_APPARENTLY_UNUSED|DERIVED|EXACT_DUPLICATE_BYTES original_ids=1014|1120|389",APPLIED
media,asset:multimedia/imagenes/productos/3c70cf2c418e31f8108f88ed59aea7291660401b.png,R-M02,REVIEW,SKIP,"media-master.csv:multimedia/imagenes/productos/3c70cf2c418e31f8108f88ed59aea7291660401b.png usage_type=IMAGE_APPARENTLY_UNUSED|DERIVED original_ids=1194|374",APPLIED
media,asset:multimedia/imagenes/productos/3d04b5ea99a0684e9c773d479566fa2616b9a9d6.png,R-M02,REVIEW,SKIP,"media-master.csv:multimedia/imagenes/productos/3d04b5ea99a0684e9c773d479566fa2616b9a9d6.png usage_type=IMAGE_APPARENTLY_UNUSED|DERIVED original_ids=579",APPLIED
media,asset:multimedia/imagenes/productos/3d710dcd28fda2649ac0b16b46ef73ee16cdbd95.png,R-M02,REVIEW,SKIP,"media-master.csv:multimedia/imagenes/productos/3d710dcd28fda2649ac0b16b46ef73ee16cdbd95.png usage_type=IMAGE_APPARENTLY_UNUSED|DERIVED original_ids=1072|1082|1159|513",APPLIED
media,asset:multimedia/imagenes/productos/3ddd17cc303be0139f7d072bc0bf7c97b145146e.jpg,R-M02,REVIEW,SKIP,"media-master.csv:multimedia/imagenes/productos/3ddd17cc303be0139f7d072bc0bf7c97b145146e.jpg usage_type=IMAGE_APPARENTLY_UNUSED|DERIVED original_ids=735",APPLIED
media,asset:multimedia/imagenes/productos/3de77ed35f27bba5e37688f19043f0834bcd0cff.jpg,R-M02,REVIEW,SKIP,"media-master.csv:multimedia/imagenes/productos/3de77ed35f27bba5e37688f19043f0834bcd0cff.jpg usage_type=IMAGE_APPARENTLY_UNUSED|DERIVED original_ids=697",APPLIED
media,asset:multimedia/imagenes/productos/3eba894cc4b56113df25e245b003b03627dc95ec.jpg,R-M02,REVIEW,SKIP,"media-master.csv:multimedia/imagenes/productos/3eba894cc4b56113df25e245b003b03627dc95ec.jpg usage_type=IMAGE_APPARENTLY_UNUSED|DERIVED original_ids=169|785",APPLIED
media,asset:multimedia/imagenes/productos/3efdffd3ac26f45d9139c36a2bdd839ecd6a2eda.png,R-M02,REVIEW,SKIP,"media-master.csv:multimedia/imagenes/productos/3efdffd3ac26f45d9139c36a2bdd839ecd6a2eda.png usage_type=IMAGE_APPARENTLY_UNUSED|DERIVED original_ids=442",APPLIED
media,asset:multimedia/imagenes/productos/3f27cada73952f5d7616a924c14dc6efe7008d3b.png,R-M02,REVIEW,SKIP,"media-master.csv:multimedia/imagenes/productos/3f27cada73952f5d7616a924c14dc6efe7008d3b.png usage_type=IMAGE_APPARENTLY_UNUSED|DERIVED original_ids=1114",APPLIED
media,asset:multimedia/imagenes/productos/3f5dc5c0f9c9aa46cdb1d915680de39787a2bab9.jpg,R-M02,REVIEW,SKIP,"media-master.csv:multimedia/imagenes/productos/3f5dc5c0f9c9aa46cdb1d915680de39787a2bab9.jpg usage_type=IMAGE_APPARENTLY_UNUSED|DERIVED original_ids=888",APPLIED
media,asset:multimedia/imagenes/productos/407a716595769879bb3564ac4dba39ac40e0eab0.jpg,R-M02,REVIEW,SKIP,"media-master.csv:multimedia/imagenes/productos/407a716595769879bb3564ac4dba39ac40e0eab0.jpg usage_type=IMAGE_APPARENTLY_UNUSED|DERIVED original_ids=499|919",APPLIED
media,asset:multimedia/imagenes/productos/40f2160fb62b7c5ee17080ed593917673d700a7f.jpg,R-M02,REVIEW,SKIP,"media-master.csv:multimedia/imagenes/productos/40f2160fb62b7c5ee17080ed593917673d700a7f.jpg usage_type=IMAGE_APPARENTLY_UNUSED|DERIVED original_ids=1351",APPLIED
media,asset:multimedia/imagenes/productos/4107f445ef7b067f76ef097b3da57af2382e7108.jpg,R-M02,REVIEW,SKIP,"media-master.csv:multimedia/imagenes/productos/4107f445ef7b067f76ef097b3da57af2382e7108.jpg usage_type=IMAGE_APPARENTLY_UNUSED|DERIVED original_ids=830",APPLIED
media,asset:multimedia/imagenes/productos/4141d163664d035c13778aa2ddac33cac1af98ff.jpg,R-M02,REVIEW,SKIP,"media-master.csv:multimedia/imagenes/productos/4141d163664d035c13778aa2ddac33cac1af98ff.jpg usage_type=IMAGE_APPARENTLY_UNUSED|DERIVED original_ids=504|874",APPLIED
media,asset:multimedia/imagenes/productos/42e1bf0bcd51140c652ff32de5959de824aa01fb.jpg,R-M02,REVIEW,SKIP,"media-master.csv:multimedia/imagenes/productos/42e1bf0bcd51140c652ff32de5959de824aa01fb.jpg usage_type=IMAGE_APPARENTLY_UNUSED|DERIVED original_ids=770",APPLIED
media,asset:multimedia/imagenes/productos/4357a19340ef40ab6163db337d8b5e7ec3d053da.jpg,R-M02,REVIEW,SKIP,"media-master.csv:multimedia/imagenes/productos/4357a19340ef40ab6163db337d8b5e7ec3d053da.jpg usage_type=IMAGE_APPARENTLY_UNUSED|DERIVED original_ids=523|980",APPLIED
media,asset:multimedia/imagenes/productos/4406fb027698c739ef14e6a5bacdc7f4e93d734c.jpg,R-M02,REVIEW,SKIP,"media-master.csv:multimedia/imagenes/productos/4406fb027698c739ef14e6a5bacdc7f4e93d734c.jpg usage_type=IMAGE_APPARENTLY_UNUSED|DERIVED original_ids=1311",APPLIED
media,asset:multimedia/imagenes/productos/4434ff7aea86fec07a141d71a85268e08e168a29.png,R-M02,REVIEW,SKIP,"media-master.csv:multimedia/imagenes/productos/4434ff7aea86fec07a141d71a85268e08e168a29.png usage_type=IMAGE_APPARENTLY_UNUSED|DERIVED original_ids=442",APPLIED
media,asset:multimedia/imagenes/productos/44ac3521931e4d2dcafba68cfd2c41aeb5e26c3e.jpg,R-M02,REVIEW,SKIP,"media-master.csv:multimedia/imagenes/productos/44ac3521931e4d2dcafba68cfd2c41aeb5e26c3e.jpg usage_type=IMAGE_APPARENTLY_UNUSED|DERIVED original_ids=1281",APPLIED
media,asset:multimedia/imagenes/productos/45d713cde881c08fdfe7de02ac8aa51d7e531ced.jpg,R-M02,REVIEW,SKIP,"media-master.csv:multimedia/imagenes/productos/45d713cde881c08fdfe7de02ac8aa51d7e531ced.jpg usage_type=IMAGE_APPARENTLY_UNUSED|DERIVED original_ids=672",APPLIED
media,asset:multimedia/imagenes/productos/4642ed1152768003ba74c0c5b07deb1b7b6d25b5.jpg,R-M02,REVIEW,SKIP,"media-master.csv:multimedia/imagenes/productos/4642ed1152768003ba74c0c5b07deb1b7b6d25b5.jpg usage_type=IMAGE_APPARENTLY_UNUSED|DERIVED original_ids=1063|1138|429",APPLIED
media,asset:multimedia/imagenes/productos/4743716b36d08853d49c8cdb4c43b932ec851f53.jpg,R-M02,REVIEW,SKIP,"media-master.csv:multimedia/imagenes/productos/4743716b36d08853d49c8cdb4c43b932ec851f53.jpg usage_type=IMAGE_APPARENTLY_UNUSED|DERIVED original_ids=1199|31|351",APPLIED
media,asset:multimedia/imagenes/productos/476685f62c2d46101267f755f04931bb48b3dc82.jpg,R-M02,REVIEW,SKIP,"media-master.csv:multimedia/imagenes/productos/476685f62c2d46101267f755f04931bb48b3dc82.jpg usage_type=IMAGE_APPARENTLY_UNUSED|DERIVED original_ids=1101|854",APPLIED
media,asset:multimedia/imagenes/productos/48325261167d432351dad676bff7c16cd9e86288.jpg,R-M02,REVIEW,SKIP,"media-master.csv:multimedia/imagenes/productos/48325261167d432351dad676bff7c16cd9e86288.jpg usage_type=IMAGE_APPARENTLY_UNUSED|DERIVED original_ids=1347",APPLIED
media,asset:multimedia/imagenes/productos/4911685e183f98f36a50b93623e832760fda25e3.jpg,R-M02,REVIEW,SKIP,"media-master.csv:multimedia/imagenes/productos/4911685e183f98f36a50b93623e832760fda25e3.jpg usage_type=IMAGE_APPARENTLY_UNUSED|DERIVED original_ids=309|658",APPLIED
media,asset:multimedia/imagenes/productos/4a6235652183c35e5494d0c195b3ac47ac6724ac.png,R-M02,REVIEW,SKIP,"media-master.csv:multimedia/imagenes/productos/4a6235652183c35e5494d0c195b3ac47ac6724ac.png usage_type=IMAGE_APPARENTLY_UNUSED|DERIVED original_ids=1273",APPLIED
media,asset:multimedia/imagenes/productos/4b0b677e883dd5de081a2d9ff85461e245cf7818.jpg,R-M02,REVIEW,SKIP,"media-master.csv:multimedia/imagenes/productos/4b0b677e883dd5de081a2d9ff85461e245cf7818.jpg usage_type=IMAGE_APPARENTLY_UNUSED|DERIVED|EXACT_DUPLICATE_BYTES original_ids=331",APPLIED
media,asset:multimedia/imagenes/productos/4b235e91a9fa2cb3ad18fdfbe497b568a73c5cd0.jpg,R-M02,REVIEW,SKIP,"media-master.csv:multimedia/imagenes/productos/4b235e91a9fa2cb3ad18fdfbe497b568a73c5cd0.jpg usage_type=IMAGE_APPARENTLY_UNUSED|DERIVED original_ids=622",APPLIED
media,asset:multimedia/imagenes/productos/4bf99ece8dcaab3c76de410407dec23791362fdf.jpg,R-M02,REVIEW,SKIP,"media-master.csv:multimedia/imagenes/productos/4bf99ece8dcaab3c76de410407dec23791362fdf.jpg usage_type=IMAGE_APPARENTLY_UNUSED|DERIVED original_ids=23|290|5",APPLIED
media,asset:multimedia/imagenes/productos/4cecb81fc859ba53c31452341aa945cb0a739f32.png,R-M02,REVIEW,SKIP,"media-master.csv:multimedia/imagenes/productos/4cecb81fc859ba53c31452341aa945cb0a739f32.png usage_type=IMAGE_APPARENTLY_UNUSED|DERIVED|EXACT_DUPLICATE_BYTES original_ids=1004|399",APPLIED
media,asset:multimedia/imagenes/productos/4d0ddcbbada428d5368d6c828e1d7163df14ae17.png,R-M02,REVIEW,SKIP,"media-master.csv:multimedia/imagenes/productos/4d0ddcbbada428d5368d6c828e1d7163df14ae17.png usage_type=IMAGE_APPARENTLY_UNUSED|DERIVED original_ids=1227|556",APPLIED
media,asset:multimedia/imagenes/productos/4d3bfd79506fa9d7190c8ca0b8ba4d82ac297d97.png,R-M02,REVIEW,SKIP,"media-master.csv:multimedia/imagenes/productos/4d3bfd79506fa9d7190c8ca0b8ba4d82ac297d97.png usage_type=IMAGE_APPARENTLY_UNUSED|DERIVED original_ids=222|957",APPLIED
media,asset:multimedia/imagenes/productos/4d73098f5327e7ce4890772979ba03966a360ed8.jpg,R-M02,REVIEW,SKIP,"media-master.csv:multimedia/imagenes/productos/4d73098f5327e7ce4890772979ba03966a360ed8.jpg usage_type=IMAGE_APPARENTLY_UNUSED|DERIVED original_ids=1190|370",APPLIED
media,asset:multimedia/imagenes/productos/4e40cc3f9f388aa75157cc5b3399373b0e91e446.png,R-M02,REVIEW,SKIP,"media-master.csv:multimedia/imagenes/productos/4e40cc3f9f388aa75157cc5b3399373b0e91e446.png usage_type=IMAGE_APPARENTLY_UNUSED|DERIVED original_ids=910",APPLIED
media,asset:multimedia/imagenes/productos/4eca310cc3433d683c530871e5634860b9e990f3.png,R-M02,REVIEW,SKIP,"media-master.csv:multimedia/imagenes/productos/4eca310cc3433d683c530871e5634860b9e990f3.png usage_type=IMAGE_APPARENTLY_UNUSED|DERIVED original_ids=210|945",APPLIED
media,asset:multimedia/imagenes/productos/4f0398410bf458e634bf79fbbbe4562f8fd6606e.jpg,R-M02,REVIEW,SKIP,"media-master.csv:multimedia/imagenes/productos/4f0398410bf458e634bf79fbbbe4562f8fd6606e.jpg usage_type=IMAGE_APPARENTLY_UNUSED|DERIVED original_ids=1307",APPLIED
media,asset:multimedia/imagenes/productos/4fc40be08139f1febff06270ab8b0502b646818f.png,R-M02,REVIEW,SKIP,"media-master.csv:multimedia/imagenes/productos/4fc40be08139f1febff06270ab8b0502b646818f.png usage_type=IMAGE_APPARENTLY_UNUSED|DERIVED original_ids=342",APPLIED
media,asset:multimedia/imagenes/productos/5009b2f9d47480fb31c2e641df85371312a8249d.jpg,R-M02,REVIEW,SKIP,"media-master.csv:multimedia/imagenes/productos/5009b2f9d47480fb31c2e641df85371312a8249d.jpg usage_type=IMAGE_APPARENTLY_UNUSED|DERIVED original_ids=1331",APPLIED
media,asset:multimedia/imagenes/productos/50cfec2d9de5136629facb8b5633d4a6fe64327e.png,R-M02,REVIEW,SKIP,"media-master.csv:multimedia/imagenes/productos/50cfec2d9de5136629facb8b5633d4a6fe64327e.png usage_type=IMAGE_APPARENTLY_UNUSED|DERIVED original_ids=1033|1110|383",APPLIED
media,asset:multimedia/imagenes/productos/51de3a9e990c9f046e4b5ca22b2b8612019f83e3.png,R-M02,REVIEW,SKIP,"media-master.csv:multimedia/imagenes/productos/51de3a9e990c9f046e4b5ca22b2b8612019f83e3.png usage_type=IMAGE_APPARENTLY_UNUSED|DERIVED original_ids=897",APPLIED
media,asset:multimedia/imagenes/productos/529d7a807f56271c4853d6eba64a97f2756f47ce.png,R-M02,REVIEW,SKIP,"media-master.csv:multimedia/imagenes/productos/529d7a807f56271c4853d6eba64a97f2756f47ce.png usage_type=IMAGE_APPARENTLY_UNUSED|DERIVED|EXACT_DUPLICATE_BYTES original_ids=1185|608|816",APPLIED
media,asset:multimedia/imagenes/productos/536497b6c264eca5859f84faf0149c037a5a6bdb.jpg,R-M02,REVIEW,SKIP,"media-master.csv:multimedia/imagenes/productos/536497b6c264eca5859f84faf0149c037a5a6bdb.jpg usage_type=IMAGE_APPARENTLY_UNUSED|DERIVED original_ids=677",APPLIED
media,asset:multimedia/imagenes/productos/540a2be0cf0994bf1ae8ad1b2e67815349c3cd9b.jpg,R-M02,REVIEW,SKIP,"media-master.csv:multimedia/imagenes/productos/540a2be0cf0994bf1ae8ad1b2e67815349c3cd9b.jpg usage_type=IMAGE_APPARENTLY_UNUSED|DERIVED original_ids=165|966|975|999",APPLIED
media,asset:multimedia/imagenes/productos/543eaaab76bc549379fd94c1aff9864355059b4c.jpg,R-M02,REVIEW,SKIP,"media-master.csv:multimedia/imagenes/productos/543eaaab76bc549379fd94c1aff9864355059b4c.jpg usage_type=IMAGE_APPARENTLY_UNUSED|DERIVED|EXACT_DUPLICATE_BYTES original_ids=1204|347",APPLIED
media,asset:multimedia/imagenes/productos/5620c485cab13e4fffe4a92915c2a59cdc0d9568.jpg,R-M02,REVIEW,SKIP,"media-master.csv:multimedia/imagenes/productos/5620c485cab13e4fffe4a92915c2a59cdc0d9568.jpg usage_type=IMAGE_APPARENTLY_UNUSED|DERIVED original_ids=1343",APPLIED
media,asset:multimedia/imagenes/productos/58dc1d2dbaadaa2816e71e6fc041f1eae8d7d377.jpg,R-M02,REVIEW,SKIP,"media-master.csv:multimedia/imagenes/productos/58dc1d2dbaadaa2816e71e6fc041f1eae8d7d377.jpg usage_type=IMAGE_APPARENTLY_UNUSED|DERIVED original_ids=712",APPLIED
media,asset:multimedia/imagenes/productos/58e5d2e38e187ac63cee47832de27cc5311ca6ae.jpg,R-M02,REVIEW,SKIP,"media-master.csv:multimedia/imagenes/productos/58e5d2e38e187ac63cee47832de27cc5311ca6ae.jpg usage_type=IMAGE_APPARENTLY_UNUSED|DERIVED original_ids=677",APPLIED
media,asset:multimedia/imagenes/productos/5931b170616883ff7c0595afe5431784a569f9d2.jpg,R-M02,REVIEW,SKIP,"media-master.csv:multimedia/imagenes/productos/5931b170616883ff7c0595afe5431784a569f9d2.jpg usage_type=IMAGE_APPARENTLY_UNUSED|DERIVED|EXACT_DUPLICATE_BYTES original_ids=1092|227|839",APPLIED
media,asset:multimedia/imagenes/productos/595ea955dd030ad539fadcfa379b8e9852cd302f.jpg,R-M02,REVIEW,SKIP,"media-master.csv:multimedia/imagenes/productos/595ea955dd030ad539fadcfa379b8e9852cd302f.jpg usage_type=IMAGE_APPARENTLY_UNUSED|DERIVED original_ids=1323",APPLIED
media,asset:multimedia/imagenes/productos/59ee5b00020d7527a80ee77203c8884711dfd0b9.jpg,R-M02,REVIEW,SKIP,"media-master.csv:multimedia/imagenes/productos/59ee5b00020d7527a80ee77203c8884711dfd0b9.jpg usage_type=IMAGE_APPARENTLY_UNUSED|DERIVED original_ids=458",APPLIED
media,asset:multimedia/imagenes/productos/5add6505503d9089d6ac437762bdd04a0940eb1f.png,R-M02,REVIEW,SKIP,"media-master.csv:multimedia/imagenes/productos/5add6505503d9089d6ac437762bdd04a0940eb1f.png usage_type=IMAGE_APPARENTLY_UNUSED|DERIVED original_ids=442",APPLIED
media,asset:multimedia/imagenes/productos/5bac733585cf56045e63f781ce1bc1fb5c7a2f02.jpg,R-M02,REVIEW,SKIP,"media-master.csv:multimedia/imagenes/productos/5bac733585cf56045e63f781ce1bc1fb5c7a2f02.jpg usage_type=IMAGE_APPARENTLY_UNUSED|DERIVED original_ids=668",APPLIED
media,asset:multimedia/imagenes/productos/5c05ee88500e24495e6b148467b18d61a10ff979.jpg,R-M02,REVIEW,SKIP,"media-master.csv:multimedia/imagenes/productos/5c05ee88500e24495e6b148467b18d61a10ff979.jpg usage_type=IMAGE_APPARENTLY_UNUSED|DERIVED original_ids=1029|1106|379",APPLIED
media,asset:multimedia/imagenes/productos/5c7c6f83fb42d67c0102dbfa919bc3a0c8ea3890.jpg,R-M02,REVIEW,SKIP,"media-master.csv:multimedia/imagenes/productos/5c7c6f83fb42d67c0102dbfa919bc3a0c8ea3890.jpg usage_type=IMAGE_APPARENTLY_UNUSED|DERIVED original_ids=1323",APPLIED
media,asset:multimedia/imagenes/productos/5cc2626d12d8450fb7e4f62aeabe8fb51b4cd86c.png,R-M02,REVIEW,SKIP,"media-master.csv:multimedia/imagenes/productos/5cc2626d12d8450fb7e4f62aeabe8fb51b4cd86c.png usage_type=IMAGE_APPARENTLY_UNUSED|DERIVED original_ids=179|269|314",APPLIED
media,asset:multimedia/imagenes/productos/5cd6433ef2edae6a6abdf858695056fa2165df91.jpg,R-M02,REVIEW,SKIP,"media-master.csv:multimedia/imagenes/productos/5cd6433ef2edae6a6abdf858695056fa2165df91.jpg usage_type=IMAGE_APPARENTLY_UNUSED|DERIVED original_ids=1277",APPLIED
media,asset:multimedia/imagenes/productos/5d7f8577a66b71c3ccef34992f6322a97d635b98.png,R-M02,REVIEW,SKIP,"media-master.csv:multimedia/imagenes/productos/5d7f8577a66b71c3ccef34992f6322a97d635b98.png usage_type=IMAGE_APPARENTLY_UNUSED|DERIVED original_ids=183|273|318|928",APPLIED
media,asset:multimedia/imagenes/productos/5de4b6f6c1d4e0bbfdade16e162212de1fedd80e.jpg,R-M02,REVIEW,SKIP,"media-master.csv:multimedia/imagenes/productos/5de4b6f6c1d4e0bbfdade16e162212de1fedd80e.jpg usage_type=IMAGE_APPARENTLY_UNUSED|DERIVED original_ids=463",APPLIED
media,asset:multimedia/imagenes/productos/5e95f93e4a7a55bfdab2fd76aed14f397358276a.jpg,R-M02,REVIEW,SKIP,"media-master.csv:multimedia/imagenes/productos/5e95f93e4a7a55bfdab2fd76aed14f397358276a.jpg usage_type=IMAGE_APPARENTLY_UNUSED|DERIVED original_ids=1092|227|839",APPLIED
media,asset:multimedia/imagenes/productos/5f22de99218236eb32a78da6b5edbafe88208156.jpg,R-M02,REVIEW,SKIP,"media-master.csv:multimedia/imagenes/productos/5f22de99218236eb32a78da6b5edbafe88208156.jpg usage_type=IMAGE_APPARENTLY_UNUSED|DERIVED original_ids=241",APPLIED
media,asset:multimedia/imagenes/productos/5f6312fb7f17ca6b7e1fb32782f42179e5637833.jpg,R-M02,REVIEW,SKIP,"media-master.csv:multimedia/imagenes/productos/5f6312fb7f17ca6b7e1fb32782f42179e5637833.jpg usage_type=IMAGE_APPARENTLY_UNUSED|DERIVED original_ids=849",APPLIED
media,asset:multimedia/imagenes/productos/60999055540f90481b64e6ba1583e2b59dd548aa.jpg,R-M02,REVIEW,SKIP,"media-master.csv:multimedia/imagenes/productos/60999055540f90481b64e6ba1583e2b59dd548aa.jpg usage_type=IMAGE_APPARENTLY_UNUSED|DERIVED original_ids=682",APPLIED
media,asset:multimedia/imagenes/productos/611161cc4d5ac8087622e4578c8f8fda16a93656.jpg,R-M02,REVIEW,SKIP,"media-master.csv:multimedia/imagenes/productos/611161cc4d5ac8087622e4578c8f8fda16a93656.jpg usage_type=IMAGE_APPARENTLY_UNUSED|DERIVED original_ids=1323",APPLIED
media,asset:multimedia/imagenes/productos/618785c023d718b0e8357963ac8eebb74c7898b5.jpg,R-M02,REVIEW,SKIP,"media-master.csv:multimedia/imagenes/productos/618785c023d718b0e8357963ac8eebb74c7898b5.jpg usage_type=IMAGE_APPARENTLY_UNUSED|DERIVED original_ids=494|914",APPLIED
media,asset:multimedia/imagenes/productos/622749dd557a8fdfe55e3576a14e9b8c3d9ad079.jpg,R-M02,REVIEW,SKIP,"media-master.csv:multimedia/imagenes/productos/622749dd557a8fdfe55e3576a14e9b8c3d9ad079.jpg usage_type=IMAGE_APPARENTLY_UNUSED|DERIVED original_ids=821",APPLIED
media,asset:multimedia/imagenes/productos/626b932f23ecb2f6b91ff0a037fc58e415c2d4cc.png,R-M02,REVIEW,SKIP,"media-master.csv:multimedia/imagenes/productos/626b932f23ecb2f6b91ff0a037fc58e415c2d4cc.png usage_type=IMAGE_APPARENTLY_UNUSED|DERIVED original_ids=1067|1142|433",APPLIED
media,asset:multimedia/imagenes/productos/6289170103009cfee50408d11cacac9708d82806.jpg,R-M02,REVIEW,SKIP,"media-master.csv:multimedia/imagenes/productos/6289170103009cfee50408d11cacac9708d82806.jpg usage_type=IMAGE_APPARENTLY_UNUSED|DERIVED original_ids=1051|1147|446",APPLIED
media,asset:multimedia/imagenes/productos/62d26b7dcc4290671a007978a3e7cb7893218226.jpg,R-M02,REVIEW,SKIP,"media-master.csv:multimedia/imagenes/productos/62d26b7dcc4290671a007978a3e7cb7893218226.jpg usage_type=IMAGE_APPARENTLY_UNUSED|DERIVED original_ids=1164|583|795",APPLIED
media,asset:multimedia/imagenes/productos/62d943726dc9248bcecb881e4238bef41440e6b2.jpg,R-M02,REVIEW,SKIP,"media-master.csv:multimedia/imagenes/productos/62d943726dc9248bcecb881e4238bef41440e6b2.jpg usage_type=IMAGE_APPARENTLY_UNUSED|DERIVED original_ids=196|825",APPLIED
media,asset:multimedia/imagenes/productos/63250203bce2392674f8bf2ea89488f2786d4d00.jpg,R-M02,REVIEW,SKIP,"media-master.csv:multimedia/imagenes/productos/63250203bce2392674f8bf2ea89488f2786d4d00.jpg usage_type=IMAGE_APPARENTLY_UNUSED|DERIVED original_ids=472",APPLIED
media,asset:multimedia/imagenes/productos/63a44e441e6322104e91acf59e088fc8b348c19b.png,R-M02,REVIEW,SKIP,"media-master.csv:multimedia/imagenes/productos/63a44e441e6322104e91acf59e088fc8b348c19b.png usage_type=IMAGE_APPARENTLY_UNUSED|DERIVED original_ids=1250",APPLIED
media,asset:multimedia/imagenes/productos/63b500748d5fe6d0086ba850d23daea89cd2fbaa.png,R-M02,REVIEW,SKIP,"media-master.csv:multimedia/imagenes/productos/63b500748d5fe6d0086ba850d23daea89cd2fbaa.png usage_type=IMAGE_APPARENTLY_UNUSED|DERIVED original_ids=1264|565",APPLIED
media,asset:multimedia/imagenes/productos/646f99b1933cc2e423e4d1e88692bb89e86f6b77.png,R-M02,REVIEW,SKIP,"media-master.csv:multimedia/imagenes/productos/646f99b1933cc2e423e4d1e88692bb89e86f6b77.png usage_type=IMAGE_APPARENTLY_UNUSED|DERIVED original_ids=187|277|322|932",APPLIED
media,asset:multimedia/imagenes/productos/65557ad77eb8e58c61a3e33bd77415b1b99d170a.jpg,R-M02,REVIEW,SKIP,"media-master.csv:multimedia/imagenes/productos/65557ad77eb8e58c61a3e33bd77415b1b99d170a.jpg usage_type=IMAGE_APPARENTLY_UNUSED|DERIVED|EXACT_DUPLICATE_BYTES original_ids=201|663",APPLIED
media,asset:multimedia/imagenes/productos/656c144674ca8d44dd405dcf66272623460a485a.jpg,R-M02,REVIEW,SKIP,"media-master.csv:multimedia/imagenes/productos/656c144674ca8d44dd405dcf66272623460a485a.jpg usage_type=IMAGE_APPARENTLY_UNUSED|DERIVED original_ids=687",APPLIED
media,asset:multimedia/imagenes/productos/665bcd53983f55be82e461e9dc6e6866386addf7.jpg,R-M02,REVIEW,SKIP,"media-master.csv:multimedia/imagenes/productos/665bcd53983f55be82e461e9dc6e6866386addf7.jpg usage_type=IMAGE_APPARENTLY_UNUSED|DERIVED original_ids=1285",APPLIED
media,asset:multimedia/imagenes/productos/66628775e123bafe97a33637e88f89ed833991b6.jpg,R-M02,REVIEW,SKIP,"media-master.csv:multimedia/imagenes/productos/66628775e123bafe97a33637e88f89ed833991b6.jpg usage_type=IMAGE_APPARENTLY_UNUSED|DERIVED original_ids=472",APPLIED
media,asset:multimedia/imagenes/productos/674caecb7326ffc8ddf2d325246d210f8fa940e0.jpg,R-M02,REVIEW,SKIP,"media-master.csv:multimedia/imagenes/productos/674caecb7326ffc8ddf2d325246d210f8fa940e0.jpg usage_type=IMAGE_APPARENTLY_UNUSED|DERIVED original_ids=1242",APPLIED
media,asset:multimedia/imagenes/productos/6813e7276875642a24944a7efd22a0e67d49f904.jpg,R-M02,REVIEW,SKIP,"media-master.csv:multimedia/imagenes/productos/6813e7276875642a24944a7efd22a0e67d49f904.jpg usage_type=IMAGE_APPARENTLY_UNUSED|DERIVED original_ids=622",APPLIED
media,asset:multimedia/imagenes/productos/682657c8de97da3a1047feeaafee8519911cb43a.jpg,R-M02,REVIEW,SKIP,"media-master.csv:multimedia/imagenes/productos/682657c8de97da3a1047feeaafee8519911cb43a.jpg usage_type=IMAGE_APPARENTLY_UNUSED|DERIVED original_ids=770",APPLIED
media,asset:multimedia/imagenes/productos/6826ff3b4e0336f25ef6df2f0a6ccb21358242d8.jpg,R-M02,REVIEW,SKIP,"media-master.csv:multimedia/imagenes/productos/6826ff3b4e0336f25ef6df2f0a6ccb21358242d8.jpg usage_type=IMAGE_APPARENTLY_UNUSED|DERIVED original_ids=543|636",APPLIED
media,asset:multimedia/imagenes/productos/6aa14c2ecbd51294160da91cd0916109846e0a65.jpg,R-M02,REVIEW,SKIP,"media-master.csv:multimedia/imagenes/productos/6aa14c2ecbd51294160da91cd0916109846e0a65.jpg usage_type=IMAGE_APPARENTLY_UNUSED|DERIVED original_ids=1232|337",APPLIED
media,asset:multimedia/imagenes/productos/6aa5d20e2efe6c1dd97a227c7a219d730f70c192.png,R-M02,REVIEW,SKIP,"media-master.csv:multimedia/imagenes/productos/6aa5d20e2efe6c1dd97a227c7a219d730f70c192.png usage_type=IMAGE_APPARENTLY_UNUSED|DERIVED original_ids=1177|596|604|808",APPLIED
media,asset:multimedia/imagenes/productos/6b6a3381e7119fee7708c3960cc47ecc23d38cf1.jpg,R-M02,REVIEW,SKIP,"media-master.csv:multimedia/imagenes/productos/6b6a3381e7119fee7708c3960cc47ecc23d38cf1.jpg usage_type=IMAGE_APPARENTLY_UNUSED|DERIVED original_ids=1347",APPLIED
media,asset:multimedia/imagenes/productos/6b73bf5ce3737a2265482b743489b867d26ce2aa.jpg,R-M02,REVIEW,SKIP,"media-master.csv:multimedia/imagenes/productos/6b73bf5ce3737a2265482b743489b867d26ce2aa.jpg usage_type=IMAGE_APPARENTLY_UNUSED|DERIVED original_ids=687",APPLIED
media,asset:multimedia/imagenes/productos/6de120e531d503ef15a88584ccab19737a1fec2d.png,R-M02,REVIEW,SKIP,"media-master.csv:multimedia/imagenes/productos/6de120e531d503ef15a88584ccab19737a1fec2d.png usage_type=IMAGE_APPARENTLY_UNUSED|DERIVED original_ids=1033|1110|383",APPLIED
media,asset:multimedia/imagenes/productos/6e687c582f58cf21b2e5a940d4446f235ba87f98.jpg,R-M02,REVIEW,SKIP,"media-master.csv:multimedia/imagenes/productos/6e687c582f58cf21b2e5a940d4446f235ba87f98.jpg usage_type=IMAGE_APPARENTLY_UNUSED|DERIVED original_ids=717",APPLIED
media,asset:multimedia/imagenes/productos/6e95107626de4887bdb45dc2efc9f5e0b7426128.jpg,R-M02,REVIEW,SKIP,"media-master.csv:multimedia/imagenes/productos/6e95107626de4887bdb45dc2efc9f5e0b7426128.jpg usage_type=IMAGE_APPARENTLY_UNUSED|DERIVED original_ids=1181|600|812",APPLIED
media,asset:multimedia/imagenes/productos/6ea83375b5b30c2cd850bc5c21ac3a23957ab2ab.jpg,R-M02,REVIEW,SKIP,"media-master.csv:multimedia/imagenes/productos/6ea83375b5b30c2cd850bc5c21ac3a23957ab2ab.jpg usage_type=IMAGE_APPARENTLY_UNUSED|DERIVED original_ids=264|649",APPLIED
media,asset:multimedia/imagenes/productos/6f1b90c641def732999f21f5a2340187e2916e8b.jpg,R-M02,REVIEW,SKIP,"media-master.csv:multimedia/imagenes/productos/6f1b90c641def732999f21f5a2340187e2916e8b.jpg usage_type=IMAGE_APPARENTLY_UNUSED|DERIVED original_ids=255",APPLIED
media,asset:multimedia/imagenes/productos/70113ec275788e2feb2023b85ec44ecff568c251.jpg,R-M02,REVIEW,SKIP,"media-master.csv:multimedia/imagenes/productos/70113ec275788e2feb2023b85ec44ecff568c251.jpg usage_type=IMAGE_APPARENTLY_UNUSED|DERIVED original_ids=309|658",APPLIED
media,asset:multimedia/imagenes/productos/71c8fe2c6f4f4bdd7453fe1e52ceedb926a80acc.png,R-M02,REVIEW,SKIP,"media-master.csv:multimedia/imagenes/productos/71c8fe2c6f4f4bdd7453fe1e52ceedb926a80acc.png usage_type=IMAGE_APPARENTLY_UNUSED|DERIVED original_ids=1194|374",APPLIED
media,asset:multimedia/imagenes/productos/72733c2cb237a3a77b1f8bf8ec06097f120c7564.jpg,R-M02,REVIEW,SKIP,"media-master.csv:multimedia/imagenes/productos/72733c2cb237a3a77b1f8bf8ec06097f120c7564.jpg usage_type=IMAGE_APPARENTLY_UNUSED|DERIVED original_ids=702",APPLIED
media,asset:multimedia/imagenes/productos/72c3b8aac9b6b58deb2e1aaede5ea967d312b5a1.png,R-M02,REVIEW,SKIP,"media-master.csv:multimedia/imagenes/productos/72c3b8aac9b6b58deb2e1aaede5ea967d312b5a1.png usage_type=IMAGE_APPARENTLY_UNUSED|DERIVED|EXACT_DUPLICATE_BYTES original_ids=342",APPLIED
media,asset:multimedia/imagenes/productos/72d25f09a4495f344dec068d5fbe9d33413ffcf6.jpg,R-M02,REVIEW,SKIP,"media-master.csv:multimedia/imagenes/productos/72d25f09a4495f344dec068d5fbe9d33413ffcf6.jpg usage_type=IMAGE_APPARENTLY_UNUSED|DERIVED original_ids=707",APPLIED
media,asset:multimedia/imagenes/productos/731eb212cbe0a722435c6a67934e969523ba8c4d.jpg,R-M02,REVIEW,SKIP,"media-master.csv:multimedia/imagenes/productos/731eb212cbe0a722435c6a67934e969523ba8c4d.jpg usage_type=IMAGE_APPARENTLY_UNUSED|DERIVED original_ids=677",APPLIED
media,asset:multimedia/imagenes/productos/73e404c9ef4bc5a5e6a3576c4f2c0f7ed9b44fda.jpg,R-M02,REVIEW,SKIP,"media-master.csv:multimedia/imagenes/productos/73e404c9ef4bc5a5e6a3576c4f2c0f7ed9b44fda.jpg usage_type=IMAGE_APPARENTLY_UNUSED|DERIVED|EXACT_DUPLICATE_BYTES original_ids=1014|1120|389",APPLIED
media,asset:multimedia/imagenes/productos/74507ae94cff98731effabf706deae73d4b1d8f3.jpg,R-M02,REVIEW,SKIP,"media-master.csv:multimedia/imagenes/productos/74507ae94cff98731effabf706deae73d4b1d8f3.jpg usage_type=IMAGE_APPARENTLY_UNUSED|DERIVED original_ids=1281",APPLIED
media,asset:multimedia/imagenes/productos/7481d4a76f23ac2c34ac82c13892b3dde6fc604c.png,R-M02,REVIEW,SKIP,"media-master.csv:multimedia/imagenes/productos/7481d4a76f23ac2c34ac82c13892b3dde6fc604c.png usage_type=IMAGE_APPARENTLY_UNUSED|DERIVED original_ids=1177|596|604|808",APPLIED
media,asset:multimedia/imagenes/productos/749a64a1b5a022481a5875a97f07f39180a94bd2.jpg,R-M02,REVIEW,SKIP,"media-master.csv:multimedia/imagenes/productos/749a64a1b5a022481a5875a97f07f39180a94bd2.jpg usage_type=IMAGE_APPARENTLY_UNUSED|DERIVED original_ids=476|892",APPLIED
media,asset:multimedia/imagenes/productos/74cfd4f08b1a8b5238a7148acfab6dab1e6c7f94.jpg,R-M02,REVIEW,SKIP,"media-master.csv:multimedia/imagenes/productos/74cfd4f08b1a8b5238a7148acfab6dab1e6c7f94.jpg usage_type=IMAGE_APPARENTLY_UNUSED|DERIVED original_ids=296",APPLIED
media,asset:multimedia/imagenes/productos/761065a2f27748a3376d17668e7d9485dd446334.png,R-M02,REVIEW,SKIP,"media-master.csv:multimedia/imagenes/productos/761065a2f27748a3376d17668e7d9485dd446334.png usage_type=IMAGE_APPARENTLY_UNUSED|DERIVED original_ids=210|945",APPLIED
media,asset:multimedia/imagenes/productos/7626d89018ac9822562ce986261c7a193d64233b.jpg,R-M02,REVIEW,SKIP,"media-master.csv:multimedia/imagenes/productos/7626d89018ac9822562ce986261c7a193d64233b.jpg usage_type=IMAGE_APPARENTLY_UNUSED|DERIVED original_ids=40",APPLIED
media,asset:multimedia/imagenes/productos/766cf7f51176f1922ff47227ff15528263c506e4.jpg,R-M02,REVIEW,SKIP,"media-master.csv:multimedia/imagenes/productos/766cf7f51176f1922ff47227ff15528263c506e4.jpg usage_type=IMAGE_APPARENTLY_UNUSED|DERIVED original_ids=468",APPLIED
media,asset:multimedia/imagenes/productos/767f11dc0883082b81f4eaae35d90e9039cb5f91.jpg,R-M02,REVIEW,SKIP,"media-master.csv:multimedia/imagenes/productos/767f11dc0883082b81f4eaae35d90e9039cb5f91.jpg usage_type=IMAGE_APPARENTLY_UNUSED|DERIVED original_ids=286",APPLIED
media,asset:multimedia/imagenes/productos/76e3890393102cb6b12439fa59fcd3daf697c4b0.jpg,R-M02,REVIEW,SKIP,"media-master.csv:multimedia/imagenes/productos/76e3890393102cb6b12439fa59fcd3daf697c4b0.jpg usage_type=IMAGE_APPARENTLY_UNUSED|DERIVED original_ids=821",APPLIED
media,asset:multimedia/imagenes/productos/777af8715ec59c1dd9f57debbfbc9d39057ed698.png,R-M02,REVIEW,SKIP,"media-master.csv:multimedia/imagenes/productos/777af8715ec59c1dd9f57debbfbc9d39057ed698.png usage_type=IMAGE_APPARENTLY_UNUSED|DERIVED original_ids=1077|1087|538|730",APPLIED
media,asset:multimedia/imagenes/productos/77b0c6ec1387c0e3bd2b4267590e989a9fe2edde.jpg,R-M02,REVIEW,SKIP,"media-master.csv:multimedia/imagenes/productos/77b0c6ec1387c0e3bd2b4267590e989a9fe2edde.jpg usage_type=IMAGE_APPARENTLY_UNUSED|DERIVED original_ids=305",APPLIED
media,asset:multimedia/imagenes/productos/786cb4ffd9d80545d703ef6dcf3b4a550a974bbf.jpg,R-M02,REVIEW,SKIP,"media-master.csv:multimedia/imagenes/productos/786cb4ffd9d80545d703ef6dcf3b4a550a974bbf.jpg usage_type=IMAGE_APPARENTLY_UNUSED|DERIVED|EXACT_DUPLICATE_BYTES original_ids=331",APPLIED
media,asset:multimedia/imagenes/productos/78badd13084d652203832ca46c50be6692d62efe.jpg,R-M02,REVIEW,SKIP,"media-master.csv:multimedia/imagenes/productos/78badd13084d652203832ca46c50be6692d62efe.jpg usage_type=IMAGE_APPARENTLY_UNUSED|DERIVED original_ids=23|290|5",APPLIED
media,asset:multimedia/imagenes/productos/7937b9a56ffe3e173f0425809ef4acbfe2f9f899.jpg,R-M02,REVIEW,SKIP,"media-master.csv:multimedia/imagenes/productos/7937b9a56ffe3e173f0425809ef4acbfe2f9f899.jpg usage_type=IMAGE_APPARENTLY_UNUSED|DERIVED original_ids=697",APPLIED
media,asset:multimedia/imagenes/productos/79cdf0e6a43fdbc9712b705c316f770fff9e16a0.png,R-M02,REVIEW,SKIP,"media-master.csv:multimedia/imagenes/productos/79cdf0e6a43fdbc9712b705c316f770fff9e16a0.png usage_type=IMAGE_APPARENTLY_UNUSED|DERIVED original_ids=1055|1151|450",APPLIED
media,asset:multimedia/imagenes/productos/7ab9760f7762d7108333bc8929244dabaf5a1a80.jpg,R-M02,REVIEW,SKIP,"media-master.csv:multimedia/imagenes/productos/7ab9760f7762d7108333bc8929244dabaf5a1a80.jpg usage_type=IMAGE_APPARENTLY_UNUSED|DERIVED original_ids=834",APPLIED
media,asset:multimedia/imagenes/productos/7b45855c9264b960d0a1874234a482c72e0a903f.png,R-M02,REVIEW,SKIP,"media-master.csv:multimedia/imagenes/productos/7b45855c9264b960d0a1874234a482c72e0a903f.png usage_type=IMAGE_APPARENTLY_UNUSED|DERIVED original_ids=1096|231",APPLIED
media,asset:multimedia/imagenes/productos/7c0fd576dfab73127ba2b6a7680e6f9c1a12c5d3.jpg,R-M02,REVIEW,SKIP,"media-master.csv:multimedia/imagenes/productos/7c0fd576dfab73127ba2b6a7680e6f9c1a12c5d3.jpg usage_type=IMAGE_APPARENTLY_UNUSED|DERIVED original_ids=654",APPLIED
media,asset:multimedia/imagenes/productos/7c63d98e2de25e70435ec7a20697ac9b55f459c4.jpg,R-M02,REVIEW,SKIP,"media-master.csv:multimedia/imagenes/productos/7c63d98e2de25e70435ec7a20697ac9b55f459c4.jpg usage_type=IMAGE_APPARENTLY_UNUSED|DERIVED original_ids=1256",APPLIED
media,asset:multimedia/imagenes/productos/7cc0adccf35d29a0f5c19f48b83b45f5d22a9fa2.jpg,R-M02,REVIEW,SKIP,"media-master.csv:multimedia/imagenes/productos/7cc0adccf35d29a0f5c19f48b83b45f5d22a9fa2.jpg usage_type=IMAGE_APPARENTLY_UNUSED|DERIVED original_ids=780",APPLIED
media,asset:multimedia/imagenes/productos/7cda3ba23b38b8c15c54bae00080d52818a4b449.jpg,R-M02,REVIEW,SKIP,"media-master.csv:multimedia/imagenes/productos/7cda3ba23b38b8c15c54bae00080d52818a4b449.jpg usage_type=IMAGE_APPARENTLY_UNUSED|DERIVED original_ids=305",APPLIED
media,asset:multimedia/imagenes/productos/7d1e30fda170054cf7f443645c9e0a742b9586c1.jpg,R-M02,REVIEW,SKIP,"media-master.csv:multimedia/imagenes/productos/7d1e30fda170054cf7f443645c9e0a742b9586c1.jpg usage_type=IMAGE_APPARENTLY_UNUSED|DERIVED original_ids=1|962|971|995",APPLIED
media,asset:multimedia/imagenes/productos/7dfed22ac3481de1283758308facb47a8c962d87.jpg,R-M02,REVIEW,SKIP,"media-master.csv:multimedia/imagenes/productos/7dfed22ac3481de1283758308facb47a8c962d87.jpg usage_type=IMAGE_APPARENTLY_UNUSED|DERIVED original_ids=1315",APPLIED
media,asset:multimedia/imagenes/productos/7e26ed50cf94e4610fca8ad8410ec8e35d13efae.jpg,R-M02,REVIEW,SKIP,"media-master.csv:multimedia/imagenes/productos/7e26ed50cf94e4610fca8ad8410ec8e35d13efae.jpg usage_type=IMAGE_APPARENTLY_UNUSED|DERIVED|EXACT_DUPLICATE_BYTES original_ids=1092|227|839",APPLIED
media,asset:multimedia/imagenes/productos/7e88b3f5e28a6b2bfb8cbe9cc2e5677e1e4b678a.jpg,R-M02,REVIEW,SKIP,"media-master.csv:multimedia/imagenes/productos/7e88b3f5e28a6b2bfb8cbe9cc2e5677e1e4b678a.jpg usage_type=IMAGE_APPARENTLY_UNUSED|DERIVED original_ids=692",APPLIED
media,asset:multimedia/imagenes/productos/7e8e6a03838bf09a7e6b570cdf01f6f52edf4573.jpg,R-M02,REVIEW,SKIP,"media-master.csv:multimedia/imagenes/productos/7e8e6a03838bf09a7e6b570cdf01f6f52edf4573.jpg usage_type=IMAGE_APPARENTLY_UNUSED|DERIVED original_ids=1339",APPLIED
media,asset:multimedia/imagenes/productos/7f376916f03fad306b84460a29500cc97d397ffc.jpg,R-M02,REVIEW,SKIP,"media-master.csv:multimedia/imagenes/productos/7f376916f03fad306b84460a29500cc97d397ffc.jpg usage_type=IMAGE_APPARENTLY_UNUSED|DERIVED original_ids=255",APPLIED
media,asset:multimedia/imagenes/productos/7f546aa6221bd0f7a6ac0c0024f4b8e9a522cebc.jpg,R-M02,REVIEW,SKIP,"media-master.csv:multimedia/imagenes/productos/7f546aa6221bd0f7a6ac0c0024f4b8e9a522cebc.jpg usage_type=IMAGE_APPARENTLY_UNUSED|DERIVED original_ids=654",APPLIED
media,asset:multimedia/imagenes/productos/7fb5512d920fbd52d4dc04c632b59823a9725018.jpg,R-M02,REVIEW,SKIP,"media-master.csv:multimedia/imagenes/productos/7fb5512d920fbd52d4dc04c632b59823a9725018.jpg usage_type=IMAGE_APPARENTLY_UNUSED|DERIVED original_ids=740",APPLIED
media,asset:multimedia/imagenes/productos/7fd9c267482220b810e02e6dcc1f8f38fc703ca0.jpg,R-M02,REVIEW,SKIP,"media-master.csv:multimedia/imagenes/productos/7fd9c267482220b810e02e6dcc1f8f38fc703ca0.jpg usage_type=IMAGE_APPARENTLY_UNUSED|DERIVED original_ids=878",APPLIED
media,asset:multimedia/imagenes/productos/8019d0970a6d41029b0181e0628d300d8f55aa0f.jpg,R-M02,REVIEW,SKIP,"media-master.csv:multimedia/imagenes/productos/8019d0970a6d41029b0181e0628d300d8f55aa0f.jpg usage_type=IMAGE_APPARENTLY_UNUSED|DERIVED original_ids=1339",APPLIED
media,asset:multimedia/imagenes/productos/80ca64801602e6acbe9e6b81a8a6d2e62121b5e1.png,R-M02,REVIEW,SKIP,"media-master.csv:multimedia/imagenes/productos/80ca64801602e6acbe9e6b81a8a6d2e62121b5e1.png usage_type=IMAGE_APPARENTLY_UNUSED|DERIVED original_ids=1077|1087|538|730",APPLIED
media,asset:multimedia/imagenes/productos/82abe95530f79e3ad097ee6ae5066924d28d09b4.jpg,R-M02,REVIEW,SKIP,"media-master.csv:multimedia/imagenes/productos/82abe95530f79e3ad097ee6ae5066924d28d09b4.jpg usage_type=IMAGE_APPARENTLY_UNUSED|DERIVED original_ids=1204|347",APPLIED
media,asset:multimedia/imagenes/productos/83f58b88466e210b732634a6465a785e0c2af1dd.jpg,R-M02,REVIEW,SKIP,"media-master.csv:multimedia/imagenes/productos/83f58b88466e210b732634a6465a785e0c2af1dd.jpg usage_type=IMAGE_APPARENTLY_UNUSED|DERIVED original_ids=702",APPLIED
media,asset:multimedia/imagenes/productos/84a3fb4d47676c72700e01ffef13869d13df95d0.png,R-M02,REVIEW,SKIP,"media-master.csv:multimedia/imagenes/productos/84a3fb4d47676c72700e01ffef13869d13df95d0.png usage_type=IMAGE_APPARENTLY_UNUSED|DERIVED original_ids=206",APPLIED
media,asset:multimedia/imagenes/productos/85289e572e3a01ca44fd21d11895fc064badcb98.png,R-M02,REVIEW,SKIP,"media-master.csv:multimedia/imagenes/productos/85289e572e3a01ca44fd21d11895fc064badcb98.png usage_type=IMAGE_APPARENTLY_UNUSED|DERIVED original_ids=1004|399",APPLIED
media,asset:multimedia/imagenes/productos/85d24e48369d0a7118f486466e0e0970943adc7b.jpg,R-M02,REVIEW,SKIP,"media-master.csv:multimedia/imagenes/productos/85d24e48369d0a7118f486466e0e0970943adc7b.jpg usage_type=IMAGE_APPARENTLY_UNUSED|DERIVED original_ids=485|905",APPLIED
media,asset:multimedia/imagenes/productos/867dbd67d4bd43f14172663d5313d63a2d99fdd7.jpg,R-M02,REVIEW,SKIP,"media-master.csv:multimedia/imagenes/productos/867dbd67d4bd43f14172663d5313d63a2d99fdd7.jpg usage_type=IMAGE_APPARENTLY_UNUSED|DERIVED original_ids=717",APPLIED
media,asset:multimedia/imagenes/productos/87a7f2f411790a4bc6e59e8b63c0ee37904a5610.png,R-M02,REVIEW,SKIP,"media-master.csv:multimedia/imagenes/productos/87a7f2f411790a4bc6e59e8b63c0ee37904a5610.png usage_type=IMAGE_APPARENTLY_UNUSED|DERIVED original_ids=1045|1132|419",APPLIED
media,asset:multimedia/imagenes/productos/87c1f2c31a38a98c948c0e15ace8b6f3704db568.jpg,R-M02,REVIEW,SKIP,"media-master.csv:multimedia/imagenes/productos/87c1f2c31a38a98c948c0e15ace8b6f3704db568.jpg usage_type=IMAGE_APPARENTLY_UNUSED|DERIVED|EXACT_DUPLICATE_BYTES original_ids=735",APPLIED
media,asset:multimedia/imagenes/productos/87e46879fdef3ba8497a6ed8ea72d951dc216604.jpg,R-M02,REVIEW,SKIP,"media-master.csv:multimedia/imagenes/productos/87e46879fdef3ba8497a6ed8ea72d951dc216604.jpg usage_type=IMAGE_APPARENTLY_UNUSED|DERIVED original_ids=518|765",APPLIED
media,asset:multimedia/imagenes/productos/881abe3c923d095d913a27bb0e6e1bbdc7fe5d27.jpg,R-M02,REVIEW,SKIP,"media-master.csv:multimedia/imagenes/productos/881abe3c923d095d913a27bb0e6e1bbdc7fe5d27.jpg usage_type=IMAGE_APPARENTLY_UNUSED|DERIVED|EXACT_DUPLICATE_BYTES original_ids=494|914",APPLIED
media,asset:multimedia/imagenes/productos/88f26fd8bdede3d99ca22d6b4e623887c6b57e2b.jpg,R-M02,REVIEW,SKIP,"media-master.csv:multimedia/imagenes/productos/88f26fd8bdede3d99ca22d6b4e623887c6b57e2b.jpg usage_type=IMAGE_APPARENTLY_UNUSED|DERIVED original_ids=1281",APPLIED
media,asset:multimedia/imagenes/productos/8922e98a3da26029699b651e2142ae0c40c30f38.jpg,R-M02,REVIEW,SKIP,"media-master.csv:multimedia/imagenes/productos/8922e98a3da26029699b651e2142ae0c40c30f38.jpg usage_type=IMAGE_APPARENTLY_UNUSED|DERIVED original_ids=1168|587|799",APPLIED
media,asset:multimedia/imagenes/productos/8927c1c829d045edb267d085549e4a3c0ac18094.jpg,R-M02,REVIEW,SKIP,"media-master.csv:multimedia/imagenes/productos/8927c1c829d045edb267d085549e4a3c0ac18094.jpg usage_type=IMAGE_APPARENTLY_UNUSED|DERIVED original_ids=1237|356",APPLIED
media,asset:multimedia/imagenes/productos/89d3299b01f3c1859f55795b42072e81f8420ced.jpg,R-M02,REVIEW,SKIP,"media-master.csv:multimedia/imagenes/productos/89d3299b01f3c1859f55795b42072e81f8420ced.jpg usage_type=IMAGE_APPARENTLY_UNUSED|DERIVED original_ids=23|290|5",APPLIED
media,asset:multimedia/imagenes/productos/8a01a0b15a8f21cacbe4051f72dd0b5b7423c2aa.jpg,R-M02,REVIEW,SKIP,"media-master.csv:multimedia/imagenes/productos/8a01a0b15a8f21cacbe4051f72dd0b5b7423c2aa.jpg usage_type=IMAGE_APPARENTLY_UNUSED|DERIVED original_ids=1303",APPLIED
media,asset:multimedia/imagenes/productos/8a91e70aa48e289e53afb744b8ab5905aa28bab3.jpg,R-M02,REVIEW,SKIP,"media-master.csv:multimedia/imagenes/productos/8a91e70aa48e289e53afb744b8ab5905aa28bab3.jpg usage_type=IMAGE_APPARENTLY_UNUSED|DERIVED original_ids=941",APPLIED
media,asset:multimedia/imagenes/productos/8a96527fa59064d0acfba1dabc8f3eee204c22f6.png,R-M02,REVIEW,SKIP,"media-master.csv:multimedia/imagenes/productos/8a96527fa59064d0acfba1dabc8f3eee204c22f6.png usage_type=IMAGE_APPARENTLY_UNUSED|DERIVED original_ids=1264|565",APPLIED
media,asset:multimedia/imagenes/productos/8bd6409ce597fa97a6ba8b73c9ccc4c316940651.jpg,R-M02,REVIEW,SKIP,"media-master.csv:multimedia/imagenes/productos/8bd6409ce597fa97a6ba8b73c9ccc4c316940651.jpg usage_type=IMAGE_APPARENTLY_UNUSED|DERIVED original_ids=174|790",APPLIED
media,asset:multimedia/imagenes/productos/8c024868ca40e707c5d8aa7cd8c77e3a5c5197d0.jpg,R-M02,REVIEW,SKIP,"media-master.csv:multimedia/imagenes/productos/8c024868ca40e707c5d8aa7cd8c77e3a5c5197d0.jpg usage_type=IMAGE_APPARENTLY_UNUSED|DERIVED original_ids=533|745|985",APPLIED
media,asset:multimedia/imagenes/productos/8c12a4fa46746e8273fa31b0446dc58c4e45f9ab.jpg,R-M02,REVIEW,SKIP,"media-master.csv:multimedia/imagenes/productos/8c12a4fa46746e8273fa31b0446dc58c4e45f9ab.jpg usage_type=IMAGE_APPARENTLY_UNUSED|DERIVED original_ids=883",APPLIED
media,asset:multimedia/imagenes/productos/8d82661c26a146e579b35d5d684e241ad1f07ba3.jpg,R-M02,REVIEW,SKIP,"media-master.csv:multimedia/imagenes/productos/8d82661c26a146e579b35d5d684e241ad1f07ba3.jpg usage_type=IMAGE_APPARENTLY_UNUSED|DERIVED original_ids=849",APPLIED
media,asset:multimedia/imagenes/productos/8d8e034b4e79a10cbe1157403d17649929de2478.jpg,R-M02,REVIEW,SKIP,"media-master.csv:multimedia/imagenes/productos/8d8e034b4e79a10cbe1157403d17649929de2478.jpg usage_type=IMAGE_APPARENTLY_UNUSED|DERIVED original_ids=1168|587|799",APPLIED
media,asset:multimedia/imagenes/productos/907e7e11aea84fa85c3a0a4702d9ddb3bc65358d.png,R-M02,REVIEW,SKIP,"media-master.csv:multimedia/imagenes/productos/907e7e11aea84fa85c3a0a4702d9ddb3bc65358d.png usage_type=IMAGE_APPARENTLY_UNUSED|DERIVED original_ids=1055|1151|450",APPLIED
media,asset:multimedia/imagenes/productos/916be49efa327a89da10ac2428292fd3668f99ca.jpg,R-M02,REVIEW,SKIP,"media-master.csv:multimedia/imagenes/productos/916be49efa327a89da10ac2428292fd3668f99ca.jpg usage_type=IMAGE_APPARENTLY_UNUSED|DERIVED original_ids=528|750|990",APPLIED
media,asset:multimedia/imagenes/productos/91bf9243dd9b9672e622e11dbc742febd4ed62e6.png,R-M02,REVIEW,SKIP,"media-master.csv:multimedia/imagenes/productos/91bf9243dd9b9672e622e11dbc742febd4ed62e6.png usage_type=IMAGE_APPARENTLY_UNUSED|DERIVED original_ids=222|957",APPLIED
media,asset:multimedia/imagenes/productos/926302008c1602ab304b65ebd037083485a500e7.jpg,R-M02,REVIEW,SKIP,"media-master.csv:multimedia/imagenes/productos/926302008c1602ab304b65ebd037083485a500e7.jpg usage_type=IMAGE_APPARENTLY_UNUSED|DERIVED original_ids=864",APPLIED
media,asset:multimedia/imagenes/productos/92f0a121e30874685886bc84d73b8a0095a12d51.jpg,R-M02,REVIEW,SKIP,"media-master.csv:multimedia/imagenes/productos/92f0a121e30874685886bc84d73b8a0095a12d51.jpg usage_type=IMAGE_APPARENTLY_UNUSED|DERIVED original_ids=508|755",APPLIED
media,asset:multimedia/imagenes/productos/935de74258fc7221b3cb96d1070e4d18f78dcc08.jpg,R-M02,REVIEW,SKIP,"media-master.csv:multimedia/imagenes/productos/935de74258fc7221b3cb96d1070e4d18f78dcc08.jpg usage_type=IMAGE_APPARENTLY_UNUSED|DERIVED original_ids=296",APPLIED
media,asset:multimedia/imagenes/productos/93b18e6e320e4dcd86f9abd8f7fb23b2a8ff6616.png,R-M02,REVIEW,SKIP,"media-master.csv:multimedia/imagenes/productos/93b18e6e320e4dcd86f9abd8f7fb23b2a8ff6616.png usage_type=IMAGE_APPARENTLY_UNUSED|DERIVED original_ids=910",APPLIED
media,asset:multimedia/imagenes/productos/94658a84acf1c9b6313a3b98308804a9f43be80a.jpg,R-M02,REVIEW,SKIP,"media-master.csv:multimedia/imagenes/productos/94658a84acf1c9b6313a3b98308804a9f43be80a.jpg usage_type=IMAGE_APPARENTLY_UNUSED|DERIVED original_ids=1168|587|799",APPLIED
media,asset:multimedia/imagenes/productos/94788e08323c6e3d808456a25a213d85328f14ad.jpg,R-M02,REVIEW,SKIP,"media-master.csv:multimedia/imagenes/productos/94788e08323c6e3d808456a25a213d85328f14ad.jpg usage_type=IMAGE_APPARENTLY_UNUSED|DERIVED original_ids=760",APPLIED
media,asset:multimedia/imagenes/productos/94d27b3194467dcb855b353ca624fd2e17893b84.png,R-M02,REVIEW,SKIP,"media-master.csv:multimedia/imagenes/productos/94d27b3194467dcb855b353ca624fd2e17893b84.png usage_type=IMAGE_APPARENTLY_UNUSED|DERIVED original_ids=179|269|314",APPLIED
media,asset:multimedia/imagenes/productos/9518132905db9212212811e71bedbdb1335865ea.jpg,R-M02,REVIEW,SKIP,"media-master.csv:multimedia/imagenes/productos/9518132905db9212212811e71bedbdb1335865ea.jpg usage_type=IMAGE_APPARENTLY_UNUSED|DERIVED|EXACT_DUPLICATE_BYTES original_ids=1020|361",APPLIED
media,asset:multimedia/imagenes/productos/95559418eeb6380d3d63011f2133abdafd7ad83b.jpg,R-M02,REVIEW,SKIP,"media-master.csv:multimedia/imagenes/productos/95559418eeb6380d3d63011f2133abdafd7ad83b.jpg usage_type=IMAGE_APPARENTLY_UNUSED|DERIVED original_ids=924",APPLIED
media,asset:multimedia/imagenes/productos/96d0859f605e96e1ba6573ed9ea3e2b2337c708e.png,R-M02,REVIEW,SKIP,"media-master.csv:multimedia/imagenes/productos/96d0859f605e96e1ba6573ed9ea3e2b2337c708e.png usage_type=IMAGE_APPARENTLY_UNUSED|DERIVED original_ids=206",APPLIED
media,asset:multimedia/imagenes/productos/98f6207432de8fa536ffe2b807146d9c3323d2c5.jpg,R-M02,REVIEW,SKIP,"media-master.csv:multimedia/imagenes/productos/98f6207432de8fa536ffe2b807146d9c3323d2c5.jpg usage_type=IMAGE_APPARENTLY_UNUSED|DERIVED original_ids=1101|854",APPLIED
media,asset:multimedia/imagenes/productos/9989990198bbae12dadf41624629613e330c4a4e.jpg,R-M02,REVIEW,SKIP,"media-master.csv:multimedia/imagenes/productos/9989990198bbae12dadf41624629613e330c4a4e.jpg usage_type=IMAGE_APPARENTLY_UNUSED|DERIVED original_ids=508|755",APPLIED
media,asset:multimedia/imagenes/productos/9aa38823e5b22f19d72fa30337e9b3f497cc70e2.jpg,R-M02,REVIEW,SKIP,"media-master.csv:multimedia/imagenes/productos/9aa38823e5b22f19d72fa30337e9b3f497cc70e2.jpg usage_type=IMAGE_APPARENTLY_UNUSED|DERIVED original_ids=19",APPLIED
media,asset:multimedia/imagenes/productos/9b60cffbc10625a7809087ec6b6492886fb5ff6d.jpg,R-M02,REVIEW,SKIP,"media-master.csv:multimedia/imagenes/productos/9b60cffbc10625a7809087ec6b6492886fb5ff6d.jpg usage_type=IMAGE_APPARENTLY_UNUSED|DERIVED original_ids=485|905",APPLIED
media,asset:multimedia/imagenes/productos/9b7e698f83991a058eccae73a155559aab8814f2.jpg,R-M02,REVIEW,SKIP,"media-master.csv:multimedia/imagenes/productos/9b7e698f83991a058eccae73a155559aab8814f2.jpg usage_type=IMAGE_APPARENTLY_UNUSED|DERIVED original_ids=1223|552",APPLIED
media,asset:multimedia/imagenes/productos/9b81a3e9fd65480307286e1e6b768ba2e61c605c.jpg,R-M02,REVIEW,SKIP,"media-master.csv:multimedia/imagenes/productos/9b81a3e9fd65480307286e1e6b768ba2e61c605c.jpg usage_type=IMAGE_APPARENTLY_UNUSED|DERIVED|EXACT_DUPLICATE_BYTES original_ids=241",APPLIED
media,asset:multimedia/imagenes/productos/9c2ee5d29f115847094c54d51f65a3e944e70a3e.jpg,R-M02,REVIEW,SKIP,"media-master.csv:multimedia/imagenes/productos/9c2ee5d29f115847094c54d51f65a3e944e70a3e.jpg usage_type=IMAGE_APPARENTLY_UNUSED|DERIVED original_ids=174|790",APPLIED
media,asset:multimedia/imagenes/productos/9d20d8e48b8565a39ea925f2840b451fd04aac5c.png,R-M02,REVIEW,SKIP,"media-master.csv:multimedia/imagenes/productos/9d20d8e48b8565a39ea925f2840b451fd04aac5c.png usage_type=IMAGE_APPARENTLY_UNUSED|DERIVED|EXACT_DUPLICATE_BYTES original_ids=214|949",APPLIED
media,asset:multimedia/imagenes/productos/9d43b74fca6d03c2921089462fad7b8882f85c04.jpg,R-M02,REVIEW,SKIP,"media-master.csv:multimedia/imagenes/productos/9d43b74fca6d03c2921089462fad7b8882f85c04.jpg usage_type=IMAGE_APPARENTLY_UNUSED|DERIVED|EXACT_DUPLICATE_BYTES original_ids=1039|409",APPLIED
media,asset:multimedia/imagenes/productos/9d8293d2552af7c3220a5c661b57d89d14397861.jpg,R-M02,REVIEW,SKIP,"media-master.csv:multimedia/imagenes/productos/9d8293d2552af7c3220a5c661b57d89d14397861.jpg usage_type=IMAGE_APPARENTLY_UNUSED|DERIVED original_ids=682",APPLIED
media,asset:multimedia/imagenes/productos/9d9a20408df6436de90f0aa343b1a735684da6bf.jpg,R-M02,REVIEW,SKIP,"media-master.csv:multimedia/imagenes/productos/9d9a20408df6436de90f0aa343b1a735684da6bf.jpg usage_type=IMAGE_APPARENTLY_UNUSED|DERIVED original_ids=1260|561",APPLIED
media,asset:multimedia/imagenes/productos/9db4a72492ef7498455cb31d0c2469d6bf3ea557.jpg,R-M02,REVIEW,SKIP,"media-master.csv:multimedia/imagenes/productos/9db4a72492ef7498455cb31d0c2469d6bf3ea557.jpg usage_type=IMAGE_APPARENTLY_UNUSED|DERIVED original_ids=1327",APPLIED
media,asset:multimedia/imagenes/productos/9f2043632042e29a5493eee70accb18cb61784f7.jpg,R-M02,REVIEW,SKIP,"media-master.csv:multimedia/imagenes/productos/9f2043632042e29a5493eee70accb18cb61784f7.jpg usage_type=IMAGE_APPARENTLY_UNUSED|DERIVED|EXACT_DUPLICATE_BYTES original_ids=1204|347",APPLIED
media,asset:multimedia/imagenes/productos/9f2f4d7601bb79d991cf17d788513fe458d891d3.jpg,R-M02,REVIEW,SKIP,"media-master.csv:multimedia/imagenes/productos/9f2f4d7601bb79d991cf17d788513fe458d891d3.jpg usage_type=IMAGE_APPARENTLY_UNUSED|DERIVED original_ids=883",APPLIED
media,asset:multimedia/imagenes/productos/9f616ea442571aab7dd31b607f2e61cb6c21cb6e.jpg,R-M02,REVIEW,SKIP,"media-master.csv:multimedia/imagenes/productos/9f616ea442571aab7dd31b607f2e61cb6c21cb6e.jpg usage_type=IMAGE_APPARENTLY_UNUSED|DERIVED original_ids=941",APPLIED
media,asset:multimedia/imagenes/productos/9fe1ef7a4e6207d877a10bb6d851b696b7d88d68.jpg,R-M02,REVIEW,SKIP,"media-master.csv:multimedia/imagenes/productos/9fe1ef7a4e6207d877a10bb6d851b696b7d88d68.jpg usage_type=IMAGE_APPARENTLY_UNUSED|DERIVED original_ids=712",APPLIED
media,asset:multimedia/imagenes/productos/a090fa0e4ae914f964fe8751f7c89510b240d9aa.png,R-M02,REVIEW,SKIP,"media-master.csv:multimedia/imagenes/productos/a090fa0e4ae914f964fe8751f7c89510b240d9aa.png usage_type=IMAGE_APPARENTLY_UNUSED|DERIVED|EXACT_DUPLICATE_BYTES original_ids=187|277|322|932",APPLIED
media,asset:multimedia/imagenes/productos/a0f24a959ebee1bfce3818888f00370129cd9538.jpg,R-M02,REVIEW,SKIP,"media-master.csv:multimedia/imagenes/productos/a0f24a959ebee1bfce3818888f00370129cd9538.jpg usage_type=IMAGE_APPARENTLY_UNUSED|DERIVED original_ids=668",APPLIED
media,asset:multimedia/imagenes/productos/a1676423cffaf6b20561713fc6b2e50befc8f324.jpg,R-M02,REVIEW,SKIP,"media-master.csv:multimedia/imagenes/productos/a1676423cffaf6b20561713fc6b2e50befc8f324.jpg usage_type=IMAGE_APPARENTLY_UNUSED|DERIVED original_ids=1209|1214|574|613",APPLIED
media,asset:multimedia/imagenes/productos/a1ca3275f32c31d7e6a3c8f597d1a18a53516e63.jpg,R-M02,REVIEW,SKIP,"media-master.csv:multimedia/imagenes/productos/a1ca3275f32c31d7e6a3c8f597d1a18a53516e63.jpg usage_type=IMAGE_APPARENTLY_UNUSED|DERIVED original_ids=1126",APPLIED
media,asset:multimedia/imagenes/productos/a1d8e053b5e4e8536d0fa6faf1e303d523b10f3d.jpg,R-M02,REVIEW,SKIP,"media-master.csv:multimedia/imagenes/productos/a1d8e053b5e4e8536d0fa6faf1e303d523b10f3d.jpg usage_type=IMAGE_APPARENTLY_UNUSED|DERIVED original_ids=780",APPLIED
media,asset:multimedia/imagenes/productos/a370bc5282ae088b5b5e48e392f09ae7da148ef4.jpg,R-M02,REVIEW,SKIP,"media-master.csv:multimedia/imagenes/productos/a370bc5282ae088b5b5e48e392f09ae7da148ef4.jpg usage_type=IMAGE_APPARENTLY_UNUSED|DERIVED original_ids=547|640",APPLIED
media,asset:multimedia/imagenes/productos/a3b9247321fefb638c12972810516eaf933b45d9.png,R-M02,REVIEW,SKIP,"media-master.csv:multimedia/imagenes/productos/a3b9247321fefb638c12972810516eaf933b45d9.png usage_type=IMAGE_APPARENTLY_UNUSED|DERIVED original_ids=1268|569",APPLIED
media,asset:multimedia/imagenes/productos/a3e1480f1db0147eb584fdfe72d97bf8df2abcdc.jpg,R-M02,REVIEW,SKIP,"media-master.csv:multimedia/imagenes/productos/a3e1480f1db0147eb584fdfe72d97bf8df2abcdc.jpg usage_type=IMAGE_APPARENTLY_UNUSED|DERIVED original_ids=504|874",APPLIED
media,asset:multimedia/imagenes/productos/a45b71f5e3626593e45ee224ad2a8c0123f25796.jpg,R-M02,REVIEW,SKIP,"media-master.csv:multimedia/imagenes/productos/a45b71f5e3626593e45ee224ad2a8c0123f25796.jpg usage_type=IMAGE_APPARENTLY_UNUSED|DERIVED original_ids=543|636",APPLIED
media,asset:multimedia/imagenes/productos/a52d31085d6df7c0384759382558504b3e204d9a.jpg,R-M02,REVIEW,SKIP,"media-master.csv:multimedia/imagenes/productos/a52d31085d6df7c0384759382558504b3e204d9a.jpg usage_type=IMAGE_APPARENTLY_UNUSED|DERIVED original_ids=1319",APPLIED
media,asset:multimedia/imagenes/productos/a562d6a1939b089464c384a75e715fa9ef294f6b.jpg,R-M02,REVIEW,SKIP,"media-master.csv:multimedia/imagenes/productos/a562d6a1939b089464c384a75e715fa9ef294f6b.jpg usage_type=IMAGE_APPARENTLY_UNUSED|DERIVED original_ids=878",APPLIED
media,asset:multimedia/imagenes/productos/a5ad414a339b6513325c448e1eb53f09fc06f68e.png,R-M02,REVIEW,SKIP,"media-master.csv:multimedia/imagenes/productos/a5ad414a339b6513325c448e1eb53f09fc06f68e.png usage_type=IMAGE_APPARENTLY_UNUSED|DERIVED original_ids=1246",APPLIED
media,asset:multimedia/imagenes/productos/a677a5e6752184987a95b860f7c32f53270407f0.jpg,R-M02,REVIEW,SKIP,"media-master.csv:multimedia/imagenes/productos/a677a5e6752184987a95b860f7c32f53270407f0.jpg usage_type=IMAGE_APPARENTLY_UNUSED|DERIVED original_ids=438",APPLIED
media,asset:multimedia/imagenes/productos/a6d448eb5f8820d1e0f6fa33a201477d782e98be.jpg,R-M02,REVIEW,SKIP,"media-master.csv:multimedia/imagenes/productos/a6d448eb5f8820d1e0f6fa33a201477d782e98be.jpg usage_type=IMAGE_APPARENTLY_UNUSED|DERIVED original_ids=1327",APPLIED
media,asset:multimedia/imagenes/productos/a748235e74a586b213db3efca7c8887c445fd6ac.jpg,R-M02,REVIEW,SKIP,"media-master.csv:multimedia/imagenes/productos/a748235e74a586b213db3efca7c8887c445fd6ac.jpg usage_type=IMAGE_APPARENTLY_UNUSED|DERIVED|EXACT_DUPLICATE_BYTES original_ids=1242",APPLIED
media,asset:multimedia/imagenes/productos/a76a5613c74f142de55536317cba224a68c103c9.jpg,R-M02,REVIEW,SKIP,"media-master.csv:multimedia/imagenes/productos/a76a5613c74f142de55536317cba224a68c103c9.jpg usage_type=IMAGE_APPARENTLY_UNUSED|DERIVED original_ids=490",APPLIED
media,asset:multimedia/imagenes/productos/a7c0568445d4340a6bf0174ee6092e94b3296355.jpg,R-M02,REVIEW,SKIP,"media-master.csv:multimedia/imagenes/productos/a7c0568445d4340a6bf0174ee6092e94b3296355.jpg usage_type=IMAGE_APPARENTLY_UNUSED|DERIVED original_ids=309|658",APPLIED
media,asset:multimedia/imagenes/productos/a8e7a575411332a02186b044cb8d56569d2e9285.png,R-M02,REVIEW,SKIP,"media-master.csv:multimedia/imagenes/productos/a8e7a575411332a02186b044cb8d56569d2e9285.png usage_type=IMAGE_APPARENTLY_UNUSED|DERIVED original_ids=1227|556",APPLIED
media,asset:multimedia/imagenes/productos/a8e95bdcca69fc942e7c631426731817d16a4216.png,R-M02,REVIEW,SKIP,"media-master.csv:multimedia/imagenes/productos/a8e95bdcca69fc942e7c631426731817d16a4216.png usage_type=IMAGE_APPARENTLY_UNUSED|DERIVED original_ids=1072|1082|1159|513",APPLIED
media,asset:multimedia/imagenes/productos/a9e248fd63a4c7363756c3a26f7e56e4429cb3a1.png,R-M02,REVIEW,SKIP,"media-master.csv:multimedia/imagenes/productos/a9e248fd63a4c7363756c3a26f7e56e4429cb3a1.png usage_type=IMAGE_APPARENTLY_UNUSED|DERIVED original_ids=214|949",APPLIED
media,asset:multimedia/imagenes/productos/aae5be1ef25f8aa2a07e11605902d4e5dcb60f3d.png,R-M02,REVIEW,SKIP,"media-master.csv:multimedia/imagenes/productos/aae5be1ef25f8aa2a07e11605902d4e5dcb60f3d.png usage_type=IMAGE_APPARENTLY_UNUSED|DERIVED original_ids=910",APPLIED
media,asset:multimedia/imagenes/productos/ac5be5724298a26e875e726124798b6fddd70a17.jpg,R-M02,REVIEW,SKIP,"media-master.csv:multimedia/imagenes/productos/ac5be5724298a26e875e726124798b6fddd70a17.jpg usage_type=IMAGE_APPARENTLY_UNUSED|DERIVED original_ids=1319",APPLIED
media,asset:multimedia/imagenes/productos/ac78dbbb9cd9cc065410e83706520151687070c7.png,R-M02,REVIEW,SKIP,"media-master.csv:multimedia/imagenes/productos/ac78dbbb9cd9cc065410e83706520151687070c7.png usage_type=IMAGE_APPARENTLY_UNUSED|DERIVED original_ids=1268|569",APPLIED
media,asset:multimedia/imagenes/productos/acae323a2452e2814593b4262e4c02873494c442.jpg,R-M02,REVIEW,SKIP,"media-master.csv:multimedia/imagenes/productos/acae323a2452e2814593b4262e4c02873494c442.jpg usage_type=IMAGE_APPARENTLY_UNUSED|DERIVED original_ids=622",APPLIED
media,asset:multimedia/imagenes/productos/acc74d7b17003cfb9834b2ad40bc4a36153f5b3e.jpg,R-M02,REVIEW,SKIP,"media-master.csv:multimedia/imagenes/productos/acc74d7b17003cfb9834b2ad40bc4a36153f5b3e.jpg usage_type=IMAGE_APPARENTLY_UNUSED|DERIVED original_ids=1190|370",APPLIED
media,asset:multimedia/imagenes/productos/ad2329645fb0764d5b2328d64ae0c0b1ca72c8a7.jpg,R-M02,REVIEW,SKIP,"media-master.csv:multimedia/imagenes/productos/ad2329645fb0764d5b2328d64ae0c0b1ca72c8a7.jpg usage_type=IMAGE_APPARENTLY_UNUSED|DERIVED original_ids=40",APPLIED
media,asset:multimedia/imagenes/productos/ad7e0968ffe0f82628363feac57746a76947d579.png,R-M02,REVIEW,SKIP,"media-master.csv:multimedia/imagenes/productos/ad7e0968ffe0f82628363feac57746a76947d579.png usage_type=IMAGE_APPARENTLY_UNUSED|DERIVED original_ids=1072|1082|1159|513",APPLIED
media,asset:multimedia/imagenes/productos/adf04cb8cab47336aa78cfb8d904f089b79f8a90.png,R-M02,REVIEW,SKIP,"media-master.csv:multimedia/imagenes/productos/adf04cb8cab47336aa78cfb8d904f089b79f8a90.png usage_type=IMAGE_APPARENTLY_UNUSED|DERIVED original_ids=1059|1155|454",APPLIED
media,asset:multimedia/imagenes/productos/aed795dffb09e71b12c1cf7ce868863acced2728.jpg,R-M02,REVIEW,SKIP,"media-master.csv:multimedia/imagenes/productos/aed795dffb09e71b12c1cf7ce868863acced2728.jpg usage_type=IMAGE_APPARENTLY_UNUSED|DERIVED original_ids=830",APPLIED
media,asset:multimedia/imagenes/productos/af067f94afcccab706545eac92e02ff06b26a752.jpg,R-M02,REVIEW,SKIP,"media-master.csv:multimedia/imagenes/productos/af067f94afcccab706545eac92e02ff06b26a752.jpg usage_type=IMAGE_APPARENTLY_UNUSED|DERIVED original_ids=682",APPLIED
media,asset:multimedia/imagenes/productos/b0febde0c13d86cada3c1dc5a24f75d0bf60b9c2.jpg,R-M02,REVIEW,SKIP,"media-master.csv:multimedia/imagenes/productos/b0febde0c13d86cada3c1dc5a24f75d0bf60b9c2.jpg usage_type=IMAGE_APPARENTLY_UNUSED|DERIVED original_ids=1199|31|351",APPLIED
media,asset:multimedia/imagenes/productos/b158933a0ef3b29d287a77299353e1c27285918d.jpg,R-M02,REVIEW,SKIP,"media-master.csv:multimedia/imagenes/productos/b158933a0ef3b29d287a77299353e1c27285918d.jpg usage_type=IMAGE_APPARENTLY_UNUSED|DERIVED original_ids=859",APPLIED
media,asset:multimedia/imagenes/productos/b1f3a8562438d59d58c770ae813531991adbfda4.jpg,R-M02,REVIEW,SKIP,"media-master.csv:multimedia/imagenes/productos/b1f3a8562438d59d58c770ae813531991adbfda4.jpg usage_type=IMAGE_APPARENTLY_UNUSED|DERIVED original_ids=300|631",APPLIED
media,asset:multimedia/imagenes/productos/b20676a561943df5b36736c402a5944725d918c6.jpg,R-M02,REVIEW,SKIP,"media-master.csv:multimedia/imagenes/productos/b20676a561943df5b36736c402a5944725d918c6.jpg usage_type=IMAGE_APPARENTLY_UNUSED|DERIVED original_ids=1126",APPLIED
media,asset:multimedia/imagenes/productos/b26a93145c299abf175f054d35d3caeec9e549a1.png,R-M02,REVIEW,SKIP,"media-master.csv:multimedia/imagenes/productos/b26a93145c299abf175f054d35d3caeec9e549a1.png usage_type=IMAGE_APPARENTLY_UNUSED|DERIVED|EXACT_DUPLICATE_BYTES original_ids=187|277|322|932",APPLIED
media,asset:multimedia/imagenes/productos/b3b28c03afeff77e186ea5e33bf2ea49be0beb5f.png,R-M02,REVIEW,SKIP,"media-master.csv:multimedia/imagenes/productos/b3b28c03afeff77e186ea5e33bf2ea49be0beb5f.png usage_type=IMAGE_APPARENTLY_UNUSED|DERIVED original_ids=1008|403",APPLIED
media,asset:multimedia/imagenes/productos/b3c00fc7c44fc6803373ca8d211bdb50986bbd1b.jpg,R-M02,REVIEW,SKIP,"media-master.csv:multimedia/imagenes/productos/b3c00fc7c44fc6803373ca8d211bdb50986bbd1b.jpg usage_type=IMAGE_APPARENTLY_UNUSED|DERIVED original_ids=547|640",APPLIED
media,asset:multimedia/imagenes/productos/b46e6834696cc46798135082d8fb918f2235161f.jpg,R-M02,REVIEW,SKIP,"media-master.csv:multimedia/imagenes/productos/b46e6834696cc46798135082d8fb918f2235161f.jpg usage_type=IMAGE_APPARENTLY_UNUSED|DERIVED original_ids=627",APPLIED
media,asset:multimedia/imagenes/productos/b484137ce1077d5d3cd628467575e3105f67a584.jpg,R-M02,REVIEW,SKIP,"media-master.csv:multimedia/imagenes/productos/b484137ce1077d5d3cd628467575e3105f67a584.jpg usage_type=IMAGE_APPARENTLY_UNUSED|DERIVED original_ids=1101|854",APPLIED
media,asset:multimedia/imagenes/productos/b48e36ae8200fd6e0d9e19730b28a34b84d9dbec.jpg,R-M02,REVIEW,SKIP,"media-master.csv:multimedia/imagenes/productos/b48e36ae8200fd6e0d9e19730b28a34b84d9dbec.jpg usage_type=IMAGE_APPARENTLY_UNUSED|DERIVED original_ids=775",APPLIED
media,asset:multimedia/imagenes/productos/b5c92fddffe06c860f40b918a2ec9946a5c8d7d2.jpg,R-M02,REVIEW,SKIP,"media-master.csv:multimedia/imagenes/productos/b5c92fddffe06c860f40b918a2ec9946a5c8d7d2.jpg usage_type=IMAGE_APPARENTLY_UNUSED|DERIVED original_ids=1190|370",APPLIED
media,asset:multimedia/imagenes/productos/b615f860c6bfc2efe1ff73cf67dac7072bf6c24b.jpg,R-M02,REVIEW,SKIP,"media-master.csv:multimedia/imagenes/productos/b615f860c6bfc2efe1ff73cf67dac7072bf6c24b.jpg usage_type=IMAGE_APPARENTLY_UNUSED|DERIVED original_ids=518|765",APPLIED
media,asset:multimedia/imagenes/productos/b736e25bce138942bb9d4841d639e5e40e3ad541.jpg,R-M02,REVIEW,SKIP,"media-master.csv:multimedia/imagenes/productos/b736e25bce138942bb9d4841d639e5e40e3ad541.jpg usage_type=IMAGE_APPARENTLY_UNUSED|DERIVED original_ids=1295",APPLIED
media,asset:multimedia/imagenes/productos/b822d816a0d9aea2e279b1baae0edb82edfb893c.jpg,R-M02,REVIEW,SKIP,"media-master.csv:multimedia/imagenes/productos/b822d816a0d9aea2e279b1baae0edb82edfb893c.jpg usage_type=IMAGE_APPARENTLY_UNUSED|DERIVED original_ids=1307",APPLIED
media,asset:multimedia/imagenes/productos/b84c70fd47dcc2b46b4e518727ce00f0ea8a6356.jpg,R-M02,REVIEW,SKIP,"media-master.csv:multimedia/imagenes/productos/b84c70fd47dcc2b46b4e518727ce00f0ea8a6356.jpg usage_type=IMAGE_APPARENTLY_UNUSED|DERIVED original_ids=19",APPLIED
media,asset:multimedia/imagenes/productos/b8c2dada643f433f713d22becd5ffb6cdd48d070.jpg,R-M02,REVIEW,SKIP,"media-master.csv:multimedia/imagenes/productos/b8c2dada643f433f713d22becd5ffb6cdd48d070.jpg usage_type=IMAGE_APPARENTLY_UNUSED|DERIVED original_ids=1014|1120|389",APPLIED
media,asset:multimedia/imagenes/productos/b909a849499b633edc6093d67d945c89ceab7117.jpg,R-M02,REVIEW,SKIP,"media-master.csv:multimedia/imagenes/productos/b909a849499b633edc6093d67d945c89ceab7117.jpg usage_type=IMAGE_APPARENTLY_UNUSED|DERIVED|EXACT_DUPLICATE_BYTES original_ids=1285",APPLIED
media,asset:multimedia/imagenes/productos/b9267d54f7219a984975ba83c28f39687b7165c6.jpg,R-M02,REVIEW,SKIP,"media-master.csv:multimedia/imagenes/productos/b9267d54f7219a984975ba83c28f39687b7165c6.jpg usage_type=IMAGE_APPARENTLY_UNUSED|DERIVED original_ids=246|869",APPLIED
media,asset:multimedia/imagenes/productos/ba5fdb010b1d287f2a4001c470c1f2e1db31f9d2.jpg,R-M02,REVIEW,SKIP,"media-master.csv:multimedia/imagenes/productos/ba5fdb010b1d287f2a4001c470c1f2e1db31f9d2.jpg usage_type=IMAGE_APPARENTLY_UNUSED|DERIVED|EXACT_DUPLICATE_BYTES original_ids=236|844",APPLIED
media,asset:multimedia/imagenes/productos/ba84a61d781389c3a2054b1676024658295b3acd.png,R-M02,REVIEW,SKIP,"media-master.csv:multimedia/imagenes/productos/ba84a61d781389c3a2054b1676024658295b3acd.png usage_type=IMAGE_APPARENTLY_UNUSED|DERIVED original_ids=423",APPLIED
media,asset:multimedia/imagenes/productos/bb3368ceeda91ff99ccfa7be1a6f90181e04f465.png,R-M02,REVIEW,SKIP,"media-master.csv:multimedia/imagenes/productos/bb3368ceeda91ff99ccfa7be1a6f90181e04f465.png usage_type=IMAGE_APPARENTLY_UNUSED|DERIVED|EXACT_DUPLICATE_BYTES original_ids=1185|608|816",APPLIED
media,asset:multimedia/imagenes/productos/bb67214e2fa3a602f08f84d18af508c2144b4399.jpg,R-M02,REVIEW,SKIP,"media-master.csv:multimedia/imagenes/productos/bb67214e2fa3a602f08f84d18af508c2144b4399.jpg usage_type=IMAGE_APPARENTLY_UNUSED|DERIVED original_ids=672",APPLIED
media,asset:multimedia/imagenes/productos/bc790885ef043576513356856af6389d5d697506.jpg,R-M02,REVIEW,SKIP,"media-master.csv:multimedia/imagenes/productos/bc790885ef043576513356856af6389d5d697506.jpg usage_type=IMAGE_APPARENTLY_UNUSED|DERIVED original_ids=697",APPLIED
media,asset:multimedia/imagenes/productos/bc810042ae32b45e642d2b97a228528b25af5555.jpg,R-M02,REVIEW,SKIP,"media-master.csv:multimedia/imagenes/productos/bc810042ae32b45e642d2b97a228528b25af5555.jpg usage_type=IMAGE_APPARENTLY_UNUSED|DERIVED original_ids=1351",APPLIED
media,asset:multimedia/imagenes/productos/bd1f8f56f056617c741bf8594189d610ec31455e.jpg,R-M02,REVIEW,SKIP,"media-master.csv:multimedia/imagenes/productos/bd1f8f56f056617c741bf8594189d610ec31455e.jpg usage_type=IMAGE_APPARENTLY_UNUSED|DERIVED original_ids=264|649",APPLIED
media,asset:multimedia/imagenes/productos/be2f311aa92f08c08c00fe0cfc8730fe8253fb59.jpg,R-M02,REVIEW,SKIP,"media-master.csv:multimedia/imagenes/productos/be2f311aa92f08c08c00fe0cfc8730fe8253fb59.jpg usage_type=IMAGE_APPARENTLY_UNUSED|DERIVED original_ids=1051|1147|446",APPLIED
media,asset:multimedia/imagenes/productos/be781238f5f87bf92bb8b76fe8a3fda917da4de9.png,R-M02,REVIEW,SKIP,"media-master.csv:multimedia/imagenes/productos/be781238f5f87bf92bb8b76fe8a3fda917da4de9.png usage_type=IMAGE_APPARENTLY_UNUSED|DERIVED original_ids=210|945",APPLIED
media,asset:multimedia/imagenes/productos/bec4a9b0b9ba18e039ffd443d26ff4bdd3b75a32.jpg,R-M02,REVIEW,SKIP,"media-master.csv:multimedia/imagenes/productos/bec4a9b0b9ba18e039ffd443d26ff4bdd3b75a32.jpg usage_type=IMAGE_APPARENTLY_UNUSED|DERIVED original_ids=726",APPLIED
media,asset:multimedia/imagenes/productos/bf45613379a3fb030e09e5ff600f67022b8ed045.png,R-M02,REVIEW,SKIP,"media-master.csv:multimedia/imagenes/productos/bf45613379a3fb030e09e5ff600f67022b8ed045.png usage_type=IMAGE_APPARENTLY_UNUSED|DERIVED original_ids=1172|591|803",APPLIED
media,asset:multimedia/imagenes/productos/bf7bb7a1ee0e115572fe5e5d1bd5c5f33d1e3580.jpg,R-M02,REVIEW,SKIP,"media-master.csv:multimedia/imagenes/productos/bf7bb7a1ee0e115572fe5e5d1bd5c5f33d1e3580.jpg usage_type=IMAGE_APPARENTLY_UNUSED|DERIVED original_ids=770",APPLIED
media,asset:multimedia/imagenes/productos/bfa554d69238760ccdbcd929f0a83cdc12d1593c.png,R-M02,REVIEW,SKIP,"media-master.csv:multimedia/imagenes/productos/bfa554d69238760ccdbcd929f0a83cdc12d1593c.png usage_type=IMAGE_APPARENTLY_UNUSED|DERIVED original_ids=393",APPLIED
media,asset:multimedia/imagenes/productos/bfc6742f50a1fe0b46c3349883e2710f9aca9a49.jpg,R-M02,REVIEW,SKIP,"media-master.csv:multimedia/imagenes/productos/bfc6742f50a1fe0b46c3349883e2710f9aca9a49.jpg usage_type=IMAGE_APPARENTLY_UNUSED|DERIVED original_ids=201|663",APPLIED
media,asset:multimedia/imagenes/productos/bfd088b74d29caf8ef79bf31860c65ba4cfc8c5f.jpg,R-M02,REVIEW,SKIP,"media-master.csv:multimedia/imagenes/productos/bfd088b74d29caf8ef79bf31860c65ba4cfc8c5f.jpg usage_type=IMAGE_APPARENTLY_UNUSED|DERIVED original_ids=1307",APPLIED
media,asset:multimedia/imagenes/productos/c010d0a0cf17db40fb8aac4c4c96d9d5e7aeeecd.jpg,R-M02,REVIEW,SKIP,"media-master.csv:multimedia/imagenes/productos/c010d0a0cf17db40fb8aac4c4c96d9d5e7aeeecd.jpg usage_type=IMAGE_APPARENTLY_UNUSED|DERIVED original_ids=878",APPLIED
media,asset:multimedia/imagenes/productos/c112bfd42abe043cea65afd42ec67630adafd4fc.jpg,R-M02,REVIEW,SKIP,"media-master.csv:multimedia/imagenes/productos/c112bfd42abe043cea65afd42ec67630adafd4fc.jpg usage_type=IMAGE_APPARENTLY_UNUSED|DERIVED|EXACT_DUPLICATE_BYTES original_ids=1285",APPLIED
media,asset:multimedia/imagenes/productos/c193cf07d02e475d907ca58e408bf153b94e0215.jpg,R-M02,REVIEW,SKIP,"media-master.csv:multimedia/imagenes/productos/c193cf07d02e475d907ca58e408bf153b94e0215.jpg usage_type=IMAGE_APPARENTLY_UNUSED|DERIVED original_ids=1181|600|812",APPLIED
media,asset:multimedia/imagenes/productos/c1d9f151ac7e02157706645db82b208f9d1746c6.jpg,R-M02,REVIEW,SKIP,"media-master.csv:multimedia/imagenes/productos/c1d9f151ac7e02157706645db82b208f9d1746c6.jpg usage_type=IMAGE_APPARENTLY_UNUSED|DERIVED original_ids=438",APPLIED
media,asset:multimedia/imagenes/productos/c1e457772201aa0b50358d628f80cc9adf4e5834.jpg,R-M02,REVIEW,SKIP,"media-master.csv:multimedia/imagenes/productos/c1e457772201aa0b50358d628f80cc9adf4e5834.jpg usage_type=IMAGE_APPARENTLY_UNUSED|DERIVED original_ids=888",APPLIED
media,asset:multimedia/imagenes/productos/c29a2d7e18d772e9d843df575e8df4b6e7d8ac88.jpg,R-M02,REVIEW,SKIP,"media-master.csv:multimedia/imagenes/productos/c29a2d7e18d772e9d843df575e8df4b6e7d8ac88.jpg usage_type=IMAGE_APPARENTLY_UNUSED|DERIVED original_ids=864",APPLIED
media,asset:multimedia/imagenes/productos/c2bb69e66991176681440908d40baea00a9aace8.jpg,R-M02,REVIEW,SKIP,"media-master.csv:multimedia/imagenes/productos/c2bb69e66991176681440908d40baea00a9aace8.jpg usage_type=IMAGE_APPARENTLY_UNUSED|DERIVED original_ids=1289",APPLIED
media,asset:multimedia/imagenes/productos/c2fa584cb9de12c8d855781cfa361eed82c5fdc3.jpg,R-M02,REVIEW,SKIP,"media-master.csv:multimedia/imagenes/productos/c2fa584cb9de12c8d855781cfa361eed82c5fdc3.jpg usage_type=IMAGE_APPARENTLY_UNUSED|DERIVED original_ids=1315",APPLIED
media,asset:multimedia/imagenes/productos/c342ebcfaccf7b10dd675d7826a733365c70c8ce.jpg,R-M02,REVIEW,SKIP,"media-master.csv:multimedia/imagenes/productos/c342ebcfaccf7b10dd675d7826a733365c70c8ce.jpg usage_type=IMAGE_APPARENTLY_UNUSED|DERIVED original_ids=1319",APPLIED
media,asset:multimedia/imagenes/productos/c48b40303ec9bf91a5f33a95c86faa69be7d7d62.png,R-M02,REVIEW,SKIP,"media-master.csv:multimedia/imagenes/productos/c48b40303ec9bf91a5f33a95c86faa69be7d7d62.png usage_type=IMAGE_APPARENTLY_UNUSED|DERIVED original_ids=1067|1142|433",APPLIED
media,asset:multimedia/imagenes/productos/c585ff536e9e6b0c7b1f56bcda32747f1fd64a32.jpg,R-M02,REVIEW,SKIP,"media-master.csv:multimedia/imagenes/productos/c585ff536e9e6b0c7b1f56bcda32747f1fd64a32.jpg usage_type=IMAGE_APPARENTLY_UNUSED|DERIVED original_ids=305",APPLIED
media,asset:multimedia/imagenes/productos/c5b22a2f401c0a08888320ecbcd16f92e76d4793.jpg,R-M02,REVIEW,SKIP,"media-master.csv:multimedia/imagenes/productos/c5b22a2f401c0a08888320ecbcd16f92e76d4793.jpg usage_type=IMAGE_APPARENTLY_UNUSED|DERIVED original_ids=251",APPLIED
media,asset:multimedia/imagenes/productos/c6323be262c084906f23b3f2e02d8d5bd3d28546.jpg,R-M02,REVIEW,SKIP,"media-master.csv:multimedia/imagenes/productos/c6323be262c084906f23b3f2e02d8d5bd3d28546.jpg usage_type=IMAGE_APPARENTLY_UNUSED|DERIVED original_ids=692",APPLIED
media,asset:multimedia/imagenes/productos/c6e1bc82ea0d1f22a98704a7fdacfcf17e14b498.jpg,R-M02,REVIEW,SKIP,"media-master.csv:multimedia/imagenes/productos/c6e1bc82ea0d1f22a98704a7fdacfcf17e14b498.jpg usage_type=IMAGE_APPARENTLY_UNUSED|DERIVED original_ids=1223|552",APPLIED
media,asset:multimedia/imagenes/productos/c78163824c874cb804c9fae74b629b436b5c6bd4.png,R-M02,REVIEW,SKIP,"media-master.csv:multimedia/imagenes/productos/c78163824c874cb804c9fae74b629b436b5c6bd4.png usage_type=IMAGE_APPARENTLY_UNUSED|DERIVED original_ids=1172|591|803",APPLIED
media,asset:multimedia/imagenes/productos/c7a4034d1023aa9e5b7375a53bae3e9c82d08b02.jpg,R-M02,REVIEW,SKIP,"media-master.csv:multimedia/imagenes/productos/c7a4034d1023aa9e5b7375a53bae3e9c82d08b02.jpg usage_type=IMAGE_APPARENTLY_UNUSED|DERIVED original_ids=1299",APPLIED
media,asset:multimedia/imagenes/productos/c8129b3569c790e5e15a570f87e7f36719703e1c.jpg,R-M02,REVIEW,SKIP,"media-master.csv:multimedia/imagenes/productos/c8129b3569c790e5e15a570f87e7f36719703e1c.jpg usage_type=IMAGE_APPARENTLY_UNUSED|DERIVED original_ids=165|966|975|999",APPLIED
media,asset:multimedia/imagenes/productos/c9130b6fa8a1ed05b487a65f6ff30895b8f1a981.jpg,R-M02,REVIEW,SKIP,"media-master.csv:multimedia/imagenes/productos/c9130b6fa8a1ed05b487a65f6ff30895b8f1a981.jpg usage_type=IMAGE_APPARENTLY_UNUSED|DERIVED original_ids=533|745|985",APPLIED
media,asset:multimedia/imagenes/productos/ca6508f8b111dad227a6d111e3a8e4e1ab945137.jpg,R-M02,REVIEW,SKIP,"media-master.csv:multimedia/imagenes/productos/ca6508f8b111dad227a6d111e3a8e4e1ab945137.jpg usage_type=IMAGE_APPARENTLY_UNUSED|DERIVED|EXACT_DUPLICATE_BYTES original_ids=735",APPLIED
media,asset:multimedia/imagenes/productos/cabf3ce04f2934cf3dc33b386f7936919c1e9369.jpg,R-M02,REVIEW,SKIP,"media-master.csv:multimedia/imagenes/productos/cabf3ce04f2934cf3dc33b386f7936919c1e9369.jpg usage_type=IMAGE_APPARENTLY_UNUSED|DERIVED original_ids=246|869",APPLIED
media,asset:multimedia/imagenes/productos/cafb56679413360bd08d5200b1b925282b4b2151.jpg,R-M02,REVIEW,SKIP,"media-master.csv:multimedia/imagenes/productos/cafb56679413360bd08d5200b1b925282b4b2151.jpg usage_type=IMAGE_APPARENTLY_UNUSED|DERIVED original_ids=888",APPLIED
media,asset:multimedia/imagenes/productos/cb86dd9383b3ea7221cda7b42bf813a1886a6d90.jpg,R-M02,REVIEW,SKIP,"media-master.csv:multimedia/imagenes/productos/cb86dd9383b3ea7221cda7b42bf813a1886a6d90.jpg usage_type=IMAGE_APPARENTLY_UNUSED|DERIVED|EXACT_DUPLICATE_BYTES original_ids=236|844",APPLIED
media,asset:multimedia/imagenes/productos/cbb4e1d2f49f3b383989e986f11f143592437b0c.jpg,R-M02,REVIEW,SKIP,"media-master.csv:multimedia/imagenes/productos/cbb4e1d2f49f3b383989e986f11f143592437b0c.jpg usage_type=IMAGE_APPARENTLY_UNUSED|DERIVED original_ids=499|919",APPLIED
media,asset:multimedia/imagenes/productos/cbb7a795851f9423111a9f86c5474e64205d7826.png,R-M02,REVIEW,SKIP,"media-master.csv:multimedia/imagenes/productos/cbb7a795851f9423111a9f86c5474e64205d7826.png usage_type=IMAGE_APPARENTLY_UNUSED|DERIVED original_ids=897",APPLIED
media,asset:multimedia/imagenes/productos/cbbe8711032c3fbdf4fe5ba178232f991646da2a.jpg,R-M02,REVIEW,SKIP,"media-master.csv:multimedia/imagenes/productos/cbbe8711032c3fbdf4fe5ba178232f991646da2a.jpg usage_type=IMAGE_APPARENTLY_UNUSED|DERIVED original_ids=1339",APPLIED
media,asset:multimedia/imagenes/productos/cbd6a7cacb8c2a97d286305d91a35621f578ccb4.jpg,R-M02,REVIEW,SKIP,"media-master.csv:multimedia/imagenes/productos/cbd6a7cacb8c2a97d286305d91a35621f578ccb4.jpg usage_type=IMAGE_APPARENTLY_UNUSED|DERIVED|EXACT_DUPLICATE_BYTES original_ids=1020|361",APPLIED
media,asset:multimedia/imagenes/productos/cc14617ba38fa72399127d7935ac144f16ef5073.jpg,R-M02,REVIEW,SKIP,"media-master.csv:multimedia/imagenes/productos/cc14617ba38fa72399127d7935ac144f16ef5073.jpg usage_type=IMAGE_APPARENTLY_UNUSED|DERIVED original_ids=523|980",APPLIED
media,asset:multimedia/imagenes/productos/cc7cf71256da2123d44f664f2d3eeb5ff939267f.jpg,R-M02,REVIEW,SKIP,"media-master.csv:multimedia/imagenes/productos/cc7cf71256da2123d44f664f2d3eeb5ff939267f.jpg usage_type=IMAGE_APPARENTLY_UNUSED|DERIVED|EXACT_DUPLICATE_BYTES original_ids=1335",APPLIED
media,asset:multimedia/imagenes/productos/ccb9317c9259da95f8d10f948ff5580786e68a89.jpg,R-M02,REVIEW,SKIP,"media-master.csv:multimedia/imagenes/productos/ccb9317c9259da95f8d10f948ff5580786e68a89.jpg usage_type=IMAGE_APPARENTLY_UNUSED|DERIVED original_ids=702",APPLIED
media,asset:multimedia/imagenes/productos/cce6236c1a67ce92704e4746a358a4d34ef3e63c.png,R-M02,REVIEW,SKIP,"media-master.csv:multimedia/imagenes/productos/cce6236c1a67ce92704e4746a358a4d34ef3e63c.png usage_type=IMAGE_APPARENTLY_UNUSED|DERIVED original_ids=1227|556",APPLIED
media,asset:multimedia/imagenes/productos/cd72ab26741874ce0f7e1436cdbdb6940f05bc64.jpg,R-M02,REVIEW,SKIP,"media-master.csv:multimedia/imagenes/productos/cd72ab26741874ce0f7e1436cdbdb6940f05bc64.jpg usage_type=IMAGE_APPARENTLY_UNUSED|DERIVED original_ids=246|869",APPLIED
media,asset:multimedia/imagenes/productos/cd9e61da0f4ef4ff4afd7603edb90379316d5cef.jpg,R-M02,REVIEW,SKIP,"media-master.csv:multimedia/imagenes/productos/cd9e61da0f4ef4ff4afd7603edb90379316d5cef.jpg usage_type=IMAGE_APPARENTLY_UNUSED|DERIVED original_ids=627",APPLIED
media,asset:multimedia/imagenes/productos/ce07dd12a1a83be16c07305343e7156742ecf887.png,R-M02,REVIEW,SKIP,"media-master.csv:multimedia/imagenes/productos/ce07dd12a1a83be16c07305343e7156742ecf887.png usage_type=IMAGE_APPARENTLY_UNUSED|DERIVED original_ids=183|273|318|928",APPLIED
media,asset:multimedia/imagenes/productos/ce13faef77af29e3d6535bbe149ddb25bd46b55b.png,R-M02,REVIEW,SKIP,"media-master.csv:multimedia/imagenes/productos/ce13faef77af29e3d6535bbe149ddb25bd46b55b.png usage_type=IMAGE_APPARENTLY_UNUSED|DERIVED original_ids=1024|365",APPLIED
media,asset:multimedia/imagenes/productos/ce6cc9fcbdc795c9d2661d4bb871567fc0265b0d.png,R-M02,REVIEW,SKIP,"media-master.csv:multimedia/imagenes/productos/ce6cc9fcbdc795c9d2661d4bb871567fc0265b0d.png usage_type=IMAGE_APPARENTLY_UNUSED|DERIVED original_ids=206",APPLIED
media,asset:multimedia/imagenes/productos/cea589235ec4bbb4be5c3a0eff13c0982e149ceb.jpg,R-M02,REVIEW,SKIP,"media-master.csv:multimedia/imagenes/productos/cea589235ec4bbb4be5c3a0eff13c0982e149ceb.jpg usage_type=IMAGE_APPARENTLY_UNUSED|DERIVED original_ids=834",APPLIED
media,asset:multimedia/imagenes/productos/cf223b07a6bd1a0f24109a5e6a52d004a62f9a68.jpg,R-M02,REVIEW,SKIP,"media-master.csv:multimedia/imagenes/productos/cf223b07a6bd1a0f24109a5e6a52d004a62f9a68.jpg usage_type=IMAGE_APPARENTLY_UNUSED|DERIVED original_ids=1311",APPLIED
media,asset:multimedia/imagenes/productos/d0053babc3d4fbf4ed643151d4c262c6f1fbd3c6.jpg,R-M02,REVIEW,SKIP,"media-master.csv:multimedia/imagenes/productos/d0053babc3d4fbf4ed643151d4c262c6f1fbd3c6.jpg usage_type=IMAGE_APPARENTLY_UNUSED|DERIVED original_ids=726",APPLIED
media,asset:multimedia/imagenes/productos/d0564ebbf468f07c5302465bb7e116748a212d21.png,R-M02,REVIEW,SKIP,"media-master.csv:multimedia/imagenes/productos/d0564ebbf468f07c5302465bb7e116748a212d21.png usage_type=IMAGE_APPARENTLY_UNUSED|DERIVED original_ids=579",APPLIED
media,asset:multimedia/imagenes/productos/d0c8696fd269f95898e83d2f7403210379305210.jpg,R-M02,REVIEW,SKIP,"media-master.csv:multimedia/imagenes/productos/d0c8696fd269f95898e83d2f7403210379305210.jpg usage_type=IMAGE_APPARENTLY_UNUSED|DERIVED original_ids=463",APPLIED
media,asset:multimedia/imagenes/productos/d0fab9f00d88520627d3ec823615216d8a729abc.png,R-M02,REVIEW,SKIP,"media-master.csv:multimedia/imagenes/productos/d0fab9f00d88520627d3ec823615216d8a729abc.png usage_type=IMAGE_APPARENTLY_UNUSED|DERIVED original_ids=1096|231",APPLIED
media,asset:multimedia/imagenes/productos/d1beb089b9149f44872906db3f34f93d202a61b6.png,R-M02,REVIEW,SKIP,"media-master.csv:multimedia/imagenes/productos/d1beb089b9149f44872906db3f34f93d202a61b6.png usage_type=IMAGE_APPARENTLY_UNUSED|DERIVED original_ids=1250",APPLIED
media,asset:multimedia/imagenes/productos/d2c4f71c668240ea3ba6916497fd70b2c3606ad5.jpg,R-M02,REVIEW,SKIP,"media-master.csv:multimedia/imagenes/productos/d2c4f71c668240ea3ba6916497fd70b2c3606ad5.jpg usage_type=IMAGE_APPARENTLY_UNUSED|DERIVED original_ids=481|901",APPLIED
media,asset:multimedia/imagenes/productos/d3406d2e8ecb6d2c64e6862e3ed1cfe460479186.jpg,R-M02,REVIEW,SKIP,"media-master.csv:multimedia/imagenes/productos/d3406d2e8ecb6d2c64e6862e3ed1cfe460479186.jpg usage_type=IMAGE_APPARENTLY_UNUSED|DERIVED original_ids=1199|31|351",APPLIED
media,asset:multimedia/imagenes/productos/d3b7fc0b86dc09a6c499b3a93f0fda28568d51d9.jpg,R-M02,REVIEW,SKIP,"media-master.csv:multimedia/imagenes/productos/d3b7fc0b86dc09a6c499b3a93f0fda28568d51d9.jpg usage_type=IMAGE_APPARENTLY_UNUSED|DERIVED original_ids=300|631",APPLIED
media,asset:multimedia/imagenes/productos/d3dc13c79e7321ed72c1caa36368c49f4b73df02.jpg,R-M02,REVIEW,SKIP,"media-master.csv:multimedia/imagenes/productos/d3dc13c79e7321ed72c1caa36368c49f4b73df02.jpg usage_type=IMAGE_APPARENTLY_UNUSED|DERIVED original_ids=780",APPLIED
media,asset:multimedia/imagenes/productos/d4ea235fc3fb2283cce2bfe13e840f28fa57ab55.jpg,R-M02,REVIEW,SKIP,"media-master.csv:multimedia/imagenes/productos/d4ea235fc3fb2283cce2bfe13e840f28fa57ab55.jpg usage_type=IMAGE_APPARENTLY_UNUSED|DERIVED original_ids=1295",APPLIED
media,asset:multimedia/imagenes/productos/d4f4f265a05df2f5187a19261fd861dad02ff37a.jpg,R-M02,REVIEW,SKIP,"media-master.csv:multimedia/imagenes/productos/d4f4f265a05df2f5187a19261fd861dad02ff37a.jpg usage_type=IMAGE_APPARENTLY_UNUSED|DERIVED original_ids=1063|1138|429",APPLIED
media,asset:multimedia/imagenes/productos/d5759a4919fb40e100ab61d68efe18faa09fcda6.jpg,R-M02,REVIEW,SKIP,"media-master.csv:multimedia/imagenes/productos/d5759a4919fb40e100ab61d68efe18faa09fcda6.jpg usage_type=IMAGE_APPARENTLY_UNUSED|DERIVED original_ids=1299",APPLIED
media,asset:multimedia/imagenes/productos/d68040332edf29629844e01f358791da732f15f2.jpg,R-M02,REVIEW,SKIP,"media-master.csv:multimedia/imagenes/productos/d68040332edf29629844e01f358791da732f15f2.jpg usage_type=IMAGE_APPARENTLY_UNUSED|DERIVED original_ids=1331",APPLIED
media,asset:multimedia/imagenes/productos/d6b124cf6776639f59572f326a1f8079be09d49c.png,R-M02,REVIEW,SKIP,"media-master.csv:multimedia/imagenes/productos/d6b124cf6776639f59572f326a1f8079be09d49c.png usage_type=IMAGE_APPARENTLY_UNUSED|DERIVED original_ids=222|957",APPLIED
media,asset:multimedia/imagenes/productos/d6da9dda34e774bbbbb12dc50e2391c2ef8ef007.jpg,R-M02,REVIEW,SKIP,"media-master.csv:multimedia/imagenes/productos/d6da9dda34e774bbbbb12dc50e2391c2ef8ef007.jpg usage_type=IMAGE_APPARENTLY_UNUSED|DERIVED original_ids=528|750|990",APPLIED
media,asset:multimedia/imagenes/productos/d788b167cfa5dcf91faff96bad7c504efeb721e9.png,R-M02,REVIEW,SKIP,"media-master.csv:multimedia/imagenes/productos/d788b167cfa5dcf91faff96bad7c504efeb721e9.png usage_type=IMAGE_APPARENTLY_UNUSED|DERIVED original_ids=897",APPLIED
media,asset:multimedia/imagenes/productos/d7b1d0215380eb9ec6869971bba9bfe0beeeb377.jpg,R-M02,REVIEW,SKIP,"media-master.csv:multimedia/imagenes/productos/d7b1d0215380eb9ec6869971bba9bfe0beeeb377.jpg usage_type=IMAGE_APPARENTLY_UNUSED|DERIVED original_ids=1181|600|812",APPLIED
media,asset:multimedia/imagenes/productos/d8068e9397735dbea2a0cc443121d94f5bb84777.jpg,R-M02,REVIEW,SKIP,"media-master.csv:multimedia/imagenes/productos/d8068e9397735dbea2a0cc443121d94f5bb84777.jpg usage_type=IMAGE_APPARENTLY_UNUSED|DERIVED original_ids=1232|337",APPLIED
media,asset:multimedia/imagenes/productos/d8f098c77551e3cab1314a69a738ac9afeaf3987.png,R-M02,REVIEW,SKIP,"media-master.csv:multimedia/imagenes/productos/d8f098c77551e3cab1314a69a738ac9afeaf3987.png usage_type=IMAGE_APPARENTLY_UNUSED|DERIVED original_ids=1055|1151|450",APPLIED
media,asset:multimedia/imagenes/productos/d924a5d2393a2cdd6ea0c4db31f1b58b04826ae8.jpg,R-M02,REVIEW,SKIP,"media-master.csv:multimedia/imagenes/productos/d924a5d2393a2cdd6ea0c4db31f1b58b04826ae8.jpg usage_type=IMAGE_APPARENTLY_UNUSED|DERIVED original_ids=481|901",APPLIED
media,asset:multimedia/imagenes/productos/d94a4eaa527787af3622e1efcc52c84ee7c6907d.png,R-M02,REVIEW,SKIP,"media-master.csv:multimedia/imagenes/productos/d94a4eaa527787af3622e1efcc52c84ee7c6907d.png usage_type=IMAGE_APPARENTLY_UNUSED|DERIVED original_ids=1008|403",APPLIED
media,asset:multimedia/imagenes/productos/d9fea1569b54c774379c8a3edcbed537fc17ac8d.jpg,R-M02,REVIEW,SKIP,"media-master.csv:multimedia/imagenes/productos/d9fea1569b54c774379c8a3edcbed537fc17ac8d.jpg usage_type=IMAGE_APPARENTLY_UNUSED|DERIVED original_ids=1256",APPLIED
media,asset:multimedia/imagenes/productos/da49fd5ba58498e597c77148924dd0f500cfbe3d.jpg,R-M02,REVIEW,SKIP,"media-master.csv:multimedia/imagenes/productos/da49fd5ba58498e597c77148924dd0f500cfbe3d.jpg usage_type=IMAGE_APPARENTLY_UNUSED|DERIVED original_ids=834",APPLIED
media,asset:multimedia/imagenes/productos/da8865fb2bfb6d5c30e35b69be3d2a26792394c6.jpg,R-M02,REVIEW,SKIP,"media-master.csv:multimedia/imagenes/productos/da8865fb2bfb6d5c30e35b69be3d2a26792394c6.jpg usage_type=IMAGE_APPARENTLY_UNUSED|DERIVED original_ids=1237|356",APPLIED
media,asset:multimedia/imagenes/productos/da9aafdab5fda14f4ecec9132ab48a92358ec892.jpg,R-M02,REVIEW,SKIP,"media-master.csv:multimedia/imagenes/productos/da9aafdab5fda14f4ecec9132ab48a92358ec892.jpg usage_type=IMAGE_APPARENTLY_UNUSED|DERIVED original_ids=468",APPLIED
media,asset:multimedia/imagenes/productos/dac57364c2154a553023fa2752cd38650552575f.jpg,R-M02,REVIEW,SKIP,"media-master.csv:multimedia/imagenes/productos/dac57364c2154a553023fa2752cd38650552575f.jpg usage_type=IMAGE_APPARENTLY_UNUSED|DERIVED original_ids=528|750|990",APPLIED
media,asset:multimedia/imagenes/productos/db63eede089c5c38e228d0beec2cb17effb7576d.jpg,R-M02,REVIEW,SKIP,"media-master.csv:multimedia/imagenes/productos/db63eede089c5c38e228d0beec2cb17effb7576d.jpg usage_type=IMAGE_APPARENTLY_UNUSED|DERIVED original_ids=1039|409",APPLIED
media,asset:multimedia/imagenes/productos/db88124010c8fd74436ab47c242f52ca0b056d98.jpg,R-M02,REVIEW,SKIP,"media-master.csv:multimedia/imagenes/productos/db88124010c8fd74436ab47c242f52ca0b056d98.jpg usage_type=IMAGE_APPARENTLY_UNUSED|DERIVED|EXACT_DUPLICATE_BYTES original_ids=1|962|971|995",APPLIED
media,asset:multimedia/imagenes/productos/dbaad9231e6c850e3338b54ef2719ae62656d2a5.jpg,R-M02,REVIEW,SKIP,"media-master.csv:multimedia/imagenes/productos/dbaad9231e6c850e3338b54ef2719ae62656d2a5.jpg usage_type=IMAGE_APPARENTLY_UNUSED|DERIVED original_ids=1315",APPLIED
media,asset:multimedia/imagenes/productos/dcca97a809b840b3b96e0a75d2e43662f42261ee.jpg,R-M02,REVIEW,SKIP,"media-master.csv:multimedia/imagenes/productos/dcca97a809b840b3b96e0a75d2e43662f42261ee.jpg usage_type=IMAGE_APPARENTLY_UNUSED|DERIVED original_ids=722",APPLIED
media,asset:multimedia/imagenes/productos/dd1b328cbb85ef5a39cf1c8b989599af4f7e69f1.png,R-M02,REVIEW,SKIP,"media-master.csv:multimedia/imagenes/productos/dd1b328cbb85ef5a39cf1c8b989599af4f7e69f1.png usage_type=IMAGE_APPARENTLY_UNUSED|DERIVED original_ids=1177|596|604|808",APPLIED
media,asset:multimedia/imagenes/productos/ddbc1e4d00b31375624cce25667ebbfcb96b5f99.jpg,R-M02,REVIEW,SKIP,"media-master.csv:multimedia/imagenes/productos/ddbc1e4d00b31375624cce25667ebbfcb96b5f99.jpg usage_type=IMAGE_APPARENTLY_UNUSED|DERIVED original_ids=468",APPLIED
media,asset:multimedia/imagenes/productos/dec91cdc543e16578bf8e7e7c7656ff85ffafdcf.png,R-M02,REVIEW,SKIP,"media-master.csv:multimedia/imagenes/productos/dec91cdc543e16578bf8e7e7c7656ff85ffafdcf.png usage_type=IMAGE_APPARENTLY_UNUSED|DERIVED|EXACT_DUPLICATE_BYTES original_ids=1004|399",APPLIED
media,asset:multimedia/imagenes/productos/dee736ff1509240e1ecd2d7ec3e9e1cb2b55f4ce.jpg,R-M02,REVIEW,SKIP,"media-master.csv:multimedia/imagenes/productos/dee736ff1509240e1ecd2d7ec3e9e1cb2b55f4ce.jpg usage_type=IMAGE_APPARENTLY_UNUSED|DERIVED original_ids=533|745|985",APPLIED
media,asset:multimedia/imagenes/productos/df2960127f1975f4e32ee5324d7fee58e6b1989b.jpg,R-M02,REVIEW,SKIP,"media-master.csv:multimedia/imagenes/productos/df2960127f1975f4e32ee5324d7fee58e6b1989b.jpg usage_type=IMAGE_APPARENTLY_UNUSED|DERIVED original_ids=1289",APPLIED
media,asset:multimedia/imagenes/productos/dffbd807d553231185e92dbe99920c1e820c4705.jpg,R-M02,REVIEW,SKIP,"media-master.csv:multimedia/imagenes/productos/dffbd807d553231185e92dbe99920c1e820c4705.jpg usage_type=IMAGE_APPARENTLY_UNUSED|DERIVED original_ids=1335",APPLIED
media,asset:multimedia/imagenes/productos/e0735c5d3fa243e3b3a3508b05c171ad43c482a0.jpg,R-M02,REVIEW,SKIP,"media-master.csv:multimedia/imagenes/productos/e0735c5d3fa243e3b3a3508b05c171ad43c482a0.jpg usage_type=IMAGE_APPARENTLY_UNUSED|DERIVED original_ids=508|755",APPLIED
media,asset:multimedia/imagenes/productos/e07cb931ddc8438c654e09781cb8574a4a017558.jpg,R-M02,REVIEW,SKIP,"media-master.csv:multimedia/imagenes/productos/e07cb931ddc8438c654e09781cb8574a4a017558.jpg usage_type=IMAGE_APPARENTLY_UNUSED|DERIVED original_ids=687",APPLIED
media,asset:multimedia/imagenes/productos/e098729402b2480f2ed9d78b1ceee7bba33bbaa3.png,R-M02,REVIEW,SKIP,"media-master.csv:multimedia/imagenes/productos/e098729402b2480f2ed9d78b1ceee7bba33bbaa3.png usage_type=IMAGE_APPARENTLY_UNUSED|DERIVED|EXACT_DUPLICATE_BYTES original_ids=1218|617",APPLIED
media,asset:multimedia/imagenes/productos/e110f8b723c685246ac3b82b3e37a04cdcae9417.png,R-M02,REVIEW,SKIP,"media-master.csv:multimedia/imagenes/productos/e110f8b723c685246ac3b82b3e37a04cdcae9417.png usage_type=IMAGE_APPARENTLY_UNUSED|DERIVED original_ids=183|273|318|928",APPLIED
media,asset:multimedia/imagenes/productos/e127c73d075f64bcabd7fd264e8ead5d3f6f505b.jpg,R-M02,REVIEW,SKIP,"media-master.csv:multimedia/imagenes/productos/e127c73d075f64bcabd7fd264e8ead5d3f6f505b.jpg usage_type=IMAGE_APPARENTLY_UNUSED|DERIVED|EXACT_DUPLICATE_BYTES original_ids=1209|1214|574|613",APPLIED
media,asset:multimedia/imagenes/productos/e26364511d4363febc983aa404df880187b80b78.png,R-M02,REVIEW,SKIP,"media-master.csv:multimedia/imagenes/productos/e26364511d4363febc983aa404df880187b80b78.png usage_type=IMAGE_APPARENTLY_UNUSED|DERIVED original_ids=218|953",APPLIED
media,asset:multimedia/imagenes/productos/e2f00fbf744c7ba8a3a30f48ce4fc6bd4f49ea9c.jpg,R-M02,REVIEW,SKIP,"media-master.csv:multimedia/imagenes/productos/e2f00fbf744c7ba8a3a30f48ce4fc6bd4f49ea9c.jpg usage_type=IMAGE_APPARENTLY_UNUSED|DERIVED original_ids=1277",APPLIED
media,asset:multimedia/imagenes/productos/e326f679c5cc33cb0c4389f47e0e44752fbdafe6.jpg,R-M02,REVIEW,SKIP,"media-master.csv:multimedia/imagenes/productos/e326f679c5cc33cb0c4389f47e0e44752fbdafe6.jpg usage_type=IMAGE_APPARENTLY_UNUSED|DERIVED original_ids=1331",APPLIED
media,asset:multimedia/imagenes/productos/e43141f69bf9d40f2183f4c5d8f6626e33078301.jpg,R-M02,REVIEW,SKIP,"media-master.csv:multimedia/imagenes/productos/e43141f69bf9d40f2183f4c5d8f6626e33078301.jpg usage_type=IMAGE_APPARENTLY_UNUSED|DERIVED original_ids=1260|561",APPLIED
media,asset:multimedia/imagenes/productos/e49c09b9acccd4dcc35fe401a28a23005c4a5792.jpg,R-M02,REVIEW,SKIP,"media-master.csv:multimedia/imagenes/productos/e49c09b9acccd4dcc35fe401a28a23005c4a5792.jpg usage_type=IMAGE_APPARENTLY_UNUSED|DERIVED original_ids=1289",APPLIED
media,asset:multimedia/imagenes/productos/e5f6663418ee3dd23acffb6ea3c3d74f5c3cfc77.jpg,R-M02,REVIEW,SKIP,"media-master.csv:multimedia/imagenes/productos/e5f6663418ee3dd23acffb6ea3c3d74f5c3cfc77.jpg usage_type=IMAGE_APPARENTLY_UNUSED|DERIVED original_ids=924",APPLIED
media,asset:multimedia/imagenes/productos/e6cf2ac8debdf92333a172629bd3ef963c88d306.jpg,R-M02,REVIEW,SKIP,"media-master.csv:multimedia/imagenes/productos/e6cf2ac8debdf92333a172629bd3ef963c88d306.jpg usage_type=IMAGE_APPARENTLY_UNUSED|DERIVED original_ids=300|631",APPLIED
media,asset:multimedia/imagenes/productos/e79270b2331f2e3a2291fc58e78dc390512d8d8f.jpg,R-M02,REVIEW,SKIP,"media-master.csv:multimedia/imagenes/productos/e79270b2331f2e3a2291fc58e78dc390512d8d8f.jpg usage_type=IMAGE_APPARENTLY_UNUSED|DERIVED|EXACT_DUPLICATE_BYTES original_ids=1209|1214|574|613",APPLIED
media,asset:multimedia/imagenes/productos/e7b3c802ebe2cdce993382bf06772f14d3e88a56.jpg,R-M02,REVIEW,SKIP,"media-master.csv:multimedia/imagenes/productos/e7b3c802ebe2cdce993382bf06772f14d3e88a56.jpg usage_type=IMAGE_APPARENTLY_UNUSED|DERIVED original_ids=722",APPLIED
media,asset:multimedia/imagenes/productos/e89845e7c86223d440ecc3f0d10e8877190b6523.jpg,R-M02,REVIEW,SKIP,"media-master.csv:multimedia/imagenes/productos/e89845e7c86223d440ecc3f0d10e8877190b6523.jpg usage_type=IMAGE_APPARENTLY_UNUSED|DERIVED|EXACT_DUPLICATE_BYTES original_ids=241",APPLIED
media,asset:multimedia/imagenes/productos/e956f222de67a6afaded7c0d253650ed08ab8fd8.png,R-M02,REVIEW,SKIP,"media-master.csv:multimedia/imagenes/productos/e956f222de67a6afaded7c0d253650ed08ab8fd8.png usage_type=IMAGE_APPARENTLY_UNUSED|DERIVED original_ids=423",APPLIED
media,asset:multimedia/imagenes/productos/e959fd1c4a20b3d4d986a941b241a4dae6a1c138.jpg,R-M02,REVIEW,SKIP,"media-master.csv:multimedia/imagenes/productos/e959fd1c4a20b3d4d986a941b241a4dae6a1c138.jpg usage_type=IMAGE_APPARENTLY_UNUSED|DERIVED original_ids=236|844",APPLIED
media,asset:multimedia/imagenes/productos/e9e7365da17e4ef563b7489538569b9380ce070d.jpg,R-M02,REVIEW,SKIP,"media-master.csv:multimedia/imagenes/productos/e9e7365da17e4ef563b7489538569b9380ce070d.jpg usage_type=IMAGE_APPARENTLY_UNUSED|DERIVED original_ids=485|905",APPLIED
media,asset:multimedia/imagenes/productos/ea362de52a1c2cb3908c25ade2858ecb078d3c3a.png,R-M02,REVIEW,SKIP,"media-master.csv:multimedia/imagenes/productos/ea362de52a1c2cb3908c25ade2858ecb078d3c3a.png usage_type=IMAGE_APPARENTLY_UNUSED|DERIVED original_ids=179|269|314",APPLIED
media,asset:multimedia/imagenes/productos/eb34820e7831163867ff8a1f9595f0a31ef2083a.png,R-M02,REVIEW,SKIP,"media-master.csv:multimedia/imagenes/productos/eb34820e7831163867ff8a1f9595f0a31ef2083a.png usage_type=IMAGE_APPARENTLY_UNUSED|DERIVED original_ids=1172|591|803",APPLIED
media,asset:multimedia/imagenes/productos/eb655633186fffb63c4f777cf240d0335bd39d62.png,R-M02,REVIEW,SKIP,"media-master.csv:multimedia/imagenes/productos/eb655633186fffb63c4f777cf240d0335bd39d62.png usage_type=IMAGE_APPARENTLY_UNUSED|DERIVED original_ids=413",APPLIED
media,asset:multimedia/imagenes/productos/ec7f161f21e026c393f39f6accc84ca8a571b04c.png,R-M02,REVIEW,SKIP,"media-master.csv:multimedia/imagenes/productos/ec7f161f21e026c393f39f6accc84ca8a571b04c.png usage_type=IMAGE_APPARENTLY_UNUSED|DERIVED original_ids=393",APPLIED
media,asset:multimedia/imagenes/productos/eccdd5a4c019cb488108595c5cf38897f36d7fc7.jpg,R-M02,REVIEW,SKIP,"media-master.csv:multimedia/imagenes/productos/eccdd5a4c019cb488108595c5cf38897f36d7fc7.jpg usage_type=IMAGE_APPARENTLY_UNUSED|DERIVED original_ids=760",APPLIED
media,asset:multimedia/imagenes/productos/ecd98bc955a0f0ef451f69f6ce464e3edcdf4dda.jpg,R-M02,REVIEW,SKIP,"media-master.csv:multimedia/imagenes/productos/ecd98bc955a0f0ef451f69f6ce464e3edcdf4dda.jpg usage_type=IMAGE_APPARENTLY_UNUSED|DERIVED original_ids=717",APPLIED
media,asset:multimedia/imagenes/productos/ed63d21ccf2da2fdcf0ffdef6bb5a8138902ae22.jpg,R-M02,REVIEW,SKIP,"media-master.csv:multimedia/imagenes/productos/ed63d21ccf2da2fdcf0ffdef6bb5a8138902ae22.jpg usage_type=IMAGE_APPARENTLY_UNUSED|DERIVED original_ids=1232|337",APPLIED
media,asset:multimedia/imagenes/productos/ee5b6d74c80aaba168a0dc672007661b8f2de72c.jpg,R-M02,REVIEW,SKIP,"media-master.csv:multimedia/imagenes/productos/ee5b6d74c80aaba168a0dc672007661b8f2de72c.jpg usage_type=IMAGE_APPARENTLY_UNUSED|DERIVED original_ids=627",APPLIED
media,asset:multimedia/imagenes/productos/eeb79ca05b58fd631fb4b77d54b5be389d4813ca.jpg,R-M02,REVIEW,SKIP,"media-master.csv:multimedia/imagenes/productos/eeb79ca05b58fd631fb4b77d54b5be389d4813ca.jpg usage_type=IMAGE_APPARENTLY_UNUSED|DERIVED original_ids=1020|361",APPLIED
media,asset:multimedia/imagenes/productos/eec8e99dd321286ef3000952229a7889b9c52f3f.jpg,R-M02,REVIEW,SKIP,"media-master.csv:multimedia/imagenes/productos/eec8e99dd321286ef3000952229a7889b9c52f3f.jpg usage_type=IMAGE_APPARENTLY_UNUSED|DERIVED original_ids=463",APPLIED
media,asset:multimedia/imagenes/productos/eed0b9ef4d2d56caff43c695c707c98ca80267ce.png,R-M02,REVIEW,SKIP,"media-master.csv:multimedia/imagenes/productos/eed0b9ef4d2d56caff43c695c707c98ca80267ce.png usage_type=IMAGE_APPARENTLY_UNUSED|DERIVED original_ids=1250",APPLIED
media,asset:multimedia/imagenes/productos/ef0963eb15946f07dd1d427c167dc48109d6e87a.jpg,R-M02,REVIEW,SKIP,"media-master.csv:multimedia/imagenes/productos/ef0963eb15946f07dd1d427c167dc48109d6e87a.jpg usage_type=IMAGE_APPARENTLY_UNUSED|DERIVED|EXACT_DUPLICATE_BYTES original_ids=1|962|971|995",APPLIED
media,asset:multimedia/imagenes/productos/efabe058bba1b6f7db9aa905c1f147991869ff01.jpg,R-M02,REVIEW,SKIP,"media-master.csv:multimedia/imagenes/productos/efabe058bba1b6f7db9aa905c1f147991869ff01.jpg usage_type=IMAGE_APPARENTLY_UNUSED|DERIVED original_ids=740",APPLIED
media,asset:multimedia/imagenes/productos/efcabb70e881cdabe7e2e5c2ca72e38aae007ec7.jpg,R-M02,REVIEW,SKIP,"media-master.csv:multimedia/imagenes/productos/efcabb70e881cdabe7e2e5c2ca72e38aae007ec7.jpg usage_type=IMAGE_APPARENTLY_UNUSED|DERIVED original_ids=1327",APPLIED
media,asset:multimedia/imagenes/productos/f075098ac7aad4433b88699753cfdb55fbcf6d3f.png,R-M02,REVIEW,SKIP,"media-master.csv:multimedia/imagenes/productos/f075098ac7aad4433b88699753cfdb55fbcf6d3f.png usage_type=IMAGE_APPARENTLY_UNUSED|DERIVED original_ids=1185|608|816",APPLIED
media,asset:multimedia/imagenes/productos/f0ae2486837817472e8528e028108dc2c87567e6.jpg,R-M02,REVIEW,SKIP,"media-master.csv:multimedia/imagenes/productos/f0ae2486837817472e8528e028108dc2c87567e6.jpg usage_type=IMAGE_APPARENTLY_UNUSED|DERIVED original_ids=859",APPLIED
media,asset:multimedia/imagenes/productos/f0eb6b339324ccc55b54057c1452c54a24f17e38.jpg,R-M02,REVIEW,SKIP,"media-master.csv:multimedia/imagenes/productos/f0eb6b339324ccc55b54057c1452c54a24f17e38.jpg usage_type=IMAGE_APPARENTLY_UNUSED|DERIVED original_ids=196|825",APPLIED
media,asset:multimedia/imagenes/productos/f14a440a3dd06e6f2c9eb33028efa68d17c042c6.png,R-M02,REVIEW,SKIP,"media-master.csv:multimedia/imagenes/productos/f14a440a3dd06e6f2c9eb33028efa68d17c042c6.png usage_type=IMAGE_APPARENTLY_UNUSED|DERIVED|EXACT_DUPLICATE_BYTES original_ids=214|949",APPLIED
media,asset:multimedia/imagenes/productos/f24556f8035da8125933b90d83aabfe700c022a7.png,R-M02,REVIEW,SKIP,"media-master.csv:multimedia/imagenes/productos/f24556f8035da8125933b90d83aabfe700c022a7.png usage_type=IMAGE_APPARENTLY_UNUSED|DERIVED original_ids=1194|374",APPLIED
media,asset:multimedia/imagenes/productos/f33cdc671282ed4ba8c5c02345a236cf73546e13.png,R-M02,REVIEW,SKIP,"media-master.csv:multimedia/imagenes/productos/f33cdc671282ed4ba8c5c02345a236cf73546e13.png usage_type=IMAGE_APPARENTLY_UNUSED|DERIVED original_ids=1246",APPLIED
media,asset:multimedia/imagenes/productos/f3db8943fa6e28e903591340e43b828dd4b15e1f.jpg,R-M02,REVIEW,SKIP,"media-master.csv:multimedia/imagenes/productos/f3db8943fa6e28e903591340e43b828dd4b15e1f.jpg usage_type=IMAGE_APPARENTLY_UNUSED|DERIVED original_ids=775",APPLIED
media,asset:multimedia/imagenes/productos/f40555a74cc4a1426eae149044fd6b3d70ee5278.jpg,R-M02,REVIEW,SKIP,"media-master.csv:multimedia/imagenes/productos/f40555a74cc4a1426eae149044fd6b3d70ee5278.jpg usage_type=IMAGE_APPARENTLY_UNUSED|DERIVED original_ids=260|645",APPLIED
media,asset:multimedia/imagenes/productos/f45bbe7b78cbb5a8b7730e7b891c3f1f43342e0d.png,R-M02,REVIEW,SKIP,"media-master.csv:multimedia/imagenes/productos/f45bbe7b78cbb5a8b7730e7b891c3f1f43342e0d.png usage_type=IMAGE_APPARENTLY_UNUSED|DERIVED original_ids=1218|617",APPLIED
media,asset:multimedia/imagenes/productos/f4ea3375f37b9d2767d11f6dcca792e4f78fddd9.png,R-M02,REVIEW,SKIP,"media-master.csv:multimedia/imagenes/productos/f4ea3375f37b9d2767d11f6dcca792e4f78fddd9.png usage_type=IMAGE_APPARENTLY_UNUSED|DERIVED original_ids=218|953",APPLIED
media,asset:multimedia/imagenes/productos/f54a295aa25bc0b7622c619643cfde5b84d00f81.jpg,R-M02,REVIEW,SKIP,"media-master.csv:multimedia/imagenes/productos/f54a295aa25bc0b7622c619643cfde5b84d00f81.jpg usage_type=IMAGE_APPARENTLY_UNUSED|DERIVED original_ids=830",APPLIED
media,asset:multimedia/imagenes/productos/f5df064859534f9e11965ec91850ded7b46a93f7.jpg,R-M02,REVIEW,SKIP,"media-master.csv:multimedia/imagenes/productos/f5df064859534f9e11965ec91850ded7b46a93f7.jpg usage_type=IMAGE_APPARENTLY_UNUSED|DERIVED original_ids=941",APPLIED
media,asset:multimedia/imagenes/productos/f5f705c816755cd6c0764b2b15e6b0fa4686ab17.jpg,R-M02,REVIEW,SKIP,"media-master.csv:multimedia/imagenes/productos/f5f705c816755cd6c0764b2b15e6b0fa4686ab17.jpg usage_type=IMAGE_APPARENTLY_UNUSED|DERIVED|EXACT_DUPLICATE_BYTES original_ids=1335",APPLIED
media,asset:multimedia/imagenes/productos/f62f5e05331c33d8d6ca84d6f7118f721f9f3c87.jpg,R-M02,REVIEW,SKIP,"media-master.csv:multimedia/imagenes/productos/f62f5e05331c33d8d6ca84d6f7118f721f9f3c87.jpg usage_type=IMAGE_APPARENTLY_UNUSED|DERIVED original_ids=19",APPLIED
media,asset:multimedia/imagenes/productos/f6db35d3941c816f0cc0273af3380d6b041182e4.jpg,R-M02,REVIEW,SKIP,"media-master.csv:multimedia/imagenes/productos/f6db35d3941c816f0cc0273af3380d6b041182e4.jpg usage_type=IMAGE_APPARENTLY_UNUSED|DERIVED|EXACT_DUPLICATE_BYTES original_ids=458",APPLIED
media,asset:multimedia/imagenes/productos/fa542d34fc223ed402b45634f41e5216af4810b8.jpg,R-M02,REVIEW,SKIP,"media-master.csv:multimedia/imagenes/productos/fa542d34fc223ed402b45634f41e5216af4810b8.jpg usage_type=IMAGE_APPARENTLY_UNUSED|DERIVED original_ids=668",APPLIED
media,asset:multimedia/imagenes/productos/faebb819b20b879d0593de9cb9c0a3e1431bd912.jpg,R-M02,REVIEW,SKIP,"media-master.csv:multimedia/imagenes/productos/faebb819b20b879d0593de9cb9c0a3e1431bd912.jpg usage_type=IMAGE_APPARENTLY_UNUSED|DERIVED original_ids=1299",APPLIED
media,asset:multimedia/imagenes/productos/fbce840f50903863f6c5e053242d383d3220fcc8.png,R-M02,REVIEW,SKIP,"media-master.csv:multimedia/imagenes/productos/fbce840f50903863f6c5e053242d383d3220fcc8.png usage_type=IMAGE_APPARENTLY_UNUSED|DERIVED original_ids=413",APPLIED
media,asset:multimedia/imagenes/productos/fca52262ded4090d045d40255d283fe0606067b7.png,R-M02,REVIEW,SKIP,"media-master.csv:multimedia/imagenes/productos/fca52262ded4090d045d40255d283fe0606067b7.png usage_type=IMAGE_APPARENTLY_UNUSED|DERIVED|EXACT_DUPLICATE_BYTES original_ids=1218|617",APPLIED
media,asset:multimedia/imagenes/productos/fdc93d31d8cb1564469693d53c78271fcccc2e46.png,R-M02,REVIEW,SKIP,"media-master.csv:multimedia/imagenes/productos/fdc93d31d8cb1564469693d53c78271fcccc2e46.png usage_type=IMAGE_APPARENTLY_UNUSED|DERIVED original_ids=1114",APPLIED
media,asset:multimedia/imagenes/productos/fed2b25952382e074a43550b9198c38e94727dea.png,R-M02,REVIEW,SKIP,"media-master.csv:multimedia/imagenes/productos/fed2b25952382e074a43550b9198c38e94727dea.png usage_type=IMAGE_APPARENTLY_UNUSED|DERIVED original_ids=423",APPLIED
media,asset:multimedia/imagenes/productos/ffbe83b398276a9f3dd5a1148082b81070a2a458.jpg,R-M02,REVIEW,SKIP,"media-master.csv:multimedia/imagenes/productos/ffbe83b398276a9f3dd5a1148082b81070a2a458.jpg usage_type=IMAGE_APPARENTLY_UNUSED|DERIVED|EXACT_DUPLICATE_BYTES original_ids=201|663",APPLIED
media,asset:fonts/bootstrap-icons.woff,R-M03,REVIEW,SKIP,"media-master.csv:fonts/bootstrap-icons.woff bucket=fonts",APPLIED
media,asset:fonts/bootstrap-icons.woff2,R-M03,REVIEW,SKIP,"media-master.csv:fonts/bootstrap-icons.woff2 bucket=fonts",APPLIED
media,asset:fonts/fa-brands-400.ttf,R-M03,REVIEW,SKIP,"media-master.csv:fonts/fa-brands-400.ttf bucket=fonts",APPLIED
media,asset:fonts/fa-brands-400.woff2,R-M03,REVIEW,SKIP,"media-master.csv:fonts/fa-brands-400.woff2 bucket=fonts",APPLIED
media,asset:fonts/fa-regular-400.ttf,R-M03,REVIEW,SKIP,"media-master.csv:fonts/fa-regular-400.ttf bucket=fonts",APPLIED
media,asset:fonts/fa-regular-400.woff2,R-M03,REVIEW,SKIP,"media-master.csv:fonts/fa-regular-400.woff2 bucket=fonts",APPLIED
media,asset:fonts/fa-solid-900.ttf,R-M03,REVIEW,SKIP,"media-master.csv:fonts/fa-solid-900.ttf bucket=fonts",APPLIED
media,asset:fonts/fa-solid-900.woff2,R-M03,REVIEW,SKIP,"media-master.csv:fonts/fa-solid-900.woff2 bucket=fonts",APPLIED
media,asset:fonts/fa-v4compatibility.ttf,R-M03,REVIEW,SKIP,"media-master.csv:fonts/fa-v4compatibility.ttf bucket=fonts",APPLIED
media,asset:fonts/fa-v4compatibility.woff2,R-M03,REVIEW,SKIP,"media-master.csv:fonts/fa-v4compatibility.woff2 bucket=fonts",APPLIED
media,asset:fonts/feather.eot,R-M03,REVIEW,SKIP,"media-master.csv:fonts/feather.eot bucket=fonts",APPLIED
media,asset:fonts/feather.svg,R-M03,REVIEW,SKIP,"media-master.csv:fonts/feather.svg bucket=fonts",APPLIED
media,asset:fonts/feather.ttf,R-M03,REVIEW,SKIP,"media-master.csv:fonts/feather.ttf bucket=fonts",APPLIED
media,asset:fonts/feather.woff,R-M03,REVIEW,SKIP,"media-master.csv:fonts/feather.woff bucket=fonts",APPLIED
media,asset:fonts/icomoon.eot,R-M03,REVIEW,SKIP,"media-master.csv:fonts/icomoon.eot bucket=fonts",APPLIED
media,asset:fonts/icomoon.svg,R-M03,REVIEW,SKIP,"media-master.csv:fonts/icomoon.svg bucket=fonts",APPLIED
media,asset:fonts/icomoon.ttf,R-M03,REVIEW,SKIP,"media-master.csv:fonts/icomoon.ttf bucket=fonts",APPLIED
media,asset:fonts/icomoon.woff,R-M03,REVIEW,SKIP,"media-master.csv:fonts/icomoon.woff bucket=fonts",APPLIED
media,asset:fonts/themify.eot,R-M03,REVIEW,SKIP,"media-master.csv:fonts/themify.eot bucket=fonts",APPLIED
media,asset:fonts/themify.svg,R-M03,REVIEW,SKIP,"media-master.csv:fonts/themify.svg bucket=fonts",APPLIED
media,asset:fonts/themify.ttf,R-M03,REVIEW,SKIP,"media-master.csv:fonts/themify.ttf bucket=fonts",APPLIED
media,asset:fonts/themify.woff,R-M03,REVIEW,SKIP,"media-master.csv:fonts/themify.woff bucket=fonts",APPLIED
media,asset:system/backoffice/calendar/skins/aqua/active-bg.gif,R-M03,REVIEW,SKIP,"media-master.csv:system/backoffice/calendar/skins/aqua/active-bg.gif bucket=system/backoffice",APPLIED
media,asset:system/backoffice/calendar/skins/aqua/dark-bg.gif,R-M03,REVIEW,SKIP,"media-master.csv:system/backoffice/calendar/skins/aqua/dark-bg.gif bucket=system/backoffice",APPLIED
media,asset:system/backoffice/calendar/skins/aqua/hover-bg.gif,R-M03,REVIEW,SKIP,"media-master.csv:system/backoffice/calendar/skins/aqua/hover-bg.gif bucket=system/backoffice",APPLIED
media,asset:system/backoffice/calendar/skins/aqua/menuarrow.gif,R-M03,REVIEW,SKIP,"media-master.csv:system/backoffice/calendar/skins/aqua/menuarrow.gif bucket=system/backoffice",APPLIED
media,asset:system/backoffice/calendar/skins/aqua/normal-bg.gif,R-M03,REVIEW,SKIP,"media-master.csv:system/backoffice/calendar/skins/aqua/normal-bg.gif bucket=system/backoffice",APPLIED
media,asset:system/backoffice/calendar/skins/aqua/rowhover-bg.gif,R-M03,REVIEW,SKIP,"media-master.csv:system/backoffice/calendar/skins/aqua/rowhover-bg.gif bucket=system/backoffice",APPLIED
media,asset:system/backoffice/calendar/skins/aqua/status-bg.gif,R-M03,REVIEW,SKIP,"media-master.csv:system/backoffice/calendar/skins/aqua/status-bg.gif bucket=system/backoffice",APPLIED
media,asset:system/backoffice/calendar/skins/aqua/title-bg.gif,R-M03,REVIEW,SKIP,"media-master.csv:system/backoffice/calendar/skins/aqua/title-bg.gif bucket=system/backoffice",APPLIED
media,asset:system/backoffice/calendar/skins/aqua/today-bg.gif,R-M03,REVIEW,SKIP,"media-master.csv:system/backoffice/calendar/skins/aqua/today-bg.gif bucket=system/backoffice",APPLIED
media,asset:system/backoffice/css/exclamation.png,R-M03,REVIEW,SKIP,"media-master.csv:system/backoffice/css/exclamation.png bucket=system/backoffice",APPLIED
media,asset:system/backoffice/css/icon-ok.gif,R-M03,REVIEW,SKIP,"media-master.csv:system/backoffice/css/icon-ok.gif bucket=system/backoffice",APPLIED
media,asset:system/backoffice/img/application_cascade.png,R-M03,REVIEW,SKIP,"media-master.csv:system/backoffice/img/application_cascade.png bucket=system/backoffice",APPLIED
media,asset:system/backoffice/img/apply.png,R-M03,REVIEW,SKIP,"media-master.csv:system/backoffice/img/apply.png bucket=system/backoffice",APPLIED
media,asset:system/backoffice/img/arrow_in.png,R-M03,REVIEW,SKIP,"media-master.csv:system/backoffice/img/arrow_in.png bucket=system/backoffice",APPLIED
media,asset:system/backoffice/img/arrow_out.png,R-M03,REVIEW,SKIP,"media-master.csv:system/backoffice/img/arrow_out.png bucket=system/backoffice",APPLIED
media,asset:system/backoffice/img/banner-bo.png,R-M03,REVIEW,SKIP,"media-master.csv:system/backoffice/img/banner-bo.png bucket=system/backoffice",APPLIED
media,asset:system/backoffice/img/bullet_arrow_down.png,R-M03,REVIEW,SKIP,"media-master.csv:system/backoffice/img/bullet_arrow_down.png bucket=system/backoffice",APPLIED
media,asset:system/backoffice/img/bullet_arrow_up.png,R-M03,REVIEW,SKIP,"media-master.csv:system/backoffice/img/bullet_arrow_up.png bucket=system/backoffice",APPLIED
media,asset:system/backoffice/img/cal.gif,R-M03,REVIEW,SKIP,"media-master.csv:system/backoffice/img/cal.gif bucket=system/backoffice",APPLIED
media,asset:system/backoffice/img/calendar.png,R-M03,REVIEW,SKIP,"media-master.csv:system/backoffice/img/calendar.png bucket=system/backoffice",APPLIED
media,asset:system/backoffice/img/camera.png,R-M03,REVIEW,SKIP,"media-master.csv:system/backoffice/img/camera.png bucket=system/backoffice",APPLIED
media,asset:system/backoffice/img/chart_organisation.png,R-M03,REVIEW,SKIP,"media-master.csv:system/backoffice/img/chart_organisation.png bucket=system/backoffice",APPLIED
media,asset:system/backoffice/img/col.png,R-M03,REVIEW,SKIP,"media-master.csv:system/backoffice/img/col.png bucket=system/backoffice",APPLIED
media,asset:system/backoffice/img/color.png,R-M03,REVIEW,SKIP,"media-master.csv:system/backoffice/img/color.png bucket=system/backoffice",APPLIED
media,asset:system/backoffice/img/delete.png,R-M03,REVIEW,SKIP,"media-master.csv:system/backoffice/img/delete.png bucket=system/backoffice",APPLIED
media,asset:system/backoffice/img/error.png,R-M03,REVIEW,SKIP,"media-master.csv:system/backoffice/img/error.png bucket=system/backoffice",APPLIED
media,asset:system/backoffice/img/excel.png,R-M03,REVIEW,SKIP,"media-master.csv:system/backoffice/img/excel.png bucket=system/backoffice",APPLIED
media,asset:system/backoffice/img/group.png,R-M03,REVIEW,SKIP,"media-master.csv:system/backoffice/img/group.png bucket=system/backoffice",APPLIED
media,asset:system/backoffice/img/house.png,R-M03,REVIEW,SKIP,"media-master.csv:system/backoffice/img/house.png bucket=system/backoffice",APPLIED
media,asset:system/backoffice/img/logo-backoffice-mobile.jpg,R-M03,REVIEW,SKIP,"media-master.csv:system/backoffice/img/logo-backoffice-mobile.jpg bucket=system/backoffice",APPLIED
media,asset:system/backoffice/img/logo-backoffice.jpg,R-M03,REVIEW,SKIP,"media-master.csv:system/backoffice/img/logo-backoffice.jpg bucket=system/backoffice",APPLIED
media,asset:system/backoffice/img/logo_login.png,R-M03,REVIEW,SKIP,"media-master.csv:system/backoffice/img/logo_login.png bucket=system/backoffice",APPLIED
media,asset:system/backoffice/img/pleca.jpg,R-M03,REVIEW,SKIP,"media-master.csv:system/backoffice/img/pleca.jpg bucket=system/backoffice",APPLIED
media,asset:system/backoffice/img/resultset_first.dis.png,R-M03,REVIEW,SKIP,"media-master.csv:system/backoffice/img/resultset_first.dis.png bucket=system/backoffice",APPLIED
media,asset:system/backoffice/img/resultset_first.png,R-M03,REVIEW,SKIP,"media-master.csv:system/backoffice/img/resultset_first.png bucket=system/backoffice",APPLIED
media,asset:system/backoffice/img/resultset_last.dis.png,R-M03,REVIEW,SKIP,"media-master.csv:system/backoffice/img/resultset_last.dis.png bucket=system/backoffice",APPLIED
media,asset:system/backoffice/img/resultset_last.png,R-M03,REVIEW,SKIP,"media-master.csv:system/backoffice/img/resultset_last.png bucket=system/backoffice",APPLIED
media,asset:system/backoffice/img/resultset_next.dis.png,R-M03,REVIEW,SKIP,"media-master.csv:system/backoffice/img/resultset_next.dis.png bucket=system/backoffice",APPLIED
media,asset:system/backoffice/img/resultset_next.png,R-M03,REVIEW,SKIP,"media-master.csv:system/backoffice/img/resultset_next.png bucket=system/backoffice",APPLIED
media,asset:system/backoffice/img/resultset_previous.dis.png,R-M03,REVIEW,SKIP,"media-master.csv:system/backoffice/img/resultset_previous.dis.png bucket=system/backoffice",APPLIED
media,asset:system/backoffice/img/resultset_previous.png,R-M03,REVIEW,SKIP,"media-master.csv:system/backoffice/img/resultset_previous.png bucket=system/backoffice",APPLIED
media,asset:system/backoffice/img/rewind.png,R-M03,REVIEW,SKIP,"media-master.csv:system/backoffice/img/rewind.png bucket=system/backoffice",APPLIED
media,asset:system/backoffice/img/search.png,R-M03,REVIEW,SKIP,"media-master.csv:system/backoffice/img/search.png bucket=system/backoffice",APPLIED
media,asset:system/backoffice/img/search2_small.png,R-M03,REVIEW,SKIP,"media-master.csv:system/backoffice/img/search2_small.png bucket=system/backoffice",APPLIED
media,asset:system/backoffice/img/spacer.png,R-M03,REVIEW,SKIP,"media-master.csv:system/backoffice/img/spacer.png bucket=system/backoffice",APPLIED
media,asset:system/backoffice/img/star-gold.png,R-M03,REVIEW,SKIP,"media-master.csv:system/backoffice/img/star-gold.png bucket=system/backoffice",APPLIED
media,asset:system/backoffice/img/star-silver.png,R-M03,REVIEW,SKIP,"media-master.csv:system/backoffice/img/star-silver.png bucket=system/backoffice",APPLIED
media,asset:system/backoffice/img/telephone_key.png,R-M03,REVIEW,SKIP,"media-master.csv:system/backoffice/img/telephone_key.png bucket=system/backoffice",APPLIED
media,asset:system/backoffice/img/user.png,R-M03,REVIEW,SKIP,"media-master.csv:system/backoffice/img/user.png bucket=system/backoffice",APPLIED
media,asset:system/backoffice/img/vote_against.png,R-M03,REVIEW,SKIP,"media-master.csv:system/backoffice/img/vote_against.png bucket=system/backoffice",APPLIED
media,asset:system/backoffice/img/vote_for.png,R-M03,REVIEW,SKIP,"media-master.csv:system/backoffice/img/vote_for.png bucket=system/backoffice",APPLIED
media,asset:system/backoffice/img/wand.png,R-M03,REVIEW,SKIP,"media-master.csv:system/backoffice/img/wand.png bucket=system/backoffice",APPLIED
media,asset:system/backoffice/img/world.png,R-M03,REVIEW,SKIP,"media-master.csv:system/backoffice/img/world.png bucket=system/backoffice",APPLIED
media,asset:system/backoffice/img/write.png,R-M03,REVIEW,SKIP,"media-master.csv:system/backoffice/img/write.png bucket=system/backoffice",APPLIED
media,asset:system/backoffice/includes/bootstrap/fonts/glyphicons-halflings-regular.eot,R-M03,REVIEW,SKIP,"media-master.csv:system/backoffice/includes/bootstrap/fonts/glyphicons-halflings-regular.eot bucket=system/backoffice",APPLIED
media,asset:system/backoffice/includes/bootstrap/fonts/glyphicons-halflings-regular.svg,R-M03,REVIEW,SKIP,"media-master.csv:system/backoffice/includes/bootstrap/fonts/glyphicons-halflings-regular.svg bucket=system/backoffice",APPLIED
media,asset:system/backoffice/includes/bootstrap/fonts/glyphicons-halflings-regular.ttf,R-M03,REVIEW,SKIP,"media-master.csv:system/backoffice/includes/bootstrap/fonts/glyphicons-halflings-regular.ttf bucket=system/backoffice",APPLIED
media,asset:system/backoffice/includes/bootstrap/fonts/glyphicons-halflings-regular.woff,R-M03,REVIEW,SKIP,"media-master.csv:system/backoffice/includes/bootstrap/fonts/glyphicons-halflings-regular.woff bucket=system/backoffice",APPLIED
media,asset:system/backoffice/includes/bootstrap/fonts/glyphicons-halflings-regular.woff2,R-M03,REVIEW,SKIP,"media-master.csv:system/backoffice/includes/bootstrap/fonts/glyphicons-halflings-regular.woff2 bucket=system/backoffice",APPLIED
media,asset:system/backoffice/includes/dist/img/avatar.png,R-M03,REVIEW,SKIP,"media-master.csv:system/backoffice/includes/dist/img/avatar.png bucket=system/backoffice",APPLIED
media,asset:system/backoffice/includes/dist/img/avatar04.png,R-M03,REVIEW,SKIP,"media-master.csv:system/backoffice/includes/dist/img/avatar04.png bucket=system/backoffice",APPLIED
media,asset:system/backoffice/includes/dist/img/avatar2.png,R-M03,REVIEW,SKIP,"media-master.csv:system/backoffice/includes/dist/img/avatar2.png bucket=system/backoffice",APPLIED
media,asset:system/backoffice/includes/dist/img/avatar3.png,R-M03,REVIEW,SKIP,"media-master.csv:system/backoffice/includes/dist/img/avatar3.png bucket=system/backoffice",APPLIED
media,asset:system/backoffice/includes/dist/img/avatar5.png,R-M03,REVIEW,SKIP,"media-master.csv:system/backoffice/includes/dist/img/avatar5.png bucket=system/backoffice",APPLIED
media,asset:system/backoffice/includes/dist/img/boxed-bg.jpg,R-M03,REVIEW,SKIP,"media-master.csv:system/backoffice/includes/dist/img/boxed-bg.jpg bucket=system/backoffice",APPLIED
media,asset:system/backoffice/includes/dist/img/boxed-bg.png,R-M03,REVIEW,SKIP,"media-master.csv:system/backoffice/includes/dist/img/boxed-bg.png bucket=system/backoffice",APPLIED
media,asset:system/backoffice/includes/dist/img/credit/american-express.png,R-M03,REVIEW,SKIP,"media-master.csv:system/backoffice/includes/dist/img/credit/american-express.png bucket=system/backoffice",APPLIED
media,asset:system/backoffice/includes/dist/img/credit/cirrus.png,R-M03,REVIEW,SKIP,"media-master.csv:system/backoffice/includes/dist/img/credit/cirrus.png bucket=system/backoffice",APPLIED
media,asset:system/backoffice/includes/dist/img/credit/mastercard.png,R-M03,REVIEW,SKIP,"media-master.csv:system/backoffice/includes/dist/img/credit/mastercard.png bucket=system/backoffice",APPLIED
media,asset:system/backoffice/includes/dist/img/credit/mestro.png,R-M03,REVIEW,SKIP,"media-master.csv:system/backoffice/includes/dist/img/credit/mestro.png bucket=system/backoffice",APPLIED
media,asset:system/backoffice/includes/dist/img/credit/paypal.png,R-M03,REVIEW,SKIP,"media-master.csv:system/backoffice/includes/dist/img/credit/paypal.png bucket=system/backoffice",APPLIED
media,asset:system/backoffice/includes/dist/img/credit/paypal2.png,R-M03,REVIEW,SKIP,"media-master.csv:system/backoffice/includes/dist/img/credit/paypal2.png bucket=system/backoffice",APPLIED
media,asset:system/backoffice/includes/dist/img/credit/visa.png,R-M03,REVIEW,SKIP,"media-master.csv:system/backoffice/includes/dist/img/credit/visa.png bucket=system/backoffice",APPLIED
media,asset:system/backoffice/includes/dist/img/default-50x50.gif,R-M03,REVIEW,SKIP,"media-master.csv:system/backoffice/includes/dist/img/default-50x50.gif bucket=system/backoffice",APPLIED
media,asset:system/backoffice/includes/dist/img/icons.png,R-M03,REVIEW,SKIP,"media-master.csv:system/backoffice/includes/dist/img/icons.png bucket=system/backoffice",APPLIED
media,asset:system/backoffice/includes/dist/img/photo1.png,R-M03,REVIEW,SKIP,"media-master.csv:system/backoffice/includes/dist/img/photo1.png bucket=system/backoffice",APPLIED
media,asset:system/backoffice/includes/dist/img/photo2.png,R-M03,REVIEW,SKIP,"media-master.csv:system/backoffice/includes/dist/img/photo2.png bucket=system/backoffice",APPLIED
media,asset:system/backoffice/includes/dist/img/photo3.jpg,R-M03,REVIEW,SKIP,"media-master.csv:system/backoffice/includes/dist/img/photo3.jpg bucket=system/backoffice",APPLIED
media,asset:system/backoffice/includes/dist/img/photo4.jpg,R-M03,REVIEW,SKIP,"media-master.csv:system/backoffice/includes/dist/img/photo4.jpg bucket=system/backoffice",APPLIED
media,asset:system/backoffice/includes/dist/img/user1-128x128.jpg,R-M03,REVIEW,SKIP,"media-master.csv:system/backoffice/includes/dist/img/user1-128x128.jpg bucket=system/backoffice",APPLIED
media,asset:system/backoffice/includes/dist/img/user2-160x160.jpg,R-M03,REVIEW,SKIP,"media-master.csv:system/backoffice/includes/dist/img/user2-160x160.jpg bucket=system/backoffice",APPLIED
media,asset:system/backoffice/includes/dist/img/user3-128x128.jpg,R-M03,REVIEW,SKIP,"media-master.csv:system/backoffice/includes/dist/img/user3-128x128.jpg bucket=system/backoffice",APPLIED
media,asset:system/backoffice/includes/dist/img/user4-128x128.jpg,R-M03,REVIEW,SKIP,"media-master.csv:system/backoffice/includes/dist/img/user4-128x128.jpg bucket=system/backoffice",APPLIED
media,asset:system/backoffice/includes/dist/img/user5-128x128.jpg,R-M03,REVIEW,SKIP,"media-master.csv:system/backoffice/includes/dist/img/user5-128x128.jpg bucket=system/backoffice",APPLIED
media,asset:system/backoffice/includes/dist/img/user6-128x128.jpg,R-M03,REVIEW,SKIP,"media-master.csv:system/backoffice/includes/dist/img/user6-128x128.jpg bucket=system/backoffice",APPLIED
media,asset:system/backoffice/includes/dist/img/user7-128x128.jpg,R-M03,REVIEW,SKIP,"media-master.csv:system/backoffice/includes/dist/img/user7-128x128.jpg bucket=system/backoffice",APPLIED
media,asset:system/backoffice/includes/dist/img/user8-128x128.jpg,R-M03,REVIEW,SKIP,"media-master.csv:system/backoffice/includes/dist/img/user8-128x128.jpg bucket=system/backoffice",APPLIED
media,asset:system/backoffice/includes/plugins/ckeditor/plugins/about/dialogs/hidpi/logo_ckeditor.png,R-M03,REVIEW,SKIP,"media-master.csv:system/backoffice/includes/plugins/ckeditor/plugins/about/dialogs/hidpi/logo_ckeditor.png bucket=system/backoffice",APPLIED
media,asset:system/backoffice/includes/plugins/ckeditor/plugins/about/dialogs/logo_ckeditor.png,R-M03,REVIEW,SKIP,"media-master.csv:system/backoffice/includes/plugins/ckeditor/plugins/about/dialogs/logo_ckeditor.png bucket=system/backoffice",APPLIED
media,asset:system/backoffice/includes/plugins/ckeditor/plugins/fakeobjects/images/spacer.gif,R-M03,REVIEW,SKIP,"media-master.csv:system/backoffice/includes/plugins/ckeditor/plugins/fakeobjects/images/spacer.gif bucket=system/backoffice",APPLIED
media,asset:system/backoffice/includes/plugins/ckeditor/plugins/icons.png,R-M03,REVIEW,SKIP,"media-master.csv:system/backoffice/includes/plugins/ckeditor/plugins/icons.png bucket=system/backoffice",APPLIED
media,asset:system/backoffice/includes/plugins/ckeditor/plugins/icons_hidpi.png,R-M03,REVIEW,SKIP,"media-master.csv:system/backoffice/includes/plugins/ckeditor/plugins/icons_hidpi.png bucket=system/backoffice",APPLIED
media,asset:system/backoffice/includes/plugins/ckeditor/plugins/image/images/noimage.png,R-M03,REVIEW,SKIP,"media-master.csv:system/backoffice/includes/plugins/ckeditor/plugins/image/images/noimage.png bucket=system/backoffice",APPLIED
media,asset:system/backoffice/includes/plugins/ckeditor/plugins/justify/icons/hidpi/justifyblock.png,R-M03,REVIEW,SKIP,"media-master.csv:system/backoffice/includes/plugins/ckeditor/plugins/justify/icons/hidpi/justifyblock.png bucket=system/backoffice",APPLIED
media,asset:system/backoffice/includes/plugins/ckeditor/plugins/justify/icons/hidpi/justifycenter.png,R-M03,REVIEW,SKIP,"media-master.csv:system/backoffice/includes/plugins/ckeditor/plugins/justify/icons/hidpi/justifycenter.png bucket=system/backoffice",APPLIED
media,asset:system/backoffice/includes/plugins/ckeditor/plugins/justify/icons/hidpi/justifyleft.png,R-M03,REVIEW,SKIP,"media-master.csv:system/backoffice/includes/plugins/ckeditor/plugins/justify/icons/hidpi/justifyleft.png bucket=system/backoffice",APPLIED
media,asset:system/backoffice/includes/plugins/ckeditor/plugins/justify/icons/hidpi/justifyright.png,R-M03,REVIEW,SKIP,"media-master.csv:system/backoffice/includes/plugins/ckeditor/plugins/justify/icons/hidpi/justifyright.png bucket=system/backoffice",APPLIED
media,asset:system/backoffice/includes/plugins/ckeditor/plugins/justify/icons/justifyblock.png,R-M03,REVIEW,SKIP,"media-master.csv:system/backoffice/includes/plugins/ckeditor/plugins/justify/icons/justifyblock.png bucket=system/backoffice",APPLIED
media,asset:system/backoffice/includes/plugins/ckeditor/plugins/justify/icons/justifycenter.png,R-M03,REVIEW,SKIP,"media-master.csv:system/backoffice/includes/plugins/ckeditor/plugins/justify/icons/justifycenter.png bucket=system/backoffice",APPLIED
media,asset:system/backoffice/includes/plugins/ckeditor/plugins/justify/icons/justifyleft.png,R-M03,REVIEW,SKIP,"media-master.csv:system/backoffice/includes/plugins/ckeditor/plugins/justify/icons/justifyleft.png bucket=system/backoffice",APPLIED
media,asset:system/backoffice/includes/plugins/ckeditor/plugins/justify/icons/justifyright.png,R-M03,REVIEW,SKIP,"media-master.csv:system/backoffice/includes/plugins/ckeditor/plugins/justify/icons/justifyright.png bucket=system/backoffice",APPLIED
media,asset:system/backoffice/includes/plugins/ckeditor/plugins/link/images/anchor.png,R-M03,REVIEW,SKIP,"media-master.csv:system/backoffice/includes/plugins/ckeditor/plugins/link/images/anchor.png bucket=system/backoffice",APPLIED
media,asset:system/backoffice/includes/plugins/ckeditor/plugins/link/images/hidpi/anchor.png,R-M03,REVIEW,SKIP,"media-master.csv:system/backoffice/includes/plugins/ckeditor/plugins/link/images/hidpi/anchor.png bucket=system/backoffice",APPLIED
media,asset:system/backoffice/includes/plugins/ckeditor/plugins/magicline/images/hidpi/icon.png,R-M03,REVIEW,SKIP,"media-master.csv:system/backoffice/includes/plugins/ckeditor/plugins/magicline/images/hidpi/icon.png bucket=system/backoffice",APPLIED
media,asset:system/backoffice/includes/plugins/ckeditor/plugins/magicline/images/icon.png,R-M03,REVIEW,SKIP,"media-master.csv:system/backoffice/includes/plugins/ckeditor/plugins/magicline/images/icon.png bucket=system/backoffice",APPLIED
media,asset:system/backoffice/includes/plugins/ckeditor/skins/moono/icons.png,R-M03,REVIEW,SKIP,"media-master.csv:system/backoffice/includes/plugins/ckeditor/skins/moono/icons.png bucket=system/backoffice",APPLIED
media,asset:system/backoffice/includes/plugins/ckeditor/skins/moono/icons_hidpi.png,R-M03,REVIEW,SKIP,"media-master.csv:system/backoffice/includes/plugins/ckeditor/skins/moono/icons_hidpi.png bucket=system/backoffice",APPLIED
media,asset:system/backoffice/includes/plugins/ckeditor/skins/moono/images/arrow.png,R-M03,REVIEW,SKIP,"media-master.csv:system/backoffice/includes/plugins/ckeditor/skins/moono/images/arrow.png bucket=system/backoffice",APPLIED
media,asset:system/backoffice/includes/plugins/ckeditor/skins/moono/images/close.png,R-M03,REVIEW,SKIP,"media-master.csv:system/backoffice/includes/plugins/ckeditor/skins/moono/images/close.png bucket=system/backoffice",APPLIED
media,asset:system/backoffice/includes/plugins/ckeditor/skins/moono/images/hidpi/close.png,R-M03,REVIEW,SKIP,"media-master.csv:system/backoffice/includes/plugins/ckeditor/skins/moono/images/hidpi/close.png bucket=system/backoffice",APPLIED
media,asset:system/backoffice/includes/plugins/ckeditor/skins/moono/images/hidpi/lock-open.png,R-M03,REVIEW,SKIP,"media-master.csv:system/backoffice/includes/plugins/ckeditor/skins/moono/images/hidpi/lock-open.png bucket=system/backoffice",APPLIED
media,asset:system/backoffice/includes/plugins/ckeditor/skins/moono/images/hidpi/lock.png,R-M03,REVIEW,SKIP,"media-master.csv:system/backoffice/includes/plugins/ckeditor/skins/moono/images/hidpi/lock.png bucket=system/backoffice",APPLIED
media,asset:system/backoffice/includes/plugins/ckeditor/skins/moono/images/hidpi/refresh.png,R-M03,REVIEW,SKIP,"media-master.csv:system/backoffice/includes/plugins/ckeditor/skins/moono/images/hidpi/refresh.png bucket=system/backoffice",APPLIED
media,asset:system/backoffice/includes/plugins/ckeditor/skins/moono/images/lock-open.png,R-M03,REVIEW,SKIP,"media-master.csv:system/backoffice/includes/plugins/ckeditor/skins/moono/images/lock-open.png bucket=system/backoffice",APPLIED
media,asset:system/backoffice/includes/plugins/ckeditor/skins/moono/images/lock.png,R-M03,REVIEW,SKIP,"media-master.csv:system/backoffice/includes/plugins/ckeditor/skins/moono/images/lock.png bucket=system/backoffice",APPLIED
media,asset:system/backoffice/includes/plugins/ckeditor/skins/moono/images/refresh.png,R-M03,REVIEW,SKIP,"media-master.csv:system/backoffice/includes/plugins/ckeditor/skins/moono/images/refresh.png bucket=system/backoffice",APPLIED
media,asset:system/backoffice/includes/plugins/colorpicker/img/alpha-horizontal.png,R-M03,REVIEW,SKIP,"media-master.csv:system/backoffice/includes/plugins/colorpicker/img/alpha-horizontal.png bucket=system/backoffice",APPLIED
media,asset:system/backoffice/includes/plugins/colorpicker/img/alpha.png,R-M03,REVIEW,SKIP,"media-master.csv:system/backoffice/includes/plugins/colorpicker/img/alpha.png bucket=system/backoffice",APPLIED
media,asset:system/backoffice/includes/plugins/colorpicker/img/hue-horizontal.png,R-M03,REVIEW,SKIP,"media-master.csv:system/backoffice/includes/plugins/colorpicker/img/hue-horizontal.png bucket=system/backoffice",APPLIED
media,asset:system/backoffice/includes/plugins/colorpicker/img/hue.png,R-M03,REVIEW,SKIP,"media-master.csv:system/backoffice/includes/plugins/colorpicker/img/hue.png bucket=system/backoffice",APPLIED
media,asset:system/backoffice/includes/plugins/colorpicker/img/saturation.png,R-M03,REVIEW,SKIP,"media-master.csv:system/backoffice/includes/plugins/colorpicker/img/saturation.png bucket=system/backoffice",APPLIED
media,asset:system/backoffice/includes/plugins/datatables/extensions/AutoFill/images/filler.png,R-M03,REVIEW,SKIP,"media-master.csv:system/backoffice/includes/plugins/datatables/extensions/AutoFill/images/filler.png bucket=system/backoffice",APPLIED
media,asset:system/backoffice/includes/plugins/datatables/extensions/ColReorder/images/insert.png,R-M03,REVIEW,SKIP,"media-master.csv:system/backoffice/includes/plugins/datatables/extensions/ColReorder/images/insert.png bucket=system/backoffice",APPLIED
media,asset:system/backoffice/includes/plugins/datatables/extensions/Scroller/images/loading-background.png,R-M03,REVIEW,SKIP,"media-master.csv:system/backoffice/includes/plugins/datatables/extensions/Scroller/images/loading-background.png bucket=system/backoffice",APPLIED
media,asset:system/backoffice/includes/plugins/datatables/extensions/TableTools/images/collection.png,R-M03,REVIEW,SKIP,"media-master.csv:system/backoffice/includes/plugins/datatables/extensions/TableTools/images/collection.png bucket=system/backoffice",APPLIED
media,asset:system/backoffice/includes/plugins/datatables/extensions/TableTools/images/collection_hover.png,R-M03,REVIEW,SKIP,"media-master.csv:system/backoffice/includes/plugins/datatables/extensions/TableTools/images/collection_hover.png bucket=system/backoffice",APPLIED
media,asset:system/backoffice/includes/plugins/datatables/extensions/TableTools/images/copy.png,R-M03,REVIEW,SKIP,"media-master.csv:system/backoffice/includes/plugins/datatables/extensions/TableTools/images/copy.png bucket=system/backoffice",APPLIED
media,asset:system/backoffice/includes/plugins/datatables/extensions/TableTools/images/copy_hover.png,R-M03,REVIEW,SKIP,"media-master.csv:system/backoffice/includes/plugins/datatables/extensions/TableTools/images/copy_hover.png bucket=system/backoffice",APPLIED
media,asset:system/backoffice/includes/plugins/datatables/extensions/TableTools/images/csv.png,R-M03,REVIEW,SKIP,"media-master.csv:system/backoffice/includes/plugins/datatables/extensions/TableTools/images/csv.png bucket=system/backoffice",APPLIED
media,asset:system/backoffice/includes/plugins/datatables/extensions/TableTools/images/csv_hover.png,R-M03,REVIEW,SKIP,"media-master.csv:system/backoffice/includes/plugins/datatables/extensions/TableTools/images/csv_hover.png bucket=system/backoffice",APPLIED
media,asset:system/backoffice/includes/plugins/datatables/extensions/TableTools/images/pdf.png,R-M03,REVIEW,SKIP,"media-master.csv:system/backoffice/includes/plugins/datatables/extensions/TableTools/images/pdf.png bucket=system/backoffice",APPLIED
media,asset:system/backoffice/includes/plugins/datatables/extensions/TableTools/images/pdf_hover.png,R-M03,REVIEW,SKIP,"media-master.csv:system/backoffice/includes/plugins/datatables/extensions/TableTools/images/pdf_hover.png bucket=system/backoffice",APPLIED
media,asset:system/backoffice/includes/plugins/datatables/extensions/TableTools/images/print.png,R-M03,REVIEW,SKIP,"media-master.csv:system/backoffice/includes/plugins/datatables/extensions/TableTools/images/print.png bucket=system/backoffice",APPLIED
media,asset:system/backoffice/includes/plugins/datatables/extensions/TableTools/images/print_hover.png,R-M03,REVIEW,SKIP,"media-master.csv:system/backoffice/includes/plugins/datatables/extensions/TableTools/images/print_hover.png bucket=system/backoffice",APPLIED
media,asset:system/backoffice/includes/plugins/datatables/extensions/TableTools/images/xls.png,R-M03,REVIEW,SKIP,"media-master.csv:system/backoffice/includes/plugins/datatables/extensions/TableTools/images/xls.png bucket=system/backoffice",APPLIED
media,asset:system/backoffice/includes/plugins/datatables/extensions/TableTools/images/xls_hover.png,R-M03,REVIEW,SKIP,"media-master.csv:system/backoffice/includes/plugins/datatables/extensions/TableTools/images/xls_hover.png bucket=system/backoffice",APPLIED
media,asset:system/backoffice/includes/plugins/datatables/images/sort_asc.png,R-M03,REVIEW,SKIP,"media-master.csv:system/backoffice/includes/plugins/datatables/images/sort_asc.png bucket=system/backoffice",APPLIED
media,asset:system/backoffice/includes/plugins/datatables/images/sort_asc_disabled.png,R-M03,REVIEW,SKIP,"media-master.csv:system/backoffice/includes/plugins/datatables/images/sort_asc_disabled.png bucket=system/backoffice",APPLIED
media,asset:system/backoffice/includes/plugins/datatables/images/sort_both.png,R-M03,REVIEW,SKIP,"media-master.csv:system/backoffice/includes/plugins/datatables/images/sort_both.png bucket=system/backoffice",APPLIED
media,asset:system/backoffice/includes/plugins/datatables/images/sort_desc.png,R-M03,REVIEW,SKIP,"media-master.csv:system/backoffice/includes/plugins/datatables/images/sort_desc.png bucket=system/backoffice",APPLIED
media,asset:system/backoffice/includes/plugins/datatables/images/sort_desc_disabled.png,R-M03,REVIEW,SKIP,"media-master.csv:system/backoffice/includes/plugins/datatables/images/sort_desc_disabled.png bucket=system/backoffice",APPLIED
media,asset:system/backoffice/includes/plugins/iCheck/flat/aero.png,R-M03,REVIEW,SKIP,"media-master.csv:system/backoffice/includes/plugins/iCheck/flat/aero.png bucket=system/backoffice",APPLIED
media,asset:system/backoffice/includes/plugins/iCheck/flat/aero@2x.png,R-M03,REVIEW,SKIP,"media-master.csv:system/backoffice/includes/plugins/iCheck/flat/aero@2x.png bucket=system/backoffice",APPLIED
media,asset:system/backoffice/includes/plugins/iCheck/flat/blue.png,R-M03,REVIEW,SKIP,"media-master.csv:system/backoffice/includes/plugins/iCheck/flat/blue.png bucket=system/backoffice",APPLIED
media,asset:system/backoffice/includes/plugins/iCheck/flat/blue@2x.png,R-M03,REVIEW,SKIP,"media-master.csv:system/backoffice/includes/plugins/iCheck/flat/blue@2x.png bucket=system/backoffice",APPLIED
media,asset:system/backoffice/includes/plugins/iCheck/flat/flat.png,R-M03,REVIEW,SKIP,"media-master.csv:system/backoffice/includes/plugins/iCheck/flat/flat.png bucket=system/backoffice",APPLIED
media,asset:system/backoffice/includes/plugins/iCheck/flat/flat@2x.png,R-M03,REVIEW,SKIP,"media-master.csv:system/backoffice/includes/plugins/iCheck/flat/flat@2x.png bucket=system/backoffice",APPLIED
media,asset:system/backoffice/includes/plugins/iCheck/flat/green.png,R-M03,REVIEW,SKIP,"media-master.csv:system/backoffice/includes/plugins/iCheck/flat/green.png bucket=system/backoffice",APPLIED
media,asset:system/backoffice/includes/plugins/iCheck/flat/green@2x.png,R-M03,REVIEW,SKIP,"media-master.csv:system/backoffice/includes/plugins/iCheck/flat/green@2x.png bucket=system/backoffice",APPLIED
media,asset:system/backoffice/includes/plugins/iCheck/flat/grey.png,R-M03,REVIEW,SKIP,"media-master.csv:system/backoffice/includes/plugins/iCheck/flat/grey.png bucket=system/backoffice",APPLIED
media,asset:system/backoffice/includes/plugins/iCheck/flat/grey@2x.png,R-M03,REVIEW,SKIP,"media-master.csv:system/backoffice/includes/plugins/iCheck/flat/grey@2x.png bucket=system/backoffice",APPLIED
media,asset:system/backoffice/includes/plugins/iCheck/flat/orange.png,R-M03,REVIEW,SKIP,"media-master.csv:system/backoffice/includes/plugins/iCheck/flat/orange.png bucket=system/backoffice",APPLIED
media,asset:system/backoffice/includes/plugins/iCheck/flat/orange@2x.png,R-M03,REVIEW,SKIP,"media-master.csv:system/backoffice/includes/plugins/iCheck/flat/orange@2x.png bucket=system/backoffice",APPLIED
media,asset:system/backoffice/includes/plugins/iCheck/flat/pink.png,R-M03,REVIEW,SKIP,"media-master.csv:system/backoffice/includes/plugins/iCheck/flat/pink.png bucket=system/backoffice",APPLIED
media,asset:system/backoffice/includes/plugins/iCheck/flat/pink@2x.png,R-M03,REVIEW,SKIP,"media-master.csv:system/backoffice/includes/plugins/iCheck/flat/pink@2x.png bucket=system/backoffice",APPLIED
media,asset:system/backoffice/includes/plugins/iCheck/flat/purple.png,R-M03,REVIEW,SKIP,"media-master.csv:system/backoffice/includes/plugins/iCheck/flat/purple.png bucket=system/backoffice",APPLIED
media,asset:system/backoffice/includes/plugins/iCheck/flat/purple@2x.png,R-M03,REVIEW,SKIP,"media-master.csv:system/backoffice/includes/plugins/iCheck/flat/purple@2x.png bucket=system/backoffice",APPLIED
media,asset:system/backoffice/includes/plugins/iCheck/flat/red.png,R-M03,REVIEW,SKIP,"media-master.csv:system/backoffice/includes/plugins/iCheck/flat/red.png bucket=system/backoffice",APPLIED
media,asset:system/backoffice/includes/plugins/iCheck/flat/red@2x.png,R-M03,REVIEW,SKIP,"media-master.csv:system/backoffice/includes/plugins/iCheck/flat/red@2x.png bucket=system/backoffice",APPLIED
media,asset:system/backoffice/includes/plugins/iCheck/flat/yellow.png,R-M03,REVIEW,SKIP,"media-master.csv:system/backoffice/includes/plugins/iCheck/flat/yellow.png bucket=system/backoffice",APPLIED
media,asset:system/backoffice/includes/plugins/iCheck/flat/yellow@2x.png,R-M03,REVIEW,SKIP,"media-master.csv:system/backoffice/includes/plugins/iCheck/flat/yellow@2x.png bucket=system/backoffice",APPLIED
media,asset:system/backoffice/includes/plugins/iCheck/futurico/futurico.png,R-M03,REVIEW,SKIP,"media-master.csv:system/backoffice/includes/plugins/iCheck/futurico/futurico.png bucket=system/backoffice",APPLIED
media,asset:system/backoffice/includes/plugins/iCheck/futurico/futurico@2x.png,R-M03,REVIEW,SKIP,"media-master.csv:system/backoffice/includes/plugins/iCheck/futurico/futurico@2x.png bucket=system/backoffice",APPLIED
media,asset:system/backoffice/includes/plugins/iCheck/line/line.png,R-M03,REVIEW,SKIP,"media-master.csv:system/backoffice/includes/plugins/iCheck/line/line.png bucket=system/backoffice",APPLIED
media,asset:system/backoffice/includes/plugins/iCheck/line/line@2x.png,R-M03,REVIEW,SKIP,"media-master.csv:system/backoffice/includes/plugins/iCheck/line/line@2x.png bucket=system/backoffice",APPLIED
media,asset:system/backoffice/includes/plugins/iCheck/minimal/aero.png,R-M03,REVIEW,SKIP,"media-master.csv:system/backoffice/includes/plugins/iCheck/minimal/aero.png bucket=system/backoffice",APPLIED
media,asset:system/backoffice/includes/plugins/iCheck/minimal/aero@2x.png,R-M03,REVIEW,SKIP,"media-master.csv:system/backoffice/includes/plugins/iCheck/minimal/aero@2x.png bucket=system/backoffice",APPLIED
media,asset:system/backoffice/includes/plugins/iCheck/minimal/blue.png,R-M03,REVIEW,SKIP,"media-master.csv:system/backoffice/includes/plugins/iCheck/minimal/blue.png bucket=system/backoffice",APPLIED
media,asset:system/backoffice/includes/plugins/iCheck/minimal/blue@2x.png,R-M03,REVIEW,SKIP,"media-master.csv:system/backoffice/includes/plugins/iCheck/minimal/blue@2x.png bucket=system/backoffice",APPLIED
media,asset:system/backoffice/includes/plugins/iCheck/minimal/green.png,R-M03,REVIEW,SKIP,"media-master.csv:system/backoffice/includes/plugins/iCheck/minimal/green.png bucket=system/backoffice",APPLIED
media,asset:system/backoffice/includes/plugins/iCheck/minimal/green@2x.png,R-M03,REVIEW,SKIP,"media-master.csv:system/backoffice/includes/plugins/iCheck/minimal/green@2x.png bucket=system/backoffice",APPLIED
media,asset:system/backoffice/includes/plugins/iCheck/minimal/grey.png,R-M03,REVIEW,SKIP,"media-master.csv:system/backoffice/includes/plugins/iCheck/minimal/grey.png bucket=system/backoffice",APPLIED
media,asset:system/backoffice/includes/plugins/iCheck/minimal/grey@2x.png,R-M03,REVIEW,SKIP,"media-master.csv:system/backoffice/includes/plugins/iCheck/minimal/grey@2x.png bucket=system/backoffice",APPLIED
media,asset:system/backoffice/includes/plugins/iCheck/minimal/minimal.png,R-M03,REVIEW,SKIP,"media-master.csv:system/backoffice/includes/plugins/iCheck/minimal/minimal.png bucket=system/backoffice",APPLIED
media,asset:system/backoffice/includes/plugins/iCheck/minimal/minimal@2x.png,R-M03,REVIEW,SKIP,"media-master.csv:system/backoffice/includes/plugins/iCheck/minimal/minimal@2x.png bucket=system/backoffice",APPLIED
media,asset:system/backoffice/includes/plugins/iCheck/minimal/orange.png,R-M03,REVIEW,SKIP,"media-master.csv:system/backoffice/includes/plugins/iCheck/minimal/orange.png bucket=system/backoffice",APPLIED
media,asset:system/backoffice/includes/plugins/iCheck/minimal/orange@2x.png,R-M03,REVIEW,SKIP,"media-master.csv:system/backoffice/includes/plugins/iCheck/minimal/orange@2x.png bucket=system/backoffice",APPLIED
media,asset:system/backoffice/includes/plugins/iCheck/minimal/pink.png,R-M03,REVIEW,SKIP,"media-master.csv:system/backoffice/includes/plugins/iCheck/minimal/pink.png bucket=system/backoffice",APPLIED
media,asset:system/backoffice/includes/plugins/iCheck/minimal/pink@2x.png,R-M03,REVIEW,SKIP,"media-master.csv:system/backoffice/includes/plugins/iCheck/minimal/pink@2x.png bucket=system/backoffice",APPLIED
media,asset:system/backoffice/includes/plugins/iCheck/minimal/purple.png,R-M03,REVIEW,SKIP,"media-master.csv:system/backoffice/includes/plugins/iCheck/minimal/purple.png bucket=system/backoffice",APPLIED
media,asset:system/backoffice/includes/plugins/iCheck/minimal/purple@2x.png,R-M03,REVIEW,SKIP,"media-master.csv:system/backoffice/includes/plugins/iCheck/minimal/purple@2x.png bucket=system/backoffice",APPLIED
media,asset:system/backoffice/includes/plugins/iCheck/minimal/red.png,R-M03,REVIEW,SKIP,"media-master.csv:system/backoffice/includes/plugins/iCheck/minimal/red.png bucket=system/backoffice",APPLIED
media,asset:system/backoffice/includes/plugins/iCheck/minimal/red@2x.png,R-M03,REVIEW,SKIP,"media-master.csv:system/backoffice/includes/plugins/iCheck/minimal/red@2x.png bucket=system/backoffice",APPLIED
media,asset:system/backoffice/includes/plugins/iCheck/minimal/yellow.png,R-M03,REVIEW,SKIP,"media-master.csv:system/backoffice/includes/plugins/iCheck/minimal/yellow.png bucket=system/backoffice",APPLIED
media,asset:system/backoffice/includes/plugins/iCheck/minimal/yellow@2x.png,R-M03,REVIEW,SKIP,"media-master.csv:system/backoffice/includes/plugins/iCheck/minimal/yellow@2x.png bucket=system/backoffice",APPLIED
media,asset:system/backoffice/includes/plugins/iCheck/polaris/polaris.png,R-M03,REVIEW,SKIP,"media-master.csv:system/backoffice/includes/plugins/iCheck/polaris/polaris.png bucket=system/backoffice",APPLIED
media,asset:system/backoffice/includes/plugins/iCheck/polaris/polaris@2x.png,R-M03,REVIEW,SKIP,"media-master.csv:system/backoffice/includes/plugins/iCheck/polaris/polaris@2x.png bucket=system/backoffice",APPLIED
media,asset:system/backoffice/includes/plugins/iCheck/square/aero.png,R-M03,REVIEW,SKIP,"media-master.csv:system/backoffice/includes/plugins/iCheck/square/aero.png bucket=system/backoffice",APPLIED
media,asset:system/backoffice/includes/plugins/iCheck/square/aero@2x.png,R-M03,REVIEW,SKIP,"media-master.csv:system/backoffice/includes/plugins/iCheck/square/aero@2x.png bucket=system/backoffice",APPLIED
media,asset:system/backoffice/includes/plugins/iCheck/square/blue.png,R-M03,REVIEW,SKIP,"media-master.csv:system/backoffice/includes/plugins/iCheck/square/blue.png bucket=system/backoffice",APPLIED
media,asset:system/backoffice/includes/plugins/iCheck/square/blue@2x.png,R-M03,REVIEW,SKIP,"media-master.csv:system/backoffice/includes/plugins/iCheck/square/blue@2x.png bucket=system/backoffice",APPLIED
media,asset:system/backoffice/includes/plugins/iCheck/square/green.png,R-M03,REVIEW,SKIP,"media-master.csv:system/backoffice/includes/plugins/iCheck/square/green.png bucket=system/backoffice",APPLIED
media,asset:system/backoffice/includes/plugins/iCheck/square/green@2x.png,R-M03,REVIEW,SKIP,"media-master.csv:system/backoffice/includes/plugins/iCheck/square/green@2x.png bucket=system/backoffice",APPLIED
media,asset:system/backoffice/includes/plugins/iCheck/square/grey.png,R-M03,REVIEW,SKIP,"media-master.csv:system/backoffice/includes/plugins/iCheck/square/grey.png bucket=system/backoffice",APPLIED
media,asset:system/backoffice/includes/plugins/iCheck/square/grey@2x.png,R-M03,REVIEW,SKIP,"media-master.csv:system/backoffice/includes/plugins/iCheck/square/grey@2x.png bucket=system/backoffice",APPLIED
media,asset:system/backoffice/includes/plugins/iCheck/square/orange.png,R-M03,REVIEW,SKIP,"media-master.csv:system/backoffice/includes/plugins/iCheck/square/orange.png bucket=system/backoffice",APPLIED
media,asset:system/backoffice/includes/plugins/iCheck/square/orange@2x.png,R-M03,REVIEW,SKIP,"media-master.csv:system/backoffice/includes/plugins/iCheck/square/orange@2x.png bucket=system/backoffice",APPLIED
media,asset:system/backoffice/includes/plugins/iCheck/square/pink.png,R-M03,REVIEW,SKIP,"media-master.csv:system/backoffice/includes/plugins/iCheck/square/pink.png bucket=system/backoffice",APPLIED
media,asset:system/backoffice/includes/plugins/iCheck/square/pink@2x.png,R-M03,REVIEW,SKIP,"media-master.csv:system/backoffice/includes/plugins/iCheck/square/pink@2x.png bucket=system/backoffice",APPLIED
media,asset:system/backoffice/includes/plugins/iCheck/square/purple.png,R-M03,REVIEW,SKIP,"media-master.csv:system/backoffice/includes/plugins/iCheck/square/purple.png bucket=system/backoffice",APPLIED
media,asset:system/backoffice/includes/plugins/iCheck/square/purple@2x.png,R-M03,REVIEW,SKIP,"media-master.csv:system/backoffice/includes/plugins/iCheck/square/purple@2x.png bucket=system/backoffice",APPLIED
media,asset:system/backoffice/includes/plugins/iCheck/square/red.png,R-M03,REVIEW,SKIP,"media-master.csv:system/backoffice/includes/plugins/iCheck/square/red.png bucket=system/backoffice",APPLIED
media,asset:system/backoffice/includes/plugins/iCheck/square/red@2x.png,R-M03,REVIEW,SKIP,"media-master.csv:system/backoffice/includes/plugins/iCheck/square/red@2x.png bucket=system/backoffice",APPLIED
media,asset:system/backoffice/includes/plugins/iCheck/square/square.png,R-M03,REVIEW,SKIP,"media-master.csv:system/backoffice/includes/plugins/iCheck/square/square.png bucket=system/backoffice",APPLIED
media,asset:system/backoffice/includes/plugins/iCheck/square/square@2x.png,R-M03,REVIEW,SKIP,"media-master.csv:system/backoffice/includes/plugins/iCheck/square/square@2x.png bucket=system/backoffice",APPLIED
media,asset:system/backoffice/includes/plugins/iCheck/square/yellow.png,R-M03,REVIEW,SKIP,"media-master.csv:system/backoffice/includes/plugins/iCheck/square/yellow.png bucket=system/backoffice",APPLIED
media,asset:system/backoffice/includes/plugins/iCheck/square/yellow@2x.png,R-M03,REVIEW,SKIP,"media-master.csv:system/backoffice/includes/plugins/iCheck/square/yellow@2x.png bucket=system/backoffice",APPLIED
media,asset:system/backoffice/includes/plugins/ionslider/img/sprite-skin-flat.png,R-M03,REVIEW,SKIP,"media-master.csv:system/backoffice/includes/plugins/ionslider/img/sprite-skin-flat.png bucket=system/backoffice",APPLIED
media,asset:system/backoffice/includes/plugins/ionslider/img/sprite-skin-nice.png,R-M03,REVIEW,SKIP,"media-master.csv:system/backoffice/includes/plugins/ionslider/img/sprite-skin-nice.png bucket=system/backoffice",APPLIED
media,asset:system/backoffice/tiny_mce/plugins/advimage/img/sample.gif,R-M03,REVIEW,SKIP,"media-master.csv:system/backoffice/tiny_mce/plugins/advimage/img/sample.gif bucket=system/backoffice",APPLIED
media,asset:system/backoffice/tiny_mce/plugins/emotions/img/smiley-cool.gif,R-M03,REVIEW,SKIP,"media-master.csv:system/backoffice/tiny_mce/plugins/emotions/img/smiley-cool.gif bucket=system/backoffice",APPLIED
media,asset:system/backoffice/tiny_mce/plugins/emotions/img/smiley-cry.gif,R-M03,REVIEW,SKIP,"media-master.csv:system/backoffice/tiny_mce/plugins/emotions/img/smiley-cry.gif bucket=system/backoffice",APPLIED
media,asset:system/backoffice/tiny_mce/plugins/emotions/img/smiley-embarassed.gif,R-M03,REVIEW,SKIP,"media-master.csv:system/backoffice/tiny_mce/plugins/emotions/img/smiley-embarassed.gif bucket=system/backoffice",APPLIED
media,asset:system/backoffice/tiny_mce/plugins/emotions/img/smiley-foot-in-mouth.gif,R-M03,REVIEW,SKIP,"media-master.csv:system/backoffice/tiny_mce/plugins/emotions/img/smiley-foot-in-mouth.gif bucket=system/backoffice",APPLIED
media,asset:system/backoffice/tiny_mce/plugins/emotions/img/smiley-frown.gif,R-M03,REVIEW,SKIP,"media-master.csv:system/backoffice/tiny_mce/plugins/emotions/img/smiley-frown.gif bucket=system/backoffice",APPLIED
media,asset:system/backoffice/tiny_mce/plugins/emotions/img/smiley-innocent.gif,R-M03,REVIEW,SKIP,"media-master.csv:system/backoffice/tiny_mce/plugins/emotions/img/smiley-innocent.gif bucket=system/backoffice",APPLIED
media,asset:system/backoffice/tiny_mce/plugins/emotions/img/smiley-kiss.gif,R-M03,REVIEW,SKIP,"media-master.csv:system/backoffice/tiny_mce/plugins/emotions/img/smiley-kiss.gif bucket=system/backoffice",APPLIED
media,asset:system/backoffice/tiny_mce/plugins/emotions/img/smiley-laughing.gif,R-M03,REVIEW,SKIP,"media-master.csv:system/backoffice/tiny_mce/plugins/emotions/img/smiley-laughing.gif bucket=system/backoffice",APPLIED
media,asset:system/backoffice/tiny_mce/plugins/emotions/img/smiley-money-mouth.gif,R-M03,REVIEW,SKIP,"media-master.csv:system/backoffice/tiny_mce/plugins/emotions/img/smiley-money-mouth.gif bucket=system/backoffice",APPLIED
media,asset:system/backoffice/tiny_mce/plugins/emotions/img/smiley-sealed.gif,R-M03,REVIEW,SKIP,"media-master.csv:system/backoffice/tiny_mce/plugins/emotions/img/smiley-sealed.gif bucket=system/backoffice",APPLIED
media,asset:system/backoffice/tiny_mce/plugins/emotions/img/smiley-smile.gif,R-M03,REVIEW,SKIP,"media-master.csv:system/backoffice/tiny_mce/plugins/emotions/img/smiley-smile.gif bucket=system/backoffice",APPLIED
media,asset:system/backoffice/tiny_mce/plugins/emotions/img/smiley-surprised.gif,R-M03,REVIEW,SKIP,"media-master.csv:system/backoffice/tiny_mce/plugins/emotions/img/smiley-surprised.gif bucket=system/backoffice",APPLIED
media,asset:system/backoffice/tiny_mce/plugins/emotions/img/smiley-tongue-out.gif,R-M03,REVIEW,SKIP,"media-master.csv:system/backoffice/tiny_mce/plugins/emotions/img/smiley-tongue-out.gif bucket=system/backoffice",APPLIED
media,asset:system/backoffice/tiny_mce/plugins/emotions/img/smiley-undecided.gif,R-M03,REVIEW,SKIP,"media-master.csv:system/backoffice/tiny_mce/plugins/emotions/img/smiley-undecided.gif bucket=system/backoffice",APPLIED
media,asset:system/backoffice/tiny_mce/plugins/emotions/img/smiley-wink.gif,R-M03,REVIEW,SKIP,"media-master.csv:system/backoffice/tiny_mce/plugins/emotions/img/smiley-wink.gif bucket=system/backoffice",APPLIED
media,asset:system/backoffice/tiny_mce/plugins/emotions/img/smiley-yell.gif,R-M03,REVIEW,SKIP,"media-master.csv:system/backoffice/tiny_mce/plugins/emotions/img/smiley-yell.gif bucket=system/backoffice",APPLIED
media,asset:system/backoffice/tiny_mce/plugins/example/img/example.gif,R-M03,REVIEW,SKIP,"media-master.csv:system/backoffice/tiny_mce/plugins/example/img/example.gif bucket=system/backoffice",APPLIED
media,asset:system/backoffice/tiny_mce/plugins/inlinepopups/skins/clearlooks2/img/alert.gif,R-M03,REVIEW,SKIP,"media-master.csv:system/backoffice/tiny_mce/plugins/inlinepopups/skins/clearlooks2/img/alert.gif bucket=system/backoffice",APPLIED
media,asset:system/backoffice/tiny_mce/plugins/inlinepopups/skins/clearlooks2/img/button.gif,R-M03,REVIEW,SKIP,"media-master.csv:system/backoffice/tiny_mce/plugins/inlinepopups/skins/clearlooks2/img/button.gif bucket=system/backoffice",APPLIED
media,asset:system/backoffice/tiny_mce/plugins/inlinepopups/skins/clearlooks2/img/buttons.gif,R-M03,REVIEW,SKIP,"media-master.csv:system/backoffice/tiny_mce/plugins/inlinepopups/skins/clearlooks2/img/buttons.gif bucket=system/backoffice",APPLIED
media,asset:system/backoffice/tiny_mce/plugins/inlinepopups/skins/clearlooks2/img/confirm.gif,R-M03,REVIEW,SKIP,"media-master.csv:system/backoffice/tiny_mce/plugins/inlinepopups/skins/clearlooks2/img/confirm.gif bucket=system/backoffice",APPLIED
media,asset:system/backoffice/tiny_mce/plugins/inlinepopups/skins/clearlooks2/img/corners.gif,R-M03,REVIEW,SKIP,"media-master.csv:system/backoffice/tiny_mce/plugins/inlinepopups/skins/clearlooks2/img/corners.gif bucket=system/backoffice",APPLIED
media,asset:system/backoffice/tiny_mce/plugins/inlinepopups/skins/clearlooks2/img/horizontal.gif,R-M03,REVIEW,SKIP,"media-master.csv:system/backoffice/tiny_mce/plugins/inlinepopups/skins/clearlooks2/img/horizontal.gif bucket=system/backoffice",APPLIED
media,asset:system/backoffice/tiny_mce/plugins/inlinepopups/skins/clearlooks2/img/vertical.gif,R-M03,REVIEW,SKIP,"media-master.csv:system/backoffice/tiny_mce/plugins/inlinepopups/skins/clearlooks2/img/vertical.gif bucket=system/backoffice",APPLIED
media,asset:system/backoffice/tiny_mce/plugins/media/img/flash.gif,R-M03,REVIEW,SKIP,"media-master.csv:system/backoffice/tiny_mce/plugins/media/img/flash.gif bucket=system/backoffice",APPLIED
media,asset:system/backoffice/tiny_mce/plugins/media/img/quicktime.gif,R-M03,REVIEW,SKIP,"media-master.csv:system/backoffice/tiny_mce/plugins/media/img/quicktime.gif bucket=system/backoffice",APPLIED
media,asset:system/backoffice/tiny_mce/plugins/media/img/realmedia.gif,R-M03,REVIEW,SKIP,"media-master.csv:system/backoffice/tiny_mce/plugins/media/img/realmedia.gif bucket=system/backoffice",APPLIED
media,asset:system/backoffice/tiny_mce/plugins/media/img/shockwave.gif,R-M03,REVIEW,SKIP,"media-master.csv:system/backoffice/tiny_mce/plugins/media/img/shockwave.gif bucket=system/backoffice",APPLIED
media,asset:system/backoffice/tiny_mce/plugins/media/img/trans.gif,R-M03,REVIEW,SKIP,"media-master.csv:system/backoffice/tiny_mce/plugins/media/img/trans.gif bucket=system/backoffice",APPLIED
media,asset:system/backoffice/tiny_mce/plugins/media/img/windowsmedia.gif,R-M03,REVIEW,SKIP,"media-master.csv:system/backoffice/tiny_mce/plugins/media/img/windowsmedia.gif bucket=system/backoffice",APPLIED
media,asset:system/backoffice/tiny_mce/plugins/pagebreak/img/pagebreak.gif,R-M03,REVIEW,SKIP,"media-master.csv:system/backoffice/tiny_mce/plugins/pagebreak/img/pagebreak.gif bucket=system/backoffice",APPLIED
media,asset:system/backoffice/tiny_mce/plugins/pagebreak/img/trans.gif,R-M03,REVIEW,SKIP,"media-master.csv:system/backoffice/tiny_mce/plugins/pagebreak/img/trans.gif bucket=system/backoffice",APPLIED
media,asset:system/backoffice/tiny_mce/plugins/spellchecker/img/wline.gif,R-M03,REVIEW,SKIP,"media-master.csv:system/backoffice/tiny_mce/plugins/spellchecker/img/wline.gif bucket=system/backoffice",APPLIED
media,asset:system/backoffice/tiny_mce/themes/advanced/img/colorpicker.jpg,R-M03,REVIEW,SKIP,"media-master.csv:system/backoffice/tiny_mce/themes/advanced/img/colorpicker.jpg bucket=system/backoffice",APPLIED
media,asset:system/backoffice/tiny_mce/themes/advanced/img/icons.gif,R-M03,REVIEW,SKIP,"media-master.csv:system/backoffice/tiny_mce/themes/advanced/img/icons.gif bucket=system/backoffice",APPLIED
media,asset:system/backoffice/tiny_mce/themes/advanced/skins/default/img/buttons.png,R-M03,REVIEW,SKIP,"media-master.csv:system/backoffice/tiny_mce/themes/advanced/skins/default/img/buttons.png bucket=system/backoffice",APPLIED
media,asset:system/backoffice/tiny_mce/themes/advanced/skins/default/img/items.gif,R-M03,REVIEW,SKIP,"media-master.csv:system/backoffice/tiny_mce/themes/advanced/skins/default/img/items.gif bucket=system/backoffice",APPLIED
media,asset:system/backoffice/tiny_mce/themes/advanced/skins/default/img/menu_arrow.gif,R-M03,REVIEW,SKIP,"media-master.csv:system/backoffice/tiny_mce/themes/advanced/skins/default/img/menu_arrow.gif bucket=system/backoffice",APPLIED
media,asset:system/backoffice/tiny_mce/themes/advanced/skins/default/img/menu_check.gif,R-M03,REVIEW,SKIP,"media-master.csv:system/backoffice/tiny_mce/themes/advanced/skins/default/img/menu_check.gif bucket=system/backoffice",APPLIED
media,asset:system/backoffice/tiny_mce/themes/advanced/skins/default/img/progress.gif,R-M03,REVIEW,SKIP,"media-master.csv:system/backoffice/tiny_mce/themes/advanced/skins/default/img/progress.gif bucket=system/backoffice",APPLIED
media,asset:system/backoffice/tiny_mce/themes/advanced/skins/default/img/tabs.gif,R-M03,REVIEW,SKIP,"media-master.csv:system/backoffice/tiny_mce/themes/advanced/skins/default/img/tabs.gif bucket=system/backoffice",APPLIED
media,asset:system/backoffice/tiny_mce/themes/advanced/skins/o2k7/img/button_bg.png,R-M03,REVIEW,SKIP,"media-master.csv:system/backoffice/tiny_mce/themes/advanced/skins/o2k7/img/button_bg.png bucket=system/backoffice",APPLIED
media,asset:system/backoffice/tiny_mce/themes/advanced/skins/o2k7/img/button_bg_black.png,R-M03,REVIEW,SKIP,"media-master.csv:system/backoffice/tiny_mce/themes/advanced/skins/o2k7/img/button_bg_black.png bucket=system/backoffice",APPLIED
media,asset:system/backoffice/tiny_mce/themes/advanced/skins/o2k7/img/button_bg_silver.png,R-M03,REVIEW,SKIP,"media-master.csv:system/backoffice/tiny_mce/themes/advanced/skins/o2k7/img/button_bg_silver.png bucket=system/backoffice",APPLIED
media,asset:system/backoffice/tiny_mce/themes/simple/img/icons.gif,R-M03,REVIEW,SKIP,"media-master.csv:system/backoffice/tiny_mce/themes/simple/img/icons.gif bucket=system/backoffice",APPLIED
media,asset:system/backoffice/tiny_mce/themes/simple/skins/o2k7/img/button_bg.png,R-M03,REVIEW,SKIP,"media-master.csv:system/backoffice/tiny_mce/themes/simple/skins/o2k7/img/button_bg.png bucket=system/backoffice",APPLIED
media,asset:system/css/flecha1.gif,R-M03,REVIEW,SKIP,"media-master.csv:system/css/flecha1.gif bucket=system/other",APPLIED
media,asset:system/css/flecha2.gif,R-M03,REVIEW,SKIP,"media-master.csv:system/css/flecha2.gif bucket=system/other",APPLIED
media,asset:system/js/jsLight/close.png,R-M03,REVIEW,SKIP,"media-master.csv:system/js/jsLight/close.png bucket=system/other",APPLIED
media,asset:system/js/jsLight/goleft.png,R-M03,REVIEW,SKIP,"media-master.csv:system/js/jsLight/goleft.png bucket=system/other",APPLIED
media,asset:system/js/jsLight/goright.png,R-M03,REVIEW,SKIP,"media-master.csv:system/js/jsLight/goright.png bucket=system/other",APPLIED
media,asset:system/js/jsLight/lightbox-blank.gif,R-M03,REVIEW,SKIP,"media-master.csv:system/js/jsLight/lightbox-blank.gif bucket=system/other",APPLIED
media,asset:system/js/jsLight/lightbox-ico-loading.gif,R-M03,REVIEW,SKIP,"media-master.csv:system/js/jsLight/lightbox-ico-loading.gif bucket=system/other",APPLIED
media,asset:images/PuertasIncendios.jpeg,R-M04,REVIEW,CREATE,"media-usage-evidence.csv path=images/PuertasIncendios.jpeg pages=index-estatico.php|index.php","APPLIED (dry run only; not executed)"
media,asset:images/banner1.jpg,R-M04,REVIEW,CREATE,"media-usage-evidence.csv path=images/banner1.jpg pages=contacto.php|index-estatico.php|index-resp.php|index.php|nosotros.php|politica-privacidad.php","APPLIED (dry run only; not executed)"
media,asset:images/banner2.jpg,R-M04,REVIEW,CREATE,"media-usage-evidence.csv path=images/banner2.jpg pages=index-estatico.php|index-resp.php|index.php","APPLIED (dry run only; not executed)"
media,asset:images/banner3.jpeg,R-M04,REVIEW,CREATE,"media-usage-evidence.csv path=images/banner3.jpeg pages=index-estatico.php|index.php","APPLIED (dry run only; not executed)"
media,asset:images/banner3.jpg,R-M04,REVIEW,CREATE,"media-usage-evidence.csv path=images/banner3.jpg pages=index-resp.php","APPLIED (dry run only; not executed)"
media,asset:images/banner4.jpg,R-M04,REVIEW,CREATE,"media-usage-evidence.csv path=images/banner4.jpg pages=index-estatico.php|index.php","APPLIED (dry run only; not executed)"
media,asset:images/contact-03.jpg,R-M04,REVIEW,CREATE,"media-usage-evidence.csv path=images/contact-03.jpg pages=contacto.php","APPLIED (dry run only; not executed)"
media,asset:images/contact-04.jpg,R-M04,REVIEW,CREATE,"media-usage-evidence.csv path=images/contact-04.jpg pages=contacto.php","APPLIED (dry run only; not executed)"
media,asset:images/contact.jpg,R-M04,REVIEW,CREATE,"media-usage-evidence.csv path=images/contact.jpg pages=contacto.php","APPLIED (dry run only; not executed)"
media,asset:images/demoprod.jpg,R-M04,REVIEW,CREATE,"media-usage-evidence.csv path=images/demoprod.jpg pages=index-resp.php","APPLIED (dry run only; not executed)"
media,asset:images/demoresidencial.jpg,R-M04,REVIEW,CREATE,"media-usage-evidence.csv path=images/demoresidencial.jpg pages=index-resp.php","APPLIED (dry run only; not executed)"
media,asset:images/equipos-accesorios-anden-carga.jpeg,R-M04,REVIEW,CREATE,"media-usage-evidence.csv path=images/equipos-accesorios-anden-carga.jpeg pages=index-estatico.php|index.php","APPLIED (dry run only; not executed)"
media,asset:images/home-bg-01.jpg,R-M04,REVIEW,CREATE,"media-usage-evidence.csv path=images/home-bg-01.jpg pages=index-estatico.php|index.php","APPLIED (dry run only; not executed)"
media,asset:images/home-comercial.jpg,R-M04,REVIEW,CREATE,"media-usage-evidence.csv path=images/home-comercial.jpg pages=index-estatico.php|index.php","APPLIED (dry run only; not executed)"
media,asset:images/industrial-home.jpg,R-M04,REVIEW,CREATE,"media-usage-evidence.csv path=images/industrial-home.jpg pages=index-estatico.php|index.php","APPLIED (dry run only; not executed)"
media,asset:images/proy1.jpg,R-M04,REVIEW,CREATE,"media-usage-evidence.csv path=images/proy1.jpg pages=index-resp.php","APPLIED (dry run only; not executed)"
media,asset:images/proy2.jpg,R-M04,REVIEW,CREATE,"media-usage-evidence.csv path=images/proy2.jpg pages=index-resp.php","APPLIED (dry run only; not executed)"
media,asset:images/proy3.jpg,R-M04,REVIEW,CREATE,"media-usage-evidence.csv path=images/proy3.jpg pages=index-resp.php","APPLIED (dry run only; not executed)"
media,asset:images/proy4.jpg,R-M04,REVIEW,CREATE,"media-usage-evidence.csv path=images/proy4.jpg pages=index-resp.php","APPLIED (dry run only; not executed)"
media,asset:images/proy5.jpg,R-M04,REVIEW,CREATE,"media-usage-evidence.csv path=images/proy5.jpg pages=index-resp.php","APPLIED (dry run only; not executed)"
media,asset:images/proy6.jpg,R-M04,REVIEW,CREATE,"media-usage-evidence.csv path=images/proy6.jpg pages=index-resp.php","APPLIED (dry run only; not executed)"
media,asset:images/puerta-metalica-hospital.jpg,R-M04,REVIEW,CREATE,"media-usage-evidence.csv path=images/puerta-metalica-hospital.jpg pages=index-estatico.php|index.php","APPLIED (dry run only; not executed)"
media,asset:images/quienes-int.jpg,R-M04,REVIEW,CREATE,"media-usage-evidence.csv path=images/quienes-int.jpg pages=nosotros.php","APPLIED (dry run only; not executed)"
media,asset:images/quienes1.jpg,R-M04,REVIEW,CREATE,"media-usage-evidence.csv path=images/quienes1.jpg pages=index-estatico.php|index-resp.php|index.php","APPLIED (dry run only; not executed)"
media,asset:images/residencial-2.png,R-M04,REVIEW,CREATE,"media-usage-evidence.csv path=images/residencial-2.png pages=index-estatico.php|index.php","APPLIED (dry run only; not executed)"
media,asset:images/salida-emergencia.png,R-M04,REVIEW,CREATE,"media-usage-evidence.csv path=images/salida-emergencia.png pages=index-estatico.php|index.php","APPLIED (dry run only; not executed)"
media,asset:images/bft.png,R-M05,REVIEW,CREATE,"media-usage-evidence.csv path=images/bft.png categories= brands=12","APPLIED (dry run only; not executed)"
media,asset:images/blue.png,R-M05,REVIEW,CREATE,"media-usage-evidence.csv path=images/blue.png categories= brands=4","APPLIED (dry run only; not executed)"
media,asset:images/clopay.png,R-M05,REVIEW,CREATE,"media-usage-evidence.csv path=images/clopay.png categories= brands=3","APPLIED (dry run only; not executed)"
media,asset:images/dockman.png,R-M05,REVIEW,CREATE,"media-usage-evidence.csv path=images/dockman.png categories= brands=10","APPLIED (dry run only; not executed)"
media,asset:images/door.png,R-M05,REVIEW,CREATE,"media-usage-evidence.csv path=images/door.png categories= brands=6","APPLIED (dry run only; not executed)"
media,asset:images/glg-porte-industriali.png,R-M05,REVIEW,CREATE,"media-usage-evidence.csv path=images/glg-porte-industriali.png categories= brands=9","APPLIED (dry run only; not executed)"
media,asset:images/infraca.png,R-M05,REVIEW,CREATE,"media-usage-evidence.csv path=images/infraca.png categories= brands=8","APPLIED (dry run only; not executed)"
media,asset:images/kelley.png,R-M05,REVIEW,CREATE,"media-usage-evidence.csv path=images/kelley.png categories= brands=5","APPLIED (dry run only; not executed)"
media,asset:images/lift-master.png,R-M05,REVIEW,CREATE,"media-usage-evidence.csv path=images/lift-master.png categories= brands=11","APPLIED (dry run only; not executed)"
media,asset:images/rytec.png,R-M05,REVIEW,CREATE,"media-usage-evidence.csv path=images/rytec.png categories= brands=7","APPLIED (dry run only; not executed)"
media,asset:images/tg.png,R-M05,"UNCHANGED (pre-existing manual/subset decision)",UNCHANGED,"media-usage-evidence.csv path=images/tg.png categories= brands=1","N/A: already resolved by a manual/subset decision, independent of this policy layer (policy proposal coincides but did not decide)"
media,asset:images/wayne-dayton.png,R-M05,REVIEW,CREATE,"media-usage-evidence.csv path=images/wayne-dayton.png categories= brands=2","APPLIED (dry run only; not executed)"
media,asset:system/files/images/categorias/0026e2b69ea6b2f5307ae424596371c7610f2fd8,R-M05,REVIEW,CREATE,"media-usage-evidence.csv path=system/files/images/categorias/0026e2b69ea6b2f5307ae424596371c7610f2fd8 categories=35 brands=","APPLIED (dry run only; not executed)"
media,asset:system/files/images/categorias/0184eae287e99a553941e98f9ff70f71139ed643,R-M05,REVIEW,CREATE,"media-usage-evidence.csv path=system/files/images/categorias/0184eae287e99a553941e98f9ff70f71139ed643 categories=23 brands=","APPLIED (dry run only; not executed)"
media,asset:system/files/images/categorias/0d4439f5ba46973f404b8a9eaf3c6ed102faad54,R-M05,REVIEW,CREATE,"media-usage-evidence.csv path=system/files/images/categorias/0d4439f5ba46973f404b8a9eaf3c6ed102faad54 categories=36 brands=","APPLIED (dry run only; not executed)"
media,asset:system/files/images/categorias/158ffcb904bc82f2a7d2ec143de37e00730d04bd,R-M05,REVIEW,CREATE,"media-usage-evidence.csv path=system/files/images/categorias/158ffcb904bc82f2a7d2ec143de37e00730d04bd categories=10 brands=","APPLIED (dry run only; not executed)"
media,asset:system/files/images/categorias/25a52045f95f6d8635d30d19530ca56f26020262,R-M05,REVIEW,CREATE,"media-usage-evidence.csv path=system/files/images/categorias/25a52045f95f6d8635d30d19530ca56f26020262 categories=27 brands=","APPLIED (dry run only; not executed)"
media,asset:system/files/images/categorias/393bf5523829b0a76434527d0737623ed3951b63,R-M05,REVIEW,CREATE,"media-usage-evidence.csv path=system/files/images/categorias/393bf5523829b0a76434527d0737623ed3951b63 categories=19 brands=","APPLIED (dry run only; not executed)"
media,asset:system/files/images/categorias/3ba01a39dd2e04651a35a7f2a8c2aab034f58f33,R-M05,REVIEW,CREATE,"media-usage-evidence.csv path=system/files/images/categorias/3ba01a39dd2e04651a35a7f2a8c2aab034f58f33 categories=31 brands=","APPLIED (dry run only; not executed)"
media,asset:system/files/images/categorias/3d3f8a7b58fad15cba55a19e1f7dcbd97e37ab41,R-M05,REVIEW,CREATE,"media-usage-evidence.csv path=system/files/images/categorias/3d3f8a7b58fad15cba55a19e1f7dcbd97e37ab41 categories=11 brands=","APPLIED (dry run only; not executed)"
media,asset:system/files/images/categorias/41081b9e7f1bbdd04b5550ad18403fe44052b75e,R-M05,REVIEW,CREATE,"media-usage-evidence.csv path=system/files/images/categorias/41081b9e7f1bbdd04b5550ad18403fe44052b75e categories=39 brands=","APPLIED (dry run only; not executed)"
media,asset:system/files/images/categorias/41fac25bf3c4f3389882019d1f274fd418b8facb,R-M05,REVIEW,CREATE,"media-usage-evidence.csv path=system/files/images/categorias/41fac25bf3c4f3389882019d1f274fd418b8facb categories=29 brands=","APPLIED (dry run only; not executed)"
media,asset:system/files/images/categorias/43d4232e7c8e46a381f607bdcb65a691c4321389,R-M05,REVIEW,CREATE,"media-usage-evidence.csv path=system/files/images/categorias/43d4232e7c8e46a381f607bdcb65a691c4321389 categories=34 brands=","APPLIED (dry run only; not executed)"
media,asset:system/files/images/categorias/4c235320c6c73cff73a7e701b74b8e5fd0417378,R-M05,REVIEW,CREATE,"media-usage-evidence.csv path=system/files/images/categorias/4c235320c6c73cff73a7e701b74b8e5fd0417378 categories=30 brands=","APPLIED (dry run only; not executed)"
media,asset:system/files/images/categorias/59ca6b73479b3fcde81f96439976896bad94b750,R-M05,"UNCHANGED (pre-existing manual/subset decision)",UNCHANGED,"media-usage-evidence.csv path=system/files/images/categorias/59ca6b73479b3fcde81f96439976896bad94b750 categories=8 brands=","N/A: already resolved by a manual/subset decision, independent of this policy layer (policy proposal coincides but did not decide)"
media,asset:system/files/images/categorias/6ca19dacd9993636b6638cf308a1c4490bb0af98,R-M05,REVIEW,CREATE,"media-usage-evidence.csv path=system/files/images/categorias/6ca19dacd9993636b6638cf308a1c4490bb0af98 categories=32 brands=","APPLIED (dry run only; not executed)"
media,asset:system/files/images/categorias/7c5b21262bddc72229429752adac241d7198c038,R-M05,REVIEW,CREATE,"media-usage-evidence.csv path=system/files/images/categorias/7c5b21262bddc72229429752adac241d7198c038 categories=38 brands=","APPLIED (dry run only; not executed)"
media,asset:system/files/images/categorias/8ca911b748068c9bef002de96ef743ecefb9886b,R-M05,REVIEW,CREATE,"media-usage-evidence.csv path=system/files/images/categorias/8ca911b748068c9bef002de96ef743ecefb9886b categories=22 brands=","APPLIED (dry run only; not executed)"
media,asset:system/files/images/categorias/9022847e37c72e9a2de76dcdf7c2e22b08cf6cb0,R-M05,REVIEW,CREATE,"media-usage-evidence.csv path=system/files/images/categorias/9022847e37c72e9a2de76dcdf7c2e22b08cf6cb0 categories=9 brands=","APPLIED (dry run only; not executed)"
media,asset:system/files/images/categorias/a15d5cd1cf67dc7a304a8ebe8c9e28a866e7eda2,R-M05,REVIEW,CREATE,"media-usage-evidence.csv path=system/files/images/categorias/a15d5cd1cf67dc7a304a8ebe8c9e28a866e7eda2 categories=18 brands=","APPLIED (dry run only; not executed)"
media,asset:system/files/images/categorias/b0c2e45b23cfd147f3f8bbf7f05a34104ff032f8,R-M05,REVIEW,CREATE,"media-usage-evidence.csv path=system/files/images/categorias/b0c2e45b23cfd147f3f8bbf7f05a34104ff032f8 categories=12 brands=","APPLIED (dry run only; not executed)"
media,asset:system/files/images/categorias/b365a092cbf80ef1af6e99fc3cddc76b0ceb8112,R-M05,REVIEW,CREATE,"media-usage-evidence.csv path=system/files/images/categorias/b365a092cbf80ef1af6e99fc3cddc76b0ceb8112 categories=20 brands=","APPLIED (dry run only; not executed)"
media,asset:system/files/images/categorias/bf4d3b2ae60542c4ed05927730f7cc762263f31c,R-M05,REVIEW,CREATE,"media-usage-evidence.csv path=system/files/images/categorias/bf4d3b2ae60542c4ed05927730f7cc762263f31c categories=24 brands=","APPLIED (dry run only; not executed)"
media,asset:system/files/images/categorias/c46d19fe3eb462f51d4f636a3a4719ea6e8922c5,R-M05,REVIEW,CREATE,"media-usage-evidence.csv path=system/files/images/categorias/c46d19fe3eb462f51d4f636a3a4719ea6e8922c5 categories=14 brands=","APPLIED (dry run only; not executed)"
media,asset:system/files/images/categorias/c8f93030259cd6eb5436a8b4dc88516a8a82cf03,R-M05,REVIEW,CREATE,"media-usage-evidence.csv path=system/files/images/categorias/c8f93030259cd6eb5436a8b4dc88516a8a82cf03 categories=16 brands=","APPLIED (dry run only; not executed)"
media,asset:system/files/images/categorias/cbc5bbf8df505223c1069122842fed702f8be8d8,R-M05,REVIEW,CREATE,"media-usage-evidence.csv path=system/files/images/categorias/cbc5bbf8df505223c1069122842fed702f8be8d8 categories=13 brands=","APPLIED (dry run only; not executed)"
media,asset:system/files/images/categorias/cfae2414005ec241e35e2be9039da54013a231e9,R-M05,REVIEW,CREATE,"media-usage-evidence.csv path=system/files/images/categorias/cfae2414005ec241e35e2be9039da54013a231e9 categories=28 brands=","APPLIED (dry run only; not executed)"
media,asset:system/files/images/categorias/dea67750c58a9beeb1e4bf0140e4b97863635cfa,R-M05,REVIEW,CREATE,"media-usage-evidence.csv path=system/files/images/categorias/dea67750c58a9beeb1e4bf0140e4b97863635cfa categories=17 brands=","APPLIED (dry run only; not executed)"
media,asset:system/files/images/categorias/ed615bddda8aa301e393e1768b31a2d694243038,R-M05,REVIEW,CREATE,"media-usage-evidence.csv path=system/files/images/categorias/ed615bddda8aa301e393e1768b31a2d694243038 categories=21 brands=","APPLIED (dry run only; not executed)"
media,asset:system/files/images/categorias/f843a4b04170cefcd1c70500fdf0f79819e89148,R-M05,REVIEW,CREATE,"media-usage-evidence.csv path=system/files/images/categorias/f843a4b04170cefcd1c70500fdf0f79819e89148 categories=37 brands=","APPLIED (dry run only; not executed)"
page,php:contacto.php,R-G02-LOW,REVIEW,CREATE,"content-master.csv:contacto.php classification=CONTACT_PAGE preserve_url=YES","APPLIED (dry run only; not executed)"
page,php:index-estatico.php,R-G02-LOW,REVIEW,CREATE,"content-master.csv:index-estatico.php classification=INSTITUTIONAL_PAGE preserve_url=YES","APPLIED (dry run only; not executed)"
page,php:index-resp.php,R-G02-LOW,REVIEW,CREATE,"content-master.csv:index-resp.php classification=INSTITUTIONAL_PAGE preserve_url=YES","APPLIED (dry run only; not executed)"
page,php:index.php,R-G02-LOW,REVIEW,CREATE,"content-master.csv:index.php classification=INSTITUTIONAL_PAGE preserve_url=YES","APPLIED (dry run only; not executed)"
page,php:nosotros.php,R-G02-LOW,"UNCHANGED (pre-existing manual/subset decision)",UNCHANGED,"content-master.csv:nosotros.php classification=INSTITUTIONAL_PAGE preserve_url=YES","N/A: already resolved by a manual/subset decision, independent of this policy layer (policy proposal coincides but did not decide)"
page,php:politica-privacidad.php,R-G02-LOW,REVIEW,CREATE,"content-master.csv:politica-privacidad.php classification=INSTITUTIONAL_PAGE preserve_url=YES","APPLIED (dry run only; not executed)"
product,sql:productos:146,R-P01,REVIEW,CREATE,"product-master.csv:146 canonical_candidate_group=retenedor-vehiculos-hvr303.php record_count=1 unambiguous_php=YES category_id=22 category_confidence=CONFIRMED","APPLIED (dry run only; not executed)"
product,sql:productos:148,R-P01,REVIEW,CREATE,"product-master.csv:148 canonical_candidate_group=sellos-para-anden-shelter-de-soporte-flexible.php record_count=1 unambiguous_php=YES category_id=23 category_confidence=CONFIRMED","APPLIED (dry run only; not executed)"
product,sql:productos:34,R-P01,REVIEW,CREATE,"product-master.csv:34 canonical_candidate_group=puerta-para-hospital.php record_count=1 unambiguous_php=YES category_id=35 category_confidence=STRONG_INFERENCE","APPLIED (dry run only; not executed)"
product,sql:productos:63,R-P01,"UNCHANGED (pre-existing manual/subset decision)",UNCHANGED,"product-master.csv:63 canonical_candidate_group=puerta-seccional-de-acero-sin-aislamiento-416-uso-muy-pesado.php record_count=1 unambiguous_php=YES category_id=8 category_confidence=CONFIRMED","N/A: already resolved by a manual/subset decision, independent of this policy layer (policy proposal coincides but did not decide)"
product,sql:productos:64,R-P01,"UNCHANGED (pre-existing manual/subset decision)",UNCHANGED,"product-master.csv:64 canonical_candidate_group=puertas-seccionales-de-acero-sin-aislamiento-420-uso-pesado.php record_count=1 unambiguous_php=YES category_id=8 category_confidence=CONFIRMED","N/A: already resolved by a manual/subset decision, independent of this policy layer (policy proposal coincides but did not decide)"
product,sql:productos:65,R-P01,REVIEW,REVIEW,"product-master.csv:65 canonical_candidate_group=puerta-seccional-de-acero-sin-aislamiento-424-uso-pesado.php record_count=1 unambiguous_php=YES category_id=8 category_confidence=CONFIRMED","REVERTED: Dependencia no aprobada: asset:system/files/images/productos/639b9801fe440dcd2179c23cca14401710c5e7e0"
product,sql:productos:66,R-P01,REVIEW,REVIEW,"product-master.csv:66 canonical_candidate_group=puert-seccional-de-acero-sin-aislamiento-430-uso-medio.php record_count=1 unambiguous_php=YES category_id=8 category_confidence=CONFIRMED","REVERTED: Dependencia no aprobada: asset:system/files/images/productos/639b9801fe440dcd2179c23cca14401710c5e7e0"
product,sql:productos:67,R-P01,REVIEW,REVIEW,"product-master.csv:67 canonical_candidate_group=puertas-seccionales-de-aluminio-521.php record_count=1 unambiguous_php=YES category_id=8 category_confidence=CONFIRMED","REVERTED: Dependencia no aprobada: asset:system/files/images/productos/7cf4babfab2712e41d6fd1c050f5c31b604c97ae"
product,sql:productos:68,R-P01,REVIEW,REVIEW,"product-master.csv:68 canonical_candidate_group=puerta-seccional-de-acero-perfiles-418.php record_count=1 unambiguous_php=YES category_id=8 category_confidence=CONFIRMED","REVERTED: Dependencia no aprobada: asset:system/files/images/productos/7ab52eec612af22d23a62f849479371ebf1c2f22"
product,sql:productos:69,R-P01,REVIEW,REVIEW,"product-master.csv:69 canonical_candidate_group=puerta-seccionabl-acero-perfiles-422-uso-pesado.php record_count=1 unambiguous_php=YES category_id=8 category_confidence=CONFIRMED","REVERTED: Dependencia no aprobada: asset:system/files/images/productos/7ab52eec612af22d23a62f849479371ebf1c2f22"
product,sql:productos:70,R-P01,REVIEW,REVIEW,"product-master.csv:70 canonical_candidate_group=puertas-seccionales-de-acero-perfiles-426.php record_count=1 unambiguous_php=YES category_id=8 category_confidence=CONFIRMED","REVERTED: Dependencia no aprobada: asset:system/files/images/productos/3af12bf12f61eda51a19d1e8af3cefc05878f484"
product,sql:productos:71,R-P01,REVIEW,REVIEW,"product-master.csv:71 canonical_candidate_group=puerta-seccional-de-acero-perfiles-432-uso-medio.php record_count=1 unambiguous_php=YES category_id=8 category_confidence=CONFIRMED","REVERTED: Dependencia no aprobada: asset:system/files/images/productos/3af12bf12f61eda51a19d1e8af3cefc05878f484"
product,sql:productos:72,R-P01,REVIEW,REVIEW,"product-master.csv:72 canonical_candidate_group=puerta-seccional-de-acero-thermacore-593-uso-medio.php record_count=1 unambiguous_php=YES category_id=8 category_confidence=CONFIRMED","REVERTED: Dependencia no aprobada: asset:system/files/images/productos/7baea774c5fc4abe3735d40fdf16e84f1e3521ef"
product,sql:productos:73,R-P01,REVIEW,REVIEW,"product-master.csv:73 canonical_candidate_group=puerta-seccional-de-acero-thermacore-594-uso-medio.php record_count=1 unambiguous_php=YES category_id=8 category_confidence=CONFIRMED","REVERTED: Dependencia no aprobada: asset:system/files/images/productos/7baea774c5fc4abe3735d40fdf16e84f1e3521ef"
product,sql:productos:74,R-P01,REVIEW,CREATE,"product-master.csv:74 canonical_candidate_group=puertas-seccionales-de-acero-thermacore-598-uso-liviano.php record_count=1 unambiguous_php=YES category_id=8 category_confidence=CONFIRMED","APPLIED (dry run only; not executed)"
product,sql:productos:75,R-P01,REVIEW,CREATE,"product-master.csv:75 canonical_candidate_group=puerta-seccional-de-acero-thermacore-599-uso-muy-pesado.php record_count=1 unambiguous_php=YES category_id=8 category_confidence=CONFIRMED","APPLIED (dry run only; not executed)"
product,sql:productos:77,R-P01,REVIEW,REVIEW,"product-master.csv:77 canonical_candidate_group=operador-para-perfilados-comerciales-jst.php record_count=1 unambiguous_php=YES category_id=11 category_confidence=CONFIRMED","REVERTED: Dependencia no aprobada: asset:system/files/images/productos/3e620ed84c43c5de234ae437f58f7083e93f6b8d"
product,sql:productos:85,R-P01,REVIEW,CREATE,"product-master.csv:85 canonical_candidate_group=operadores-para-puertas-de-mostrador-cdo.php record_count=1 unambiguous_php=YES category_id=13 category_confidence=CONFIRMED","APPLIED (dry run only; not executed)"
product,sql:productos:86,R-P01,REVIEW,CREATE,"product-master.csv:86 canonical_candidate_group=operador-para-cortina-enrrollable-rsx.php record_count=1 unambiguous_php=YES category_id=13 category_confidence=CONFIRMED","APPLIED (dry run only; not executed)"
product,sql:productos:92,R-P01,REVIEW,CREATE,"product-master.csv:92 canonical_candidate_group=cortina-serie-790-cw.php record_count=1 unambiguous_php=YES category_id=14 category_confidence=CONFIRMED","APPLIED (dry run only; not executed)"
product,sql:productos:95,R-P01,REVIEW,REVIEW,"product-master.csv:95 canonical_candidate_group=cortina-serie-610.php record_count=1 unambiguous_php=YES category_id=14 category_confidence=CONFIRMED","REVERTED: Dependencia no aprobada: asset:system/files/images/productos/98b07de6dca4ad402a37385c485fb6999d5c3323"
product,sql:productos:97,R-P01,REVIEW,CREATE,"product-master.csv:97 canonical_candidate_group=cortina-de-seguridad-670.php record_count=1 unambiguous_php=YES category_id=14 category_confidence=CONFIRMED","APPLIED (dry run only; not executed)"
product,sql:productos:98,R-P01,REVIEW,CREATE,"product-master.csv:98 canonical_candidate_group=cortina-de-seguridad-671.php record_count=1 unambiguous_php=YES category_id=14 category_confidence=CONFIRMED","APPLIED (dry run only; not executed)"
