media_source_key,legacy_path,previous_owner_pages,new_owner,role,sha256,decision_id,final_action,notes
asset:images/banner1.jpg,images/banner1.jpg,1500-revolving-door.php|accesorios.php|accesspro-fs1000speed.php|automatismos-para-cancelas-cubic.php|barreras-estacionamiento-moovi50rm.php|bft-resp.php|bft.php|bix-al-antena-externa-433-mhz.php|blindadas.php|blue-giant.php|blue-giant.php|centros-comerciales.php|clopay.php|coleccion-classic.php|coleccion-modern-steel.php|com-programadores-digitales-y-rotativos.php|comercial.php|contacto.php|contra-exposion.php|contra-incendio.php|cortina-de-seguridad-670.php|cortina-de-seguridad-671.php|cortina-en-aluminio-serie-511-521.php|cortina-europea.php|cortina-plana.php|cortina-serie-600.php|cortina-serie-610.php|cortina-serie-620.php|cortina-serie-625.php|cortina-serie-630.php|cortina-serie-790-cw.php|cortinas-enrollables-de-aluminio.php|cortinas-enrollables-industriales.php|cortinas-ventiladas-685.php|cross-3e.php|detector-de-masas-max-eagle.php|ditec-neos-y-neos.php|dockman.php|dod-automatizacion-compacto-y-potente-para-portones-seccionales-correderos-y-enrollables.php|doorlock.php|dura-glide-20003000-puerta.php|energy-series-with-intellicore-37171-3-4.php|energy-series-with-intellicore-3720-3724-3722.php|equipos-y-accesorios-para-anden-de-carga.php|estacionamientos.php|fast-seal-high-performance-door.php|fire-rated-doors-firestar-models-700-700c.php|fotoceldas.php|fraccionamientos-y-condominios.php|glg-porte-industriali.php|gol-transmisores-de-cuatro-canales.php|icaro-smart.php|index-estatico.php|index-resp.php|index.php|industrial.php|infraca-quality-doors.php|kelley.php|kronos-puertas-rapidas-de-sectores-modulares-autorreparable.php|lab-4-fotocelulas-de-rayos-infrarrojos.php|lab-9-detectores-de-volumen-de-metal-loop.php|labio-de-elevacion-mecanico-dockman.php|labio-elevacion-anden-carga.php|lan-4-sistema-de-teclado-con-combinacion-digital.php|lan-7-sistema-de-mando-de-proximidad-de-tarjetas-con-tecnologia-transponder.php|lift-master-mod-h.php|lift-master.php|liftmaster-modh.php|light-communication-system-lcs.php|lux-2b-y-lux-gv-piston-hidraulico-para-puerta-abatible.php|luxo-robusto-e-incansable-para-servicios-intensivos-para-hojas-de-hasta-5-m.php|magic-fuerza-del-operador.php|marcas.php|marcasv1.php|nosotros.php|operador-comercial-rhx.php|operador-para-cortina-enrrollable-rsx.php|operador-para-perfilados-comerciales-jst.php|operador-para-perfilados-comerciales-sel.php|operadores-para-puerta-abatible.php|operadores-para-puerta-corrediza-industrial.php|operadores-para-puertas-ascendentes.php|operadores-para-puertas-corredizas-residenciales.php|operadores-para-puertas-de-mostrador-cdo.php|operadores-puerta-abatible-industrial.php|operadores-puerta-abatible.php|operadores-puerta-corrediza-residencial.php|operadores-puertas-ascendentes.php|operadores-puertas-seccionales-cortinas.php|overhead-door.php|p45-7-piston-hidraulico-para-puerta-abatible.php|pas-sensores-volumetricos.php|phobos-n-piston-electromecanico.php|politica-privacidad.php|predadoor-nxt-door.php|productos.php|puert-seccional-de-acero-sin-aislamiento-430-uso-medio.php|puerta-contra-explosion.php|puerta-contra-incendio.php|puerta-de-acero-acanalado-modelos-524.php|puerta-de-acero-acanalado.php|puerta-estandar-reforzada.php|puerta-estandar.php|puerta-holandesa.php|puerta-para-hospital.php|puerta-seccionabl-acero-perfiles-422-uso-pesado.php|puerta-seccional-de-acero-perfiles-418.php|puerta-seccional-de-acero-perfiles-432-uso-medio.php|puerta-seccional-de-acero-sin-aislamiento-416-uso-muy-pesado.php|puerta-seccional-de-acero-sin-aislamiento-424-uso-pesado.php|puerta-seccional-de-acero-thermacore-593-uso-medio.php|puerta-seccional-de-acero-thermacore-594-uso-medio.php|puerta-seccional-de-acero-thermacore-595-uso-pesado.php|puerta-seccional-de-acero-thermacore-599-uso-muy-pesado.php|puerta-seccional-de-acero-thermacore-serie-592.php|puerta-y-fijos-louver.php|puertas-blindadas.php|puertas-contra-incendio.php|puertas-contra-rayos-x.php|puertas-de-garaje-aisladas.php|puertas-enrollables-de-garage.php|puertas-industriales-dockman.php|puertas-peatonales-estandar-y-reforzada.php|puertas-peatonales-hospitales.php|puertas-peatonales-rayos-x.php|puertas-peatonales-tipo-holandesa.php|puertas-rapidas-enrollables.php|puertas-rapidas.php|puertas-residenciales.php|puertas-salida-emergencia.php|puertas-seccionales-de-acero-aisladas-thermospan-modelo-150.php|puertas-seccionales-de-acero-aisladas-thermospan.php|puertas-seccionales-de-acero-modelo-2415.php|puertas-seccionales-de-acero-perfiles-426.php|puertas-seccionales-de-acero-sin-aislamiento-420-uso-pesado.php|puertas-seccionales-de-acero-thermacore-598-uso-liviano.php|puertas-seccionales-de-aluminio-521.php|puertas-seccionales-industriales.php|puertas-y-fijos-louver.php|puertasresidenciales.php|q-silent-max-eagle-3-4-hp.php|qik-barreras-automaticas-de-hasta-58-m.php|rampa-niveladora-mecanica-blue-giant.php|rampa-niveladora.php|rampas-de-anden-hidraulicas-kelley.php|rampas-de-anden-hidraulicas.php|rampas-de-anden-mecanicas.php|rapida-apilable.php|rapida-enrollable-industrial.php|receptor-para-control-vehiculos.php|residencial.php|retenedor-de-vehiculos.php|retenedor-vehiculos-hvr303.php|retenedores-de-vehiculos-automatico.php|retenedores-de-vehiculos.php|rolli-zip.php|rytec.php|sector-puertas-rapidas-enrollables-de-sectores-intercambiables-y-contrapesos.php|sector-reset.php|sellos-de-anden.php|sellos-nacionales.php|sellos-para-anden-shelter-de-soporte-flexible.php|sellos-para-anden.php|semaforos-senalizaciones-para-anden.php|serie-620.php|serie-x130-motor-para-cortina-oculto.php|sg-onixx-600.php|shelter-abrigo-estacionario-blue-giant.php|smart-puertas-rapidas-enrollables-de-sectores-intercambiables-con-motor-externo.php|soluciones.php|sprint-automatizaciones-para-puertas-peatonales-pequenas-dimensiones.php|star1000-receptor-comercial.php|star4-vehicle-restraint.php|tiras-plasticas-hawaianas.php|tiras-plasticas.php|traffic.php|upper-up8e-barreras-automaticas-de-hasta-8-m.php|vertigo.php|wayne-dalton.php|wel-aotmatizacion-de-puertas-peatonales-pequena-y-robusta.php|xel-5-selector-de-llave.php,,standalone_attachment,4bc014975343535716668557e35bb56c8da81ffd1902d59cb4eea9408826e162,,MIGRATE,"R-M04: referencia pública literal (media-usage-evidence.csv PUBLIC_SOURCE) desde una página aprobada por R-G02-LOW."
asset:images/revolving.jpg,images/revolving.jpg,1500-revolving-door.php|comercial.php,static:1500-revolving-door.php,featured_image,5c387080f1adb199666ebbb9993bb04091fa641db6ef94fd586b3e9328e8e99b,Q04,MIGRATE,"Q04: parte de la ficha estatica static:1500-revolving-door.php."
asset:fichas/accesorios-doorlock.pdf,fichas/accesorios-doorlock.pdf,accesorios.php,sql:productos:27,datasheet,ae50b2e96f83184c1f742e2b5953ba76218ddcd686ee3ed4b686fe802a1e4cde,Q02,MIGRATE,"Q02: parte de la union de medios de accesorios.php (ganador sql:productos:27); ver 01-q02-duplicate-resolution.md."
asset:images/verficha.png,images/verficha.png,accesorios.php|accesspro-fs1000speed.php|barreras-estacionamiento-moovi50rm.php|coleccion-classic.php|coleccion-modern-steel.php|cortina-de-seguridad-670.php|cortina-de-seguridad-671.php|cortina-en-aluminio-serie-511-521.php|cortina-europea.php|cortina-plana.php|cortina-serie-600.php|cortina-serie-610.php|cortina-serie-620.php|cortina-serie-625.php|cortina-serie-630.php|cortina-serie-790-cw.php|cortinas-ventiladas-685.php|energy-series-with-intellicore-37171-3-4.php|energy-series-with-intellicore-37171-3-4.php|energy-series-with-intellicore-3720-3724-3722.php|fast-seal-high-performance-door.php|fire-rated-doors-firestar-models-700-700c.php|icaro-smart.php|kronos-puertas-rapidas-de-sectores-modulares-autorreparable.php|labio-de-elevacion-mecanico-dockman.php|lift-master-mod-h.php|lux-2b-y-lux-gv-piston-hidraulico-para-puerta-abatible.php|operador-comercial-rhx.php|operador-para-cortina-enrrollable-rsx.php|operador-para-perfilados-comerciales-jst.php|operador-para-perfilados-comerciales-sel.php|operadores-para-puertas-de-mostrador-cdo.php|operadores-puerta-abatible.php|operadores-puerta-corrediza-residencial.php|operadores-puertas-ascendentes.php|p45-7-piston-hidraulico-para-puerta-abatible.php|phobos-n-piston-electromecanico.php|predadoor-nxt-door.php|puert-seccional-de-acero-sin-aislamiento-430-uso-medio.php|puerta-contra-explosion.php|puerta-de-acero-acanalado-modelos-524.php|puerta-estandar-reforzada.php|puerta-estandar-reforzada.php|puerta-estandar.php|puerta-estandar.php|puerta-holandesa.php|puerta-seccionabl-acero-perfiles-422-uso-pesado.php|puerta-seccional-de-acero-perfiles-418.php|puerta-seccional-de-acero-perfiles-432-uso-medio.php|puerta-seccional-de-acero-sin-aislamiento-424-uso-pesado.php|puerta-seccional-de-acero-thermacore-593-uso-medio.php|puerta-seccional-de-acero-thermacore-594-uso-medio.php|puerta-seccional-de-acero-thermacore-595-uso-pesado.php|puerta-seccional-de-acero-thermacore-serie-592.php|puertas-blindadas.php|puertas-blindadas.php|puertas-contra-incendio.php|puertas-contra-incendio.php|puertas-contra-rayos-x.php|puertas-contra-rayos-x.php|puertas-industriales-dockman.php|puertas-seccionales-de-acero-aisladas-thermospan-modelo-150.php|puertas-seccionales-de-acero-aisladas-thermospan.php|puertas-seccionales-de-acero-modelo-2415.php|puertas-seccionales-de-acero-perfiles-426.php|puertas-seccionales-de-acero-sin-aislamiento-420-uso-pesado.php|puertas-seccionales-de-aluminio-521.php|q-silent-max-eagle-3-4-hp.php|rampa-niveladora-mecanica-blue-giant.php|rampas-de-anden-hidraulicas-kelley.php|rampas-de-anden-hidraulicas.php|rampas-de-anden-mecanicas.php|rapida-apilable.php|rapida-enrollable-industrial.php|retenedor-de-vehiculos.php|retenedores-de-vehiculos-automatico.php|rolli-zip.php|sellos-de-anden.php|sellos-nacionales.php|sellos-nacionales.php|serie-x130-motor-para-cortina-oculto.php|shelter-abrigo-estacionario-blue-giant.php|shelter-abrigo-estacionario-blue-giant.php|star4-vehicle-restraint.php,sql:productos:4,gallery,3f5aeebc29765caddc907536949a7c1802341f1771394b26a5d63c6ab9cfaf0f,Q02,MIGRATE,"Q02: parte de la union de medios de accesorios.php (ganador sql:productos:27); ver 01-q02-duplicate-resolution.md."
asset:images/accesorios.png,images/accesorios.png,accesorios.php,sql:productos:27,featured_image,026c47f3f0381ab83f7513b5126315782bcbdd65851d89cfaaef18fe39b6e650,Q02,MIGRATE,"Q02: parte de la union de medios de accesorios.php (ganador sql:productos:27); ver 01-q02-duplicate-resolution.md."
asset:fichas/13.0.Folleto-Operador-AccessPRO-FS1000-SPEED-hoja-tecnica.pdf,fichas/13.0.Folleto-Operador-AccessPRO-FS1000-SPEED-hoja-tecnica.pdf,accesspro-fs1000speed.php|operadores-puerta-abatible.php|operadores-puerta-corrediza-residencial.php|operadores-puertas-ascendentes.php|q-silent-max-eagle-3-4-hp.php,,,4cc48eb0ed373eb38e12e0d90e5c5231e218c287df2b8ee51e8e8a1cda96ecf0,,REVIEW,"Uso documental no equivale a aprobación de propósito/identidad de medios."
asset:images/accesspro.jpg,images/accesspro.jpg,accesspro-fs1000speed.php|q-silent-max-eagle-3-4-hp.php,,,b521a9678426851f5d6e1b90d1f9584dfb182dfea0a6463d90c761a173368090,,REVIEW,"Uso documental no equivale a aprobación de propósito/identidad de medios."
asset:images/piso.jpg,images/piso.jpg,automatismos-para-cancelas-cubic.php,static:automatismos-para-cancelas-cubic.php,featured_image,ffc865ba626561b3e5af5382e27a790f89966ad9a1d41566038c3c5518c3fadb,,MIGRATE,"Ensayo técnico privado autorizado en Prompt 6; no aprobación del catálogo productivo. Uso explícito en ficha o directorio; bytes y tipo se validan."
asset:fichas/moovi50rm.pdf,fichas/moovi50rm.pdf,barreras-estacionamiento-moovi50rm.php,,,b40a5af2a94250cc800336c668821dd1f54f3f28f1c6ef3ed8f4a35beb3ed1cd,,REVIEW,"Uso documental no equivale a aprobación de propósito/identidad de medios."
asset:images/moovi50rm.png,images/moovi50rm.png,barreras-estacionamiento-moovi50rm.php|bft-resp.php|bft.php|blue-giant.php|centros-comerciales.php|estacionamientos.php|fraccionamientos-y-condominios.php,,,ecc1028eb79cc3a6bf6320d9e06ed04ce2d721a44164cba9413898b9db4b3ad9,,REVIEW,"Uso documental no equivale a aprobación de propósito/identidad de medios."
asset:images/seriex130.jpg,images/seriex130.jpg,bft-resp.php|bft.php|blue-giant.php|operadores-puertas-seccionales-cortinas.php|serie-x130-motor-para-cortina-oculto.php,sql:productos:45,featured_image,dcc883fab4198a7a025bd01ea199ba10b5f8440e172b2d8789a52b679edcbc44,Q02,MIGRATE,"Q02: parte de la union de medios de serie-x130-motor-para-cortina-oculto.php (ganador sql:productos:45); ver 01-q02-duplicate-resolution.md."
asset:images/phobos-piston.jpg,images/phobos-piston.jpg,bft-resp.php|bft.php|blue-giant.php|operadores-para-puerta-abatible.php|phobos-n-piston-electromecanico.php,sql:productos:46,gallery,ca7a7e621ac7c9db2912bffeb82b6bdb650a3bbffbd4b6bd1df46ce527b22632,Q02,MIGRATE,"Q02: parte de la union de medios de phobos-n-piston-electromecanico.php (ganador sql:productos:46); ver 01-q02-duplicate-resolution.md."
asset:images/lux2b.jpg,images/lux2b.jpg,bft-resp.php|bft.php|blue-giant.php|lux-2b-y-lux-gv-piston-hidraulico-para-puerta-abatible.php|operadores-para-puerta-abatible.php|operadores-puerta-abatible-industrial.php,,,4a23b949e7e88584f680f1e22cff8e20629c517f16be52fbdc27ce917c350023,,REVIEW,"Uso documental no equivale a aprobación de propósito/identidad de medios."
asset:images/Icaro.png,images/Icaro.png,bft-resp.php|bft.php|blue-giant.php|estacionamientos.php|fraccionamientos-y-condominios.php|icaro-smart.php|operadores-para-puerta-corrediza-industrial.php,,,0d9d5e569e4bb5f80edff0b782e60dec9e4f78cac0963cd25d86dc6fcdf4db14,,REVIEW,"Uso documental no equivale a aprobación de propósito/identidad de medios."
asset:images/p457.jpg,images/p457.jpg,bft-resp.php|bft.php|blue-giant.php|operadores-para-puerta-abatible.php|operadores-puerta-abatible-industrial.php|p45-7-piston-hidraulico-para-puerta-abatible.php,,,3fd525c165e7156070b93278f2fb0a2a50fa192365530cdc7c904cef3b17a641,,REVIEW,"Uso documental no equivale a aprobación de propósito/identidad de medios."
asset:images/bix.jpg,images/bix.jpg,bix-al-antena-externa-433-mhz.php,static:bix-al-antena-externa-433-mhz.php,featured_image,1d8903f7dbb9e82330a7ea586d97a75a93c5fd2add8dc077ebb0f59568ed2a1e,Q04,MIGRATE,"Q04: parte de la ficha estatica static:bix-al-antena-externa-433-mhz.php."
asset:images/blindadas.jpg,images/blindadas.jpg,blindadas.php|centros-comerciales.php|doorlock.php|puerta-contra-incendio.php|puertas-blindadas.php,,,0199d85a0628fcfe8be52eb76468a541ed5af57bb1711e1119b61b32d3426e0d,,REVIEW,"Uso documental no equivale a aprobación de propósito/identidad de medios."
asset:images/Stationary_Dock_Shelter_300px-1.jpg,images/Stationary_Dock_Shelter_300px-1.jpg,blue-giant.php,,,27c04ba766d8e626103eba8a20ae35887dc8326485315f26f2e371bee12fa7a3,,REVIEW,"Uso documental no equivale a aprobación de propósito/identidad de medios."
asset:images/retenedor.jpg,images/retenedor.jpg,blue-giant.php|equipos-y-accesorios-para-anden-de-carga.php|retenedor-de-vehiculos.php|retenedores-de-vehiculos.php,sql:productos:22,featured_image,d12a22736b30faa534cd0f9d8914ac8851486ff97d6ce705ff88f5f566a0ff45,Q02,MIGRATE,"Q02: parte de la union de medios de retenedor-de-vehiculos.php (ganador sql:productos:22); ver 01-q02-duplicate-resolution.md."
asset:images/M_DockLeveler_300px.png,images/M_DockLeveler_300px.png,blue-giant.php|rampa-niveladora.php,,,c8c8e17fb4fe0088e4d86b4e360634d4114ef1ce0209197e45651e2752da944e,,REVIEW,"Uso documental no equivale a aprobación de propósito/identidad de medios."
asset:images/rolling-service-door-600.jpg,images/rolling-service-door-600.jpg,centros-comerciales.php|cortinas-enrollables-industriales.php|overhead-door.php,,,251d04717bc5499f1707bc080bf7a1d1960a3d8000c12f9bd6e27e3923a7b594,,REVIEW,"Uso documental no equivale a aprobación de propósito/identidad de medios."
asset:images/cortina-685.jpg,images/cortina-685.jpg,centros-comerciales.php|cortinas-enrollables-industriales.php|cortinas-ventiladas-685.php,,,4879be3ae5409e6cefd67c6064ad754570c808c282a5badc722f0c00e2f6b71d,,REVIEW,"Uso documental no equivale a aprobación de propósito/identidad de medios."
asset:images/Puerta-contra-incendio.jpg,images/Puerta-contra-incendio.jpg,centros-comerciales.php|contra-incendio.php|doorlock.php|puerta-contra-incendio.php|puertas-contra-incendio.php|puertas-salida-emergencia.php,,,86530d4ac92df562c6de29b9cc22b42192a67ecb3e1e2b1f478af1806600453d,,REVIEW,"Uso documental no equivale a aprobación de propósito/identidad de medios."
asset:images/estandar.jpg,images/estandar.jpg,centros-comerciales.php|puertas-salida-emergencia.php,,,d378e4af1d887e4f90b501fe575e2e9d6085a7c767a8e8ce6113c7bfb9a60651,,REVIEW,"Uso documental no equivale a aprobación de propósito/identidad de medios."
asset:images/Puerta_Standar_Reforzada.png,images/Puerta_Standar_Reforzada.png,centros-comerciales.php|doorlock.php|puerta-estandar-reforzada.php|puertas-peatonales-estandar-y-reforzada.php|puertas-salida-emergencia.php,,,f4eb1ee1751e83d4ff390ffc61d3f20b0beccecd154b161ce73c98965d2d5ecc,,REVIEW,"Uso documental no equivale a aprobación de propósito/identidad de medios."
asset:images/puerta-holandesa.jpg,images/puerta-holandesa.jpg,centros-comerciales.php|doorlock.php|puerta-holandesa.php|puertas-peatonales-tipo-holandesa.php|puertas-salida-emergencia.php|puertas-y-fijos-louver.php,,,0f140512ff050cae8344d3c8916f7959220e55dfebebcb7e9f4f7e1a462ec698,,REVIEW,"Uso documental no equivale a aprobación de propósito/identidad de medios."
asset:images/puerta-metalica-louver.png,images/puerta-metalica-louver.png,centros-comerciales.php|doorlock.php|puertas-salida-emergencia.php|puertas-y-fijos-louver.php,,,5d2f4b493c2b08a9f6c500ae2c0242023d06f5295fcd56fd52e8974a46dfc9dc,,REVIEW,"Uso documental no equivale a aprobación de propósito/identidad de medios."
asset:images/cortina.jpg,images/cortina.jpg,centros-comerciales.php|cortina-plana.php|cortinas-enrollables-industriales.php|industrial.php|puertas-residenciales.php,,,6425586a90c49adf93ea64128d234cfc567062d6cbbd3ca325692474f902d188,,REVIEW,"Uso documental no equivale a aprobación de propósito/identidad de medios."
asset:images/cortina_europea.png,images/cortina_europea.png,centros-comerciales.php|cortina-europea.php|cortinas-enrollables-industriales.php|dockman.php,,,800c298a6f41f60f0ec028f70f8bc064d4bb2b000c1ff427a9be353954c4a27a,,REVIEW,"Uso documental no equivale a aprobación de propósito/identidad de medios."
asset:images/317.jpg,images/317.jpg,clopay.php,,,cfb9597a8e137f3a2eccaa7154d22f3a1367194af228e25eca5b6479035d6474,,REVIEW,"Uso documental no equivale a aprobación de propósito/identidad de medios."
asset:images/industrial-series-520-deep-ribbed-24x12-window-white-garage-door.jpg,images/industrial-series-520-deep-ribbed-24x12-window-white-garage-door.jpg,clopay.php,,,0140b263bc612390ea1c7ca673ffcf6f5ab27921b353d080ae6a82a7f66539cd,,REVIEW,"Uso documental no equivale a aprobación de propósito/identidad de medios."
asset:images/energy-series-intellicore-824x610-1.jpg,images/energy-series-intellicore-824x610-1.jpg,clopay.php,,,4ff8f9c14a1788f07f3c90d21e431c90ea7ec5f8192ca26f1b2b9a96e8f650d4,,REVIEW,"Uso documental no equivale a aprobación de propósito/identidad de medios."
asset:images/foto_puertas_lisa-1.png,images/foto_puertas_lisa-1.png,clopay.php|overhead-door.php|wayne-dalton.php,,,d845644629cb7137ef6febf445c446575f70e9aeb24c8c85f1243e0baf6501c9,,REVIEW,"Uso documental no equivale a aprobación de propósito/identidad de medios."
asset:fichas/RSIDENCIAL-SERIE-PREMIUM.pdf,fichas/RSIDENCIAL-SERIE-PREMIUM.pdf,coleccion-classic.php,sql:productos:9,datasheet,c2066b742b75d66a2d4de6ab38f837e0e15936d1ca4348db3f71df6c41257cfb,Q02,MIGRATE,"Q02: parte de la union de medios de coleccion-classic.php (ganador sql:productos:9); ver 01-q02-duplicate-resolution.md."
asset:images/Cuadros_cortos_y_largos.png,images/Cuadros_cortos_y_largos.png,coleccion-classic.php,sql:productos:9,featured_image,42424441c5d5c6c196ac09f4785955384400fb6416f6884993d10c3ae901c004,Q02,MIGRATE,"Q02: parte de la union de medios de coleccion-classic.php (ganador sql:productos:9); ver 01-q02-duplicate-resolution.md."
asset:images/detalle_de_cuadros.png,images/detalle_de_cuadros.png,coleccion-classic.php,sql:productos:9,gallery,4fb1772d51a8247fef0b0fa5da54deaed1291a113044a7b1e29032b117574816,Q02,MIGRATE,"Q02: parte de la union de medios de coleccion-classic.php (ganador sql:productos:9); ver 01-q02-duplicate-resolution.md."
asset:images/construccion.png,images/construccion.png,coleccion-classic.php,sql:productos:9,gallery,f45b6dec4ecc808faa9c63049ed8510c53e7bc7158a0a504cd02c86604008572,Q02,MIGRATE,"Q02: parte de la union de medios de coleccion-classic.php (ganador sql:productos:9); ver 01-q02-duplicate-resolution.md."
asset:images/fotos_a_cuadros.png,images/fotos_a_cuadros.png,coleccion-classic.php,sql:productos:9,gallery,5855892f99616e58e799464823e0c17b501a7b05c35f85771e23bc017aac1fc7,Q02,MIGRATE,"Q02: parte de la union de medios de coleccion-classic.php (ganador sql:productos:9); ver 01-q02-duplicate-resolution.md."
asset:fichas/lisos.pdf,fichas/lisos.pdf,coleccion-modern-steel.php,,,9f243ab6101cecf78a08deb6c11900c1a017d409e6baa53c958cd13dc2f532e0,,REVIEW,"Uso documental no equivale a aprobación de propósito/identidad de medios."
asset:images/liso_rayas.png,images/liso_rayas.png,coleccion-modern-steel.php,,,c4f71f365cefbdacc0f7682fe09ef6c9e271bd4f6bdca40268c451e7b6b18122,,REVIEW,"Uso documental no equivale a aprobación de propósito/identidad de medios."
asset:images/modern-steel-1.png,images/modern-steel-1.png,coleccion-modern-steel.php,,,6efcca3378e75860caaf2952404e53bea608eba11a29fbb8bd31de158ed5130d,,REVIEW,"Uso documental no equivale a aprobación de propósito/identidad de medios."
asset:images/modern-steel-2.png,images/modern-steel-2.png,coleccion-modern-steel.php,,,7f72e704aa8a09e069e12e1165042becd9b47f3fa8408161f4bc98e4313bd8f7,,REVIEW,"Uso documental no equivale a aprobación de propósito/identidad de medios."
asset:images/com.jpg,images/com.jpg,com-programadores-digitales-y-rotativos.php,static:com-programadores-digitales-y-rotativos.php,featured_image,f761f3b590d34c334b99a191f8a20aa737f5daef3601a218af58ad40d6c4e0a9,Q04,MIGRATE,"Q04: parte de la ficha estatica static:com-programadores-digitales-y-rotativos.php."
asset:images/qik.jpg,images/qik.jpg,comercial.php|qik-barreras-automaticas-de-hasta-58-m.php,static:qik-barreras-automaticas-de-hasta-58-m.php,featured_image,28e4334631dce49d435714ae24d03684a2f9b205f361818c59211a3de24deb89,Q04,MIGRATE,"Q04: parte de la ficha estatica static:qik-barreras-automaticas-de-hasta-58-m.php."
asset:images/upper.jpg,images/upper.jpg,comercial.php|upper-up8e-barreras-automaticas-de-hasta-8-m.php,static:upper-up8e-barreras-automaticas-de-hasta-8-m.php,featured_image,6dd17d39f01303d60d7a7fe041d16584605151bd3c85e9113c492c736bc27936,Q04,MIGRATE,"Q04: parte de la ficha estatica static:upper-up8e-barreras-automaticas-de-hasta-8-m.php."
asset:images/star100.jpg,images/star100.jpg,comercial.php|star1000-receptor-comercial.php,static:star1000-receptor-comercial.php,featured_image,f7c39471f5716bf9257f321e174de72bae3ca41660ae72811da95d599995b443,Q04,MIGRATE,"Q04: parte de la ficha estatica static:star1000-receptor-comercial.php."
asset:images/contact-03.jpg,images/contact-03.jpg,contacto.php,,standalone_attachment,05269a4403ac1ae68888f096f6501fef6072d9bc8b8c6348e6fb8a70f754d836,,MIGRATE,"R-M04: referencia pública literal (media-usage-evidence.csv PUBLIC_SOURCE) desde una página aprobada por R-G02-LOW."
asset:images/contact.jpg,images/contact.jpg,contacto.php,,standalone_attachment,bd569132c7c7f7887e32dd58e26a047dead91941a4e85772a36e0414e9486bf8,,MIGRATE,"R-M04: referencia pública literal (media-usage-evidence.csv PUBLIC_SOURCE) desde una página aprobada por R-G02-LOW."
asset:images/contact-04.jpg,images/contact-04.jpg,contacto.php,,standalone_attachment,fcfdc63baba3ce3c2afc7ef1b85b504ca4333ade6a680af3acf8f56f6b6e62ed,,MIGRATE,"R-M04: referencia pública literal (media-usage-evidence.csv PUBLIC_SOURCE) desde una página aprobada por R-G02-LOW."
asset:images/puertaboom.jpg,images/puertaboom.jpg,contra-exposion.php|doorlock.php|puerta-contra-explosion.php|puerta-contra-incendio.php,sql:productos:26,gallery,a8f42eccb24686ed83b3c05800b19a0c33cbf08e106597011e22cc22b0b8f831,Q02,MIGRATE,"Q02: parte de la union de medios de puerta-contra-explosion.php (ganador sql:productos:26); ver 01-q02-duplicate-resolution.md."
asset:fichas/security-grilles-670-671-brochure.pdf,fichas/security-grilles-670-671-brochure.pdf,cortina-de-seguridad-670.php,sql:productos:97,datasheet,35ba5a171ddc615b665e1bc0e9b1eb238f8dc798a8d56ef804c29c8273171d64,Q01,MIGRATE,"Q01: parte de la union de medios de cortina-de-seguridad-670.php (propietario sql:productos:97); ver 07-q01-content-ownership.md."
asset:images/cortina-670.jpg,images/cortina-670.jpg,cortina-de-seguridad-670.php|cortinas-enrollables-industriales.php,sql:productos:97,featured_image,42aea6f642e345465fe276fb67ffa4fb3c721e5e0e133fbe279b6b9f0ca5b64b,Q01,MIGRATE,"Q01: parte de la union de medios de cortina-de-seguridad-670.php (propietario sql:productos:97); ver 07-q01-content-ownership.md."
asset:images/cortina-670t.png,images/cortina-670t.png,cortina-de-seguridad-670.php,sql:productos:97,gallery,dd9e6b2e268ac9c41e218e30a6e64253ad19695d294c6e536290383196c62603,Q01,MIGRATE,"Q01: parte de la union de medios de cortina-de-seguridad-670.php (propietario sql:productos:97); ver 07-q01-content-ownership.md."
asset:fichas/security-grilles-670-671-brochure1.pdf,fichas/security-grilles-670-671-brochure1.pdf,cortina-de-seguridad-671.php,sql:productos:98,datasheet,35ba5a171ddc615b665e1bc0e9b1eb238f8dc798a8d56ef804c29c8273171d64,Q01,MIGRATE,"Q01: parte de la union de medios de cortina-de-seguridad-671.php (propietario sql:productos:98); ver 07-q01-content-ownership.md."
asset:images/cortina-671.jpg,images/cortina-671.jpg,cortina-de-seguridad-671.php|cortinas-enrollables-industriales.php,sql:productos:98,featured_image,12af3a14a4078ab10daf9cca236e715ba768271eeb8b7fa77450f8910744fb3b,Q01,MIGRATE,"Q01: parte de la union de medios de cortina-de-seguridad-671.php (propietario sql:productos:98); ver 07-q01-content-ownership.md."
asset:images/cortina-671t.png,images/cortina-671t.png,cortina-de-seguridad-671.php,sql:productos:98,gallery,eb13b9954e8c2966940d3c50d37eb556acf5b835d8d8f24dbd961cd64a44be1a,Q01,MIGRATE,"Q01: parte de la union de medios de cortina-de-seguridad-671.php (propietario sql:productos:98); ver 07-q01-content-ownership.md."
asset:fichas/commercial-aluminum-door-systems-brochure.pdf,fichas/commercial-aluminum-door-systems-brochure.pdf,cortina-en-aluminio-serie-511-521.php,,,8dc41cef299a6fff42f35586d57cadf6d24bacbe36c327467c91a69dc4c6a8b3,,REVIEW,"Uso documental no equivale a aprobación de propósito/identidad de medios."
asset:images/cortina-aluminio.jpg,images/cortina-aluminio.jpg,cortina-en-aluminio-serie-511-521.php|cortinas-enrollables-industriales.php|overhead-door.php,,,df5c7138ad94a2b00ea9e1a610c725c2598c6f6839feb9fe09a0196bcf73b758,,REVIEW,"Uso documental no equivale a aprobación de propósito/identidad de medios."
asset:fichas/CORTINA-EUROPEA.pdf,fichas/CORTINA-EUROPEA.pdf,cortina-europea.php,,,2376a9cde2c6e77709732af06375d56908e48f053c68bdcc762abab755b730c1,,REVIEW,"Uso documental no equivale a aprobación de propósito/identidad de medios."
asset:images/europea.jpg,images/europea.jpg,cortina-europea.php,,,0f0d8621f533b7266c519770cd09ebae682ac7d0088992431e7b170b2f1ddbb8,,REVIEW,"Uso documental no equivale a aprobación de propósito/identidad de medios."
asset:images/forma.png,images/forma.png,cortina-europea.php,,,315b8ca4bb47e834b9a295a80cdd91b9349821b35f74cb8d72ca35c4957c5b94,,REVIEW,"Uso documental no equivale a aprobación de propósito/identidad de medios."
asset:fichas/CORTINA-PLANA.pdf,fichas/CORTINA-PLANA.pdf,cortina-plana.php,,,770b078388423c4fdbdc7ed9faaa4be00b714b97df53cd154913ddb22286c51c,,REVIEW,"Uso documental no equivale a aprobación de propósito/identidad de medios."
asset:images/cortina2.jpg,images/cortina2.jpg,cortina-plana.php|puertas-residenciales.php,,,f631b9254d9636fea5c91580a0b9921e0dba8a60a2433d8e8a6a68dcf4ee04c2,,REVIEW,"Uso documental no equivale a aprobación de propósito/identidad de medios."
asset:images/detalle_plana.png,images/detalle_plana.png,cortina-plana.php,,,c339242d4cbbcd12631d8837454914b576d716f4440c772408ce35f731ee8db4,,REVIEW,"Uso documental no equivale a aprobación de propósito/identidad de medios."
asset:fichas/rolling-service-doors-600-brochure.pdf,fichas/rolling-service-doors-600-brochure.pdf,cortina-serie-600.php,,,4a57450a7d670dccad11fccb5751e91989e100a82357969bc2266ad4cf5bc2cf,,REVIEW,"Uso documental no equivale a aprobación de propósito/identidad de medios."
asset:images/serie-600.jpg,images/serie-600.jpg,cortina-serie-600.php,,,e88ed504543db1a72af8b98b84b3c048c2a247e812e2cc7f87c052cf2b6390c3,,REVIEW,"Uso documental no equivale a aprobación de propósito/identidad de medios."
asset:images/serie_600.png,images/serie_600.png,cortina-serie-600.php,,,1359e14587941620d83bf997795d54c17de69066a8f138cc6b3bb6d607a77c51,,REVIEW,"Uso documental no equivale a aprobación de propósito/identidad de medios."
asset:fichas/Cortina-serie-610-620.pdf,fichas/Cortina-serie-610-620.pdf,cortina-serie-610.php,sql:productos:95,datasheet,da92b4c85c86a66b1cae255adcb4c0b61f75d37d36ef5272696bc922cd6ca838,Q01,MIGRATE,"Q01: parte de la union de medios de cortina-serie-610.php (propietario sql:productos:95); ver 07-q01-content-ownership.md."
asset:images/rolling-service-doors-610.jpg,images/rolling-service-doors-610.jpg,cortina-serie-610.php,sql:productos:95,featured_image,346c0e05d2eacdde803763958e445e9f2d14852c5ad427ade04d239cf4e44210,Q01,MIGRATE,"Q01: parte de la union de medios de cortina-serie-610.php (propietario sql:productos:95); ver 07-q01-content-ownership.md."
asset:fichas/rolling-steel-doors-610-620-brochure.pdf,fichas/rolling-steel-doors-610-620-brochure.pdf,cortina-serie-620.php,sql:productos:7,datasheet,9baa5d63b37b5e11e3877d383c1c6a1d79d45e9cac57495fad648de204da0883,Q02,MIGRATE,"Q02: parte de la union de medios de cortina-serie-620.php (ganador sql:productos:7); ver 01-q02-duplicate-resolution.md."
asset:images/cortina-620.jpg,images/cortina-620.jpg,cortina-serie-620.php|overhead-door.php,sql:productos:7,featured_image,772f456f3e6a7f8a7e6e6a57b13a180368b034464af956fb671fbb038928de13,Q02,MIGRATE,"Q02: parte de la union de medios de cortina-serie-620.php (ganador sql:productos:7); ver 01-q02-duplicate-resolution.md."
asset:fichas/rolling-service-doors-625-brochure.pdf,fichas/rolling-service-doors-625-brochure.pdf,cortina-serie-625.php,sql:productos:4,datasheet,acf807d4b213201e17a7394a08f10fa9bb4006885934ec12f34c447242dc3b69,Q02,MIGRATE,"Q02: parte de la union de medios de cortina-serie-625.php (ganador sql:productos:4); ver 01-q02-duplicate-resolution.md."
asset:images/rolling-service-door-625-wide.jpg,images/rolling-service-door-625-wide.jpg,cortina-serie-625.php|cortinas-enrollables-industriales.php|overhead-door.php,sql:productos:4,featured_image,c8d461b8c1a8dd1feab00b1b36d1657e9ed59a03544c18dd01959939192c980e,Q02,MIGRATE,"Q02: parte de la union de medios de cortina-serie-625.php (ganador sql:productos:4); ver 01-q02-duplicate-resolution.md."
asset:fichas/fireking-fire-door-systems-brochure.pdf,fichas/fireking-fire-door-systems-brochure.pdf,cortina-serie-630.php,sql:productos:11,datasheet,34ebbadb7104fa3c4cf032992b972b56450598be15c824b011b6ec460e08af24,Q02,MIGRATE,"Q02: parte de la union de medios de cortina-serie-630.php (ganador sql:productos:11); ver 01-q02-duplicate-resolution.md."
asset:images/fire-rated-door-630.jpg,images/fire-rated-door-630.jpg,cortina-serie-630.php|cortinas-enrollables-industriales.php|overhead-door.php,sql:productos:11,featured_image,42fffe3839a1efc5ef23e98d23f7865d440f32fb2f868818f9532c37c709ccdb,Q02,MIGRATE,"Q02: parte de la union de medios de cortina-serie-630.php (ganador sql:productos:11); ver 01-q02-duplicate-resolution.md."
asset:fichas/rolling-sheet-doors-790-780-770-brochure.pdf,fichas/rolling-sheet-doors-790-780-770-brochure.pdf,cortina-serie-790-cw.php,sql:productos:92,datasheet,0a52c0c24f7a2c24d62f3a2e9f272ab42daa35225e2284325469c1ada3e08b84,Q01,MIGRATE,"Q01: parte de la union de medios de cortina-serie-790-cw.php (propietario sql:productos:92); ver 07-q01-content-ownership.md."
asset:images/rolling-sheet-770-2.jpg,images/rolling-sheet-770-2.jpg,cortina-serie-790-cw.php,sql:productos:92,featured_image,e99ec942cdc228c7287461cf8f96223169f02c2bc5b39fc0c62e63eff69f67aa,Q01,MIGRATE,"Q01: parte de la union de medios de cortina-serie-790-cw.php (propietario sql:productos:92); ver 07-q01-content-ownership.md."
asset:images/serie_790_001.png,images/serie_790_001.png,cortina-serie-790-cw.php,sql:productos:92,gallery,ecd0ab2adb27d82cb8654ee311d15f89ad5a989949fcbfb460817666e5ff859f,Q01,MIGRATE,"Q01: parte de la union de medios de cortina-serie-790-cw.php (propietario sql:productos:92); ver 07-q01-content-ownership.md."
asset:images/cortinas.jpg,images/cortinas.jpg,cortinas-enrollables-de-aluminio.php,,,162de020937a83bb7e457ef83fdcc089ed6317aa0e977040b139b04464bb92f0,,REVIEW,"Uso documental no equivale a aprobación de propósito/identidad de medios."
asset:images/rolling-service-door-610-620-625-3.jpg,images/rolling-service-door-610-620-625-3.jpg,cortinas-enrollables-industriales.php,,,695b297ec4c4fe6f22cb03f162ef84a7a0f67b3fe7f569bd5d5bbfacf1ef122d,,REVIEW,"Uso documental no equivale a aprobación de propósito/identidad de medios."
asset:images/serie790.jpg,images/serie790.jpg,cortinas-enrollables-industriales.php,,,f3cdc6be9881b92a62743c851befba3a9850c096dbb17636673274574f792838,,REVIEW,"Uso documental no equivale a aprobación de propósito/identidad de medios."
asset:images/rolling-service-door-610-.jpg,images/rolling-service-door-610-.jpg,cortinas-enrollables-industriales.php,,,8b007bd98aadf3adbd0b62c002e9249727f983dc76671cc4799363bec2f07e78,,REVIEW,"Uso documental no equivale a aprobación de propósito/identidad de medios."
asset:images/fire-rated.jpg,images/fire-rated.jpg,cortinas-enrollables-industriales.php|fire-rated-doors-firestar-models-700-700c.php|industrial.php|wayne-dalton.php,sql:productos:13,featured_image,58403b51ea56f2414d970722afece2c97602b6b5f46dce9321f1a685f7e02258,Q02,MIGRATE,"Q02: parte de la union de medios de fire-rated-doors-firestar-models-700-700c.php (ganador sql:productos:13); ver 01-q02-duplicate-resolution.md."
asset:images/porte-rapide-vertigo-500x500.jpg,images/porte-rapide-vertigo-500x500.jpg,cortinas-enrollables-industriales.php|glg-porte-industriali.php|vertigo.php,sql:productos:42,featured_image,133ab5dad56d2a07ce82eeb8770a1a14403c4a72077f3e64035914d775576155,Q02,MIGRATE,"Q02: parte de la union de medios de vertigo.php (ganador sql:productos:42); ver 01-q02-duplicate-resolution.md."
asset:fichas/security-grilles-681-685-brochure.pdf,fichas/security-grilles-681-685-brochure.pdf,cortinas-ventiladas-685.php,,,2026c18226568907288a0541cc50b2beed90a8525ca750ebd6e188cc57e4fdf4,,REVIEW,"Uso documental no equivale a aprobación de propósito/identidad de medios."
asset:images/cross-3e.jpg,images/cross-3e.jpg,cross-3e.php|ditec-neos-y-neos.php,static:cross-3e.php,featured_image,374d88ad00847754778bed9e71c5cea7c88bf00ee311599d049227163f803971,Q04,MIGRATE,"Q04: parte de la ficha estatica static:cross-3e.php."
asset:images/detector.jpg,images/detector.jpg,detector-de-masas-max-eagle.php,static:detector-de-masas-max-eagle.php,featured_image,a7deb85f26069cf2ef7e35199219622636e3dc93d27cb307d386cf13c2ab6b3b,Q04,MIGRATE,"Q04: parte de la ficha estatica static:detector-de-masas-max-eagle.php."
asset:images/puerta-standard-lift.jpg,images/puerta-standard-lift.jpg,dockman.php|puertas-seccionales-industriales.php,,,e301b315c8b8bfd05d1199339fd66fdaf6ddfc8dc2291b703bc20a508141ec70,,REVIEW,"Uso documental no equivale a aprobación de propósito/identidad de medios."
asset:images/labio.jpg,images/labio.jpg,dockman.php|equipos-y-accesorios-para-anden-de-carga.php|labio-de-elevacion-mecanico-dockman.php|labio-elevacion-anden-carga.php,,,f85e98c7edf85101addaf8f60f05ab50e6469335f717a0148b6017d1693146a2,,REVIEW,"Uso documental no equivale a aprobación de propósito/identidad de medios."
asset:images/sellos.jpg,images/sellos.jpg,dockman.php|equipos-y-accesorios-para-anden-de-carga.php|sellos-de-anden.php|sellos-para-anden.php,sql:productos:52,gallery,627780d68a82c656dd32bf0404b6bb7bade1696cb9dfb49a60063d1c3d10e222,Q02,MIGRATE,"Q02: parte de la union de medios de sellos-de-anden.php (ganador sql:productos:52); ver 01-q02-duplicate-resolution.md."
asset:images/coritna_plana.png,images/coritna_plana.png,dockman.php,,,b60c34b05b30937d0e24c1e90ee22e09e46b590b56f48ffd4cd7c7bb89989014,,REVIEW,"Uso documental no equivale a aprobación de propósito/identidad de medios."
asset:images/Rampa-mecanica-Dockman.jpg,images/Rampa-mecanica-Dockman.jpg,dockman.php|dockman.php|rampa-niveladora.php|rampa-niveladora.php,,,4ee3711723679877a62579a4f6919332fdb1bc7699cad917b089a5a093e63b25,,REVIEW,"Uso documental no equivale a aprobación de propósito/identidad de medios."
asset:images/dod.jpg,images/dod.jpg,dod-automatizacion-compacto-y-potente-para-portones-seccionales-correderos-y-enrollables.php|operadores-puertas-ascendentes.php,static:dod-automatizacion-compacto-y-potente-para-portones-seccionales-correderos-y-enrollables.php,featured_image,3a38d759906641c5168fb5dd1511fb5d09e8079f56a5913762650b54ff3dd973,Q04,MIGRATE,"Q04: parte de la ficha estatica static:dod-automatizacion-compacto-y-potente-para-portones-seccionales-correderos-y-enrollables.php."
asset:images/accesorios.jpg,images/accesorios.jpg,doorlock.php|receptor-para-control-vehiculos.php,,,a9b8ba6ca5b89f594fd0314a9cc74e7a345e85bff7a3fc848b2464aef8057e8a,,REVIEW,"Uso documental no equivale a aprobación de propósito/identidad de medios."
asset:images/2012-10-11_1235.png,images/2012-10-11_1235.png,doorlock.php|puertas-contra-rayos-x.php|puertas-peatonales-hospitales.php|puertas-peatonales-rayos-x.php,sql:productos:30,featured_image,a5a6d2f9d55c82d4a61d10a953dfc02092056a23382445cc496a35e16e66dc7b,Q02,MIGRATE,"Q02: parte de la union de medios de puertas-contra-rayos-x.php (ganador sql:productos:30); ver 01-q02-duplicate-resolution.md."
asset:images/sph.jpg,images/sph.jpg,doorlock.php|puerta-estandar.php|puertas-peatonales-estandar-y-reforzada.php,,,0a35da608fea06419c52ed4036b2cba03b3506d6010ae28984ff3bacf5660671,,REVIEW,"Uso documental no equivale a aprobación de propósito/identidad de medios."
asset:images/puerta-metalica-hospital.png,images/puerta-metalica-hospital.png,doorlock.php|puerta-para-hospital.php|puertas-peatonales-hospitales.php,sql:productos:34,gallery,3550aa53ba992a87de085a73a3a226ee2c386bc96b24ffb69b7546cbe06b1083,Q01,MIGRATE,"Q01: parte de la union de medios de puerta-para-hospital.php (propietario sql:productos:34); ver 07-q01-content-ownership.md."
asset:fichas/CMDC-3717-3718-11.pdf,fichas/CMDC-3717-3718-11.pdf,energy-series-with-intellicore-37171-3-4.php,,,56136ae68c00fd76ee16c50cbaefabd8eb5ea8e581142f59287b5b05ab9c2ec1,,REVIEW,"Uso documental no equivale a aprobación de propósito/identidad de medios."
asset:fichas/M-28R.pdf,fichas/M-28R.pdf,energy-series-with-intellicore-37171-3-4.php,,,67f6755ea6dda16e29b80c476817018bf97a6f51857cdd5cdbc63dcbadafbb12,,REVIEW,"Uso documental no equivale a aprobación de propósito/identidad de medios."
asset:images/energy.jpg,images/energy.jpg,energy-series-with-intellicore-37171-3-4.php,,,5bbb55b3352ef2a33b25c00c800d3631770993091bae62756ba3d14af3de4c7f,,REVIEW,"Uso documental no equivale a aprobación de propósito/identidad de medios."
asset:fichas/Clopay-3720-07.pdf,fichas/Clopay-3720-07.pdf,energy-series-with-intellicore-3720-3724-3722.php,sql:productos:19,datasheet,4b1e655cb7fe72789212f01e6578fba7773cfd0f2c7d4f03d968e666d3a82638,Q02,MIGRATE,"Q02: parte de la union de medios de energy-series-with-intellicore-3720-3724-3722.php (ganador sql:productos:19); ver 01-q02-duplicate-resolution.md."
asset:images/energy2.jpg,images/energy2.jpg,energy-series-with-intellicore-3720-3724-3722.php,sql:productos:19,featured_image,3f6b0b89f8cd6cdda059f8bfcb8b7b203cca75c651c830f56c5ce608afd8f9ab,Q02,MIGRATE,"Q02: parte de la union de medios de energy-series-with-intellicore-3720-3724-3722.php (ganador sql:productos:19); ver 01-q02-duplicate-resolution.md."
asset:images/rampak.jpg,images/rampak.jpg,equipos-y-accesorios-para-anden-de-carga.php|kelley.php|rampa-niveladora.php|rampas-de-anden-hidraulicas-kelley.php,,,5138524a5977f7ee7ae4087883ada8d285337f3c9893ccf901fda41228297a43,,REVIEW,"Uso documental no equivale a aprobación de propósito/identidad de medios."
asset:images/abrigo.jpg,images/abrigo.jpg,equipos-y-accesorios-para-anden-de-carga.php,,,f7ca24065bf2df72af51ec53f4685ab48293506c9e66defce72fb573e2d3700a,,REVIEW,"Uso documental no equivale a aprobación de propósito/identidad de medios."
asset:fichas/Fast-Seal_LIT020520_ES-2.pdf,fichas/Fast-Seal_LIT020520_ES-2.pdf,fast-seal-high-performance-door.php,,,1c60f4dad940c2374e01206eb47e674ac1b696a580b516b470628bea19ae0217,,REVIEW,"Uso documental no equivale a aprobación de propósito/identidad de medios."
asset:images/fasts.jpg,images/fasts.jpg,fast-seal-high-performance-door.php,,,638a9b876898cab726f3897a33e4fcafcf0e6241e4a1d1128918444302ff343c,,REVIEW,"Uso documental no equivale a aprobación de propósito/identidad de medios."
asset:images/fast.jpg,images/fast.jpg,fast-seal-high-performance-door.php|puertas-rapidas.php,,,ec7d4828caa866cf129d5938e332e14f90db082993e0f41caf5b540c9ca2f422,,REVIEW,"Uso documental no equivale a aprobación de propósito/identidad de medios."
asset:fichas/Folleto-de-Cortina-Enrollable-Wayne-Dalton-Firestar-700-2.pdf,fichas/Folleto-de-Cortina-Enrollable-Wayne-Dalton-Firestar-700-2.pdf,fire-rated-doors-firestar-models-700-700c.php,sql:productos:13,datasheet,6137445032abfcb7cd004f83e22ae56fd63defdf243609473eadad74cbde454f,Q02,MIGRATE,"Q02: parte de la union de medios de fire-rated-doors-firestar-models-700-700c.php (ganador sql:productos:13); ver 01-q02-duplicate-resolution.md."
asset:images/fire-ratedt.jpg,images/fire-ratedt.jpg,fire-rated-doors-firestar-models-700-700c.php,sql:productos:13,gallery,c87386b3da539683fdaa7f543dac493a63e00e530777d809f8a3db1a8b86cdc8,Q02,MIGRATE,"Q02: parte de la union de medios de fire-rated-doors-firestar-models-700-700c.php (ganador sql:productos:13); ver 01-q02-duplicate-resolution.md."
asset:images/demo-marketing-footer-dot.svg,images/demo-marketing-footer-dot.svg,footer.php,,,d57f8b5a7b9abe6a54664527368f30ccf1acd10660bfe78a0d33e647e0c5b336,,REVIEW,"Uso documental no equivale a aprobación de propósito/identidad de medios."
asset:images/logo-white@2x.png,images/logo-white@2x.png,footer.php|header.php|header.php,,,3fd00017ec40ba08f9c4a5dd4ef05be7729251725ffa8d8f26c2a6197704bfda,,REVIEW,"Uso documental no equivale a aprobación de propósito/identidad de medios."
asset:images/fotoceldas.jpg,images/fotoceldas.jpg,fotoceldas.php,static:fotoceldas.php,featured_image,554656f5ccef17088706885424140234a86ca4fbfa7cd515123b5417836bf3ed,Q04,MIGRATE,"Q04: parte de la ficha estatica static:fotoceldas.php."
asset:images/zip.jpg,images/zip.jpg,glg-porte-industriali.php,,,51e46c7232004f03999575b10606ed7fd31cb8a1b6193e389281de213affdb6d,,REVIEW,"Uso documental no equivale a aprobación de propósito/identidad de medios."
asset:images/alumina-1.jpg,images/alumina-1.jpg,glg-porte-industriali.php|kronos-puertas-rapidas-de-sectores-modulares-autorreparable.php|puertas-rapidas.php,sql:productos:41,featured_image,487d546e69444e341ab3d8fcc7563d61a7fb8eadf2ba5afe0f52cf3a5db5d131,Q02,MIGRATE,"Q02: parte de la union de medios de kronos-puertas-rapidas-de-sectores-modulares-autorreparable.php (ganador sql:productos:41); ver 01-q02-duplicate-resolution.md."
asset:images/zen.jpg,images/zen.jpg,gol-transmisores-de-cuatro-canales.php,static:gol-transmisores-de-cuatro-canales.php,featured_image,1a815e9e64380738c3075b364d03f010cd3b276decb1a8be9d0782df8ec9b530,Q04,MIGRATE,"Q04: parte de la ficha estatica static:gol-transmisores-de-cuatro-canales.php."
asset:images/favicon.png,images/favicon.png,header.php,,,6ca5135a496c86f0132b3bf337f362918aaa600324a026201da82305685dcd06,,REVIEW,"Uso documental no equivale a aprobación de propósito/identidad de medios."
asset:images/apple-touch-icon-57x57.png,images/apple-touch-icon-57x57.png,header.php,,,9a632b7eeaff829c60c2dc6192f06ea3229ab35f8cf8b290cfcd75549b3b417e,,REVIEW,"Uso documental no equivale a aprobación de propósito/identidad de medios."
asset:images/apple-touch-icon-72x72.png,images/apple-touch-icon-72x72.png,header.php,,,9fbdf0b3608bd8aa7f114fc39db9869fad538e51e325e1ffd4195780fefdaf75,,REVIEW,"Uso documental no equivale a aprobación de propósito/identidad de medios."
asset:images/apple-touch-icon-114x114.png,images/apple-touch-icon-114x114.png,header.php,,,214a8a9448200549b6b615ec9d86f55fbce535ab1334555a20c820f25bbe22d3,,REVIEW,"Uso documental no equivale a aprobación de propósito/identidad de medios."
asset:images/logo-black-big@2x.png,images/logo-black-big@2x.png,header.php,,,29a2e836da1bbca95dc8bceb9d23709a21bb355a74210cc611edc4347adcb41f,,REVIEW,"Uso documental no equivale a aprobación de propósito/identidad de medios."
asset:fichas/pistones-hidraulicos-lux.pdf,fichas/pistones-hidraulicos-lux.pdf,icaro-smart.php|lux-2b-y-lux-gv-piston-hidraulico-para-puerta-abatible.php,,,e947afb09fafdbf6cd5e566803fba0501ef0c4833bbd39fb31921c074783c5c0,,REVIEW,"Uso documental no equivale a aprobación de propósito/identidad de medios."
asset:images/2025-08-21_12h27_43.png,images/2025-08-21_12h27_43.png,icaro-smart.php,,,b31ede32746310ceb5d61ada8c93675e634d7c825dfaee487696ca30f7a2eaab,,REVIEW,"Uso documental no equivale a aprobación de propósito/identidad de medios."
asset:images/tg.png,images/tg.png,iconos-marcas.php|index-resp.php|marcas.php,brand:1,logo,e35d64230b9f55656ea1a1b11e5def6c8570d539d9bc70eb20ef864668fad405,,MIGRATE,"Ensayo técnico privado autorizado en Prompt 6; no aprobación del catálogo productivo. Uso explícito en ficha o directorio; bytes y tipo se validan."
asset:images/wayne-dayton.png,images/wayne-dayton.png,iconos-marcas.php|index-resp.php|marcas.php,brand:2,logo,4891a24e3058a072f2fc95025d61f870e39313500e4d4cf7a596cabaf1ead961,Q01,MIGRATE,"Q01: logo de marca brand:2 (evidencia: brand-master.csv:logo)."
asset:images/clopay.png,images/clopay.png,iconos-marcas.php|index-resp.php|marcas.php,brand:3,logo,ed413c1909a7344c4da7ad96762f12c624b6933debe62950e1deac166a5455cf,Q01,MIGRATE,"Q01: logo de marca brand:3 (evidencia: brand-master.csv:logo)."
asset:images/blue.png,images/blue.png,iconos-marcas.php|index-resp.php|marcas.php,brand:4,logo,f6bd405f9972e7ac65099158e447b92f8a59907abcde6b12952f58ad6497d50b,Q01,MIGRATE,"Q01: logo de marca brand:4 (evidencia: brand-master.csv:logo)."
asset:images/kelley.png,images/kelley.png,iconos-marcas.php|index-resp.php|marcas.php,brand:5,logo,0f34c8e7feeba659621ddf44ba689881887ce28ee8af6a36225f627777ab1c72,Q01,MIGRATE,"Q01: logo de marca brand:5 (evidencia: brand-master.csv:logo)."
asset:images/door.png,images/door.png,iconos-marcas.php|index-resp.php|marcas.php,brand:6,logo,0e3989fcba0dbd0c885df1794f41421b64d3328892866ff43f6d28b426cfb17d,Q01,MIGRATE,"Q01: logo de marca brand:6 (evidencia: brand-master.csv:logo)."
asset:images/rytec.png,images/rytec.png,iconos-marcas.php|index-resp.php|marcas.php,brand:7,logo,70025e2ed15beb5cd603e9eeafbc402aa3888318c0eb96eb65a5bc309b85f208,Q01,MIGRATE,"Q01: logo de marca brand:7 (evidencia: brand-master.csv:logo)."
asset:images/infraca.png,images/infraca.png,iconos-marcas.php|index-resp.php|marcas.php,brand:8,logo,2736a5b917542b130f07f43f10dd985dd0d636648c69d28a96559cb6d496658a,Q01,MIGRATE,"Q01: logo de marca brand:8 (evidencia: brand-master.csv:logo)."
asset:images/glg-porte-industriali.png,images/glg-porte-industriali.png,iconos-marcas.php|index-resp.php|marcas.php,brand:9,logo,ba622b483b1b0c8c1a8916f6636b9ac7fd2ee80ba586e9353b57dcb259337dfb,Q01,MIGRATE,"Q01: logo de marca brand:9 (evidencia: brand-master.csv:logo)."
asset:images/dockman.png,images/dockman.png,iconos-marcas.php|index-resp.php|marcas.php,brand:10,logo,4e042af377ab4037eaf79cc29b6598bd090c7b13c40d38e1e8d673a9180c652a,Q01,MIGRATE,"Q01: logo de marca brand:10 (evidencia: brand-master.csv:logo)."
asset:images/lift-master.png,images/lift-master.png,iconos-marcas.php|index-resp.php|marcas.php,brand:11,logo,21bcfd90dd51b6c0ad6755352c46937cfcea4c7886a85b1b76dd1daffe093874,Q01,MIGRATE,"Q01: logo de marca brand:11 (evidencia: brand-master.csv:logo)."
asset:images/bft.png,images/bft.png,iconos-marcas.php|index-resp.php|marcas.php,brand:12,logo,46ccac170004f8ccf2b33c66eda0fbed7c8ee587f105403dc8a0ed676b10d4c2,Q01,MIGRATE,"Q01: logo de marca brand:12 (evidencia: brand-master.csv:logo)."
asset:images/banner2.jpg,images/banner2.jpg,index-estatico.php|index-resp.php|index.php,,standalone_attachment,f93298d1854aead799c3a1e1f976a252db6c04609fcc2ede59a9f37ae349e3b3,,MIGRATE,"R-M04: referencia pública literal (media-usage-evidence.csv PUBLIC_SOURCE) desde una página aprobada por R-G02-LOW."
asset:images/banner3.jpeg,images/banner3.jpeg,index-estatico.php|index.php,,standalone_attachment,d167c40c0a90d773d8f1cfa30b95853e36b169f3b91399be1299f13d42f2a482,,MIGRATE,"R-M04: referencia pública literal (media-usage-evidence.csv PUBLIC_SOURCE) desde una página aprobada por R-G02-LOW."
asset:images/banner4.jpg,images/banner4.jpg,index-estatico.php|index.php,,standalone_attachment,1d5ee34dde909d9ac42174d80359b75d3e2ef1ed10fe7b54d2745c10881d9bd6,,MIGRATE,"R-M04: referencia pública literal (media-usage-evidence.csv PUBLIC_SOURCE) desde una página aprobada por R-G02-LOW."
asset:images/industrial-home.jpg,images/industrial-home.jpg,index-estatico.php|index.php,,standalone_attachment,5719d8dbb52e32356f4db1fb9c626936d889aac3b21887eb69145821fd7182b4,,MIGRATE,"R-M04: referencia pública literal (media-usage-evidence.csv PUBLIC_SOURCE) desde una página aprobada por R-G02-LOW."
asset:images/home-bg-01.jpg,images/home-bg-01.jpg,index-estatico.php|index-estatico.php|index-estatico.php|index-estatico.php|index.php|index.php|index.php|index.php,,standalone_attachment,7c9fd799c6adb019065b6e5eecd6577ee9b7f38e818d9e094e7795c79502fda3,,MIGRATE,"R-M04: referencia pública literal (media-usage-evidence.csv PUBLIC_SOURCE) desde una página aprobada por R-G02-LOW."
asset:images/home-comercial.jpg,images/home-comercial.jpg,index-estatico.php|index.php,,standalone_attachment,12c74b2a81f15f8ed8c3c5f1211367d8b969c2c219b1e9f8c570ae7a55c2d374,,MIGRATE,"R-M04: referencia pública literal (media-usage-evidence.csv PUBLIC_SOURCE) desde una página aprobada por R-G02-LOW."
asset:images/equipos-accesorios-anden-carga.jpeg,images/equipos-accesorios-anden-carga.jpeg,index-estatico.php|index.php,,standalone_attachment,a3d2ced9486056908bb6e2dbc54f3c7c35783e1e6572879af9075cc7c5372ba1,,MIGRATE,"R-M04: referencia pública literal (media-usage-evidence.csv PUBLIC_SOURCE) desde una página aprobada por R-G02-LOW."
asset:images/salida-emergencia.png,images/salida-emergencia.png,index-estatico.php|index.php,,standalone_attachment,36cbd8db2fceef33508ae0095a685338ef3aadb52a0caf64d5c3f0380f64cd6f,,MIGRATE,"R-M04: referencia pública literal (media-usage-evidence.csv PUBLIC_SOURCE) desde una página aprobada por R-G02-LOW."
asset:images/PuertasIncendios.jpeg,images/PuertasIncendios.jpeg,index-estatico.php|index.php,,standalone_attachment,40db8926349179c5ab735abf4401842bb60f6bd9f5b0682ea9909ad569ae1a9f,,MIGRATE,"R-M04: referencia pública literal (media-usage-evidence.csv PUBLIC_SOURCE) desde una página aprobada por R-G02-LOW."
asset:images/puerta-metalica-hospital.jpg,images/puerta-metalica-hospital.jpg,index-estatico.php|index.php,,standalone_attachment,23e6ede7c9dc5fe93f013e80cb3deeb6c6d48e04c7d1df70f2fc5c9b90c4e0d9,,MIGRATE,"R-M04: referencia pública literal (media-usage-evidence.csv PUBLIC_SOURCE) desde una página aprobada por R-G02-LOW."
asset:images/residencial-2.png,images/residencial-2.png,index-estatico.php|index.php,,standalone_attachment,b0f4cc3dbc62ed1ccd15bbf25c72934d64d7725d6c9a394f45c4f35d8fcb6967,,MIGRATE,"R-M04: referencia pública literal (media-usage-evidence.csv PUBLIC_SOURCE) desde una página aprobada por R-G02-LOW."
asset:images/quienes1.jpg,images/quienes1.jpg,index-estatico.php|index-resp.php|index.php,,standalone_attachment,ff7ca7816862d97929d7e9ccbb276bd78c49b638b12eb835b5e6439dbe2d54f0,,MIGRATE,"R-M04: referencia pública literal (media-usage-evidence.csv PUBLIC_SOURCE) desde una página aprobada por R-G02-LOW."
asset:images/banner3.jpg,images/banner3.jpg,index-resp.php,,standalone_attachment,44e60f676d169a31f503ee8795f46eb7631c34a4c12e379150cc09246ad4d17c,,MIGRATE,"R-M04: referencia pública literal (media-usage-evidence.csv PUBLIC_SOURCE) desde una página aprobada por R-G02-LOW."
asset:images/demoresidencial.jpg,images/demoresidencial.jpg,index-resp.php|puertasresidenciales.php,,standalone_attachment,5f5712484f7538876fdebcd0d5b2777c946437dc1c4eef8a08dc5a8ed4f91455,,MIGRATE,"R-M04: referencia pública literal (media-usage-evidence.csv PUBLIC_SOURCE) desde una página aprobada por R-G02-LOW."
asset:images/demoprod.jpg,images/demoprod.jpg,index-resp.php,,standalone_attachment,93a6b431cf03b2a1664882fc2bce0bdd4093348906f900d04adb4945af938f21,,MIGRATE,"R-M04: referencia pública literal (media-usage-evidence.csv PUBLIC_SOURCE) desde una página aprobada por R-G02-LOW."
asset:images/proy1.jpg,images/proy1.jpg,index-resp.php|puertas-seccionales-industriales.php,,standalone_attachment,4caab5a59cda64741a1cb23d894a9a988a079bf0f77ead35f63f7b07774dd2e4,,MIGRATE,"R-M04: referencia pública literal (media-usage-evidence.csv PUBLIC_SOURCE) desde una página aprobada por R-G02-LOW."
asset:images/proy2.jpg,images/proy2.jpg,index-resp.php|puertas-de-garaje-aisladas.php|puertasresidenciales.php|residencial.php,,standalone_attachment,c71388fb2ac3029f52c22b3510679e2b6676ea8174ccab9bb2548b5765046b59,,MIGRATE,"R-M04: referencia pública literal (media-usage-evidence.csv PUBLIC_SOURCE) desde una página aprobada por R-G02-LOW."
asset:images/proy3.jpg,images/proy3.jpg,index-resp.php,,standalone_attachment,8a9cc1042f839eda0c2cc34a40970468c80ce0de1ea39efeb5c60af9d9642f51,,MIGRATE,"R-M04: referencia pública literal (media-usage-evidence.csv PUBLIC_SOURCE) desde una página aprobada por R-G02-LOW."
asset:images/proy4.jpg,images/proy4.jpg,index-resp.php|puertas-residenciales.php,,standalone_attachment,f2d6c54bdf8a42de26444e66780b9d6ff5c838486352fcf04352132f91b2ea88,,MIGRATE,"R-M04: referencia pública literal (media-usage-evidence.csv PUBLIC_SOURCE) desde una página aprobada por R-G02-LOW."
asset:images/proy5.jpg,images/proy5.jpg,index-resp.php|index-resp.php|index-resp.php|puertas-residenciales.php,,standalone_attachment,188dbefd4d15a2bd0f5aeec892a52f46344fac4b073b94d52c6acc907eb3095c,,MIGRATE,"R-M04: referencia pública literal (media-usage-evidence.csv PUBLIC_SOURCE) desde una página aprobada por R-G02-LOW."
asset:images/proy6.jpg,images/proy6.jpg,index-resp.php|index-resp.php|index-resp.php|index-resp.php|index-resp.php,,standalone_attachment,c5e0d5038868e22d252252316f4f980603b1705cc60c657085c0ff75de95f574,,MIGRATE,"R-M04: referencia pública literal (media-usage-evidence.csv PUBLIC_SOURCE) desde una página aprobada por R-G02-LOW."
asset:images/acanalado.jpg,images/acanalado.jpg,industrial.php|puerta-de-acero-acanalado.php|puertas-residenciales.php|puertas-seccionales-industriales.php,,,2a3c939c1e128390a1d877946f9c381b92ad14b14460a491e13084c5adcff95b,,REVIEW,"Uso documental no equivale a aprobación de propósito/identidad de medios."
asset:images/industrial3.jpg,images/industrial3.jpg,industrial.php|puertas-rapidas-enrollables.php,,,a169ab3b4745b8b2fbf535b4b3c24634780f3387b3bf441422403f918cc21884,,REVIEW,"Uso documental no equivale a aprobación de propósito/identidad de medios."
asset:images/lift.jpg,images/lift.jpg,industrial.php|lift-master-mod-h.php|lift-master.php|liftmaster-modh.php|operadores-puertas-seccionales-cortinas.php,,,1f009fd1cc71d72d73ae15534011635a10e29f60cb81cddfc851698a9f4bbd25,,REVIEW,"Uso documental no equivale a aprobación de propósito/identidad de medios."
asset:images/preda.jpg,images/preda.jpg,industrial.php|predadoor-nxt-door.php|puertas-rapidas.php,sql:productos:37,featured_image,c650f63900096ba087b9ab072b9b891e7adf4c130e05e3f44075e8e2281c72a9,Q02,MIGRATE,"Q02: parte de la union de medios de predadoor-nxt-door.php (ganador sql:productos:37); ver 01-q02-duplicate-resolution.md."
asset:images/tiras.jpg,images/tiras.jpg,industrial.php|tiras-plasticas-hawaianas.php,,,e373c7ca387d197f364a5d7300f2329a23c0236bdf099408351a9e58ffa613ce,,REVIEW,"Uso documental no equivale a aprobación de propósito/identidad de medios."
asset:images/rapida.jpg,images/rapida.jpg,infraca-quality-doors.php,,,92abddde67d71745a1b04770eff45807b78c886fdfbfdce6f9e1c0a18774313a,,REVIEW,"Uso documental no equivale a aprobación de propósito/identidad de medios."
asset:images/apilable.jpg,images/apilable.jpg,infraca-quality-doors.php|rapida-apilable.php,,,46827d6995078dd9790f66e48d985712e3ea5466258f71205b584edae47e2a21,,REVIEW,"Uso documental no equivale a aprobación de propósito/identidad de medios."
asset:images/star4.jpg,images/star4.jpg,kelley.php|retenedores-de-vehiculos.php|star4-vehicle-restraint.php,sql:productos:25,featured_image,0b341e8e5cd84722a20ab84b05beb4686ab82e7635251103305b233224095a61,Q02,MIGRATE,"Q02: parte de la union de medios de star4-vehicle-restraint.php (ganador sql:productos:25); ver 01-q02-duplicate-resolution.md."
asset:fichas/Alumina-Technical-Specifications-15.pdf,fichas/Alumina-Technical-Specifications-15.pdf,kronos-puertas-rapidas-de-sectores-modulares-autorreparable.php,sql:productos:41,datasheet,c07fe0e4b2b216fa430aa4dae40407d2298bbd201f6e5b5bc14f80e79422e370,Q02,MIGRATE,"Q02: parte de la union de medios de kronos-puertas-rapidas-de-sectores-modulares-autorreparable.php (ganador sql:productos:41); ver 01-q02-duplicate-resolution.md."
asset:images/lin2.jpg,images/lin2.jpg,lab-4-fotocelulas-de-rayos-infrarrojos.php,static:lab-4-fotocelulas-de-rayos-infrarrojos.php,featured_image,ca8eb592c3b4821a18c0783be28d8f68c4e92bbf9289003dd8fc726955263198,Q04,MIGRATE,"Q04: parte de la ficha estatica static:lab-4-fotocelulas-de-rayos-infrarrojos.php."
asset:images/lazo.jpg,images/lazo.jpg,lab-9-detectores-de-volumen-de-metal-loop.php,static:lab-9-detectores-de-volumen-de-metal-loop.php,featured_image,1e39e9354ef996a9af56e8873bddcf593744f145a29975fe86f98f1e660e09a4,Q04,MIGRATE,"Q04: parte de la ficha estatica static:lab-9-detectores-de-volumen-de-metal-loop.php."
asset:fichas/Minidock.pdf,fichas/Minidock.pdf,labio-de-elevacion-mecanico-dockman.php,,,6bfaa082e153a9e1aa247302d321859177f5adff9d472ba8b662c766625fedec,,REVIEW,"Uso documental no equivale a aprobación de propósito/identidad de medios."
asset:images/minidock.png,images/minidock.png,labio-de-elevacion-mecanico-dockman.php,,,c208a7d361c46541780413998a5d07ce4eaef7dbc5f00a53357b791db4cb10c6,,REVIEW,"Uso documental no equivale a aprobación de propósito/identidad de medios."
asset:images/lan.jpg,images/lan.jpg,lan-4-sistema-de-teclado-con-combinacion-digital.php,static:lan-4-sistema-de-teclado-con-combinacion-digital.php,featured_image,afe879c98a3bc99aab9cc195da45b52f240eb33583edb4df3a766964e9b87b19,Q04,MIGRATE,"Q04: parte de la ficha estatica static:lan-4-sistema-de-teclado-con-combinacion-digital.php."
asset:images/lan7.jpg,images/lan7.jpg,lan-7-sistema-de-mando-de-proximidad-de-tarjetas-con-tecnologia-transponder.php,static:lan-7-sistema-de-mando-de-proximidad-de-tarjetas-con-tecnologia-transponder.php,featured_image,0fb16978032736bb3845db475e441699ccbf6aed9cdc309d2ae3128d6631a19e,Q04,MIGRATE,"Q04: parte de la ficha estatica static:lan-7-sistema-de-mando-de-proximidad-de-tarjetas-con-tecnologia-transponder.php."
asset:fichas/Lift-Master-H-Sell-Sheet-Spanish.pdf,fichas/Lift-Master-H-Sell-Sheet-Spanish.pdf,lift-master-mod-h.php,,,a6dd74af993459d78b02cd208ce4b26d34dfab97a87c903ad757e39e6456de44,,REVIEW,"Uso documental no equivale a aprobación de propósito/identidad de medios."
asset:images/semaforo.jpg,images/semaforo.jpg,light-communication-system-lcs.php,static:light-communication-system-lcs.php,featured_image,64f19dbbcb0a809387d8d15f950b4aca2ef993e11fe6f2c5c1d6fe65f7eb39d0,Q04,MIGRATE,"Q04: parte de la ficha estatica static:light-communication-system-lcs.php."
asset:images/phob.png,images/phob.png,lux-2b-y-lux-gv-piston-hidraulico-para-puerta-abatible.php|phobos-n-piston-electromecanico.php,sql:productos:46,featured_image,74016d981d3a7a8c452877cc9585d3cb815b59254955ff9e0b4eb0dd5eb3124e,Q02,MIGRATE,"Q02: parte de la union de medios de phobos-n-piston-electromecanico.php (ganador sql:productos:46); ver 01-q02-duplicate-resolution.md."
asset:images/ditecc.jpg,images/ditecc.jpg,luxo-robusto-e-incansable-para-servicios-intensivos-para-hojas-de-hasta-5-m.php,static:luxo-robusto-e-incansable-para-servicios-intensivos-para-hojas-de-hasta-5-m.php,featured_image,d30d0dbc873a01c113ae5860462e1c8bbcb6d9320f17933ebe41260675a5438d,Q04,MIGRATE,"Q04: parte de la ficha estatica static:luxo-robusto-e-incansable-para-servicios-intensivos-para-hojas-de-hasta-5-m.php."
asset:images/quienes-int.jpg,images/quienes-int.jpg,nosotros.php,,standalone_attachment,2d518c8bd06e7eeaf543e2dbbbe4dec2da46f9c47b4d4144bd8e3911a16c9bc0,,MIGRATE,"R-M04: referencia pública literal (media-usage-evidence.csv PUBLIC_SOURCE) desde una página aprobada por R-G02-LOW."
asset:fichas/Operador-RHX-Folleto-comercial-para-cortina.pdf,fichas/Operador-RHX-Folleto-comercial-para-cortina.pdf,operador-comercial-rhx.php,sql:productos:12,datasheet,d630b67ab752292f6c750a6a907361c8f690af7133fc800e168a466af54f649f,Q02,MIGRATE,"Q02: parte de la union de medios de operador-comercial-rhx.php (ganador sql:productos:12); ver 01-q02-duplicate-resolution.md."
asset:images/rhx-operator.jpg,images/rhx-operator.jpg,operador-comercial-rhx.php|overhead-door.php,sql:productos:12,featured_image,8becb828134e493d441117dc9921620c5825a515f7fb88f424085b75e776ba49,Q02,MIGRATE,"Q02: parte de la union de medios de operador-comercial-rhx.php (ganador sql:productos:12); ver 01-q02-duplicate-resolution.md."
asset:fichas/operador-cortina.pdf,fichas/operador-cortina.pdf,operador-para-cortina-enrrollable-rsx.php,sql:productos:86,datasheet,b88c0421334b4f965417ad715785a32900fb021b8cf40dda8fa72b9691b582c9,Q01,MIGRATE,"Q01: parte de la union de medios de operador-para-cortina-enrrollable-rsx.php (propietario sql:productos:86); ver 07-q01-content-ownership.md."
asset:images/rsx.jpg,images/rsx.jpg,operador-para-cortina-enrrollable-rsx.php|operadores-puertas-seccionales-cortinas.php,sql:productos:86,featured_image,197b793185a90868231a4c73798ba10cfc59098b45b65a87746b6592e2772146,Q01,MIGRATE,"Q01: parte de la union de medios de operador-para-cortina-enrrollable-rsx.php (propietario sql:productos:86); ver 07-q01-content-ownership.md."
asset:fichas/rhx-commercial-operator-brochure.pdf,fichas/rhx-commercial-operator-brochure.pdf,operador-para-perfilados-comerciales-jst.php,sql:productos:77,datasheet,525617851dbf6430bb53100d0fdef5a95b0a048b0bc20f3778005bb48cd788ca,Q01,MIGRATE,"Q01: parte de la union de medios de operador-para-perfilados-comerciales-jst.php (propietario sql:productos:77); ver 07-q01-content-ownership.md."
asset:images/rhx.jpg,images/rhx.jpg,operador-para-perfilados-comerciales-jst.php|operadores-puertas-seccionales-cortinas.php,sql:productos:77,featured_image,722ad71a1cc774af2fe4069c6ee850c6a5f73681009c127a45757a0d55fe3103,Q01,MIGRATE,"Q01: parte de la union de medios de operador-para-perfilados-comerciales-jst.php (propietario sql:productos:77); ver 07-q01-content-ownership.md."
asset:fichas/rmx-commercial-operator-brochure.pdf,fichas/rmx-commercial-operator-brochure.pdf,operador-para-perfilados-comerciales-sel.php,,,71b771412a25490cbcd3e63693ab0fb37c51b1d7b62bc29df3c3f97af5bdce8f,,REVIEW,"Uso documental no equivale a aprobación de propósito/identidad de medios."
asset:images/rmx.jpg,images/rmx.jpg,operador-para-perfilados-comerciales-sel.php|operadores-puertas-seccionales-cortinas.php,,,4d932cd0a983bb2ff7afcc12c2291bc9650d31b152ec29254ce3b158578e5f67,,REVIEW,"Uso documental no equivale a aprobación de propósito/identidad de medios."
asset:images/Access-Pro.jpg,images/Access-Pro.jpg,operadores-para-puerta-abatible.php|operadores-para-puertas-ascendentes.php|operadores-para-puertas-corredizas-residenciales.php|overhead-door.php,,,31b83c9d2d7a58e79b0a86b54bf678e87a400685b131428117c56b012a394322,,REVIEW,"Uso documental no equivale a aprobación de propósito/identidad de medios."
asset:images/door-operator-rhx-1.jpg,images/door-operator-rhx-1.jpg,operadores-para-puerta-corrediza-industrial.php,,,f0d33107c5522dbb8a6aeb428a4303da767f676d96bad901598ecc32d4e6d808,,REVIEW,"Uso documental no equivale a aprobación de propósito/identidad de medios."
asset:images/thumbnail_image005.jpg,images/thumbnail_image005.jpg,operadores-para-puerta-corrediza-industrial.php,,,d1a513e10f03d2eaca1d53ad78f72f39f948acbea2f7c834bd25429e56fb1743,,REVIEW,"Uso documental no equivale a aprobación de propósito/identidad de medios."
asset:fichas/cdx-commercial-operator-sellsheet.pdf,fichas/cdx-commercial-operator-sellsheet.pdf,operadores-para-puertas-de-mostrador-cdo.php,sql:productos:85,datasheet,ab12459a93c9f40a62edea1a44db215f841e677016b8ff42cfe25589882cff1d,Q01,MIGRATE,"Q01: parte de la union de medios de operadores-para-puertas-de-mostrador-cdo.php (propietario sql:productos:85); ver 07-q01-content-ownership.md."
asset:images/ocx.jpg,images/ocx.jpg,operadores-para-puertas-de-mostrador-cdo.php|operadores-puertas-seccionales-cortinas.php,sql:productos:85,featured_image,df6e4d54f77fa4527b06c1990b7b57730b04d736ce30f252b7b802701692780d,Q01,MIGRATE,"Q01: parte de la union de medios de operadores-para-puertas-de-mostrador-cdo.php (propietario sql:productos:85); ver 07-q01-content-ownership.md."
asset:images/access.jpg,images/access.jpg,operadores-puerta-abatible.php|operadores-puerta-corrediza-residencial.php|operadores-puertas-ascendentes.php,,,bdb4b511632f7d20d9a67e6e5125c7d68244049d50f7befd80b78164285a16d8,,REVIEW,"Uso documental no equivale a aprobación de propósito/identidad de medios."
asset:images/silent.jpg,images/silent.jpg,operadores-puerta-abatible.php|operadores-puerta-corrediza-residencial.php|operadores-puertas-ascendentes.php,,,5911a22a3a1c5404769168b7b024714de120ad23c46c287adb303803911c964e,,REVIEW,"Uso documental no equivale a aprobación de propósito/identidad de medios."
asset:images/residencial.jpg,images/residencial.jpg,operadores-puerta-corrediza-residencial.php,,,f98547a95703268bc2cdfa59195986520957f05d5722ad3c33e2ca93592c75f0,,REVIEW,"Uso documental no equivale a aprobación de propósito/identidad de medios."
asset:images/sectional-steel-thermacore-door-592.jpg,images/sectional-steel-thermacore-door-592.jpg,overhead-door.php|puerta-seccional-de-acero-thermacore-serie-592.php|puertas-seccionales-industriales.php,,,a256d5a3cd77f125ab345cf5469c6bce0dcde897370f9a7338cd254465dd0473,,REVIEW,"Uso documental no equivale a aprobación de propósito/identidad de medios."
asset:images/foto_puerta.png,images/foto_puerta.png,overhead-door.php,,,84188b1fd606f484451b2c95db1e0e00940b32c84f34f5d8fe5c9dfd0345092e,,REVIEW,"Uso documental no equivale a aprobación de propósito/identidad de medios."
asset:fichas/pistones-hidraulicos-p457.pdf,fichas/pistones-hidraulicos-p457.pdf,p45-7-piston-hidraulico-para-puerta-abatible.php,,,23c78a5126bd5807af19f25a172f1fcebe9a4423ca46adce181ca18a6956da8c,,REVIEW,"Uso documental no equivale a aprobación de propósito/identidad de medios."
asset:images/p4.png,images/p4.png,p45-7-piston-hidraulico-para-puerta-abatible.php,,,b0fafe1470985b0fc51ac211cda661fceed9383b99053cbf9cebf19f2dea05a9,,REVIEW,"Uso documental no equivale a aprobación de propósito/identidad de medios."
asset:images/pas.jpg,images/pas.jpg,pas-sensores-volumetricos.php,static:pas-sensores-volumetricos.php,featured_image,ee97b777e1f3829c1354c1e94f26d3bc75651f03244021181c5dc80e001773b9,Q04,MIGRATE,"Q04: parte de la ficha estatica static:pas-sensores-volumetricos.php."
asset:fichas/pistones-electromecanicos-phobos.pdf,fichas/pistones-electromecanicos-phobos.pdf,phobos-n-piston-electromecanico.php,sql:productos:46,datasheet,77e234519d4f3a3c241f93e06a3d4b3b6a3d2cb9501c85d225ee11e59a12a355,Q02,MIGRATE,"Q02: parte de la union de medios de phobos-n-piston-electromecanico.php (ganador sql:productos:46); ver 01-q02-duplicate-resolution.md."
asset:fichas/Predadoor_NXT_LIT020720_ES.pdf,fichas/Predadoor_NXT_LIT020720_ES.pdf,predadoor-nxt-door.php,sql:productos:37,datasheet,0eb232313702b26e571a57d872fbef0a85b66ec7c71a0ad66e7237c492ab0077,Q02,MIGRATE,"Q02: parte de la union de medios de predadoor-nxt-door.php (ganador sql:productos:37); ver 01-q02-duplicate-resolution.md."
asset:fichas/puerta-430.pdf,fichas/puerta-430.pdf,puert-seccional-de-acero-sin-aislamiento-430-uso-medio.php,sql:productos:66,datasheet,0a7193edcd8929ac114043fcbffb8e53109ce4363f062cb269f2062ce9e1b4f8,Q01,MIGRATE,"Q01: parte de la union de medios de puert-seccional-de-acero-sin-aislamiento-430-uso-medio.php (propietario sql:productos:66); ver 07-q01-content-ownership.md."
asset:images/puerta-430.jpg,images/puerta-430.jpg,puert-seccional-de-acero-sin-aislamiento-430-uso-medio.php|puertas-seccionales-industriales.php,sql:productos:66,featured_image,4a3fcd0fa5e0abb158dba62b7d67cef2a74dc07a72ef248776d87319fd5c4871,Q01,MIGRATE,"Q01: parte de la union de medios de puert-seccional-de-acero-sin-aislamiento-430-uso-medio.php (propietario sql:productos:66); ver 07-q01-content-ownership.md."
asset:images/puerta-430t.png,images/puerta-430t.png,puert-seccional-de-acero-sin-aislamiento-430-uso-medio.php,sql:productos:66,gallery,f98bfbd3e507d543dccdd0b79872924930d309426f59e39d1e3e6c15f01aead0,Q01,MIGRATE,"Q01: parte de la union de medios de puert-seccional-de-acero-sin-aislamiento-430-uso-medio.php (propietario sql:productos:66); ver 07-q01-content-ownership.md."
asset:fichas/CONTRA_EXPLOSION.pdf,fichas/CONTRA_EXPLOSION.pdf,puerta-contra-explosion.php,sql:productos:26,datasheet,9a08f21454a782eb1163d4fa3299460127e0fd4f65c856a250a493566171007c,Q02,MIGRATE,"Q02: parte de la union de medios de puerta-contra-explosion.php (ganador sql:productos:26); ver 01-q02-duplicate-resolution.md."
asset:images/explo.png,images/explo.png,puerta-contra-explosion.php,sql:productos:26,featured_image,6ac4a30daede11dcc8cfd42575c8cd569f39c7764ffa5303842227665520a52b,Q02,MIGRATE,"Q02: parte de la union de medios de puerta-contra-explosion.php (ganador sql:productos:26); ver 01-q02-duplicate-resolution.md."
asset:fichas/CMDC-0524SP-14-1.pdf,fichas/CMDC-0524SP-14-1.pdf,puerta-de-acero-acanalado-modelos-524.php,sql:productos:18,datasheet,4c0e907d3846a72f5bea4da1e2f2d67d2afdaab66211045725eee9b430bdbf4e,Q02,MIGRATE,"Q02: parte de la union de medios de puerta-de-acero-acanalado-modelos-524.php (ganador sql:productos:18); ver 01-q02-duplicate-resolution.md."
asset:images/acanalada.jpg,images/acanalada.jpg,puerta-de-acero-acanalado-modelos-524.php,sql:productos:18,featured_image,9fad3d6401035bcc08e7216c4f8ed554194399e1a7f78c8b73474d6de898ccf6,Q02,MIGRATE,"Q02: parte de la union de medios de puerta-de-acero-acanalado-modelos-524.php (ganador sql:productos:18); ver 01-q02-duplicate-resolution.md."
asset:images/acanalado2.jpg,images/acanalado2.jpg,puerta-de-acero-acanalado.php|puertas-residenciales.php,,,66121670ab22f725503048c152bfdc1de978b800edc3b85ee2f4d57860c14107,,REVIEW,"Uso documental no equivale a aprobación de propósito/identidad de medios."
asset:fichas/Puerta-Estandar-Reforzada-Door-Lock.pdf,fichas/Puerta-Estandar-Reforzada-Door-Lock.pdf,puerta-estandar-reforzada.php,,,139a64480264a51363a69a0226db6c50011778bdada4f76338eea90c9b9e5048,,REVIEW,"Uso documental no equivale a aprobación de propósito/identidad de medios."
asset:fichas/Puerta-Standar-Reforzada-folleto.pdf,fichas/Puerta-Standar-Reforzada-folleto.pdf,puerta-estandar-reforzada.php,,,65e1847b24421b276ac853a1e73fc6bfbf667b626bf320636e00ecd9de65be7b,,REVIEW,"Uso documental no equivale a aprobación de propósito/identidad de medios."
asset:images/reforzada.png,images/reforzada.png,puerta-estandar-reforzada.php,,,867363354fc4393a19a4b41921685352244a6385a986b0076d4c18433fdb69c3,,REVIEW,"Uso documental no equivale a aprobación de propósito/identidad de medios."
asset:fichas/Puerta_Estandar_Door-Lock.pdf,fichas/Puerta_Estandar_Door-Lock.pdf,puerta-estandar.php,,,57f1113daf08862483508cc79df9be3e9db4014826911f0610bd45b022687ee2,,REVIEW,"Uso documental no equivale a aprobación de propósito/identidad de medios."
asset:fichas/Puerta-Standar-Folleto.pdf,fichas/Puerta-Standar-Folleto.pdf,puerta-estandar.php,,,c9216939c05693f76f5accc0c909fee7c48db9cb8f2b5997dbedaed4032f3124,,REVIEW,"Uso documental no equivale a aprobación de propósito/identidad de medios."
asset:images/estandar.png,images/estandar.png,puerta-estandar.php,,,c616e806c85141f14a52c561c99a3c6414ebb68febb80252bab25f373c7c6e3a,,REVIEW,"Uso documental no equivale a aprobación de propósito/identidad de medios."
asset:fichas/Puerta-Holandesa-Door-Lock.pdf,fichas/Puerta-Holandesa-Door-Lock.pdf,puerta-holandesa.php,,,71fe19113ba1fd801e7a0717da7ffc7ed1de028a2d5ed7fe00d5e69eea6b2492,,REVIEW,"Uso documental no equivale a aprobación de propósito/identidad de medios."
asset:images/holandesa.png,images/holandesa.png,puerta-holandesa.php,,,17af36083079920c3da9e3cccabbd0ee34c961cddd3cb6575fdb2a8a77ac9e23,,REVIEW,"Uso documental no equivale a aprobación de propósito/identidad de medios."
asset:images/hospital.png,images/hospital.png,puerta-para-hospital.php,sql:productos:34,featured_image,894e073f2f592ce614409e721a476908c7e8c7f88c419f57fd60dfd95fe078e1,Q01,MIGRATE,"Q01: parte de la union de medios de puerta-para-hospital.php (propietario sql:productos:34); ver 07-q01-content-ownership.md."
asset:fichas/puerta-seccional-422.pdf,fichas/puerta-seccional-422.pdf,puerta-seccionabl-acero-perfiles-422-uso-pesado.php,sql:productos:69,datasheet,a922b6ce9f9ca80b565a3b24be27a086f555aa305db9b9135443c079d93255df,Q01,MIGRATE,"Q01: parte de la union de medios de puerta-seccionabl-acero-perfiles-422-uso-pesado.php (propietario sql:productos:69); ver 07-q01-content-ownership.md."
asset:images/sectional-steel-models-422-426.jpg,images/sectional-steel-models-422-426.jpg,puerta-seccionabl-acero-perfiles-422-uso-pesado.php|puertas-seccionales-industriales.php,sql:productos:69,gallery,c8774b96d0370cd808267857940e635c603e1c74735a3c7d7c9619e233449bf4,Q01,MIGRATE,"Q01: parte de la union de medios de puerta-seccionabl-acero-perfiles-422-uso-pesado.php (propietario sql:productos:69); ver 07-q01-content-ownership.md."
asset:images/puerta-422t.png,images/puerta-422t.png,puerta-seccionabl-acero-perfiles-422-uso-pesado.php|puerta-seccional-de-acero-perfiles-432-uso-medio.php,sql:productos:69,featured_image,3f0fa27ed9ee9062ad2002368a1de054ad189d06545725f76b88ba33a63e03c0,Q01,MIGRATE,"Q01: parte de la union de medios de puerta-seccionabl-acero-perfiles-422-uso-pesado.php (propietario sql:productos:69); ver 07-q01-content-ownership.md."
asset:fichas/puerta-seccional-418.pdf,fichas/puerta-seccional-418.pdf,puerta-seccional-de-acero-perfiles-418.php,sql:productos:68,datasheet,a922b6ce9f9ca80b565a3b24be27a086f555aa305db9b9135443c079d93255df,Q01,MIGRATE,"Q01: parte de la union de medios de puerta-seccional-de-acero-perfiles-418.php (propietario sql:productos:68); ver 07-q01-content-ownership.md."
asset:images/puerta-418.jpg,images/puerta-418.jpg,puerta-seccional-de-acero-perfiles-418.php|puertas-seccionales-industriales.php,sql:productos:68,featured_image,62dfa5a8e3cf2325c2d82039cc507f28ed32ab7f9490ad423befdec2d4cc46c6,Q01,MIGRATE,"Q01: parte de la union de medios de puerta-seccional-de-acero-perfiles-418.php (propietario sql:productos:68); ver 07-q01-content-ownership.md."
asset:images/puerta-418t.png,images/puerta-418t.png,puerta-seccional-de-acero-perfiles-418.php,sql:productos:68,gallery,4725a4d7c1614d553e8bc252a65ce1ec434d95e08ba28f5b9ba2d812cadde124,Q01,MIGRATE,"Q01: parte de la union de medios de puerta-seccional-de-acero-perfiles-418.php (propietario sql:productos:68); ver 07-q01-content-ownership.md."
asset:fichas/puerta-seccional-432.pdf,fichas/puerta-seccional-432.pdf,puerta-seccional-de-acero-perfiles-432-uso-medio.php,sql:productos:71,datasheet,703eb6311aaedddf3dd24a8e6b75089463317352f174f672c8d5002e3dfd574f,Q01,MIGRATE,"Q01: parte de la union de medios de puerta-seccional-de-acero-perfiles-432-uso-medio.php (propietario sql:productos:71); ver 07-q01-content-ownership.md."
asset:images/puerta432.jpg,images/puerta432.jpg,puerta-seccional-de-acero-perfiles-432-uso-medio.php|puertas-seccionales-industriales.php|soluciones.php,sql:productos:71,gallery,89985092a942575637985f370ee8ff7215e9107e90db9931af2bd85f2d7bf301,Q01,MIGRATE,"Q01: parte de la union de medios de puerta-seccional-de-acero-perfiles-432-uso-medio.php (propietario sql:productos:71); ver 07-q01-content-ownership.md."
asset:images/sectional-steel-door-416.jpg,images/sectional-steel-door-416.jpg,puerta-seccional-de-acero-sin-aislamiento-416-uso-muy-pesado.php,sql:productos:63,featured_image,74ab6da81e311e649bc7834327842d0c5c9fcccb57c4b0f2c2770a7a326ee945,,MIGRATE,"Ensayo técnico privado autorizado en Prompt 6; no aprobación del catálogo productivo. Uso explícito en ficha o directorio; bytes y tipo se validan."
asset:images/2025-08-21_11h53_44.png,images/2025-08-21_11h53_44.png,puerta-seccional-de-acero-sin-aislamiento-416-uso-muy-pesado.php,sql:productos:63,gallery,fcd03aff188d1a40037a253dd2d789b307e360bf2fb4ee4d9e117aa542f6768a,,MIGRATE,"Ensayo técnico privado autorizado en Prompt 6; no aprobación del catálogo productivo. Uso explícito en ficha o directorio; bytes y tipo se validan."
asset:fichas/puerta-424.pdf,fichas/puerta-424.pdf,puerta-seccional-de-acero-sin-aislamiento-424-uso-pesado.php,sql:productos:65,datasheet,0a7193edcd8929ac114043fcbffb8e53109ce4363f062cb269f2062ce9e1b4f8,Q01,MIGRATE,"Q01: parte de la union de medios de puerta-seccional-de-acero-sin-aislamiento-424-uso-pesado.php (propietario sql:productos:65); ver 07-q01-content-ownership.md."
asset:images/industrial-brown-sectional-steel-model-424-432.jpg,images/industrial-brown-sectional-steel-model-424-432.jpg,puerta-seccional-de-acero-sin-aislamiento-424-uso-pesado.php|puertas-seccionales-industriales.php,sql:productos:65,featured_image,87765af7e439ce26ec19c79feb37614bc30668ec0c8cfa9ed620a1410b7fef22,Q01,MIGRATE,"Q01: parte de la union de medios de puerta-seccional-de-acero-sin-aislamiento-424-uso-pesado.php (propietario sql:productos:65); ver 07-q01-content-ownership.md."
asset:images/t424.png,images/t424.png,puerta-seccional-de-acero-sin-aislamiento-424-uso-pesado.php,sql:productos:65,gallery,742d3cc9bd1a8dacc429ddd50abb995a9e629920297604ed62a3534bef489aa8,Q01,MIGRATE,"Q01: parte de la union de medios de puerta-seccional-de-acero-sin-aislamiento-424-uso-pesado.php (propietario sql:productos:65); ver 07-q01-content-ownership.md."
asset:fichas/puerta-thermacore-593.pdf,fichas/puerta-thermacore-593.pdf,puerta-seccional-de-acero-thermacore-593-uso-medio.php,sql:productos:72,datasheet,7e501c26a5bfc0c02da8899de34a0b6a2bef31bbb42c2124a5c3995ad803a3ee,Q01,MIGRATE,"Q01: parte de la union de medios de puerta-seccional-de-acero-thermacore-593-uso-medio.php (propietario sql:productos:72); ver 07-q01-content-ownership.md."
asset:images/puerta593.jpg,images/puerta593.jpg,puerta-seccional-de-acero-thermacore-593-uso-medio.php|puertas-seccionales-industriales.php,sql:productos:72,featured_image,b4168948c8f7b418f2caba3888b19c8d05c2c34dcedd58f236c573e24291ada3,Q01,MIGRATE,"Q01: parte de la union de medios de puerta-seccional-de-acero-thermacore-593-uso-medio.php (propietario sql:productos:72); ver 07-q01-content-ownership.md."
asset:images/puerta593t.png,images/puerta593t.png,puerta-seccional-de-acero-thermacore-593-uso-medio.php,sql:productos:72,gallery,72a267b89e5b0600626023073f6c4c6509f1b2eeab15bb957164c91e1c8b8747,Q01,MIGRATE,"Q01: parte de la union de medios de puerta-seccional-de-acero-thermacore-593-uso-medio.php (propietario sql:productos:72); ver 07-q01-content-ownership.md."
asset:fichas/puerta-thermacore-594.pdf,fichas/puerta-thermacore-594.pdf,puerta-seccional-de-acero-thermacore-594-uso-medio.php,sql:productos:73,datasheet,7e501c26a5bfc0c02da8899de34a0b6a2bef31bbb42c2124a5c3995ad803a3ee,Q01,MIGRATE,"Q01: parte de la union de medios de puerta-seccional-de-acero-thermacore-594-uso-medio.php (propietario sql:productos:73); ver 07-q01-content-ownership.md."
asset:images/puerta594.jpg,images/puerta594.jpg,puerta-seccional-de-acero-thermacore-594-uso-medio.php|puertas-seccionales-industriales.php,sql:productos:73,featured_image,e0b0fcc5f64da11a8ac90554bd19936b55a66cdf3f12636921ee060234034732,Q01,MIGRATE,"Q01: parte de la union de medios de puerta-seccional-de-acero-thermacore-594-uso-medio.php (propietario sql:productos:73); ver 07-q01-content-ownership.md."
asset:images/puerta594t.png,images/puerta594t.png,puerta-seccional-de-acero-thermacore-594-uso-medio.php,sql:productos:73,gallery,ae22bea3ad2ed262a750510410229df5acdf7781f29dd10fb621cbd740d6f220,Q01,MIGRATE,"Q01: parte de la union de medios de puerta-seccional-de-acero-thermacore-594-uso-medio.php (propietario sql:productos:73); ver 07-q01-content-ownership.md."
asset:fichas/puerta-thermacore-595.pdf,fichas/puerta-thermacore-595.pdf,puerta-seccional-de-acero-thermacore-595-uso-pesado.php,static:puerta-seccional-de-acero-thermacore-595-uso-pesado.php,datasheet,8e4b232791099c29a4616cae17d42ee1c8c9637af06f83e25a640505a91026b2,Q04,MIGRATE,"Q04: parte de la ficha estatica static:puerta-seccional-de-acero-thermacore-595-uso-pesado.php."
asset:images/thermacore-sectional-door-593-wide.jpg,images/thermacore-sectional-door-593-wide.jpg,puerta-seccional-de-acero-thermacore-595-uso-pesado.php,static:puerta-seccional-de-acero-thermacore-595-uso-pesado.php,gallery,c6bf95033e6dc9d303d123a14ccd4d74a3a4b7b4e06f4cca35180e3b71420c6e,Q04,MIGRATE,"Q04: parte de la ficha estatica static:puerta-seccional-de-acero-thermacore-595-uso-pesado.php."
asset:images/puerta595t.png,images/puerta595t.png,puerta-seccional-de-acero-thermacore-595-uso-pesado.php,static:puerta-seccional-de-acero-thermacore-595-uso-pesado.php,gallery,cac5baae0fa2d19b2fc6841afc0a669fe4d867d6f1e9fddef92b95183d0e6a4c,Q04,MIGRATE,"Q04: parte de la ficha estatica static:puerta-seccional-de-acero-thermacore-595-uso-pesado.php."
asset:images/puerta599.jpg,images/puerta599.jpg,puerta-seccional-de-acero-thermacore-599-uso-muy-pesado.php|puertas-seccionales-industriales.php,sql:productos:75,featured_image,4f4c7200a1d2b415cd91c00c6997d98ac25e5929d70eeebed2a60360be9d60ca,Q01,MIGRATE,"Q01: parte de la union de medios de puerta-seccional-de-acero-thermacore-599-uso-muy-pesado.php (propietario sql:productos:75); ver 07-q01-content-ownership.md."
asset:fichas/sectional-thermacore-doors-592-599-brochure.pdf,fichas/sectional-thermacore-doors-592-599-brochure.pdf,puerta-seccional-de-acero-thermacore-serie-592.php,,,f12fa92e2d53e4ec3d472297c40b496655958d9220c44be89044f42f4d91c8ee,,REVIEW,"Uso documental no equivale a aprobación de propósito/identidad de medios."
asset:images/louver1.png,images/louver1.png,puerta-y-fijos-louver.php,,,a94a49e4086d801f0538f5de5d8d45cd6fc224bf01d5299d8b55f5dbb54e1f6b,,REVIEW,"Uso documental no equivale a aprobación de propósito/identidad de medios."
asset:images/louver2.png,images/louver2.png,puerta-y-fijos-louver.php,,,28f7100794eaea042f56a2f6c544eb22ccb8513c9346f09733ce291bc1bea74d,,REVIEW,"Uso documental no equivale a aprobación de propósito/identidad de medios."
asset:fichas/Puerta-Blindada1.pdf,fichas/Puerta-Blindada1.pdf,puertas-blindadas.php,,,4ec794042a285b8b5f064d051eab443324c24f061d3f9f77073811c07b280b7e,,REVIEW,"Uso documental no equivale a aprobación de propósito/identidad de medios."
asset:fichas/Ventana-blindad-y-pasa-documentos.pdf,fichas/Ventana-blindad-y-pasa-documentos.pdf,puertas-blindadas.php,,,d704128b2757b018b6a0ce25176d05e7ec336769eccb4b47d1164a9335ab3b9c,,REVIEW,"Uso documental no equivale a aprobación de propósito/identidad de medios."
asset:images/blindada.png,images/blindada.png,puertas-blindadas.php,,,53c1fc06a6cc6a6d6b7e44450eb27562a7cfda986d1608d7157612387c26c5a8,,REVIEW,"Uso documental no equivale a aprobación de propósito/identidad de medios."
asset:images/blindada3.png,images/blindada3.png,puertas-blindadas.php,,,78a721deb0dfc8963dbefc88ef20119c09742c8051fb2ee78e7aff7c11b9cb5c,,REVIEW,"Uso documental no equivale a aprobación de propósito/identidad de medios."
asset:fichas/Puerta-incendio-Door-Loock.pdf,fichas/Puerta-incendio-Door-Loock.pdf,puertas-contra-incendio.php,,,62ef03aa1d4a38bc2664c0867236fd167ec3e8a9f1e65920f07eab39a773de60,,REVIEW,"Uso documental no equivale a aprobación de propósito/identidad de medios."
asset:fichas/Puertas-contra-incendio.pdf,fichas/Puertas-contra-incendio.pdf,puertas-contra-incendio.php,,,2813d6d1e7365e61901aa76af1484a886da7421e38cd4bac9c26b07273ddf066,,REVIEW,"Uso documental no equivale a aprobación de propósito/identidad de medios."
asset:images/incendio.png,images/incendio.png,puertas-contra-incendio.php,,,78f98003f2a98eeade1dcac93da66054575e327e4ad1813bd97fa68527680d53,,REVIEW,"Uso documental no equivale a aprobación de propósito/identidad de medios."
asset:fichas/Puertas-Rayosx-folleto.pdf,fichas/Puertas-Rayosx-folleto.pdf,puertas-contra-rayos-x.php,sql:productos:30,datasheet,45f171e118d776f2c4ec90b3daedbcd1650bcb43bc0bdaa0a60dd501ba4bd480,Q02,MIGRATE,"Q02: parte de la union de medios de puertas-contra-rayos-x.php (ganador sql:productos:30); ver 01-q02-duplicate-resolution.md."
asset:fichas/Puerta-Rayos-X-fabricación.pdf,fichas/Puerta-Rayos-X-fabricación.pdf,puertas-contra-rayos-x.php,sql:productos:30,datasheet,7d4bac28a6ec0ae0be6a31e31a41560a81cfb5e4bf1f3d3d6eaacbd499b45db7,Q02,MIGRATE,"Q02: parte de la union de medios de puertas-contra-rayos-x.php (ganador sql:productos:30); ver 01-q02-duplicate-resolution.md."
asset:images/rayos.png,images/rayos.png,puertas-contra-rayos-x.php,sql:productos:30,gallery,ef9a16b4f47bf8243867b7fab6b5552f78caabec66b7120e57110d08b589ad4c,Q02,MIGRATE,"Q02: parte de la union de medios de puertas-contra-rayos-x.php (ganador sql:productos:30); ver 01-q02-duplicate-resolution.md."
asset:images/aisladas.jpg,images/aisladas.jpg,puertas-de-garaje-aisladas.php,,,f1226ef710c6e8cea0f109c38ce812ecc93cfdb6ace4accf29d95bfe05c3c983,,REVIEW,"Uso documental no equivale a aprobación de propósito/identidad de medios."
asset:images/enrollable.jpg,images/enrollable.jpg,puertas-enrollables-de-garage.php,,,cc84573893a08748a2d982d6aef8903052ddf70111e37bb93f8390331094922b,,REVIEW,"Uso documental no equivale a aprobación de propósito/identidad de medios."
asset:images/enrollable2.jpg,images/enrollable2.jpg,puertas-enrollables-de-garage.php,,,760e32fb8622742663d161fb5df7816a2344215397a431e33743ac7b6f799c64,,REVIEW,"Uso documental no equivale a aprobación de propósito/identidad de medios."
asset:fichas/PUERTAS-INDUSTRIALES-DOCKMAN-1.pdf,fichas/PUERTAS-INDUSTRIALES-DOCKMAN-1.pdf,puertas-industriales-dockman.php,,,5f2a562afdd44515a936f5bb9b8145476008b8f70c842fe3994817c69f4ae506,,REVIEW,"Uso documental no equivale a aprobación de propósito/identidad de medios."
asset:images/dockmanint.png,images/dockmanint.png,puertas-industriales-dockman.php,,,7e3f1304543308b59c05c772c4e3718a1f5a7fcaf910ed1a536acc3b23021e10,,REVIEW,"Uso documental no equivale a aprobación de propósito/identidad de medios."
asset:images/industrial32.jpg,images/industrial32.jpg,puertas-rapidas-enrollables.php,,,de4d5f85ec8c97b1fc88986655757e355a9ca2c34f380f45f890ca7a4d927766,,REVIEW,"Uso documental no equivale a aprobación de propósito/identidad de medios."
asset:images/puerta-infraca1.jpg,images/puerta-infraca1.jpg,puertas-rapidas.php,,,fd65e772e5dfc38a10d7b00d6012669fff996da703d3aa1525018f37634966a4,,REVIEW,"Uso documental no equivale a aprobación de propósito/identidad de medios."
asset:images/puertas-rapida-apilable.png,images/puertas-rapida-apilable.png,puertas-rapidas.php,,,e4eb7e5449fb832f15215db0d3f051d1c1fde7cedb8c2116e0b494406dfd9a1d,,REVIEW,"Uso documental no equivale a aprobación de propósito/identidad de medios."
asset:images/rolli-zip.png,images/rolli-zip.png,puertas-rapidas.php,,,2d23bf8983e997ee47e71f23faa462ad1deb286b68691cf8bb12e53413643f1b,,REVIEW,"Uso documental no equivale a aprobación de propósito/identidad de medios."
asset:fichas/sectional-steel-door-model-150-brochure.pdf,fichas/sectional-steel-door-model-150-brochure.pdf,puertas-seccionales-de-acero-aisladas-thermospan-modelo-150.php|puertas-seccionales-de-acero-aisladas-thermospan.php,,,d2332b0c85d90fd4c8071f1ff7d20494112bbd0991063728cbe668d323c01f71,,REVIEW,"Uso documental no equivale a aprobación de propósito/identidad de medios."
asset:images/thomp.jpg,images/thomp.jpg,puertas-seccionales-de-acero-aisladas-thermospan-modelo-150.php|puertas-seccionales-de-acero-aisladas-thermospan.php,,,41fb75669e1fa2eebca291f2148a34e9721dc58131e2a7bfc8b590a076c421b6,,REVIEW,"Uso documental no equivale a aprobación de propósito/identidad de medios."
asset:fichas/sectional-steel-door-2415-brochure.pdf,fichas/sectional-steel-door-2415-brochure.pdf,puertas-seccionales-de-acero-modelo-2415.php,sql:productos:15,datasheet,acf566b36f7591adab20e6b8db02f9bc8a707a6d3e3b73af477692a8f76618ef,Q02,MIGRATE,"Q02: parte de la union de medios de puertas-seccionales-de-acero-modelo-2415.php (ganador sql:productos:15); ver 01-q02-duplicate-resolution.md."
asset:images/sectional-steel-door-model-2415.jpg,images/sectional-steel-door-model-2415.jpg,puertas-seccionales-de-acero-modelo-2415.php,sql:productos:15,featured_image,ee644707d59a031f458306ef439125065e83f21dc1ded649ea51248e50592431,Q02,MIGRATE,"Q02: parte de la union de medios de puertas-seccionales-de-acero-modelo-2415.php (ganador sql:productos:15); ver 01-q02-duplicate-resolution.md."
asset:fichas/puerta-seccional-426.pdf,fichas/puerta-seccional-426.pdf,puertas-seccionales-de-acero-perfiles-426.php,sql:productos:70,datasheet,703eb6311aaedddf3dd24a8e6b75089463317352f174f672c8d5002e3dfd574f,Q01,MIGRATE,"Q01: parte de la union de medios de puertas-seccionales-de-acero-perfiles-426.php (propietario sql:productos:70); ver 07-q01-content-ownership.md."
asset:images/model-426-white-finish-insulated.jpg,images/model-426-white-finish-insulated.jpg,puertas-seccionales-de-acero-perfiles-426.php|puertas-seccionales-industriales.php,sql:productos:70,featured_image,c6c8e430f7c06ecd7061bfa0d6f002ed72b5aa7f67860c1dd5d31fa462976c1a,Q01,MIGRATE,"Q01: parte de la union de medios de puertas-seccionales-de-acero-perfiles-426.php (propietario sql:productos:70); ver 07-q01-content-ownership.md."
asset:images/puerta-432.png,images/puerta-432.png,puertas-seccionales-de-acero-perfiles-426.php,sql:productos:70,gallery,76670620e4dfd51de2ac0f85ca9ea825ab5b7bebbe1eaa78fba483417f9c1766,Q01,MIGRATE,"Q01: parte de la union de medios de puertas-seccionales-de-acero-perfiles-426.php (propietario sql:productos:70); ver 07-q01-content-ownership.md."
asset:fichas/puerta-420.pdf,fichas/puerta-420.pdf,puertas-seccionales-de-acero-sin-aislamiento-420-uso-pesado.php,sql:productos:64,datasheet,932c44b3440fe52b0a4a097d1dda45adf7bc37d67b5a84753bb6c3526ceb33ff,,MIGRATE,"Ensayo técnico privado autorizado en Prompt 6; no aprobación del catálogo productivo. Uso explícito en ficha o directorio; bytes y tipo se validan. Para ensayo, dos rutas con mismos bytes y asociación al producto64 comparten adjunto; preservar ambas referencias, sin borrar/rerutear origen."
asset:images/puerta-420.jpg,images/puerta-420.jpg,puertas-seccionales-de-acero-sin-aislamiento-420-uso-pesado.php|puertas-seccionales-industriales.php,sql:productos:64,featured_image,5a19083d5e1a942448ee11a6595a29727a0efcfc3de56abdff04513eff926e46,,MIGRATE,"Ensayo técnico privado autorizado en Prompt 6; no aprobación del catálogo productivo. Uso explícito en ficha o directorio; bytes y tipo se validan."
asset:images/puerta-420t.png,images/puerta-420t.png,puertas-seccionales-de-acero-sin-aislamiento-420-uso-pesado.php,sql:productos:64,gallery,dc4b36fc3443aac552cfc9f837c30a486a348496f5311f3076456fe8384ba3d8,,MIGRATE,"Ensayo técnico privado autorizado en Prompt 6; no aprobación del catálogo productivo. Uso explícito en ficha o directorio; bytes y tipo se validan."
asset:images/windload-thermacore-525-wide.jpg,images/windload-thermacore-525-wide.jpg,puertas-seccionales-de-acero-thermacore-598-uso-liviano.php|puertas-seccionales-industriales.php,sql:productos:74,gallery,abdc2ffadc9ee3b0f411da925350004e16a6c6daa293922c6dba6252a1227b0b,Q01,MIGRATE,"Q01: parte de la union de medios de puertas-seccionales-de-acero-thermacore-598-uso-liviano.php (propietario sql:productos:74); ver 07-q01-content-ownership.md."
asset:images/puerta598t.png,images/puerta598t.png,puertas-seccionales-de-acero-thermacore-598-uso-liviano.php,sql:productos:74,featured_image,f81334945b15d4c92886d6d8506981f004b881bfb617f19c2aba1b60c3a72268,Q01,MIGRATE,"Q01: parte de la union de medios de puertas-seccionales-de-acero-thermacore-598-uso-liviano.php (propietario sql:productos:74); ver 07-q01-content-ownership.md."
asset:fichas/puerta-521.pdf,fichas/puerta-521.pdf,puertas-seccionales-de-aluminio-521.php,,,e8ac9a72e867f60aa21665abd004640f2fac4e477b025eae8b7b9a8ae7222e01,,REVIEW,"Uso documental no equivale a aprobación de propósito/identidad de medios."
asset:images/puerta-521.jpg,images/puerta-521.jpg,puertas-seccionales-de-aluminio-521.php|puertas-seccionales-industriales.php,,,9e354094ec662715d8125eee79d1432778318567ccc21c8cd4b0b902d3b5e31a,,REVIEW,"Uso documental no equivale a aprobación de propósito/identidad de medios."
asset:images/puerta-521t.jpg,images/puerta-521t.jpg,puertas-seccionales-de-aluminio-521.php,,,d8ab10f9773cd41cd41d08b2a372c15ee0f00567100cd74db615597d8e9fc7aa,,REVIEW,"Uso documental no equivale a aprobación de propósito/identidad de medios."
asset:images/modelos.jpg,images/modelos.jpg,puertas-seccionales-industriales.php,,,3d6da8ba6127a75128cbe172539152cfd316a04941c99f968235b6694f4eb421,,REVIEW,"Uso documental no equivale a aprobación de propósito/identidad de medios."
asset:images/m-2415.jpg,images/m-2415.jpg,puertas-seccionales-industriales.php,,,d381c51ede22a89ca8602ea8dac6c342a25c90125bfc44f09a4a15a05fe0b694,,REVIEW,"Uso documental no equivale a aprobación de propósito/identidad de medios."
asset:images/e3720.jpg,images/e3720.jpg,puertas-seccionales-industriales.php,,,b43c3d3d71c1e6d0ae6ddb17948ea0ae3f5d917c4cad4e31ab4e9bc14ed88a3c,,REVIEW,"Uso documental no equivale a aprobación de propósito/identidad de medios."
asset:images/a416.png,images/a416.png,puertas-seccionales-industriales.php,,,a69df4a03b43de98301f2bf5aefce4ba730cad4634f4bf6a47fa1194a2c48181,,REVIEW,"Uso documental no equivale a aprobación de propósito/identidad de medios."
asset:fichas/SPA_U-Series_Mechanical_Dock_Leveler.pdf,fichas/SPA_U-Series_Mechanical_Dock_Leveler.pdf,rampa-niveladora-mecanica-blue-giant.php,sql:productos:23,datasheet,778571077c66eb5d199d774bb8f10f031c27ff1e0f813e3721e3622cb47f4ecf,Q02,MIGRATE,"Q02: parte de la union de medios de rampa-niveladora-mecanica-blue-giant.php (ganador sql:productos:23); ver 01-q02-duplicate-resolution.md."
asset:images/M_DockLeveler.png,images/M_DockLeveler.png,rampa-niveladora-mecanica-blue-giant.php,sql:productos:23,featured_image,c8c8e17fb4fe0088e4d86b4e360634d4114ef1ce0209197e45651e2752da944e,Q02,MIGRATE,"Q02: parte de la union de medios de rampa-niveladora-mecanica-blue-giant.php (ganador sql:productos:23); ver 01-q02-duplicate-resolution.md."
asset:fichas/Kelley-Hydraulic-Dock-Leveler-Brochure_web.pdf,fichas/Kelley-Hydraulic-Dock-Leveler-Brochure_web.pdf,rampas-de-anden-hidraulicas-kelley.php,,,d1af1d5b7a74f8bdda6761f7b3b30ccecec3bfd93fc5d966b2bb6bd202d0de27,,REVIEW,"Uso documental no equivale a aprobación de propósito/identidad de medios."
asset:fichas/Rampas-Hidraulicas.pdf,fichas/Rampas-Hidraulicas.pdf,rampas-de-anden-hidraulicas.php,sql:productos:53,datasheet,91fe8561f7f00ae6093b2e879b11e38c939370e913f1f3becc74147ba7c99ef6,Q02,MIGRATE,"Q02: parte de la union de medios de rampas-de-anden-hidraulicas.php (ganador sql:productos:53); ver 01-q02-duplicate-resolution.md."
asset:images/rampah.jpg,images/rampah.jpg,rampas-de-anden-hidraulicas.php,sql:productos:53,featured_image,dd4ad9853ae8e34a76aa6feceae62502572e8a3dc42a251dce7a9d3581cea926,Q02,MIGRATE,"Q02: parte de la union de medios de rampas-de-anden-hidraulicas.php (ganador sql:productos:53); ver 01-q02-duplicate-resolution.md."
asset:fichas/Rampas-mecánicas.pdf,fichas/Rampas-mecánicas.pdf,rampas-de-anden-mecanicas.php,sql:productos:56,datasheet,d53f50333967c90547d843d81c0613d9020f7a4e049264f42315d69a30f3ed43,Q02,MIGRATE,"Q02: parte de la union de medios de rampas-de-anden-mecanicas.php (ganador sql:productos:56); ver 01-q02-duplicate-resolution.md."
asset:images/rampam.jpg,images/rampam.jpg,rampas-de-anden-mecanicas.php,sql:productos:56,gallery,a0c6bbe552147527689dc24d2dcac7353fa11344b10c345a6bd393c330c39383,Q02,MIGRATE,"Q02: parte de la union de medios de rampas-de-anden-mecanicas.php (ganador sql:productos:56); ver 01-q02-duplicate-resolution.md."
asset:images/2018-04-04_1153-300x234.png,images/2018-04-04_1153-300x234.png,rampas-de-anden-mecanicas.php,sql:productos:56,featured_image,d860236dd47a46a15210d48f31466e3699c6174a847bf4f7ad5ecc31e0465c67,Q02,MIGRATE,"Q02: parte de la union de medios de rampas-de-anden-mecanicas.php (ganador sql:productos:56); ver 01-q02-duplicate-resolution.md."
asset:images/apilable2.jpg,images/apilable2.jpg,rapida-apilable.php,,,3aa39aacce32b706f9a483c217c1775d242cb07490989a953a9886afb9eda87e,,REVIEW,"Uso documental no equivale a aprobación de propósito/identidad de medios."
asset:fichas/INFRACA-RAPIDA-ENROLLABLE.pdf,fichas/INFRACA-RAPIDA-ENROLLABLE.pdf,rapida-enrollable-industrial.php,sql:productos:38,datasheet,6450a489937fed37d19b6707d922e7225072d55cc62d9ab51eecaf322ef1bf7e,Q02,MIGRATE,"Q02: parte de la union de medios de rapida-enrollable-industrial.php (ganador sql:productos:38); ver 01-q02-duplicate-resolution.md."
asset:images/puerta-infraca.jpg,images/puerta-infraca.jpg,rapida-enrollable-industrial.php,sql:productos:38,featured_image,4c33c507ce731401d82bf29182b5546a7df6cdc1db6ceb653bf1fe6c0a090084,Q02,MIGRATE,"Q02: parte de la union de medios de rapida-enrollable-industrial.php (ganador sql:productos:38); ver 01-q02-duplicate-resolution.md."
asset:images/puerta-infraca02.jpg,images/puerta-infraca02.jpg,rapida-enrollable-industrial.php,sql:productos:38,gallery,5334bfd459f85f0540168d564c3fac0582946df48150647db65ef7e4e566a64b,Q02,MIGRATE,"Q02: parte de la union de medios de rapida-enrollable-industrial.php (ganador sql:productos:38); ver 01-q02-duplicate-resolution.md."
asset:images/operadores.jpg,images/operadores.jpg,residencial.php|soluciones.php,,,a39f73066d336fc9d5b5f93b86845c7ca4401e4d6b35cbe306cf5e5dd21f092d,,REVIEW,"Uso documental no equivale a aprobación de propósito/identidad de medios."
asset:images/abatible.jpg,images/abatible.jpg,residencial.php,,,60b0a46105807c3365dff1871dcc38385a07ceb36f13890c796ac0781f6ae4b7,,REVIEW,"Uso documental no equivale a aprobación de propósito/identidad de medios."
asset:images/ascendentes.jpg,images/ascendentes.jpg,residencial.php,,,5f19dc5ca4daedc00d8621036cde85703a92fbbc1b5572ac9ded91a134281f08,,REVIEW,"Uso documental no equivale a aprobación de propósito/identidad de medios."
asset:fichas/StrongArm_HVR303_Brochure_Spanish.pdf,fichas/StrongArm_HVR303_Brochure_Spanish.pdf,retenedor-de-vehiculos.php,sql:productos:22,datasheet,63b50f31f52cad064dfabe524ec2fee7c18a088ac99d5792ca34fb7fe7c09353,Q02,MIGRATE,"Q02: parte de la union de medios de retenedor-de-vehiculos.php (ganador sql:productos:22); ver 01-q02-duplicate-resolution.md."
asset:images/STRONGARMHVR303.png,images/STRONGARMHVR303.png,retenedor-vehiculos-hvr303.php,sql:productos:146,featured_image,dbd9c7c5a3bf40665b34284850f2c715f6ef3f389a37ae39593045a37354910c,Q01,MIGRATE,"Q01: parte de la union de medios de retenedor-vehiculos-hvr303.php (propietario sql:productos:146); ver 07-q01-content-ownership.md."
asset:fichas/Retenedor-de-vehiculos-automatico.pdf,fichas/Retenedor-de-vehiculos-automatico.pdf,retenedores-de-vehiculos-automatico.php,static:retenedores-de-vehiculos-automatico.php,datasheet,200b08bb2c6034b216b13bdd233b318d6baf34c777431af148be8ea6a2cb8227,Q04,MIGRATE,"Q04: parte de la ficha estatica static:retenedores-de-vehiculos-automatico.php."
asset:images/tpr.jpg,images/tpr.jpg,retenedores-de-vehiculos-automatico.php,static:retenedores-de-vehiculos-automatico.php,gallery,947dde81a7e8a5dff6d5117b3fee77d07c14374928400780383ffb5d728ec60c,Q04,MIGRATE,"Q04: parte de la ficha estatica static:retenedores-de-vehiculos-automatico.php."
asset:images/2025-08-21_16h18_34.png,images/2025-08-21_16h18_34.png,retenedores-de-vehiculos-automatico.php,static:retenedores-de-vehiculos-automatico.php,gallery,19eb1475345f72bbe550d333d4b08180eee20ba7b8c8f51236b914c8ccf50b32,Q04,MIGRATE,"Q04: parte de la ficha estatica static:retenedores-de-vehiculos-automatico.php."
asset:images/StrongArm_HVR303_300px.jpg,images/StrongArm_HVR303_300px.jpg,retenedores-de-vehiculos.php,,,0df43f2b225e3a4e65e300524bd2bfa279ae827629e215f0271d6da01718cec5,,REVIEW,"Uso documental no equivale a aprobación de propósito/identidad de medios."
asset:fichas/Rollizip-Technical-Specifications-15.pdf,fichas/Rollizip-Technical-Specifications-15.pdf,rolli-zip.php,,,e83d9e0d361761c16f7d0d5182f575ebf94841cd03aa744826bc232326ac2ff5,,REVIEW,"Uso documental no equivale a aprobación de propósito/identidad de medios."
asset:images/Rolli-Zip-1.jpg,images/Rolli-Zip-1.jpg,rolli-zip.php,,,ed2a2692ddae195e26d6894ef5e9b38e1888119507d7d0715471748b3bc0c6db,,REVIEW,"Uso documental no equivale a aprobación de propósito/identidad de medios."
asset:images/Ditec-reset-imagen.jpg,images/Ditec-reset-imagen.jpg,rolli-zip.php,,,22058f35f21c2062018613eb65d6d0879c3827119097c6e88085ed574f6ce135,,REVIEW,"Uso documental no equivale a aprobación de propósito/identidad de medios."
asset:images/descarga-1.jpg,images/descarga-1.jpg,rytec.php,,,05ef34f940430ae48a1850bc274bf10f9615b2858576c5fd1684d62504e29b18,,REVIEW,"Uso documental no equivale a aprobación de propósito/identidad de medios."
asset:images/PredaDoor-NXT-Door-1.jpg,images/PredaDoor-NXT-Door-1.jpg,rytec.php,,,af65f6b8ab3aca4434863ed534d2733733618809cda83b88d99c92e8aa7b7351,,REVIEW,"Uso documental no equivale a aprobación de propósito/identidad de medios."
asset:images/splus.jpg,images/splus.jpg,sector-puertas-rapidas-enrollables-de-sectores-intercambiables-y-contrapesos.php,static:sector-puertas-rapidas-enrollables-de-sectores-intercambiables-y-contrapesos.php,featured_image,d78f021fac727f139dd0103eb92c0e054eb9404a7f7977759fce4757d2b4502a,Q04,MIGRATE,"Q04: parte de la ficha estatica static:sector-puertas-rapidas-enrollables-de-sectores-intercambiables-y-contrapesos.php."
asset:images/rolli.jpg,images/rolli.jpg,sector-puertas-rapidas-enrollables-de-sectores-intercambiables-y-contrapesos.php,static:sector-puertas-rapidas-enrollables-de-sectores-intercambiables-y-contrapesos.php,gallery,33ff425938af1b286d1ea7b0edf7d84b6000cf8160984f4d7fbe2030c71e1c77,Q04,MIGRATE,"Q04: parte de la ficha estatica static:sector-puertas-rapidas-enrollables-de-sectores-intercambiables-y-contrapesos.php."
asset:images/sector.jpg,images/sector.jpg,sector-reset.php,static:sector-reset.php,featured_image,2cc08f48b70d4f87aa3ddfa3e2df350dbd0259da733390e16d9ee549890df55c,Q04,MIGRATE,"Q04: parte de la ficha estatica static:sector-reset.php."
asset:images/sector1.jpg,images/sector1.jpg,sector-reset.php,static:sector-reset.php,gallery,dcaf5ed8c778c97d4d2670d93ebd0ac02d87836117e70e827405bb2f44f3a80c,Q04,MIGRATE,"Q04: parte de la ficha estatica static:sector-reset.php."
asset:fichas/Sellos-de-anden-BrochureW.pdf,fichas/Sellos-de-anden-BrochureW.pdf,sellos-de-anden.php,sql:productos:52,datasheet,1480b2c7cdc1b47afa9eeedae5372c89372a80d417009721d194861bf9997a1a,Q02,MIGRATE,"Q02: parte de la union de medios de sellos-de-anden.php (ganador sql:productos:52); ver 01-q02-duplicate-resolution.md."
asset:images/sello.png,images/sello.png,sellos-de-anden.php,sql:productos:52,featured_image,bbcdc29b06005c42b14ccccff4fc2ebfbc66fbe3f01d0e14e93e1724cb807e72,Q02,MIGRATE,"Q02: parte de la union de medios de sellos-de-anden.php (ganador sql:productos:52); ver 01-q02-duplicate-resolution.md."
asset:images/vista_sello.png,images/vista_sello.png,sellos-de-anden.php,sql:productos:52,gallery,062f7b948ac894e36d4407122f1524f3ce7125e4dc3007d2572bb70df28ea602,Q02,MIGRATE,"Q02: parte de la union de medios de sellos-de-anden.php (ganador sql:productos:52); ver 01-q02-duplicate-resolution.md."
asset:fichas/SELLOSSOLMMER.pdf,fichas/SELLOSSOLMMER.pdf,sellos-nacionales.php,,,397f9ab39a6e99338c6b07d6710607a8c70167d8cf0e059e01e4cc362c1eb3e2,,REVIEW,"Uso documental no equivale a aprobación de propósito/identidad de medios."
asset:images/Sellos-Nacionales-1.jpeg,images/Sellos-Nacionales-1.jpeg,sellos-nacionales.php,,,39a22f0d7192ec2dd511ff10f581ca47e7d24c4d9123aa5975d4ef1d9db62a90,,REVIEW,"Uso documental no equivale a aprobación de propósito/identidad de medios."
asset:images/Sellos-Nacionales-2.jpeg,images/Sellos-Nacionales-2.jpeg,sellos-nacionales.php,,,fd7c68b72640b98f010f0c755b5f3688943ab50a348f1817cbaf93fa1b1a696b,,REVIEW,"Uso documental no equivale a aprobación de propósito/identidad de medios."
asset:images/Sellos-Nacionales-3.jpeg,images/Sellos-Nacionales-3.jpeg,sellos-nacionales.php,,,5bcfbc9645466fc0bf84354b63a2397f88869c27727fe865391dcdf6b0b2be87,,REVIEW,"Uso documental no equivale a aprobación de propósito/identidad de medios."
asset:images/Sellos-Nacionales-4.jpeg,images/Sellos-Nacionales-4.jpeg,sellos-nacionales.php,,,aea5675aa184c21be1ce72b68f75befeceda5c0284472e65488ca8b18af9b4fb,,REVIEW,"Uso documental no equivale a aprobación de propósito/identidad de medios."
asset:images/Sellos-Nacionales-5.jpeg,images/Sellos-Nacionales-5.jpeg,sellos-nacionales.php,,,c7821c339dd82d255a39980f43b7b2c1fe2f55dac40a892d3aac1f929ff86206,,REVIEW,"Uso documental no equivale a aprobación de propósito/identidad de medios."
asset:images/comercial.jpg,images/comercial.jpg,sellos-para-anden-shelter-de-soporte-flexible.php|sellos-para-anden.php,sql:productos:148,featured_image,9d8bb264b4b6dba4870fbfaea37201594d459635f4552dec8f7feccf575f46ca,Q01,MIGRATE,"Q01: parte de la union de medios de sellos-para-anden-shelter-de-soporte-flexible.php (propietario sql:productos:148); ver 07-q01-content-ownership.md."
asset:images/Stationary-shelter.png,images/Stationary-shelter.png,sellos-para-anden.php|shelter-abrigo-estacionario-blue-giant.php,sql:productos:21,featured_image,f73bcf2e62c6662f190547f0591e9bf98ddc9f7d647ab0502a05164460c57964,Q02,MIGRATE,"Q02: parte de la union de medios de shelter-abrigo-estacionario-blue-giant.php (ganador sql:productos:21); ver 01-q02-duplicate-resolution.md."
asset:images/sellos-nacionales.png,images/sellos-nacionales.png,sellos-para-anden.php,,,5d8f835761b152b5e163fc13bec58ee9920ce8466e72e4f511e19781b0fdf9dc,,REVIEW,"Uso documental no equivale a aprobación de propósito/identidad de medios."
asset:images/cortina-serie-620.jpg,images/cortina-serie-620.jpg,serie-620.php,,,ab2145deb2fb00f894d0b35fd7f8480e54e8b0dd00ffcff91604201ad1194b6f,,REVIEW,"Uso documental no equivale a aprobación de propósito/identidad de medios."
asset:fichas/SERIE-X130.pdf,fichas/SERIE-X130.pdf,serie-x130-motor-para-cortina-oculto.php,sql:productos:45,datasheet,619732a38ffca6749b7f8b5783ea2d2498f6606001008eb15f50dc556921f27f,Q02,MIGRATE,"Q02: parte de la union de medios de serie-x130-motor-para-cortina-oculto.php (ganador sql:productos:45); ver 01-q02-duplicate-resolution.md."
asset:images/x130.png,images/x130.png,serie-x130-motor-para-cortina-oculto.php,sql:productos:45,gallery,4dcf71d9f3392df7ed7d28decdc362f2571704bf5cc8feeeed0ca51c3f4e6ac4,Q02,MIGRATE,"Q02: parte de la union de medios de serie-x130-motor-para-cortina-oculto.php (ganador sql:productos:45); ver 01-q02-duplicate-resolution.md."
asset:images/cross18.jpg,images/cross18.jpg,sg-onixx-600.php,static:sg-onixx-600.php,featured_image,bf8a8580a56512392fda0454709c88f1c5f7dd2b1e83eb39b429da04a6d58349,Q04,MIGRATE,"Q04: parte de la ficha estatica static:sg-onixx-600.php."
asset:fichas/BGDSHS_Brochure_Sept2014_WEB.pdf,fichas/BGDSHS_Brochure_Sept2014_WEB.pdf,shelter-abrigo-estacionario-blue-giant.php,sql:productos:21,datasheet,b257729a88482e08664cc01376267bfbb18b900b4c20bed80615404bd5d3feb3,Q02,MIGRATE,"Q02: parte de la union de medios de shelter-abrigo-estacionario-blue-giant.php (ganador sql:productos:21); ver 01-q02-duplicate-resolution.md."
asset:fichas/Abrigo-de-anden-BG400.pdf,fichas/Abrigo-de-anden-BG400.pdf,shelter-abrigo-estacionario-blue-giant.php,sql:productos:21,datasheet,d55b3142b8b118ea54f1fbcdb3c86ca4ba23030b69c504a1021cbd0b52967d69,Q02,MIGRATE,"Q02: parte de la union de medios de shelter-abrigo-estacionario-blue-giant.php (ganador sql:productos:21); ver 01-q02-duplicate-resolution.md."
asset:images/smart.jpg,images/smart.jpg,smart-puertas-rapidas-enrollables-de-sectores-intercambiables-con-motor-externo.php,static:smart-puertas-rapidas-enrollables-de-sectores-intercambiables-con-motor-externo.php,featured_image,cc74ec23a309dc466c189f4475c246c5d81499b96d0d3da0ffb427b9a75aebdf,Q04,MIGRATE,"Q04: parte de la ficha estatica static:smart-puertas-rapidas-enrollables-de-sectores-intercambiables-con-motor-externo.php."
asset:images/marcas.png,images/marcas.png,soluciones.php,,,0c3bb1c24d214dff4b76b0d07c801d770975b26a4ef139b2d038b66fd2d9e916,,REVIEW,"Uso documental no equivale a aprobación de propósito/identidad de medios."
asset:images/sprint.jpg,images/sprint.jpg,sprint-automatizaciones-para-puertas-peatonales-pequenas-dimensiones.php,static:sprint-automatizaciones-para-puertas-peatonales-pequenas-dimensiones.php,featured_image,69f236daadb80d2c1eb8f40855f50aa2a2d492a1064382220dbf9f0812eef42f,Q04,MIGRATE,"Q04: parte de la ficha estatica static:sprint-automatizaciones-para-puertas-peatonales-pequenas-dimensiones.php."
asset:fichas/Kelley-Vehicle-Restraint-Brochure_web.pdf,fichas/Kelley-Vehicle-Restraint-Brochure_web.pdf,star4-vehicle-restraint.php,sql:productos:25,datasheet,794bf802edd6b007822762dbe971367773fd1ac65b97c7f365be0daccfa75f7b,Q02,MIGRATE,"Q02: parte de la union de medios de star4-vehicle-restraint.php (ganador sql:productos:25); ver 01-q02-duplicate-resolution.md."
asset:images/traffic.jpg,images/traffic.jpg,traffic.php,static:traffic.php,featured_image,7cd4047cbf96319fbe09d76a5b4179e400960bd9055a6b6c2e067cc2c54b1277,Q04,MIGRATE,"Q04: parte de la ficha estatica static:traffic.php."
asset:images/t150.jpg,images/t150.jpg,wayne-dalton.php,,,043b51e0aaec4c17ed2b8efe57dc2654b61edee67029074e7655266d15130146,,REVIEW,"Uso documental no equivale a aprobación de propósito/identidad de medios."
asset:images/m2415.jpg,images/m2415.jpg,wayne-dalton.php,,,f98d8bc284741b66493764e5f6c37cea3676a0bceaf1b8570bdf16555b606728,,REVIEW,"Uso documental no equivale a aprobación de propósito/identidad de medios."
asset:images/dab.jpg,images/dab.jpg,wel-aotmatizacion-de-puertas-peatonales-pequena-y-robusta.php,static:wel-aotmatizacion-de-puertas-peatonales-pequena-y-robusta.php,featured_image,439bbf293f301b34a8af781ddeff8a22cefc2f43c3fa900020c3b7035f3bffbe,Q04,MIGRATE,"Q04: parte de la ficha estatica static:wel-aotmatizacion-de-puertas-peatonales-pequena-y-robusta.php."
asset:images/xel5.jpg,images/xel5.jpg,xel-5-selector-de-llave.php,static:xel-5-selector-de-llave.php,featured_image,f215a9093141efd6373fedaaa5b5574cc80ee541963eea0b2ea0748fcc46fb04,Q04,MIGRATE,"Q04: parte de la ficha estatica static:xel-5-selector-de-llave.php."
asset:https://www.youtube.com/embed/HuAna9chMKQ?si=1tVHC3zKFMz_7dZ6,https://www.youtube.com/embed/HuAna9chMKQ?si=1tVHC3zKFMz_7dZ6,barreras-estacionamiento-moovi50rm.php,,,,,REVIEW,"Uso documental no equivale a aprobación de propósito/identidad de medios."
asset:https://www.youtube.com/embed/nBnhyuFI108?si=qYAU4oiisGc36iw4,https://www.youtube.com/embed/nBnhyuFI108?si=qYAU4oiisGc36iw4,icaro-smart.php,,,,,REVIEW,"Uso documental no equivale a aprobación de propósito/identidad de medios."
asset:https://www.youtube.com/embed/7K2zzhkH5EA?si=XKMl9Nda8Lxp4k9m,https://www.youtube.com/embed/7K2zzhkH5EA?si=XKMl9Nda8Lxp4k9m,p45-7-piston-hidraulico-para-puerta-abatible.php,,,,,REVIEW,"Uso documental no equivale a aprobación de propósito/identidad de medios."
