file,bytes,extension,sha256,classification,evidence,references_basename_files,template_pattern
.htaccess,515,,27913eb02566ab49b7fbf007e339e7dfdec955839e60a33a84b9280e9cf42f3e,recurso,Extensión/directorio,,
1500-revolving-door.php,4903,.php,1dc2e015e7c10f5c5dd5026455d0b6002c89b8be4c76db498141ee20812113f5,producto (probable por estructura),Incluye cabecera pública,1,detalle-estatico
accesorios.php,2983,.php,0618fa788e6c55824b39c24ef05135dd88ade7c45584890c8f8b2a5733eadeae,producto (probable),Incluye cabecera pública,3,detalle-estatico
accesspro-fs1000speed.php,4011,.php,5ca9f4e4f30d16b5bcfddb16c90973541476bf0a422ca99e60b0a75e3e0ab9b9,producto (probable),Incluye cabecera pública,4,detalle-estatico
automatismos-para-cancelas-cubic.php,3532,.php,3855b5343ae213037ccb7f312ea02c3a75e038c52506eeb91a4a34207f20d1b1,producto (probable por estructura),Incluye cabecera pública,1,detalle-estatico
back-seccionales.php,546,.php,444b63f00e6953de0b7549b34eb6acd53d5473f0aad04be861eff8b267ee274d,include / fragmento,Referencias include o fragmento HTML; accesibilidad HTTP no verificada,0,
barreras-estacionamiento-moovi50rm.php,4346,.php,db25a4454d5b23ace018c749d9d41486c03bbb0d2ca1621888b0f252d233f767,producto (probable),Incluye cabecera pública,7,detalle-estatico
bft-resp.php,11656,.php,cec532d34563e51508e3956513e42196acea861463a7e37325272850d7503093,categoría / landing SEO (probable),Incluye cabecera pública,0,listado-estatico
bft.php,12111,.php,b03f35c9a58da293671d5880e7ab79f7f1d0cc943e8d690b4337f68a7fdf8851,marca,Incluye cabecera pública,5,listado-marca
bix-al-antena-externa-433-mhz.php,3238,.php,18b953a491ac3b7393566000a34382d07aa43a42c5516de039dbed1309145e92,producto (probable por estructura),Incluye cabecera pública,1,detalle-estatico
blindadas.php,4022,.php,5e49d8ec8c98f740943f59da5dd554e945e239828745ce28c8a50d49a10f39be,categoría / landing SEO (probable),Incluye cabecera pública,5,listado-estatico
blue-giant.php,19189,.php,b41d59e849e0beb15b86be9f2655ffb5ffceba1526d505d109488763d834bc2a,marca,Incluye cabecera pública,6,listado-marca
categorias.php,117,.php,424988e44c955130e0e8013a93b812ed21408982e58ce882c50363d9e17419a0,endpoint público / controlador,Instancia FO y execute(),1,controlador-categorias
centros-comerciales.php,32170,.php,6d11508e7f6b20828cd778aa00b6fb62ff072a5d601de100a69dcc6f85f75b24,categoría / landing SEO (probable),Incluye cabecera pública,3,listado-estatico
clopay.php,9156,.php,0462b70ad5c0a2f531cc1b247ec559806484b8724d042f2bd293f8ed83a9da29,marca,Incluye cabecera pública,4,listado-marca
coleccion-classic.php,4216,.php,a576367f3329400323ac724225478c3645012d9cf59f33884e25fcc0edcae4d9,producto (probable),Incluye cabecera pública,3,detalle-estatico
coleccion-modern-steel.php,5416,.php,80b3ba79f7bab63361981b2b0e47633243cd2fd32cc6509fe35d9abbe155ceb4,producto (probable),Incluye cabecera pública,8,detalle-estatico
com-programadores-digitales-y-rotativos.php,2917,.php,044dd5f981b8fc4487e496ce9374ef099feb71bb63018d93df90dd820e89ae24,producto (probable por estructura),Incluye cabecera pública,1,detalle-estatico
comercial.php,8632,.php,2dd39ee4fe21b87851f9df4dfbf0ee828aab7ba74ac10a05b24dffdf098d94c2,categoría / landing SEO (probable),Incluye cabecera pública,6,listado-estatico
contacto.php,10240,.php,e16c6e6e87185a7f903149f8cf9ac3c880b106bf12b018030fdaf50a1e39bf92,página institucional / formulario,Incluye cabecera pública,7,contacto
contra-exposion.php,4071,.php,7585e91c3a20d63f6f6a4a96ae8aba3414998b5546999555e275077800cbbd88,categoría / landing SEO (probable),Incluye cabecera pública,2,listado-estatico
contra-incendio.php,4092,.php,21169f8d6017e4fce853cd461eb8ebdc162c383d928ff1c83f60e4fb35a734bc,categoría / landing SEO (probable),Incluye cabecera pública,9,listado-estatico
cortina-de-seguridad-670.php,4896,.php,84746a30e57e98963d5d70dc95847ac33ec74475a41575131beef81525044e74,producto (probable),Incluye cabecera pública,2,detalle-estatico
cortina-de-seguridad-671.php,4923,.php,a884451f57e6acf863cd5e619eab91e1007a9e03bcf03bb7cde1f353e58f8cff,producto (probable),Incluye cabecera pública,2,detalle-estatico
cortina-en-aluminio-serie-511-521.php,3511,.php,d64511ca2ad7511f8e0f82b074a4905e581d0bdc8f2669a9df987436da8604ea,producto (probable),Incluye cabecera pública,3,detalle-estatico
cortina-europea.php,3970,.php,edcfd46d791c5d29f844200fd2c6d6fe54e39c37ff689079209b1ad0620eaff2,producto (probable),Incluye cabecera pública,4,detalle-estatico
cortina-plana.php,3872,.php,78cb48592426c5a14c493fb5581879e189d028827c9cfbf61c2274d329551c7e,producto (probable),Incluye cabecera pública,4,detalle-estatico
cortina-serie-600.php,5038,.php,09238a2288adff6405bf0a531e427ccab82e0fa2584b7554913b1637ad439993,producto (probable),Incluye cabecera pública,4,detalle-estatico
cortina-serie-610.php,4975,.php,adedcdbf10e349bbbe8af7be25df389ada6df7fc89c7e02cbabc1ef30f5058bf,producto (probable),Incluye cabecera pública,2,detalle-estatico
cortina-serie-620.php,5681,.php,9dfa2c78b280bb6c2cf180a036f3319e301fae66ea041404f1740db300f631c1,producto (probable),Incluye cabecera pública,3,detalle-estatico
cortina-serie-625.php,3691,.php,f4c30ee7274748afefecc11c3d0ab292e7d05763925d44c3216cc8fab718d31b,producto (probable),Incluye cabecera pública,4,detalle-estatico
cortina-serie-630.php,5947,.php,fb2ff5af846525f15a1ea68c761a44b9063d7df24772e066d5071dfeff90ac2e,producto (probable),Incluye cabecera pública,3,detalle-estatico
cortina-serie-790-cw.php,6512,.php,3f1a0d7fd83cf8dd32e96feb7df26841aedc1a16ea62ed22ad0c9359ecb6106f,producto (probable),Incluye cabecera pública,3,detalle-estatico
cortinas-enrollables-de-aluminio.php,3636,.php,8c4e854b147618c429591419f97795d0cce0d3eed325b6277af2556eb3b55a02,producto (probable por estructura),Incluye cabecera pública,2,detalle-estatico
cortinas-enrollables-industriales.php,26876,.php,ef027429ca6f83e3c0c89e979c94aa3c7c5ffe881b4bdaeccbea6bf8922c6226,categoría / landing SEO (probable),Incluye cabecera pública,5,listado-estatico
cortinas-ventiladas-685.php,6416,.php,9698cb86b93ea47c6b88e8a9c339886c1aedff3129518134aa068068214210c1,producto (probable),Incluye cabecera pública,3,detalle-estatico
cross-3e.php,3857,.php,8a5f4d4450897b5fa38c969bf2963c0ccc1c1e4fa99cc1500f45e236184d511a,producto (probable por estructura),Incluye cabecera pública,1,detalle-estatico
css/business.css,1220,.css,1a9e3e4dbb943a9781be5977d37bab983b267c5d5e57063cc2c7a6b2fcc40c86,recurso,Extensión/directorio,,
css/custom.css,3063,.css,66e11e3020fe83ff2754de5841fee2ab54ca24185363d9c385ff40fc6544aff2,recurso,Extensión/directorio,,
css/icon.css,388777,.css,179fa3bc107580465260414369b13258f972352b4dde89a88d276ed63c5eb016,recurso,Extensión/directorio,,
css/icon.min.css,309413,.css,022b07b389369593bd81c52b42f4bf82023ff132e2bfeb333aaf81b5c43c04d4,recurso,Extensión/directorio,,
css/icon.min.css.map,904413,.map,af788e361ab0b607703a1367ed2b7d5e20646c8d4fa0e3adb195c466b5011e8b,recurso,Extensión/directorio,,
css/marketing.css,4411,.css,440b257efcf546ad3877712a69be112ab08dc6c0ffcb8aa29c91f199ae71171c,recurso,Extensión/directorio,,
css/responsive.css,415159,.css,cca2ae5f2d6f98d527d22303dd5765c145dff414df3760d68db3b48174d0e3b4,recurso,Extensión/directorio,,
css/responsive.min.css,300791,.css,6e3296012404ef5f335b6d0abe177c9c5c06618c7f068a6eaca3fa023d81400b,recurso,Extensión/directorio,,
css/responsive.min.css.map,682410,.map,06970a9115ad6129ca306b4052941e9ff6d1fbfe76d4d972b0014ebc0e966403,recurso,Extensión/directorio,,
css/style.css,451361,.css,4f401897b1841de5214820f655d9b48948b79cfc45c27c7c202f8dde6ab21409,recurso,Extensión/directorio,,
css/style.min.css,366558,.css,5ca59543cf709a803401af8610ff1b2f41b22ebc5f9847a59f6d04fc148ca636,recurso,Extensión/directorio,,
css/style.min.css.map,1028013,.map,abd9119da77bb889f33f2149b11fbe6eb71f9ce8ef3d8dd83cf720c0a3678f22,recurso,Extensión/directorio,,
css/vendors.css,372895,.css,1b649cfd62f1bf095887b7492e3376df07007607ec8e20d17a9e3560ec3c51df,recurso,Extensión/directorio,,
css/vendors.min.css,302968,.css,311b7d8d26702239f15af05598f43e3fdeca39528ee31d5ac4f9cfbcbf059e5b,recurso,Extensión/directorio,,
css/vendors.min.css.map,846280,.map,a9166a163645ada2ed691bfa5debd0237053c57dcb61de2950f82a73dee305d6,recurso,Extensión/directorio,,
detector-de-masas-max-eagle.php,2972,.php,46b3dcca7b53ebef43358ba579256da373df903c084866357aa4d1ae91aec598,producto (probable por estructura),Incluye cabecera pública,1,detalle-estatico
ditec-neos-y-neos.php,5113,.php,283f8c5ef9e3f376cbc6f8b7f94a3c67b27f2bd5bfe36506fd6e0fa953304d1d,producto (probable por estructura),Incluye cabecera pública,3,detalle-estatico
dockman.php,18082,.php,7a8e14f823c23768894a34109a3e84baf1ac88e28cbae6c3a966bab4b0da24d3,marca,Incluye cabecera pública,6,listado-marca
dod-automatizacion-compacto-y-potente-para-portones-seccionales-correderos-y-enrollables.php,3459,.php,db603d89593f425b9eb669eac8f2f73436e43ef7c9cb16e86d2f23bf138cdd16,producto (probable por estructura),Incluye cabecera pública,1,detalle-estatico
doorlock.php,17730,.php,35491eb55ac03b7600ca5cdf731d38391507c4928edefa5864d7e6899abb9134,marca,Incluye cabecera pública,4,listado-marca
dura-glide-20003000-puerta.php,7394,.php,394a02b7fe2637d0565b3734c6c28be2a768809ca61be37b803715b4ddc9271c,producto (probable por estructura),Incluye cabecera pública,1,detalle-estatico
energy-series-with-intellicore-37171-3-4.php,5759,.php,29d40be01eaa231b7c740744eb167a63cc7192ca61e062706b4c9e6921647d9d,producto (probable),Incluye cabecera pública,3,detalle-estatico
energy-series-with-intellicore-3720-3724-3722.php,5437,.php,afa3b7baebe3f55c6e11cbf89d8c7f57a1b446224a72a183ee6af31314e8c4e1,producto (probable),Incluye cabecera pública,3,detalle-estatico
enviaContacto.php,3757,.php,970db356afce49ff38885457e08ffa6b15c36647546f49763181df10647141db,formulario / procesamiento,POST cmd=send,1,
equipos-y-accesorios-para-anden-de-carga.php,10436,.php,7e9803e4edec4628d0ce59dedd3adca753bcc6c476e66ade02ea0473bc41c053,categoría / landing SEO (probable),Incluye cabecera pública,5,listado-estatico
estacionamientos.php,12176,.php,5d13ac74902b7fadd5ed21a06716f96c53566d2b60a73e954449ca06eb7f5dd9,categoría / landing SEO (probable),Incluye cabecera pública,3,listado-estatico
fast-seal-high-performance-door.php,5835,.php,f1ba64908d4aa8f1b8648657ec18f6c4d8d7a614ad6cebf4dd49a47e77955b34,producto (probable),Incluye cabecera pública,3,detalle-estatico
fichas/13.0.Folleto-Operador-AccessPRO-FS1000-SPEED-hoja-tecnica (1).pdf,137236,.pdf,4cc48eb0ed373eb38e12e0d90e5c5231e218c287df2b8ee51e8e8a1cda96ecf0,recurso,Extensión/directorio,,
fichas/13.0.Folleto-Operador-AccessPRO-FS1000-SPEED-hoja-tecnica.pdf,137236,.pdf,4cc48eb0ed373eb38e12e0d90e5c5231e218c287df2b8ee51e8e8a1cda96ecf0,recurso,Extensión/directorio,,
fichas/Abrigo-de-anden-BG400.pdf,849328,.pdf,d55b3142b8b118ea54f1fbcdb3c86ca4ba23030b69c504a1021cbd0b52967d69,recurso,Extensión/directorio,,
fichas/accesorios-doorlock.pdf,496248,.pdf,ae50b2e96f83184c1f742e2b5953ba76218ddcd686ee3ed4b686fe802a1e4cde,recurso,Extensión/directorio,,
fichas/Alumina-Technical-Specifications-15.pdf,807402,.pdf,c07fe0e4b2b216fa430aa4dae40407d2298bbd201f6e5b5bc14f80e79422e370,recurso,Extensión/directorio,,
fichas/BGDSHS_Brochure_Sept2014_WEB.pdf,1313425,.pdf,b257729a88482e08664cc01376267bfbb18b900b4c20bed80615404bd5d3feb3,recurso,Extensión/directorio,,
fichas/cdx-commercial-operator-sellsheet.pdf,263565,.pdf,ab12459a93c9f40a62edea1a44db215f841e677016b8ff42cfe25589882cff1d,recurso,Extensión/directorio,,
fichas/Clopay-3720-07.pdf,1359159,.pdf,4b1e655cb7fe72789212f01e6578fba7773cfd0f2c7d4f03d968e666d3a82638,recurso,Extensión/directorio,,
fichas/CMDC-0524SP-14-1.pdf,348098,.pdf,4c0e907d3846a72f5bea4da1e2f2d67d2afdaab66211045725eee9b430bdbf4e,recurso,Extensión/directorio,,
fichas/CMDC-3717-3718-11.pdf,477992,.pdf,56136ae68c00fd76ee16c50cbaefabd8eb5ea8e581142f59287b5b05ab9c2ec1,recurso,Extensión/directorio,,
fichas/commercial-aluminum-door-systems-brochure.pdf,3638730,.pdf,8dc41cef299a6fff42f35586d57cadf6d24bacbe36c327467c91a69dc4c6a8b3,recurso,Extensión/directorio,,
fichas/CONTRA_EXPLOSION.pdf,710984,.pdf,9a08f21454a782eb1163d4fa3299460127e0fd4f65c856a250a493566171007c,recurso,Extensión/directorio,,
fichas/CORTINA-EUROPEA.pdf,1885094,.pdf,2376a9cde2c6e77709732af06375d56908e48f053c68bdcc762abab755b730c1,recurso,Extensión/directorio,,
fichas/CORTINA-PLANA.pdf,296246,.pdf,770b078388423c4fdbdc7ed9faaa4be00b714b97df53cd154913ddb22286c51c,recurso,Extensión/directorio,,
fichas/Cortina-serie-610-620.pdf,1613543,.pdf,da92b4c85c86a66b1cae255adcb4c0b61f75d37d36ef5272696bc922cd6ca838,recurso,Extensión/directorio,,
fichas/Fast-Seal_LIT020520_ES-2.pdf,407911,.pdf,1c60f4dad940c2374e01206eb47e674ac1b696a580b516b470628bea19ae0217,recurso,Extensión/directorio,,
fichas/FICHATECNICASELLOSSOLMMER S.pdf,775266,.pdf,cd285d83185641f354dfe46f4a8584978feb184c0ecba72cda056074da7b6502,recurso,Extensión/directorio,,
fichas/fireking-fire-door-systems-brochure.pdf,1788150,.pdf,34ebbadb7104fa3c4cf032992b972b56450598be15c824b011b6ec460e08af24,recurso,Extensión/directorio,,
fichas/Folleto-de-Cortina-Enrollable-Wayne-Dalton-Firestar-700-2.pdf,1538574,.pdf,6137445032abfcb7cd004f83e22ae56fd63defdf243609473eadad74cbde454f,recurso,Extensión/directorio,,
fichas/Icaro-smart-AC-Aes.pdf,3357344,.pdf,59e03db70ddceee5c79478129ceeedde4a469893d60f00afe83c8c836040f6f4,recurso,Extensión/directorio,,
fichas/INFRACA-RAPIDA-ENROLLABLE.pdf,528505,.pdf,6450a489937fed37d19b6707d922e7225072d55cc62d9ab51eecaf322ef1bf7e,recurso,Extensión/directorio,,
fichas/INFRACA-RÁPIDA-APILABLE.pdf,556072,.pdf,3cbecd21575cd3a16b2fe19c06211f899ac091ffe65912adc39cf06da2659d0b,recurso,Extensión/directorio,,
fichas/Kelley-Hydraulic-Dock-Leveler-Brochure_web.pdf,630306,.pdf,d1af1d5b7a74f8bdda6761f7b3b30ccecec3bfd93fc5d966b2bb6bd202d0de27,recurso,Extensión/directorio,,
fichas/Kelley-Vehicle-Restraint-Brochure_web.pdf,568969,.pdf,794bf802edd6b007822762dbe971367773fd1ac65b97c7f365be0daccfa75f7b,recurso,Extensión/directorio,,
fichas/Lift-Master-H-Sell-Sheet-Spanish.pdf,504002,.pdf,a6dd74af993459d78b02cd208ce4b26d34dfab97a87c903ad757e39e6456de44,recurso,Extensión/directorio,,
fichas/lisos.pdf,1283684,.pdf,9f243ab6101cecf78a08deb6c11900c1a017d409e6baa53c958cd13dc2f532e0,recurso,Extensión/directorio,,
fichas/M-28R.pdf,580547,.pdf,67f6755ea6dda16e29b80c476817018bf97a6f51857cdd5cdbc63dcbadafbb12,recurso,Extensión/directorio,,
fichas/Minidock.pdf,1885132,.pdf,6bfaa082e153a9e1aa247302d321859177f5adff9d472ba8b662c766625fedec,recurso,Extensión/directorio,,
fichas/moovi50rm.pdf,156534,.pdf,b40a5af2a94250cc800336c668821dd1f54f3f28f1c6ef3ed8f4a35beb3ed1cd,recurso,Extensión/directorio,,
fichas/operador-cortina.pdf,515868,.pdf,b88c0421334b4f965417ad715785a32900fb021b8cf40dda8fa72b9691b582c9,recurso,Extensión/directorio,,
fichas/Operador-RHX-Folleto-comercial-para-cortina.pdf,1415599,.pdf,d630b67ab752292f6c750a6a907361c8f690af7133fc800e168a466af54f649f,recurso,Extensión/directorio,,
fichas/pistones-electromecanicos-phobos.pdf,157551,.pdf,77e234519d4f3a3c241f93e06a3d4b3b6a3d2cb9501c85d225ee11e59a12a355,recurso,Extensión/directorio,,
fichas/pistones-hidraulicos-lux.pdf,115986,.pdf,e947afb09fafdbf6cd5e566803fba0501ef0c4833bbd39fb31921c074783c5c0,recurso,Extensión/directorio,,
fichas/pistones-hidraulicos-p457.pdf,111336,.pdf,23c78a5126bd5807af19f25a172f1fcebe9a4423ca46adce181ca18a6956da8c,recurso,Extensión/directorio,,
fichas/Predadoor_NXT_LIT020720_ES.pdf,270010,.pdf,0eb232313702b26e571a57d872fbef0a85b66ec7c71a0ad66e7237c492ab0077,recurso,Extensión/directorio,,
fichas/puerta-420.pdf,235478,.pdf,932c44b3440fe52b0a4a097d1dda45adf7bc37d67b5a84753bb6c3526ceb33ff,recurso,Extensión/directorio,,
fichas/puerta-424.pdf,815558,.pdf,0a7193edcd8929ac114043fcbffb8e53109ce4363f062cb269f2062ce9e1b4f8,recurso,Extensión/directorio,,
fichas/puerta-430.pdf,815558,.pdf,0a7193edcd8929ac114043fcbffb8e53109ce4363f062cb269f2062ce9e1b4f8,recurso,Extensión/directorio,,
fichas/puerta-521.pdf,4255039,.pdf,e8ac9a72e867f60aa21665abd004640f2fac4e477b025eae8b7b9a8ae7222e01,recurso,Extensión/directorio,,
fichas/Puerta-Blindada1.pdf,228914,.pdf,4ec794042a285b8b5f064d051eab443324c24f061d3f9f77073811c07b280b7e,recurso,Extensión/directorio,,
fichas/Puerta-Estandar-Reforzada-Door-Lock.pdf,666312,.pdf,139a64480264a51363a69a0226db6c50011778bdada4f76338eea90c9b9e5048,recurso,Extensión/directorio,,
fichas/Puerta-Holandesa-Door-Lock.pdf,739549,.pdf,71fe19113ba1fd801e7a0717da7ffc7ed1de028a2d5ed7fe00d5e69eea6b2492,recurso,Extensión/directorio,,
fichas/Puerta-incendio-Door-Loock.pdf,818180,.pdf,62ef03aa1d4a38bc2664c0867236fd167ec3e8a9f1e65920f07eab39a773de60,recurso,Extensión/directorio,,
fichas/Puerta-Rayos-X-fabricación.pdf,177735,.pdf,7d4bac28a6ec0ae0be6a31e31a41560a81cfb5e4bf1f3d3d6eaacbd499b45db7,recurso,Extensión/directorio,,
fichas/puerta-seccional-418.pdf,953747,.pdf,a922b6ce9f9ca80b565a3b24be27a086f555aa305db9b9135443c079d93255df,recurso,Extensión/directorio,,
fichas/puerta-seccional-422.pdf,953747,.pdf,a922b6ce9f9ca80b565a3b24be27a086f555aa305db9b9135443c079d93255df,recurso,Extensión/directorio,,
fichas/puerta-seccional-426.pdf,738042,.pdf,703eb6311aaedddf3dd24a8e6b75089463317352f174f672c8d5002e3dfd574f,recurso,Extensión/directorio,,
fichas/puerta-seccional-432.pdf,738042,.pdf,703eb6311aaedddf3dd24a8e6b75089463317352f174f672c8d5002e3dfd574f,recurso,Extensión/directorio,,
fichas/Puerta-Standar-Folleto.pdf,363683,.pdf,c9216939c05693f76f5accc0c909fee7c48db9cb8f2b5997dbedaed4032f3124,recurso,Extensión/directorio,,
fichas/Puerta-Standar-Reforzada-folleto.pdf,1894189,.pdf,65e1847b24421b276ac853a1e73fc6bfbf667b626bf320636e00ecd9de65be7b,recurso,Extensión/directorio,,
fichas/puerta-thermacore-593.pdf,1583405,.pdf,7e501c26a5bfc0c02da8899de34a0b6a2bef31bbb42c2124a5c3995ad803a3ee,recurso,Extensión/directorio,,
fichas/puerta-thermacore-594.pdf,1583405,.pdf,7e501c26a5bfc0c02da8899de34a0b6a2bef31bbb42c2124a5c3995ad803a3ee,recurso,Extensión/directorio,,
fichas/puerta-thermacore-595.pdf,1912736,.pdf,8e4b232791099c29a4616cae17d42ee1c8c9637af06f83e25a640505a91026b2,recurso,Extensión/directorio,,
fichas/Puerta_Estandar_Door-Lock.pdf,1010334,.pdf,57f1113daf08862483508cc79df9be3e9db4014826911f0610bd45b022687ee2,recurso,Extensión/directorio,,
fichas/Puertas-contra-incendio.pdf,178036,.pdf,2813d6d1e7365e61901aa76af1484a886da7421e38cd4bac9c26b07273ddf066,recurso,Extensión/directorio,,
fichas/PUERTAS-INDUSTRIALES-DOCKMAN-1.pdf,358196,.pdf,5f2a562afdd44515a936f5bb9b8145476008b8f70c842fe3994817c69f4ae506,recurso,Extensión/directorio,,
fichas/Puertas-Rayosx-folleto.pdf,673194,.pdf,45f171e118d776f2c4ec90b3daedbcd1650bcb43bc0bdaa0a60dd501ba4bd480,recurso,Extensión/directorio,,
fichas/Rampas-Hidraulicas.pdf,1887914,.pdf,91fe8561f7f00ae6093b2e879b11e38c939370e913f1f3becc74147ba7c99ef6,recurso,Extensión/directorio,,
fichas/Rampas-mecánicas.pdf,1887916,.pdf,d53f50333967c90547d843d81c0613d9020f7a4e049264f42315d69a30f3ed43,recurso,Extensión/directorio,,
fichas/Retenedor-de-vehiculos-automatico.pdf,243534,.pdf,200b08bb2c6034b216b13bdd233b318d6baf34c777431af148be8ea6a2cb8227,recurso,Extensión/directorio,,
fichas/rhx-commercial-operator-brochure.pdf,1205977,.pdf,525617851dbf6430bb53100d0fdef5a95b0a048b0bc20f3778005bb48cd788ca,recurso,Extensión/directorio,,
fichas/rmx-commercial-operator-brochure.pdf,1398572,.pdf,71b771412a25490cbcd3e63693ab0fb37c51b1d7b62bc29df3c3f97af5bdce8f,recurso,Extensión/directorio,,
fichas/rolling-service-doors-600-brochure.pdf,2834335,.pdf,4a57450a7d670dccad11fccb5751e91989e100a82357969bc2266ad4cf5bc2cf,recurso,Extensión/directorio,,
fichas/rolling-service-doors-625-brochure.pdf,972831,.pdf,acf807d4b213201e17a7394a08f10fa9bb4006885934ec12f34c447242dc3b69,recurso,Extensión/directorio,,
fichas/rolling-sheet-doors-790-780-770-brochure.pdf,1248526,.pdf,0a52c0c24f7a2c24d62f3a2e9f272ab42daa35225e2284325469c1ada3e08b84,recurso,Extensión/directorio,,
fichas/rolling-steel-doors-610-620-brochure.pdf,1613533,.pdf,9baa5d63b37b5e11e3877d383c1c6a1d79d45e9cac57495fad648de204da0883,recurso,Extensión/directorio,,
fichas/Rollizip-Technical-Specifications-15.pdf,1106299,.pdf,e83d9e0d361761c16f7d0d5182f575ebf94841cd03aa744826bc232326ac2ff5,recurso,Extensión/directorio,,
fichas/RSIDENCIAL-SERIE-PREMIUM.pdf,835994,.pdf,c2066b742b75d66a2d4de6ab38f837e0e15936d1ca4348db3f71df6c41257cfb,recurso,Extensión/directorio,,
fichas/sectional-steel-door-2415-brochure.pdf,187413,.pdf,acf566b36f7591adab20e6b8db02f9bc8a707a6d3e3b73af477692a8f76618ef,recurso,Extensión/directorio,,
fichas/sectional-steel-door-model-150-brochure.pdf,359827,.pdf,d2332b0c85d90fd4c8071f1ff7d20494112bbd0991063728cbe668d323c01f71,recurso,Extensión/directorio,,
fichas/sectional-thermacore-doors-592-599-brochure.pdf,2700048,.pdf,f12fa92e2d53e4ec3d472297c40b496655958d9220c44be89044f42f4d91c8ee,recurso,Extensión/directorio,,
fichas/security-grilles-670-671-brochure.pdf,1846443,.pdf,35ba5a171ddc615b665e1bc0e9b1eb238f8dc798a8d56ef804c29c8273171d64,recurso,Extensión/directorio,,
fichas/security-grilles-670-671-brochure1.pdf,1846443,.pdf,35ba5a171ddc615b665e1bc0e9b1eb238f8dc798a8d56ef804c29c8273171d64,recurso,Extensión/directorio,,
fichas/security-grilles-681-685-brochure.pdf,1497255,.pdf,2026c18226568907288a0541cc50b2beed90a8525ca750ebd6e188cc57e4fdf4,recurso,Extensión/directorio,,
fichas/Sellos-de-anden-BrochureW.pdf,1443866,.pdf,1480b2c7cdc1b47afa9eeedae5372c89372a80d417009721d194861bf9997a1a,recurso,Extensión/directorio,,
fichas/SELLOSSOLMMER.pdf,541933,.pdf,397f9ab39a6e99338c6b07d6710607a8c70167d8cf0e059e01e4cc362c1eb3e2,recurso,Extensión/directorio,,
fichas/SERIE-X130.pdf,151934,.pdf,619732a38ffca6749b7f8b5783ea2d2498f6606001008eb15f50dc556921f27f,recurso,Extensión/directorio,,
fichas/SPA_U-Series_Mechanical_Dock_Leveler.pdf,437657,.pdf,778571077c66eb5d199d774bb8f10f031c27ff1e0f813e3721e3622cb47f4ecf,recurso,Extensión/directorio,,
fichas/StrongArm_HVR303_Brochure_Spanish.pdf,1372667,.pdf,63b50f31f52cad064dfabe524ec2fee7c18a088ac99d5792ca34fb7fe7c09353,recurso,Extensión/directorio,,
fichas/Ventana-blindad-y-pasa-documentos.pdf,178063,.pdf,d704128b2757b018b6a0ce25176d05e7ec336769eccb4b47d1164a9335ab3b9c,recurso,Extensión/directorio,,
fire-rated-doors-firestar-models-700-700c.php,6906,.php,925c332eb05115648f8370bb722ea4c69862a7d24b43994fe7d6b3b67aa5d638,producto (probable),Incluye cabecera pública,4,detalle-estatico
fonts/bootstrap-icons.woff,176032,.woff,bb1de989b83970f6f4e54de1cd974c5cba55b73582da5e1b225a6d0edf029483,recurso,Extensión/directorio,,
fonts/bootstrap-icons.woff2,130396,.woff2,476adf42b40325098fcfa8b36ab3e769186bb4f6ce6a249753e2e1a9c22bf99e,recurso,Extensión/directorio,,
fonts/fa-brands-400.ttf,207972,.ttf,5656d596bc597165a42182f67b2b9f17d2ae47a9e3ef1b042b9a729739730705,recurso,Extensión/directorio,,
fonts/fa-brands-400.woff2,117372,.woff2,3a8924cd5203a28628716aedb5cef0943da4c3b44e3ffcee90ab06387b41c490,recurso,Extensión/directorio,,
fonts/fa-regular-400.ttf,68004,.ttf,5d02dc9b858e3c85a794f87e379857f4fedc4e26cf15001714a9a0e0b1d2294d,recurso,Extensión/directorio,,
fonts/fa-regular-400.woff2,25452,.woff2,2bccecf0bc7e96cd5ce4003abeb3ae9ee4a3d19158c4e6edfd2df32d2f0d5721,recurso,Extensión/directorio,,
fonts/fa-solid-900.ttf,419720,.ttf,fbbf06d7437aa30f3cd44c968380193545a8fc3eadfb7ad897bbb101eefec5a2,recurso,Extensión/directorio,,
fonts/fa-solid-900.woff2,156496,.woff2,9fc85f3a4544ab0d570c7f8f9bbb88db8d92c359b2707580ea8b07c75673eae2,recurso,Extensión/directorio,,
fonts/fa-v4compatibility.ttf,10832,.ttf,09663a36fc05e7190af8324b855105c5bb511ad94f94b81b34afee503279eca2,recurso,Extensión/directorio,,
fonts/fa-v4compatibility.woff2,4792,.woff2,4d4a2d7fd1c6684845cb174fdd7fc073bd64cb741286fb247f8b76c2b7b852c4,recurso,Extensión/directorio,,
fonts/feather.eot,62084,.eot,93ae23284f34cdd155271e0b593aee42b58062bf0c72244abc7279ead3b43818,recurso,Extensión/directorio,,
fonts/feather.svg,213926,.svg,7146eab2fe35f28d1dbd3c3792f4aaeae9242a23465bda642e5f0a57f01bb15d,recurso,Extensión/directorio,,
fonts/feather.ttf,61920,.ttf,6920da0983cb1c5365e75edc4eddc224590967d6421ddf7958ed4f4d351377e9,recurso,Extensión/directorio,,
fonts/feather.woff,29500,.woff,ef3c47cb702e040372a3a4bce66d5e0ecc46c56325ec40f8c00b91da0d1d3f46,recurso,Extensión/directorio,,
fonts/icomoon.eot,1177572,.eot,3a835f8d7d4a1dda5ffdef26ddff48f7aa7a032071da0a8ce6225009409c3da1,recurso,Extensión/directorio,,
fonts/icomoon.svg,3689312,.svg,e654727e86a724edb6a1d15457d823da76fbdd5fe46a4619b37a1c52200158ce,recurso,Extensión/directorio,,
fonts/icomoon.ttf,1177408,.ttf,043ce6450843f8aa38fcbb2aeef2da40928c9f0853dd8342aafbda8be9be8748,recurso,Extensión/directorio,,
fonts/icomoon.woff,1177484,.woff,55167ff2dba40b2eb3734d4653b6a3b25a33094cfce64ffb09a23205f33777f7,recurso,Extensión/directorio,,
fonts/themify.eot,78748,.eot,dff415daec911b65dca5be02071a1825b75508ff158de5b8d85976957db931cb,recurso,Extensión/directorio,,
fonts/themify.svg,234269,.svg,f7af2e096c85c2ed6f68bb086f792c67f2a6041cbb814fc2796912b2eef4fe76,recurso,Extensión/directorio,,
fonts/themify.ttf,78584,.ttf,350663a4665e00072c68a87ad3fa0be47b8a91424127f5f3e09f664197295f01,recurso,Extensión/directorio,,
fonts/themify.woff,56108,.woff,0db5c5a1475eb7a3e5028983ea1e642d1b2c00faff6a250a37502b0f3832a4a7,recurso,Extensión/directorio,,
footer.php,5750,.php,d6aeec80741fcfff283015280efaf9f45a46b4d35eb1c7ce72f846bb1c6216b6,include / fragmento,Referencias include o fragmento HTML; accesibilidad HTTP no verificada,208,
footerv1.php,5439,.php,fac319c780dcec5555f84a3344c8a050990492608370dd71f37101ec4cc72dda,include / fragmento,Referencias include o fragmento HTML; accesibilidad HTTP no verificada,4,
fotoceldas.php,2871,.php,b315ad6a4aaae718d3752784ba3f082388a492cb194775d5559e8574751ab45b,producto (probable por estructura),Incluye cabecera pública,1,detalle-estatico
fraccionamientos-y-condominios.php,12206,.php,84853cdeb9f342bb2520f8a93b5aff477d9bc19342635c3a65fcaa4de625117b,categoría / landing SEO (probable),Incluye cabecera pública,3,listado-estatico
glg-porte-industriali.php,7276,.php,c3ed4feeeaade2f11ff57ac1dc399230813e78698374154c5ce297929f8ff54f,marca,Incluye cabecera pública,4,listado-marca
gol-transmisores-de-cuatro-canales.php,4125,.php,f01510b0ae1f1ffe193329af933b3902381a20e2bcc44cb10ae491b4b6abed32,producto (probable por estructura),Incluye cabecera pública,1,detalle-estatico
header.php,9810,.php,515da635604843860dc18773436ae4ab4a776acff16108db14bce1f1bfebeb28,include / fragmento,Referencias include o fragmento HTML; accesibilidad HTTP no verificada,206,
headerv1.php,5841,.php,2ce3b9ebfc3df2bf042fd494ce5ecb69eaac8e8f3e053825a047133e5e146094,include / fragmento,Referencias include o fragmento HTML; accesibilidad HTTP no verificada,7,
icaro-smart.php,4076,.php,b87dcf9ac5b78f1e26b4f3bc01f4ffc4fb5e309625174df9c905de9995e47d5b,producto (probable),Incluye cabecera pública,5,detalle-estatico
iconos-marcas.php,6628,.php,417a7e6ff3136e282be003f9947db3dae818bcacb9301905171c5f87d993b5dd,include / fragmento,Referencias include o fragmento HTML; accesibilidad HTTP no verificada,1,
iconos-marcasv1.php,1303,.php,a2d5e77a432245c13314ce262d9fbe703d7e4c89d422aa1539358908484ffa6e,include / fragmento,Referencias include o fragmento HTML; accesibilidad HTTP no verificada,1,
images/2012-10-11_1235.png,120433,.png,a5a6d2f9d55c82d4a61d10a953dfc02092056a23382445cc496a35e16e66dc7b,recurso,Extensión/directorio,,
images/2018-04-04_1153-300x234.png,90877,.png,d860236dd47a46a15210d48f31466e3699c6174a847bf4f7ad5ecc31e0465c67,recurso,Extensión/directorio,,
images/2025-08-21_11h53_44.png,87996,.png,fcd03aff188d1a40037a253dd2d789b307e360bf2fb4ee4d9e117aa542f6768a,recurso,Extensión/directorio,,
images/2025-08-21_12h27_43.png,43812,.png,b31ede32746310ceb5d61ada8c93675e634d7c825dfaee487696ca30f7a2eaab,recurso,Extensión/directorio,,
images/2025-08-21_16h18_34.png,149496,.png,19eb1475345f72bbe550d333d4b08180eee20ba7b8c8f51236b914c8ccf50b32,recurso,Extensión/directorio,,
images/317.jpg,46064,.jpg,cfb9597a8e137f3a2eccaa7154d22f3a1367194af228e25eca5b6479035d6474,recurso,Extensión/directorio,,
images/a416.png,126408,.png,a69df4a03b43de98301f2bf5aefce4ba730cad4634f4bf6a47fa1194a2c48181,recurso,Extensión/directorio,,
images/abatible.jpg,94680,.jpg,60b0a46105807c3365dff1871dcc38385a07ceb36f13890c796ac0781f6ae4b7,recurso,Extensión/directorio,,
images/abrigo.jpg,47591,.jpg,f7ca24065bf2df72af51ec53f4685ab48293506c9e66defce72fb573e2d3700a,recurso,Extensión/directorio,,
images/acanalada.jpg,147608,.jpg,9fad3d6401035bcc08e7216c4f8ed554194399e1a7f78c8b73474d6de898ccf6,recurso,Extensión/directorio,,
images/acanalado.jpg,111044,.jpg,2a3c939c1e128390a1d877946f9c381b92ad14b14460a491e13084c5adcff95b,recurso,Extensión/directorio,,
images/acanalado2.jpg,99737,.jpg,66121670ab22f725503048c152bfdc1de978b800edc3b85ee2f4d57860c14107,recurso,Extensión/directorio,,
images/accesorio-1.jpeg,28417,.jpeg,d7a9a4e4c81710351696a1263e5f9d2435f866c40adf85e8d523da6a2766383c,recurso,Extensión/directorio,,
images/accesorio-10.jpeg,94329,.jpeg,c6cf058d1dc9130053fcdfb121b95fb2e66aa19a43512c9076316fbcb88fd7b2,recurso,Extensión/directorio,,
images/accesorio-11.jpeg,10054,.jpeg,5260e5654b03e7c104c23518b2245fe4ee29a3f1fabc2c4dff1e2862e12e9276,recurso,Extensión/directorio,,
images/accesorio-12.jpeg,59735,.jpeg,bf21cd97bbba4ace3686e1c75a67af653e6e9d77dad0689f617bc48ff3c143d0,recurso,Extensión/directorio,,
images/accesorio-13.jpeg,104066,.jpeg,c1c22fcfb08d69d7043dc8da98b5bb23062b2aa3cad71f05dfc78703cec60f90,recurso,Extensión/directorio,,
images/accesorio-14.jpeg,46775,.jpeg,b0ebdf34f0a8ac05913ba4ecf9c7ecb816f840b2b90c49e7668598da06a87c22,recurso,Extensión/directorio,,
images/accesorio-2.jpeg,50585,.jpeg,d578d1e4084d1128b93c6a11dad77bd63da089d9bbad1482a067aa6406011bd5,recurso,Extensión/directorio,,
images/accesorio-3.jpeg,52800,.jpeg,5ca57d5e607db62908b505c32a38220ae6ead3fcab0862cd5ddab80354f359c2,recurso,Extensión/directorio,,
images/accesorio-4.jpeg,23022,.jpeg,08ea4eda132b1fd25e66d0dd5ef858514a065130fdb699b67f4607cee00dce32,recurso,Extensión/directorio,,
images/accesorio-5.jpeg,30188,.jpeg,fe246f71df724a5340137a2c5a8e8a5c9b4bc09f7885fa28b024f7a042aab14d,recurso,Extensión/directorio,,
images/accesorio-6.jpeg,32067,.jpeg,1500d180faa2ab5144bc0a60d10a9e8053645ed7495a0db6ac0ce588615a09e3,recurso,Extensión/directorio,,
images/accesorio-7.jpeg,49438,.jpeg,7be8d3474d588afe46857bb596b5f4b7af6d55e30e4e1178c51a2d0f5a861e0a,recurso,Extensión/directorio,,
images/accesorio-8.jpeg,23341,.jpeg,194801620df19c3fd19ddf46456e9e7d33c008ce13d93d41455c0beaf42518ef,recurso,Extensión/directorio,,
images/accesorio-9.jpeg,41364,.jpeg,305cba99e81ef6e3347caac1727476a47c5b1da176960f059a4cfc1313ace521,recurso,Extensión/directorio,,
images/accesorios.jpg,40403,.jpg,a9b8ba6ca5b89f594fd0314a9cc74e7a345e85bff7a3fc848b2464aef8057e8a,recurso,Extensión/directorio,,
images/accesorios.png,260995,.png,026c47f3f0381ab83f7513b5126315782bcbdd65851d89cfaaef18fe39b6e650,recurso,Extensión/directorio,,
images/Access-Pro.jpg,4394,.jpg,31b83c9d2d7a58e79b0a86b54bf678e87a400685b131428117c56b012a394322,recurso,Extensión/directorio,,
images/access.jpg,426507,.jpg,bdb4b511632f7d20d9a67e6e5125c7d68244049d50f7befd80b78164285a16d8,recurso,Extensión/directorio,,
images/accesspro.jpg,58365,.jpg,b521a9678426851f5d6e1b90d1f9584dfb182dfea0a6463d90c761a173368090,recurso,Extensión/directorio,,
images/aisladas.jpg,131760,.jpg,f1226ef710c6e8cea0f109c38ce812ecc93cfdb6ace4accf29d95bfe05c3c983,recurso,Extensión/directorio,,
images/alumina-1.jpg,22196,.jpg,487d546e69444e341ab3d8fcc7563d61a7fb8eadf2ba5afe0f52cf3a5db5d131,recurso,Extensión/directorio,,
images/alumina.jpg,43029,.jpg,296bd66050c79075a8b772aaa1c8ea64c184d69b35884fd3b5e71b74d0eb484f,recurso,Extensión/directorio,,
images/apilable.jpg,83331,.jpg,46827d6995078dd9790f66e48d985712e3ea5466258f71205b584edae47e2a21,recurso,Extensión/directorio,,
images/apilable2.jpg,78764,.jpg,3aa39aacce32b706f9a483c217c1775d242cb07490989a953a9886afb9eda87e,recurso,Extensión/directorio,,
images/apple-touch-icon-114x114.png,7162,.png,214a8a9448200549b6b615ec9d86f55fbce535ab1334555a20c820f25bbe22d3,recurso,Extensión/directorio,,
images/apple-touch-icon-57x57.png,3680,.png,9a632b7eeaff829c60c2dc6192f06ea3229ab35f8cf8b290cfcd75549b3b417e,recurso,Extensión/directorio,,
images/apple-touch-icon-72x72.png,4514,.png,9fbdf0b3608bd8aa7f114fc39db9869fad538e51e325e1ffd4195780fefdaf75,recurso,Extensión/directorio,,
images/arc.jpg,145450,.jpg,078a175cc6f1f38da2f93d0ae696ee857c44f780090de6441d6e96d7c43451d7,recurso,Extensión/directorio,,
images/ascendentes.jpg,55790,.jpg,5f19dc5ca4daedc00d8621036cde85703a92fbbc1b5572ac9ded91a134281f08,recurso,Extensión/directorio,,
images/banner1.jpg,338220,.jpg,4bc014975343535716668557e35bb56c8da81ffd1902d59cb4eea9408826e162,recurso,Extensión/directorio,,
images/banner2.jpg,250144,.jpg,f93298d1854aead799c3a1e1f976a252db6c04609fcc2ede59a9f37ae349e3b3,recurso,Extensión/directorio,,
images/banner3.jpeg,203927,.jpeg,d167c40c0a90d773d8f1cfa30b95853e36b169f3b91399be1299f13d42f2a482,recurso,Extensión/directorio,,
images/banner3.jpg,288243,.jpg,44e60f676d169a31f503ee8795f46eb7631c34a4c12e379150cc09246ad4d17c,recurso,Extensión/directorio,,
images/banner4.jpg,319252,.jpg,1d5ee34dde909d9ac42174d80359b75d3e2ef1ed10fe7b54d2745c10881d9bd6,recurso,Extensión/directorio,,
images/bft.png,42625,.png,46ccac170004f8ccf2b33c66eda0fbed7c8ee587f105403dc8a0ed676b10d4c2,recurso,Extensión/directorio,,
images/bix.jpg,74418,.jpg,1d8903f7dbb9e82330a7ea586d97a75a93c5fd2add8dc077ebb0f59568ed2a1e,recurso,Extensión/directorio,,
images/blindada.png,194790,.png,53c1fc06a6cc6a6d6b7e44450eb27562a7cfda986d1608d7157612387c26c5a8,recurso,Extensión/directorio,,
images/blindada3.png,132456,.png,78a721deb0dfc8963dbefc88ef20119c09742c8051fb2ee78e7aff7c11b9cb5c,recurso,Extensión/directorio,,
images/blindadas.jpg,39135,.jpg,0199d85a0628fcfe8be52eb76468a541ed5af57bb1711e1119b61b32d3426e0d,recurso,Extensión/directorio,,
images/blue-giant.jpg,18511,.jpg,06c3e221b38818b7c062198667a6b853d08622899f018d7f0a718e23d7a30d25,recurso,Extensión/directorio,,
images/blue.png,38014,.png,f6bd405f9972e7ac65099158e447b92f8a59907abcde6b12952f58ad6497d50b,recurso,Extensión/directorio,,
images/clopay.png,36744,.png,ed413c1909a7344c4da7ad96762f12c624b6933debe62950e1deac166a5455cf,recurso,Extensión/directorio,,
images/com.jpg,34491,.jpg,f761f3b590d34c334b99a191f8a20aa737f5daef3601a218af58ad40d6c4e0a9,recurso,Extensión/directorio,,
images/comercial.jpg,77326,.jpg,9d8bb264b4b6dba4870fbfaea37201594d459635f4552dec8f7feccf575f46ca,recurso,Extensión/directorio,,
images/construccion.png,87893,.png,f45b6dec4ecc808faa9c63049ed8510c53e7bc7158a0a504cd02c86604008572,recurso,Extensión/directorio,,
images/contact-03.jpg,3781,.jpg,05269a4403ac1ae68888f096f6501fef6072d9bc8b8c6348e6fb8a70f754d836,recurso,Extensión/directorio,,
images/contact-04.jpg,5070,.jpg,fcfdc63baba3ce3c2afc7ef1b85b504ca4333ade6a680af3acf8f56f6b6e62ed,recurso,Extensión/directorio,,
images/contact.jpg,4521,.jpg,bd569132c7c7f7887e32dd58e26a047dead91941a4e85772a36e0414e9486bf8,recurso,Extensión/directorio,,
images/coritna_plana.png,193926,.png,b60c34b05b30937d0e24c1e90ee22e09e46b590b56f48ffd4cd7c7bb89989014,recurso,Extensión/directorio,,
images/cortina-620.jpg,122172,.jpg,772f456f3e6a7f8a7e6e6a57b13a180368b034464af956fb671fbb038928de13,recurso,Extensión/directorio,,
images/cortina-670.jpg,227089,.jpg,42aea6f642e345465fe276fb67ffa4fb3c721e5e0e133fbe279b6b9f0ca5b64b,recurso,Extensión/directorio,,
images/cortina-670t.png,61199,.png,dd9e6b2e268ac9c41e218e30a6e64253ad19695d294c6e536290383196c62603,recurso,Extensión/directorio,,
images/cortina-671.jpg,187072,.jpg,12af3a14a4078ab10daf9cca236e715ba768271eeb8b7fa77450f8910744fb3b,recurso,Extensión/directorio,,
images/cortina-671t.png,51350,.png,eb13b9954e8c2966940d3c50d37eb556acf5b835d8d8f24dbd961cd64a44be1a,recurso,Extensión/directorio,,
images/cortina-685.jpg,250505,.jpg,4879be3ae5409e6cefd67c6064ad754570c808c282a5badc722f0c00e2f6b71d,recurso,Extensión/directorio,,
images/cortina-aluminio.jpg,103422,.jpg,df5c7138ad94a2b00ea9e1a610c725c2598c6f6839feb9fe09a0196bcf73b758,recurso,Extensión/directorio,,
images/cortina-serie-620.jpg,102893,.jpg,ab2145deb2fb00f894d0b35fd7f8480e54e8b0dd00ffcff91604201ad1194b6f,recurso,Extensión/directorio,,
images/cortina-serie-630.jpg,136728,.jpg,af2092fe9e0a08c93cce2fe615cc5ac5f7e1abe48cb8fc4501d6047f18788080,recurso,Extensión/directorio,,
images/cortina.jpg,101300,.jpg,6425586a90c49adf93ea64128d234cfc567062d6cbbd3ca325692474f902d188,recurso,Extensión/directorio,,
images/cortina2.jpg,83893,.jpg,f631b9254d9636fea5c91580a0b9921e0dba8a60a2433d8e8a6a68dcf4ee04c2,recurso,Extensión/directorio,,
images/cortina625.jpg,153449,.jpg,601bba698faf4f0a90d6c6aa31d9c8615bcee96e815a9e7acc1cf250500ff012,recurso,Extensión/directorio,,
images/cortina_europea.png,188810,.png,800c298a6f41f60f0ec028f70f8bc064d4bb2b000c1ff427a9be353954c4a27a,recurso,Extensión/directorio,,
images/cortinas.jpg,66882,.jpg,162de020937a83bb7e457ef83fdcc089ed6317aa0e977040b139b04464bb92f0,recurso,Extensión/directorio,,
images/cross-3e.jpg,31806,.jpg,374d88ad00847754778bed9e71c5cea7c88bf00ee311599d049227163f803971,recurso,Extensión/directorio,,
images/cross18.jpg,37500,.jpg,bf8a8580a56512392fda0454709c88f1c5f7dd2b1e83eb39b429da04a6d58349,recurso,Extensión/directorio,,
images/Cuadros_cortos_y_largos.png,42443,.png,42424441c5d5c6c196ac09f4785955384400fb6416f6884993d10c3ae901c004,recurso,Extensión/directorio,,
images/cubic.jpg,154961,.jpg,70664cb6d0722ca172624511423529a76ecc5927e06c2d082529fe4ecf0313d5,recurso,Extensión/directorio,,
images/dab.jpg,21643,.jpg,439bbf293f301b34a8af781ddeff8a22cefc2f43c3fa900020c3b7035f3bffbe,recurso,Extensión/directorio,,
images/demo-marketing-footer-dot.svg,342,.svg,d57f8b5a7b9abe6a54664527368f30ccf1acd10660bfe78a0d33e647e0c5b336,recurso,Extensión/directorio,,
images/demoprod.jpg,60240,.jpg,93a6b431cf03b2a1664882fc2bce0bdd4093348906f900d04adb4945af938f21,recurso,Extensión/directorio,,
images/demoresidencial.jpg,101474,.jpg,5f5712484f7538876fdebcd0d5b2777c946437dc1c4eef8a08dc5a8ed4f91455,recurso,Extensión/directorio,,
images/descarga-1.jpg,4552,.jpg,05ef34f940430ae48a1850bc274bf10f9615b2858576c5fd1684d62504e29b18,recurso,Extensión/directorio,,
images/detalle_de_cuadros.png,14470,.png,4fb1772d51a8247fef0b0fa5da54deaed1291a113044a7b1e29032b117574816,recurso,Extensión/directorio,,
images/detalle_plana.png,91356,.png,c339242d4cbbcd12631d8837454914b576d716f4440c772408ce35f731ee8db4,recurso,Extensión/directorio,,
images/detector.jpg,65300,.jpg,a7deb85f26069cf2ef7e35199219622636e3dc93d27cb307d386cf13c2ab6b3b,recurso,Extensión/directorio,,
images/Ditec-reset-imagen.jpg,5275,.jpg,22058f35f21c2062018613eb65d6d0879c3827119097c6e88085ed574f6ce135,recurso,Extensión/directorio,,
images/ditec.png,26154,.png,e61980a2cd1ca71def26eee1d84b50b81a563a923ba004f96c8426b263c73194,recurso,Extensión/directorio,,
images/ditecc.jpg,193988,.jpg,d30d0dbc873a01c113ae5860462e1c8bbcb6d9320f17933ebe41260675a5438d,recurso,Extensión/directorio,,
images/ditecneos.jpg,39248,.jpg,c4419c289d119e3a754fc4d3a3f8b256365bef492bfcb6c1c47813a293e8a6b1,recurso,Extensión/directorio,,
images/dock.png,69961,.png,49fa04ada41eb56b32dfaacdfb4b259690209325941e2178514b20be836a0e07,recurso,Extensión/directorio,,
images/dockman.png,45109,.png,4e042af377ab4037eaf79cc29b6598bd090c7b13c40d38e1e8d673a9180c652a,recurso,Extensión/directorio,,
images/dockmanint.png,74897,.png,7e3f1304543308b59c05c772c4e3718a1f5a7fcaf910ed1a536acc3b23021e10,recurso,Extensión/directorio,,
images/dod.jpg,40885,.jpg,3a38d759906641c5168fb5dd1511fb5d09e8079f56a5913762650b54ff3dd973,recurso,Extensión/directorio,,
images/doda.jpg,50783,.jpg,30be1d4b798acde8919b27437cdcd83f5754f078d9ad18cfd064c76122d6816b,recurso,Extensión/directorio,,
images/door-operator-rhx-1.jpg,43265,.jpg,f0d33107c5522dbb8a6aeb428a4303da767f676d96bad901598ecc32d4e6d808,recurso,Extensión/directorio,,
images/door.png,25576,.png,0e3989fcba0dbd0c885df1794f41421b64d3328892866ff43f6d28b426cfb17d,recurso,Extensión/directorio,,
images/dura.png,367678,.png,8dc3843dc6331ba65821f765c99ea09d63dca1188849483916917a4ed09e9abe,recurso,Extensión/directorio,,
images/e3720.jpg,135493,.jpg,b43c3d3d71c1e6d0ae6ddb17948ea0ae3f5d917c4cad4e31ab4e9bc14ed88a3c,recurso,Extensión/directorio,,
images/emergencia.jpg,45991,.jpg,f84ad906c01f586db411256b891d0d71b0aeab3c97d25d662a6a632863e8bb44,recurso,Extensión/directorio,,
images/energy-series-intellicore-824x610-1.jpg,97087,.jpg,4ff8f9c14a1788f07f3c90d21e431c90ea7ec5f8192ca26f1b2b9a96e8f650d4,recurso,Extensión/directorio,,
images/energy.jpg,140446,.jpg,5bbb55b3352ef2a33b25c00c800d3631770993091bae62756ba3d14af3de4c7f,recurso,Extensión/directorio,,
images/energy2.jpg,141185,.jpg,3f6b0b89f8cd6cdda059f8bfcb8b7b203cca75c651c830f56c5ce608afd8f9ab,recurso,Extensión/directorio,,
images/enrollable.jpg,94725,.jpg,cc84573893a08748a2d982d6aef8903052ddf70111e37bb93f8390331094922b,recurso,Extensión/directorio,,
images/enrollable2.jpg,159821,.jpg,760e32fb8622742663d161fb5df7816a2344215397a431e33743ac7b6f799c64,recurso,Extensión/directorio,,
images/equipos-accesorios-anden-carga.jpeg,78247,.jpeg,a3d2ced9486056908bb6e2dbc54f3c7c35783e1e6572879af9075cc7c5372ba1,recurso,Extensión/directorio,,
images/estandar.jpg,26936,.jpg,d378e4af1d887e4f90b501fe575e2e9d6085a7c767a8e8ce6113c7bfb9a60651,recurso,Extensión/directorio,,
images/estandar.png,322778,.png,c616e806c85141f14a52c561c99a3c6414ebb68febb80252bab25f373c7c6e3a,recurso,Extensión/directorio,,
images/europea.jpg,35359,.jpg,0f0d8621f533b7266c519770cd09ebae682ac7d0088992431e7b170b2f1ddbb8,recurso,Extensión/directorio,,
images/explo.png,143474,.png,6ac4a30daede11dcc8cfd42575c8cd569f39c7764ffa5303842227665520a52b,recurso,Extensión/directorio,,
images/explosion.jpg,30706,.jpg,8d3361d27cd106f0d7cc60a04215568f6bbc3687e1971a4f2d9a7ac09594cc97,recurso,Extensión/directorio,,
images/fast.jpg,120275,.jpg,ec7d4828caa866cf129d5938e332e14f90db082993e0f41caf5b540c9ca2f422,recurso,Extensión/directorio,,
images/fasts.jpg,160068,.jpg,638a9b876898cab726f3897a33e4fcafcf0e6241e4a1d1128918444302ff343c,recurso,Extensión/directorio,,
images/favicon.png,3236,.png,6ca5135a496c86f0132b3bf337f362918aaa600324a026201da82305685dcd06,recurso,Extensión/directorio,,
images/fire-rated-door-1.jpg,245581,.jpg,1939db8ccbd1071ae3a65b83aafbe5f807933772887b999939e011b0ade99735,recurso,Extensión/directorio,,
images/fire-rated-door-2.jpg,207625,.jpg,9bc7c09f46b08a427d740fff7e3437071ec69b54a5aa3b0fc4b94aa508f03829,recurso,Extensión/directorio,,
images/fire-rated-door-630.jpg,27493,.jpg,42fffe3839a1efc5ef23e98d23f7865d440f32fb2f868818f9532c37c709ccdb,recurso,Extensión/directorio,,
images/fire-rated.jpg,94046,.jpg,58403b51ea56f2414d970722afece2c97602b6b5f46dce9321f1a685f7e02258,recurso,Extensión/directorio,,
images/fire-ratedt.jpg,330060,.jpg,c87386b3da539683fdaa7f543dac493a63e00e530777d809f8a3db1a8b86cdc8,recurso,Extensión/directorio,,
images/forma.png,17612,.png,315b8ca4bb47e834b9a295a80cdd91b9349821b35f74cb8d72ca35c4957c5b94,recurso,Extensión/directorio,,
images/foto_puerta.png,179353,.png,84188b1fd606f484451b2c95db1e0e00940b32c84f34f5d8fe5c9dfd0345092e,recurso,Extensión/directorio,,
images/foto_puertas_lisa-1.png,184297,.png,d845644629cb7137ef6febf445c446575f70e9aeb24c8c85f1243e0baf6501c9,recurso,Extensión/directorio,,
images/fotoceldas.jpg,43320,.jpg,554656f5ccef17088706885424140234a86ca4fbfa7cd515123b5417836bf3ed,recurso,Extensión/directorio,,
images/fotos_a_cuadros.png,245181,.png,5855892f99616e58e799464823e0c17b501a7b05c35f85771e23bc017aac1fc7,recurso,Extensión/directorio,,
images/glg-porte-industriali.png,30438,.png,ba622b483b1b0c8c1a8916f6636b9ac7fd2ee80ba586e9353b57dcb259337dfb,recurso,Extensión/directorio,,
images/H_HERO_1.png,142526,.png,99ecb15e6475c92be6f883c1f9d341d72b5bee211dcc55f6dccbf35a2efc6e8e,recurso,Extensión/directorio,,
images/holandesa.jpg,29095,.jpg,81c59a6fa039c820faa0de3ddb28126f661a7c760136e9051a59a9ad7905a4d5,recurso,Extensión/directorio,,
images/holandesa.png,123219,.png,17af36083079920c3da9e3cccabbd0ee34c961cddd3cb6575fdb2a8a77ac9e23,recurso,Extensión/directorio,,
images/home-bg-01.jpg,8499,.jpg,7c9fd799c6adb019065b6e5eecd6577ee9b7f38e818d9e094e7795c79502fda3,recurso,Extensión/directorio,,
images/home-blindadas.jpg,45237,.jpg,7230d14ad69abea13bacca1550e3a9b4925230b9e8bc209fb2043dc510fe118c,recurso,Extensión/directorio,,
images/home-comercial.jpg,97576,.jpg,12c74b2a81f15f8ed8c3c5f1211367d8b969c2c219b1e9f8c570ae7a55c2d374,recurso,Extensión/directorio,,
images/home-emergencia.jpg,41076,.jpg,fd9ce07b0c9df9a910b143903185abab3c59e594c4981c19ffcc4c9886896b5f,recurso,Extensión/directorio,,
images/home-equipos.jpg,63230,.jpg,e395836056552c85abfbd22f251f22752fdab077b38620637ee18b24a77036ab,recurso,Extensión/directorio,,
images/home-hospitales.jpg,40668,.jpg,a9f7f9c2947cbd1124e3ed401ceceb07fda18eb8160b662147d7e9e6ca0cb6b7,recurso,Extensión/directorio,,
images/home-industrial.jpg,70207,.jpg,03fba181c1a5f09e61d5ce4f1280ff7633d327d669ad7d018b7682604c54511a,recurso,Extensión/directorio,,
images/home-industriales.jpeg,78247,.jpeg,a3d2ced9486056908bb6e2dbc54f3c7c35783e1e6572879af9075cc7c5372ba1,recurso,Extensión/directorio,,
images/home-residencial.jpg,108401,.jpg,3c5132bb4a0209c4388f2931ceccc35752b461e53a84ecb4d89ccff374a3abae,recurso,Extensión/directorio,,
images/hospital.jpg,45940,.jpg,2489a0b5bb2fb99e64caeaff8777f4530814e4e2ef4253dd4e9543755a7ce284,recurso,Extensión/directorio,,
images/hospital.png,148313,.png,894e073f2f592ce614409e721a476908c7e8c7f88c419f57fd60dfd95fe078e1,recurso,Extensión/directorio,,
images/hospital1.jpg,51920,.jpg,a3f44bad38a680e5769f1b16dda6a80c2fbe1149387e1474fc05561882b3577a,recurso,Extensión/directorio,,
images/Icaro.png,109689,.png,0d9d5e569e4bb5f80edff0b782e60dec9e4f78cac0963cd25d86dc6fcdf4db14,recurso,Extensión/directorio,,
images/icarot.png,58543,.png,38bcf576c4957360fb703e8e193c2604fcbcd738799d8b66458ccd5b96f7e984,recurso,Extensión/directorio,,
images/ico-quienes.png,1958,.png,e87aeb100c2769b0a04eb9e8066e42b06f3c411581f50bd49fb8585c1771c08f,recurso,Extensión/directorio,,
images/ico-quienes2.png,1771,.png,e2a855d49af911ee3a845b9d4d6cf8b6977f3e6543cc820f6f704fd96a6ef35f,recurso,Extensión/directorio,,
images/incendio.jpg,55633,.jpg,ede6e220d3ed481f0f28320caaa9142e1d30ba38c731f4173f780b53ffa19482,recurso,Extensión/directorio,,
images/incendio.png,443085,.png,78f98003f2a98eeade1dcac93da66054575e327e4ad1813bd97fa68527680d53,recurso,Extensión/directorio,,
images/industrial-brown-sectional-steel-model-424-432.jpg,300373,.jpg,87765af7e439ce26ec19c79feb37614bc30668ec0c8cfa9ed620a1410b7fef22,recurso,Extensión/directorio,,
images/industrial-home.jpg,97741,.jpg,5719d8dbb52e32356f4db1fb9c626936d889aac3b21887eb69145821fd7182b4,recurso,Extensión/directorio,,
images/industrial-series-520-deep-ribbed-24x12-window-white-garage-door.jpg,68011,.jpg,0140b263bc612390ea1c7ca673ffcf6f5ab27921b353d080ae6a82a7f66539cd,recurso,Extensión/directorio,,
images/industrial3.jpg,226565,.jpg,a169ab3b4745b8b2fbf535b4b3c24634780f3387b3bf441422403f918cc21884,recurso,Extensión/directorio,,
images/industrial32.jpg,115248,.jpg,de4d5f85ec8c97b1fc88986655757e355a9ca2c34f380f45f890ca7a4d927766,recurso,Extensión/directorio,,
images/infraca.png,20470,.png,2736a5b917542b130f07f43f10dd985dd0d636648c69d28a96559cb6d496658a,recurso,Extensión/directorio,,
images/kelley.png,19430,.png,0f34c8e7feeba659621ddf44ba689881887ce28ee8af6a36225f627777ab1c72,recurso,Extensión/directorio,,
images/labio.jpg,26086,.jpg,f85e98c7edf85101addaf8f60f05ab50e6469335f717a0148b6017d1693146a2,recurso,Extensión/directorio,,
images/lan.jpg,45701,.jpg,afe879c98a3bc99aab9cc195da45b52f240eb33583edb4df3a766964e9b87b19,recurso,Extensión/directorio,,
images/lan7.jpg,32799,.jpg,0fb16978032736bb3845db475e441699ccbf6aed9cdc309d2ae3128d6631a19e,recurso,Extensión/directorio,,
images/lazo.jpg,42738,.jpg,1e39e9354ef996a9af56e8873bddcf593744f145a29975fe86f98f1e660e09a4,recurso,Extensión/directorio,,
images/lift-master.png,28250,.png,21bcfd90dd51b6c0ad6755352c46937cfcea4c7886a85b1b76dd1daffe093874,recurso,Extensión/directorio,,
images/lift.jpg,42554,.jpg,1f009fd1cc71d72d73ae15534011635a10e29f60cb81cddfc851698a9f4bbd25,recurso,Extensión/directorio,,
images/lin2.jpg,41486,.jpg,ca8eb592c3b4821a18c0783be28d8f68c4e92bbf9289003dd8fc726955263198,recurso,Extensión/directorio,,
images/liso_rayas.png,36859,.png,c4f71f365cefbdacc0f7682fe09ef6c9e271bd4f6bdca40268c451e7b6b18122,recurso,Extensión/directorio,,
images/logo-black-big.png,9453,.png,02754f850e4cf597e2350697ee7ca3d13d7e66cfc1073c5a20cf063cbaa4762f,recurso,Extensión/directorio,,
images/logo-black-big@2x.png,16721,.png,29a2e836da1bbca95dc8bceb9d23709a21bb355a74210cc611edc4347adcb41f,recurso,Extensión/directorio,,
images/logo-walmart.svg,8053,.svg,3ee58d4f2881142832b90419f8a9fbb9740f6326a3543ca02eb1f0836c90c41f,recurso,Extensión/directorio,,
images/logo-white.png,6598,.png,1a56e98056e9ac83721f863e9cfbed84175c8498c6121f8bfb888c4518ca448d,recurso,Extensión/directorio,,
images/logo-white@2x.png,12547,.png,3fd00017ec40ba08f9c4a5dd4ef05be7729251725ffa8d8f26c2a6197704bfda,recurso,Extensión/directorio,,
images/louver.jpg,103853,.jpg,3753e4474337db7d1e369a85b530c55817f737b6e59374c5c080eb5e4bfc9b9c,recurso,Extensión/directorio,,
images/louver1.png,102063,.png,a94a49e4086d801f0538f5de5d8d45cd6fc224bf01d5299d8b55f5dbb54e1f6b,recurso,Extensión/directorio,,
images/louver2.png,105131,.png,28f7100794eaea042f56a2f6c544eb22ccb8513c9346f09733ce291bc1bea74d,recurso,Extensión/directorio,,
images/lux.png,47313,.png,4310fe8d240d01fada4899e0e47c638f93fa7ac65e3949b018883eb3763b2275,recurso,Extensión/directorio,,
images/lux2b.jpg,17376,.jpg,4a23b949e7e88584f680f1e22cff8e20629c517f16be52fbdc27ce917c350023,recurso,Extensión/directorio,,
images/m-2415.jpg,73909,.jpg,d381c51ede22a89ca8602ea8dac6c342a25c90125bfc44f09a4a15a05fe0b694,recurso,Extensión/directorio,,
images/m2415.jpg,48222,.jpg,f98d8bc284741b66493764e5f6c37cea3676a0bceaf1b8570bdf16555b606728,recurso,Extensión/directorio,,
images/M_DockLeveler.png,62244,.png,c8c8e17fb4fe0088e4d86b4e360634d4114ef1ce0209197e45651e2752da944e,recurso,Extensión/directorio,,
images/M_DockLeveler_300px.png,62244,.png,c8c8e17fb4fe0088e4d86b4e360634d4114ef1ce0209197e45651e2752da944e,recurso,Extensión/directorio,,
images/magic.png,294894,.png,fd8e28dd8b9ccd0bdedee80bbaf48f25faebd84de436528c6b52ea4607e82a47,recurso,Extensión/directorio,,
images/marcas.png,112140,.png,0c3bb1c24d214dff4b76b0d07c801d770975b26a4ef139b2d038b66fd2d9e916,recurso,Extensión/directorio,,
images/max.png,14910,.png,0f0b5ba1d0016507f7ee963fec6df657361647e5ed1fc1b4c1fcb2eb6fbe8f93,recurso,Extensión/directorio,,
images/mc.png,23911,.png,1bd3661f3bdc3f7d33e89cfcdabf589028fe06e1ea18ed01cf2f7e334a36ba6f,recurso,Extensión/directorio,,
images/minidock.png,162722,.png,c208a7d361c46541780413998a5d07ce4eaef7dbc5f00a53357b791db4cb10c6,recurso,Extensión/directorio,,
images/model-426-white-finish-insulated.jpg,132793,.jpg,c6c8e430f7c06ecd7061bfa0d6f002ed72b5aa7f67860c1dd5d31fa462976c1a,recurso,Extensión/directorio,,
images/modelo150.png,225076,.png,a88594ed1b282c1ce99bc8c21fe7e02457c0a2497093228e12f6228cc8658e3a,recurso,Extensión/directorio,,
images/modelos.jpg,52080,.jpg,3d6da8ba6127a75128cbe172539152cfd316a04941c99f968235b6694f4eb421,recurso,Extensión/directorio,,
images/modern-steel-1.png,109113,.png,6efcca3378e75860caaf2952404e53bea608eba11a29fbb8bd31de158ed5130d,recurso,Extensión/directorio,,
images/modern-steel-2.png,54860,.png,7f72e704aa8a09e069e12e1165042becd9b47f3fa8408161f4bc98e4313bd8f7,recurso,Extensión/directorio,,
images/moovi50rm.png,59514,.png,ecc1028eb79cc3a6bf6320d9e06ed04ce2d721a44164cba9413898b9db4b3ad9,recurso,Extensión/directorio,,
images/obbi.jpg,103607,.jpg,50ff761e7f7a26494a9c07efe0a3aa0bc43e1b37d4fa3478f8dc2aef7c6a3ab6,recurso,Extensión/directorio,,
images/ocx.jpg,69528,.jpg,df6e4d54f77fa4527b06c1990b7b57730b04d736ce30f252b7b802701692780d,recurso,Extensión/directorio,,
images/operadores.jpg,62811,.jpg,a39f73066d336fc9d5b5f93b86845c7ca4401e4d6b35cbe306cf5e5dd21f092d,recurso,Extensión/directorio,,
images/p4.png,13421,.png,b0fafe1470985b0fc51ac211cda661fceed9383b99053cbf9cebf19f2dea05a9,recurso,Extensión/directorio,,
images/p457.jpg,17664,.jpg,3fd525c165e7156070b93278f2fb0a2a50fa192365530cdc7c904cef3b17a641,recurso,Extensión/directorio,,
images/pas.jpg,30217,.jpg,ee97b777e1f3829c1354c1e94f26d3bc75651f03244021181c5dc80e001773b9,recurso,Extensión/directorio,,
images/peatonales.jpg,54687,.jpg,3524d0a7107a38c0eb11fa32a687b573368528bfa7b70f25f125e040b38c843c,recurso,Extensión/directorio,,
images/persax.png,14684,.png,f12b8fc2a6b5bf62e09ce6ee0731f364c553933471204e350cf29dfad882b890,recurso,Extensión/directorio,,
images/persianas.jpg,59194,.jpg,c156fbe4645b1984915bb5ba24c8c094b240f69c03463b9e2077935892b3f8d8,recurso,Extensión/directorio,,
images/phob.png,70631,.png,74016d981d3a7a8c452877cc9585d3cb815b59254955ff9e0b4eb0dd5eb3124e,recurso,Extensión/directorio,,
images/phobos-piston.jpg,17926,.jpg,ca7a7e621ac7c9db2912bffeb82b6bdb650a3bbffbd4b6bd1df46ce527b22632,recurso,Extensión/directorio,,
images/piso.jpg,79133,.jpg,ffc865ba626561b3e5af5382e27a790f89966ad9a1d41566038c3c5518c3fadb,recurso,Extensión/directorio,,
images/porte-rapide-vertigo-500x500.jpg,41749,.jpg,133ab5dad56d2a07ce82eeb8770a1a14403c4a72077f3e64035914d775576155,recurso,Extensión/directorio,,
images/preda.jpg,198143,.jpg,c650f63900096ba087b9ab072b9b891e7adf4c130e05e3f44075e8e2281c72a9,recurso,Extensión/directorio,,
images/PredaDoor-NXT-Door-1.jpg,20541,.jpg,af65f6b8ab3aca4434863ed534d2733733618809cda83b88d99c92e8aa7b7351,recurso,Extensión/directorio,,
images/proy1.jpg,100497,.jpg,4caab5a59cda64741a1cb23d894a9a988a079bf0f77ead35f63f7b07774dd2e4,recurso,Extensión/directorio,,
images/proy2.jpg,208709,.jpg,c71388fb2ac3029f52c22b3510679e2b6676ea8174ccab9bb2548b5765046b59,recurso,Extensión/directorio,,
images/proy3.jpg,71299,.jpg,8a9cc1042f839eda0c2cc34a40970468c80ce0de1ea39efeb5c60af9d9642f51,recurso,Extensión/directorio,,
images/proy4.jpg,174469,.jpg,f2d6c54bdf8a42de26444e66780b9d6ff5c838486352fcf04352132f91b2ea88,recurso,Extensión/directorio,,
images/proy5.jpg,143359,.jpg,188dbefd4d15a2bd0f5aeec892a52f46344fac4b073b94d52c6acc907eb3095c,recurso,Extensión/directorio,,
images/proy6.jpg,104490,.jpg,c5e0d5038868e22d252252316f4f980603b1705cc60c657085c0ff75de95f574,recurso,Extensión/directorio,,
images/puerta-418.jpg,120942,.jpg,62dfa5a8e3cf2325c2d82039cc507f28ed32ab7f9490ad423befdec2d4cc46c6,recurso,Extensión/directorio,,
images/puerta-418t.png,128880,.png,4725a4d7c1614d553e8bc252a65ce1ec434d95e08ba28f5b9ba2d812cadde124,recurso,Extensión/directorio,,
images/puerta-420.jpg,66865,.jpg,5a19083d5e1a942448ee11a6595a29727a0efcfc3de56abdff04513eff926e46,recurso,Extensión/directorio,,
images/puerta-420i.png,390843,.png,54489c0570994e1937b99848b8c6b34826ad8dde80aa2029f7d2c4fe0ded9363,recurso,Extensión/directorio,,
images/puerta-420t.png,78653,.png,dc4b36fc3443aac552cfc9f837c30a486a348496f5311f3076456fe8384ba3d8,recurso,Extensión/directorio,,
images/puerta-422.jpg,91837,.jpg,e85377aeda4e62d81cd25d3de0019cba7f5dca435b4988aa3054528fdcb6b86b,recurso,Extensión/directorio,,
images/puerta-422t.png,141206,.png,3f0fa27ed9ee9062ad2002368a1de054ad189d06545725f76b88ba33a63e03c0,recurso,Extensión/directorio,,
images/puerta-430.jpg,140299,.jpg,4a3fcd0fa5e0abb158dba62b7d67cef2a74dc07a72ef248776d87319fd5c4871,recurso,Extensión/directorio,,
images/puerta-430t.png,99099,.png,f98bfbd3e507d543dccdd0b79872924930d309426f59e39d1e3e6c15f01aead0,recurso,Extensión/directorio,,
images/puerta-432.png,77036,.png,76670620e4dfd51de2ac0f85ca9ea825ab5b7bebbe1eaa78fba483417f9c1766,recurso,Extensión/directorio,,
images/puerta-521.jpg,150763,.jpg,9e354094ec662715d8125eee79d1432778318567ccc21c8cd4b0b902d3b5e31a,recurso,Extensión/directorio,,
images/puerta-521t.jpg,134338,.jpg,d8ab10f9773cd41cd41d08b2a372c15ee0f00567100cd74db615597d8e9fc7aa,recurso,Extensión/directorio,,
images/Puerta-contra-incendio.jpg,16239,.jpg,86530d4ac92df562c6de29b9cc22b42192a67ecb3e1e2b1f478af1806600453d,recurso,Extensión/directorio,,
images/puerta-holandesa.jpg,54809,.jpg,0f140512ff050cae8344d3c8916f7959220e55dfebebcb7e9f4f7e1a462ec698,recurso,Extensión/directorio,,
images/puerta-infraca.jpg,45054,.jpg,4c33c507ce731401d82bf29182b5546a7df6cdc1db6ceb653bf1fe6c0a090084,recurso,Extensión/directorio,,
images/puerta-infraca02.jpg,56452,.jpg,5334bfd459f85f0540168d564c3fac0582946df48150647db65ef7e4e566a64b,recurso,Extensión/directorio,,
images/puerta-infraca1.jpg,77193,.jpg,fd65e772e5dfc38a10d7b00d6012669fff996da703d3aa1525018f37634966a4,recurso,Extensión/directorio,,
images/puerta-metalica-blindada-1.jpg,19667,.jpg,ef70a96a8bf5351ce09f44ca2c8e4ff9ef21701ad4bf3d2ea9950b586e3b6f64,recurso,Extensión/directorio,,
images/puerta-metalica-hospital.jpg,14173,.jpg,23e6ede7c9dc5fe93f013e80cb3deeb6c6d48e04c7d1df70f2fc5c9b90c4e0d9,recurso,Extensión/directorio,,
images/puerta-metalica-hospital.png,100068,.png,3550aa53ba992a87de085a73a3a226ee2c386bc96b24ffb69b7546cbe06b1083,recurso,Extensión/directorio,,
images/puerta-metalica-louver.jpg,47121,.jpg,e41a41148fa33c5d13292aa0799f324b2c284f80b70ab6c71373f5ad13807754,recurso,Extensión/directorio,,
images/puerta-metalica-louver.png,119285,.png,5d2f4b493c2b08a9f6c500ae2c0242023d06f5295fcd56fd52e8974a46dfc9dc,recurso,Extensión/directorio,,
images/puerta-standard-lift.jpg,30514,.jpg,e301b315c8b8bfd05d1199339fd66fdaf6ddfc8dc2291b703bc20a508141ec70,recurso,Extensión/directorio,,
images/puerta432.jpg,120658,.jpg,89985092a942575637985f370ee8ff7215e9107e90db9931af2bd85f2d7bf301,recurso,Extensión/directorio,,
images/puerta432t.png,114154,.png,9b7276bf73c2f4c985225bd9739f36022118f2fe35977b9e09e123e2081e62f5,recurso,Extensión/directorio,,
images/puerta593.jpg,136271,.jpg,b4168948c8f7b418f2caba3888b19c8d05c2c34dcedd58f236c573e24291ada3,recurso,Extensión/directorio,,
images/puerta593t.png,81602,.png,72a267b89e5b0600626023073f6c4c6509f1b2eeab15bb957164c91e1c8b8747,recurso,Extensión/directorio,,
images/puerta594.jpg,121051,.jpg,e0b0fcc5f64da11a8ac90554bd19936b55a66cdf3f12636921ee060234034732,recurso,Extensión/directorio,,
images/puerta594t.png,79946,.png,ae22bea3ad2ed262a750510410229df5acdf7781f29dd10fb621cbd740d6f220,recurso,Extensión/directorio,,
images/puerta595.jpg,120427,.jpg,317738a59824479e82001fcdf59408257b7bf454f11151951a6f97c976a5df1a,recurso,Extensión/directorio,,
images/puerta595t.png,96588,.png,cac5baae0fa2d19b2fc6841afc0a669fe4d867d6f1e9fddef92b95183d0e6a4c,recurso,Extensión/directorio,,
images/puerta598.jpg,58927,.jpg,086c748fa7c203c11d5e66fa6a0bacffc568fa121f5fd8ed90b64810ef61bb5a,recurso,Extensión/directorio,,
images/puerta598t.png,39083,.png,f81334945b15d4c92886d6d8506981f004b881bfb617f19c2aba1b60c3a72268,recurso,Extensión/directorio,,
images/puerta599.jpg,156553,.jpg,4f4c7200a1d2b415cd91c00c6997d98ac25e5929d70eeebed2a60360be9d60ca,recurso,Extensión/directorio,,
images/Puerta_Standar_Reforzada.png,167976,.png,f4eb1ee1751e83d4ff390ffc61d3f20b0beccecd154b161ce73c98965d2d5ecc,recurso,Extensión/directorio,,
images/puertaboom.jpg,11919,.jpg,a8f42eccb24686ed83b3c05800b19a0c33cbf08e106597011e22cc22b0b8f831,recurso,Extensión/directorio,,
images/puertas-rapida-apilable.png,1191055,.png,e4eb7e5449fb832f15215db0d3f051d1c1fde7cedb8c2116e0b494406dfd9a1d,recurso,Extensión/directorio,,
images/PuertasIncendios.jpeg,195224,.jpeg,40db8926349179c5ab735abf4401842bb60f6bd9f5b0682ea9909ad569ae1a9f,recurso,Extensión/directorio,,
images/pwr.jpg,116491,.jpg,4b3e4ccf21a01ba4896acbf5317a89344cb980a5fca0b1390d6691b72a68315e,recurso,Extensión/directorio,,
images/qik.jpg,164238,.jpg,28e4334631dce49d435714ae24d03684a2f9b205f361818c59211a3de24deb89,recurso,Extensión/directorio,,
images/quienes-int.jpg,354426,.jpg,2d518c8bd06e7eeaf543e2dbbbe4dec2da46f9c47b4d4144bd8e3911a16c9bc0,recurso,Extensión/directorio,,
images/quienes1.jpg,27757,.jpg,ff7ca7816862d97929d7e9ccbb276bd78c49b638b12eb835b5e6439dbe2d54f0,recurso,Extensión/directorio,,
images/quienes2.jpg,6636,.jpg,f39b4c3f2282c9d0812721b4052324df0b68f8d24024057dad4875e46b9e9e1a,recurso,Extensión/directorio,,
images/Rampa-mecanica-Dockman.jpg,6606,.jpg,4ee3711723679877a62579a4f6919332fdb1bc7699cad917b089a5a093e63b25,recurso,Extensión/directorio,,
images/rampa.jpg,59702,.jpg,566716bf540131e86e5caa0e6d173f951bfb39df6341260340d119e4550e9721,recurso,Extensión/directorio,,
images/rampah.jpg,53485,.jpg,dd4ad9853ae8e34a76aa6feceae62502572e8a3dc42a251dce7a9d3581cea926,recurso,Extensión/directorio,,
images/rampak.jpg,71625,.jpg,5138524a5977f7ee7ae4087883ada8d285337f3c9893ccf901fda41228297a43,recurso,Extensión/directorio,,
images/rampam.jpg,69519,.jpg,a0c6bbe552147527689dc24d2dcac7353fa11344b10c345a6bd393c330c39383,recurso,Extensión/directorio,,
images/rapida.jpg,39185,.jpg,92abddde67d71745a1b04770eff45807b78c886fdfbfdce6f9e1c0a18774313a,recurso,Extensión/directorio,,
images/rayos.jpg,64178,.jpg,ceb6de4f0355c6a35f1539fdd4a9909fc7bf6e8b10ddba6c5230114f3fbced29,recurso,Extensión/directorio,,
images/rayos.png,126383,.png,ef9a16b4f47bf8243867b7fab6b5552f78caabec66b7120e57110d08b589ad4c,recurso,Extensión/directorio,,
images/reforzada.png,239948,.png,867363354fc4393a19a4b41921685352244a6385a986b0076d4c18433fdb69c3,recurso,Extensión/directorio,,
images/reforzadas.jpg,18810,.jpg,08544906a3de0ee372e44aa7702eaa7c8bd17b0c3b60e48effee504c3b59a8ed,recurso,Extensión/directorio,,
images/residencial-2.jpg,34982,.jpg,9485d3413846e3800b868a3db2807ff7b02de36d2c8ec662e8e1968a33ad42ff,recurso,Extensión/directorio,,
images/residencial-2.png,234921,.png,b0f4cc3dbc62ed1ccd15bbf25c72934d64d7725d6c9a394f45c4f35d8fcb6967,recurso,Extensión/directorio,,
images/residencial.jpg,37692,.jpg,f98547a95703268bc2cdfa59195986520957f05d5722ad3c33e2ca93592c75f0,recurso,Extensión/directorio,,
images/retenedor.jpg,38080,.jpg,d12a22736b30faa534cd0f9d8914ac8851486ff97d6ce705ff88f5f566a0ff45,recurso,Extensión/directorio,,
images/revolving.jpg,150206,.jpg,5c387080f1adb199666ebbb9993bb04091fa641db6ef94fd586b3e9328e8e99b,recurso,Extensión/directorio,,
images/rhx-operator.jpg,7223,.jpg,8becb828134e493d441117dc9921620c5825a515f7fb88f424085b75e776ba49,recurso,Extensión/directorio,,
images/rhx.jpg,134249,.jpg,722ad71a1cc774af2fe4069c6ee850c6a5f73681009c127a45757a0d55fe3103,recurso,Extensión/directorio,,
images/rmx.jpg,92500,.jpg,4d932cd0a983bb2ff7afcc12c2291bc9650d31b152ec29254ce3b158578e5f67,recurso,Extensión/directorio,,
images/Rolli-Zip-1.jpg,45142,.jpg,ed2a2692ddae195e26d6894ef5e9b38e1888119507d7d0715471748b3bc0c6db,recurso,Extensión/directorio,,
images/rolli-zip.png,716307,.png,2d23bf8983e997ee47e71f23faa462ad1deb286b68691cf8bb12e53413643f1b,recurso,Extensión/directorio,,
images/rolli.jpg,125571,.jpg,33ff425938af1b286d1ea7b0edf7d84b6000cf8160984f4d7fbe2030c71e1c77,recurso,Extensión/directorio,,
images/rolli2.jpg,106430,.jpg,632a5519034771d282d460a79d499e205f05c6b53792e608850aee22e3f03e61,recurso,Extensión/directorio,,
images/rolling-service-door-600.jpg,38498,.jpg,251d04717bc5499f1707bc080bf7a1d1960a3d8000c12f9bd6e27e3923a7b594,recurso,Extensión/directorio,,
images/rolling-service-door-610-.jpg,256297,.jpg,8b007bd98aadf3adbd0b62c002e9249727f983dc76671cc4799363bec2f07e78,recurso,Extensión/directorio,,
images/rolling-service-door-610-620-625-3.jpg,185562,.jpg,695b297ec4c4fe6f22cb03f162ef84a7a0f67b3fe7f569bd5d5bbfacf1ef122d,recurso,Extensión/directorio,,
images/rolling-service-door-625-wide.jpg,43863,.jpg,c8d461b8c1a8dd1feab00b1b36d1657e9ed59a03544c18dd01959939192c980e,recurso,Extensión/directorio,,
images/rolling-service-doors-610.jpg,40362,.jpg,346c0e05d2eacdde803763958e445e9f2d14852c5ad427ade04d239cf4e44210,recurso,Extensión/directorio,,
images/rolling-sheet-770-2.jpg,148600,.jpg,e99ec942cdc228c7287461cf8f96223169f02c2bc5b39fc0c62e63eff69f67aa,recurso,Extensión/directorio,,
images/rsx.jpg,116324,.jpg,197b793185a90868231a4c73798ba10cfc59098b45b65a87746b6592e2772146,recurso,Extensión/directorio,,
images/rytec.png,30327,.png,70025e2ed15beb5cd603e9eeafbc402aa3888318c0eb96eb65a5bc309b85f208,recurso,Extensión/directorio,,
images/s592.jpg,191566,.jpg,ae8ffb801179e4c4a6260457e9b22b10deca22226a4799a2a6aa46daea733282,recurso,Extensión/directorio,,
images/salida-emergencia.png,16560,.png,36cbd8db2fceef33508ae0095a685338ef3aadb52a0caf64d5c3f0380f64cd6f,recurso,Extensión/directorio,,
images/sectional-steel-door-416.jpg,18689,.jpg,74ab6da81e311e649bc7834327842d0c5c9fcccb57c4b0f2c2770a7a326ee945,recurso,Extensión/directorio,,
images/sectional-steel-door-model-2415.jpg,42205,.jpg,ee644707d59a031f458306ef439125065e83f21dc1ded649ea51248e50592431,recurso,Extensión/directorio,,
images/sectional-steel-models-422-426.jpg,149578,.jpg,c8774b96d0370cd808267857940e635c603e1c74735a3c7d7c9619e233449bf4,recurso,Extensión/directorio,,
images/sectional-steel-thermacore-door-592.jpg,23699,.jpg,a256d5a3cd77f125ab345cf5469c6bce0dcde897370f9a7338cd254465dd0473,recurso,Extensión/directorio,,
images/sector.jpg,99240,.jpg,2cc08f48b70d4f87aa3ddfa3e2df350dbd0259da733390e16d9ee549890df55c,recurso,Extensión/directorio,,
images/sector1.jpg,115820,.jpg,dcaf5ed8c778c97d4d2670d93ebd0ac02d87836117e70e827405bb2f44f3a80c,recurso,Extensión/directorio,,
images/sello.png,133019,.png,bbcdc29b06005c42b14ccccff4fc2ebfbc66fbe3f01d0e14e93e1724cb807e72,recurso,Extensión/directorio,,
images/Sellos-Nacionales-1.jpeg,88121,.jpeg,39a22f0d7192ec2dd511ff10f581ca47e7d24c4d9123aa5975d4ef1d9db62a90,recurso,Extensión/directorio,,
images/Sellos-Nacionales-2.jpeg,28869,.jpeg,fd7c68b72640b98f010f0c755b5f3688943ab50a348f1817cbaf93fa1b1a696b,recurso,Extensión/directorio,,
images/Sellos-Nacionales-3.jpeg,20630,.jpeg,5bcfbc9645466fc0bf84354b63a2397f88869c27727fe865391dcdf6b0b2be87,recurso,Extensión/directorio,,
images/Sellos-Nacionales-4.jpeg,101225,.jpeg,aea5675aa184c21be1ce72b68f75befeceda5c0284472e65488ca8b18af9b4fb,recurso,Extensión/directorio,,
images/Sellos-Nacionales-5.jpeg,152437,.jpeg,c7821c339dd82d255a39980f43b7b2c1fe2f55dac40a892d3aac1f929ff86206,recurso,Extensión/directorio,,
images/sellos-nacionales.png,1101944,.png,5d8f835761b152b5e163fc13bec58ee9920ce8466e72e4f511e19781b0fdf9dc,recurso,Extensión/directorio,,
images/sellos.jpg,77494,.jpg,627780d68a82c656dd32bf0404b6bb7bade1696cb9dfb49a60063d1c3d10e222,recurso,Extensión/directorio,,
images/semaforo.jpg,181718,.jpg,64f19dbbcb0a809387d8d15f950b4aca2ef993e11fe6f2c5c1d6fe65f7eb39d0,recurso,Extensión/directorio,,
images/serie-600.jpg,106372,.jpg,e88ed504543db1a72af8b98b84b3c048c2a247e812e2cc7f87c052cf2b6390c3,recurso,Extensión/directorio,,
images/serie-790.jpg,102893,.jpg,f729fe587b3f05bee606d23e0ab8eec7f38c17da86a37d73cab7ec4a2ded15a8,recurso,Extensión/directorio,,
images/serie.jpg,100666,.jpg,d51380bc3678c79c9a2c2fa98221ef96549f0e996ee32c836d587087b1a0e66f,recurso,Extensión/directorio,,
images/serie625.jpg,66846,.jpg,c75c66e6548b020b9b7656e6213c2c3b7266fc704a67cce780296142ef377278,recurso,Extensión/directorio,,
images/serie790.jpg,93331,.jpg,f3cdc6be9881b92a62743c851befba3a9850c096dbb17636673274574f792838,recurso,Extensión/directorio,,
images/serie_600.png,210164,.png,1359e14587941620d83bf997795d54c17de69066a8f138cc6b3bb6d607a77c51,recurso,Extensión/directorio,,
images/serie_790_001.png,202941,.png,ecd0ab2adb27d82cb8654ee311d15f89ad5a989949fcbfb460817666e5ff859f,recurso,Extensión/directorio,,
images/seriex130.jpg,42348,.jpg,dcc883fab4198a7a025bd01ea199ba10b5f8440e172b2d8789a52b679edcbc44,recurso,Extensión/directorio,,
images/shelter-abrigo-estacionario-blue-giant.jpg,38872,.jpg,27c04ba766d8e626103eba8a20ae35887dc8326485315f26f2e371bee12fa7a3,recurso,Extensión/directorio,,
images/shelther-para-anden.jpg,139689,.jpg,558e3ff663f6636f5e441742dfb5aebc6f7112cd019241bf4c811c694dfd93ff,recurso,Extensión/directorio,,
images/silent.jpg,187346,.jpg,5911a22a3a1c5404769168b7b024714de120ad23c46c287adb303803911c964e,recurso,Extensión/directorio,,
images/Sin-título-1.jpg,178059,.jpg,ee43583d6f115942fcbb429cc3aca46a75343b96cfe98e834d5f7f7545ecc8d1,recurso,Extensión/directorio,,
images/smart.jpg,87200,.jpg,cc74ec23a309dc466c189f4475c246c5d81499b96d0d3da0ffb427b9a75aebdf,recurso,Extensión/directorio,,
images/sph.jpg,4519,.jpg,0a35da608fea06419c52ed4036b2cba03b3506d6010ae28984ff3bacf5660671,recurso,Extensión/directorio,,
images/splus.jpg,166902,.jpg,d78f021fac727f139dd0103eb92c0e054eb9404a7f7977759fce4757d2b4502a,recurso,Extensión/directorio,,
images/sprint.jpg,21528,.jpg,69f236daadb80d2c1eb8f40855f50aa2a2d492a1064382220dbf9f0812eef42f,recurso,Extensión/directorio,,
images/stan.png,14430,.png,3f25b3dccb56bd91e3d0c3a53acb2cf904b302c6bca383df6d4a87698815c45e,recurso,Extensión/directorio,,
images/star100.jpg,55991,.jpg,f7c39471f5716bf9257f321e174de72bae3ca41660ae72811da95d599995b443,recurso,Extensión/directorio,,
images/star4.jpg,44327,.jpg,0b341e8e5cd84722a20ab84b05beb4686ab82e7635251103305b233224095a61,recurso,Extensión/directorio,,
images/Stationary-shelter.png,93310,.png,f73bcf2e62c6662f190547f0591e9bf98ddc9f7d647ab0502a05164460c57964,recurso,Extensión/directorio,,
images/Stationary_Dock_Shelter_300px-1.jpg,38872,.jpg,27c04ba766d8e626103eba8a20ae35887dc8326485315f26f2e371bee12fa7a3,recurso,Extensión/directorio,,
images/StrongArm_HVR303_300px.jpg,66692,.jpg,0df43f2b225e3a4e65e300524bd2bfa279ae827629e215f0271d6da01718cec5,recurso,Extensión/directorio,,
images/STRONGARMHVR303.png,182605,.png,dbd9c7c5a3bf40665b34284850f2c715f6ef3f389a37ae39593045a37354910c,recurso,Extensión/directorio,,
images/t150.jpg,50771,.jpg,043b51e0aaec4c17ed2b8efe57dc2654b61edee67029074e7655266d15130146,recurso,Extensión/directorio,,
images/t424.png,124598,.png,742d3cc9bd1a8dacc429ddd50abb995a9e629920297604ed62a3534bef489aa8,recurso,Extensión/directorio,,
images/table-1.png,190066,.png,c33d103bbaaeda7ea6661f763a9fc4f4fbb7e3fcece8b7d03202bf13f0723bc1,recurso,Extensión/directorio,,
images/tg.png,138154,.png,e35d64230b9f55656ea1a1b11e5def6c8570d539d9bc70eb20ef864668fad405,recurso,Extensión/directorio,,
images/thermacore-sectional-door-593-wide.jpg,325676,.jpg,c6bf95033e6dc9d303d123a14ccd4d74a3a4b7b4e06f4cca35180e3b71420c6e,recurso,Extensión/directorio,,
images/thomp.jpg,107482,.jpg,41fb75669e1fa2eebca291f2148a34e9721dc58131e2a7bfc8b590a076c421b6,recurso,Extensión/directorio,,
images/thumbnail_image005.jpg,13924,.jpg,d1a513e10f03d2eaca1d53ad78f72f39f948acbea2f7c834bd25429e56fb1743,recurso,Extensión/directorio,,
images/tiras.jpg,219912,.jpg,e373c7ca387d197f364a5d7300f2329a23c0236bdf099408351a9e58ffa613ce,recurso,Extensión/directorio,,
images/tpr.jpg,43497,.jpg,947dde81a7e8a5dff6d5117b3fee77d07c14374928400780383ffb5d728ec60c,recurso,Extensión/directorio,,
images/traffic.jpg,138724,.jpg,7cd4047cbf96319fbe09d76a5b4179e400960bd9055a6b6c2e067cc2c54b1277,recurso,Extensión/directorio,,
images/upper.jpg,230831,.jpg,6dd17d39f01303d60d7a7fe041d16584605151bd3c85e9113c492c736bc27936,recurso,Extensión/directorio,,
images/verficha.png,5135,.png,3f5aeebc29765caddc907536949a7c1802341f1771394b26a5d63c6ab9cfaf0f,recurso,Extensión/directorio,,
images/vista_sello.png,66510,.png,062f7b948ac894e36d4407122f1524f3ce7125e4dc3007d2572bb70df28ea602,recurso,Extensión/directorio,,
images/wayne-dayton.png,52746,.png,4891a24e3058a072f2fc95025d61f870e39313500e4d4cf7a596cabaf1ead961,recurso,Extensión/directorio,,
images/windload-thermacore-525-wide.jpg,33493,.jpg,abdc2ffadc9ee3b0f411da925350004e16a6c6daa293922c6dba6252a1227b0b,recurso,Extensión/directorio,,
images/x130.png,28584,.png,4dcf71d9f3392df7ed7d28decdc362f2571704bf5cc8feeeed0ca51c3f4e6ac4,recurso,Extensión/directorio,,
images/xel5.jpg,38712,.jpg,f215a9093141efd6373fedaaa5b5574cc80ee541963eea0b2ea0748fcc46fb04,recurso,Extensión/directorio,,
images/zen.jpg,35890,.jpg,1a815e9e64380738c3075b364d03f010cd3b276decb1a8be9d0782df8ec9b530,recurso,Extensión/directorio,,
images/zip.jpg,71921,.jpg,51e46c7232004f03999575b10606ed7fd31cb8a1b6193e389281de213affdb6d,recurso,Extensión/directorio,,
index-estatico.php,31522,.php,f16abb1444d593a25ecf35dee26f965faeb7bf81fccb43b80b9c7144f8d65f96,página pública,Incluye cabecera pública,0,inicio
index-resp.php,33198,.php,012cbfa0ff2fd5d46bb5e26d091e406a0cf5ea64f09608d9583c7d482952e424,página pública,Incluye cabecera pública,0,inicio
index.php,29121,.php,509115657cc27574b1dd34182c538d7a248e89d6e3ea2c460de129a156fb1326,página pública,Incluye cabecera pública,93,inicio
industrial.php,13326,.php,70c5db3d68b74b86dd7e65f7a37c0b2b7a5890fa3b109d589696e9e538152e2c,categoría / landing SEO (probable),Incluye cabecera pública,8,listado-estatico
infraca-quality-doors.php,5712,.php,8424fde860a67348b9ace165f4a57efe9eed7b91d461078b0f3d3ae6e90f3187,marca,Incluye cabecera pública,4,listado-marca
js/jquery.js,87597,.js,f391181612294956012279d4a3ef2a4adfd5f0c710ec40fcdd2d3a8e3a61ef31,recurso,Extensión/directorio,,
js/main.js,181726,.js,7d2b234fee98a730d5eb27094437368a5bf7bc8354a3d902fe4ad7e91548ae15,recurso,Extensión/directorio,,
js/vendors/anime.min.js,17424,.js,44ab9b636ad2a4daecf0eb943c0c12b2b09eb8b4da6d5d5419c29ed32b5849a6,recurso,Extensión/directorio,,
js/vendors/atropos.js,17291,.js,2704458dc248079a42b354da8a1542d43b6f740df829f46ff1bffce91b8eb1ed,recurso,Extensión/directorio,,
js/vendors/bootstrap.bundle.js,207707,.js,2dab99aeb513fe9bc585f0286758510352f800da3c7f9023edff39e86aa31a08,recurso,Extensión/directorio,,
js/vendors/bootstrap.bundle.js.map,444286,.map,231324b5ad8ba47146bb4447aa8f73793de9eeb8acd3c8989635a2ba6f45d05d,recurso,Extensión/directorio,,
js/vendors/gsap.js,177764,.js,6310eaf71d81c198cfbdab7becf96a8fbdbdbf3a2977951dd3c11feb2cb7a509,recurso,Extensión/directorio,,
js/vendors/imagesloaded.pkgd.js,12130,.js,f4c30e3b3f03d100d9f63d9877731767e1850bd3b7f35d0ed3e2299f8457827f,recurso,Extensión/directorio,,
js/vendors/interactive-portfolio.js,10824,.js,8ef419c2e50e80555d6664ee48c14e701e33f0cabb52faaf29edd912aadebf96,recurso,Extensión/directorio,,
js/vendors/isotope.pkgd.js,91415,.js,a66f11ee8e4cf8a287f6fdb0ae8ea49579439afcae3c4945b7325f2d3528a99e,recurso,Extensión/directorio,,
js/vendors/jquery-cookie.js,3174,.js,c938eb9431c334a92f369935744294cf39b37be5bbf9ff067531c8c2c686cee3,recurso,Extensión/directorio,,
js/vendors/jquery.appear.js,2913,.js,c8c8e3476d9c6c5615194f826658b847caa81b57e8f3cff461abaef6f73d8384,recurso,Extensión/directorio,,
js/vendors/jquery.count-to.js,3946,.js,48841eefe786f716209695611a7b5c2d3991007226116aa4c1b3d7bfa59a3359,recurso,Extensión/directorio,,
js/vendors/jquery.countdown.js,8958,.js,8a84aa6f7eb2997b9c0602852cf9974921c73f1a10033f2289e09ac7a09208c3,recurso,Extensión/directorio,,
js/vendors/jquery.easypiechart.js,9253,.js,850fca2e65000afe8920956485bcc786ce83546107370e3f89dbc7242035b5fa,recurso,Extensión/directorio,,
js/vendors/jquery.fitvids.js,3384,.js,06b4d1a60195b4f8816e7ae371b275c9220796257f9f13054a1ab2e46ef66518,recurso,Extensión/directorio,,
js/vendors/jquery.magnific-popup.js,41770,.js,b71a33630ffe0a5a9e9f9dc7c47a286ad6db1ba71e0546688623caf76ccd810f,recurso,Extensión/directorio,,
js/vendors/jquery.mcustomscrollbar.concat.min.js,45694,.js,711cad135f3db48475a6edfeb09684feff48cba8c9f95d83d31ff1243b3aa21a,recurso,Extensión/directorio,,
js/vendors/justified-gallery.js,45889,.js,bafdee576fb2e6c7a32c6ae280d5ad6361f1a93e49804a11d387da83b1d76f2e,recurso,Extensión/directorio,,
js/vendors/mapstyles.js,16991,.js,94cb3883d0e9aefbe1deb3f08792bf59df2ee263863f89615e273713cb5a290f,recurso,Extensión/directorio,,
js/vendors/parallax.js,1105,.js,14229b10b92b828b80f7ddbfecaf1d1d41f599dad704bb70b81dcbb64e9b5169,recurso,Extensión/directorio,,
js/vendors/parallaxLiquid.js,3136,.js,52580a6c40c0e42c48c233d7d6fbea16b8e4717235d0392b159f3d54bf83a0dc,recurso,Extensión/directorio,,
js/vendors/particles.js,42826,.js,8c81851195f80482f9b15ace6fb2be5512346119b82066915792935e06049085,recurso,Extensión/directorio,,
js/vendors/retina.min.js,2514,.js,30eeed26320f4fbccab38f84e367d839b92ea58fd710d8da7618367bdcc00364,recurso,Extensión/directorio,,
js/vendors/skrollr.js,48436,.js,b125ce7937a2166e936862658661132d3e12f49266abdda44cc07f44747e94fd,recurso,Extensión/directorio,,
js/vendors/smooth-scroll.js,10245,.js,962f4e9aa4e14e5a5e02b972e2cd20ec091564af0b69cf644610db5ae6f12666,recurso,Extensión/directorio,,
js/vendors/splitting.js,13544,.js,f0e50193749cc07b91a5cd04323a6808a1637e3cddd97402c76de7000cd9bf1f,recurso,Extensión/directorio,,
js/vendors/sticky-kit.js,8617,.js,de1f18181b11eb07080ac89c5bffe94dbfc8ab2852d11b0bf64fa1420ed6c6dd,recurso,Extensión/directorio,,
js/vendors/swiper-bundle.js,334553,.js,5cfbe1f7d7780a77d7dc4c2aa9a7cc261438c7c39e137aa54dcb86bee5a6e0b9,recurso,Extensión/directorio,,
js/vendors.js,1181528,.js,a8370e0fdbd9dbfd613dcd23223652ea44e89e7927bdf7a0368dcc35dbbcba6a,recurso,Extensión/directorio,,
js/vendors.min.js,521141,.js,33ce0c0ce7512617c8b0222f7d53f41541324edcdea2e79c5eec17402132d00e,recurso,Extensión/directorio,,
kelley.php,7250,.php,8deeb68a0e7570e0e073ae71448413e744a6b356d21734c5bef457be7697acb0,marca,Incluye cabecera pública,5,listado-marca
kronos-puertas-rapidas-de-sectores-modulares-autorreparable.php,5888,.php,5b7bf5a4d6b9d9e47343f52d68b4247b2a8092f825f903b9e0fef5ed54c61edb,producto (probable),Incluye cabecera pública,3,detalle-estatico
lab-4-fotocelulas-de-rayos-infrarrojos.php,3524,.php,8051621d0100e451bb9a711080ed49bd2e423cbb71b8bb12e351bea82e68da47,producto (probable por estructura),Incluye cabecera pública,1,detalle-estatico
lab-9-detectores-de-volumen-de-metal-loop.php,3206,.php,d0154ecdbb85fde1fb4fa340962bb0adb81c7c85d9949d5565017d70d9955ec2,producto (probable por estructura),Incluye cabecera pública,1,detalle-estatico
labio-de-elevacion-mecanico-dockman.php,4150,.php,a040ff8c7fb9216595165f069d866d2b0747b2cbc04552ef78f6b1c4595b30f1,producto (probable),Incluye cabecera pública,3,detalle-estatico
labio-elevacion-anden-carga.php,4204,.php,ff0901559696cafbf9189ce34c5ba034ded064c52f756012f072a661a4160030,categoría / landing SEO (probable),Incluye cabecera pública,3,listado-estatico
lan-4-sistema-de-teclado-con-combinacion-digital.php,4133,.php,1d22c5f6636faf30004ecb220114feed14d36e4ae38281c1009080a1a83d04ae,producto (probable por estructura),Incluye cabecera pública,1,detalle-estatico
lan-7-sistema-de-mando-de-proximidad-de-tarjetas-con-tecnologia-transponder.php,3637,.php,cd6aaacd0ce5c59270af89ff9464b3f7e9e9b7a90c50ba792208fb32477e32e5,producto (probable por estructura),Incluye cabecera pública,1,detalle-estatico
lift-master-mod-h.php,8037,.php,535682ba2bbc2a8f5037c57bd11d4ff01e875fe9bbd5c55ceec07d56d6d083c7,producto (probable),Incluye cabecera pública,4,detalle-estatico
lift-master.php,5659,.php,5b63b2d4cadd6f7cc8308015e751b47bc2863409af92f74982a5534148430318,marca,Incluye cabecera pública,4,listado-marca
liftmaster-modh.php,7695,.php,9474be4e1fc8351740f7c1786d456abf47400b71f19331e91ffb3c1725b1a15f,producto (probable por estructura),Incluye cabecera pública,0,detalle-estatico
light-communication-system-lcs.php,4278,.php,c4b5374480c627b78e13617d24e7b18bc7583fe3c90d560df201857493405208,producto (probable por estructura),Incluye cabecera pública,0,detalle-estatico
links-menu-marcas.php,4569,.php,76d51856ec09ca9bbb9da541f570f79c64b6d0ba595382640cb7342e17f4dc86,include / fragmento,Referencias include o fragmento HTML; accesibilidad HTTP no verificada,1,
links-menu-marcasv1.php,1712,.php,55a289124df99288163e83d6d6a721a6a1999f0463fef1af211bd453e9a04f9a,include / fragmento,Referencias include o fragmento HTML; accesibilidad HTTP no verificada,1,
links-menu.php,3607,.php,6ae82f842bc47833cc39df075455903ffb4e448f1e676ea7f6537c937d2f50b9,include / fragmento,Referencias include o fragmento HTML; accesibilidad HTTP no verificada,2,
links-menuv1.php,2100,.php,4f8301bc4d253fd03bf79a18e25cdf5296c2c53a679a67a9eaa840414bbe5741,include / fragmento,Referencias include o fragmento HTML; accesibilidad HTTP no verificada,1,
lux-2b-y-lux-gv-piston-hidraulico-para-puerta-abatible.php,3256,.php,1bd624dd5869561cd55f75f148c9a13b598c21d13b48589bd89dcd75bf1f92de,producto (probable),Incluye cabecera pública,4,detalle-estatico
luxo-robusto-e-incansable-para-servicios-intensivos-para-hojas-de-hasta-5-m.php,3470,.php,d12fb4cfa19ee4157fb2b9f25e0c9dfd6d899554372f8993372b1e48f2c784a3,producto (probable por estructura),Incluye cabecera pública,3,detalle-estatico
magic-fuerza-del-operador.php,5603,.php,7505bb3657c00a04164fd46f0c51276574f60b08cd7f3d57665c36d90d1c3996,producto (probable por estructura),Incluye cabecera pública,1,detalle-estatico
marcas.php,8856,.php,cff5c425515ba40ba4d13e40b094c20384289c824f7493a4d1a14fb264c5c697,directorio estático de marcas,Incluye cabecera pública,20,marcas-estaticas
marcasv1.php,3886,.php,9324c203aedbb6a6fb9009940dba09ccae13ac8aa00e3d2b97e5cf589e3d716f,directorio dinámico de marcas,Incluye cabecera pública,5,marcas-dinamicas
menu-marcas.php,417,.php,7a289a19fbccf5d946d2e090bf697734a799fb02585130bf7cd699e59cfd2dc4,include / fragmento,Referencias include o fragmento HTML; accesibilidad HTTP no verificada,13,
menu-marcasv1.php,419,.php,9495f46a583b59c7cec1d3bb29ff2c791b1d456b23ae4e433bc79420c802a759,include / fragmento,Referencias include o fragmento HTML; accesibilidad HTTP no verificada,1,
menu-seccionales.php,443,.php,67578bcc6d5decd748f8bb1c650de7aaa108e6f75ee998e8d8cf6e1be99fabe2,include / fragmento,Referencias include o fragmento HTML; accesibilidad HTTP no verificada,82,
menu-soluciones.php,410,.php,c5b4eb35add85ee2a28af9d64521e521702e28c18d4e91bcfe1f15474bc9082e,include / fragmento,Referencias include o fragmento HTML; accesibilidad HTTP no verificada,48,
menu-solucionesv1.php,413,.php,0d8dad19653abfa2f843badbea9c9aad3c19c71bf5de265875d76de25bf1dbbd,include / fragmento,Referencias include o fragmento HTML; accesibilidad HTTP no verificada,2,
multimedia/imagenes/categorias/0068b4920fb7283782a51c12e22e83686e6bd310.png,50476,.png,8561e4c5047fb4ec9cf9b644ddf5f4f39675f39e3ca7e070dde3ee82674c19dd,recurso,Extensión/directorio,,
multimedia/imagenes/categorias/00e4add1010b274fe68755addced6372d5ed3f1b.png,89854,.png,73ff2383a946a779971767cd8f2ee04f5bb5b3a9a80b55b7c68468d6fc504c00,recurso,Extensión/directorio,,
multimedia/imagenes/categorias/029f3af9b38f6de9dedfacf27a27f0626f6da812.jpg,23757,.jpg,eb0396c822fe69c4c359ea9b22bd8c50aa88677f8c0d45fca6b822acfc8dadc3,recurso,Extensión/directorio,,
multimedia/imagenes/categorias/05a5c6c2cbadcb574afa2faefb344ef1eb9dd6e5.png,128882,.png,9fac3a9a07db4ad03f5341471ac6b6d70252da1e6d9bb88e02b0252ef939dc67,recurso,Extensión/directorio,,
multimedia/imagenes/categorias/06628bf29f4379c812bb4a3772a785d45a5453fd.jpg,87501,.jpg,0fa408eb0151d718c2c71e20ba4c37cdb749f080479d9ff64e261a2d67b18aea,recurso,Extensión/directorio,,
multimedia/imagenes/categorias/0a09543a3babd4af8c7ec51dde1568aa91104888.jpg,52756,.jpg,4cd5cdb4f3344dc1dd0ee822aed2b383a61f3d8613fd247644be1b030ee531be,recurso,Extensión/directorio,,
multimedia/imagenes/categorias/0b171bb0fab4ef2ff35f6565e00d00dce803931c.jpg,19674,.jpg,4eba2c8d45085cf15d5b3630b367a197c80ed0c539ea3a9ed657f33cb710140e,recurso,Extensión/directorio,,
multimedia/imagenes/categorias/0cfb58d8f2f64de5560d5d5b3143eede8a398f5e.jpg,29376,.jpg,f28407427bad1c2f596cf63601360d3f2d1819c7cce2ba1a99a6778613588a07,recurso,Extensión/directorio,,
multimedia/imagenes/categorias/0ea36d903ea29b6aa97f368f15c9696c18c54303.jpg,17940,.jpg,eefa0ab53fd57b46e5f6aba65f6beaf88fb85455e676c9a2b511898945c7fa25,recurso,Extensión/directorio,,
multimedia/imagenes/categorias/0edf5e776fb7c7d5fb15c1a67320df1dbaaa07fd.jpg,24894,.jpg,6fcce16d97d321ed41c1a5022d25197f48b6c1a334bf1c6b0cba45e32c97a5b0,recurso,Extensión/directorio,,
multimedia/imagenes/categorias/0f6740d1e3a9e75151f0c89af3f2832253d394c6.jpg,73081,.jpg,07f3ef61d86da032e41670003bf617a623b127ce3a70b897db1aa145a423902d,recurso,Extensión/directorio,,
multimedia/imagenes/categorias/0f9e3e6b05fba1419f7cfc6a265335db09db367a.jpg,13594,.jpg,85e471ba305f493a0e95bae85e3c8efdfdce45a76be4d95e784ca20a59173cfa,recurso,Extensión/directorio,,
multimedia/imagenes/categorias/1273b44cb7fea331d80071724f13afdf72a997e7.jpg,33265,.jpg,8e4b342a43cdf04bf0da3974a16a35f1f3b56f9bbb776ba6434123dedb7939b2,recurso,Extensión/directorio,,
multimedia/imagenes/categorias/17a21eba3e7af6ee97482516ddad6a5b42e19bcf.jpg,4532,.jpg,3917f5d8b06baf6359c74784e8d119ea928380e7777bf5ab58ee1bd3e60ccda9,recurso,Extensión/directorio,,
multimedia/imagenes/categorias/181faae1dcfb99c61b24f4b1b55bf54eb39bec74.jpg,28863,.jpg,a80ea11aca67c35a536d87ebff0d59d8a65168026556567728dd4ce9aeb21811,recurso,Extensión/directorio,,
multimedia/imagenes/categorias/1f08c992ec5ff11246b3c2c99fab1a38f63cd586.jpg,3479,.jpg,2d888a02d00113ab2c22f85f52a2aefe9e2c54a9a209d57adea17de324478622,recurso,Extensión/directorio,,
multimedia/imagenes/categorias/21fa9a025a79c31b3f94d18bb88051a29cd1feac.png,14781,.png,bf4d38d8d12a0c50e6c47b1b782491c84d9f774dc8657b4a92cf3aad3856af01,recurso,Extensión/directorio,,
multimedia/imagenes/categorias/2796b3a1d22bbf5e8f406e7a5dcdc12c553c9cff.jpg,22193,.jpg,ac9cd8206ae89563aa850a8d3e70e87a6e7e82c3942d2fc4c07f5a8f2f0a8d66,recurso,Extensión/directorio,,
multimedia/imagenes/categorias/2c8a47701b16d1dac245ea4437b1412efaa80708.jpg,7266,.jpg,a203f2e265fd805d96a2f8da3810a4b155f8c3220b706266e69654629f799b8d,recurso,Extensión/directorio,,
multimedia/imagenes/categorias/2f90e8bd3fd035a9da7cc88f5e54763dbe71eb65.jpg,4833,.jpg,7357b493cceee26ec9bed27922de9e530f79b1cdb11ab7e063e9f381c24e2c77,recurso,Extensión/directorio,,
multimedia/imagenes/categorias/30014f61ec40c649baa0fa4ea15a4e8b067e78e8.jpg,15820,.jpg,fabd83565b470bd9168de92acf33963d5e9daaac5c1c862dce549f7ec55d8f6b,recurso,Extensión/directorio,,
multimedia/imagenes/categorias/307fdf976b3d333b75e619efb8c145ab31e593dc.jpg,48685,.jpg,54fa8f838db81ab95f40b1e6b47073a9ec3b2359b482ae8014bc815b82d4cb35,recurso,Extensión/directorio,,
multimedia/imagenes/categorias/3209bcc4f3913b7e093067ab4198c0dd1919285a.png,92232,.png,76d6d04aeb97714363f9643e4d320d843f81c51d15f4435f7f9411e71b2c9adc,recurso,Extensión/directorio,,
multimedia/imagenes/categorias/3406ae21b1fce7c365a914e031abdc7087b0025b.jpg,20991,.jpg,0680495baf7def44d5e84909627d3a27be962fcde926224dd97b6e49d2593ac6,recurso,Extensión/directorio,,
multimedia/imagenes/categorias/36fd2d5b2f378a67bdd6ab16346bf83c1cd73038.jpg,39210,.jpg,2158e3e0ef6d33658e6dd84300c012e6003cab4d13c0f53b0000fc28fae0c411,recurso,Extensión/directorio,,
multimedia/imagenes/categorias/37b40cb15d4ce16f5ec13739e621730982b42b69.jpg,8386,.jpg,e930a4c837fc1bb3e94d745bf21bfece817f2e8ab2981789b34a54dc7bfb0630,recurso,Extensión/directorio,,
multimedia/imagenes/categorias/381cccddca9068f4f928c85a45b3fbf221cae6a9.jpg,26138,.jpg,dfb6ae73bc9a1d16967dee04e20a2949fc97ad84701df85daae9f40287a17260,recurso,Extensión/directorio,,
multimedia/imagenes/categorias/3895266c5e9f7b5167566e2eb2f00061cee5ef27.jpg,6123,.jpg,1221d6cbba94a609e5f577cf352109fbe159745c8e213f10358ed71e5ff2c90d,recurso,Extensión/directorio,,
multimedia/imagenes/categorias/3c6f460cc1486506219239ca2b7e5a8e8ad87a60.jpg,7047,.jpg,0c626718d403fed03bb85fc08084497ff4a0ac0f42e15c7deee89a5b8cdaa959,recurso,Extensión/directorio,,
multimedia/imagenes/categorias/3ddaeb1071fba1aaf58c92e17454b6da7a867d65.jpg,8188,.jpg,59c952224f7dfe583350bb346a7348ae864275ee37e6b24dd84a62457b258925,recurso,Extensión/directorio,,
multimedia/imagenes/categorias/42336e73dccedae9650caacf0b1fa34d2449b810.jpg,5178,.jpg,99d83111feef8140457dc4934ed46b869826092d3a0f794b6b23e0e86fa9884f,recurso,Extensión/directorio,,
multimedia/imagenes/categorias/4642ed1152768003ba74c0c5b07deb1b7b6d25b5.jpg,26138,.jpg,dfb6ae73bc9a1d16967dee04e20a2949fc97ad84701df85daae9f40287a17260,recurso,Extensión/directorio,,
multimedia/imagenes/categorias/472af368af5ea63215b4fb5bf50b70333407565c.jpg,7294,.jpg,e73785ec9177970e744f615575b5cb0e8d4d06fd9d653e06f60e8b05650a7d3e,recurso,Extensión/directorio,,
multimedia/imagenes/categorias/4743716b36d08853d49c8cdb4c43b932ec851f53.jpg,49322,.jpg,0dbaaa8782c315362eab06368b75bf8f35beaba536d2ab40743e9badfb37aa56,recurso,Extensión/directorio,,
multimedia/imagenes/categorias/4c6bb8fc4dc4cfb9ac3cd319aaa4e90bd9bc4290.jpg,77035,.jpg,82ef15cd33fb03cd8d303bebcb288f663dfedc6493543c3c58f60091e0fb4af0,recurso,Extensión/directorio,,
multimedia/imagenes/categorias/4cecb81fc859ba53c31452341aa945cb0a739f32.png,94930,.png,133339b32186cdc9487379762a06d60f9e660dd1653547211caf9418897b655d,recurso,Extensión/directorio,,
multimedia/imagenes/categorias/515b43c73aa1c45d1bf85899211f9a437fede341.png,112324,.png,aa7cfb83b91855313c2d3f12171484ed141436a6f33d9019660ec18876d35320,recurso,Extensión/directorio,,
multimedia/imagenes/categorias/57916324f5c6bdf483e67a51dc944c6604195e81.jpg,9903,.jpg,30db85c5d8e9fa5aefc4a301b7dcdd521cd8abc714d3ec41618227c968aaa14a,recurso,Extensión/directorio,,
multimedia/imagenes/categorias/5c05ee88500e24495e6b148467b18d61a10ff979.jpg,40451,.jpg,03cbd07716b44b6f922203883911378ea9d3778270ead7ac92d33c0e764a0836,recurso,Extensión/directorio,,
multimedia/imagenes/categorias/6289170103009cfee50408d11cacac9708d82806.jpg,25836,.jpg,843f6c535c8f257ef107cfbad284e2dad8aec4b8a3eb26b3268414a8e3f8528b,recurso,Extensión/directorio,,
multimedia/imagenes/categorias/62d26b7dcc4290671a007978a3e7cb7893218226.jpg,6957,.jpg,905bb398614413a7dd1ac2430ef6cc198349a836df72e08f2deb1deb0564ba46,recurso,Extensión/directorio,,
multimedia/imagenes/categorias/6aa14c2ecbd51294160da91cd0916109846e0a65.jpg,28658,.jpg,fef3feab45304bbfc08559979dcb1719fa93a62124cf872d6d98db482aa99640,recurso,Extensión/directorio,,
multimedia/imagenes/categorias/73e404c9ef4bc5a5e6a3576c4f2c0f7ed9b44fda.jpg,7047,.jpg,0c626718d403fed03bb85fc08084497ff4a0ac0f42e15c7deee89a5b8cdaa959,recurso,Extensión/directorio,,
multimedia/imagenes/categorias/7970c0c0dd68e0beb8cb5debc8ab8bf3112bc1c7.jpg,19933,.jpg,1d0e0177df520ac3c84266b01ed16b390647c3c56efca170f167601ef233bb69,recurso,Extensión/directorio,,
multimedia/imagenes/categorias/85289e572e3a01ca44fd21d11895fc064badcb98.png,54747,.png,890f8d6996dc9e47832fa5bafdb130897b4cf31d2d95aa9ffbd7512b40a50191,recurso,Extensión/directorio,,
multimedia/imagenes/categorias/87a7f2f411790a4bc6e59e8b63c0ee37904a5610.png,28850,.png,b5afbc64642c284ed565b280208c514d0ee8cc89a14e4a638d889ebda4dba72b,recurso,Extensión/directorio,,
multimedia/imagenes/categorias/8c12a4fa46746e8273fa31b0446dc58c4e45f9ab.jpg,7913,.jpg,e10f34a330f925e5736b113b1f7ad196c1aba3b3992d6b50b6e4592f1d0441e9,recurso,Extensión/directorio,,
multimedia/imagenes/categorias/92f0a121e30874685886bc84d73b8a0095a12d51.jpg,4998,.jpg,b6417e18c7c183bc7eb5245e49157294c0fc465ca21518ae9b3f38dbee01bcb8,recurso,Extensión/directorio,,
multimedia/imagenes/categorias/9518132905db9212212811e71bedbdb1335865ea.jpg,7923,.jpg,6a6bbc1cf36d0a70af2e6ca70b80a6b3567b167361b986084ffd876de020d1e6,recurso,Extensión/directorio,,
multimedia/imagenes/categorias/95559418eeb6380d3d63011f2133abdafd7ad83b.jpg,11909,.jpg,c626a8b827559554e5d88f6db3982b05f135dab3628ecbcf2b68e84cfac2e67a,recurso,Extensión/directorio,,
multimedia/imagenes/categorias/9989990198bbae12dadf41624629613e330c4a4e.jpg,32158,.jpg,581fc7298ffc5bcef461fd0a055add428f824f4aa1afa5c8d5da236bd89c5f8c,recurso,Extensión/directorio,,
multimedia/imagenes/categorias/9a569da63e3a813779fc89cab5bace690d727013.jpg,42609,.jpg,221f02b0dd66737dacfd01d85a682ee4322d31d6d81efafb8a491591069b06cb,recurso,Extensión/directorio,,
multimedia/imagenes/categorias/9aa38823e5b22f19d72fa30337e9b3f497cc70e2.jpg,7080,.jpg,9fd91a0b223674a57d1b383df843e890aecf7ddae779929b619aec2ea093df30,recurso,Extensión/directorio,,
multimedia/imagenes/categorias/9b7e698f83991a058eccae73a155559aab8814f2.jpg,22315,.jpg,6f98608fafdb7d7cab6e458935d9b90df5a23363b3a50f1163d45a47927294b2,recurso,Extensión/directorio,,
multimedia/imagenes/categorias/9d9a20408df6436de90f0aa343b1a735684da6bf.jpg,7118,.jpg,bd1bddfec6078fb8e5997af12817e5ccae928415749b50b94db972d270f88379,recurso,Extensión/directorio,,
multimedia/imagenes/categorias/9f2f4d7601bb79d991cf17d788513fe458d891d3.jpg,71519,.jpg,6efbe55c7ded36871caf33ced0a10896b986fb38085784f0501451dcae665410,recurso,Extensión/directorio,,
multimedia/imagenes/categorias/a1ca3275f32c31d7e6a3c8f597d1a18a53516e63.jpg,11209,.jpg,5dee96eeb2fdcc710da1bfd8580c4103dcfde9856390f3935b98c93c5c187d47,recurso,Extensión/directorio,,
multimedia/imagenes/categorias/a4633a99aa959e57a39bda53a945844932c4053e.jpg,29121,.jpg,594bd33a88ea646e3d7d6eb73788d5de21786f84c89b9f62cf22eac552c83b4f,recurso,Extensión/directorio,,
multimedia/imagenes/categorias/a4dcd01b6e1434b3b7e1cea35d72cf3430b134b4.jpg,71037,.jpg,a8fa9836e29061295f5584bb1fc0927d161bc63d70a253e0fd3fb674979f70df,recurso,Extensión/directorio,,
multimedia/imagenes/categorias/a677a5e6752184987a95b860f7c32f53270407f0.jpg,19608,.jpg,55909fffadf19fbb1ba4187fe9d6e106ccd90a39b12fe70bebe7f1a55ae4ad4d,recurso,Extensión/directorio,,
multimedia/imagenes/categorias/af80b503771468234ea3335ed9a79f053ac97ac9.jpg,7585,.jpg,5d7be18c0b73a46342351c49021ba128b2cebd5e1e54fb6923c1bb3259d8b530,recurso,Extensión/directorio,,
multimedia/imagenes/categorias/b0b0544e480122ffd155693ea3e945cff098a235.jpg,13341,.jpg,f489a022cc64e5e148976af6183c496198ad05ce204ee0275ab42dbc0f1f0b3c,recurso,Extensión/directorio,,
multimedia/imagenes/categorias/b0febde0c13d86cada3c1dc5a24f75d0bf60b9c2.jpg,8461,.jpg,0228d90574a039c6022efea8e118e278e7c42a1a83e61761c9527ad3fc220e79,recurso,Extensión/directorio,,
multimedia/imagenes/categorias/b20676a561943df5b36736c402a5944725d918c6.jpg,23149,.jpg,b49d3e3a01948abca70e3c97c9430266948abd95f2b87e72f34988e0f927b414,recurso,Extensión/directorio,,
multimedia/imagenes/categorias/b84c70fd47dcc2b46b4e518727ce00f0ea8a6356.jpg,53697,.jpg,413a690c1312ad1b96cb1d6fa9e97041ebec9f135271f35703771e34823265ee,recurso,Extensión/directorio,,
multimedia/imagenes/categorias/b8c2dada643f433f713d22becd5ffb6cdd48d070.jpg,5843,.jpg,d044ea4ed889696185e8c67194544191873bdf3b8925a05296fdc0cacd04fce1,recurso,Extensión/directorio,,
multimedia/imagenes/categorias/b9267d54f7219a984975ba83c28f39687b7165c6.jpg,71489,.jpg,4d9063e77ce2655c26e15f87ee703f0283981ebe9bc00f693b8b550421792f1a,recurso,Extensión/directorio,,
multimedia/imagenes/categorias/ba3733d69089dc21936987cf281bc5fd9c013d81.png,45560,.png,06325e1bbf7784eac88305904f980644a338b9d5aeb08eb70fe51ef55caef127,recurso,Extensión/directorio,,
multimedia/imagenes/categorias/bb8dc4ea32bd7893747008de1764e061f142e02b.jpg,33317,.jpg,8e1bcf423661168d2ae8f38d20454ca90382981cae58a0550816c8d6286e75f6,recurso,Extensión/directorio,,
multimedia/imagenes/categorias/be2f311aa92f08c08c00fe0cfc8730fe8253fb59.jpg,12385,.jpg,07b8430a44342c9e707891ba99e072d046acd193d787133ce2bbc6bb5fe20b4e,recurso,Extensión/directorio,,
multimedia/imagenes/categorias/c1d9f151ac7e02157706645db82b208f9d1746c6.jpg,3384,.jpg,22c38a636b95da4eb8808ec33f6dca13e19c416213749b8be61123ce868f2751,recurso,Extensión/directorio,,
multimedia/imagenes/categorias/c5d84c5a35b526d95808f39db16aae6f392aa052.jpg,3873,.jpg,abad59f979203fad33678339f81714f0ec28cd18d91ed337c25b0f1f82138302,recurso,Extensión/directorio,,
multimedia/imagenes/categorias/c6e1bc82ea0d1f22a98704a7fdacfcf17e14b498.jpg,8989,.jpg,55c427ba8fdd88a9019adabb99386e6078ab60113e81e6a4ccbd952d27de0f72,recurso,Extensión/directorio,,
multimedia/imagenes/categorias/cabf3ce04f2934cf3dc33b386f7936919c1e9369.jpg,7780,.jpg,db6f7859c13d25308419d3d66b09f9475cbaf924703897972462be842facafa9,recurso,Extensión/directorio,,
multimedia/imagenes/categorias/cbd6a7cacb8c2a97d286305d91a35621f578ccb4.jpg,7923,.jpg,6a6bbc1cf36d0a70af2e6ca70b80a6b3567b167361b986084ffd876de020d1e6,recurso,Extensión/directorio,,
multimedia/imagenes/categorias/cd72ab26741874ce0f7e1436cdbdb6940f05bc64.jpg,26547,.jpg,0a2e6288b64875b5da48e79a9bdfe98d89f331895bd7493f03446279b39b494a,recurso,Extensión/directorio,,
multimedia/imagenes/categorias/d1cf6a11d7781492d7225cf00c38395192f7c60e.jpg,10793,.jpg,51cf21372ee87008f84e00574847fee0b68c7035f55902ee5a0e19a130b2980d,recurso,Extensión/directorio,,
multimedia/imagenes/categorias/d3406d2e8ecb6d2c64e6862e3ed1cfe460479186.jpg,22302,.jpg,da63af12bd4f95cdf09562a7eee0aa28538787d9ddc4d91b6669f5d41f98737c,recurso,Extensión/directorio,,
multimedia/imagenes/categorias/d4f4f265a05df2f5187a19261fd861dad02ff37a.jpg,9190,.jpg,16c7b4fd343a71ce34f8b3c5fda7c975b39a20fe057b94a3c11620c2c0fcca98,recurso,Extensión/directorio,,
multimedia/imagenes/categorias/d8068e9397735dbea2a0cc443121d94f5bb84777.jpg,12651,.jpg,f1ded908b1f13023724947db0998e7e6df7412a188ef14a85535a51b9d38a437,recurso,Extensión/directorio,,
multimedia/imagenes/categorias/dc8d44b9494086c831a15a937bf5b1cfde2036e3.jpg,8704,.jpg,fd21312f8381f8196edb71b16c1589072fd62c0fdae2b23c1774115c890f8679,recurso,Extensión/directorio,,
multimedia/imagenes/categorias/dc93d255b816ed859bc35d8634a7b813182876ea.jpg,85407,.jpg,dc835029320a79986c4a9391fb6ddbe38a0f5c74b36d027fd40799c615aa22b4,recurso,Extensión/directorio,,
multimedia/imagenes/categorias/de0ab21bc8d4da24a8f93d247024b0d564addacd.jpg,44179,.jpg,45eecc1638f3f8566ae64e291d81a92567f74a306a33f238943f89f0c847eeed,recurso,Extensión/directorio,,
multimedia/imagenes/categorias/dec91cdc543e16578bf8e7e7c7656ff85ffafdcf.png,94930,.png,133339b32186cdc9487379762a06d60f9e660dd1653547211caf9418897b655d,recurso,Extensión/directorio,,
multimedia/imagenes/categorias/e0735c5d3fa243e3b3a3508b05c171ad43c482a0.jpg,13479,.jpg,2a78f92cf6c3d4db1ccbc4846ad6e47807cdac830472f287e4a263cbc2ce187a,recurso,Extensión/directorio,,
multimedia/imagenes/categorias/e43141f69bf9d40f2183f4c5d8f6626e33078301.jpg,58998,.jpg,c17317487b47b69d4a5ef746bb2049dc7d0b252c1d91146f65b7bc7540638606,recurso,Extensión/directorio,,
multimedia/imagenes/categorias/e5f6663418ee3dd23acffb6ea3c3d74f5c3cfc77.jpg,105037,.jpg,8158bfacf7daf712730b3ed1e447840660a034f4bfac15f92b2598632e406056,recurso,Extensión/directorio,,
multimedia/imagenes/categorias/eb2659b20e91eaa450fef682e711ee86df90f3fb.png,13989,.png,e0aac55fb17dec2f7899b560775829d805a8b1ff6b5813fb3dfc1dd2577bcdef,recurso,Extensión/directorio,,
multimedia/imagenes/categorias/ec94a4e6c0c1c2c0b129da280cbd23040f67882c.jpg,10524,.jpg,c29d92e79600d77e562dc8fe8e533030f01f17b357ab1825300c52ee9093d439,recurso,Extensión/directorio,,
multimedia/imagenes/categorias/ed63d21ccf2da2fdcf0ffdef6bb5a8138902ae22.jpg,4838,.jpg,c5c7ab1823ce935f9438df73c1c9b1153548175bf1e42c3006bbac9bbfc1edb6,recurso,Extensión/directorio,,
multimedia/imagenes/categorias/eeb79ca05b58fd631fb4b77d54b5be389d4813ca.jpg,6784,.jpg,dc5ac6f0c5aaddbbbc2fb51b381a604dc7ed860200653c5c94d7457018d674a4,recurso,Extensión/directorio,,
multimedia/imagenes/categorias/ef8c44cdf31af7e683bbafb5b1b8fff0e60c4d5c.jpg,30120,.jpg,c40f1b64ad3a10ad4ba7fb1dd279f8bee60bda8eec447b8d1830fd373708258e,recurso,Extensión/directorio,,
multimedia/imagenes/categorias/f62f5e05331c33d8d6ca84d6f7118f721f9f3c87.jpg,21692,.jpg,ec6a69fad40e670e2dca644a93bf5d5bdd1e5983a9ad9e530b69756897c991e4,recurso,Extensión/directorio,,
multimedia/imagenes/categorias/f80727c474896741a8038054fb09744fe57aa71e.jpg,39548,.jpg,8fa55c920ff59bae875d932ece709c29205385ef45bb2f4a0d25d407c5ba98b0,recurso,Extensión/directorio,,
multimedia/imagenes/categorias/fd40705f125e9b9d50b5c585274bbd71518a148e.jpg,5940,.jpg,f98b377fee03ee23745e50c71a736a8fb685fbc54245536044d526815234acea,recurso,Extensión/directorio,,
multimedia/imagenes/categorias/fe89240b1721fc0410e023f5873f2f34aefc110d.jpg,37976,.jpg,3745a50d822c9e266cbe76a8f330c0ede555f61dc832f6ab74e11da011fea74c,recurso,Extensión/directorio,,
multimedia/imagenes/marcas/3dfc4a0a42fb77d277f6a253055490713a09bf84.png,23469,.png,025d62119dc7969c2406e16129985a3cd70434d74413897e36b57b00f3a12424,recurso,Extensión/directorio,,
multimedia/imagenes/marcas/5b0fb510e229686ea648c8c844a72d055a43b670.png,75606,.png,9361c1f4ddf25b9db1556a6c05cd0087728d03c588dba3a205935fc9c7163f81,recurso,Extensión/directorio,,
multimedia/imagenes/marcas/6ef7fad3219ba60a1896d1e4acb7b3b02a57ee21.png,75606,.png,9361c1f4ddf25b9db1556a6c05cd0087728d03c588dba3a205935fc9c7163f81,recurso,Extensión/directorio,,
multimedia/imagenes/productos/0099cc357ac5ec7a9ac634a9340559a877ae2bfe.png,157050,.png,502210b6cafe65de40bc4cfcaf29bca364fdd3179bd19e929982d60bb28d43e6,recurso,Extensión/directorio,,
multimedia/imagenes/productos/00bc282b6c3e4bc3f44edb0a0090381b4a1871f6.jpg,18419,.jpg,0e76103049604d25b1cd8c79f35a4f4412e5dd0bddc287837800c97f6b81b505,recurso,Extensión/directorio,,
multimedia/imagenes/productos/00e4add1010b274fe68755addced6372d5ed3f1b.png,68349,.png,19e8147bb7d170d9a4ce64de93197b55904e13cac9bebeb716fe9823f149059a,recurso,Extensión/directorio,,
multimedia/imagenes/productos/017ec857c44863b7dd8669df1a0ccf664e13333a.jpg,3319,.jpg,875c61a03b46925fa1223bfdeccf65cf8d879f0ee6e28c1f22e2652d52da297c,recurso,Extensión/directorio,,
multimedia/imagenes/productos/029f3af9b38f6de9dedfacf27a27f0626f6da812.jpg,17751,.jpg,75c74c1cbb63e050fd0b0d7444020291d1afd8b3a4be304b226289efa0bb83c1,recurso,Extensión/directorio,,
multimedia/imagenes/productos/03539e99ececb14a41092403988b20f23fa3dc34.jpg,15980,.jpg,64dff4bf6d9803603ca3639c6b704ca555575a78761589adb788ab96fed2f519,recurso,Extensión/directorio,,
multimedia/imagenes/productos/05a5c6c2cbadcb574afa2faefb344ef1eb9dd6e5.png,128882,.png,9fac3a9a07db4ad03f5341471ac6b6d70252da1e6d9bb88e02b0252ef939dc67,recurso,Extensión/directorio,,
multimedia/imagenes/productos/0673299f8dd00b7a02842315e57f79643500a48b.jpg,9018,.jpg,5d49692581b5af39c4e8f474cf48e0ca1d1932454409239a8efa28b68764f10e,recurso,Extensión/directorio,,
multimedia/imagenes/productos/0741fe650f8f262e3088c0bc9c1cfbff57a0277f.png,7903,.png,d7ea0bed0e75b0dd6f006491b8c6c0d49338986b0747b3a3830d8b03eb44d18f,recurso,Extensión/directorio,,
multimedia/imagenes/productos/07ad1a456d79358327288475659aa291183c72a5.jpg,41430,.jpg,f4452f5f1eea94dcd53d1ef7b0c91f4a463d6f1e483ba28f253c6b145818a8ab,recurso,Extensión/directorio,,
multimedia/imagenes/productos/08483441ec7d56f8fa2e63eb0245da2743f7a520.png,8477,.png,c061f3e77eae24d9b1321dec17046abf1b9e64fe48f9ca26b98757bbca771f5c,recurso,Extensión/directorio,,
multimedia/imagenes/productos/08952059074c4e1ceeaa2889eb4333a5c2dea81f.png,11192,.png,ef085e56a873a7e8c526f542f7060f3693e2daf4f335144a28e21ba4a81933b1,recurso,Extensión/directorio,,
multimedia/imagenes/productos/08f70b8e3d1462e5485072f8e626fd18903a1fe5.png,132305,.png,789601aca28a53cb8f2a026240bed094dfe3369bb592a79fcd07c9a5f0190a11,recurso,Extensión/directorio,,
multimedia/imagenes/productos/09bf4fac1ee96c22366cad837926f3dad9466b5d.jpg,32331,.jpg,9e87684ecd3c98153dca081dc1ebed8425787a43fdf6cdec4ad4cd60061d84f7,recurso,Extensión/directorio,,
multimedia/imagenes/productos/0a09543a3babd4af8c7ec51dde1568aa91104888.jpg,42448,.jpg,b4835c269cbc770faa1a67c59832b7793c347429e5e45ade7b85712408799266,recurso,Extensión/directorio,,
multimedia/imagenes/productos/0a1756a8d2de1c57a8e4049484ade7b24731c8a9.jpg,6395,.jpg,46c86b9b70c8bcb98f20461c4d75d5d2f9f97679c00304ddd896e2e241625b9a,recurso,Extensión/directorio,,
multimedia/imagenes/productos/0be658f1074838b4841405acfb8c8be22f2b425d.png,176303,.png,377c9bab60d1325e5e3b152221b09d9e51e156915a3dce0dba3bec054d7bb9bf,recurso,Extensión/directorio,,
multimedia/imagenes/productos/0ca2c98ecfd9880ae5892307470348497cb41f71.jpg,3199,.jpg,e5d5c2d184f6f167d9fd7bcb99e28dfe90acdb25694d1d4a41220fbefbc3c90f,recurso,Extensión/directorio,,
multimedia/imagenes/productos/0ea36d903ea29b6aa97f368f15c9696c18c54303.jpg,14210,.jpg,6f4c4da6f3555fe15d2fc5308dba2f1d7474bc7b4374b40a5c4087c645197e7e,recurso,Extensión/directorio,,
multimedia/imagenes/productos/0edf5e776fb7c7d5fb15c1a67320df1dbaaa07fd.jpg,18629,.jpg,2d87264c016222a3282a50960765eab388abfcfa62659da8d25be7665991ad3c,recurso,Extensión/directorio,,
multimedia/imagenes/productos/0f99d1aea9ef6c7dc7a34f121abfbdabca6b4f93.jpg,4520,.jpg,2221dc4c4bbcadfae55ff82d6459799f22f5f6b4166924649c13fa7e716d355a,recurso,Extensión/directorio,,
multimedia/imagenes/productos/11b9d3d36bf1efdc92052289a369f05219e2a104.jpg,1462,.jpg,9f9fb2349fd5eab45eb3fa23abf00c77cadfa128ee82c3c54639c1f2dccf0579,recurso,Extensión/directorio,,
multimedia/imagenes/productos/11e768171c4577cd4cc8507076717f1e85be55e8.png,7659,.png,417c7053408485b88eab29c4749003b6c5d705437f0d5d10f23e6aa8b4b1f0c9,recurso,Extensión/directorio,,
multimedia/imagenes/productos/12a314d742440943c53d7a9f2f1cae1002710e28.jpg,3517,.jpg,57a269f335c88b16563c328b6e00694264a94195378cda8525c65849c0bb29e0,recurso,Extensión/directorio,,
multimedia/imagenes/productos/13891e03c4ecfa1b8393cbb338f1819423d401cb.jpg,3021,.jpg,55082d8cde727f5de52f3cea5b07189f8478c6b47b42525e2d7d6a56184cade0,recurso,Extensión/directorio,,
multimedia/imagenes/productos/14244b97febc7f54256ae0dcbf491a041d9e25f7.jpg,5293,.jpg,96b58dd63e2cc624ddd3671da8f437fab9ec570baecd07478b72d47a2c6c42e0,recurso,Extensión/directorio,,
multimedia/imagenes/productos/14969a481112be738d6c20f8b640cbfae2aa430a.jpg,14807,.jpg,06c33f6766efb6af23ad99d1e543b801dc23889deea67482b19e60d6011cf8ac,recurso,Extensión/directorio,,
multimedia/imagenes/productos/156cc74b0df9bb29931b5a748ac466a9ff8208b3.jpg,6399,.jpg,2e81835d5d7fd690cd420878a81480c5585475ba982dcdf1b6757f6e016f745c,recurso,Extensión/directorio,,
multimedia/imagenes/productos/156f62a9d76cbde9a439ddc82ead8465d82c347e.jpg,3213,.jpg,5e2204ff05aba938f30b0d950429ed593b0e92b09ced5f28c1b0c8f36184d560,recurso,Extensión/directorio,,
multimedia/imagenes/productos/1573a9c4fbea34db1caea42a6ed3c987bfa2f160.jpg,6611,.jpg,d6ad543b60652862a661e9cea83bc552df118a13b83382ded64cdcd4870772c1,recurso,Extensión/directorio,,
multimedia/imagenes/productos/15f69b7bd580882fc5f453496ef06e085cff5545.jpg,3166,.jpg,64f059045d660d8f0b6e6512366030aa02c55958b84b188be41c4382d139dace,recurso,Extensión/directorio,,
multimedia/imagenes/productos/167e3f194092173e480afe98e083ac3e4c77c2e3.jpg,3378,.jpg,397fd251097c912066e0eb37d213fe564039136de7d813e4814c0e5d756b5f52,recurso,Extensión/directorio,,
multimedia/imagenes/productos/17a0a640fe8c4bed587c8a68d253c32091f8cd79.png,112611,.png,2ae02524d95b8f0c2c792c0f8ec9bf77fe70a9bcc42da03b44aa445a0dd8d08b,recurso,Extensión/directorio,,
multimedia/imagenes/productos/17a21eba3e7af6ee97482516ddad6a5b42e19bcf.jpg,2005,.jpg,aaf461e902e1e6a72376f933bde10f3be8296a11424bc8e7119f32fb3091c93b,recurso,Extensión/directorio,,
multimedia/imagenes/productos/181a5b1fcb03b8ab6376a45db6bb565a22da04d7.jpg,35683,.jpg,94babffc0db5bc26a901ab0181a80b2044b7499445c849490c59bea8d080dceb,recurso,Extensión/directorio,,
multimedia/imagenes/productos/184a00c5325f589792fc0a2b786bb64f4cf1af10.jpg,44356,.jpg,6b73239ea6d573b1acee6b2d8c9fd71b95813b231539d6597133333c5dcf2249,recurso,Extensión/directorio,,
multimedia/imagenes/productos/190978ffd8550629d52835f08d699790570de450.jpg,43207,.jpg,41e959fc1ac77eb96ad920bfc36dfb0d2a44770308174bd4db327aa447149147,recurso,Extensión/directorio,,
multimedia/imagenes/productos/1928af6099d1fe4e06315432541a2959045d8a91.jpg,16045,.jpg,e2c6e22baf5caf30a29f8c0b55e44518308216adffb39ab146b5c6932839a593,recurso,Extensión/directorio,,
multimedia/imagenes/productos/1a335f84d428ad1d1d70bacc117fb276eb89643a.jpg,5723,.jpg,1364a89352808dbced34e5f5c8bf6380c33c6b15a386fff45a5ed705971d25e0,recurso,Extensión/directorio,,
multimedia/imagenes/productos/1a76a5044fe865297a21321827734e718edd7a50.jpg,3271,.jpg,234fee44dd38cc99c9af036cf6c7f97958543db078f55ddc55979db704e431b6,recurso,Extensión/directorio,,
multimedia/imagenes/productos/1b2a64330ac09a6a8703a86237ab915070ccea63.jpg,11115,.jpg,25c5f81b815a5591e9b171ad81f5de91632cfc42271a7913691d220f2a6beb4a,recurso,Extensión/directorio,,
multimedia/imagenes/productos/1bdbc8573b16aac59ded3f3125ba1708c9b31055.png,38562,.png,89c4455add7570e6bd8928c1a5348bb154f0e13d24c2b86e0af978f361fb70a5,recurso,Extensión/directorio,,
multimedia/imagenes/productos/1cd185491018a76917c79e14c41b2b0011319b80.png,49523,.png,3f9357bd644ba8a287a486877c87fb75cdcfba35c583f012dc6e3d0b1dbe6b84,recurso,Extensión/directorio,,
multimedia/imagenes/productos/1dc9440b5554feba939f9d0bfa45ca8255023c59.jpg,12082,.jpg,853642edca4af6d1254b069d3f587d6723ff2029f06dc33fb240b2cb36465cd3,recurso,Extensión/directorio,,
multimedia/imagenes/productos/1dd05ae0cd66252746a17313d414d0be22ccf43f.jpg,18724,.jpg,b713b8d7d5fd69733e7f582ef76ff0f711c36f49295e4c63fd900a3c33d2b847,recurso,Extensión/directorio,,
multimedia/imagenes/productos/1f08c992ec5ff11246b3c2c99fab1a38f63cd586.jpg,1756,.jpg,93fc2a5bf65fcb5ffee11c92e219cb9be895f11e926e3e7ccbaa591bf84b6bb4,recurso,Extensión/directorio,,
multimedia/imagenes/productos/1f77aa6b34d2c431879dd72b9cd779a2515818e9.jpg,3190,.jpg,53b247af46282949a68bf1036b3a6c39c9cf11e38a3d28aa9f2312e858217b00,recurso,Extensión/directorio,,
multimedia/imagenes/productos/20162e2d303a3eca6ff36017343562a94980ccc0.png,112579,.png,8c31c4eabc3bffa5766f06fd6470bb076fbc2f11479b23161496b994cae15c47,recurso,Extensión/directorio,,
multimedia/imagenes/productos/226caac31d2c72dc9a4e9e5937b42d25d2181733.jpg,42487,.jpg,f5d6d78b7c394c61d6ab789bbaaeda8dac4b7f01c64f7efef406d98daa0f34ba,recurso,Extensión/directorio,,
multimedia/imagenes/productos/2275a86129b6621c5e4709586c4b3b2e6e4320ec.jpg,3201,.jpg,22387c172e7286ed6ac3638d03460cf50a921cfabb9f44981545ab4b8153fd5b,recurso,Extensión/directorio,,
multimedia/imagenes/productos/23d64ba6c7e061271bc6fdafa624c8452f91f824.jpg,10198,.jpg,c9aad816851a9a2612cfcb6c0234a6e9d349918b9af33ff54bf1d123e5cee587,recurso,Extensión/directorio,,
multimedia/imagenes/productos/24e0d6f15c24675c2a029554f605dba9d7f47c93.jpg,24789,.jpg,b3b0cc897bd8c97e9eaef33e524dd2a2d790b20d0d005be1fe7ef9d83f856277,recurso,Extensión/directorio,,
multimedia/imagenes/productos/25c0bd18b4ddf41ccc3ed87801a972890011ed2c.jpg,2265,.jpg,cdae68217778286cf38f76964239b545733e4916d8f6ae184e8e93be48f5948a,recurso,Extensión/directorio,,
multimedia/imagenes/productos/25e0f577729ca9184cc4388fe11b73c42883dcec.jpg,2610,.jpg,1e490586541814358056ab963c7dcc2111458135c9805299665e7e707676ae3b,recurso,Extensión/directorio,,
multimedia/imagenes/productos/264a7a4be0e359c55b9c412aa8ca06b188abc854.jpg,15179,.jpg,035acf9a55cb42ba9c22a75e0209ccaeb55d33cfe8e7ff337b08afb49ca2046d,recurso,Extensión/directorio,,
multimedia/imagenes/productos/2663f1c2be32358a778297750b8b9c1985af2400.jpg,31822,.jpg,682f3d92fb2781ca9582ffa302c300f07d31ba424605b307153f3b9864b44480,recurso,Extensión/directorio,,
multimedia/imagenes/productos/2781b7edf8bd65223923ac4ae96561dd74a82271.png,49523,.png,3f9357bd644ba8a287a486877c87fb75cdcfba35c583f012dc6e3d0b1dbe6b84,recurso,Extensión/directorio,,
multimedia/imagenes/productos/278a4546b48209d2967e9b5217813ee15bf36708.jpg,1631,.jpg,588f5021525df0b7e43e4715e8f39c2a4a93d7246e2d91be522c472861c3c267,recurso,Extensión/directorio,,
multimedia/imagenes/productos/2796b3a1d22bbf5e8f406e7a5dcdc12c553c9cff.jpg,16670,.jpg,a07a9e7b22db14bf5a6288a3f7d4087876351b8f43834942db10f9bd9d3e8295,recurso,Extensión/directorio,,
multimedia/imagenes/productos/2a10289b70f121d836b1f535a3402807476f93a8.jpg,32502,.jpg,3f62ed4131974b8c81b59171127a86f91f544710389f07f3cb868d014647c3f4,recurso,Extensión/directorio,,
multimedia/imagenes/productos/2b360d8a9854585b2873ed0c571eaac8667989c1.png,10637,.png,e631bdbd0c441a3688cc44a60f16681a5ce900823f9774a465bd96f3a950e219,recurso,Extensión/directorio,,
multimedia/imagenes/productos/2be7b58bb9b540fee904acdfa24e7f98ed20886f.jpg,2784,.jpg,c1d8905fb8931ce7d95c2fe103838f2335ebc23d16737bb1200a920eba07c585,recurso,Extensión/directorio,,
multimedia/imagenes/productos/2cc2f054110012652b02e0187ac429f75c8ced9e.png,26435,.png,fb78d39161c7def78cd939500d2c391bd2182ed8a161d3f9001f35f7db0a8eab,recurso,Extensión/directorio,,
multimedia/imagenes/productos/2cd6ae48995f438b403451d2615c64042a4353b0.png,144912,.png,b0f7c57bca0afeefec3c4e3a40a8be33616a2ac53bd81c8ca492bb1add100234,recurso,Extensión/directorio,,
multimedia/imagenes/productos/2da2bd675a6ccfd8ee472082b03edfd522780798.jpg,40470,.jpg,5b7b90b3d4464593c9ec5e5e3cf656391a6aec61d064a11db038c1f69de4dd92,recurso,Extensión/directorio,,
multimedia/imagenes/productos/2dcd34680ae76905d3bb16fc7c85a0d93cc9c5a5.jpg,9580,.jpg,2328be3804894bea36fe95344e550d9415694cfb5bca432edd5cebba40bd4c60,recurso,Extensión/directorio,,
multimedia/imagenes/productos/2dffa1df5bf16fd938ac7a7bd9d3d4dcf7872560.png,14904,.png,e1065b4d357c760105fe061feab6d6608b6229526ad0f11fbd755e946f822d20,recurso,Extensión/directorio,,
multimedia/imagenes/productos/2e19d878c19f1353d3e55513b1a0ff00b3655392.png,108675,.png,e60979ae1798e06132d0296c0ea6acc8ec332a13b152dbe17af0538252189f77,recurso,Extensión/directorio,,
multimedia/imagenes/productos/2eaeae874d0edc64c079e7644d96f0387302e9a9.png,379165,.png,14d26f329f80b4b6eadde26cb8f1d2404e1dbbb00dd38a49478b31f8cc3ed0b2,recurso,Extensión/directorio,,
multimedia/imagenes/productos/2f90e8bd3fd035a9da7cc88f5e54763dbe71eb65.jpg,2739,.jpg,e9f243c57fe27be9dd0a7df47108ca6399c6fff0ec831c8d87f09124f8ba8c2d,recurso,Extensión/directorio,,
multimedia/imagenes/productos/3049d35ce5a58fb57ec7603f509ef7114f7e4280.jpg,13434,.jpg,7d8e7c25237d200868667d20295ca5b95a67efc41323ed42d73c34ca49fc7953,recurso,Extensión/directorio,,
multimedia/imagenes/productos/3185b766898f29d01443c69deb7d6be12d705b89.jpg,4042,.jpg,f5144b0c9110af5d38c9b98f205ac99ea21c6ec169d07988f4e173fcb9422680,recurso,Extensión/directorio,,
multimedia/imagenes/productos/33a8a1455bcfbb90e1c0ba4faa8f888cc0451e8c.png,99677,.png,883a6d38d7cd1941f8b5403c7d375b02bce2f41394c1fa6d823557b16eaf7b8d,recurso,Extensión/directorio,,
multimedia/imagenes/productos/33c576ee27c51f19bca33107f1753c9220da9e13.png,6220,.png,d02f0bc0cadd5799b9b6525fd6d7fa8d1cbd2cc49f6ef9f367f196fc5398ee07,recurso,Extensión/directorio,,
multimedia/imagenes/productos/33defd5b3ebe7d351fcf628da966065053d8b388.png,16462,.png,7b6d5430ebc073088077f80c972e10d01274d183901e109eaed3d3164b53dd1d,recurso,Extensión/directorio,,
multimedia/imagenes/productos/33fce3c6a98f76bb952ebfa61a302b70e04ea52c.png,131891,.png,f5e5ac414b7c28b89479229fa7e49a2866840dae5dfabcd75c34317967766f00,recurso,Extensión/directorio,,
multimedia/imagenes/productos/33fea749c86a54e32cbea6fc348df6c35dfe7194.jpg,2189,.jpg,39467f437790a8e531709f933ab659a4eef27943003dadaba7adb9710b43cd8b,recurso,Extensión/directorio,,
multimedia/imagenes/productos/3413b34226b7c3b656fc13078a2fea4944a9cdb3.jpg,53151,.jpg,25f0ffb3fce57ecb9d526723581af76480acaafb9505aa88ede4ccba477dd1d0,recurso,Extensión/directorio,,
multimedia/imagenes/productos/34211ef669994a8bd482b487e140bbe201cc59bd.jpg,22550,.jpg,b3948adbd99463413c984a904289d7cb5681da81896fc7806cbb84d4d4c283b9,recurso,Extensión/directorio,,
multimedia/imagenes/productos/352f55a95012d98c11d878892227bccc9e1678f9.jpg,46662,.jpg,b0532f1baf1185b912010e8f4668c0fec1b9aa71e105080a5556ab3935b9b26c,recurso,Extensión/directorio,,
multimedia/imagenes/productos/358506796f982c89c78dfafef0ca626612f1bfae.jpg,16920,.jpg,9b3b215d4177f4f38e6c16ed797b8a563257399cd706451e627d50c72248d853,recurso,Extensión/directorio,,
multimedia/imagenes/productos/35b187dcc82e959ca75db937b90024005a527157.jpg,21364,.jpg,fcb2d43c620d8ddc47e603a95a222d92a51722a252f7773d0b32aab41d69d7b6,recurso,Extensión/directorio,,
multimedia/imagenes/productos/36ee69f37c8884b83e3ca11cc23dbebcac8972c7.jpg,17211,.jpg,6d5a211a0ca041fc219da08b63d7cfc9bec880e9e3070d9778638656df818061,recurso,Extensión/directorio,,
multimedia/imagenes/productos/36f6b5b690d5213be20e793bc11545d0a3088f32.jpg,2526,.jpg,011d53dfd8d0390a0e16db21d61e7b6e9e1c49b5e791cc0b05aae34c6bfe5f62,recurso,Extensión/directorio,,
multimedia/imagenes/productos/36fd2d5b2f378a67bdd6ab16346bf83c1cd73038.jpg,29303,.jpg,72e2b2e9e2c9cd948e80e5e9ea71058853146d6f0512c7f8e840f4756e2988df,recurso,Extensión/directorio,,
multimedia/imagenes/productos/371a4b2f873919160fe7684495a5a5aad6d5c0b8.jpg,2512,.jpg,e33929db991295664bb8140eca9d06e7a5a23c9cc06cfd8ba17854d16e8f78bb,recurso,Extensión/directorio,,
multimedia/imagenes/productos/373ac67f27a16f99790511fda43ae3437c8a85bc.jpg,27039,.jpg,eef2760afae7af520a1b30b5178b4f63a098bc62a0f29a6512d1d8c09bb0208c,recurso,Extensión/directorio,,
multimedia/imagenes/productos/3789ab37d39458dca61894b4c976e9337f37f6a1.jpg,7654,.jpg,736653df665d82d67793839425bf718dfd0878015a360e1de93b6a60113353f5,recurso,Extensión/directorio,,
multimedia/imagenes/productos/37b40cb15d4ce16f5ec13739e621730982b42b69.jpg,6520,.jpg,b6debfe3a2cbd15e8ffeb769c9f2bae2f1d1cc578f9e01d3534520f292b4d742,recurso,Extensión/directorio,,
multimedia/imagenes/productos/37e230ce8764faef89c115ba8c4c511fa966ad48.jpg,15364,.jpg,8443db6c3dc43e6ec91f6a5b53048adc7e155390594be7baa76803389232b187,recurso,Extensión/directorio,,
multimedia/imagenes/productos/381cccddca9068f4f928c85a45b3fbf221cae6a9.jpg,26138,.jpg,dfb6ae73bc9a1d16967dee04e20a2949fc97ad84701df85daae9f40287a17260,recurso,Extensión/directorio,,
multimedia/imagenes/productos/3895266c5e9f7b5167566e2eb2f00061cee5ef27.jpg,2794,.jpg,4f4b69860c454ae43db02bba5292df4fce38939c2fe27d2758cc052990d22c36,recurso,Extensión/directorio,,
multimedia/imagenes/productos/392b065a81c4bb33843d840ab8aac7e37ab25e87.jpg,4087,.jpg,36e96f80baeaf7a0e3a9da39fceae498d14ac2b89b30fed7f732f098db35f7d4,recurso,Extensión/directorio,,
multimedia/imagenes/productos/3a1fc20fded91d4281ea5bccbabb5857c08ac984.png,51021,.png,5858e38acd09460cd1ea1eb33d74fc59d2d24c894c322e8f3d9df95fda206281,recurso,Extensión/directorio,,
multimedia/imagenes/productos/3b217cb341e42553c617890ac8dd6feb34fdb1c7.jpg,19104,.jpg,c7accdac1fcbc0a9cdce8c57e0ebfa08fb75f6ea4c64de2c9f1c3f5bd4773cbf,recurso,Extensión/directorio,,
multimedia/imagenes/productos/3c6f460cc1486506219239ca2b7e5a8e8ad87a60.jpg,7047,.jpg,0c626718d403fed03bb85fc08084497ff4a0ac0f42e15c7deee89a5b8cdaa959,recurso,Extensión/directorio,,
multimedia/imagenes/productos/3c70cf2c418e31f8108f88ed59aea7291660401b.png,219323,.png,36f0038c52f6580f0c09a7b8444467d0325fc125670b011802fc1696e1d98e74,recurso,Extensión/directorio,,
multimedia/imagenes/productos/3d04b5ea99a0684e9c773d479566fa2616b9a9d6.png,9842,.png,8966afc3935b1a3f111748ea956778eefaee3d9e4c40ff16e889fbd54d34732a,recurso,Extensión/directorio,,
multimedia/imagenes/productos/3d710dcd28fda2649ac0b16b46ef73ee16cdbd95.png,58831,.png,28f8d33704dd7feeaf97a72b42f80bb039e89dbd9c00180ac22dd7feb3a56c76,recurso,Extensión/directorio,,
multimedia/imagenes/productos/3ddd17cc303be0139f7d072bc0bf7c97b145146e.jpg,2512,.jpg,a6671c15b9ae2d996f0336f227806e744c4c6a3fc6aba9f5eca117ca57bdfd60,recurso,Extensión/directorio,,
multimedia/imagenes/productos/3de77ed35f27bba5e37688f19043f0834bcd0cff.jpg,31822,.jpg,e646c57982d83224cf83573f8f7cfefffc08cc5e5e97c90b0c6b52343d7a2a35,recurso,Extensión/directorio,,
multimedia/imagenes/productos/3eba894cc4b56113df25e245b003b03627dc95ec.jpg,15835,.jpg,78ff7c4e984b02a31becbbcd6350613b6812523cd294091ab28244f78aa12596,recurso,Extensión/directorio,,
multimedia/imagenes/productos/3efdffd3ac26f45d9139c36a2bdd839ecd6a2eda.png,102890,.png,fb166eddc1d76de983c5c93ccb2ce26a1e3b144ad4588c0ef4d34bfc0deaec94,recurso,Extensión/directorio,,
multimedia/imagenes/productos/3f27cada73952f5d7616a924c14dc6efe7008d3b.png,120836,.png,55483f729f8066385d1085b975c087e3554d8cb7e066750a14d84e0c1b7d0efc,recurso,Extensión/directorio,,
multimedia/imagenes/productos/3f5dc5c0f9c9aa46cdb1d915680de39787a2bab9.jpg,10854,.jpg,bc7be0692b81f9e42937e8f7541f223ee01bc784acff4b40974b0793167d6fee,recurso,Extensión/directorio,,
multimedia/imagenes/productos/407a716595769879bb3564ac4dba39ac40e0eab0.jpg,2368,.jpg,85f0a85e3a1a2058b63c2e2887eb6da9ae43e0199de18ce92cb87f321f0f02d2,recurso,Extensión/directorio,,
multimedia/imagenes/productos/40f2160fb62b7c5ee17080ed593917673d700a7f.jpg,30522,.jpg,a79cae16a284313ad89c265b7bb996b37500d9134cb2f121b592fba6fdde8630,recurso,Extensión/directorio,,
multimedia/imagenes/productos/4107f445ef7b067f76ef097b3da57af2382e7108.jpg,38086,.jpg,49bcbfcc02df91be22a5fa5dcd7d2660c6f00475c5b29b1f64944ca0f25e319b,recurso,Extensión/directorio,,
multimedia/imagenes/productos/4141d163664d035c13778aa2ddac33cac1af98ff.jpg,18679,.jpg,e5a3682da58660004e879cd6a5dc400fccc5c8dc083c9a24464dae4daab08213,recurso,Extensión/directorio,,
multimedia/imagenes/productos/42e1bf0bcd51140c652ff32de5959de824aa01fb.jpg,40448,.jpg,726e16699ca525fdf3ec0d6b35e0683d2b89fd9290ad92225046a4e180a400c9,recurso,Extensión/directorio,,
multimedia/imagenes/productos/4357a19340ef40ab6163db337d8b5e7ec3d053da.jpg,12573,.jpg,bc1475e1d288c950180c3d46209d6a67ece65774dfa06bb06f573ef4e0f4fc5a,recurso,Extensión/directorio,,
multimedia/imagenes/productos/4406fb027698c739ef14e6a5bacdc7f4e93d734c.jpg,29023,.jpg,e74d1b0829d069982850aec8e0b96085a2d32ee2dfc6e3ccf61c8b7720af41b4,recurso,Extensión/directorio,,
multimedia/imagenes/productos/4434ff7aea86fec07a141d71a85268e08e168a29.png,134457,.png,cc3b6a55141c2063e0d5ff52f9413d5757d2ff46850b7e38e171d7cc5c2f6289,recurso,Extensión/directorio,,
multimedia/imagenes/productos/44ac3521931e4d2dcafba68cfd2c41aeb5e26c3e.jpg,14172,.jpg,e00d92eb6d60c126ec153b61456c8aa24e0e79bee68ffef53504037cf182501a,recurso,Extensión/directorio,,
multimedia/imagenes/productos/45d713cde881c08fdfe7de02ac8aa51d7e531ced.jpg,29908,.jpg,c7e69fab482d4f1895dec01dbf65bcac562e94bec390197a63441539c3e4efa6,recurso,Extensión/directorio,,
multimedia/imagenes/productos/4642ed1152768003ba74c0c5b07deb1b7b6d25b5.jpg,20958,.jpg,a4c9cccdec4358edb574b8f24c19a8779f1bb2e3a39c23a97f243b3598f8d051,recurso,Extensión/directorio,,
multimedia/imagenes/productos/4743716b36d08853d49c8cdb4c43b932ec851f53.jpg,38268,.jpg,c2bdcde21591e63ba2de8807357f641e255ca7d417a50ba0085116976143202a,recurso,Extensión/directorio,,
multimedia/imagenes/productos/476685f62c2d46101267f755f04931bb48b3dc82.jpg,29016,.jpg,fb322bebb4db9dba1bc2aab2b3991c2fbb997c9f57f049e061b41a02d499a4b3,recurso,Extensión/directorio,,
multimedia/imagenes/productos/48325261167d432351dad676bff7c16cd9e86288.jpg,14428,.jpg,efb1243d0e10063298d8f7701fde62a6694daf11ef827c197fe771227e90b471,recurso,Extensión/directorio,,
multimedia/imagenes/productos/4911685e183f98f36a50b93623e832760fda25e3.jpg,1983,.jpg,2d12410908d8da554b06c9dc9575ce8434f4b739077c6f897775c2e029ebee44,recurso,Extensión/directorio,,
multimedia/imagenes/productos/4a6235652183c35e5494d0c195b3ac47ac6724ac.png,21046,.png,745bea6a428c4c707e4feaaff6fe129f2b678d5343fa09f4289acf8197ad5216,recurso,Extensión/directorio,,
multimedia/imagenes/productos/4b0b677e883dd5de081a2d9ff85461e245cf7818.jpg,8746,.jpg,8a33f93ab55f8b7434e91b70d6076a706fe8b09597821d60ec24367b1972e32a,recurso,Extensión/directorio,,
multimedia/imagenes/productos/4b235e91a9fa2cb3ad18fdfbe497b568a73c5cd0.jpg,3187,.jpg,44d3a7e4eb5edab49fd855a181bc14bf413ed6dd33336ab546c4395012019805,recurso,Extensión/directorio,,
multimedia/imagenes/productos/4bf99ece8dcaab3c76de410407dec23791362fdf.jpg,11729,.jpg,6e89bb362718df5f7a9ed3bf4b52307689381a08623763238a4ef24c60b7304f,recurso,Extensión/directorio,,
multimedia/imagenes/productos/4cecb81fc859ba53c31452341aa945cb0a739f32.png,94930,.png,133339b32186cdc9487379762a06d60f9e660dd1653547211caf9418897b655d,recurso,Extensión/directorio,,
multimedia/imagenes/productos/4d0ddcbbada428d5368d6c828e1d7163df14ae17.png,123949,.png,36faa9ad9c4431bbb551647a78d849a3bda4ed81f1754af317551fb0981de90a,recurso,Extensión/directorio,,
multimedia/imagenes/productos/4d3bfd79506fa9d7190c8ca0b8ba4d82ac297d97.png,215695,.png,576fd42ef5730bb450e6638f170008cb51cf204291c601a8b30bd4def4b76ec5,recurso,Extensión/directorio,,
multimedia/imagenes/productos/4d73098f5327e7ce4890772979ba03966a360ed8.jpg,9591,.jpg,992d709a64eda7816e9b18dccfc3d37e18b2d847e0c7638e8a6dd7d2b12b1e1b,recurso,Extensión/directorio,,
multimedia/imagenes/productos/4e40cc3f9f388aa75157cc5b3399373b0e91e446.png,20913,.png,ad42fd07b662caff31ca2b8cc8eb71de4dceca9237fdc194c065824e5eb75d12,recurso,Extensión/directorio,,
multimedia/imagenes/productos/4eca310cc3433d683c530871e5634860b9e990f3.png,31473,.png,3c5fe173ef97acf54455337113fa20e910b5113973fc687b60767a851c233d51,recurso,Extensión/directorio,,
multimedia/imagenes/productos/4f0398410bf458e634bf79fbbbe4562f8fd6606e.jpg,1347,.jpg,9c5963e17f02a5e64a34b6eefcc8b8086062b4a7482595e7ea163eea05b80d91,recurso,Extensión/directorio,,
multimedia/imagenes/productos/4fc40be08139f1febff06270ab8b0502b646818f.png,8646,.png,5c02cf0b760054a608be39082ea92ba471bd7ad259bc7dc66bf35c23d772e5f7,recurso,Extensión/directorio,,
multimedia/imagenes/productos/5009b2f9d47480fb31c2e641df85371312a8249d.jpg,2166,.jpg,0940077bc1371a18fa583a051ee8c38ccba108730fb1ff9441f8d9f3ac227e9f,recurso,Extensión/directorio,,
multimedia/imagenes/productos/50cfec2d9de5136629facb8b5633d4a6fe64327e.png,182708,.png,d702f3ea2edb18f4fd81786e9e5102c9c98c0445f4e7fee2cc5d2b471807fb98,recurso,Extensión/directorio,,
multimedia/imagenes/productos/51de3a9e990c9f046e4b5ca22b2b8612019f83e3.png,203048,.png,0d66250ce232ecfb252fb4c5c0b53c69c1beae138263c68648aed1009f20593a,recurso,Extensión/directorio,,
multimedia/imagenes/productos/529d7a807f56271c4853d6eba64a97f2756f47ce.png,17858,.png,fa09d5e7154a317cab8c71add0e761ee0c91250e5138466d24110a550c27d7c7,recurso,Extensión/directorio,,
multimedia/imagenes/productos/536497b6c264eca5859f84faf0149c037a5a6bdb.jpg,4184,.jpg,dd8b4a26fa84d328ba0cf3f6739ef12167333624446470c1ae790f2e3dcbe038,recurso,Extensión/directorio,,
multimedia/imagenes/productos/540a2be0cf0994bf1ae8ad1b2e67815349c3cd9b.jpg,22523,.jpg,7aca6f9cce37237f857b24ad77ce208cce9bdaeab2c071d83acc7fa06f7c280a,recurso,Extensión/directorio,,
multimedia/imagenes/productos/543eaaab76bc549379fd94c1aff9864355059b4c.jpg,11519,.jpg,371e83a35051937b01105e205a9818fc3fbf69017a2187dd303c34fda4da0cb0,recurso,Extensión/directorio,,
multimedia/imagenes/productos/5620c485cab13e4fffe4a92915c2a59cdc0d9568.jpg,23676,.jpg,aa825e15ad94b9214e7e70e2084e3c7ad1ec99c9613fa838bcc7290710c09a8e,recurso,Extensión/directorio,,
multimedia/imagenes/productos/58dc1d2dbaadaa2816e71e6fc041f1eae8d7d377.jpg,21155,.jpg,cad1efdcac40a67bfebea1eaf16d7e6b6a96ea28a63341172dcc9360284cdf48,recurso,Extensión/directorio,,
multimedia/imagenes/productos/58e5d2e38e187ac63cee47832de27cc5311ca6ae.jpg,68248,.jpg,cc5339f9fca652f857722016b92f4a2a3d56bcd0fdaf59f6b8c5983bae6e608d,recurso,Extensión/directorio,,
multimedia/imagenes/productos/5931b170616883ff7c0595afe5431784a569f9d2.jpg,11495,.jpg,00de6d434f51c6644b0a7f8401af363534e6f7221e015050c47cb5e0557bd49e,recurso,Extensión/directorio,,
multimedia/imagenes/productos/595ea955dd030ad539fadcfa379b8e9852cd302f.jpg,1522,.jpg,ccbfae7e17394e4cb498626c12c0b1987344743f8561db1dfa550780b8d4cd2f,recurso,Extensión/directorio,,
multimedia/imagenes/productos/59ee5b00020d7527a80ee77203c8884711dfd0b9.jpg,2833,.jpg,01bd1cd84b59331e183e2f814a70955c34787f641c198a98cd4d3be88bac96eb,recurso,Extensión/directorio,,
multimedia/imagenes/productos/5add6505503d9089d6ac437762bdd04a0940eb1f.png,17517,.png,77ba388d4f5667a81625423483a6bce4bf1f36444d3e859b17878e4d13ead92f,recurso,Extensión/directorio,,
multimedia/imagenes/productos/5bac733585cf56045e63f781ce1bc1fb5c7a2f02.jpg,4379,.jpg,d4a52652246cc8617ee92a4167712c5f592264300a28becf47c9b0e43e4d25eb,recurso,Extensión/directorio,,
multimedia/imagenes/productos/5c05ee88500e24495e6b148467b18d61a10ff979.jpg,31215,.jpg,553841cd5f6bdb20c0ff2c54a1f65edee9c4d2f49853d5b8969c17e8f4d474c8,recurso,Extensión/directorio,,
multimedia/imagenes/productos/5c7c6f83fb42d67c0102dbfa919bc3a0c8ea3890.jpg,10405,.jpg,57337d25cfc29ff3a5dfb232ac16b0f428cf4f0717bac8c98f3e945e4881e65f,recurso,Extensión/directorio,,
multimedia/imagenes/productos/5cc2626d12d8450fb7e4f62aeabe8fb51b4cd86c.png,167092,.png,48facf539bf2d31be922ae7c92ec85799a150cdea8b8eed5fbb5c4c8d2e3407f,recurso,Extensión/directorio,,
multimedia/imagenes/productos/5cd6433ef2edae6a6abdf858695056fa2165df91.jpg,13221,.jpg,0feb1eb612fc2c5f05c4553721558c4240623cf77d9028e9daf1aad1e4c99bb2,recurso,Extensión/directorio,,
multimedia/imagenes/productos/5d7f8577a66b71c3ccef34992f6322a97d635b98.png,29540,.png,bfafd9b7d754c1686f704d90fdc43cfcdfe0238c1a430cba1760d63fed762a6b,recurso,Extensión/directorio,,
multimedia/imagenes/productos/5de4b6f6c1d4e0bbfdade16e162212de1fedd80e.jpg,3000,.jpg,1de5cdb4505cd324641457145f38f6b2bc9bf5d5488af0ab99a4ae3eed516fb4,recurso,Extensión/directorio,,
multimedia/imagenes/productos/5e95f93e4a7a55bfdab2fd76aed14f397358276a.jpg,2675,.jpg,1256a303b3687f044dff7639074f5a104eda1e43641342d472083f561f9b9b86,recurso,Extensión/directorio,,
multimedia/imagenes/productos/5f22de99218236eb32a78da6b5edbafe88208156.jpg,1974,.jpg,e10f666c59ecdd444bc3db8e1b5c071704316dbee058fe2412b4f1ddb2cf2a73,recurso,Extensión/directorio,,
multimedia/imagenes/productos/5f6312fb7f17ca6b7e1fb32782f42179e5637833.jpg,3921,.jpg,ae92a525aaae7de709d7c57cedf22a5934a2c36c6e85a8626eb449705653c5c1,recurso,Extensión/directorio,,
multimedia/imagenes/productos/60999055540f90481b64e6ba1583e2b59dd548aa.jpg,4487,.jpg,a7fd0565554932adf82d152c340cc2f7c8a75f31f36f714bd91d819eff33006a,recurso,Extensión/directorio,,
multimedia/imagenes/productos/611161cc4d5ac8087622e4578c8f8fda16a93656.jpg,5672,.jpg,a826c99aefe4705d16d59afe7cf286fd7e625b11fcb158b73070ac3ec7d73321,recurso,Extensión/directorio,,
multimedia/imagenes/productos/618785c023d718b0e8357963ac8eebb74c7898b5.jpg,2972,.jpg,7dfc17bd065b556db3420bcee92c4488eabbb69e9fc05942de1d6cabd3ae3fda,recurso,Extensión/directorio,,
multimedia/imagenes/productos/622749dd557a8fdfe55e3576a14e9b8c3d9ad079.jpg,2780,.jpg,c6fea28d5ca28c38883d45cbdce81a18411bd3758cbd5d07f8848d610ef3352d,recurso,Extensión/directorio,,
multimedia/imagenes/productos/626b932f23ecb2f6b91ff0a037fc58e415c2d4cc.png,14891,.png,ee46c436244d4e8fc2a700e14367387c28e26ea0a28059c42ad50d3c617dc6ce,recurso,Extensión/directorio,,
multimedia/imagenes/productos/6289170103009cfee50408d11cacac9708d82806.jpg,20441,.jpg,3f25521b396396d93430f82612904eaef83ff57b719e1180817d562778fb3f23,recurso,Extensión/directorio,,
multimedia/imagenes/productos/62d26b7dcc4290671a007978a3e7cb7893218226.jpg,2734,.jpg,f44fb47b9b7b71367e496e80d7b4efd41c9ac45760f0a48f6e74194ba71e65c8,recurso,Extensión/directorio,,
multimedia/imagenes/productos/62d943726dc9248bcecb881e4238bef41440e6b2.jpg,3247,.jpg,8b51b0c93e5fb114b488493c2cd51a65ef83fa50f4915a8208b8999f99506b0a,recurso,Extensión/directorio,,
multimedia/imagenes/productos/63250203bce2392674f8bf2ea89488f2786d4d00.jpg,17251,.jpg,321a49aadc81eacc1792ad7daaccdafd78574cc765d5bb7aaf290d6248824b4a,recurso,Extensión/directorio,,
multimedia/imagenes/productos/63a44e441e6322104e91acf59e088fc8b348c19b.png,152463,.png,c3562dc288e96a69a559d92a54235d00f50705b1096442d4436e151d831bfbf1,recurso,Extensión/directorio,,
multimedia/imagenes/productos/63b500748d5fe6d0086ba850d23daea89cd2fbaa.png,123968,.png,a1c93ab88dccc60d4deb8caeafb6d00c7535eaa758d3a56a953aee12f79d6b04,recurso,Extensión/directorio,,
multimedia/imagenes/productos/646f99b1933cc2e423e4d1e88692bb89e86f6b77.png,20947,.png,0c293dda5fe30481f67ff18a8e48e9e5e0e9cb6802aeabbefda57071f35ffef2,recurso,Extensión/directorio,,
multimedia/imagenes/productos/65557ad77eb8e58c61a3e33bd77415b1b99d170a.jpg,10980,.jpg,111851400aa1d0a5ce098cc4dba90358fa7263ab910326f6b962fa444da5df9c,recurso,Extensión/directorio,,
multimedia/imagenes/productos/656c144674ca8d44dd405dcf66272623460a485a.jpg,56625,.jpg,5a697665fde4c8e3c1c46a09c82fb6d44d24492e8f1a773adad9c4db94905e37,recurso,Extensión/directorio,,
multimedia/imagenes/productos/665bcd53983f55be82e461e9dc6e6866386addf7.jpg,3365,.jpg,1af3d0b59082e32012ad524efd541157dfd8b6b1e1284a55cd011eafea21cec2,recurso,Extensión/directorio,,
multimedia/imagenes/productos/66628775e123bafe97a33637e88f89ed833991b6.jpg,13898,.jpg,63e77cfa32c5afe03752927dba9c3df82173c6b768d178efe0ad0bee4ac7e506,recurso,Extensión/directorio,,
multimedia/imagenes/productos/674caecb7326ffc8ddf2d325246d210f8fa940e0.jpg,2477,.jpg,ee5225360fd46f70d2c175df0d8dace3ee00d542f64cfd8b560f340f1f8a842e,recurso,Extensión/directorio,,
multimedia/imagenes/productos/6813e7276875642a24944a7efd22a0e67d49f904.jpg,38507,.jpg,68f21e71537d89de5f6fb8b4e70e52318002853f50edc300874ac5e0b6bec108,recurso,Extensión/directorio,,
multimedia/imagenes/productos/682657c8de97da3a1047feeaafee8519911cb43a.jpg,18392,.jpg,7f6d7365b0b5a79ba11d2808bc2f7d70e1562175fb1b90eb3c2b8c631c2698bc,recurso,Extensión/directorio,,
multimedia/imagenes/productos/6826ff3b4e0336f25ef6df2f0a6ccb21358242d8.jpg,13711,.jpg,32c01fc0f1aaa6372177fb51644c0e4dcde8719d50dd4bce0efcd6b04cd6bd70,recurso,Extensión/directorio,,
multimedia/imagenes/productos/6aa14c2ecbd51294160da91cd0916109846e0a65.jpg,21756,.jpg,d0ba703e3a146758154106d805f7ce8abebb78a6aa48ae90d4fc7429c625bca6,recurso,Extensión/directorio,,
multimedia/imagenes/productos/6aa5d20e2efe6c1dd97a227c7a219d730f70c192.png,146813,.png,ebc335ebd0bc5fcbe7108fc02d3a0e79594598124d887132103418fda85af84c,recurso,Extensión/directorio,,
multimedia/imagenes/productos/6b6a3381e7119fee7708c3960cc47ecc23d38cf1.jpg,36143,.jpg,86abe4f5dc53102d38053f0e79ba5d0f7e3cff99b484158b7e2686091c94cab1,recurso,Extensión/directorio,,
multimedia/imagenes/productos/6b73bf5ce3737a2265482b743489b867d26ce2aa.jpg,26241,.jpg,322511cf0f575dc036c3a47f0d51f348736db0f3d3a823f172ae2768b3f44068,recurso,Extensión/directorio,,
multimedia/imagenes/productos/6de120e531d503ef15a88584ccab19737a1fec2d.png,122112,.png,4ce6b46dd1a0eb490685b18ca284156ccbdb7b3014b448d5fc92958a81144c7a,recurso,Extensión/directorio,,
multimedia/imagenes/productos/6e687c582f58cf21b2e5a940d4446f235ba87f98.jpg,4008,.jpg,6c5a21a7dee729d57e08acb0d5e2b2840f0e6c69a52c06d2f50b49ffcc97bf00,recurso,Extensión/directorio,,
multimedia/imagenes/productos/6e95107626de4887bdb45dc2efc9f5e0b7426128.jpg,12898,.jpg,41d2667b2bd5f15275c10a38720d4ba865d9b959a4fd84dc1e9bd9d370373515,recurso,Extensión/directorio,,
multimedia/imagenes/productos/6ea83375b5b30c2cd850bc5c21ac3a23957ab2ab.jpg,2694,.jpg,15d4e369358fcd9fbc457bb954f35339b3063cb9a2495a4a2222708838871858,recurso,Extensión/directorio,,
multimedia/imagenes/productos/6f1b90c641def732999f21f5a2340187e2916e8b.jpg,1977,.jpg,d15f78c3c4927fc789bfc37eff7994b578b2a763865488922d93859c0784cc13,recurso,Extensión/directorio,,
multimedia/imagenes/productos/70113ec275788e2feb2023b85ec44ecff568c251.jpg,24886,.jpg,b3cb3c50c0f0c464122e35f543766756b79c758f656201c69b1c72e88c5e3ba9,recurso,Extensión/directorio,,
multimedia/imagenes/productos/71c8fe2c6f4f4bdd7453fe1e52ceedb926a80acc.png,137496,.png,e969ff8ed8130992d808542a59fb401a4dc39f0a966f9da6dc2d59b98f0978b6,recurso,Extensión/directorio,,
multimedia/imagenes/productos/72733c2cb237a3a77b1f8bf8ec06097f120c7564.jpg,14957,.jpg,377e53be504bbe42d3d6d8c0e187918e7929bbbc35c1e1e599c46f97bccf7637,recurso,Extensión/directorio,,
multimedia/imagenes/productos/72c3b8aac9b6b58deb2e1aaede5ea967d312b5a1.png,51021,.png,5858e38acd09460cd1ea1eb33d74fc59d2d24c894c322e8f3d9df95fda206281,recurso,Extensión/directorio,,
multimedia/imagenes/productos/72d25f09a4495f344dec068d5fbe9d33413ffcf6.jpg,3785,.jpg,60f442ef4e55b0ad29bf73c644f2a7eb8879bf88819d4100aeb949798bc881dd,recurso,Extensión/directorio,,
multimedia/imagenes/productos/731eb212cbe0a722435c6a67934e969523ba8c4d.jpg,24745,.jpg,4086816304d5330a1ce39aea61030fc25d968edce6bcddf5bc61737ef6c896be,recurso,Extensión/directorio,,
multimedia/imagenes/productos/73e404c9ef4bc5a5e6a3576c4f2c0f7ed9b44fda.jpg,7047,.jpg,0c626718d403fed03bb85fc08084497ff4a0ac0f42e15c7deee89a5b8cdaa959,recurso,Extensión/directorio,,
multimedia/imagenes/productos/74507ae94cff98731effabf706deae73d4b1d8f3.jpg,30458,.jpg,709fd0694fdff19402262632848c204cdfde5023b853da8494442c7eec1322c7,recurso,Extensión/directorio,,
multimedia/imagenes/productos/7481d4a76f23ac2c34ac82c13892b3dde6fc604c.png,97145,.png,2570405fefb25122fcb3f4122bf4b97f4fc04621618df8186c8d787c8573ff51,recurso,Extensión/directorio,,
multimedia/imagenes/productos/749a64a1b5a022481a5875a97f07f39180a94bd2.jpg,21604,.jpg,8af297a46f0624e95dc97f7f9a7839f1400241d8d29f6ea00e32613a34b97faa,recurso,Extensión/directorio,,
multimedia/imagenes/productos/74cfd4f08b1a8b5238a7148acfab6dab1e6c7f94.jpg,3466,.jpg,714dfaba592aca231e5bba4a5ea94b2d7dfac29c197d91ed542018a5035e263a,recurso,Extensión/directorio,,
multimedia/imagenes/productos/761065a2f27748a3376d17668e7d9485dd446334.png,5419,.png,63a4f44e89d45fd54e9a591c5189e769d9241d332a519fccbc36dea0e76523a7,recurso,Extensión/directorio,,
multimedia/imagenes/productos/7626d89018ac9822562ce986261c7a193d64233b.jpg,6482,.jpg,593c9bf5567f852aa5cf36a48f8ff33a73343dde89f992ab1351850fe462b690,recurso,Extensión/directorio,,
multimedia/imagenes/productos/766cf7f51176f1922ff47227ff15528263c506e4.jpg,10052,.jpg,7af83b7d3eb3ecdeebe6e9fba772e71e5f65842cb9b65133435fbfd2c064a8ce,recurso,Extensión/directorio,,
multimedia/imagenes/productos/767f11dc0883082b81f4eaae35d90e9039cb5f91.jpg,2944,.jpg,ecf23701a1934c5299e0acec706cd3ccebd06cb0cdded3c2e7881f77ccb69b96,recurso,Extensión/directorio,,
multimedia/imagenes/productos/76e3890393102cb6b12439fa59fcd3daf697c4b0.jpg,42975,.jpg,98b2f85031ecd92c8b3dcdad982d2cebdfacf56d462b50992cc45608c4c2d75a,recurso,Extensión/directorio,,
multimedia/imagenes/productos/777af8715ec59c1dd9f57debbfbc9d39057ed698.png,93448,.png,d5457effa771db1f91861b951a3e0c42ce3dfe748a8b524e10c6f8104a281525,recurso,Extensión/directorio,,
multimedia/imagenes/productos/77b0c6ec1387c0e3bd2b4267590e989a9fe2edde.jpg,14510,.jpg,465b77deab268294cb652a7ae10bf4e0facce24d9d23e313db5f2f47b222eb81,recurso,Extensión/directorio,,
multimedia/imagenes/productos/786cb4ffd9d80545d703ef6dcf3b4a550a974bbf.jpg,8746,.jpg,8a33f93ab55f8b7434e91b70d6076a706fe8b09597821d60ec24367b1972e32a,recurso,Extensión/directorio,,
multimedia/imagenes/productos/78badd13084d652203832ca46c50be6692d62efe.jpg,2117,.jpg,882d68223fc795f2ed3ed88ccea9d112ae6f6c564e33cc4ef47cbcb90c2d9836,recurso,Extensión/directorio,,
multimedia/imagenes/productos/7937b9a56ffe3e173f0425809ef4acbfe2f9f899.jpg,13016,.jpg,09034f6cdb96714af85ebe47ec4e97416d35297d048b8ab134f988eb7aa6016e,recurso,Extensión/directorio,,
multimedia/imagenes/productos/79cdf0e6a43fdbc9712b705c316f770fff9e16a0.png,96928,.png,288e0771f1449e780bcb26edaa64ec5e5140998d7a5835155d4eefcd5d5d5230,recurso,Extensión/directorio,,
multimedia/imagenes/productos/7ab9760f7762d7108333bc8929244dabaf5a1a80.jpg,36848,.jpg,3d8bdbaa2faac7c7f20e41f3ce5326c9095bf0eed4b7a4abbec011a1f8c6f596,recurso,Extensión/directorio,,
multimedia/imagenes/productos/7b45855c9264b960d0a1874234a482c72e0a903f.png,21862,.png,c5d1accdeec40cc9ab234f0a4de2035b62160f15972db3dd3d80691f3f70fd86,recurso,Extensión/directorio,,
multimedia/imagenes/productos/7c0fd576dfab73127ba2b6a7680e6f9c1a12c5d3.jpg,3355,.jpg,d9eb107d44c4ab257428ac85df1d521cabf77d37c65bde58f8d7c70762758d47,recurso,Extensión/directorio,,
multimedia/imagenes/productos/7c63d98e2de25e70435ec7a20697ac9b55f459c4.jpg,20944,.jpg,6f1b33a04706baf33f810899067ba229c3f1a45b53d7da6ae2dd033578d32e85,recurso,Extensión/directorio,,
multimedia/imagenes/productos/7cc0adccf35d29a0f5c19f48b83b45f5d22a9fa2.jpg,43323,.jpg,4a3dc3488f111a6eda8cef20cd5ebfa8b98ab7eff659f9fc354312c5560f5bcf,recurso,Extensión/directorio,,
multimedia/imagenes/productos/7cda3ba23b38b8c15c54bae00080d52818a4b449.jpg,33872,.jpg,96157e2f3783ba959ecac2889afb84bc3f0f6515856f689a61c60be72c9806cb,recurso,Extensión/directorio,,
multimedia/imagenes/productos/7d1e30fda170054cf7f443645c9e0a742b9586c1.jpg,2834,.jpg,bde1199c1161a3fbf0d4696538e0e752ae9fac873bf86fcd9a0520256c9e2c24,recurso,Extensión/directorio,,
multimedia/imagenes/productos/7dfed22ac3481de1283758308facb47a8c962d87.jpg,17863,.jpg,fd5fe318ea93855fd90a9fbb83576186473a693aa336c57c3800fa600c1151a7,recurso,Extensión/directorio,,
multimedia/imagenes/productos/7e26ed50cf94e4610fca8ad8410ec8e35d13efae.jpg,11495,.jpg,00de6d434f51c6644b0a7f8401af363534e6f7221e015050c47cb5e0557bd49e,recurso,Extensión/directorio,,
multimedia/imagenes/productos/7e88b3f5e28a6b2bfb8cbe9cc2e5677e1e4b678a.jpg,3726,.jpg,1651997b96e32028ff7dbcad020088f3b6dda9040bf2e4d3f35e862cd7ea2263,recurso,Extensión/directorio,,
multimedia/imagenes/productos/7e8e6a03838bf09a7e6b570cdf01f6f52edf4573.jpg,15865,.jpg,33c9c42500fbd13c64cd1e537728d784306442da82ae711ffdf29e061d0e6165,recurso,Extensión/directorio,,
multimedia/imagenes/productos/7f376916f03fad306b84460a29500cc97d397ffc.jpg,10001,.jpg,6bde06593ece17573101fb231f04374748037b79dba3a65f9a5c108a5ef813a4,recurso,Extensión/directorio,,
multimedia/imagenes/productos/7f546aa6221bd0f7a6ac0c0024f4b8e9a522cebc.jpg,37890,.jpg,194a70adfe8b6ec33299741424a9544a12b0c2dbb544de9b82c36ba2c409270c,recurso,Extensión/directorio,,
multimedia/imagenes/productos/7fb5512d920fbd52d4dc04c632b59823a9725018.jpg,1865,.jpg,c88f00e6bd5c56bff191d258cc3ae0c5115d4d0b48f99be8c2f18962d653d24e,recurso,Extensión/directorio,,
multimedia/imagenes/productos/7fd9c267482220b810e02e6dcc1f8f38fc703ca0.jpg,4269,.jpg,1bdb64eb365a8e1671a7bff67157ac95f639b71992d07fe9a9887538db06168e,recurso,Extensión/directorio,,
multimedia/imagenes/productos/8019d0970a6d41029b0181e0628d300d8f55aa0f.jpg,27801,.jpg,8d46086a2d2af9c77f8416e5c31c8ad4f8ac1f0fabe259192300e04b3d297de8,recurso,Extensión/directorio,,
multimedia/imagenes/productos/80ca64801602e6acbe9e6b81a8a6d2e62121b5e1.png,41238,.png,bf501c857845bcc3b0d738d77b957e55cb7be0311974367bf67239d0ca93c188,recurso,Extensión/directorio,,
multimedia/imagenes/productos/82abe95530f79e3ad097ee6ae5066924d28d09b4.jpg,2806,.jpg,cca9e6d3ba518c828e92cd8bf67a2afb6e59ca37598307de5c457b27faaed4b9,recurso,Extensión/directorio,,
multimedia/imagenes/productos/83f58b88466e210b732634a6465a785e0c2af1dd.jpg,35448,.jpg,2f614ddb01288f180dd72eae3dd55061435cf9c803444c820db501884fce4004,recurso,Extensión/directorio,,
multimedia/imagenes/productos/84a3fb4d47676c72700e01ffef13869d13df95d0.png,21832,.png,d2ea42eeb3504b9b0b678331c07802d87f6015156204b59cd94e146498fa8ea0,recurso,Extensión/directorio,,
multimedia/imagenes/productos/85289e572e3a01ca44fd21d11895fc064badcb98.png,13859,.png,2f7b8f3149001e76bae007a86f79c99201575f29552322ab446eb939d1ff002c,recurso,Extensión/directorio,,
multimedia/imagenes/productos/85d24e48369d0a7118f486466e0e0970943adc7b.jpg,26254,.jpg,032a2c6cb5179871a0167ab184f310add6cf6f5fbb7f0c1ae2598e0a43f6dc97,recurso,Extensión/directorio,,
multimedia/imagenes/productos/867dbd67d4bd43f14172663d5313d63a2d99fdd7.jpg,43410,.jpg,bad34efade90e9ad04580bbaba0eea9d3dcabb06444611315f9c8d8aad21c623,recurso,Extensión/directorio,,
multimedia/imagenes/productos/87a7f2f411790a4bc6e59e8b63c0ee37904a5610.png,7721,.png,df3041f1070996de3d8bb8b0677b42123560d92436d49231be8f0df9fb9f6f6c,recurso,Extensión/directorio,,
multimedia/imagenes/productos/87c1f2c31a38a98c948c0e15ace8b6f3704db568.jpg,7353,.jpg,c09d43c00713ab3556bdd84a7b18e1534ce8f3a35fe32c263daace5149411498,recurso,Extensión/directorio,,
multimedia/imagenes/productos/87e46879fdef3ba8497a6ed8ea72d951dc216604.jpg,2851,.jpg,c56ce2fbcd00f31f2507ca7ab4c55eb0312d0fc8bf91096b01aaa5fb389a1c8e,recurso,Extensión/directorio,,
multimedia/imagenes/productos/881abe3c923d095d913a27bb0e6e1bbdc7fe5d27.jpg,6395,.jpg,46c86b9b70c8bcb98f20461c4d75d5d2f9f97679c00304ddd896e2e241625b9a,recurso,Extensión/directorio,,
multimedia/imagenes/productos/88f26fd8bdede3d99ca22d6b4e623887c6b57e2b.jpg,2190,.jpg,14ab62264e0c79135c08e6733242ecb2fcb1b5df9438ee13a9d486bc97ac62d7,recurso,Extensión/directorio,,
multimedia/imagenes/productos/8922e98a3da26029699b651e2142ae0c40c30f38.jpg,31529,.jpg,56c70edb384de6566dec2b78a023ba13f857f7303411c6ef0700362dd74ae77d,recurso,Extensión/directorio,,
multimedia/imagenes/productos/8927c1c829d045edb267d085549e4a3c0ac18094.jpg,2645,.jpg,2b91c1ee77ec3dd439dfac7f3826b06bae14d797a8674b5dd492a011dcc4ebb0,recurso,Extensión/directorio,,
multimedia/imagenes/productos/89d3299b01f3c1859f55795b42072e81f8420ced.jpg,21620,.jpg,ebde1cae5d3ac5027fff3856eab83b96362d100373fd19d349b4114f86fc842d,recurso,Extensión/directorio,,
multimedia/imagenes/productos/8a01a0b15a8f21cacbe4051f72dd0b5b7423c2aa.jpg,1663,.jpg,d09e579eecda7d8d06a7effd690834e492d23fcdcdd10c6761b2d48ef777803c,recurso,Extensión/directorio,,
multimedia/imagenes/productos/8a91e70aa48e289e53afb744b8ab5905aa28bab3.jpg,4892,.jpg,7316468f0f0e11d2bc65049d6a845f83608e64ee8549300e74b0f24f7c9f5492,recurso,Extensión/directorio,,
multimedia/imagenes/productos/8a96527fa59064d0acfba1dabc8f3eee204c22f6.png,83373,.png,86f899b5f828255312aec929989f2553e2a4f31f33139f9cacfb75b7aa05512e,recurso,Extensión/directorio,,
multimedia/imagenes/productos/8bd6409ce597fa97a6ba8b73c9ccc4c316940651.jpg,62210,.jpg,32cfefde18aa6beb28ba544e5066cdf8c4da290338ae845bd3b32ba997679202,recurso,Extensión/directorio,,
multimedia/imagenes/productos/8c024868ca40e707c5d8aa7cd8c77e3a5c5197d0.jpg,12765,.jpg,c52aab72f6b55878a484923bc6962bdb6664655ffc4a707ee361372e316cabb9,recurso,Extensión/directorio,,
multimedia/imagenes/productos/8c12a4fa46746e8273fa31b0446dc58c4e45f9ab.jpg,3724,.jpg,57d5da6fcb3f75fb74275c90c5eaff5d92c9db70562927e71c46388544a2220c,recurso,Extensión/directorio,,
multimedia/imagenes/productos/8d82661c26a146e579b35d5d684e241ad1f07ba3.jpg,62449,.jpg,ea87955ffaa75547e8ba87066c72fd3678ec4959a4d507ada38f578bdc7cf47c,recurso,Extensión/directorio,,
multimedia/imagenes/productos/8d8e034b4e79a10cbe1157403d17649929de2478.jpg,2230,.jpg,ec5bf3ec777fcf22bf9156a7dd1f4091d54f3e30effda77282d4a8a9d515e8d7,recurso,Extensión/directorio,,
multimedia/imagenes/productos/907e7e11aea84fa85c3a0a4702d9ddb3bc65358d.png,65187,.png,efdf0df38e1e9d39235ee03de628e0b552a269f34fa39efba9cb17e5882f1a90,recurso,Extensión/directorio,,
multimedia/imagenes/productos/916be49efa327a89da10ac2428292fd3668f99ca.jpg,1647,.jpg,20d1840d2c1670c26d51fcab8198c65182e8a23c1dea6a06c9d87c3aed9e8dfb,recurso,Extensión/directorio,,
multimedia/imagenes/productos/91bf9243dd9b9672e622e11dbc742febd4ed62e6.png,162537,.png,57186b2462dbf4a88297107c82752be680a03b75982e3f546eae011f69cae795,recurso,Extensión/directorio,,
multimedia/imagenes/productos/926302008c1602ab304b65ebd037083485a500e7.jpg,26041,.jpg,b3a334690c3f3b4f88a238dcb7e1fd7e6d2fd9df4ecc4a29b7c5f142cde76dc6,recurso,Extensión/directorio,,
multimedia/imagenes/productos/92f0a121e30874685886bc84d73b8a0095a12d51.jpg,2466,.jpg,08e68c8fa37641b5e5b158e2b838c9ffa107c9ba10e1068aa2bb509ec8c83495,recurso,Extensión/directorio,,
multimedia/imagenes/productos/935de74258fc7221b3cb96d1070e4d18f78dcc08.jpg,14549,.jpg,1bd0387fba87a5dd584c2b30651d1a3bf97a7eb8497440514a499b1fdc162c23,recurso,Extensión/directorio,,
multimedia/imagenes/productos/93b18e6e320e4dcd86f9abd8f7fb23b2a8ff6616.png,283370,.png,1ed52652d2a16e0b5f9fe21025bc53605b9c012201aa0d2741e10d1e02ee268b,recurso,Extensión/directorio,,
multimedia/imagenes/productos/94658a84acf1c9b6313a3b98308804a9f43be80a.jpg,12916,.jpg,edc5a730155c2bb5edd784f8f894362b5c2223293a6c7975e5481de9a45a398f,recurso,Extensión/directorio,,
multimedia/imagenes/productos/94788e08323c6e3d808456a25a213d85328f14ad.jpg,51327,.jpg,fdb72c38b9f2dcabff3ce3f9fdb963e5b8e6c31980a82096e1579e9b8e4faa24,recurso,Extensión/directorio,,
multimedia/imagenes/productos/94d27b3194467dcb855b353ca624fd2e17893b84.png,131751,.png,4306748fa88519c4fa9e685f478174b13064ba9a27a8a6fb11a6410ed8ece68e,recurso,Extensión/directorio,,
multimedia/imagenes/productos/9518132905db9212212811e71bedbdb1335865ea.jpg,7923,.jpg,6a6bbc1cf36d0a70af2e6ca70b80a6b3567b167361b986084ffd876de020d1e6,recurso,Extensión/directorio,,
multimedia/imagenes/productos/95559418eeb6380d3d63011f2133abdafd7ad83b.jpg,4858,.jpg,aed5aa12150071951244aaa73b53e1519b120640ecb370c2d38fb854dfea22b3,recurso,Extensión/directorio,,
multimedia/imagenes/productos/96d0859f605e96e1ba6573ed9ea3e2b2337c708e.png,160987,.png,a2620e1486c882b85dc02fb9de2feed349a94ea05ff7ee9cfcc87f809cfffb4c,recurso,Extensión/directorio,,
multimedia/imagenes/productos/98f6207432de8fa536ffe2b807146d9c3323d2c5.jpg,4483,.jpg,92b20abf9cc33bb5fd2bec8c456474d2dfa4971eaf7437cf8660d81c0f0997b3,recurso,Extensión/directorio,,
multimedia/imagenes/productos/9989990198bbae12dadf41624629613e330c4a4e.jpg,23448,.jpg,d053dfe1a27217e2dd1b362a261ef188439da7a29cad8e153cb0051133d9c838,recurso,Extensión/directorio,,
multimedia/imagenes/productos/9aa38823e5b22f19d72fa30337e9b3f497cc70e2.jpg,3282,.jpg,f74cebbcff14c99ac733ed44946746c3dfc3143f02a823a3916e2e45510015ee,recurso,Extensión/directorio,,
multimedia/imagenes/productos/9b60cffbc10625a7809087ec6b6492886fb5ff6d.jpg,33409,.jpg,1dcfb3eade8747e300f626b9a4f0266a6102747e9333302974fb995c7db7ddce,recurso,Extensión/directorio,,
multimedia/imagenes/productos/9b7e698f83991a058eccae73a155559aab8814f2.jpg,16537,.jpg,dbc36c31347f0ed34760d6ac42e200bee8a7263f6bd892d75f89c748cc8733b1,recurso,Extensión/directorio,,
multimedia/imagenes/productos/9b81a3e9fd65480307286e1e6b768ba2e61c605c.jpg,4862,.jpg,e1700590ccc6d6e0bdb92c9d3e45ce8bcb2e0e6f9f5f2d94192d1dad98b5280c,recurso,Extensión/directorio,,
multimedia/imagenes/productos/9c2ee5d29f115847094c54d51f65a3e944e70a3e.jpg,29225,.jpg,32e026b91ff0f24a2a99d9b73322e790fae2a8edac4d049c57dd3fe1658e179b,recurso,Extensión/directorio,,
multimedia/imagenes/productos/9d20d8e48b8565a39ea925f2840b451fd04aac5c.png,11198,.png,bcc2cb8fb759d05061ad2da815351151688383d4562125e682e010101ebbf163,recurso,Extensión/directorio,,
multimedia/imagenes/productos/9d43b74fca6d03c2921089462fad7b8882f85c04.jpg,4520,.jpg,2221dc4c4bbcadfae55ff82d6459799f22f5f6b4166924649c13fa7e716d355a,recurso,Extensión/directorio,,
multimedia/imagenes/productos/9d8293d2552af7c3220a5c661b57d89d14397861.jpg,23185,.jpg,4f816d979d68953a1c0dc89be75ec6158e405717e6630f3e7610aeb524a3b931,recurso,Extensión/directorio,,
multimedia/imagenes/productos/9d9a20408df6436de90f0aa343b1a735684da6bf.jpg,3197,.jpg,d5111c90e5dc68fe793016fd067636e46d584b8ffd918d273b7553ccb826c2a9,recurso,Extensión/directorio,,
multimedia/imagenes/productos/9db4a72492ef7498455cb31d0c2469d6bf3ea557.jpg,1617,.jpg,9f7d9a227c5d926011aacbc94ec68ff52b24cc8eb84f7c646268f5dff057e92a,recurso,Extensión/directorio,,
multimedia/imagenes/productos/9f2043632042e29a5493eee70accb18cb61784f7.jpg,11519,.jpg,371e83a35051937b01105e205a9818fc3fbf69017a2187dd303c34fda4da0cb0,recurso,Extensión/directorio,,
multimedia/imagenes/productos/9f2f4d7601bb79d991cf17d788513fe458d891d3.jpg,51075,.jpg,4590f799159f7fa18c7c3383517ac297851fda567107970c5ac137b532e8e3bc,recurso,Extensión/directorio,,
multimedia/imagenes/productos/9f616ea442571aab7dd31b607f2e61cb6c21cb6e.jpg,49432,.jpg,4e277e23d03882ef12d64ad183cd1d9df61f283d41bbc23f68f161b4afffabf5,recurso,Extensión/directorio,,
multimedia/imagenes/productos/9fe1ef7a4e6207d877a10bb6d851b696b7d88d68.jpg,4039,.jpg,7978b3b884b0f41ce0b08dfa4d3f4c2804bbf41da9b50b7804c9c69b93819601,recurso,Extensión/directorio,,
multimedia/imagenes/productos/a090fa0e4ae914f964fe8751f7c89510b240d9aa.png,95451,.png,6e7eda2b86b5231b56774d4ea77f7c3bc88a6a8123f5e26a0a5ddf7fdb946c46,recurso,Extensión/directorio,,
multimedia/imagenes/productos/a0f24a959ebee1bfce3818888f00370129cd9538.jpg,21562,.jpg,dfc3263ac18589e69429f744bcb757228c54abf061c4d2241cc185ed11ec3063,recurso,Extensión/directorio,,
multimedia/imagenes/productos/a1676423cffaf6b20561713fc6b2e50befc8f324.jpg,3679,.jpg,e44cae99d7b44e72c2a7bbfb740dfb1fd9ac6047e8ee936cdfad0adb9aa2db37,recurso,Extensión/directorio,,
multimedia/imagenes/productos/a1ca3275f32c31d7e6a3c8f597d1a18a53516e63.jpg,8812,.jpg,8cc9958a4dde672faac4d1fb37861a002b11850b612bdcc9ff93af9f8654cb57,recurso,Extensión/directorio,,
multimedia/imagenes/productos/a1d8e053b5e4e8536d0fa6faf1e303d523b10f3d.jpg,3427,.jpg,13b4a31d50616a641b981a3c6078656c050d19887105710b2ceab646515594ce,recurso,Extensión/directorio,,
multimedia/imagenes/productos/a370bc5282ae088b5b5e48e392f09ae7da148ef4.jpg,14751,.jpg,6320d625315be127378e1c31aa64784f78e93c0eaf70bbb0aeed6224f802b6c1,recurso,Extensión/directorio,,
multimedia/imagenes/productos/a3b9247321fefb638c12972810516eaf933b45d9.png,50293,.png,0446f6dc9d7af90fda9852463c49e8f9d30366c980bec8abca30814f556d10e8,recurso,Extensión/directorio,,
multimedia/imagenes/productos/a3e1480f1db0147eb584fdfe72d97bf8df2abcdc.jpg,2842,.jpg,ca6997143031e0a9904f6357bc09b0400e13e05d9bad97fb51e05035c1d2b6c1,recurso,Extensión/directorio,,
multimedia/imagenes/productos/a45b71f5e3626593e45ee224ad2a8c0123f25796.jpg,29057,.jpg,2580611d81cd88a7075039a9393d453d0d068e7cb7b3ffd0de8d812993eba5fe,recurso,Extensión/directorio,,
multimedia/imagenes/productos/a52d31085d6df7c0384759382558504b3e204d9a.jpg,18513,.jpg,95f751ae0553cc18bc0ae789ec8dc2beff980ccfb649ef6d41115ab4fe293e2d,recurso,Extensión/directorio,,
multimedia/imagenes/productos/a562d6a1939b089464c384a75e715fa9ef294f6b.jpg,42304,.jpg,7373f659b9c7f1440bd95eae411d90a3dec5308244c718f98ce89ee9c6ba798a,recurso,Extensión/directorio,,
multimedia/imagenes/productos/a5ad414a339b6513325c448e1eb53f09fc06f68e.png,165668,.png,71a07f358e306c91bf24c7c79c874e594e709a2933bc152165f5edfc95c60e75,recurso,Extensión/directorio,,
multimedia/imagenes/productos/a677a5e6752184987a95b860f7c32f53270407f0.jpg,14747,.jpg,99ce4f43248965cc3b06d093bfb39495fa003b7cf84e3d4b73b6468dde622a51,recurso,Extensión/directorio,,
multimedia/imagenes/productos/a6d448eb5f8820d1e0f6fa33a201477d782e98be.jpg,9539,.jpg,aed1d2477b9ceafb51ff9bf0de238fea404050ecf696873f9291ba429ff81f79,recurso,Extensión/directorio,,
multimedia/imagenes/productos/a748235e74a586b213db3efca7c8887c445fd6ac.jpg,9580,.jpg,2328be3804894bea36fe95344e550d9415694cfb5bca432edd5cebba40bd4c60,recurso,Extensión/directorio,,
multimedia/imagenes/productos/a76a5613c74f142de55536317cba224a68c103c9.jpg,4040,.jpg,e268bc68a833fa33eb39b759a0b07e7a9c4257c34f23938f21bb76e94814ffa8,recurso,Extensión/directorio,,
multimedia/imagenes/productos/a7c0568445d4340a6bf0174ee6092e94b3296355.jpg,13111,.jpg,e36b4b8def17c2148f9c333ea441705d41dc15c36f6f68f9aa651d302b15f790,recurso,Extensión/directorio,,
multimedia/imagenes/productos/a8e7a575411332a02186b044cb8d56569d2e9285.png,12261,.png,5e66d17726cb2a07658f183aac1ecaffd217d943820d3fc16400f0308ac15b41,recurso,Extensión/directorio,,
multimedia/imagenes/productos/a8e95bdcca69fc942e7c631426731817d16a4216.png,8158,.png,7d62753bbd265572960c5928504747b535ceb0ba827b4b177b781b3b191ff4d9,recurso,Extensión/directorio,,
multimedia/imagenes/productos/a9e248fd63a4c7363756c3a26f7e56e4429cb3a1.png,5697,.png,236d4f468ca43cc88f61bb08db907fc8c16f3644f220375fbf26f5ae0b40f3a0,recurso,Extensión/directorio,,
multimedia/imagenes/productos/aae5be1ef25f8aa2a07e11605902d4e5dcb60f3d.png,115575,.png,41e3339ad6180e4609e5b9f5683b9799aaf07173dbaf0719a355804616688335,recurso,Extensión/directorio,,
multimedia/imagenes/productos/ac5be5724298a26e875e726124798b6fddd70a17.jpg,10392,.jpg,ad68ee92ada5395abecfe61f3767fbd95144fcb698de53e229b9c89f407113f8,recurso,Extensión/directorio,,
multimedia/imagenes/productos/ac78dbbb9cd9cc065410e83706520151687070c7.png,51397,.png,e2dcb6b8092e83b9a2b8ac4f93a828adefdfdc4f27edaca792d917a6d06c0305,recurso,Extensión/directorio,,
multimedia/imagenes/productos/acae323a2452e2814593b4262e4c02873494c442.jpg,15469,.jpg,d3b1387573c9b464727c6cde1df9f5cce3b13e9c67c7ed54f1affa8f022a0622,recurso,Extensión/directorio,,
multimedia/imagenes/productos/acc74d7b17003cfb9834b2ad40bc4a36153f5b3e.jpg,2212,.jpg,b894eca732f59cdff3d473c4f6facf55e7fc4100772c22068cbffd46791ae41b,recurso,Extensión/directorio,,
multimedia/imagenes/productos/ad2329645fb0764d5b2328d64ae0c0b1ca72c8a7.jpg,12342,.jpg,61ce6c14f4086caeddd51c52b04ceab1bd8503392f7b9f74e75b2b1e3c750dbc,recurso,Extensión/directorio,,
multimedia/imagenes/productos/ad7e0968ffe0f82628363feac57746a76947d579.png,158131,.png,ff1930a5ca594be3e1f132246db527cb3c6b9b7a2d44265c20ca6cc42d6a3a2e,recurso,Extensión/directorio,,
multimedia/imagenes/productos/adf04cb8cab47336aa78cfb8d904f089b79f8a90.png,63314,.png,acffaba27cd5cd4622097a5e23f26915f4ba2dd4831a6c74d0e2f1fb6c7efa42,recurso,Extensión/directorio,,
multimedia/imagenes/productos/aed795dffb09e71b12c1cf7ce868863acced2728.jpg,17940,.jpg,42634bd895d7ae7e7e7c721024719a821a256755b0ce03453a19b4fa8d624470,recurso,Extensión/directorio,,
multimedia/imagenes/productos/af067f94afcccab706545eac92e02ff06b26a752.jpg,50817,.jpg,c52af9d5dd1101d479196e54b7643d5b914c2d20339ab7374ec14320311773ff,recurso,Extensión/directorio,,
multimedia/imagenes/productos/b0febde0c13d86cada3c1dc5a24f75d0bf60b9c2.jpg,3929,.jpg,26f0ac831f0c712674ebd4a3dda01122e026c8a53810b51d1162e471643c63cb,recurso,Extensión/directorio,,
multimedia/imagenes/productos/b158933a0ef3b29d287a77299353e1c27285918d.jpg,78874,.jpg,f236fc4111367d85bd74b9778385ee3dd56d65ac973cb7648b81f2fed84d40d7,recurso,Extensión/directorio,,
multimedia/imagenes/productos/b1f3a8562438d59d58c770ae813531991adbfda4.jpg,8560,.jpg,70dd2dcf1531ce0c71ab3ad19acbb4efc0fd91cdc745b0d93fc12fe1a71edbb5,recurso,Extensión/directorio,,
multimedia/imagenes/productos/b20676a561943df5b36736c402a5944725d918c6.jpg,18231,.jpg,db7a11031b13848c390ecaf3d8642d684129324a65897d7268379a83f572374d,recurso,Extensión/directorio,,
multimedia/imagenes/productos/b26a93145c299abf175f054d35d3caeec9e549a1.png,95451,.png,6e7eda2b86b5231b56774d4ea77f7c3bc88a6a8123f5e26a0a5ddf7fdb946c46,recurso,Extensión/directorio,,
multimedia/imagenes/productos/b3b28c03afeff77e186ea5e33bf2ea49be0beb5f.png,19533,.png,b89028b4b2cfca3583e8d9682effb75db2c838dd89b72e3e09854fb5b149fb1a,recurso,Extensión/directorio,,
multimedia/imagenes/productos/b3c00fc7c44fc6803373ca8d211bdb50986bbd1b.jpg,25563,.jpg,9c4b258adb07f50e0c3861df9f7f32a444b46d280e3ec4f54e748e65d717247e,recurso,Extensión/directorio,,
multimedia/imagenes/productos/b46e6834696cc46798135082d8fb918f2235161f.jpg,2582,.jpg,070a360017400de3d6f1ed4656d58bc63a6323426429169b7d67272b1634053c,recurso,Extensión/directorio,,
multimedia/imagenes/productos/b484137ce1077d5d3cd628467575e3105f67a584.jpg,72424,.jpg,8cdf06f2ef225bd58122dbc5e5860d3238638339656ff5fb696329113e104633,recurso,Extensión/directorio,,
multimedia/imagenes/productos/b48e36ae8200fd6e0d9e19730b28a34b84d9dbec.jpg,15160,.jpg,b9e337e032ba18132ed11e8acbf0a8dd1525d5f1e83c6961a73b9781bb72d3d7,recurso,Extensión/directorio,,
multimedia/imagenes/productos/b5c92fddffe06c860f40b918a2ec9946a5c8d7d2.jpg,22412,.jpg,02837577c06f7494e8fd2649f5cbf0d2e8d75617ad144b406ba6cb02e307df29,recurso,Extensión/directorio,,
multimedia/imagenes/productos/b615f860c6bfc2efe1ff73cf67dac7072bf6c24b.jpg,26464,.jpg,71817e267fd3784cdc84e662bfdabffb176a4eab2281f5442c9b6979f5c71606,recurso,Extensión/directorio,,
multimedia/imagenes/productos/b736e25bce138942bb9d4841d639e5e40e3ad541.jpg,1530,.jpg,76cf04dbd6ed37645eebf1f33ba56b182ee5aa02873f5d1edebf6a50290a22d3,recurso,Extensión/directorio,,
multimedia/imagenes/productos/b822d816a0d9aea2e279b1baae0edb82edfb893c.jpg,5219,.jpg,fde5360924cc7c01053a2550b427c2193b3beaa8e744da36d18deba0066652e9,recurso,Extensión/directorio,,
multimedia/imagenes/productos/b84c70fd47dcc2b46b4e518727ce00f0ea8a6356.jpg,40879,.jpg,ed218cca766cef3f433acc7cd916c88f466c94e0ebf847b832c34a16c4752fbf,recurso,Extensión/directorio,,
multimedia/imagenes/productos/b8c2dada643f433f713d22becd5ffb6cdd48d070.jpg,2329,.jpg,ca2cf108ea72f756906af431644cab79e54cd94d5b11d179d7c163e5cc52d9cd,recurso,Extensión/directorio,,
multimedia/imagenes/productos/b909a849499b633edc6093d67d945c89ceab7117.jpg,21524,.jpg,68ba1e55d0f8df9cd779493cfc9e9878b43bbdb02eab87ff1262dfde061a143f,recurso,Extensión/directorio,,
multimedia/imagenes/productos/b9267d54f7219a984975ba83c28f39687b7165c6.jpg,51202,.jpg,160cad85ebeaca1a0765892e9480d1927b44c4a5c916a3563e923823cc9f340d,recurso,Extensión/directorio,,
multimedia/imagenes/productos/ba5fdb010b1d287f2a4001c470c1f2e1db31f9d2.jpg,6789,.jpg,0934316bdd27349c7486ea2222a5a9652532a08ba09dbe651fff39f7b5cdbe8a,recurso,Extensión/directorio,,
multimedia/imagenes/productos/ba84a61d781389c3a2054b1676024658295b3acd.png,28607,.png,e1f78e92a0bef16b31d4d81b4eeba4bfb4a08bb9b69f4ef6eeb071a3ce051d0a,recurso,Extensión/directorio,,
multimedia/imagenes/productos/bb3368ceeda91ff99ccfa7be1a6f90181e04f465.png,17858,.png,fa09d5e7154a317cab8c71add0e761ee0c91250e5138466d24110a550c27d7c7,recurso,Extensión/directorio,,
multimedia/imagenes/productos/bb67214e2fa3a602f08f84d18af508c2144b4399.jpg,24058,.jpg,bf1d21891eb5d07a23a6295956e9297f0917efb95e7d3198303531953b722034,recurso,Extensión/directorio,,
multimedia/imagenes/productos/bc790885ef043576513356856af6389d5d697506.jpg,3097,.jpg,2af421206308cc1635c72dffdc316e7bdf1c44ee739d4afc602f40f7060fbd44,recurso,Extensión/directorio,,
multimedia/imagenes/productos/bc810042ae32b45e642d2b97a228528b25af5555.jpg,15992,.jpg,d48159566adf251063bc4666ba4727fe1a87a76d6fe6f36f0149d296e2e24887,recurso,Extensión/directorio,,
multimedia/imagenes/productos/bd1f8f56f056617c741bf8594189d610ec31455e.jpg,18097,.jpg,697f6059aeec5652b0c004d88601dfd460c418d58353e0d2bb9925181ce8ebbb,recurso,Extensión/directorio,,
multimedia/imagenes/productos/be2f311aa92f08c08c00fe0cfc8730fe8253fb59.jpg,9416,.jpg,129c0b680a4131a3f088e0d28a99e59cf488502ecc29540bc7c8dc9139c57cc1,recurso,Extensión/directorio,,
multimedia/imagenes/productos/be781238f5f87bf92bb8b76fe8a3fda917da4de9.png,40298,.png,d89aefc0343ce64ef69a3a0e445ce0bf4b43804fbc027b1b2bd23558eb08b70c,recurso,Extensión/directorio,,
multimedia/imagenes/productos/bec4a9b0b9ba18e039ffd443d26ff4bdd3b75a32.jpg,23764,.jpg,d9d14225c009911682a85d59092d37ee3872b65c0672f2f04aa1460fb9a972be,recurso,Extensión/directorio,,
multimedia/imagenes/productos/bf45613379a3fb030e09e5ff600f67022b8ed045.png,7195,.png,34b2d4c0b8f828ea94b46572c056c5f416b24d0e33a9b6b42a18aa1f52778415,recurso,Extensión/directorio,,
multimedia/imagenes/productos/bf7bb7a1ee0e115572fe5e5d1bd5c5f33d1e3580.jpg,3085,.jpg,9ba897be0d2d6de3fee055c7a1573153d1faf08d8a500903d31d95d6661274fe,recurso,Extensión/directorio,,
multimedia/imagenes/productos/bfa554d69238760ccdbcd929f0a83cdc12d1593c.png,50598,.png,c6758d73e100c040251d4c55bfadeac48ec69cb26019d892665e7aa9e50eb69b,recurso,Extensión/directorio,,
multimedia/imagenes/productos/bfc6742f50a1fe0b46c3349883e2710f9aca9a49.jpg,3902,.jpg,e05ec53718d199fe5677b865f906ef671ca9d9c93f319e5b07b0fcd1eca58691,recurso,Extensión/directorio,,
multimedia/imagenes/productos/bfd088b74d29caf8ef79bf31860c65ba4cfc8c5f.jpg,9272,.jpg,3447ea7da6e2f8682d4033e017e87a8282ee8c35b5863f6621f3b44bdf9b9c27,recurso,Extensión/directorio,,
multimedia/imagenes/productos/c010d0a0cf17db40fb8aac4c4c96d9d5e7aeeecd.jpg,19336,.jpg,4e34dd2cad788d1fc6aa04ca254603a146cef0366cfd86feff03e477ef198f5f,recurso,Extensión/directorio,,
multimedia/imagenes/productos/c112bfd42abe043cea65afd42ec67630adafd4fc.jpg,21524,.jpg,68ba1e55d0f8df9cd779493cfc9e9878b43bbdb02eab87ff1262dfde061a143f,recurso,Extensión/directorio,,
multimedia/imagenes/productos/c193cf07d02e475d907ca58e408bf153b94e0215.jpg,31483,.jpg,9ac00fe78b564245e52e8fb5fec4189cca24a082f61e4baa1c21854ab4ecde83,recurso,Extensión/directorio,,
multimedia/imagenes/productos/c1d9f151ac7e02157706645db82b208f9d1746c6.jpg,1908,.jpg,742b1da3687efdf735817b52894f283598f1e17d6633ea85e754421131a72a6c,recurso,Extensión/directorio,,
multimedia/imagenes/productos/c1e457772201aa0b50358d628f80cc9adf4e5834.jpg,2849,.jpg,624269b600d060a96bd3ad473072f220c57800becbdaee1be31a037768a3a4aa,recurso,Extensión/directorio,,
multimedia/imagenes/productos/c29a2d7e18d772e9d843df575e8df4b6e7d8ac88.jpg,62579,.jpg,8b96d26a1154c8397ade3484a224c105a993c59f9ec89723b31d5a14416061f5,recurso,Extensión/directorio,,
multimedia/imagenes/productos/c2bb69e66991176681440908d40baea00a9aace8.jpg,2644,.jpg,d56f0c81d8584a56b14e32a803e483a16dd78326633912b156ee9d7ab1404315,recurso,Extensión/directorio,,
multimedia/imagenes/productos/c2fa584cb9de12c8d855781cfa361eed82c5fdc3.jpg,7574,.jpg,7ccf1aeb2a09874a69fc91f745569cc27cb2aeffa5a170c48f387abcaaf62281,recurso,Extensión/directorio,,
multimedia/imagenes/productos/c342ebcfaccf7b10dd675d7826a733365c70c8ce.jpg,1997,.jpg,7b18e224dcdd386cf0f6f28bca8d20ce9be07966bb931d443b97d5afa0fd256d,recurso,Extensión/directorio,,
multimedia/imagenes/productos/c48b40303ec9bf91a5f33a95c86faa69be7d7d62.png,89309,.png,c06cd875dc2894c8bff69365acc8496f8b0cfd9e59deacd6ed2c52a1039d2116,recurso,Extensión/directorio,,
multimedia/imagenes/productos/c585ff536e9e6b0c7b1f56bcda32747f1fd64a32.jpg,3536,.jpg,41c028c72cdf7a4d9c4fe972db8cd481299af669e063468dbe7aabf83057950e,recurso,Extensión/directorio,,
multimedia/imagenes/productos/c5b22a2f401c0a08888320ecbcd16f92e76d4793.jpg,33158,.jpg,3adf31b42e1248938a6949257b2d8824b6c5a9cd8a4038151eb9602d5be16849,recurso,Extensión/directorio,,
multimedia/imagenes/productos/c6323be262c084906f23b3f2e02d8d5bd3d28546.jpg,42061,.jpg,9cca3f441577d5a087a0106590b6b32fe6a523afd3214027b92776152640c261,recurso,Extensión/directorio,,
multimedia/imagenes/productos/c6e1bc82ea0d1f22a98704a7fdacfcf17e14b498.jpg,6913,.jpg,c7b5f828d594d02601b1572775aea28d5329b83d0709399df54e712861c48723,recurso,Extensión/directorio,,
multimedia/imagenes/productos/c78163824c874cb804c9fae74b629b436b5c6bd4.png,82422,.png,edea50af5cccbb1524db51b336ea2064f1027e084e72ea6385c1adde2eb403d1,recurso,Extensión/directorio,,
multimedia/imagenes/productos/c7a4034d1023aa9e5b7375a53bae3e9c82d08b02.jpg,15334,.jpg,d360b6c907853ef502c92438d89f615507fae318b4361e6e6861d4857737e84f,recurso,Extensión/directorio,,
multimedia/imagenes/productos/c8129b3569c790e5e15a570f87e7f36719703e1c.jpg,2463,.jpg,c54a4471085f9a0790d68efa7393396e6e800e020018577d22e4b5f6b99689a4,recurso,Extensión/directorio,,
multimedia/imagenes/productos/c9130b6fa8a1ed05b487a65f6ff30895b8f1a981.jpg,5701,.jpg,cd0a7096912d86dae3d3d1dc24b17d3024544b8369039ec8c2d74cb0da7bddf0,recurso,Extensión/directorio,,
multimedia/imagenes/productos/ca6508f8b111dad227a6d111e3a8e4e1ab945137.jpg,7353,.jpg,c09d43c00713ab3556bdd84a7b18e1534ce8f3a35fe32c263daace5149411498,recurso,Extensión/directorio,,
multimedia/imagenes/productos/cabf3ce04f2934cf3dc33b386f7936919c1e9369.jpg,3151,.jpg,324160f698a595e169a675605e1c2d0b7a158ab7cbcce2c9ea07ce3d08c75808,recurso,Extensión/directorio,,
multimedia/imagenes/productos/cafb56679413360bd08d5200b1b925282b4b2151.jpg,24156,.jpg,eb582a26203e0c65e495dd79393666ec22f786462975307e7188231754b18122,recurso,Extensión/directorio,,
multimedia/imagenes/productos/cb86dd9383b3ea7221cda7b42bf813a1886a6d90.jpg,6789,.jpg,0934316bdd27349c7486ea2222a5a9652532a08ba09dbe651fff39f7b5cdbe8a,recurso,Extensión/directorio,,
multimedia/imagenes/productos/cbb4e1d2f49f3b383989e986f11f143592437b0c.jpg,9448,.jpg,1a12e08337d26454e99f5acaa9b7df7a6d93d13ca52368979977ff88dd25bb8f,recurso,Extensión/directorio,,
multimedia/imagenes/productos/cbb7a795851f9423111a9f86c5474e64205d7826.png,388261,.png,14662bccfcace28b37b9e3d7d3fcb434a33d3f62b9f64ce76424b699a8579117,recurso,Extensión/directorio,,
multimedia/imagenes/productos/cbbe8711032c3fbdf4fe5ba178232f991646da2a.jpg,2936,.jpg,e5d6ef4c272397017b2f38f245473eadfcea5c175594e53e4c00579dba65720b,recurso,Extensión/directorio,,
multimedia/imagenes/productos/cbd6a7cacb8c2a97d286305d91a35621f578ccb4.jpg,7923,.jpg,6a6bbc1cf36d0a70af2e6ca70b80a6b3567b167361b986084ffd876de020d1e6,recurso,Extensión/directorio,,
multimedia/imagenes/productos/cc14617ba38fa72399127d7935ac144f16ef5073.jpg,5591,.jpg,e318bea0541bbfaabfa02224b57010ac9837c343445cffa5d64ba4cf5813f9e1,recurso,Extensión/directorio,,
multimedia/imagenes/productos/cc7cf71256da2123d44f664f2d3eeb5ff939267f.jpg,10681,.jpg,ab6b211c95b78f76a5f5c7e74512e0f893848ec0718cdeb84b398f8c2ebffde9,recurso,Extensión/directorio,,
multimedia/imagenes/productos/ccb9317c9259da95f8d10f948ff5580786e68a89.jpg,3510,.jpg,dc408c465256d399a16119eb972477b60f4a12d0f9e0723bdd6711f250a97d36,recurso,Extensión/directorio,,
multimedia/imagenes/productos/cce6236c1a67ce92704e4746a358a4d34ef3e63c.png,105383,.png,f80c87d80a6730bf57f80f887258166fe0bb437e657d500e32ef10603e5e9de6,recurso,Extensión/directorio,,
multimedia/imagenes/productos/cd72ab26741874ce0f7e1436cdbdb6940f05bc64.jpg,19452,.jpg,ada0ae10a01bbebea1c7664d6bb6c8ccc1829cad4c51f6faf85f7b38ef85b9a7,recurso,Extensión/directorio,,
multimedia/imagenes/productos/cd9e61da0f4ef4ff4afd7603edb90379316d5cef.jpg,14806,.jpg,0603f131b2b1bb9c422591f979301b489c5c0f2a0e68e5e48e5c7ab79f79a326,recurso,Extensión/directorio,,
multimedia/imagenes/productos/ce07dd12a1a83be16c07305343e7156742ecf887.png,35396,.png,a5339125834007b141ae1502d443aef8465231a67efeb4311a35dfb74ec99a1f,recurso,Extensión/directorio,,
multimedia/imagenes/productos/ce13faef77af29e3d6535bbe149ddb25bd46b55b.png,11561,.png,2939aad8f5a03555a151d7a2b3bf0ee059480d8a360d2209f28846a4d669139e,recurso,Extensión/directorio,,
multimedia/imagenes/productos/ce6cc9fcbdc795c9d2661d4bb871567fc0265b0d.png,124237,.png,5df4e758216f867cc7f3ecae73717753714e3f98be40cd54d64c482f94d8be6d,recurso,Extensión/directorio,,
multimedia/imagenes/productos/cea589235ec4bbb4be5c3a0eff13c0982e149ceb.jpg,15369,.jpg,f532614522126ebb3ecd41abead756443c420715443694cddb01ee66a2d6db4f,recurso,Extensión/directorio,,
multimedia/imagenes/productos/cf223b07a6bd1a0f24109a5e6a52d004a62f9a68.jpg,12529,.jpg,ce4003a4379ca8c0c4fe2c8c7c45cd03a1f214b3a6cceeea07643b55f7603036,recurso,Extensión/directorio,,
multimedia/imagenes/productos/d0053babc3d4fbf4ed643151d4c262c6f1fbd3c6.jpg,4663,.jpg,a60a687fb795579f2c0e5e59b404c57c0bb29d13bfc023e723758898c36b81f9,recurso,Extensión/directorio,,
multimedia/imagenes/productos/d0564ebbf468f07c5302465bb7e116748a212d21.png,86526,.png,36f9f2e3fb14b5569ab9b8231f265078a74cf56d026c26791dbeaf3db81660e6,recurso,Extensión/directorio,,
multimedia/imagenes/productos/d0c8696fd269f95898e83d2f7403210379305210.jpg,15272,.jpg,df83b02a3fb5a227a68c9771770ea9e68f135e5fc3044842735ab07c2ec85e9c,recurso,Extensión/directorio,,
multimedia/imagenes/productos/d0fab9f00d88520627d3ec823615216d8a729abc.png,189097,.png,c095402c3d3d1efd70ef371386a5e96161cf9b34db432a02ac8bbb61add90523,recurso,Extensión/directorio,,
multimedia/imagenes/productos/d1beb089b9149f44872906db3f34f93d202a61b6.png,10059,.png,058305feb7a4f37bc8e26ade265dc7ca2a8ff99e3b47b05da5ad5b89438b2522,recurso,Extensión/directorio,,
multimedia/imagenes/productos/d2c4f71c668240ea3ba6916497fd70b2c3606ad5.jpg,4194,.jpg,4de37004fac5443c3c1c70bfd0dac79116250bae41ef99d33ce70cc261cc457c,recurso,Extensión/directorio,,
multimedia/imagenes/productos/d3406d2e8ecb6d2c64e6862e3ed1cfe460479186.jpg,17714,.jpg,30474f072e65a5600b6b42451bae547dfff2285514ab437acf6372d9c668894f,recurso,Extensión/directorio,,
multimedia/imagenes/productos/d3b7fc0b86dc09a6c499b3a93f0fda28568d51d9.jpg,1699,.jpg,e9be47051ff9d17637cd6553e18b02994da2c601f6dca6efd906980e9cc21049,recurso,Extensión/directorio,,
multimedia/imagenes/productos/d3dc13c79e7321ed72c1caa36368c49f4b73df02.jpg,18154,.jpg,a7d2bdc264996ecc70019b5970807d8fbdca01a8d00a587775a55cda7efc91bc,recurso,Extensión/directorio,,
multimedia/imagenes/productos/d4ea235fc3fb2283cce2bfe13e840f28fa57ab55.jpg,5754,.jpg,5c40f8e2f7bb3533023b9501fa6200817e2f3d156bb6cba0edc0d4f471f2ed3e,recurso,Extensión/directorio,,
multimedia/imagenes/productos/d4f4f265a05df2f5187a19261fd861dad02ff37a.jpg,2945,.jpg,f33b3f0441e7b31ada26aea7b1788af48abb5d8ade3c360e1ba5e2bdd56b2059,recurso,Extensión/directorio,,
multimedia/imagenes/productos/d5759a4919fb40e100ab61d68efe18faa09fcda6.jpg,7995,.jpg,9ec5b53645d21355a6caea753842832a3775a10ca7c2ed9daadb7549a17a4b41,recurso,Extensión/directorio,,
multimedia/imagenes/productos/d68040332edf29629844e01f358791da732f15f2.jpg,14845,.jpg,5a66f7c36935533c60ac05d56356be2d892a633e81651a3c11569161a4512da5,recurso,Extensión/directorio,,
multimedia/imagenes/productos/d6b124cf6776639f59572f326a1f8079be09d49c.png,26956,.png,aa4a9b88be082dfef656bc07e9b058b12085b8e7721cabeb69f4c5ee908610cb,recurso,Extensión/directorio,,
multimedia/imagenes/productos/d6da9dda34e774bbbbb12dc50e2391c2ef8ef007.jpg,5648,.jpg,7250319d6a35102c50f17903acfc1fd4690f326f699ebecbb8c9252bb18a075b,recurso,Extensión/directorio,,
multimedia/imagenes/productos/d788b167cfa5dcf91faff96bad7c504efeb721e9.png,20360,.png,28ce8ac403daead926c14dfe1a13f0d22a1cef7d5e6a71393e3f2ee5b3791268,recurso,Extensión/directorio,,
multimedia/imagenes/productos/d7b1d0215380eb9ec6869971bba9bfe0beeeb377.jpg,2844,.jpg,458897ec715adb9b4e124cd9c2e70ba2d4b4b27ebff50f206f808f05d3faa64d,recurso,Extensión/directorio,,
multimedia/imagenes/productos/d8068e9397735dbea2a0cc443121d94f5bb84777.jpg,9925,.jpg,852ad2f1d6a337d5cb4682f2e0df644b17593dec3445c767283717b37ae72751,recurso,Extensión/directorio,,
multimedia/imagenes/productos/d8f098c77551e3cab1314a69a738ac9afeaf3987.png,5776,.png,0d239943207b5c122c7279af6340bbb03750314359657f794f86d3f9055d867e,recurso,Extensión/directorio,,
multimedia/imagenes/productos/d924a5d2393a2cdd6ea0c4db31f1b58b04826ae8.jpg,19342,.jpg,bfdcd2ee56245dd2dd9e0895498bc08a788fe204607a0927d7f09fc3cfa43db1,recurso,Extensión/directorio,,
multimedia/imagenes/productos/d94a4eaa527787af3622e1efcc52c84ee7c6907d.png,115872,.png,d5e252e0a4723de070623306e7b35107da2f1c803c069bf9dd596937f9fafbd2,recurso,Extensión/directorio,,
multimedia/imagenes/productos/d9fea1569b54c774379c8a3edcbed537fc17ac8d.jpg,47639,.jpg,6cbfe944d8cd705768919ea1812a7b07ccc4af352e217a09a295d1ff6c1a2ff0,recurso,Extensión/directorio,,
multimedia/imagenes/productos/da49fd5ba58498e597c77148924dd0f500cfbe3d.jpg,3296,.jpg,b9039f96783fb5b91ed16efc012df176a91009847c9c37fde40ac251cf48898f,recurso,Extensión/directorio,,
multimedia/imagenes/productos/da8865fb2bfb6d5c30e35b69be3d2a26792394c6.jpg,11233,.jpg,be4d44478f68028b90a48d08b200598b06e3b4087e56a4b8d2729e95a34375c7,recurso,Extensión/directorio,,
multimedia/imagenes/productos/da9aafdab5fda14f4ecec9132ab48a92358ec892.jpg,22091,.jpg,07ef51f391462efe91e1f56ae9294421e231cffc2286d9e72a4f55d742198eff,recurso,Extensión/directorio,,
multimedia/imagenes/productos/dac57364c2154a553023fa2752cd38650552575f.jpg,12642,.jpg,6986511c4354a6105d091d21d968f673c3834320c882c6d6b73e4917d062340e,recurso,Extensión/directorio,,
multimedia/imagenes/productos/db63eede089c5c38e228d0beec2cb17effb7576d.jpg,1565,.jpg,bcdd6e6fae8c71a17e13d27464435bc2496a20f7952bea7d8637c8a80c573ea1,recurso,Extensión/directorio,,
multimedia/imagenes/productos/db88124010c8fd74436ab47c242f52ca0b056d98.jpg,4574,.jpg,6a1d48989af7e1c767ef6655180169bb30a9c2db23065fb02ae1b8620e4baca8,recurso,Extensión/directorio,,
multimedia/imagenes/productos/dbaad9231e6c850e3338b54ef2719ae62656d2a5.jpg,2107,.jpg,788b9feb6900fdb3998242cdecc184e39dc350bd8a4e5a83fa433a80eb2d21dd,recurso,Extensión/directorio,,
multimedia/imagenes/productos/dcca97a809b840b3b96e0a75d2e43662f42261ee.jpg,30969,.jpg,d0eebfbc747f89a371fa3cd4f03cd7953c99f261faf5087ada4fa2bcb9b3adb3,recurso,Extensión/directorio,,
multimedia/imagenes/productos/dd1b328cbb85ef5a39cf1c8b989599af4f7e69f1.png,11159,.png,26e37728cb42b64a89e8d2751a2a90110e34835b522ece1ef7a17b5cb2a4e8cf,recurso,Extensión/directorio,,
multimedia/imagenes/productos/ddbc1e4d00b31375624cce25667ebbfcb96b5f99.jpg,2584,.jpg,ea2c3195d20e19e8c1089a468b78f58a307b20dc19ae0ab848999a00438df97a,recurso,Extensión/directorio,,
multimedia/imagenes/productos/dec91cdc543e16578bf8e7e7c7656ff85ffafdcf.png,94930,.png,133339b32186cdc9487379762a06d60f9e660dd1653547211caf9418897b655d,recurso,Extensión/directorio,,
multimedia/imagenes/productos/dee736ff1509240e1ecd2d7ec3e9e1cb2b55f4ce.jpg,1635,.jpg,d6ec9f58f6a73ab33f1280742bdf0bbd5364e3cbf7fa9c77af76f956ef16076f,recurso,Extensión/directorio,,
multimedia/imagenes/productos/df2960127f1975f4e32ee5324d7fee58e6b1989b.jpg,19039,.jpg,8debbb7295edff47567fde74442421bffa540d5476f506b1ad0c544a6c6a90dc,recurso,Extensión/directorio,,
multimedia/imagenes/productos/dffbd807d553231185e92dbe99920c1e820c4705.jpg,3238,.jpg,3bd274c661f951102a49401f1a8ef6eeb639ef01cd5a9915d1cada045e819154,recurso,Extensión/directorio,,
multimedia/imagenes/productos/e0735c5d3fa243e3b3a3508b05c171ad43c482a0.jpg,10608,.jpg,f1f3a7ef55eaa25cb534e38467a92e6f57a93142c92a221fe2f97f5b48e44070,recurso,Extensión/directorio,,
multimedia/imagenes/productos/e07cb931ddc8438c654e09781cb8574a4a017558.jpg,4931,.jpg,5ea5490cfb80bec89568325388be59a515543123ace2f3fd5e8f9de459cf8de4,recurso,Extensión/directorio,,
multimedia/imagenes/productos/e098729402b2480f2ed9d78b1ceee7bba33bbaa3.png,80864,.png,368a4bad0cdc308510f9c5bd6e2a28d3eba56b8974decd07a4b13b867165330b,recurso,Extensión/directorio,,
multimedia/imagenes/productos/e110f8b723c685246ac3b82b3e37a04cdcae9417.png,4760,.png,c8286ad07582882cee785fdb257e5c4fc59d149e1c6f4b1cce9ff956dff29999,recurso,Extensión/directorio,,
multimedia/imagenes/productos/e127c73d075f64bcabd7fd264e8ead5d3f6f505b.jpg,8352,.jpg,e514be9d78a2617ecbb4e59c984023c8fc46e691a883fb6babc2ff5723880b1a,recurso,Extensión/directorio,,
multimedia/imagenes/productos/e26364511d4363febc983aa404df880187b80b78.png,65501,.png,c5c529371450b63993a761048c0af4b64cd16326e4ca491d102aedf3f98ab421,recurso,Extensión/directorio,,
multimedia/imagenes/productos/e2f00fbf744c7ba8a3a30f48ce4fc6bd4f49ea9c.jpg,25276,.jpg,c6fbe08c840ed13d96e43edc2c42c5c4346ee6a2f1b87e00c06f3f593588ffee,recurso,Extensión/directorio,,
multimedia/imagenes/productos/e326f679c5cc33cb0c4389f47e0e44752fbdafe6.jpg,28462,.jpg,a76bbb07876abcbb28dd4044a204abd876cb7bf0589c883a49c0988c78dab11e,recurso,Extensión/directorio,,
multimedia/imagenes/productos/e43141f69bf9d40f2183f4c5d8f6626e33078301.jpg,41498,.jpg,91197a931cae94577bf5106a54012fbb531d6a1d4f7ae1efa062fe2e513a645b,recurso,Extensión/directorio,,
multimedia/imagenes/productos/e49c09b9acccd4dcc35fe401a28a23005c4a5792.jpg,36010,.jpg,49c4a0ce5c6bc086ea98883bc462a89e8ce0db45dd15bdf1cb91f577ec87087b,recurso,Extensión/directorio,,
multimedia/imagenes/productos/e5f6663418ee3dd23acffb6ea3c3d74f5c3cfc77.jpg,74844,.jpg,ed81708e943bfda8822a6515d8a09af83457345d81fb9135aa4decfe4a48f6f8,recurso,Extensión/directorio,,
multimedia/imagenes/productos/e6cf2ac8debdf92333a172629bd3ef963c88d306.jpg,16440,.jpg,3f72dbc198cd7f846758242cf1858d5f7ebe5bbf02ee52fe572fce94006f222c,recurso,Extensión/directorio,,
multimedia/imagenes/productos/e79270b2331f2e3a2291fc58e78dc390512d8d8f.jpg,8352,.jpg,e514be9d78a2617ecbb4e59c984023c8fc46e691a883fb6babc2ff5723880b1a,recurso,Extensión/directorio,,
multimedia/imagenes/productos/e7b3c802ebe2cdce993382bf06772f14d3e88a56.jpg,3877,.jpg,2eefb0364fe6498facc2479a28632423c45f3cfffba6e5f955170e95cddb48a4,recurso,Extensión/directorio,,
multimedia/imagenes/productos/e89845e7c86223d440ecc3f0d10e8877190b6523.jpg,4862,.jpg,e1700590ccc6d6e0bdb92c9d3e45ce8bcb2e0e6f9f5f2d94192d1dad98b5280c,recurso,Extensión/directorio,,
multimedia/imagenes/productos/e956f222de67a6afaded7c0d253650ed08ab8fd8.png,3645,.png,bf83363ec9d4d48d5ddfd182387c19f54013f517b0cf64ed319d2332a7faba0b,recurso,Extensión/directorio,,
multimedia/imagenes/productos/e959fd1c4a20b3d4d986a941b241a4dae6a1c138.jpg,2400,.jpg,fe48af9843aaa060bc1d73601e801055f6de210a4e4659fad58a18c4feec2d4a,recurso,Extensión/directorio,,
multimedia/imagenes/productos/e9e7365da17e4ef563b7489538569b9380ce070d.jpg,3741,.jpg,00483c02d11603b8fce516f862c4282c24e6a4434b88db1be82194ad17f2d24c,recurso,Extensión/directorio,,
multimedia/imagenes/productos/ea362de52a1c2cb3908c25ade2858ecb078d3c3a.png,22627,.png,25a8be73b6e7fd0cdd6fd70a822af36ff0d3415f7772b86d09251515b447af9c,recurso,Extensión/directorio,,
multimedia/imagenes/productos/eb34820e7831163867ff8a1f9595f0a31ef2083a.png,52643,.png,1e51e4f5bf43f8c412194a00f9753a62276aa42c4e983408b9bde3800d3b7b19,recurso,Extensión/directorio,,
multimedia/imagenes/productos/eb655633186fffb63c4f777cf240d0335bd39d62.png,76197,.png,62fea48994912c2943118af086d0616bf7e463cf290b3a3229355f42e3fc549a,recurso,Extensión/directorio,,
multimedia/imagenes/productos/ec7f161f21e026c393f39f6accc84ca8a571b04c.png,3726,.png,d6275943315842bde85d79005bc6b4e2228b9ddc1f7d27f3ab2cf6c4069dc2a2,recurso,Extensión/directorio,,
multimedia/imagenes/productos/eccdd5a4c019cb488108595c5cf38897f36d7fc7.jpg,21918,.jpg,e9f50d907cba46f06d429b1c82c334281c304b9c2322742b28efa2a86017c87b,recurso,Extensión/directorio,,
multimedia/imagenes/productos/ecd98bc955a0f0ef451f69f6ce464e3edcdf4dda.jpg,20020,.jpg,e9977f7d159dde91a4b9bdc9b13656fb71ca551c9b813fa709c4948725f3a149,recurso,Extensión/directorio,,
multimedia/imagenes/productos/ed63d21ccf2da2fdcf0ffdef6bb5a8138902ae22.jpg,2417,.jpg,bbd5c278a68de73c4b8aaaeb85421fea42649b44252c890287dec14db8708c1c,recurso,Extensión/directorio,,
multimedia/imagenes/productos/ee5b6d74c80aaba168a0dc672007661b8f2de72c.jpg,36359,.jpg,1168b2187d82e8c1f867d9f15f11d268338c5a561a4176165d7d1b2c38a9cbd8,recurso,Extensión/directorio,,
multimedia/imagenes/productos/eeb79ca05b58fd631fb4b77d54b5be389d4813ca.jpg,2525,.jpg,bdea72e619140c108cd90bf8f73f67399441e5208af118afe6af658e8e2fe5ea,recurso,Extensión/directorio,,
multimedia/imagenes/productos/eec8e99dd321286ef3000952229a7889b9c52f3f.jpg,20474,.jpg,667dd950dae876cda5ef6ae7a2d7b713f1e1fecf8cd319e6d74ca5736565862b,recurso,Extensión/directorio,,
multimedia/imagenes/productos/eed0b9ef4d2d56caff43c695c707c98ca80267ce.png,58366,.png,59a7d1b72d47b36062668c0768367bbe8af177055e74ba5ef68f712d3739dd8b,recurso,Extensión/directorio,,
multimedia/imagenes/productos/ef0963eb15946f07dd1d427c167dc48109d6e87a.jpg,4574,.jpg,6a1d48989af7e1c767ef6655180169bb30a9c2db23065fb02ae1b8620e4baca8,recurso,Extensión/directorio,,
multimedia/imagenes/productos/efabe058bba1b6f7db9aa905c1f147991869ff01.jpg,5325,.jpg,5563a525bf9919008bd002ef4ed9549f8e053b7abbfda8bff7df36f0276cab97,recurso,Extensión/directorio,,
multimedia/imagenes/productos/efcabb70e881cdabe7e2e5c2ca72e38aae007ec7.jpg,17324,.jpg,7abbe091d730d67822b739eb3d0831069b41d057e4bea745ecec85fd7ecfa020,recurso,Extensión/directorio,,
multimedia/imagenes/productos/f075098ac7aad4433b88699753cfdb55fbcf6d3f.png,8733,.png,aec47cb5e682f3be8ed7da5a352c9a1c7f02239ed3d265f174cf14732c1b4cec,recurso,Extensión/directorio,,
multimedia/imagenes/productos/f0ae2486837817472e8528e028108dc2c87567e6.jpg,33539,.jpg,7a5f780f1669be58dab36bd1d846835a1ffd595b3f849d89c3942505a9fe2c67,recurso,Extensión/directorio,,
multimedia/imagenes/productos/f0eb6b339324ccc55b54057c1452c54a24f17e38.jpg,17296,.jpg,fb0b1f3eba7b5c73b1db980df6fe898910544e1629c0ece560bd80741b3968cd,recurso,Extensión/directorio,,
multimedia/imagenes/productos/f14a440a3dd06e6f2c9eb33028efa68d17c042c6.png,11198,.png,bcc2cb8fb759d05061ad2da815351151688383d4562125e682e010101ebbf163,recurso,Extensión/directorio,,
multimedia/imagenes/productos/f24556f8035da8125933b90d83aabfe700c022a7.png,13733,.png,8e61294ea49ffa2da8d27d3ad8c5b33e4657fb2463e25203ae116a415bd01287,recurso,Extensión/directorio,,
multimedia/imagenes/productos/f33cdc671282ed4ba8c5c02345a236cf73546e13.png,17956,.png,1e0d7be392cf3d3d215e0ba27d674cc6ce600ca26cef5148d3aae2b242a53dfe,recurso,Extensión/directorio,,
multimedia/imagenes/productos/f3db8943fa6e28e903591340e43b828dd4b15e1f.jpg,31327,.jpg,54f588be3d7e1f457fc350efe391c80b0381bed4eb535b5c8aef753bae253c2d,recurso,Extensión/directorio,,
multimedia/imagenes/productos/f40555a74cc4a1426eae149044fd6b3d70ee5278.jpg,14938,.jpg,71d89848d72f39c6bedbde0f23c50d40f7c8f9df039cdb8597d1c3c09f2cd159,recurso,Extensión/directorio,,
multimedia/imagenes/productos/f45bbe7b78cbb5a8b7730e7b891c3f1f43342e0d.png,21137,.png,92075e74836cbf610e4e3433ec66084761b50628c6370007939e681cf575c715,recurso,Extensión/directorio,,
multimedia/imagenes/productos/f4ea3375f37b9d2767d11f6dcca792e4f78fddd9.png,80820,.png,7be379c63734a77ca75ab61e8a70bba8907f3fe2cf67aea866f09522a6796fde,recurso,Extensión/directorio,,
multimedia/imagenes/productos/f54a295aa25bc0b7622c619643cfde5b84d00f81.jpg,3746,.jpg,19b98401552f501b201c6846a89c13aadad20a25851ddc461a4456f59c738930,recurso,Extensión/directorio,,
multimedia/imagenes/productos/f5df064859534f9e11965ec91850ded7b46a93f7.jpg,24019,.jpg,cd2b1277f52dcc9a608ed91a12ba7a9f74bb3e55ea02eefebc7b56f07bb143ad,recurso,Extensión/directorio,,
multimedia/imagenes/productos/f5f705c816755cd6c0764b2b15e6b0fa4686ab17.jpg,10681,.jpg,ab6b211c95b78f76a5f5c7e74512e0f893848ec0718cdeb84b398f8c2ebffde9,recurso,Extensión/directorio,,
multimedia/imagenes/productos/f62f5e05331c33d8d6ca84d6f7118f721f9f3c87.jpg,16318,.jpg,de2ebc2e54e4c2d5ed86410c5fd22d71ea44f3496e7d812d9d9411f21245ecff,recurso,Extensión/directorio,,
multimedia/imagenes/productos/f6db35d3941c816f0cc0273af3380d6b041182e4.jpg,6611,.jpg,d6ad543b60652862a661e9cea83bc552df118a13b83382ded64cdcd4870772c1,recurso,Extensión/directorio,,
multimedia/imagenes/productos/fa542d34fc223ed402b45634f41e5216af4810b8.jpg,47842,.jpg,ae7cc0a44b6652d3be55dadefd7394a31f013e63a07b8e08ec687123905e570a,recurso,Extensión/directorio,,
multimedia/imagenes/productos/faebb819b20b879d0593de9cb9c0a3e1431bd912.jpg,1618,.jpg,c691c08c0ac1547e02aebcc9108db3053b96a34f6c762452d4812845c9e99436,recurso,Extensión/directorio,,
multimedia/imagenes/productos/fbce840f50903863f6c5e053242d383d3220fcc8.png,5040,.png,0fb353c4cd56dd6013f1726ddb10b0e8687db874f739228fce0fb92bfc71299f,recurso,Extensión/directorio,,
multimedia/imagenes/productos/fca52262ded4090d045d40255d283fe0606067b7.png,80864,.png,368a4bad0cdc308510f9c5bd6e2a28d3eba56b8974decd07a4b13b867165330b,recurso,Extensión/directorio,,
multimedia/imagenes/productos/fdc93d31d8cb1564469693d53c78271fcccc2e46.png,94760,.png,ea1e669b85a2e067cb30fb8a3d1a48e987bc40fef3c1a2e9ce071c119c9c79c5,recurso,Extensión/directorio,,
multimedia/imagenes/productos/fed2b25952382e074a43550b9198c38e94727dea.png,54066,.png,06c495e5f4e1dbafc7771d636729e35816ff5945234fe07beb3fc6beba558d2a,recurso,Extensión/directorio,,
multimedia/imagenes/productos/ffbe83b398276a9f3dd5a1148082b81070a2a458.jpg,10980,.jpg,111851400aa1d0a5ce098cc4dba90358fa7263ab910326f6b962fa444da5df9c,recurso,Extensión/directorio,,
nosotros.php,5364,.php,fc792198edf545f27b3bdb61839996107cd513e8e4677509ca8d4c5c21f0c74a,página institucional,Incluye cabecera pública,8,nosotros
operador-comercial-rhx.php,7721,.php,10f367cb88d0b403be6613401cacde5c44d7d74e3ce0f335f0a864e222ea1c5f,producto (probable),Incluye cabecera pública,3,detalle-estatico
operador-para-cortina-enrrollable-rsx.php,8858,.php,2b7b5dd867ad9fa6ff09c1e90fa3842d420864aa97e7e5922722e718e3d6dab1,producto (probable),Incluye cabecera pública,2,detalle-estatico
operador-para-perfilados-comerciales-jst.php,7666,.php,0f2f1200df9adef452ffa04df77feb591a535a803f8bf7a89a224ebe10c1f815,producto (probable),Incluye cabecera pública,2,detalle-estatico
operador-para-perfilados-comerciales-sel.php,7193,.php,23073cc3afd5227f766ab73a4e21532b73040fd3edb1d2fb2151945251555347,producto (probable),Incluye cabecera pública,4,detalle-estatico
operadores-para-puerta-abatible.php,9016,.php,8331b77671bc623046c84f503cb1368e27de16c17d45b31b7b4d67245fed14b4,categoría / landing SEO (probable),Incluye cabecera pública,3,listado-estatico
operadores-para-puerta-corrediza-industrial.php,11709,.php,f721586b1b2bbaf40b95e7bff2c2db3455812edbc725f9ac9804ae64848501e3,categoría / landing SEO (probable),Incluye cabecera pública,3,listado-estatico
operadores-para-puertas-ascendentes.php,4243,.php,3af21bde234c8abc63f08a5f70405410243dd917313fbf68ab03494a334a698a,categoría / landing SEO (probable),Incluye cabecera pública,3,listado-estatico
operadores-para-puertas-corredizas-residenciales.php,4172,.php,9ed142e47cc732cd083644c01855ad87cc4307bfb6db29a81c445ca84a2d4914,categoría / landing SEO (probable),Incluye cabecera pública,3,listado-estatico
operadores-para-puertas-de-mostrador-cdo.php,5905,.php,e9290eeec14b1f6ae08ad0812f79b7e93ecac3b8a2c6e0eee6b65c4df65244d7,producto (probable),Incluye cabecera pública,2,detalle-estatico
operadores-puerta-abatible-industrial.php,14340,.php,20b6c68f6fc4319dede96e6f6f5a3aeb4d179ec6bc02cddbb4d0ef8f1ada0f68,categoría / landing SEO (probable),Incluye cabecera pública,3,listado-estatico
operadores-puerta-abatible.php,5301,.php,896e294ba1ca82d4891cf7ac55c29f5c1835053b812ff6ea6cda8b4adc49cfed,producto (probable),Incluye cabecera pública,0,detalle-estatico
operadores-puerta-corrediza-residencial.php,8395,.php,be35e124578d215f9bed778b2ca0b9e7508bb28d98a4c9bb5d648482a5aea4ee,producto (probable),Incluye cabecera pública,0,detalle-estatico
operadores-puertas-ascendentes.php,6976,.php,404742af4699d3de3018888bc9e503464a719d27bf9f18a2a756d7d66207308d,producto (probable),Incluye cabecera pública,0,detalle-estatico
operadores-puertas-seccionales-cortinas.php,13710,.php,d49d80a890fc66587750e8ec151b30c36e96e6dae2587e6af3725d63b1214d62,categoría / landing SEO (probable),Incluye cabecera pública,3,listado-estatico
overhead-door.php,18033,.php,dd6305522092453334fc52b2d39c76def8baa81f6c07a9cd7530a41ad38dbfd5,marca,Incluye cabecera pública,4,listado-marca
p45-7-piston-hidraulico-para-puerta-abatible.php,3966,.php,1fc3b4d7966b9129379dc1968060f4df8ad3107411ba125040dc26cb8022a45c,producto (probable),Incluye cabecera pública,4,detalle-estatico
pas-sensores-volumetricos.php,4811,.php,b3127089b1c5283a5002c57f98a47cde144f4cb673a4234af01100e52a20f38c,producto (probable por estructura),Incluye cabecera pública,1,detalle-estatico
phobos-n-piston-electromecanico.php,3349,.php,336db74cf1974280a010d8b49b991c76998efe743a4b5b317f029236a2416493,producto (probable),Incluye cabecera pública,3,detalle-estatico
PHPMailer/.editorconfig,220,,643c5ea2aa889cb27757e714fe6cbf5f2a74f6b4eced691885997e7f68cfb1f4,recurso,Extensión/directorio,,
PHPMailer/COMMITMENT,2092,,340ae872d625b128586b8751f3d599f63893417d8867cdb488702c48ea58fbc1,recurso,Extensión/directorio,,
PHPMailer/composer.json,2752,.json,7267073e543a664866e17ce96ed2e5ce24d1a3e4da2f0e904824818f727e99bd,recurso,Extensión/directorio,,
PHPMailer/get_oauth_token.php,6261,.php,9564843fbfc9f153e464849e736d08cb41f124f1acb2fcd6c129d50be14d52b8,código interno / dependencia,Biblioteca; presencia no prueba uso,0,
PHPMailer/language/phpmailer.lang-af.php,1584,.php,d4c5272712f1b1cd6b3d08f83a89fbdae257de308a58e6eee1f4e7f519c86062,código interno / dependencia,Biblioteca; presencia no prueba uso,0,
PHPMailer/language/phpmailer.lang-ar.php,2024,.php,ad11ffbf21f84fe6e812a0cf4f82df4412dd232ab6f6b6fe47e2c760845ec04f,código interno / dependencia,Biblioteca; presencia no prueba uso,0,
PHPMailer/language/phpmailer.lang-as.php,3792,.php,8aaaa3925b2e79a475ffd7b65e29406b1e86c8ea48a666ec32243668f5e28494,código interno / dependencia,Biblioteca; presencia no prueba uso,0,
PHPMailer/language/phpmailer.lang-az.php,1749,.php,8b116561af83e2bd1ef3319ff8103f169883e89efab592115d98c9ae7c09d6df,código interno / dependencia,Biblioteca; presencia no prueba uso,0,
PHPMailer/language/phpmailer.lang-ba.php,1745,.php,df573ba9a9431bff2c602b7b297040e0f9cf9b319562f17c686f01f1ed4ebfad,código interno / dependencia,Biblioteca; presencia no prueba uso,0,
PHPMailer/language/phpmailer.lang-be.php,2178,.php,47c51cef7371142b993b58764c0abd4e82fe7213f9bd85b6dcfb24d0acd223ec,código interno / dependencia,Biblioteca; presencia no prueba uso,0,
PHPMailer/language/phpmailer.lang-bg.php,2196,.php,9a556b5ad45ead80d7331f5ed713799e7fb810c52f8d7913725585fbeff084c2,código interno / dependencia,Biblioteca; presencia no prueba uso,0,
PHPMailer/language/phpmailer.lang-bn.php,3845,.php,ff7842ce6fdc7cbb846b16f292e126fbc578e0c27da48092e4a5f44d928aebe6,código interno / dependencia,Biblioteca; presencia no prueba uso,0,
PHPMailer/language/phpmailer.lang-ca.php,1730,.php,2b62db0921d2d321c80869bc9544b744747fd7cf398cc17358c0ae0b2533548c,código interno / dependencia,Biblioteca; presencia no prueba uso,0,
PHPMailer/language/phpmailer.lang-cs.php,1798,.php,4bdb6445032c31fa1c41d65b8840f4fed0c30b96a6e68418ea6968e6de49f664,código interno / dependencia,Biblioteca; presencia no prueba uso,0,
PHPMailer/language/phpmailer.lang-da.php,2409,.php,32a35e1df4a39d8d4bd7c4daad3a19eae2c139cdb1b58dead36a2b5dc91e83db,código interno / dependencia,Biblioteca; presencia no prueba uso,0,
PHPMailer/language/phpmailer.lang-de.php,1886,.php,41e9bee22a8b00d42b28ebadae85ba531134a2482108489c0e5ced6ddc25b062,código interno / dependencia,Biblioteca; presencia no prueba uso,0,
PHPMailer/language/phpmailer.lang-el.php,3307,.php,3760e138e5c0fdc17a896718d2d86239b6d2d936abc0cf016fc5350ee034a8dd,código interno / dependencia,Biblioteca; presencia no prueba uso,0,
PHPMailer/language/phpmailer.lang-eo.php,1665,.php,d7dc252b77f7a098e4b3c3e7beca875be08b6f01bf68129bc658fce26b06bb31,código interno / dependencia,Biblioteca; presencia no prueba uso,0,
PHPMailer/language/phpmailer.lang-es.php,2588,.php,6f84a5e4b7fe9fb5867941bb23e21189caaf52b97948a87589132f6bd9ae34f7,código interno / dependencia,Biblioteca; presencia no prueba uso,0,
PHPMailer/language/phpmailer.lang-et.php,1744,.php,7a854b796bc5058913ab5f5ad489b02ed246ad49220e844a1c3fbb0ffa908fa6,código interno / dependencia,Biblioteca; presencia no prueba uso,0,
PHPMailer/language/phpmailer.lang-fa.php,2079,.php,7e38e2e75326d9d7bbb87fc4f6dc5c40ce79c9ce43016a707e84af9d7e332102,código interno / dependencia,Biblioteca; presencia no prueba uso,0,
PHPMailer/language/phpmailer.lang-fi.php,1659,.php,3efb47c9e164860b45ee3a9f707975210d7f87bbc356a7dada075528fc37052c,código interno / dependencia,Biblioteca; presencia no prueba uso,0,
PHPMailer/language/phpmailer.lang-fo.php,1637,.php,2b778d73170ff1864126bd65839d39098a9dde290e31fe6ea6719b68a030daa2,código interno / dependencia,Biblioteca; presencia no prueba uso,0,
PHPMailer/language/phpmailer.lang-fr.php,2732,.php,1d816ccae7fa8eea24907686ffeeeeb5861ffdf794690e6a91c142d49d05efd7,código interno / dependencia,Biblioteca; presencia no prueba uso,0,
PHPMailer/language/phpmailer.lang-gl.php,1742,.php,fe2fd5068446a04e73ca767ca05eba81f6648fcb93988a307a4dbd619054780a,código interno / dependencia,Biblioteca; presencia no prueba uso,0,
PHPMailer/language/phpmailer.lang-he.php,1812,.php,7d944fe5e073d0dfb8a53cf9f8e9c409d40f5f0149ce6d47c1f4088cb28d69fe,código interno / dependencia,Biblioteca; presencia no prueba uso,0,
PHPMailer/language/phpmailer.lang-hi.php,3768,.php,2a260e1b5f0d7efbfccc436ea040aa172ecd5ac8ea394482c0dd9a2e7c9d3206,código interno / dependencia,Biblioteca; presencia no prueba uso,0,
PHPMailer/language/phpmailer.lang-hr.php,1754,.php,b337f280f2e5f087daaa44bd1f359bbc41e01062cbd07a5c67345a45a01ccbaf,código interno / dependencia,Biblioteca; presencia no prueba uso,0,
PHPMailer/language/phpmailer.lang-hu.php,1717,.php,94045618ef5a86dc4f8176f3ebae3fbb1e29b7ef7cb1ce99ba57ee4724aef3be,código interno / dependencia,Biblioteca; presencia no prueba uso,0,
PHPMailer/language/phpmailer.lang-hy.php,2185,.php,52fc3f40d24d55ef95702a59ec006c4c5996a22e54a6b00e54a25707db341629,código interno / dependencia,Biblioteca; presencia no prueba uso,0,
PHPMailer/language/phpmailer.lang-id.php,1997,.php,a9c606b5da1470c02140c96c1ef3fc5ba1175ad0ce119b6f2d93e02c112d2ae1,código interno / dependencia,Biblioteca; presencia no prueba uso,0,
PHPMailer/language/phpmailer.lang-it.php,1819,.php,06e7faf9dc2dabebe8ea8c684eb9b798ffd241ce039945a8e5583993705b1c3e,código interno / dependencia,Biblioteca; presencia no prueba uso,0,
PHPMailer/language/phpmailer.lang-ja.php,2934,.php,c1cb38a994fb2f1b523dc622174dd4f7b9e9ba20e8cd864ae44744bd2b8050fc,código interno / dependencia,Biblioteca; presencia no prueba uso,0,
PHPMailer/language/phpmailer.lang-ka.php,2884,.php,0bf765b1e28e33947df929657c325cd957c506ec42d44d2a32b3d30794f09b31,código interno / dependencia,Biblioteca; presencia no prueba uso,0,
PHPMailer/language/phpmailer.lang-ko.php,1771,.php,674f7f333694475a3a6164c1c5cb84e25f94a5b0d3118cb49ff2e5a318260c64,código interno / dependencia,Biblioteca; presencia no prueba uso,0,
PHPMailer/language/phpmailer.lang-lt.php,1627,.php,ee21a138a136caf9b213b3fe9f070afb9c20f4cdd51178045798bb60ccc82865,código interno / dependencia,Biblioteca; presencia no prueba uso,0,
PHPMailer/language/phpmailer.lang-lv.php,1643,.php,a986f934cb4a2b9cf5bad1c150f0af9d8a0c7745d36b9904882d68b1bb07fb5d,código interno / dependencia,Biblioteca; presencia no prueba uso,0,
PHPMailer/language/phpmailer.lang-mg.php,1782,.php,eebd4b1c9caa2b0ad5637b623cad66a0b67363a2e752cbd86eacb2139636fd85,código interno / dependencia,Biblioteca; presencia no prueba uso,0,
PHPMailer/language/phpmailer.lang-mn.php,2186,.php,e1b246c27568a92fef27a44e9601ce3ff41ca0dac0f564782dc46bfd03f42724,código interno / dependencia,Biblioteca; presencia no prueba uso,0,
PHPMailer/language/phpmailer.lang-ms.php,1734,.php,f6b8ec01f2734624eadb3e9135e408a5a6da20a5a684b5577d7ba29bddd4b5aa,código interno / dependencia,Biblioteca; presencia no prueba uso,0,
PHPMailer/language/phpmailer.lang-nb.php,2288,.php,3f7070f004b6f6b3e3c64a6ce63ebe32c861bfbd5bd7c6ddd40c4e19a37fadb8,código interno / dependencia,Biblioteca; presencia no prueba uso,0,
PHPMailer/language/phpmailer.lang-nl.php,2365,.php,9d43b5bcdd2446f3bc6eea5aec01b7084a9a83ec0c50a73ac968b6c1260dcbe3,código interno / dependencia,Biblioteca; presencia no prueba uso,0,
PHPMailer/language/phpmailer.lang-pl.php,2635,.php,130beb1aedccab6f9aff7eb76db0e477c40a15485d1eb129555e7d28ec2ee6f9,código interno / dependencia,Biblioteca; presencia no prueba uso,0,
PHPMailer/language/phpmailer.lang-pt.php,1889,.php,4362e9dcbf3866e262e7728cc58e886c187b6094bf0e90a09daa39947abac823,código interno / dependencia,Biblioteca; presencia no prueba uso,0,
PHPMailer/language/phpmailer.lang-pt_br.php,2719,.php,8965d817b5667787efd6ffe58b15af236e51ff085594562fafccaf85d9f1bcd8,código interno / dependencia,Biblioteca; presencia no prueba uso,0,
PHPMailer/language/phpmailer.lang-ro.php,2448,.php,f0cf6c8032723215293095e7a9b2f2a9c1159bb51221511efb6163f4096b9232,código interno / dependencia,Biblioteca; presencia no prueba uso,0,
PHPMailer/language/phpmailer.lang-ru.php,3297,.php,981aa0630326df0b5dd48da086c19c4a329571a7426c36f6e08ff6470f24687d,código interno / dependencia,Biblioteca; presencia no prueba uso,0,
PHPMailer/language/phpmailer.lang-si.php,3425,.php,502364f4ccb0c546093c13b4fc2a9ef15e0d47b4e4b789729d72b6cb33c6871e,código interno / dependencia,Biblioteca; presencia no prueba uso,0,
PHPMailer/language/phpmailer.lang-sk.php,1909,.php,b3327b7d377f16e0aeabca54ca2c8906e23c5a77cdb19d2d4fb85f0bbd39d3cd,código interno / dependencia,Biblioteca; presencia no prueba uso,0,
PHPMailer/language/phpmailer.lang-sl.php,2577,.php,642ab71b9a02ee00abc39516e6d005957beff6dde91948155d0f25ce4f98630d,código interno / dependencia,Biblioteca; presencia no prueba uso,0,
PHPMailer/language/phpmailer.lang-sr.php,2301,.php,9982802bafa971f1d2e376fca86f8da86c7e43158ef6d3cb6f7c3ff51cc1c7e9,código interno / dependencia,Biblioteca; presencia no prueba uso,0,
PHPMailer/language/phpmailer.lang-sr_latn.php,1814,.php,0f67cf31fa3b5f2db2a2c74911096a73892377096c966923c0dc1fbbbc612a32,código interno / dependencia,Biblioteca; presencia no prueba uso,0,
PHPMailer/language/phpmailer.lang-sv.php,1610,.php,c1cb0390311cdff2f93ab37fff165b389fa74dca7f6341ce08240eca886b5ac3,código interno / dependencia,Biblioteca; presencia no prueba uso,0,
PHPMailer/language/phpmailer.lang-tl.php,1721,.php,48fa60bb2a88fdeb53960878fd0cdf88f7a59736a9efa487787b61de1c5d9db9,código interno / dependencia,Biblioteca; presencia no prueba uso,0,
PHPMailer/language/phpmailer.lang-tr.php,2606,.php,9f19069be7c25d8a0563ee535bbc57ebe3c65698b2af99320349a4002db99091,código interno / dependencia,Biblioteca; presencia no prueba uso,0,
PHPMailer/language/phpmailer.lang-uk.php,2282,.php,767609225673b2983c2cf7b208ae954d49d7728287da2c2cb859ca8c9273efd3,código interno / dependencia,Biblioteca; presencia no prueba uso,0,
PHPMailer/language/phpmailer.lang-ur.php,2265,.php,4404c38f4f64a1098678e0d30a62c63cd1dd56949fcc7f6ea89557fbf0693e06,código interno / dependencia,Biblioteca; presencia no prueba uso,0,
PHPMailer/language/phpmailer.lang-vi.php,1793,.php,3b5acbfceceb34f90dc7f905f044a51e48cce7f79cbf998b579b8bf00fa1fabc,código interno / dependencia,Biblioteca; presencia no prueba uso,0,
PHPMailer/language/phpmailer.lang-zh.php,1669,.php,ad235ae24994a85b63ff1bd2dadab9de1f2806a9764c162cf047459fa037814c,código interno / dependencia,Biblioteca; presencia no prueba uso,0,
PHPMailer/language/phpmailer.lang-zh_cn.php,2333,.php,cd53b733c64eeac233b140e33a6d58d337cd1ac28d6a5cd3231d87169f548c07,código interno / dependencia,Biblioteca; presencia no prueba uso,0,
PHPMailer/LICENSE,26529,,a1a33180d02960ab1c5de36cf20b1a2f0fe9888d83826ad263da5db52f1b183b,recurso,Extensión/directorio,,
PHPMailer/README.md,16652,.md,8c957a83808ff86211413ffa999feb58c51ebf28c6730c4668671d2ea4f713ad,recurso,Extensión/directorio,,
PHPMailer/SECURITY.md,7585,.md,748329021e3d7307694d5c0e108dd8a31850e58ac96bc6de6cf1099568906eca,recurso,Extensión/directorio,,
PHPMailer/src/DSNConfigurator.php,6883,.php,429f5f0a962864ec7b67efd572c0f85cc0f33fd4585413d8dc80d41c8562399e,código interno / dependencia,Biblioteca; presencia no prueba uso,0,
PHPMailer/src/Exception.php,1256,.php,22ab858ae438d98f58f41f38ad2191d1b0d59570aebea0463a7948cfae1021b7,código interno / dependencia,Biblioteca; presencia no prueba uso,32,
PHPMailer/src/OAuth.php,3791,.php,44b2c9a3b6e538a65b90261251f197d700e2eb90d51d4944fb80577263210fb4,código interno / dependencia,Biblioteca; presencia no prueba uso,1,
PHPMailer/src/OAuthTokenProvider.php,1538,.php,f2318ea1b2841b2481b636e205c281a733f9de944a71ae403e0b59fa71219572,código interno / dependencia,Biblioteca; presencia no prueba uso,0,
PHPMailer/src/PHPMailer.php,182897,.php,eac68fcf49e927e333ea04838a19992d1e39136db19851106d6dc769b10de297,código interno / dependencia,Biblioteca; presencia no prueba uso,3,
PHPMailer/src/POP3.php,12275,.php,ded6eb1f41e65b64bed82526ad09d35c11e9afd0cfda867eb972d4320f4f8168,código interno / dependencia,Biblioteca; presencia no prueba uso,1,
PHPMailer/src/SMTP.php,48717,.php,fe131fc6f2583104caba5c1a5bf85efa4bce9c19ae6ecc0eec4659e51f0fb3fc,código interno / dependencia,Biblioteca; presencia no prueba uso,2,
PHPMailer/VERSION,6,,5020f33dec15098f3c91c70cb39b87c7b1c0183378d695bfc4fd97bafca8aa69,recurso,Extensión/directorio,,
politica-privacidad.php,16048,.php,79e676c1db15d15c463c3a49ed81b1f305da012cdb5a4db1bde7c7dfddf441c1,página institucional,Incluye cabecera pública,4,politica-privacidad
predadoor-nxt-door.php,4043,.php,77e409de25f2283156fc1c5012ea06b8577daefe03a4affa0e13c548a94ee281,producto (probable),Incluye cabecera pública,3,detalle-estatico
productos.php,5283,.php,9c17374b94e744f5fe115cfb73a574096b10e3e2c526eaba6211d26653db208d,categoría / landing SEO (probable),Incluye cabecera pública,1,controlador-productos
puert-seccional-de-acero-sin-aislamiento-430-uso-medio.php,4687,.php,d5b53b0a2bdaad16221bd134cfcc50b92991ed0eb3015a20ecb5db6079aa0025,producto (probable),Incluye cabecera pública,2,detalle-estatico
puerta-contra-explosion.php,5905,.php,c37409472aa286f11beab23d11dd086050469c7e7910e80ef249f650cdcd73a0,producto (probable),Incluye cabecera pública,4,detalle-estatico
puerta-contra-incendio.php,7077,.php,988b73b4136191f5b0b14ef4abf2190f4d86ddb71c1fdf6e42275d42159b8b62,categoría / landing SEO (probable),Incluye cabecera pública,5,listado-estatico
puerta-de-acero-acanalado-modelos-524.php,6310,.php,f7685ea89b1528ce5a4e70d44fc4ac536eb1aa203f211bd66fa43d3d2fd9505f,producto (probable),Incluye cabecera pública,3,detalle-estatico
puerta-de-acero-acanalado.php,6049,.php,7298a0bf8aa2cd99ee4ade45d2bde0c52c417a83845812eacc1421abae64c790,producto (probable por estructura),Incluye cabecera pública,0,detalle-estatico
puerta-estandar-reforzada.php,3179,.php,587ece0631444b636da08b77c2ed4f4b6ea5c536ea66d7fa6a3c6ba8913610a4,producto (probable),Incluye cabecera pública,5,detalle-estatico
puerta-estandar.php,3087,.php,45b67106dcf3937bb767705b1bb35615bfe34a0e1ea21df47a3fcd46ad673a4a,producto (probable),Incluye cabecera pública,5,detalle-estatico
puerta-holandesa.php,4739,.php,752ce51f452a3fd511570ce0bb3fc708cf46900819f94dc5e0bd4ff7da9c6fd0,producto (probable),Incluye cabecera pública,6,detalle-estatico
puerta-para-hospital.php,4173,.php,480ed54f427034d5d5f8d475303d715a8620b8dd8c1fc16b02f5914c1a872b02,producto (probable por estructura),Incluye cabecera pública,3,detalle-estatico
puerta-seccionabl-acero-perfiles-422-uso-pesado.php,4875,.php,890bb95feadb7540072ca1829c4605ac70ebb7ecffa78ae73d75e1c9af3fc17c,producto (probable),Incluye cabecera pública,2,detalle-estatico
puerta-seccional-de-acero-perfiles-418.php,4374,.php,fd40bbb22fca7537f365e1da790181a65739a10e52b62852e21ab1d0e279fe0b,producto (probable),Incluye cabecera pública,2,detalle-estatico
puerta-seccional-de-acero-perfiles-432-uso-medio.php,4504,.php,a3b2e46d0399308a7daa9e26cd9b86c39be5978a4e9b9b4f93f351ad45daaa1a,producto (probable),Incluye cabecera pública,2,detalle-estatico
puerta-seccional-de-acero-sin-aislamiento-416-uso-muy-pesado.php,4555,.php,76d7c7ddb03ac05c7e86a3ef99e6dfcbd60743d0d67cc2a797b892a607418846,producto (probable por estructura),Incluye cabecera pública,2,detalle-estatico
puerta-seccional-de-acero-sin-aislamiento-424-uso-pesado.php,4905,.php,ce36f6c05ca3dd285dc598dfa27f09febe24c9695ffe9ad9f0348a6612ec00b8,producto (probable),Incluye cabecera pública,2,detalle-estatico
puerta-seccional-de-acero-thermacore-593-uso-medio.php,3839,.php,a4dd0bde05d292f11462ec482b9b563fcb3cd160a724d22cbfb58f1f5d736553,producto (probable),Incluye cabecera pública,2,detalle-estatico
puerta-seccional-de-acero-thermacore-594-uso-medio.php,3661,.php,e7f2cc69d098c0f1882f982341c6cbc8cc7ea5fd6416ddc8854625e9aba5ec06,producto (probable),Incluye cabecera pública,2,detalle-estatico
puerta-seccional-de-acero-thermacore-595-uso-pesado.php,3715,.php,1b41f37fe678b0a957158a8807b77a7df930a334f9f4f6e7edbeb0e6b42b73bf,producto (probable),Incluye cabecera pública,1,detalle-estatico
puerta-seccional-de-acero-thermacore-599-uso-muy-pesado.php,4502,.php,2472728924b4e152129a0eb64a5acdc93734cd758ddb1bdee4a17f67cb84bce4,producto (probable por estructura),Incluye cabecera pública,2,detalle-estatico
puerta-seccional-de-acero-thermacore-serie-592.php,4940,.php,88a82619e5bfb558aaed3316bb6b5ebd415c0f7ad67ba4ae62a5f2ab9231394a,producto (probable),Incluye cabecera pública,3,detalle-estatico
puerta-y-fijos-louver.php,5344,.php,8c6986129c6b6d4f10ced94a36d20909230eb46d54b2c722389bf760f8d8fa47,producto (probable por estructura),Incluye cabecera pública,5,detalle-estatico
puerta34_administrador.sql,583544,.sql,9ebb9974d99169568870d6115719dda6a5fd2a67902a0a5550e968ef34227f3f,recurso,Extensión/directorio,,
puertas-blindadas.php,5248,.php,b17a94ac7c1ba7e037966ca6dcfcfc1fc863e81299799c0a95ff7bc1645eec49,producto (probable),Incluye cabecera pública,5,detalle-estatico
puertas-contra-incendio.php,3098,.php,7c2e67aada6fabc2141781eefb4fa423b39a7ca7bea61b41759064a00fcb1d1b,producto (probable),Incluye cabecera pública,6,detalle-estatico
puertas-contra-rayos-x.php,4238,.php,9f5a8f09bf00910e74be63d511c2d160928b21659625b4ccf922817c0e214ef3,producto (probable),Incluye cabecera pública,4,detalle-estatico
puertas-de-garaje-aisladas.php,4469,.php,5a1ccb460e122e9c61ff806a348a233ac133e2ef94a3ed0d59c82189066cbaa8,producto (probable por estructura),Incluye cabecera pública,0,detalle-estatico
puertas-enrollables-de-garage.php,3539,.php,eba9e6ace190c52253f277efe0d780d10efded2d8d7eacbe7ab73868badd18ca,producto (probable por estructura),Incluye cabecera pública,0,detalle-estatico
puertas-industriales-dockman.php,4322,.php,fca94319e8cbe914769b4b1fb5179e8ea8a8dd948f1eda7d1c69c1b7907faf88,producto (probable),Incluye cabecera pública,3,detalle-estatico
puertas-peatonales-estandar-y-reforzada.php,5636,.php,b8a76fdcb32c986c713a02f872c057e214b3e0b4fb464391cea99d9881f029a2,categoría / landing SEO (probable),Incluye cabecera pública,2,listado-estatico
puertas-peatonales-hospitales.php,5597,.php,3ff4f50d04ea7a2e1837cb89c402e4c33376242d137b76195491090b8de077cf,categoría / landing SEO (probable),Incluye cabecera pública,5,listado-estatico
puertas-peatonales-rayos-x.php,4127,.php,c69701ff52e6554923ea4b9fb696779e2fc909004ff0d8d3b0b345c9ed02784e,categoría / landing SEO (probable),Incluye cabecera pública,2,listado-estatico
puertas-peatonales-tipo-holandesa.php,4089,.php,3f75fb463a98f2b7d0507b8cb94e02d3db42127a147242bc5368de42ea47d5b8,categoría / landing SEO (probable),Incluye cabecera pública,1,listado-estatico
puertas-rapidas-enrollables.php,4131,.php,8f1bfaa17b67af7fb0672fddaa81bcbf453e9a938c50f3b2bb03c698be79c81e,producto (probable por estructura),Incluye cabecera pública,3,detalle-estatico
puertas-rapidas.php,19598,.php,e7f8315e2f20228273d8fa35d7e4a51322b5254fe096b691040ae856cd779330,categoría / landing SEO (probable),Incluye cabecera pública,3,listado-estatico
puertas-residenciales.php,7709,.php,f5d480a90f09cdff829d2a087c65670d98eb1cdde47c0ba4dfa71c200b431c84,producto (probable por estructura),Incluye cabecera pública,0,detalle-estatico
puertas-salida-emergencia.php,10143,.php,64b78ee4c98d2de981dbe5d396630d929a3127c24d9a1cf9bc1965e0b8cbcae9,categoría / landing SEO (probable),Incluye cabecera pública,5,listado-estatico
puertas-seccionales-de-acero-aisladas-thermospan-modelo-150.php,7751,.php,8ef75a7969379d2def8ce626cc984a46caf7c9bc09a9f530eb7e4691e4c95105,producto (probable),Incluye cabecera pública,2,detalle-estatico
puertas-seccionales-de-acero-aisladas-thermospan.php,7844,.php,d96f9d2a966ba90df3a1e969bfb6fb86a9c851f5543ca4bb183dde402a0687e4,producto (probable),Incluye cabecera pública,2,detalle-estatico
puertas-seccionales-de-acero-modelo-2415.php,4520,.php,44618e97c2361ebc11412428fd14692e9a87f47e6f7b0ddc561ee204ffe6c2f5,producto (probable),Incluye cabecera pública,3,detalle-estatico
puertas-seccionales-de-acero-perfiles-426.php,4847,.php,5aa0f15284e0498f8c1053b07dd9db21c3c480ff0cba4d9175033af88fcbbb43,producto (probable),Incluye cabecera pública,2,detalle-estatico
puertas-seccionales-de-acero-sin-aislamiento-420-uso-pesado.php,4713,.php,a0a65341b2f6cdf121860b8a1b2e2f850fbedae8c01a41765b6b1bd4b2635c1e,producto (probable),Incluye cabecera pública,2,detalle-estatico
puertas-seccionales-de-acero-thermacore-598-uso-liviano.php,3343,.php,2b8be2e8e803b1608cf89590ce01f25f54d7d1be882ea8ddd0f04864e8a92ab2,producto (probable por estructura),Incluye cabecera pública,2,detalle-estatico
puertas-seccionales-de-aluminio-521.php,3889,.php,903648d820192f263a895ba4ce261145eeab9e855414426c29f4db376bb8f097,producto (probable),Incluye cabecera pública,2,detalle-estatico
puertas-seccionales-industriales.php,37461,.php,97d3b75390d2ae60b5fd8339a6492fcd9766a90fdda852a3c5f3522175b99784,categoría / landing SEO (probable),Incluye cabecera pública,5,listado-estatico
puertas-y-fijos-louver.php,5628,.php,5b702b7a9d76ab2468f371ad26e650c1a9b54d6eceef7687ff1e38eae19ab81b,categoría / landing SEO (probable),Incluye cabecera pública,2,listado-estatico
puertasresidenciales.php,5565,.php,9b2e06ff615b385c60163ec7d302f0ddabe0d65a4234012049e5a09230452646,categoría / landing SEO (probable),Incluye cabecera pública,3,listado-estatico
q-silent-max-eagle-3-4-hp.php,4047,.php,0c79420dbdeee2e87a776a47e2c3a11798141e1d4515d24008a31bc8f41149aa,producto (probable),Incluye cabecera pública,2,detalle-estatico
qik-barreras-automaticas-de-hasta-58-m.php,4884,.php,15718a8390d06f14d9a2d9486b0badb44dad19168916158bfffe4adfca37911d,producto (probable por estructura),Incluye cabecera pública,3,detalle-estatico
rampa-niveladora-mecanica-blue-giant.php,5431,.php,6a6bb9787a13eed37468cb8bb6cb7ac7df3554deb5e4fa4b77551bb284e5a189,producto (probable),Incluye cabecera pública,3,detalle-estatico
rampa-niveladora.php,8814,.php,8e8983032bf4f836e4878028fad6996fe0e09d583bc01a7e3cdfd173d6b6c4bb,categoría / landing SEO (probable),Incluye cabecera pública,3,listado-estatico
rampas-de-anden-hidraulicas-kelley.php,5537,.php,e4d36491b637ea5e4f702192fbc1d00e7f6a92c97d3f40b6e2c04058b602cdac,producto (probable),Incluye cabecera pública,3,detalle-estatico
rampas-de-anden-hidraulicas.php,4349,.php,582bcc27a991cf672047b1d743acd810023ffd02318c4951f8c051e014fb650c,producto (probable),Incluye cabecera pública,3,detalle-estatico
rampas-de-anden-mecanicas.php,4460,.php,de75254998afee82fdd4d892a98c75205bf3de7130787c6b31e2295d8c7b56d6,producto (probable),Incluye cabecera pública,3,detalle-estatico
rapida-apilable.php,6971,.php,ff34ae962a5ebd091bd2615d09e09586cdfecc28dea8890e37d92980c52736a8,producto (probable),Incluye cabecera pública,3,detalle-estatico
rapida-enrollable-industrial.php,6769,.php,4b85957046005b06b9875a4a925c7bb5b161a6bc2410f8c0b11309ce5e9553cd,producto (probable),Incluye cabecera pública,3,detalle-estatico
receptor-para-control-vehiculos.php,23025,.php,e7822764e41295c514db54d604d228e5f3a73292acafb510deb84173683587a7,categoría / landing SEO (probable),Incluye cabecera pública,3,listado-estatico
residencial.php,10306,.php,8eb941c7c1bb5a324c6c7b9c91d29948d842110d88199ef1bfee768947b03054,categoría / landing SEO (probable),Incluye cabecera pública,7,listado-estatico
retenedor-de-vehiculos.php,5731,.php,760002b6f9f86f7ba46c798796877e56f6c8378213c1f92ad797fc9280b43e1c,producto (probable),Incluye cabecera pública,4,detalle-estatico
retenedor-vehiculos-hvr303.php,5099,.php,da48fc9111e625876873a42ec93c9a55d1c1cb389ffe696d354a719b9572c6ed,producto (probable por estructura),Incluye cabecera pública,2,detalle-estatico
retenedores-de-vehiculos-automatico.php,6056,.php,49fcc84bcfa93580f005e263ba16ea69e0649f6a951f92b476bba4e28b996a9f,producto (probable),Incluye cabecera pública,2,detalle-estatico
retenedores-de-vehiculos.php,8886,.php,70645b6e30081dc664ff995169b0d9b8dc4831fc7e9715ab84c04148a7e29822,categoría / landing SEO (probable),Incluye cabecera pública,3,listado-estatico
rolli-zip.php,6474,.php,7587a71bd488728dcc4d1bef08765dcbde5d7d4871e1765f05b71b5ee14c4c3c,producto (probable),Incluye cabecera pública,3,detalle-estatico
rytec.php,7199,.php,d05ba4675137a82b0b1a4869525755a4ce1eff62017e1389781fc1d5584f5946,marca,Incluye cabecera pública,4,listado-marca
sector-puertas-rapidas-enrollables-de-sectores-intercambiables-y-contrapesos.php,3929,.php,86a8628bb2867d9ceedb0df65755d8c68509c392c9bedc6cef555d618362f511,producto (probable por estructura),Incluye cabecera pública,0,detalle-estatico
sector-reset.php,5682,.php,c030d276d49c257c75846029e875f4850eaa21b96f68163c0c496ba9f5847f71,producto (probable por estructura),Incluye cabecera pública,1,detalle-estatico
sellos-de-anden.php,6193,.php,512d0ddc807d4ea3ab754494c70d81a9f0a67549fdfdf54ace7af99abbcee75a,producto (probable),Incluye cabecera pública,3,detalle-estatico
sellos-nacionales.php,5600,.php,798539ff1a68a67f7b89531ae345211ff4fab648d867e096d773709a8eacdc35,producto (probable),Incluye cabecera pública,2,detalle-estatico
sellos-para-anden-shelter-de-soporte-flexible.php,3955,.php,eef6a8de42a872f2707e7b1f501e28c5ecbbd2519d3af88f7374dfdd30514e66,producto (probable por estructura),Incluye cabecera pública,3,detalle-estatico
sellos-para-anden.php,8800,.php,1094005e9628b96b5559c91dd6045467506b1492da408d1765998514f08ebc94,categoría / landing SEO (probable),Incluye cabecera pública,3,listado-estatico
semaforos-senalizaciones-para-anden.php,4084,.php,9846fb9df3374c9f365f963399bd967d0a11167966f89a10f7a0ba59e30b4501,categoría / landing SEO (probable),Incluye cabecera pública,3,listado-estatico
sendMail/sendMail.php,19398,.php,c997e740e73f521f8148ae16b1acca6907a1ac94dc3873e7522dc863bbe75d5a,include / correo,Incluido por enviaContacto.php,1,
serie-620.php,5267,.php,4ab72c10f9ca2d17b131034c6b629920e5424e68e001bb6a3ed9706b14b05c14,producto (probable por estructura),Incluye cabecera pública,3,detalle-estatico
serie-x130-motor-para-cortina-oculto.php,3253,.php,ef6135c80862f699f5f5d6921195cc7ae398e661c12adc6a6ca7a7e7ca781620,producto (probable),Incluye cabecera pública,3,detalle-estatico
sg-onixx-600.php,4498,.php,c8973c0ede46e1a5d3a823e2b9154e84b3ac97e01a0520d7fe9c37a00621c583,producto (probable por estructura),Incluye cabecera pública,1,detalle-estatico
shelter-abrigo-estacionario-blue-giant.php,5166,.php,e3fc2514eb63a9a209e4e832cd750f0c8159d45b0b86de734e403c233f1e8789,producto (probable),Incluye cabecera pública,3,detalle-estatico
sitemap.xml,37005,.xml,166dcbdcd1f4af168513876d52c8d63bd86f809d07d7ad2545ca458d4b71f848,recurso,Extensión/directorio,,
smart-puertas-rapidas-enrollables-de-sectores-intercambiables-con-motor-externo.php,4236,.php,a7013c4ce03cfb19012e18b84d0e509c84a451e42624013b18871493f54c4580,producto (probable por estructura),Incluye cabecera pública,1,detalle-estatico
soluciones.php,5519,.php,4d8992a96e3ee9d8798e3d7454deaecf9b55e0a4d27574f33d529c0975385826,página pública / soluciones,Incluye cabecera pública,53,soluciones
sprint-automatizaciones-para-puertas-peatonales-pequenas-dimensiones.php,4129,.php,7af921c31ae96325a24e68cf087d99d8ee8d6134864e87a21375ea4a9cf90785,producto (probable por estructura),Incluye cabecera pública,2,detalle-estatico
star1000-receptor-comercial.php,4164,.php,cdbbd2e757baa79bc873008e382dbc9154f3d87dada3033b4c013c1faa1ff898,producto (probable por estructura),Incluye cabecera pública,1,detalle-estatico
star4-vehicle-restraint.php,3900,.php,024d2516cffe6a399d8457f26049901d0325ee25a4e2ce1a3b30aace7637cf5d,producto (probable),Incluye cabecera pública,3,detalle-estatico
system/_languages/lang.xml,32937,.xml,f8b9635c856e69d1719ed1a9feb6a74a2e0d3ad44518e6a0eee8e6457bede18a,recurso,Extensión/directorio,,
system/ajax/CreateStateSelect.php,850,.php,4d540f90dadd17b74d6786db0c3af2c06d0d1e76c9b5463b12e8ce3aa71c5468,procesamiento AJAX,Endpoint auxiliar,1,
system/backoffice/calendar/calendar-blue.css,5062,.css,79c0f7e8b9873fa6d56cd157ba4ed120dd1410adad3994ac1ba2fe61932c9d14,recurso,Extensión/directorio,,
system/backoffice/calendar/calendar-blue2.css,5242,.css,00f9fcfe6cc5ec6c62cca8f028184a25e0d0c28be91ee3ddb6be1736b2b10b6d,recurso,Extensión/directorio,,
system/backoffice/calendar/calendar-brown.css,4941,.css,4b8c808767ef59b6fd2975931c938e5c97a774d1ad7077a718aa63eec6c60d3d,recurso,Extensión/directorio,,
system/backoffice/calendar/calendar-green.css,5010,.css,b1c2a23ef0542cc2a2bf198074685de5cf0bae37d96edc84efef2e7a77bc1410,recurso,Extensión/directorio,,
system/backoffice/calendar/calendar-setup.js,9053,.js,4b4f464a5cdf6bc37142b79df70f01e1e66613e7fbf479cde0cecf4991f320ad,recurso,Extensión/directorio,,
system/backoffice/calendar/calendar-system.css,5958,.css,b906a59eacd3c72f6e9285e56324a09ee7d9900238d091a5ef8d52874fdc0e5a,recurso,Extensión/directorio,,
system/backoffice/calendar/calendar-tas.css,5548,.css,ffcbd0e22e05b5c9962b0fcc1c74130743ffa76681c5b8bc161ad7ddb072a655,recurso,Extensión/directorio,,
system/backoffice/calendar/calendar-win2k-1.css,6257,.css,dcabe8bbd2b587e4c499f3b41e1f8acbd0e58d46fc29123072b33b13511c1224,recurso,Extensión/directorio,,
system/backoffice/calendar/calendar-win2k-2.css,6257,.css,5f37af3e7ae25f83b02864a2c21e6b2e9c78de93c988f378cfd56442e4f623bc,recurso,Extensión/directorio,,
system/backoffice/calendar/calendar-win2k-cold-1.css,6051,.css,364129e7fe245164c9fb161061a0ade7ed78d7b736aa4e25c6f104aa7c0f8839,recurso,Extensión/directorio,,
system/backoffice/calendar/calendar-win2k-cold-2.css,6257,.css,834738818d6c752ead5376fa01b203e866053ebf347948f4b663c8af8ca05bbd,recurso,Extensión/directorio,,
system/backoffice/calendar/calendar.js,51043,.js,49717857c98da0394d73bf95897348e11fc90349e3142981731e410edf6bc30c,recurso,Extensión/directorio,,
system/backoffice/calendar/lang/calendar-en.js,3727,.js,58f37c507fa67ae8902e23090ab09f2f97dcb048ef0e3e8bec2fb5f80a0e740a,recurso,Extensión/directorio,,
system/backoffice/calendar/lang/calendar-es.js,4072,.js,0ef186ddebb03efe5fdf2e3fdb6b181205e3935dc64adfe2916cfd46cc990c0a,recurso,Extensión/directorio,,
system/backoffice/calendar/skins/aqua/active-bg.gif,89,.gif,75b74881f84644f20a245d05c1704ef1efb1b5b1bd57b222fb240f1324f0c722,recurso,Extensión/directorio,,
system/backoffice/calendar/skins/aqua/dark-bg.gif,85,.gif,c2b01a0eecf586c87a63d02c58f955d45f6aed4276bf894ace2ff0fb575accd4,recurso,Extensión/directorio,,
system/backoffice/calendar/skins/aqua/hover-bg.gif,89,.gif,4973559059139e6508aa9d567ae16aef41e9eab35932263ba8e76aaf185a2202,recurso,Extensión/directorio,,
system/backoffice/calendar/skins/aqua/menuarrow.gif,49,.gif,0fae3990ab762e224f0f8694772926d9147751a23adeed060f4261475fb73a59,recurso,Extensión/directorio,,
system/backoffice/calendar/skins/aqua/normal-bg.gif,110,.gif,19e8d901c33d070e8667c1e3fb0d30e325db0b9319346d8a86b182a93915cdc2,recurso,Extensión/directorio,,
system/backoffice/calendar/skins/aqua/rowhover-bg.gif,110,.gif,f7e2006c289c29d420f46a31aed263c0860e69786f76f61db9da375eeb342fa4,recurso,Extensión/directorio,,
system/backoffice/calendar/skins/aqua/status-bg.gif,116,.gif,c96ae285a468aea6c347a4d3b01cba17324175da224932db29ce8fcd74dc8c6e,recurso,Extensión/directorio,,
system/backoffice/calendar/skins/aqua/theme.css,5812,.css,5864bc030b4bae00d7ed3c20f0161aea1d32962a32f141493572c2489d32093e,recurso,Extensión/directorio,,
system/backoffice/calendar/skins/aqua/Thumbs.db,10240,.db,10026edf5d33557581ebff0a101d9894bc9cb4af9c14ed49d08ecd6dcf482093,recurso,Extensión/directorio,,
system/backoffice/calendar/skins/aqua/title-bg.gif,116,.gif,59ceb90f1ca6860440bfd28e19ce64da6399c2e054a4ae4018086368e730f50b,recurso,Extensión/directorio,,
system/backoffice/calendar/skins/aqua/today-bg.gif,1122,.gif,be646d9d1b8e045859d8592d3f9c353155578eb33db1558353d01c5d8652dbdb,recurso,Extensión/directorio,,
system/backoffice/Categorias/edit.php,1752,.php,5e75d0be3ee3c95a78927d27e5aeb54b84b97d1bf82f7a8417785570defd7ad6,administración / template,Ubicación y contenido BO,5,
system/backoffice/Categorias/list.php,6840,.php,f57522999c2658843af95593695f1971c2696c96e434c4a131ff2edfc39bd39b,administración / template,Ubicación y contenido BO,7,
system/backoffice/Categorias.php,192,.php,cfd364a719552380633e45c4c674a4a6d121ca7e39f6c0ad78918a645942dd39,administración / template,Ubicación y contenido BO,2,
system/backoffice/css/estilo.css,2363,.css,eb5ccc72509b31170e9e19b70de977f20877764c73f45100358910098afb1aa9,recurso,Extensión/directorio,,
system/backoffice/css/exclamation.png,845,.png,d40bac2011a47e49d57f6cb26aae0ca233aa80d796ed3b3f3b982d2ed3129266,recurso,Extensión/directorio,,
system/backoffice/css/form.css,1289,.css,a0b53c65953c5ebe417aa9ed53206286ead8690f4d0033b9c85ef9e62f4a8b18,recurso,Extensión/directorio,,
system/backoffice/css/icon-ok.gif,395,.gif,c77816cce3ca5567b265c3d5ff1d83c880cd963cbf5a5c6a4256114aaa6fe56b,recurso,Extensión/directorio,,
system/backoffice/css/listPanel.css,483,.css,8bf124808fa087ed93268c1445ad1fc90563fdeb61cd3193f5c03d8e585da0dd,recurso,Extensión/directorio,,
system/backoffice/error_log,1959,,6cdc997c1e2c3f9483138ed56a85174dc733507fea5b5b0f468d1c2ec454f724,recurso,Extensión/directorio,,
system/backoffice/footer.php,741,.php,da53876c4bcfdf54c1398b6b4c9535bcaa68d9abb8f9783d7ba04a8593c4de20,administración / template,Ubicación y contenido BO,208,
system/backoffice/footer_iframe.php,50,.php,a8c0c988b7712b1e90eb09f19fc191d6698e64cac435d86587572a0f1149c6c6,administración / template,Ubicación y contenido BO,0,
system/backoffice/google_mapper.php,3065,.php,e7f7e12719030601480576777c9b3e4493b14c02d61c0254cf742328ad34000e,administración / template,Ubicación y contenido BO,1,
system/backoffice/header.php,3908,.php,2019b619a0bb5d49c1b9197f5c59d854e952ddf994f8e533e8640a92407470f8,administración / template,Ubicación y contenido BO,206,
system/backoffice/header_iframe.php,642,.php,47114f53a289345c8bf83a76f5af8d854e92b1c96a79e85e00804d6fa531c71a,administración / template,Ubicación y contenido BO,0,
system/backoffice/img/application_cascade.png,524,.png,fa2bdf2892959ca8d5a463c9205741e4457cd26a2bfe7d7edf1154d448149103,recurso,Extensión/directorio,,
system/backoffice/img/apply.png,892,.png,c54bf3703b835b8bad66bdc88144f2b9cd73e67612132a694149e86575d2ad0d,recurso,Extensión/directorio,,
system/backoffice/img/arrow_in.png,600,.png,ade60f3800f1455744c94dcc6d3e79f15790288f7180a6d1fa8039023f651faa,recurso,Extensión/directorio,,
system/backoffice/img/arrow_out.png,594,.png,4d8d3440bdc91b4cb900d412b342a094a7c5eb404f4047533aa967b418f2603e,recurso,Extensión/directorio,,
system/backoffice/img/banner-bo.png,8490,.png,995ffc60f813870273f4072a0346215d232073433ba9c8db54fa9ec1a15e0174,recurso,Extensión/directorio,,
system/backoffice/img/bullet_arrow_down.png,20923,.png,59dd8a8660d1ed743f4e3c71cf720d1841684148031a645c6647dce48dd35d46,recurso,Extensión/directorio,,
system/backoffice/img/bullet_arrow_up.png,20932,.png,2af853adf26ea5188f05671a09979115c1286975fa36fc05e37c5a3952e3cbcc,recurso,Extensión/directorio,,
system/backoffice/img/cal.gif,127,.gif,b65951581ff3b4219f3de2544ea69ec30c312dcb1a09b1c1aeadf2db6484dd81,recurso,Extensión/directorio,,
system/backoffice/img/calendar.png,675,.png,e8e6729ba3b564473c9928b9c92a63c5ec946cfc8fc67e59954098c20d459259,recurso,Extensión/directorio,,
system/backoffice/img/camera.png,24029,.png,2822a4a86bc4f40205bd9104eb2f326d9a4869f775a0af96a87b346feef4588c,recurso,Extensión/directorio,,
system/backoffice/img/chart_organisation.png,444,.png,a7c52dd20403a3cd72bd0dc73027177732261c96ad43c1890af7e850505627f5,recurso,Extensión/directorio,,
system/backoffice/img/col.png,222,.png,778eb48f17f0d7da5bad3e09d5e7da3498a48dfd33dae27ecedba115d26045be,recurso,Extensión/directorio,,
system/backoffice/img/color.png,899,.png,031fc9c5b78422841f92a2c5e04b3164b80bae0b0a43517b610b8249de31578d,recurso,Extensión/directorio,,
system/backoffice/img/delete.png,858,.png,29cc4a4a3922e56cd497f36c7ae87f67afd38a06d8d4f7ec9b67d48eaa78aab5,recurso,Extensión/directorio,,
system/backoffice/img/error.png,922,.png,9842ee0f608987acb2806b91373d9083f54d948ae20b09209300ea5f97e22024,recurso,Extensión/directorio,,
system/backoffice/img/excel.png,593,.png,25f72327b12877b9004a081006e2c11d7975e94f650223963f6061bff138a550,recurso,Extensión/directorio,,
system/backoffice/img/group.png,753,.png,41d6484deb80501dd6ba9dd26cb7d54cc8a6d20a03c9c86f15edc632a44ad552,recurso,Extensión/directorio,,
system/backoffice/img/house.png,806,.png,c862e0744036f4638b09366ff125edaf47944529867c8f36866e8fc0771729cd,recurso,Extensión/directorio,,
system/backoffice/img/logo-backoffice-mobile.jpg,21128,.jpg,0a2dfab9f807e2b7d191b65129fd0753339d5bed0e770b3e45f12066b720a467,recurso,Extensión/directorio,,
system/backoffice/img/logo-backoffice.jpg,1476,.jpg,9aad8e1925bd952f714b16c29dee852ec642fc4d4dfe3ebfdb471513ae09ba2a,recurso,Extensión/directorio,,
system/backoffice/img/logo_login.png,5908,.png,f15ef17b470dbc3eb456129e17463712b09acc2b2bbf18ef040295fc897b09c3,recurso,Extensión/directorio,,
system/backoffice/img/pleca.jpg,8555,.jpg,8a1059739e814e0eb19e905c2cb3f6edd8246977c71f4e68271041a36c70bb29,recurso,Extensión/directorio,,
system/backoffice/img/resultset_first.dis.png,22135,.png,d58c1cd3937baff8aa792ca97afd8fb2c8ff1da40b18243fd5edcfac4833e389,recurso,Extensión/directorio,,
system/backoffice/img/resultset_first.png,522,.png,3027be03c48dabed56616bf3b749cdd7ee0623c24c8dbf5e8f35e679b1b3e8af,recurso,Extensión/directorio,,
system/backoffice/img/resultset_last.dis.png,21622,.png,41ea014cbb34241fb4b913467cf5326f0424ba69e7bb043136b438a22d892d93,recurso,Extensión/directorio,,
system/backoffice/img/resultset_last.png,524,.png,851c009285c072c80dd45d91d451370bb77c015b3a25875d235907e882bb3e94,recurso,Extensión/directorio,,
system/backoffice/img/resultset_next.dis.png,21329,.png,57622ebfa9bc5d3c59cddbdbf9510b0b1896af4a095785b2c1722185746d3824,recurso,Extensión/directorio,,
system/backoffice/img/resultset_next.png,395,.png,24dcfefe6ea3d612a9dc193c4ea0961c0c89f704be4fcb0eaf75f65d369e9b61,recurso,Extensión/directorio,,
system/backoffice/img/resultset_previous.dis.png,21835,.png,5219c78eedce5c7d50b97a28e1fe46851c6e57ee00deb9a297ef95ea5afebc29,recurso,Extensión/directorio,,
system/backoffice/img/resultset_previous.png,389,.png,0c88f077f08f50cd0f9282fa27b369d13fa17bc80fd33e1a6f089ba97c3486f6,recurso,Extensión/directorio,,
system/backoffice/img/rewind.png,22590,.png,3387fa89e50d107af20cdc7d8b52daa45530b39294d85cdc5d7aeb8e474fa28c,recurso,Extensión/directorio,,
system/backoffice/img/search.png,795,.png,7e58bcf42097a1c262a0e4df759e6d6ffd8945355cc5804fc5d5cd79195c8c26,recurso,Extensión/directorio,,
system/backoffice/img/search2_small.png,22916,.png,68f42e077bf6768ed492c399fcd7a9341c6db03c8f620132f04fdcbecd7eeb49,recurso,Extensión/directorio,,
system/backoffice/img/spacer.png,21156,.png,1bbfdeec1b65117de8a6cf74623fc3fd9a7c648e8b245216cf32f35c62b1986e,recurso,Extensión/directorio,,
system/backoffice/img/star-gold.png,732,.png,70d76767544281b89530c358d7b5c9227d00636cdb17b78b0852554b1d16182c,recurso,Extensión/directorio,,
system/backoffice/img/star-silver.png,732,.png,15f682a69478d9d09d0115b0b3aa27ea3060ce5ce27c7e388c5d270675e7ca1c,recurso,Extensión/directorio,,
system/backoffice/img/telephone_key.png,881,.png,38b80bc403d82312ee368386381a996e7054ea90c643e5dcf37073d50462eceb,recurso,Extensión/directorio,,
system/backoffice/img/user.png,741,.png,27a31183bf236e3d60f6cf71948dac650ab7323246ba7fdb6f72a7d2a422c652,recurso,Extensión/directorio,,
system/backoffice/img/vote_against.png,836,.png,114fe2a0d4c6899197dd0983e6be63f5f337741d13dde62248ba5e685fcb1605,recurso,Extensión/directorio,,
system/backoffice/img/vote_for.png,822,.png,12a4dc1390edc4a8d9c6c0dcc835d16db34ba65e53da94724b488b1275eaf1d5,recurso,Extensión/directorio,,
system/backoffice/img/wand.png,909,.png,1a8a6d4967edb38cca7f150ef4a6b13b4f61f2b21049514fe94a25527dafc218,recurso,Extensión/directorio,,
system/backoffice/img/world.png,923,.png,3126402468ed810d44116b275f34819617eb768500e37ec536bb259cb296a742,recurso,Extensión/directorio,,
system/backoffice/img/write.png,894,.png,bbe97254cc910f9e931b3126123557e6925d54217ee466b961e94b30c7ee1abe,recurso,Extensión/directorio,,
system/backoffice/includes/bootstrap/css/bootstrap.css,154230,.css,745f657a0e9964f2a1a41a9fcf2b673aa389440a41d8fa3e2ed99e5780da08c8,recurso,Extensión/directorio,,
system/backoffice/includes/bootstrap/css/bootstrap.css.map,390518,.map,5909107b92bd7cfe15e0e92df57987e2ed12f452b8fd600b31a7bf55ac782849,recurso,Extensión/directorio,,
system/backoffice/includes/bootstrap/css/bootstrap.min.css,122544,.css,7ced8587d3adc7516df82cbaf8f8330937968f87d1fb227b1bd06b62040d33d9,recurso,Extensión/directorio,,
system/backoffice/includes/bootstrap/fonts/glyphicons-halflings-regular.eot,20127,.eot,13634da87d9e23f8c3ed9108ce1724d183a39ad072e73e1b3d8cbf646d2d0407,recurso,Extensión/directorio,,
system/backoffice/includes/bootstrap/fonts/glyphicons-halflings-regular.svg,109025,.svg,d985cda034eab4c9f2403976f8d171fbf6efc4b593107d8b1401e5b6daa46295,recurso,Extensión/directorio,,
system/backoffice/includes/bootstrap/fonts/glyphicons-halflings-regular.ttf,45404,.ttf,e395044093757d82afcb138957d06a1ea9361bdcf0b442d06a18a8051af57456,recurso,Extensión/directorio,,
system/backoffice/includes/bootstrap/fonts/glyphicons-halflings-regular.woff,23424,.woff,a26394f7ede100ca118eff2eda08596275a9839b959c226e15439557a5a80742,recurso,Extensión/directorio,,
system/backoffice/includes/bootstrap/fonts/glyphicons-halflings-regular.woff2,18028,.woff2,fe185d11a49676890d47bb783312a0cda5a44c4039214094e7957b4c040ef11c,recurso,Extensión/directorio,,
system/backoffice/includes/bootstrap/js/bootstrap.js,69863,.js,c1d4d7fe2774108205f525f481d30317fee4a565c4fd283c215b7a73eca1c099,recurso,Extensión/directorio,,
system/backoffice/includes/bootstrap/js/bootstrap.min.js,35957,.js,646918918be708913cfd480e8950d329f8309feafb946ad180a124333ec464e3,recurso,Extensión/directorio,,
system/backoffice/includes/bootstrap/js/npm.js,496,.js,8c39eb1edbd80d8adaa581dc45792a1271bd187c4eff0e5a8d1905b007911469,recurso,Extensión/directorio,,
system/backoffice/includes/build/bootstrap-less/mixins/alerts.less,271,.less,2aef621486dde37d403340889d3b413a1cb56842c1fcf5d6ef026d1edacd3c89,recurso,Extensión/directorio,,
system/backoffice/includes/build/bootstrap-less/mixins/background-variant.less,147,.less,469779058b1243b7981f1f08a422053d42099c3bba6883119c499f45d94a2132,recurso,Extensión/directorio,,
system/backoffice/includes/build/bootstrap-less/mixins/border-radius.less,486,.less,e7135abe1c680bc1bcbd8da348b6f8d2b46e4ecdc0d94fc33d34792e1143deb1,recurso,Extensión/directorio,,
system/backoffice/includes/build/bootstrap-less/mixins/buttons.less,1132,.less,c71f1a527c887467e84e730807dc3cfc85308b3c91e2165991426ea72771e9c2,recurso,Extensión/directorio,,
system/backoffice/includes/build/bootstrap-less/mixins/center-block.less,127,.less,1f0cbd70b351c19286ecc43a1bc6ddff8587ef3b5be9ebe1b6c9ef1aec85a456,recurso,Extensión/directorio,,
system/backoffice/includes/build/bootstrap-less/mixins/clearfix.less,627,.less,0d959dc3eeaef00dfb4a9c4f516d5f1522349e13c3fe4f884edd8c65e2203d60,recurso,Extensión/directorio,,
system/backoffice/includes/build/bootstrap-less/mixins/forms.less,2726,.less,da01e9cb91fcecb71a6d7ee3ab6d930880685efc9b079efda796404a46cc8c88,recurso,Extensión/directorio,,
system/backoffice/includes/build/bootstrap-less/mixins/gradients.less,4447,.less,31e2b1f8012d28c8bb1de3f16cdc1a51583793acb6c6bf986e0eaed0414b4c8d,recurso,Extensión/directorio,,
system/backoffice/includes/build/bootstrap-less/mixins/grid-framework.less,2875,.less,0f96a4110f4851a16eef199e3ea60e49a4f172995dc545a8c0095c01f5db53d0,recurso,Extensión/directorio,,
system/backoffice/includes/build/bootstrap-less/mixins/grid.less,3216,.less,c19970493d39001770dc609c1d4bc76961c847541609847ebaef99307a87e0fd,recurso,Extensión/directorio,,
system/backoffice/includes/build/bootstrap-less/mixins/hide-text.less,600,.less,5964af7a078547891c0066a8b09e4805ce8884763aeb91a6771f10d4945e9307,recurso,Extensión/directorio,,
system/backoffice/includes/build/bootstrap-less/mixins/image.less,1095,.less,daab425462730a2f38719cdb9701b7090be934ae204bd1aa9e8e3764790d6499,recurso,Extensión/directorio,,
system/backoffice/includes/build/bootstrap-less/mixins/labels.less,173,.less,ffa874438bfb1a2624a28cb172408777fe04ca7f2c61674311b6665a914339fc,recurso,Extensión/directorio,,
system/backoffice/includes/build/bootstrap-less/mixins/list-group.less,562,.less,1e252e14b1031f0f69c8c42dab07480bc0276e7dbff9a0426a03960c3ea24888,recurso,Extensión/directorio,,
system/backoffice/includes/build/bootstrap-less/mixins/nav-divider.less,242,.less,953a4a60519e18edab489ed2e1a3b12ffe7960cc4cef3da4df39f858f619f4fd,recurso,Extensión/directorio,,
system/backoffice/includes/build/bootstrap-less/mixins/nav-vertical-align.less,373,.less,bdacf3f46bf400ba7a9c7a7fcb86a16e7ef241550ba3ed2f7f1d7066f128125a,recurso,Extensión/directorio,,
system/backoffice/includes/build/bootstrap-less/mixins/opacity.less,156,.less,3c983bf54ce9d9125cd6ba84cabe0dfc1edd19c91364451fea6dc437a2d84718,recurso,Extensión/directorio,,
system/backoffice/includes/build/bootstrap-less/mixins/pagination.less,461,.less,417f6b2d2c1c8d8a1ecda1963149cefe95398043cc23778ecdc5269ebc4e6a70,recurso,Extensión/directorio,,
system/backoffice/includes/build/bootstrap-less/mixins/panels.less,561,.less,e74909487c2e6dd14b9aeba7865a0ba0b8c914bec1586a0aa40b65515c28b167,recurso,Extensión/directorio,,
system/backoffice/includes/build/bootstrap-less/mixins/progress-bar.less,201,.less,0c3063159b030502eddb76b2476be7d8ebb351aed2c9fe1b0032e52a10ff2382,recurso,Extensión/directorio,,
system/backoffice/includes/build/bootstrap-less/mixins/reset-filter.less,256,.less,c4d231408837854ed08f8898274df925a8b505c5b6e4831ee34132f569ecfe24,recurso,Extensión/directorio,,
system/backoffice/includes/build/bootstrap-less/mixins/resize.less,202,.less,b9adeb75dbdbf9f4171eb9f80e9c25df5895a8584efd4eea84e10ca5f15e9e52,recurso,Extensión/directorio,,
system/backoffice/includes/build/bootstrap-less/mixins/responsive-visibility.less,358,.less,1b9c5bb317baa13b21d6e3fa5ea51843268da7eae34f2d77803bba14723eae66,recurso,Extensión/directorio,,
system/backoffice/includes/build/bootstrap-less/mixins/size.less,137,.less,28bf643df836c230ef0106fca0bb7545eb9243fbf9f14d42def9343dcb8013f1,recurso,Extensión/directorio,,
system/backoffice/includes/build/bootstrap-less/mixins/tab-focus.less,168,.less,c1e494f9bc8f5da41d326cc39efebd16284089cd6faa0c314c78599b2b5ec467,recurso,Extensión/directorio,,
system/backoffice/includes/build/bootstrap-less/mixins/table-row.less,728,.less,7ac08549ee692ab8899b4a8bb3ae7ae34aae8a745aff36a8fc68c06a6c0184c5,recurso,Extensión/directorio,,
system/backoffice/includes/build/bootstrap-less/mixins/text-emphasis.less,124,.less,2efe844ca8098b9e612ca9d781c0f08d1332b92f318e6852360d4d2300699409,recurso,Extensión/directorio,,
system/backoffice/includes/build/bootstrap-less/mixins/text-overflow.less,170,.less,1c56bdb8cc2923bc35be5751da31e12fd72f5f6f7c788b639044f245fa69345d,recurso,Extensión/directorio,,
system/backoffice/includes/build/bootstrap-less/mixins/vendor-prefixes.less,6877,.less,feba1afec4f058f7a50592b3ea8c0d89931fdd099b04a10c1e66e391fd2cc296,recurso,Extensión/directorio,,
system/backoffice/includes/build/bootstrap-less/mixins.less,1141,.less,f84ca92898c7cbb7a4e6fe172e41592b91620844604eeda70f07396cf1983080,recurso,Extensión/directorio,,
system/backoffice/includes/build/bootstrap-less/variables.less,27914,.less,b58e9e0f8668f6b37172a30ce68cbf2f8453c28081c42a127e49c9f7b248967b,recurso,Extensión/directorio,,
system/backoffice/includes/build/less/.csslintrc,566,,312d8e03db6faaf65b962f52cd0be83a6b67499d8051b657a5f281d35aab1725,recurso,Extensión/directorio,,
system/backoffice/includes/build/less/404_500_errors.less,737,.less,dd2ac589ab52a4c4362971d937b714de6ff3db051f5540c51e79565b1e00cd55,recurso,Extensión/directorio,,
system/backoffice/includes/build/less/AdminLTE.less,1729,.less,39f927ccd7e984908806ace30436ef92ade1e2a07898e21f491208f286ac5a59,recurso,Extensión/directorio,,
system/backoffice/includes/build/less/alerts.less,682,.less,98e1e709d67b4b5fe1e67698421f7f43bec9e98b4f8da0d2e11db40676db6f23,recurso,Extensión/directorio,,
system/backoffice/includes/build/less/bootstrap-social.less,3223,.less,402b4e26fce9fb76d922823c6ebe8edbc6cfb293e82ca0fe317f8081bc5ce54e,recurso,Extensión/directorio,,
system/backoffice/includes/build/less/boxes.less,8510,.less,35633a287389b06cb7db3fd6104a79b8ee1804ac43e8656e475a7f70794a7fcf,recurso,Extensión/directorio,,
system/backoffice/includes/build/less/buttons.less,3262,.less,c4e90caa96f3d5130e9134862ec36c39e91b962763bb2845d73e03d07dac7a42,recurso,Extensión/directorio,,
system/backoffice/includes/build/less/callout.less,894,.less,cfe69409b158173e184b3681618d819c3dd283d7ba6de3f9df5f727e32e021fa,recurso,Extensión/directorio,,
system/backoffice/includes/build/less/carousel.less,286,.less,08cb054f909fb23c1cc12eeffec2fcc9f5dec462cd646dbd67ab30bb3a5724b4,recurso,Extensión/directorio,,
system/backoffice/includes/build/less/control-sidebar.less,5789,.less,97e339bd39fc7de82124b79a1d57af945f8220ba7f66f9de421d0d03e3e9e26d,recurso,Extensión/directorio,,
system/backoffice/includes/build/less/core.less,3086,.less,a57d2e17d00704f381739ea4d2a11a3b7474c6bea6b6a2dbc3ea7be4cede133d,recurso,Extensión/directorio,,
system/backoffice/includes/build/less/direct-chat.less,3206,.less,deb36f2ab91c4d58721d6c4367b46ebd58ebee62a8e6c1de96636a413c2d9f23,recurso,Extensión/directorio,,
system/backoffice/includes/build/less/dropdown.less,7232,.less,9184be5b0edcc5f14cde44283b2f16171e2ea9dbb22d8373721da2208dcdb6d3,recurso,Extensión/directorio,,
system/backoffice/includes/build/less/forms.less,1771,.less,7014764da2a7eaada7908c360cb3bee1df62751b760364a8c97677e0a70f8ffd,recurso,Extensión/directorio,,
system/backoffice/includes/build/less/fullcalendar.less,1605,.less,21f397489781b8c15468c7341e9a4d75df6fc06720c7438c06a490619b1878ea,recurso,Extensión/directorio,,
system/backoffice/includes/build/less/header.less,5031,.less,7ae22486484b1eb6565e96c3cb2dca072de6704b3b0a2d061b60229b4fe89c44,recurso,Extensión/directorio,,
system/backoffice/includes/build/less/info-box.less,1192,.less,5ed172be0b05a6afd8edbc7c3fc848ac9269b8517d3b417f2e1460b36cb7bdd3,recurso,Extensión/directorio,,
system/backoffice/includes/build/less/invoice.less,217,.less,b739317a02ec831df8672145149ae513212af48e301420d8ace24bc756d7e7c0,recurso,Extensión/directorio,,
system/backoffice/includes/build/less/labels.less,340,.less,480fa52313ce651248919d0162b5f9f35f94551ef46083234f0ecc9f6293d078,recurso,Extensión/directorio,,
system/backoffice/includes/build/less/lockscreen.less,1206,.less,d32e61270303cc6ba6708d603e88b6c432553c7fd06ada15806f4915bd5822b9,recurso,Extensión/directorio,,
system/backoffice/includes/build/less/login_and_register.less,751,.less,59011e2e58473692b57b2b7bd62a6d9ecc4cdedf8b14628348a0de11a83074d9,recurso,Extensión/directorio,,
system/backoffice/includes/build/less/mailbox.less,1287,.less,ea71ae7839a18270726e121c155e2120ad7c3aa6023108b676edf993a0496b31,recurso,Extensión/directorio,,
system/backoffice/includes/build/less/miscellaneous.less,9117,.less,f5a3b3e3656ab0337a6b48a0fcaf4ea4687165109a3a7d514c4338e2e0aee861,recurso,Extensión/directorio,,
system/backoffice/includes/build/less/mixins.less,7385,.less,9d83738100b40d2f2a46a32b61108cbdc45ef4fdae4fc4002dd417083d7d604d,recurso,Extensión/directorio,,
system/backoffice/includes/build/less/modal.less,1355,.less,4a21679787729193903101369145425f9937e4548b86778a495d97810f7ad569,recurso,Extensión/directorio,,
system/backoffice/includes/build/less/navs.less,3352,.less,dc094157606104a5aadbdd19265a696255b2906d87ada1a477073dc0e1af775c,recurso,Extensión/directorio,,
system/backoffice/includes/build/less/print.less,1006,.less,9fdaf0c201809e66b1abef00ff23b6b15817ac667d4bfeeb86c9f91ca0442632,recurso,Extensión/directorio,,
system/backoffice/includes/build/less/products.less,819,.less,9d549a7151b32638187d90b6223d0a790ee04f2d0cde222cc05878cd04a94460,recurso,Extensión/directorio,,
system/backoffice/includes/build/less/profile.less,469,.less,dbcb4d2f23f208ed5a4d08a1212ddb4f73d40cecc8307aacd0b99c95fef39287,recurso,Extensión/directorio,,
system/backoffice/includes/build/less/progress-bars.less,1777,.less,7f1a6d9d9c434ea417e1f23a450405e727a37af102032ee40627c732754e59dc,recurso,Extensión/directorio,,
system/backoffice/includes/build/less/select2.less,2533,.less,fe86952bfa43c2ce61792c58c8e5e552cb5fc3ea3188c92436d6a091f989881e,recurso,Extensión/directorio,,
system/backoffice/includes/build/less/sidebar-mini.less,3451,.less,c61d7253128c7b4b604c18ab1565b00babfeab262a6eebd48030875344caa0fd,recurso,Extensión/directorio,,
system/backoffice/includes/build/less/sidebar.less,2958,.less,83ba45cac4733ee28585cf6102d56502c82fa6584a0f200a4ee6a14218c9cd15,recurso,Extensión/directorio,,
system/backoffice/includes/build/less/skins/_all-skins.less,395,.less,865783d638a0fe7fbe1c23aa3c599e015fd14920fa54f300a12620a21674a98a,recurso,Extensión/directorio,,
system/backoffice/includes/build/less/skins/skin-black-light.less,1389,.less,e2014d4ef2a38167a57c03b47c5034e42ab56b28153af11a702dae221fda15dc,recurso,Extensión/directorio,,
system/backoffice/includes/build/less/skins/skin-black.less,1382,.less,c3fd19841f66636759d52b79a96adbb82558418ae15e1e19ddbedf9a2a8f14ca,recurso,Extensión/directorio,,
system/backoffice/includes/build/less/skins/skin-blue-light.less,1258,.less,ae26a392f56c5d063228eed3c837cdd8ba813f8ba8f7a017042ddd78b7df6b9c,recurso,Extensión/directorio,,
system/backoffice/includes/build/less/skins/skin-blue.less,1210,.less,a74c8081bc722f11b14047b7b18cabdf457bc93178f9bdf766bf8b0c108add87,recurso,Extensión/directorio,,
system/backoffice/includes/build/less/skins/skin-green-light.less,1092,.less,30e1680623bb01f653665fdf09e42d9da30fa4775b081059b5c478210f74ca9c,recurso,Extensión/directorio,,
system/backoffice/includes/build/less/skins/skin-green.less,1097,.less,c3848265afc41898eeeae088a3496beeefcb8e26bc66de3d0f47c55c90cc0dd7,recurso,Extensión/directorio,,
system/backoffice/includes/build/less/skins/skin-purple-light.less,1099,.less,0ac1855efe4c66b7a916d878ef3b2e25f2cce5bb2d30ce51487f3916a3759b4d,recurso,Extensión/directorio,,
system/backoffice/includes/build/less/skins/skin-purple.less,1104,.less,ec65df084c19856f11edeb61f3180a5187c12d4294177d3525ec9fbfc1f52a5f,recurso,Extensión/directorio,,
system/backoffice/includes/build/less/skins/skin-red-light.less,1072,.less,31d0b140d030a11602e4933835851ac65e9e830971467770a1d3134e59be2519,recurso,Extensión/directorio,,
system/backoffice/includes/build/less/skins/skin-red.less,1077,.less,78c98a0a6f177167e69bba2ce715dd3bbf207878db1e60d9533038785ee6d3c3,recurso,Extensión/directorio,,
system/backoffice/includes/build/less/skins/skin-yellow-light.less,1099,.less,63dd03c7f7584e71ca6eaf4922000c15405f83611288587a46213f68b0150381,recurso,Extensión/directorio,,
system/backoffice/includes/build/less/skins/skin-yellow.less,1104,.less,52c970b6376fffc8cd92def256857d6180124c8ffabb209c197b590e85766982,recurso,Extensión/directorio,,
system/backoffice/includes/build/less/small-box.less,1531,.less,aa49053264cbf05db572360f099e07d59b891f275095bf29fb9a704a7f3253cd,recurso,Extensión/directorio,,
system/backoffice/includes/build/less/social-widgets.less,1473,.less,404d9f57beaebc0a82f09a781c13c20e64bb1ad63414e0072eea3e9cb2ddcdc5,recurso,Extensión/directorio,,
system/backoffice/includes/build/less/table.less,968,.less,2a99f869b0f2b79b0d86fb646b0be44a1d7e7974dba81aa2e6e627134bbebcde,recurso,Extensión/directorio,,
system/backoffice/includes/build/less/timeline.less,2056,.less,1f40cc10d491853603b01c42c0ec21f7cf2a15486aac55d68f0a5b10e4284e0f,recurso,Extensión/directorio,,
system/backoffice/includes/build/less/users-list.less,638,.less,fa1745c96ca83152a0d354df06dc7a5ec8b4f3927c5b5dfc1e438f99580368ff,recurso,Extensión/directorio,,
system/backoffice/includes/build/less/variables.less,3533,.less,be4062f5b8c7486edaaa63b63ab7ad32829c60738e5e23acf35352e1a7773bef,recurso,Extensión/directorio,,
system/backoffice/includes/dist/css/AdminLTE.css,110089,.css,44b8ba3b20b30fc0fa9d0e9458cb83c1845a0a10fbbe89874580f2246d2c7dd9,recurso,Extensión/directorio,,
system/backoffice/includes/dist/css/AdminLTE.min.css,86400,.css,2dfd8a14760f72e4dff42bf05b22e199151a293ecc5684d705e5173783c9a825,recurso,Extensión/directorio,,
system/backoffice/includes/dist/css/skins/_all-skins.css,50679,.css,28e336c455ac17f1b45d1c9f941138c3672a794cb401b6d8e9e0702252863f21,recurso,Extensión/directorio,,
system/backoffice/includes/dist/css/skins/_all-skins.min.css,41882,.css,cbf906448ce800b7da30705b32880608dca8c628cddb84fe47d3cd7181c444a5,recurso,Extensión/directorio,,
system/backoffice/includes/dist/css/skins/skin-black-light.css,5137,.css,e2a1a28e49e1c3aeba3924d3ad6304b81d5c85bce24872b1bb43f2d0dc39ad5d,recurso,Extensión/directorio,,
system/backoffice/includes/dist/css/skins/skin-black-light.min.css,4200,.css,e294e53b3edd604b5c96981603c0d087968e055cf74bcb71bf4835ef60afc137,recurso,Extensión/directorio,,
system/backoffice/includes/dist/css/skins/skin-black.css,4193,.css,c2d8bab7826e1b57e3161c8f5caa87f7ddb944118f740d8375d2b99bafff2295,recurso,Extensión/directorio,,
system/backoffice/includes/dist/css/skins/skin-black.min.css,3369,.css,f74ef66166f851dd6d4ee213e035a6b2a2b0d8dcc40d9c1c9686a607357a1d57,recurso,Extensión/directorio,,
system/backoffice/includes/dist/css/skins/skin-blue-light.css,4796,.css,ef5e538b0dc3f4e3b3aebac29a1733e531073667c88c67422fa44199cf07c01e,recurso,Extensión/directorio,,
system/backoffice/includes/dist/css/skins/skin-blue-light.min.css,3996,.css,6a2fb923fb16c94b509cb85eac92ceb700c2961533126c5656d9d0c1d4733cd9,recurso,Extensión/directorio,,
system/backoffice/includes/dist/css/skins/skin-blue.css,3817,.css,1f45aa6f2c5fd48fbba4a979fd3641964199841ef7f64f2cc0cca8442463ee15,recurso,Extensión/directorio,,
system/backoffice/includes/dist/css/skins/skin-blue.min.css,3141,.css,315028e8ee1c446d84fb16438876acd047cb3c65d13c99304a980cf8c5ade63a,recurso,Extensión/directorio,,
system/backoffice/includes/dist/css/skins/skin-green-light.css,4552,.css,120642035d81249655a3de900dfdb6bf60d7b523cf8fc23f88dc32e9de11613e,recurso,Extensión/directorio,,
system/backoffice/includes/dist/css/skins/skin-green-light.min.css,3800,.css,be0b0172e80eb3696e5eea7a0a01354f73d0aaf38c939a2e12ea383a9d96ea0a,recurso,Extensión/directorio,,
system/backoffice/includes/dist/css/skins/skin-green.css,3632,.css,18f2b1bf1cc8aeb4ea5aeb1780a28bb396639881b83ee7e54d77c557cce7331d,recurso,Extensión/directorio,,
system/backoffice/includes/dist/css/skins/skin-green.min.css,2993,.css,725a6db78ee76381c3f053b5c324bcc4659792f91b4c3c2380873ae6643bdaad,recurso,Extensión/directorio,,
system/backoffice/includes/dist/css/skins/skin-purple-light.css,4604,.css,9a7b64401322bf509a864240c88b29c146cf8ae9ecf1e1b3d158e3a4050fd3f5,recurso,Extensión/directorio,,
system/backoffice/includes/dist/css/skins/skin-purple-light.min.css,3850,.css,985b1d43a1c9b00fa266279c8d6cee65dbda781f09a2c7ef98b72c9b071a51e9,recurso,Extensión/directorio,,
system/backoffice/includes/dist/css/skins/skin-purple.css,3677,.css,559fdb9a23cddd4442caf11d9b1d5c991281c811c2cb2aa993875b213adc4a9b,recurso,Extensión/directorio,,
system/backoffice/includes/dist/css/skins/skin-purple.min.css,3036,.css,3f793ff7c60a7701009bd0b27858b4e04a181b664a7bedd406262fc9fa296f8b,recurso,Extensión/directorio,,
system/backoffice/includes/dist/css/skins/skin-red-light.css,4448,.css,67a9461e2a8121643b9877438e8fb679780aae079bcfe60bfa31facf36f7ece7,recurso,Extensión/directorio,,
system/backoffice/includes/dist/css/skins/skin-red-light.min.css,3700,.css,ec9ee31d631e474ce061fbd670bfc5d4bcac8802af54c615367fd1c227239cd8,recurso,Extensión/directorio,,
system/backoffice/includes/dist/css/skins/skin-red.css,3542,.css,9a72e091da3f7076cbe59b45dc0592e6eb6d6280339b8a6aed16d06ef93d07c9,recurso,Extensión/directorio,,
system/backoffice/includes/dist/css/skins/skin-red.min.css,2907,.css,af5b13dbc092d0de9958f09bee9b075aaefc4aa22d3046ee31c923001e894a6d,recurso,Extensión/directorio,,
system/backoffice/includes/dist/css/skins/skin-yellow-light.css,4604,.css,e6e36631b362dca7ea0f44dc8350994c8595eec01056700f8fdbd89a7912660c,recurso,Extensión/directorio,,
system/backoffice/includes/dist/css/skins/skin-yellow-light.min.css,3850,.css,814a61454b294d23554c1d2ff65ef7067c86364e139650e792f963e57d2bb41a,recurso,Extensión/directorio,,
system/backoffice/includes/dist/css/skins/skin-yellow.css,3677,.css,16a858f22bcc2215dcfbfa18e41795c766d298e9038e9149843311ae30737792,recurso,Extensión/directorio,,
system/backoffice/includes/dist/css/skins/skin-yellow.min.css,3036,.css,cc02dcbc5f811e9950a3d0a2a7a9ca27cd937e1769894e9cef94a4656d78e267,recurso,Extensión/directorio,,
system/backoffice/includes/dist/img/avatar.png,8543,.png,5cab8ff49ac6c7570a5f637f1df4968cf12e9ed9513ed9227966911cc524d1c7,recurso,Extensión/directorio,,
system/backoffice/includes/dist/img/avatar04.png,14037,.png,835ca8431eda54640d83d2ebc59d2319b22ba0d68823b6477b4bc39372265481,recurso,Extensión/directorio,,
system/backoffice/includes/dist/img/avatar2.png,8836,.png,26a7d6a68ee586403cf83f50072af106b296783842f6d63953ae1c6df723a466,recurso,Extensión/directorio,,
system/backoffice/includes/dist/img/avatar3.png,9780,.png,7f5f00fda474a826007666b5ff3fea076b2cf0634ae446fb894319c4dc44b118,recurso,Extensión/directorio,,
system/backoffice/includes/dist/img/avatar5.png,8007,.png,1424999a34e24835229fd13f16b34de95841f2e7abdeaa5aa9a678bf8ed7f6f4,recurso,Extensión/directorio,,
system/backoffice/includes/dist/img/boxed-bg.jpg,123770,.jpg,5487391fa5db6155709522886beebc00fd7433ffb7ae5f63e585497cd5174ae5,recurso,Extensión/directorio,,
system/backoffice/includes/dist/img/boxed-bg.png,43694,.png,2f23f323330dd47e39b3af4892097e56ef0cabf5980e4c2ed794f58d4f629437,recurso,Extensión/directorio,,
system/backoffice/includes/dist/img/credit/american-express.png,2205,.png,3b5adb1ee95e7d9384a2a6a550e8b98f30009cff39e2c7c274344d5915ea8860,recurso,Extensión/directorio,,
system/backoffice/includes/dist/img/credit/cirrus.png,1593,.png,032ea3cdf0785c83960d93522ab8db1edd087925a059e305846e37512a6eba58,recurso,Extensión/directorio,,
system/backoffice/includes/dist/img/credit/mastercard.png,1593,.png,51a35f6f0c0de338bd0ae66986725a4c8189ff2e614d890ea2486ad7b2600c13,recurso,Extensión/directorio,,
system/backoffice/includes/dist/img/credit/mestro.png,1588,.png,0bc35fdb39b6e1ece6ece1ba182babea3d7d9692d6bce4c792fefe70c2178cc3,recurso,Extensión/directorio,,
system/backoffice/includes/dist/img/credit/paypal.png,2046,.png,202ace7cf647175767e1c999838debe42fe4b9e46001537a357042d00f0ecdbc,recurso,Extensión/directorio,,
system/backoffice/includes/dist/img/credit/paypal2.png,1372,.png,1f4b8c309334910eb3102e6756e26343a0f4e18adc294930b569c9e86d876e3a,recurso,Extensión/directorio,,
system/backoffice/includes/dist/img/credit/visa.png,1137,.png,53185727c25cd35469be0b2b8bc001b523553870aec1f26df0f60bc5a0cd91dc,recurso,Extensión/directorio,,
system/backoffice/includes/dist/img/default-50x50.gif,184,.gif,972578b9924766708c5cefd718e70f6f43854fee1e8c90845aa2717379b838a7,recurso,Extensión/directorio,,
system/backoffice/includes/dist/img/icons.png,1154,.png,a712078d2c9cd0277e2253ffde1487fedf7e8f2aa68ecd49fc2c0ab762719a41,recurso,Extensión/directorio,,
system/backoffice/includes/dist/img/photo1.png,673900,.png,b6d3d4088dfd0c5f9c8db55b7d8a915357de33e736fea05c5f32cd7785970a72,recurso,Extensión/directorio,,
system/backoffice/includes/dist/img/photo2.png,424395,.png,3003db84e3b7e728761e6842f823993e42739b21715bbee76e72b9e03d636a65,recurso,Extensión/directorio,,
system/backoffice/includes/dist/img/photo3.jpg,392079,.jpg,f8b7737df380ff96a32984697acc49d34a70ba724de19133b83d5d4fe04c20ec,recurso,Extensión/directorio,,
system/backoffice/includes/dist/img/photo4.jpg,1179224,.jpg,0e40e35c2bf5eb8a4b80e9bd542725d7f0a01ca0d787bd3725b6b329768c5ba8,recurso,Extensión/directorio,,
system/backoffice/includes/dist/img/user1-128x128.jpg,2879,.jpg,79c8317c419797abead22f54fcaa3dbf5ee30dcb167cc70ace82a725f3ffd78c,recurso,Extensión/directorio,,
system/backoffice/includes/dist/img/user2-160x160.jpg,7070,.jpg,0569e2b43626f349943f5d72e660d400fee87db19566f54debc9b118deb0a1df,recurso,Extensión/directorio,,
system/backoffice/includes/dist/img/user3-128x128.jpg,3511,.jpg,e36d61d73e208222a89b72c365f490b466709fc442bc297a6b76156e6f39e1f2,recurso,Extensión/directorio,,
system/backoffice/includes/dist/img/user4-128x128.jpg,3477,.jpg,afcda8a0bef6f3b6c3fe62623024f8bb9faa3d92b97f1d57543b8f952df244ec,recurso,Extensión/directorio,,
system/backoffice/includes/dist/img/user5-128x128.jpg,6446,.jpg,6e3d8ca21241d71f594cb0bf00643e5ef5b7033a5ae390f606c8693211f0ae28,recurso,Extensión/directorio,,
system/backoffice/includes/dist/img/user6-128x128.jpg,4342,.jpg,78b623d5daa3a43dc3a3e6bb2011dddc4daf9e5cbb0e48a46005f542e6dd0886,recurso,Extensión/directorio,,
system/backoffice/includes/dist/img/user7-128x128.jpg,6434,.jpg,60382b59545e71304717c0f0f91892ef71817241d25c257d58405ab16e48a321,recurso,Extensión/directorio,,
system/backoffice/includes/dist/img/user8-128x128.jpg,5060,.jpg,8ae5a917f533ffa2522471985a95636e70f7ccd339cded044d59fd6694aa05c9,recurso,Extensión/directorio,,
system/backoffice/includes/dist/js/app.js,23101,.js,cd084031d5a44a66f1818116e10b18edd9be1a5f6ead9997fef2f54c29226a86,recurso,Extensión/directorio,,
system/backoffice/includes/dist/js/app.min.js,9432,.js,35c9d09f0c119c8a65155c6354985e8217ed86cbc0cf8adafa22db031445e11d,recurso,Extensión/directorio,,
system/backoffice/includes/dist/js/demo.js,18274,.js,aaa659a23082239b602482af9bb6d6cc7b658bf2641c3b2e11d65d49a04b598b,recurso,Extensión/directorio,,
system/backoffice/includes/dist/js/pages/dashboard.js,5853,.js,6ec9a247e2e2086d68c6342698aa299acc08ca8694dff4318f57c0f8ca742ba3,recurso,Extensión/directorio,,
system/backoffice/includes/dist/js/pages/dashboard2.js,9208,.js,6a477370be095423c624ad6ef6fe857c8be5374bb81b13946521d9f22dbf152e,recurso,Extensión/directorio,,
system/backoffice/includes/footer.php,4006,.php,2f0c9563a470c50ac3cd51aad96b3360e5cce4f75bd5d101d35bfb42ff7e4d23,administración / template,Ubicación y contenido BO,208,
system/backoffice/includes/header.php,9996,.php,2f4e30e8f6e45743eb0fbd47b9a13fefcec5c4d2997f12c36033fe12bad31f13,administración / template,Ubicación y contenido BO,206,
system/backoffice/includes/plugins/bootstrap-slider/bootstrap-slider.js,37330,.js,4d81cdbecaa2b161e2fa45a77a78aa871d0c5891d945689bcf505db5525bffd0,recurso,Extensión/directorio,,
system/backoffice/includes/plugins/bootstrap-slider/slider.css,4582,.css,8e245f67ec0bc30436acd1bd9923d4da169706921d0dd8cab0736378d1254755,recurso,Extensión/directorio,,
system/backoffice/includes/plugins/bootstrap-wysihtml5/bootstrap3-wysihtml5.all.js,581595,.js,d4bcd00b1495d51ccf45798883c2e124dec472c67958f2a908f02f67c65167b4,recurso,Extensión/directorio,,
system/backoffice/includes/plugins/bootstrap-wysihtml5/bootstrap3-wysihtml5.all.min.js,210939,.js,6740e09fa44a67c3994f787a4050b4c927c15ee60597e98e1e5650f61bb85318,recurso,Extensión/directorio,,
system/backoffice/includes/plugins/bootstrap-wysihtml5/bootstrap3-wysihtml5.css,2670,.css,2a85f9639d0ef96c5035c8c3baceca4fa9133ba376e584b628d6c6639139d0b4,recurso,Extensión/directorio,,
system/backoffice/includes/plugins/bootstrap-wysihtml5/bootstrap3-wysihtml5.min.css,2228,.css,87a080859f262319f362f7fccf5ea66da55782a3990d4129c8ead0d43593ae60,recurso,Extensión/directorio,,
system/backoffice/includes/plugins/chartjs/Chart.js,113090,.js,bbb6ca0e1e0c849d8c48da85fef63df8f0b78fd200aef29b525edbc1e0205d92,recurso,Extensión/directorio,,
system/backoffice/includes/plugins/chartjs/Chart.min.js,52103,.js,1debfed4be00233e4ce78b7d9e84f70358150b0f25287f57510dfecef2a759de,recurso,Extensión/directorio,,
system/backoffice/includes/plugins/ckeditor/adapters/jquery.js,3011,.js,bcb69c55e2a314a300966bd3d3a4d9fd4d378773e5fbea6694a088258aab3172,recurso,Extensión/directorio,,
system/backoffice/includes/plugins/ckeditor/build-config.js,2451,.js,07d9951ed260450a92f4e562104a706736ca421d3841e6259c36c6b43a7b468e,recurso,Extensión/directorio,,
system/backoffice/includes/plugins/ckeditor/CHANGES.md,44082,.md,1a82eb9bdedaec643ad6062cb0d89ed08e9569120eb50ccb5c9b5739c3ac9654,recurso,Extensión/directorio,,
system/backoffice/includes/plugins/ckeditor/ckeditor.js,460851,.js,1078e31e0976e2c36731036ff95044e2a5b3395f6cc3e470257caf2cf42c3d30,recurso,Extensión/directorio,,
system/backoffice/includes/plugins/ckeditor/config.js,1359,.js,7f07c48da8a96b5248102d57831a572ba56fbcf073663f0bef5433db4b7d5777,recurso,Extensión/directorio,,
system/backoffice/includes/plugins/ckeditor/contents.css,1850,.css,ef6185b42b95907705196d894fa640b0bfa0800cd76213dab9174387c12448cd,recurso,Extensión/directorio,,
system/backoffice/includes/plugins/ckeditor/lang/af.js,11914,.js,127ebfa400bb3d8bcd4bd8ce12b17cbfe20aab9cc5ea5312533a42604ed2e015,recurso,Extensión/directorio,,
system/backoffice/includes/plugins/ckeditor/lang/ar.js,15582,.js,909e27a90bc753f40f9a8242121ec0b59a1a21093e2f2b6b2a7dc5ac3a70516f,recurso,Extensión/directorio,,
system/backoffice/includes/plugins/ckeditor/lang/bg.js,16945,.js,6435c9bd8f08617a3e4ae52b78bf8dbac7ab6b407c4e516de65cf8a719fbb0c5,recurso,Extensión/directorio,,
system/backoffice/includes/plugins/ckeditor/lang/bn.js,16285,.js,72b87ce73bbc407c7075070f864a31fb27ed15c7a36378d13900c68d6ef2a2b8,recurso,Extensión/directorio,,
system/backoffice/includes/plugins/ckeditor/lang/bs.js,11931,.js,b7050b1f238237b9c115065b0332e70a521de21b1f1246b14156542ebe0c302e,recurso,Extensión/directorio,,
system/backoffice/includes/plugins/ckeditor/lang/ca.js,13239,.js,6c29e3678cec82aae024931f37d46de9050dc7531a9907b9feba28d13193d4e6,recurso,Extensión/directorio,,
system/backoffice/includes/plugins/ckeditor/lang/cs.js,13199,.js,1839cfc871e943a16c7f57c4b508b96a5be2460807073bd4ba0e68e9720c5547,recurso,Extensión/directorio,,
system/backoffice/includes/plugins/ckeditor/lang/cy.js,12375,.js,611ede8cb50c9b78c9431ed744644141ac87d9adff53494e1ae8111ebc24b302,recurso,Extensión/directorio,,
system/backoffice/includes/plugins/ckeditor/lang/da.js,12394,.js,9ff746fae99f4229d428acd5cc428c9f7e71d4b72d293abd7a887a98d73182de,recurso,Extensión/directorio,,
system/backoffice/includes/plugins/ckeditor/lang/de.js,13279,.js,50ed0fc1eb641a9e13b50cedc2114471759d85362e86f06027879526c1253564,recurso,Extensión/directorio,,
system/backoffice/includes/plugins/ckeditor/lang/el.js,19479,.js,77f76bbe4cd375fcbb17461cf73f46a9eef4c69440e1f0ba06df8b4eafcf4256,recurso,Extensión/directorio,,
system/backoffice/includes/plugins/ckeditor/lang/en-au.js,11856,.js,d63fbe6d540ee42fc970523358a18d6cd359c8f8b0d6093eda5c448057f16652,recurso,Extensión/directorio,,
system/backoffice/includes/plugins/ckeditor/lang/en-ca.js,11856,.js,48949d8febc77cedd2b318075b2750f4931a116fd493a285fceb66197bfd692d,recurso,Extensión/directorio,,
system/backoffice/includes/plugins/ckeditor/lang/en-gb.js,11866,.js,eb4b431985df07051e9f65aa464ad2d3155010b14290e1eb7ac9d96901b6f1e0,recurso,Extensión/directorio,,
system/backoffice/includes/plugins/ckeditor/lang/en.js,11875,.js,d12f30520c009c32edc703fff3146dad2a45ed7f3c02542ee12dc97e7187d5f1,recurso,Extensión/directorio,,
system/backoffice/includes/plugins/ckeditor/lang/eo.js,12648,.js,01c2980e23e61f87141fcb00852af5051e2c078a0249bba64df18404ebfbdffa,recurso,Extensión/directorio,,
system/backoffice/includes/plugins/ckeditor/lang/es.js,13407,.js,ec4a06d361f6f6135ffcb1bf6da9b3b6f193b2c409cdfa25bcdf21e873174b46,recurso,Extensión/directorio,,
system/backoffice/includes/plugins/ckeditor/lang/et.js,12363,.js,f41c9025e6bf22a764d8cfa7d241092be723b1780c33e2d924d168945abdf4ae,recurso,Extensión/directorio,,
system/backoffice/includes/plugins/ckeditor/lang/eu.js,12908,.js,9296673a0c570a22c2529cf2e3bc085af0c1f509ed6ad0ae758fdb214aab8a19,recurso,Extensión/directorio,,
system/backoffice/includes/plugins/ckeditor/lang/fa.js,16695,.js,8bb3c64b228cd631e9681a3d7071a9ccdcd509420771ab1984651bda5ba0ab24,recurso,Extensión/directorio,,
system/backoffice/includes/plugins/ckeditor/lang/fi.js,12670,.js,ce3147cd64762e2d3149c0b3d1d8a8c5c6ee325d2f3ac56ff13c8914b998d13f,recurso,Extensión/directorio,,
system/backoffice/includes/plugins/ckeditor/lang/fo.js,12711,.js,bac5eac559acaa5cc30b53d7dae24de7ab877fa5d0237453fb9e20b1545dccc8,recurso,Extensión/directorio,,
system/backoffice/includes/plugins/ckeditor/lang/fr-ca.js,13207,.js,bd9202183689dc6f894c1d489ced3578800f946e6c3176a15eb8898240065ff9,recurso,Extensión/directorio,,
system/backoffice/includes/plugins/ckeditor/lang/fr.js,13727,.js,ea675a209d737f2d085cb20477d963813a54172b8a720f0a667ffed146c88c27,recurso,Extensión/directorio,,
system/backoffice/includes/plugins/ckeditor/lang/gl.js,13088,.js,0dd3217910ffd30a16cce0b52290b79954708628270d721635650f652f071756,recurso,Extensión/directorio,,
system/backoffice/includes/plugins/ckeditor/lang/gu.js,21261,.js,a9f161338a046fb9c4d5a0f04c2b744edc1f366cae765f143ada795a955a7af7,recurso,Extensión/directorio,,
system/backoffice/includes/plugins/ckeditor/lang/he.js,15083,.js,c4467a6cf26a4d4ddd5fb0af17b21a69880cb9f59ae7808f09c90d27e630a1c1,recurso,Extensión/directorio,,
system/backoffice/includes/plugins/ckeditor/lang/hi.js,16734,.js,a3cf6b2b2e4b5dab51490e0680df1cf326b5e677f04467751271ac65a3967e98,recurso,Extensión/directorio,,
system/backoffice/includes/plugins/ckeditor/lang/hr.js,12201,.js,98db2cf08b078aa57f61ebba8d0c04ec88bbfd702a36fc8f2a85fb2557142298,recurso,Extensión/directorio,,
system/backoffice/includes/plugins/ckeditor/lang/hu.js,13501,.js,5cd2f6fc3de7a787b435006df03bde275a70f82fd47b6d7e714421d5aa32247d,recurso,Extensión/directorio,,
system/backoffice/includes/plugins/ckeditor/lang/id.js,12126,.js,0572472acc187a43573941696f61424b1c2748f15bf2789c27bba81fb878575d,recurso,Extensión/directorio,,
system/backoffice/includes/plugins/ckeditor/lang/is.js,12276,.js,093a7fe9798d2c4ab582871eec38ad710f78f7ba8796522bae5c2be658d97f86,recurso,Extensión/directorio,,
system/backoffice/includes/plugins/ckeditor/lang/it.js,13228,.js,c788230a063103cf570c90e11a0f16a8a6b0129d0170dba58bff57a2047522bc,recurso,Extensión/directorio,,
system/backoffice/includes/plugins/ckeditor/lang/ja.js,14719,.js,60831e9f8ec5f02328c1205cdce249ea2d30e9faf12497a4c9b09c44ac4fe576,recurso,Extensión/directorio,,
system/backoffice/includes/plugins/ckeditor/lang/ka.js,23226,.js,d026063f9a2f53337b3885524d16fc988fed4a695df6b677271edde4a16d3264,recurso,Extensión/directorio,,
system/backoffice/includes/plugins/ckeditor/lang/km.js,20777,.js,80ff9d4564f9c196b8db4caf56938c8950bdd4622eb5f6aeb49654cce6064141,recurso,Extensión/directorio,,
system/backoffice/includes/plugins/ckeditor/lang/ko.js,12663,.js,830d5825d7d7a520c7abbbed43b33a12c1628144bdd462bbd9df023c8052de72,recurso,Extensión/directorio,,
system/backoffice/includes/plugins/ckeditor/lang/ku.js,18321,.js,ad8c2ae9f23f1f2caad3b10dd10856895c766b747acf4d188bedb14a6cf379ad,recurso,Extensión/directorio,,
system/backoffice/includes/plugins/ckeditor/lang/lt.js,13078,.js,d862300a5ad383861be76df27b71cbe67fa36f8c7d953b9f4449d774b6450e50,recurso,Extensión/directorio,,
system/backoffice/includes/plugins/ckeditor/lang/lv.js,13291,.js,743fcdb907269a1b61d0b3ddf87fe2f3b1501199a7022b4ec1ad5b341e049638,recurso,Extensión/directorio,,
system/backoffice/includes/plugins/ckeditor/lang/mk.js,11878,.js,28d071345ddc42d4f1a4082bfb2043d0ceffbf41479f10825da1d19be2d2dc27,recurso,Extensión/directorio,,
system/backoffice/includes/plugins/ckeditor/lang/mn.js,15738,.js,937cba29980223c75d207cfaa2389889a19f2508a544ee165f598c8977db4b52,recurso,Extensión/directorio,,
system/backoffice/includes/plugins/ckeditor/lang/ms.js,12102,.js,175adfaafb4c17501ea97fb9040e2e3e7e573e1e2a931590eece7277e2b53ee2,recurso,Extensión/directorio,,
system/backoffice/includes/plugins/ckeditor/lang/nb.js,12209,.js,40843bbc691f5965f5a64b7bbae2dbfeb1653f1a2ca2bb05b00c834820cc9c91,recurso,Extensión/directorio,,
system/backoffice/includes/plugins/ckeditor/lang/nl.js,12747,.js,793ef51c19e87e9b2f1905b4a6081b59318da20766d267be5ccf273270969457,recurso,Extensión/directorio,,
system/backoffice/includes/plugins/ckeditor/lang/no.js,12193,.js,d873e009ef394cf9f6be5f47e01f43ca10be53ff0d79663bb30e7958ba0c2008,recurso,Extensión/directorio,,
system/backoffice/includes/plugins/ckeditor/lang/pl.js,13265,.js,04bb12f48c52bc9f4d336bd57b3074c41130a9cf48ef8bdfa055a5dfece1465f,recurso,Extensión/directorio,,
system/backoffice/includes/plugins/ckeditor/lang/pt-br.js,13468,.js,f08b0cb732cc63b63cea8cb94f32531d849defe675346c576262ed8dfe33f1bf,recurso,Extensión/directorio,,
system/backoffice/includes/plugins/ckeditor/lang/pt.js,13212,.js,0438a14697f21345b95adf9fc86667edae5cc515d2717d144e4c96345c9b0f25,recurso,Extensión/directorio,,
system/backoffice/includes/plugins/ckeditor/lang/ro.js,13599,.js,9c00a692212810a16f76b60695ba35bd5e43234469bd860723940126d154d16c,recurso,Extensión/directorio,,
system/backoffice/includes/plugins/ckeditor/lang/ru.js,19536,.js,81af0c260ace6c96c4d82fad8ca59b527d9a8f05d3494d1c43701c3d4695c719,recurso,Extensión/directorio,,
system/backoffice/includes/plugins/ckeditor/lang/si.js,17012,.js,bd3777e371d3de87f35800e57e6f9137c718fb928425aee587f8f5fd1f377e48,recurso,Extensión/directorio,,
system/backoffice/includes/plugins/ckeditor/lang/sk.js,13320,.js,7e39d9cafbdcc0855c86bc72b6fb4321500858743b1348f998364f4da36d6216,recurso,Extensión/directorio,,
system/backoffice/includes/plugins/ckeditor/lang/sl.js,12401,.js,4906036cdf700aefaec40cd083a86e5c8d038da2fc9ff4177ecad8ac473a91aa,recurso,Extensión/directorio,,
system/backoffice/includes/plugins/ckeditor/lang/sq.js,13187,.js,c76652355359a3220250a1b88fcbe150cf32663b2de7d90a1c28b2fdd577f9f2,recurso,Extensión/directorio,,
system/backoffice/includes/plugins/ckeditor/lang/sr-latn.js,12237,.js,895c2888323ebc86ce1f46f341f9300437e20ad6cb6ab1e6a3a19622cfe763c8,recurso,Extensión/directorio,,
system/backoffice/includes/plugins/ckeditor/lang/sr.js,15114,.js,be95b906a8477d9b3b89df53ed88535d0e941faa3d55d7451cf6c5371555a666,recurso,Extensión/directorio,,
system/backoffice/includes/plugins/ckeditor/lang/sv.js,12172,.js,3500b705beb164f533609109e29d7c378bb19f9b0a21338b822e951d729709d4,recurso,Extensión/directorio,,
system/backoffice/includes/plugins/ckeditor/lang/th.js,19599,.js,4ea4d0ce193890104946f5a7add91df859ff5220d51f41ee594638be4fb54312,recurso,Extensión/directorio,,
system/backoffice/includes/plugins/ckeditor/lang/tr.js,13051,.js,9c66bf42950e002b7390894b63d47228ba125e0e5587b755409bf5e3fd962b1c,recurso,Extensión/directorio,,
system/backoffice/includes/plugins/ckeditor/lang/ug.js,18611,.js,4928e1103616225ec5d02d484f020629d83fef7b49ea1f845b2322d9b06f073e,recurso,Extensión/directorio,,
system/backoffice/includes/plugins/ckeditor/lang/uk.js,19180,.js,49a5067b8043cf9220048440a378bca5d6b7e9b6dd8bc3957228f6136af828f4,recurso,Extensión/directorio,,
system/backoffice/includes/plugins/ckeditor/lang/vi.js,14979,.js,63e3ce54ef31c13ceaa597c23c8f353d7c7f6f4a290561938017d6df9b0cce9c,recurso,Extensión/directorio,,
system/backoffice/includes/plugins/ckeditor/lang/zh-cn.js,11682,.js,047c4edea1d3b88e7e3be3e20ae4bcb6a9f812f459faf8ce97f07ad4d98157c4,recurso,Extensión/directorio,,
system/backoffice/includes/plugins/ckeditor/lang/zh.js,11608,.js,312bb10ff7a6cdf27d0a83a7093319d525b9400ec1a9e0bf3865c014f02b1124,recurso,Extensión/directorio,,
system/backoffice/includes/plugins/ckeditor/LICENSE.md,68193,.md,5734662cdad1c0c6529c6af60356dcbf16c9e616947b13e3211dd018ab267cab,recurso,Extensión/directorio,,
system/backoffice/includes/plugins/ckeditor/plugins/a11yhelp/dialogs/a11yhelp.js,2860,.js,42e5cf745524b23e679810548bbe873e9eda5bfd51c18770bac32a551679904b,recurso,Extensión/directorio,,
system/backoffice/includes/plugins/ckeditor/plugins/a11yhelp/dialogs/lang/_translationstatus.txt,869,.txt,f2f84b5ba5dc5f0b3fa762b825189f30ff8d68d3a39046970b54b7d376a1aa27,recurso,Extensión/directorio,,
system/backoffice/includes/plugins/ckeditor/plugins/a11yhelp/dialogs/lang/ar.js,2867,.js,202e160c28cad78c5f0143ee7177801a2062d922b0207d189ba8ec9f4c322bf0,recurso,Extensión/directorio,,
system/backoffice/includes/plugins/ckeditor/plugins/a11yhelp/dialogs/lang/bg.js,2869,.js,66dab53fc3a4613a98446200ac31f64552b41eadeb1da61771dfa4178970e768,recurso,Extensión/directorio,,
system/backoffice/includes/plugins/ckeditor/plugins/a11yhelp/dialogs/lang/ca.js,3406,.js,f377e78a863396b9ea0402aec2f521c89e4e9a0d1a36ae9caf977c6222ba7956,recurso,Extensión/directorio,,
system/backoffice/includes/plugins/ckeditor/plugins/a11yhelp/dialogs/lang/cs.js,3506,.js,0d4ae41a95969ae84285f75a8044c4fc60b5a1dce88e2baccf013342d47c81b8,recurso,Extensión/directorio,,
system/backoffice/includes/plugins/ckeditor/plugins/a11yhelp/dialogs/lang/cy.js,3187,.js,e3efaf5026ce61cd8a22f790e7e66a705e303f3ec02a26bd58ff7c1df52b19b9,recurso,Extensión/directorio,,
system/backoffice/includes/plugins/ckeditor/plugins/a11yhelp/dialogs/lang/da.js,2884,.js,6b4a2d7286d85e0129f42ab958aa667da05d583d4df2ec68880c3ffa39f1ee04,recurso,Extensión/directorio,,
system/backoffice/includes/plugins/ckeditor/plugins/a11yhelp/dialogs/lang/de.js,3367,.js,ddbabf136e02a33430fe1616183af3cd44a33bdf9598265fb29e073e9ee48369,recurso,Extensión/directorio,,
system/backoffice/includes/plugins/ckeditor/plugins/a11yhelp/dialogs/lang/el.js,5852,.js,7df47889deffb6f455d5ab9b2a0df0c9ef3a95c04c152428019ca89cb58a6e31,recurso,Extensión/directorio,,
system/backoffice/includes/plugins/ckeditor/plugins/a11yhelp/dialogs/lang/en.js,2868,.js,d27875b39acbea10aa9b5c985b4cbd470ee77ced238f9cbb26b7cf3d844e64a1,recurso,Extensión/directorio,,
system/backoffice/includes/plugins/ckeditor/plugins/a11yhelp/dialogs/lang/eo.js,3555,.js,292c99f40c8db11a9fe6edd2262ea84e90c7aef3e176fe05d029532eb5ec0694,recurso,Extensión/directorio,,
system/backoffice/includes/plugins/ckeditor/plugins/a11yhelp/dialogs/lang/es.js,3445,.js,b9e8c546c71d0079618073f8a1073518648f6671f5928b8644de38aae99f61c1,recurso,Extensión/directorio,,
system/backoffice/includes/plugins/ckeditor/plugins/a11yhelp/dialogs/lang/et.js,2877,.js,8d218a40348bdc454112101d7b4ae3657dcdc9d1d7077219219512db4d416795,recurso,Extensión/directorio,,
system/backoffice/includes/plugins/ckeditor/plugins/a11yhelp/dialogs/lang/fa.js,4696,.js,a3bebdb4101153b75dc1baa1488d6e0432a9dfad0661bd5314f9223b4b2c2930,recurso,Extensión/directorio,,
system/backoffice/includes/plugins/ckeditor/plugins/a11yhelp/dialogs/lang/fi.js,3462,.js,dd19a89ca8a9e2c1c37fdf1b8dbfbbe9ea44fc14829c1c485da6407cfa3f1945,recurso,Extensión/directorio,,
system/backoffice/includes/plugins/ckeditor/plugins/a11yhelp/dialogs/lang/fr-ca.js,3940,.js,80cbee0c1da3db15de1d921860e984b4f76aa24b273289fce924564b49fd027b,recurso,Extensión/directorio,,
system/backoffice/includes/plugins/ckeditor/plugins/a11yhelp/dialogs/lang/fr.js,4135,.js,24896555b4b62fbb8cda736caae9917233d2224ffe2b7973ece912147038ec9c,recurso,Extensión/directorio,,
system/backoffice/includes/plugins/ckeditor/plugins/a11yhelp/dialogs/lang/gl.js,3360,.js,ab5d5a337adc2bfa417f9f93524ec1588ec2b31e0dc7ee09ac88ba4816472ddd,recurso,Extensión/directorio,,
system/backoffice/includes/plugins/ckeditor/plugins/a11yhelp/dialogs/lang/gu.js,3078,.js,6f99decb57bdf0d56f765195e119aeb2d7a13ae1f0e859a89cc58638698ee507,recurso,Extensión/directorio,,
system/backoffice/includes/plugins/ckeditor/plugins/a11yhelp/dialogs/lang/he.js,3960,.js,b2ae0ba8afe06922e47f5c08f9804c758106db1fa3c0a23d696ee98143a8fcd1,recurso,Extensión/directorio,,
system/backoffice/includes/plugins/ckeditor/plugins/a11yhelp/dialogs/lang/hi.js,2882,.js,315e382d60e931ed096b54432da9ec2c850703ce24c4468e841c96ab4963ee58,recurso,Extensión/directorio,,
system/backoffice/includes/plugins/ckeditor/plugins/a11yhelp/dialogs/lang/hr.js,3047,.js,52530ddcf81166973f649ba77ca1706af9217fb33e7d54e8db710be43a262004,recurso,Extensión/directorio,,
system/backoffice/includes/plugins/ckeditor/plugins/a11yhelp/dialogs/lang/hu.js,3559,.js,9737d3d35d3c0bb71f955e53800a5411b9631d83908d27f1068072dc9ad0900d,recurso,Extensión/directorio,,
system/backoffice/includes/plugins/ckeditor/plugins/a11yhelp/dialogs/lang/id.js,2863,.js,953c4553633ff8a68f05534bfada628a824a9c1b9a0e8dbe940fdb02ff77fe45,recurso,Extensión/directorio,,
system/backoffice/includes/plugins/ckeditor/plugins/a11yhelp/dialogs/lang/it.js,3559,.js,30303ee2aa300e3ab32866ebed81e3b9c0d06967ccfa46ac1098d5e39ad6c92a,recurso,Extensión/directorio,,
system/backoffice/includes/plugins/ckeditor/plugins/a11yhelp/dialogs/lang/ja.js,4123,.js,dea20d6722d509a7d2b94f1922c0a9d6ebb201bff0d88e418230aaf82bf264c2,recurso,Extensión/directorio,,
system/backoffice/includes/plugins/ckeditor/plugins/a11yhelp/dialogs/lang/km.js,2873,.js,6b12bd5bbac13eb01c10ae5fdca4d0e8a089a1b09fcf1b1dea73fdf6665ad6be,recurso,Extensión/directorio,,
system/backoffice/includes/plugins/ckeditor/plugins/a11yhelp/dialogs/lang/ko.js,2892,.js,cba93269ebba1a2a0c30c53c6d0ee27688c239a9c01dccfc321dd51b45007ef5,recurso,Extensión/directorio,,
system/backoffice/includes/plugins/ckeditor/plugins/a11yhelp/dialogs/lang/ku.js,5037,.js,a3c5070206e775897d8fa25b3d99fe341bacdac7db07a4c226135292e41f5ed9,recurso,Extensión/directorio,,
system/backoffice/includes/plugins/ckeditor/plugins/a11yhelp/dialogs/lang/lt.js,2877,.js,850f2c0831706f02b1ff3a3d17020aa4389f51e5ee76a4b9c35e838d04bb58d6,recurso,Extensión/directorio,,
system/backoffice/includes/plugins/ckeditor/plugins/a11yhelp/dialogs/lang/lv.js,3748,.js,c1e6b73fafa1dc92884c0594abee32270e80ba9340e55bf785351e382cb3b9d1,recurso,Extensión/directorio,,
system/backoffice/includes/plugins/ckeditor/plugins/a11yhelp/dialogs/lang/mk.js,3019,.js,e72f21577041d79aa0654616b7169571fb0282fea19836a02daf5cf98a55f30c,recurso,Extensión/directorio,,
system/backoffice/includes/plugins/ckeditor/plugins/a11yhelp/dialogs/lang/mn.js,2875,.js,cc6cedae168fe71508ff9751acbcd0c2d9258d7e63272ca4025a4ab44e93fada,recurso,Extensión/directorio,,
system/backoffice/includes/plugins/ckeditor/plugins/a11yhelp/dialogs/lang/nb.js,3226,.js,0b9c8878ea9e8b4cd570e22d05d65c9f6036f720c4383c6e36cdcb0747820f15,recurso,Extensión/directorio,,
system/backoffice/includes/plugins/ckeditor/plugins/a11yhelp/dialogs/lang/nl.js,3346,.js,8528e05b8d79fd4467421c98b135852b3f74717daef06a1fc3ad74d586394ca4,recurso,Extensión/directorio,,
system/backoffice/includes/plugins/ckeditor/plugins/a11yhelp/dialogs/lang/no.js,3223,.js,6c42c31f32d05e017f239474aed726c4a9b361c8728e518167e9433fa29b36b7,recurso,Extensión/directorio,,
system/backoffice/includes/plugins/ckeditor/plugins/a11yhelp/dialogs/lang/pl.js,3532,.js,d117a14376e73fd77cb0d3d5421df2bd5ff11394448095e18af6ff00723a5184,recurso,Extensión/directorio,,
system/backoffice/includes/plugins/ckeditor/plugins/a11yhelp/dialogs/lang/pt-br.js,3327,.js,424998eb316d9850f30717547ab0849651d4150cd5830f074b9f86a63e0bb0a1,recurso,Extensión/directorio,,
system/backoffice/includes/plugins/ckeditor/plugins/a11yhelp/dialogs/lang/pt.js,3504,.js,5e16e3a99be824fedb6a537fad3a9a285e673988063210fa4cfec12069e0ce67,recurso,Extensión/directorio,,
system/backoffice/includes/plugins/ckeditor/plugins/a11yhelp/dialogs/lang/ro.js,2893,.js,215b33dd14a88ca603cd589ac76c7244d5afb44483b812ea8d9e4561b67184aa,recurso,Extensión/directorio,,
system/backoffice/includes/plugins/ckeditor/plugins/a11yhelp/dialogs/lang/ru.js,4968,.js,06176730f92fb3f854710603ae9b87dd80ebced048a79c531cdd20dee96a5a83,recurso,Extensión/directorio,,
system/backoffice/includes/plugins/ckeditor/plugins/a11yhelp/dialogs/lang/si.js,5415,.js,9727d619677c792096c9d093dd5f87ff5e300d6c3f60939c427e422b7628a289,recurso,Extensión/directorio,,
system/backoffice/includes/plugins/ckeditor/plugins/a11yhelp/dialogs/lang/sk.js,3615,.js,d6ec9c93728a83bf830d4faabd5b1bf58f69ee463ba6df11a28d540333850aae,recurso,Extensión/directorio,,
system/backoffice/includes/plugins/ckeditor/plugins/a11yhelp/dialogs/lang/sl.js,3411,.js,69f2d460f066b7206db55adf6b248e3f7d79b9ab3c15799da428b90f3185e525,recurso,Extensión/directorio,,
system/backoffice/includes/plugins/ckeditor/plugins/a11yhelp/dialogs/lang/sq.js,2925,.js,1cea9024eecece8e12ed02e4a551472c414a9ef58cd2dc2c8f19df20d680a1c0,recurso,Extensión/directorio,,
system/backoffice/includes/plugins/ckeditor/plugins/a11yhelp/dialogs/lang/sr-latn.js,2872,.js,8c48ccd718fc6450f1e92c285b17c5b1ea5490ee25e22fcf78c7242cd4387769,recurso,Extensión/directorio,,
system/backoffice/includes/plugins/ckeditor/plugins/a11yhelp/dialogs/lang/sr.js,2871,.js,db7100bcd1591a5256420c9f7eba19b026a92ff0c20b3cebdb513487936be746,recurso,Extensión/directorio,,
system/backoffice/includes/plugins/ckeditor/plugins/a11yhelp/dialogs/lang/sv.js,3299,.js,a0616c88c028d3f4cf6c0f4afcd0e188b9c7e200b628eaa0e14088865e995103,recurso,Extensión/directorio,,
system/backoffice/includes/plugins/ckeditor/plugins/a11yhelp/dialogs/lang/th.js,3246,.js,7738cf5572b232b7fef3b876ff02a634ddcdfdd25974cab0a3948acec8abe6af,recurso,Extensión/directorio,,
system/backoffice/includes/plugins/ckeditor/plugins/a11yhelp/dialogs/lang/tr.js,3386,.js,c9985c120e958e3fcb2b7e0882fd278e4ddf14e04063e0368b9d9e58f5ae27a0,recurso,Extensión/directorio,,
system/backoffice/includes/plugins/ckeditor/plugins/a11yhelp/dialogs/lang/ug.js,5383,.js,4ff92b018e0f590681f81c8f243c858bd4e535b6732fc9c235e28ff5080d9915,recurso,Extensión/directorio,,
system/backoffice/includes/plugins/ckeditor/plugins/a11yhelp/dialogs/lang/uk.js,5170,.js,74ba5c92ec2fd3602846e5d57b9f11883e69b6ab38eaac5c311183d5fde9fd1b,recurso,Extensión/directorio,,
system/backoffice/includes/plugins/ckeditor/plugins/a11yhelp/dialogs/lang/vi.js,4197,.js,3d718b9ef15a5db26fcf54f315c4c3a9f240e7dad86e8d2af39c8ecda0ed6680,recurso,Extensión/directorio,,
system/backoffice/includes/plugins/ckeditor/plugins/a11yhelp/dialogs/lang/zh-cn.js,2896,.js,3893dec19c852f924015d689bd39c435d2e9b9c1a0e59b034c9f78def9455959,recurso,Extensión/directorio,,
system/backoffice/includes/plugins/ckeditor/plugins/a11yhelp/dialogs/lang/zh.js,3158,.js,45028f5c3ffb43940b7bd01c5b010315c819dab783f7f5f801e314e519990b8f,recurso,Extensión/directorio,,
system/backoffice/includes/plugins/ckeditor/plugins/about/dialogs/about.js,1517,.js,79833f6600d7485be4010614da2ca7147647f255ff76d1e77d25a36387d28127,recurso,Extensión/directorio,,
system/backoffice/includes/plugins/ckeditor/plugins/about/dialogs/hidpi/logo_ckeditor.png,13339,.png,227a0aade8e648c3ab3977ce9e66b9491baa9aa7376082c652fdb76230adffdd,recurso,Extensión/directorio,,
system/backoffice/includes/plugins/ckeditor/plugins/about/dialogs/logo_ckeditor.png,6757,.png,954605bb634dae9f4d15ca33057d86eb62e34ae3bc57dfd5877b6d3356067413,recurso,Extensión/directorio,,
system/backoffice/includes/plugins/ckeditor/plugins/clipboard/dialogs/paste.js,3509,.js,63136ce1bf66b2db1a36ea0b99022b9020c4e10307ef1321f3731105f2bbfa9b,recurso,Extensión/directorio,,
system/backoffice/includes/plugins/ckeditor/plugins/dialog/dialogDefinition.js,152,.js,c1fc824b5ccf333f91a841df95bff189e45f5d8ea6d2c56282a9b613170f4f4f,recurso,Extensión/directorio,,
system/backoffice/includes/plugins/ckeditor/plugins/fakeobjects/images/spacer.gif,43,.gif,548f2d6f4d0d820c6c5ffbeffcbd7f0e73193e2932eefe542accc84762deec87,recurso,Extensión/directorio,,
system/backoffice/includes/plugins/ckeditor/plugins/filebrowser/plugin.js,20317,.js,981800c52dacefe26dfbe9d40d3ba7f1f569cc839214f1c893b0529eaee34496,recurso,Extensión/directorio,,
system/backoffice/includes/plugins/ckeditor/plugins/filebrowser_4.7.3.zip,5044,.zip,9413bcceac4dbc68705dceed7a76b087ede826b1bdfa4cf76e3b45ef0c5416f0,recurso,Extensión/directorio,,
system/backoffice/includes/plugins/ckeditor/plugins/icons.png,10030,.png,3e0764bf84d961cd60ae771e208106ecdf6561c3dab9d7d9fbc0c65b65e1d6ea,recurso,Extensión/directorio,,
system/backoffice/includes/plugins/ckeditor/plugins/icons_hidpi.png,34465,.png,48bb199389143939ce37cc0b69f294464daa4d0a63c0c67f1cacdd68613ec0cd,recurso,Extensión/directorio,,
system/backoffice/includes/plugins/ckeditor/plugins/image/dialogs/image.js,20614,.js,4ae54cad51bfc5fb1503b2033794d78a319a1ca5edfc233d1f498da25e347e45,recurso,Extensión/directorio,,
system/backoffice/includes/plugins/ckeditor/plugins/image/images/noimage.png,2115,.png,2ba5c1b7b77a66a2de562031a4326133bbec884981256f130da4df94a9fc5182,recurso,Extensión/directorio,,
system/backoffice/includes/plugins/ckeditor/plugins/justify/icons/hidpi/justifyblock.png,533,.png,f9e6cd6579ad5b271b2da1740e14e71c5ee42e6ac239b6e88d48028b37a91c26,recurso,Extensión/directorio,,
system/backoffice/includes/plugins/ckeditor/plugins/justify/icons/hidpi/justifycenter.png,576,.png,7c0bb6c228026b64cc13bbbeb0cd68ac71f0e0d66ae0360dd9ea6d11e7dec64a,recurso,Extensión/directorio,,
system/backoffice/includes/plugins/ckeditor/plugins/justify/icons/hidpi/justifyleft.png,569,.png,e258b6e1a1dabd6498da3839e427e789b99073fda602ae09acbfa653d0c7b07d,recurso,Extensión/directorio,,
system/backoffice/includes/plugins/ckeditor/plugins/justify/icons/hidpi/justifyright.png,549,.png,3a532d3a17530cd9a27073714c9dc580704e3d9e548dcdecebdcb48b85db6751,recurso,Extensión/directorio,,
system/backoffice/includes/plugins/ckeditor/plugins/justify/icons/justifyblock.png,315,.png,4f9e5272f16bc18d1c8848f4c34f4994de94648c56df6146ba13d09ecbd90c90,recurso,Extensión/directorio,,
system/backoffice/includes/plugins/ckeditor/plugins/justify/icons/justifycenter.png,564,.png,b4b1e8f28bd1e6c7cfc644339b9eca9641dcf294e64c909b103da52a7df323af,recurso,Extensión/directorio,,
system/backoffice/includes/plugins/ckeditor/plugins/justify/icons/justifyleft.png,342,.png,a1ddcb35bb48a4d2f8fbe5240f2a6cab43ffe8cfb52e07aad66afa74668216fe,recurso,Extensión/directorio,,
system/backoffice/includes/plugins/ckeditor/plugins/justify/icons/justifyright.png,348,.png,49de4ff57a2c75415ef6f3cf23a308508d8e2f98fae1dc815327a6198a205075,recurso,Extensión/directorio,,
system/backoffice/includes/plugins/ckeditor/plugins/justify/icons/Thumbs.db,3072,.db,e9d5fcbf4ddb861cc5f678cf552eae11b5066ad32269648941662039aa4017cb,recurso,Extensión/directorio,,
system/backoffice/includes/plugins/ckeditor/plugins/justify/lang/af.js,285,.js,3fa997694bc825a438da554b29d600a61fed6aee590cfe8cfe19a296778dd240,recurso,Extensión/directorio,,
system/backoffice/includes/plugins/ckeditor/plugins/justify/lang/ar.js,330,.js,b4978d88d10db34deb24d8139197327dd017b6111095b21727ed3c6b877109e4,recurso,Extensión/directorio,,
system/backoffice/includes/plugins/ckeditor/plugins/justify/lang/az.js,308,.js,3c5dce55800062f834f2e61091156285dce1df15a772f590c771a1dadf673b30,recurso,Extensión/directorio,,
system/backoffice/includes/plugins/ckeditor/plugins/justify/lang/bg.js,365,.js,d83d865efb88d177cec04dc9438ebe0eea8f8b607fed2fb9cb0886a36e187f05,recurso,Extensión/directorio,,
system/backoffice/includes/plugins/ckeditor/plugins/justify/lang/bn.js,386,.js,dfe39f91c14c01ea3f08f641dce0308446ff5a13497ebdcf97a4f133acdb35c2,recurso,Extensión/directorio,,
system/backoffice/includes/plugins/ckeditor/plugins/justify/lang/bs.js,318,.js,a1cc845d79ea143d284f5cf5eb504b268500ed0d21cc428a5054ad5b76765fc9,recurso,Extensión/directorio,,
system/backoffice/includes/plugins/ckeditor/plugins/justify/lang/ca.js,304,.js,5af9149b2381f6030542f9907f72b867a7ac89daa9b2273a928ad07854fd457e,recurso,Extensión/directorio,,
system/backoffice/includes/plugins/ckeditor/plugins/justify/lang/cs.js,314,.js,952f609c82e9238dcdeaf5c11b6801f7db23beb9339cbd63b8819006af995b45,recurso,Extensión/directorio,,
system/backoffice/includes/plugins/ckeditor/plugins/justify/lang/cy.js,306,.js,3da2c2a260744f4cad4b2c0575cb154fba5ebda58882667cb3f9ab449079d5a2,recurso,Extensión/directorio,,
system/backoffice/includes/plugins/ckeditor/plugins/justify/lang/da.js,299,.js,ae916dbebd1d53dc5579384d40c1c08586437805a87e61bfc0bf01f54b805849,recurso,Extensión/directorio,,
system/backoffice/includes/plugins/ckeditor/plugins/justify/lang/de-ch.js,296,.js,6e3f423d6a58d578c9b9fc17617c2c2f0bf78c968106d50223e92db93d01c723,recurso,Extensión/directorio,,
system/backoffice/includes/plugins/ckeditor/plugins/justify/lang/de.js,293,.js,9a6106933cfc9fa82d02c3a257167d9f2516cf18b2b8cd5a566db41e98ceebe0,recurso,Extensión/directorio,,
system/backoffice/includes/plugins/ckeditor/plugins/justify/lang/el.js,358,.js,422e5e4a49f8799aa748b38f835559a82a928373d02edba8d23441ffa00a4cf0,recurso,Extensión/directorio,,
system/backoffice/includes/plugins/ckeditor/plugins/justify/lang/en-au.js,287,.js,85165df70a73450ada67e10e34256d67d719c7a17835d08085cbd345e1f0d7e3,recurso,Extensión/directorio,,
system/backoffice/includes/plugins/ckeditor/plugins/justify/lang/en-ca.js,287,.js,4310f62d3f9337ff64b19f0d86859ef7eb217427bfce9fdae38f3b8866792282,recurso,Extensión/directorio,,
system/backoffice/includes/plugins/ckeditor/plugins/justify/lang/en-gb.js,287,.js,68f55087683aa35a4ca4d1d2dcb0c2646f6002326f50b528f1b081222f60056e,recurso,Extensión/directorio,,
system/backoffice/includes/plugins/ckeditor/plugins/justify/lang/en.js,284,.js,ffedd62e94457f287d488dcaf9ac5adf15959aace4c9eaa13e7e0ea593a885aa,recurso,Extensión/directorio,,
system/backoffice/includes/plugins/ckeditor/plugins/justify/lang/eo.js,325,.js,f316f188796f6b52ca8eeaa0bdb1e449ae049b968b7f451a55a9a8fbc755a7a3,recurso,Extensión/directorio,,
system/backoffice/includes/plugins/ckeditor/plugins/justify/lang/es-mx.js,312,.js,b0ddd9531be309a2a021e9f3d660e688c67963a7a986dc057c7af25e3f0e255e,recurso,Extensión/directorio,,
system/backoffice/includes/plugins/ckeditor/plugins/justify/lang/es.js,304,.js,46467b4a1daf65365db30c7789840acebf7f8701c299cbe3b21cb975084cedef,recurso,Extensión/directorio,,
system/backoffice/includes/plugins/ckeditor/plugins/justify/lang/et.js,298,.js,425ceb469808933b0fbef5e747857f2f2e2ff484c40b10d1fe151f20ca02e27e,recurso,Extensión/directorio,,
system/backoffice/includes/plugins/ckeditor/plugins/justify/lang/eu.js,305,.js,306b14e0dc7b610d4a741f7ffd20682289523bc8c371cb4a7ce15636ac1dd5ce,recurso,Extensión/directorio,,
system/backoffice/includes/plugins/ckeditor/plugins/justify/lang/fa.js,306,.js,53d5ad37c80bf3f9fcc93367a6244714ec54a7a247d36a86b14c7197b56a2952,recurso,Extensión/directorio,,
system/backoffice/includes/plugins/ckeditor/plugins/justify/lang/fi.js,319,.js,327533269add30773ad7fb62e1c52d341e22a1e1ce9f6e8dd0646679bf30dffe,recurso,Extensión/directorio,,
system/backoffice/includes/plugins/ckeditor/plugins/justify/lang/fo.js,297,.js,c21f6fea7aa40839b93f4ee5c85f3d838213b9cec38cde020b7583dc1a05288e,recurso,Extensión/directorio,,
system/backoffice/includes/plugins/ckeditor/plugins/justify/lang/fr-ca.js,303,.js,ffcb092ebb8a37c1099d54e0e78f55610a3017d9571942be1d8fe62f390c6df4,recurso,Extensión/directorio,,
system/backoffice/includes/plugins/ckeditor/plugins/justify/lang/fr.js,300,.js,db8ed746b033fcb6cc76307061171eb99a04f5e70e322635e307fc8c2b0305c1,recurso,Extensión/directorio,,
system/backoffice/includes/plugins/ckeditor/plugins/justify/lang/gl.js,306,.js,e0ed4d35d0997a83e76e3db65bd8364da00c9dbfba1d672ac278ad78f468123f,recurso,Extensión/directorio,,
system/backoffice/includes/plugins/ckeditor/plugins/justify/lang/gu.js,464,.js,8b74de07eee0fa7991f58be7fc9bdd01531bf8e566e206e221cf9539b3398005,recurso,Extensión/directorio,,
system/backoffice/includes/plugins/ckeditor/plugins/justify/lang/he.js,327,.js,88c1ba23ae4934578376dbc77dcdd51f636b2457ffa5472cf4618262b4628641,recurso,Extensión/directorio,,
system/backoffice/includes/plugins/ckeditor/plugins/justify/lang/hi.js,359,.js,9ab8db8b8762d73adc8c6595ffab1ff9ec6207677502d473e76d29ab0e7cde60,recurso,Extensión/directorio,,
system/backoffice/includes/plugins/ckeditor/plugins/justify/lang/hr.js,319,.js,fe4767649887d023c173bbed243a6966d9f006cfe41ca94b6cc1be466605e0eb,recurso,Extensión/directorio,,
system/backoffice/includes/plugins/ckeditor/plugins/justify/lang/hu.js,280,.js,4f326a7739983210bb2ef1db8ac5fe0ac340d56318fdddc216e8e40cf671dee6,recurso,Extensión/directorio,,
system/backoffice/includes/plugins/ckeditor/plugins/justify/lang/id.js,313,.js,5f8308480976091df4cf95cfab70468825cf8cf948900a97cea282f204ed6987,recurso,Extensión/directorio,,
system/backoffice/includes/plugins/ckeditor/plugins/justify/lang/is.js,308,.js,7d6cb70e9cf37979f4ca4807712a3d663447080bdf8a5cf027e778927e7af6c3,recurso,Extensión/directorio,,
system/backoffice/includes/plugins/ckeditor/plugins/justify/lang/it.js,300,.js,96a467c5bc3d8970d17feb1d5d647529fe2baf0eabddfe48d6b8ccd24100467e,recurso,Extensión/directorio,,
system/backoffice/includes/plugins/ckeditor/plugins/justify/lang/ja.js,292,.js,3f5e4440d327001a1a86249529c60c8578f3f2e08ca916fc9b835fd8f5e0f258,recurso,Extensión/directorio,,
system/backoffice/includes/plugins/ckeditor/plugins/justify/lang/ka.js,412,.js,1c7b639e179cc4454073b06e48a5ed8cf9595de824f8aa45f7923955bd456cde,recurso,Extensión/directorio,,
system/backoffice/includes/plugins/ckeditor/plugins/justify/lang/km.js,370,.js,d15d7fec28bfbc53196d40c3b69c50efe1092031c02afcc0b2a0008887b71e49,recurso,Extensión/directorio,,
system/backoffice/includes/plugins/ckeditor/plugins/justify/lang/ko.js,308,.js,880c8b8e358151fab98e95b21fe895c7061535a15f8797ac2450c80e33a9ebb8,recurso,Extensión/directorio,,
system/backoffice/includes/plugins/ckeditor/plugins/justify/lang/ku.js,342,.js,3ad81f2f5bc7b40d1c888a8a8a20944f4b025420560aafe094efa19ac153bc81,recurso,Extensión/directorio,,
system/backoffice/includes/plugins/ckeditor/plugins/justify/lang/lt.js,309,.js,18525b4107ca8705248dcab4e9395ae72639b4191e1a4c41365a2b6b27ff328f,recurso,Extensión/directorio,,
system/backoffice/includes/plugins/ckeditor/plugins/justify/lang/lv.js,334,.js,c58f14e3a5763a69ecf2d4b6bb1dedd5b717dcff032d2efadf121ba96b9743bb,recurso,Extensión/directorio,,
system/backoffice/includes/plugins/ckeditor/plugins/justify/lang/mk.js,330,.js,ef9835af94e3cd6f29d02731bb6ffca376e674640b114b6217396e5a1f404281,recurso,Extensión/directorio,,
system/backoffice/includes/plugins/ckeditor/plugins/justify/lang/mn.js,346,.js,d9c4ea98d8e0625b36b7819835b0df7ca4ad4695a2cff26b4eb1be38a83a3a40,recurso,Extensión/directorio,,
system/backoffice/includes/plugins/ckeditor/plugins/justify/lang/ms.js,301,.js,b3418873910a261791adb273009e046fc2f9340627fb03e0aebefb0735295de5,recurso,Extensión/directorio,,
system/backoffice/includes/plugins/ckeditor/plugins/justify/lang/nb.js,295,.js,45623320c61cd3d0b0b7f9ceecfed76d9a09504ae9cefe40c95c08e722d5d460,recurso,Extensión/directorio,,
system/backoffice/includes/plugins/ckeditor/plugins/justify/lang/nl.js,299,.js,685eb40880dac686ed4c5570f300eeef005188fb39ef6af80d5123b3b40f031c,recurso,Extensión/directorio,,
system/backoffice/includes/plugins/ckeditor/plugins/justify/lang/no.js,295,.js,eac9a5f0e684717f281ef20407efd20bf7ec6f8379ef17bf6ba16fc5411af78d,recurso,Extensión/directorio,,
system/backoffice/includes/plugins/ckeditor/plugins/justify/lang/oc.js,302,.js,9fae321bc68d2da43380e2f57c6ef04b9bfeb9225c7a262ac21491e5b0073248,recurso,Extensión/directorio,,
system/backoffice/includes/plugins/ckeditor/plugins/justify/lang/pl.js,305,.js,1c2949de9bdaca520f5d8f5f6a70b8464de25c7947fb200680b9aa8ce44d0e8f,recurso,Extensión/directorio,,
system/backoffice/includes/plugins/ckeditor/plugins/justify/lang/pt-br.js,306,.js,91f38a143e661d40ac61b10a7f9b364bc79f0856318f65b5a19038d7e8cb4b02,recurso,Extensión/directorio,,
system/backoffice/includes/plugins/ckeditor/plugins/justify/lang/pt.js,315,.js,8814081689c54d1dd108fc61391698a1dc40ed0e6b4247704ed55a9e09b4d7f5,recurso,Extensión/directorio,,
system/backoffice/includes/plugins/ckeditor/plugins/justify/lang/ro.js,339,.js,6cef255a573cabecdc92707e86a12373e0e94c8497a6722c0c426935078babc2,recurso,Extensión/directorio,,
system/backoffice/includes/plugins/ckeditor/plugins/justify/lang/ru.js,338,.js,a375091334866a8bef73793c4ccbb411220304360c6e26502627a56934013688,recurso,Extensión/directorio,,
system/backoffice/includes/plugins/ckeditor/plugins/justify/lang/si.js,326,.js,0e2634239fbb2392642d37c78d94912942dd0f2137cfc7cefe62d18d7e00c765,recurso,Extensión/directorio,,
system/backoffice/includes/plugins/ckeditor/plugins/justify/lang/sk.js,318,.js,7a6975f1d51bbbcf3efa372ca720c7c38e1e5493da8ded78ef05033651328bb8,recurso,Extensión/directorio,,
system/backoffice/includes/plugins/ckeditor/plugins/justify/lang/sl.js,321,.js,852f1bac1a1080d8e54922656dbcd1f6baa6cd083496ed186c7b432ee30d5323,recurso,Extensión/directorio,,
system/backoffice/includes/plugins/ckeditor/plugins/justify/lang/sq.js,293,.js,32e6e2c3d12c1b03a47bcfaa0728f935f1275bd5d969c4a25501d5a50f9ac282,recurso,Extensión/directorio,,
system/backoffice/includes/plugins/ckeditor/plugins/justify/lang/sr-latn.js,315,.js,f5f4453c8efb9fc1fb08a98ad19e7f349410a2df3094e8c91b5a29ed5f90d4a5,recurso,Extensión/directorio,,
system/backoffice/includes/plugins/ckeditor/plugins/justify/lang/sr.js,360,.js,56e4e727f5bcd7d7b97018805d0a77828c98f5ac2e848a9da83092aae5e07e4f,recurso,Extensión/directorio,,
system/backoffice/includes/plugins/ckeditor/plugins/justify/lang/sv.js,309,.js,7b258d760eefc8b36e293d99027cba4bf46eb02e55f761793bf8b9a6c92c7fba,recurso,Extensión/directorio,,
system/backoffice/includes/plugins/ckeditor/plugins/justify/lang/th.js,391,.js,382247087fcafed08593120b967e4e39b23ce3a742f9aec255d0f625256af397,recurso,Extensión/directorio,,
system/backoffice/includes/plugins/ckeditor/plugins/justify/lang/tr.js,310,.js,84fdcce77c190d8e979ce4d4093570b5c5235f5d0d03d94779d2dfd570e8097c,recurso,Extensión/directorio,,
system/backoffice/includes/plugins/ckeditor/plugins/justify/lang/tt.js,411,.js,53590ea67d3e0b981eb934b038f36e26d7fc98e7d64609d7bef2b205e310ee0d,recurso,Extensión/directorio,,
system/backoffice/includes/plugins/ckeditor/plugins/justify/lang/ug.js,375,.js,9714e7787bd36f20b43be93eb8f36599124ecc3eb644459f63e0f9f7905987c3,recurso,Extensión/directorio,,
system/backoffice/includes/plugins/ckeditor/plugins/justify/lang/uk.js,338,.js,86cab23a88c4f623d5fae723309185847a61c31b49784fa18a23f249fe54b333,recurso,Extensión/directorio,,
system/backoffice/includes/plugins/ckeditor/plugins/justify/lang/vi.js,293,.js,d076ec2de4860bfd91e75c14410339fb166b382a900f99ef0b4d3ffecc991c15,recurso,Extensión/directorio,,
system/backoffice/includes/plugins/ckeditor/plugins/justify/lang/zh-cn.js,289,.js,5f8cea2a97a6316ff63efec55e75720fa6d368b63a0c6f73ac7d5bc2b3da11b2,recurso,Extensión/directorio,,
system/backoffice/includes/plugins/ckeditor/plugins/justify/lang/zh.js,292,.js,b169992553cb8835ff4fc61fb3813f76a7cf90e9fdb7cc5fd54a93af887992d6,recurso,Extensión/directorio,,
system/backoffice/includes/plugins/ckeditor/plugins/justify/plugin.js,9234,.js,a269e989145621c6be3694b7d3c5994277c37a43e8e45f3ba5be53bd93ed2344,recurso,Extensión/directorio,,
system/backoffice/includes/plugins/ckeditor/plugins/justify_4.7.3.zip,37298,.zip,f4f3c64e490f3dcb734a43dad1015f9a6959520eae2a396c34ab2001a06c2d54,recurso,Extensión/directorio,,
system/backoffice/includes/plugins/ckeditor/plugins/link/dialogs/anchor.js,1937,.js,e3029f788a6616648a642a23a52afa367b7edd046a0f6bbd234c7b899e7962d8,recurso,Extensión/directorio,,
system/backoffice/includes/plugins/ckeditor/plugins/link/dialogs/link.js,16623,.js,8fb086d168a157041726e96472452887e16ddc793861873d25f9bf5cfc08706a,recurso,Extensión/directorio,,
system/backoffice/includes/plugins/ckeditor/plugins/link/images/anchor.png,763,.png,8125daf43f5681fcd583977e36357c69bac532fd867b4b43d583a86397f92120,recurso,Extensión/directorio,,
system/backoffice/includes/plugins/ckeditor/plugins/link/images/hidpi/anchor.png,1597,.png,20ef9580997db6415701e0a2ef5b312d34890efba45556f5ca67139a8635a7bf,recurso,Extensión/directorio,,
system/backoffice/includes/plugins/ckeditor/plugins/magicline/images/hidpi/icon.png,260,.png,894b4e75f1ec77e14ce939d6ca61c366e3fe7bf3817db0308109ae7a8328ac8f,recurso,Extensión/directorio,,
system/backoffice/includes/plugins/ckeditor/plugins/magicline/images/icon.png,172,.png,8eb5059634d2b3e03cce8f04221b93fa48de4174b4bed6e3b9478b65a12d4eba,recurso,Extensión/directorio,,
system/backoffice/includes/plugins/ckeditor/plugins/pastefromword/filter/default.js,13960,.js,360d1621240b92a453ea8df1caa14996c5f925b079628739c7caf8eb706c3cbf,recurso,Extensión/directorio,,
system/backoffice/includes/plugins/ckeditor/plugins/scayt/dialogs/options.js,8214,.js,88403e1be65e528ecd22213d58d6f02f963c8d4ed8e1c7741899ff9e3cad6f84,recurso,Extensión/directorio,,
system/backoffice/includes/plugins/ckeditor/plugins/scayt/dialogs/toolbar.css,1302,.css,72d4fc29f9371dee54146bc9e308de97bb6bc9b4473172db5a3703b39bad4b71,recurso,Extensión/directorio,,
system/backoffice/includes/plugins/ckeditor/plugins/scayt/LICENSE.md,1476,.md,ef34372534ee3d7cf9b4abb942cc6ea317be53b4c6c247c78ac18642c97d6dcf,recurso,Extensión/directorio,,
system/backoffice/includes/plugins/ckeditor/plugins/scayt/README.md,970,.md,1fa6d2869f978fd0c584377886a78444fd4fcb60bdaad8f832a066c322f8b24d,recurso,Extensión/directorio,,
system/backoffice/includes/plugins/ckeditor/plugins/specialchar/dialogs/lang/_translationstatus.txt,720,.txt,3bd03b5c0687f0d70c3e403f1224cde76c43e84add17667e249d6bc6994a8ef4,recurso,Extensión/directorio,,
system/backoffice/includes/plugins/ckeditor/plugins/specialchar/dialogs/lang/ar.js,4804,.js,7275896afe764b6b5d2dc66c9fb1f4c92b8636dc4bf764b6a9ebee9bae538041,recurso,Extensión/directorio,,
system/backoffice/includes/plugins/ckeditor/plugins/specialchar/dialogs/lang/bg.js,4747,.js,1c35eab85d660e8b87e7416cbe715593085f638552bc1eb6a15b2d165fcdcf39,recurso,Extensión/directorio,,
system/backoffice/includes/plugins/ckeditor/plugins/specialchar/dialogs/lang/ca.js,5023,.js,3209b6fb5f22373f830b7cd180e8e93188a3ea63c8d5d9c35a79a0ac7e8d3401,recurso,Extensión/directorio,,
system/backoffice/includes/plugins/ckeditor/plugins/specialchar/dialogs/lang/cs.js,4979,.js,6dcec7cae37eca781eb9f1eb0d54e9042fd3babcd67e0fc2a3fa3ab1c66981cc,recurso,Extensión/directorio,,
system/backoffice/includes/plugins/ckeditor/plugins/specialchar/dialogs/lang/cy.js,4904,.js,6c77981e7e1986a7ce8fa06a2aa2a8f91e909862ced2960add1c07f7f2153241,recurso,Extensión/directorio,,
system/backoffice/includes/plugins/ckeditor/plugins/specialchar/dialogs/lang/de.js,4729,.js,d397fdd198487075b277883f38f63a641522b969011f7b5ec5718f027e5fb655,recurso,Extensión/directorio,,
system/backoffice/includes/plugins/ckeditor/plugins/specialchar/dialogs/lang/el.js,7551,.js,5c9047fb6589b9cc14afb0527d986892eea8ad99a671d9b06f6ac1268b621aa5,recurso,Extensión/directorio,,
system/backoffice/includes/plugins/ckeditor/plugins/specialchar/dialogs/lang/en.js,4555,.js,fd00681e6c7fd651e5880532ad856bcd6837796eb344b5077627328cf4af3cd6,recurso,Extensión/directorio,,
system/backoffice/includes/plugins/ckeditor/plugins/specialchar/dialogs/lang/eo.js,4075,.js,94ed8a06de825a7d9cd372d33295f3bc4dd83593db737db03c07b81d4ea102fe,recurso,Extensión/directorio,,
system/backoffice/includes/plugins/ckeditor/plugins/specialchar/dialogs/lang/es.js,4955,.js,288701c120c127c4e57b2ca749f15adfdcf2e1d03cd37db908385b744706dbc4,recurso,Extensión/directorio,,
system/backoffice/includes/plugins/ckeditor/plugins/specialchar/dialogs/lang/et.js,4500,.js,dd8acb8a6e7b4f918e5e4b5dc5196dfae2d45f5435c9720dc13b43229019e04b,recurso,Extensión/directorio,,
system/backoffice/includes/plugins/ckeditor/plugins/specialchar/dialogs/lang/fa.js,5779,.js,304618d6911fa9e4a5b752603febfcae8b48298d4b8ccea75cbe59dc410d8bc2,recurso,Extensión/directorio,,
system/backoffice/includes/plugins/ckeditor/plugins/specialchar/dialogs/lang/fi.js,4593,.js,15ef6bbe926e90ce62ec6da83397a2a2606740cf329cd010bd96248233588011,recurso,Extensión/directorio,,
system/backoffice/includes/plugins/ckeditor/plugins/specialchar/dialogs/lang/fr-ca.js,3225,.js,3ae63a562fb88d4b5ea6996bbc17d0707c457a4ae8d7416de95adff2afa36fd2,recurso,Extensión/directorio,,
system/backoffice/includes/plugins/ckeditor/plugins/specialchar/dialogs/lang/fr.js,3848,.js,173c6aa2ae87b8eaa48565f424f03e576c6a28e917e3bf918a9ef3a2884378ff,recurso,Extensión/directorio,,
system/backoffice/includes/plugins/ckeditor/plugins/specialchar/dialogs/lang/gl.js,5012,.js,e15c09ed9ba2623e3e6aaaa8f3fb417e0cb3ee739b2d8523d175afd76f2c8edf,recurso,Extensión/directorio,,
system/backoffice/includes/plugins/ckeditor/plugins/specialchar/dialogs/lang/he.js,4993,.js,b42441dbbccf50bebe484c66b0568f3a446e46b98b8f7eca6c53890452ef26f3,recurso,Extensión/directorio,,
system/backoffice/includes/plugins/ckeditor/plugins/specialchar/dialogs/lang/hr.js,4526,.js,96905e462fda1c80fc5c81d10e4a9e2843af648e5ec9a04a3a7f24dab6252dfe,recurso,Extensión/directorio,,
system/backoffice/includes/plugins/ckeditor/plugins/specialchar/dialogs/lang/hu.js,4142,.js,253013ef8f70fcbfdf279dac11367333dea31b4989ae751cc5fd5edf3be6e518,recurso,Extensión/directorio,,
system/backoffice/includes/plugins/ckeditor/plugins/specialchar/dialogs/lang/id.js,4564,.js,77ff017223e66380a670480a2947f4be56857f11628a842746c437e9ed75d971,recurso,Extensión/directorio,,
system/backoffice/includes/plugins/ckeditor/plugins/specialchar/dialogs/lang/it.js,5029,.js,c630611872eb7d444cbcefd836ee0c882997b5d58372fd41da7fda7d0664afdd,recurso,Extensión/directorio,,
system/backoffice/includes/plugins/ckeditor/plugins/specialchar/dialogs/lang/ja.js,3988,.js,459d1a01f645612db31778e4dc4bdb1755cd460d3c73b3a1907019242f2cc455,recurso,Extensión/directorio,,
system/backoffice/includes/plugins/ckeditor/plugins/specialchar/dialogs/lang/km.js,4759,.js,481e7f477553b251e6c8cae1b4504b9f8a943183ac88daafc9a73c83b81da804,recurso,Extensión/directorio,,
system/backoffice/includes/plugins/ckeditor/plugins/specialchar/dialogs/lang/ku.js,7572,.js,db491a24e8e44a9273d284044c585173baa4fd584394760eb6f2f791e3cd0221,recurso,Extensión/directorio,,
system/backoffice/includes/plugins/ckeditor/plugins/specialchar/dialogs/lang/lv.js,5030,.js,002b8bd823624d76d5adb066f63bef86b5f9d0f1653679725b788467a9de0a4a,recurso,Extensión/directorio,,
system/backoffice/includes/plugins/ckeditor/plugins/specialchar/dialogs/lang/nb.js,3438,.js,f41a7ddb4f010265a803e83b87495c993ad461768063f2253545e5ed678a9e26,recurso,Extensión/directorio,,
system/backoffice/includes/plugins/ckeditor/plugins/specialchar/dialogs/lang/nl.js,4734,.js,21185a2ee886c7dbc6cc070d06140618a6876dcd003d723ae15b90bef3b261dd,recurso,Extensión/directorio,,
system/backoffice/includes/plugins/ckeditor/plugins/specialchar/dialogs/lang/no.js,3438,.js,a43290ab23df6c477567e66a32c2b3aa8cdcba8fa67c6590a8f1486b6fac7aed,recurso,Extensión/directorio,,
system/backoffice/includes/plugins/ckeditor/plugins/specialchar/dialogs/lang/pl.js,4332,.js,25186c4335b6a4634082e95b7d63c0967a0a9853edf257ac5a4968fd61359959,recurso,Extensión/directorio,,
system/backoffice/includes/plugins/ckeditor/plugins/specialchar/dialogs/lang/pt-br.js,3836,.js,c096930ba7989540724d43e70645f55318fac99ca7cb1b2ed878534796f25784,recurso,Extensión/directorio,,
system/backoffice/includes/plugins/ckeditor/plugins/specialchar/dialogs/lang/pt.js,4800,.js,f7c54277a2fc031c7380a321071fb12d712458210730d261b3fe7531350bf144,recurso,Extensión/directorio,,
system/backoffice/includes/plugins/ckeditor/plugins/specialchar/dialogs/lang/ru.js,7555,.js,d12bc8dffd707e12f14836f9bc51c97a7571e8b377bd582c4645354245a52105,recurso,Extensión/directorio,,
system/backoffice/includes/plugins/ckeditor/plugins/specialchar/dialogs/lang/si.js,4896,.js,1d1401c6abd3dd4e386f55869a7fcd58573dbb42629f2df5e34f57915f1d6b35,recurso,Extensión/directorio,,
system/backoffice/includes/plugins/ckeditor/plugins/specialchar/dialogs/lang/sk.js,4772,.js,469383560e6d220e10b00479f81aef930aa50f227fd045493b85a9943572ab61,recurso,Extensión/directorio,,
system/backoffice/includes/plugins/ckeditor/plugins/specialchar/dialogs/lang/sl.js,4330,.js,9d9acb767a203c8ae4554e7cf1359a8621ffd28062c6d44bb1d4945bfe48d670,recurso,Extensión/directorio,,
system/backoffice/includes/plugins/ckeditor/plugins/specialchar/dialogs/lang/sq.js,4986,.js,4960928eeec75be0104fcc4f70325ebf7aae00328341938e883e72cd89641364,recurso,Extensión/directorio,,
system/backoffice/includes/plugins/ckeditor/plugins/specialchar/dialogs/lang/sv.js,3490,.js,cb7f5fb76baf70c3971b45df970e48393c6684286e8be74ab2ecd1ebb5eedc2e,recurso,Extensión/directorio,,
system/backoffice/includes/plugins/ckeditor/plugins/specialchar/dialogs/lang/th.js,4684,.js,16c43a65dbddf791716d5dc39e1a80948b1548067834fde0d31f36f788fd2b28,recurso,Extensión/directorio,,
system/backoffice/includes/plugins/ckeditor/plugins/specialchar/dialogs/lang/tr.js,4486,.js,b9f64a6dc9465426052934539351750e3e3f5fa932adfa588c250d1f3ae25c1c,recurso,Extensión/directorio,,
system/backoffice/includes/plugins/ckeditor/plugins/specialchar/dialogs/lang/ug.js,5011,.js,e83573e015f07d1a722666790976e79c3cf80f41f8f8c5b97888227293df9f1c,recurso,Extensión/directorio,,
system/backoffice/includes/plugins/ckeditor/plugins/specialchar/dialogs/lang/uk.js,6377,.js,b218c27a8907886c364072c9625ea9881bcf59ea4baa57e796fc4acc4df4b2ab,recurso,Extensión/directorio,,
system/backoffice/includes/plugins/ckeditor/plugins/specialchar/dialogs/lang/vi.js,6094,.js,608f9f92c3c1ddafa6332355a7f0109f5420a7fcc259272fe07990af62f3bc96,recurso,Extensión/directorio,,
system/backoffice/includes/plugins/ckeditor/plugins/specialchar/dialogs/lang/zh-cn.js,4385,.js,cd7f5dc6f2552eb3f302d7e818919209c4fa8763d4ca81ec0022e68bd2876ed2,recurso,Extensión/directorio,,
system/backoffice/includes/plugins/ckeditor/plugins/specialchar/dialogs/lang/zh.js,4417,.js,af940d5af6ed2e8d34f719af7ddfee3546b6b7fc199244e69621d7d206ae8073,recurso,Extensión/directorio,,
system/backoffice/includes/plugins/ckeditor/plugins/specialchar/dialogs/specialchar.js,4837,.js,307f2184114c28451877746c6d73520a354d85497a7a575bd81d9ea0486f3553,recurso,Extensión/directorio,,
system/backoffice/includes/plugins/ckeditor/plugins/table/dialogs/table.js,8808,.js,9c99bdb9b117c31c1c45062fc9755ba428f30f7fae4e44de32a0d1435fda1f84,recurso,Extensión/directorio,,
system/backoffice/includes/plugins/ckeditor/plugins/tabletools/dialogs/tableCell.js,6223,.js,abf64fc9b423b45d7da8b4526d3e56ad947aac690cdd2986794bd280a33c71e8,recurso,Extensión/directorio,,
system/backoffice/includes/plugins/ckeditor/plugins/Thumbs.db,7680,.db,02b4c62754186ae8ef47f7a8f1691d3993766c67e5bf8393b27df3e79f8d9c7a,recurso,Extensión/directorio,,
system/backoffice/includes/plugins/ckeditor/plugins/wsc/dialogs/ciframe.html,1690,.html,e9f762ab97ab94e6567e0461cccbf879685cd4ea6a78d282ce659470fc30e5f8,recurso,Extensión/directorio,,
system/backoffice/includes/plugins/ckeditor/plugins/wsc/dialogs/tmp.html,3591,.html,41a28c908699bee3ff223bc8ec916f09b2edba737867d7edfc081505fd5e8c9b,recurso,Extensión/directorio,,
system/backoffice/includes/plugins/ckeditor/plugins/wsc/dialogs/tmpFrameset.html,1935,.html,cfa8dfe784a1d5a1046a4cf0b5677949b27183361951ee3eb8b7a94300cc803d,recurso,Extensión/directorio,,
system/backoffice/includes/plugins/ckeditor/plugins/wsc/dialogs/wsc.css,1232,.css,312c1d31b60e0fd70a3cebb36f9824e343eb644fb21d1d4ea3404fb734a84e83,recurso,Extensión/directorio,,
system/backoffice/includes/plugins/ckeditor/plugins/wsc/dialogs/wsc.js,33042,.js,b48d3e7fb53b5bf02a220e75369f9b75d17f158f60b959abe4739b78ec782c63,recurso,Extensión/directorio,,
system/backoffice/includes/plugins/ckeditor/plugins/wsc/dialogs/wsc_ie.js,3334,.js,5519570121ec57d9236d6d07bed8b9b522c8dac037d80b5578669d5d73107c9c,recurso,Extensión/directorio,,
system/backoffice/includes/plugins/ckeditor/plugins/wsc/LICENSE.md,1474,.md,9e1fdf0d96f9abb6b3dbec0f7163134e01c845fa488638913f45ec52f600b277,recurso,Extensión/directorio,,
system/backoffice/includes/plugins/ckeditor/plugins/wsc/README.md,970,.md,90786b08914e5ebcc4ddd70aca9319afb0264bc95932d9e84aa9cb195515881f,recurso,Extensión/directorio,,
system/backoffice/includes/plugins/ckeditor/README.md,1383,.md,c5f648f38e4c714dd5e437be724b5065f1a4f73f8cbb741770d6b933f0a50fc6,recurso,Extensión/directorio,,
system/backoffice/includes/plugins/ckeditor/skins/moono/dialog.css,15860,.css,03bb7ae7589dbf9e34d6b5217c16357e2d8a881f80c75363460c63c7ac7566d9,recurso,Extensión/directorio,,
system/backoffice/includes/plugins/ckeditor/skins/moono/dialog_ie.css,16771,.css,6bf6a0dddb2c1c0541e09a7a0a8c027284f2404ac0832be4727906a78b1ad017,recurso,Extensión/directorio,,
system/backoffice/includes/plugins/ckeditor/skins/moono/dialog_ie7.css,17328,.css,8fe66a3236675a65c2165957bff708fcdf5a59be0c8518a939dfd1931947c742,recurso,Extensión/directorio,,
system/backoffice/includes/plugins/ckeditor/skins/moono/dialog_ie8.css,16943,.css,82c8186c855cbe7bee2d9ecda8f62bcaa0debff775084e77e746f73901288c59,recurso,Extensión/directorio,,
system/backoffice/includes/plugins/ckeditor/skins/moono/dialog_iequirks.css,16800,.css,ece6a0656fb7d559357cc4b58d969b17297ee913ef121fa4ab2d459bbc2bd2c6,recurso,Extensión/directorio,,
system/backoffice/includes/plugins/ckeditor/skins/moono/dialog_opera.css,15988,.css,06a70629b20a3c734834063af12323bdb358db6dc6a8b0ffebad30cf04b6c43f,recurso,Extensión/directorio,,
system/backoffice/includes/plugins/ckeditor/skins/moono/editor.css,35179,.css,3be3734191236fa15268fbaa362a471f567d5d43347d36fddb8381a40acfae9d,recurso,Extensión/directorio,,
system/backoffice/includes/plugins/ckeditor/skins/moono/editor_gecko.css,35260,.css,abd6f1d2a3856cea392b788b37afb2addfe044afbdd48a1ae77864841f77dfc3,recurso,Extensión/directorio,,
system/backoffice/includes/plugins/ckeditor/skins/moono/editor_ie.css,36178,.css,ffc8db2d6889f9502503094bcde580c6c17c16a8e1538423fd6a88269527f33b,recurso,Extensión/directorio,,
system/backoffice/includes/plugins/ckeditor/skins/moono/editor_ie7.css,38203,.css,d296d858904feddb60a585b04d88a1d06792470169a2b0bf3b78c079bbe64040,recurso,Extensión/directorio,,
system/backoffice/includes/plugins/ckeditor/skins/moono/editor_ie8.css,36353,.css,7dda939d95f86585956c42d8304ceba38c46bfdaea6658d6f9b849d62fa2d686,recurso,Extensión/directorio,,
system/backoffice/includes/plugins/ckeditor/skins/moono/editor_iequirks.css,36828,.css,997767887fc3fdd12d5eadfb79a4e55f584eac07bd42a7a47014e29a6f76f272,recurso,Extensión/directorio,,
system/backoffice/includes/plugins/ckeditor/skins/moono/icons.png,10030,.png,3e0764bf84d961cd60ae771e208106ecdf6561c3dab9d7d9fbc0c65b65e1d6ea,recurso,Extensión/directorio,,
system/backoffice/includes/plugins/ckeditor/skins/moono/icons_hidpi.png,34465,.png,48bb199389143939ce37cc0b69f294464daa4d0a63c0c67f1cacdd68613ec0cd,recurso,Extensión/directorio,,
system/backoffice/includes/plugins/ckeditor/skins/moono/images/arrow.png,261,.png,06bdc0b76fdaeb08e470aa0fc3bcc55030f4d72711f56968a86858776b5e76fb,recurso,Extensión/directorio,,
system/backoffice/includes/plugins/ckeditor/skins/moono/images/close.png,824,.png,547917269b4d0b20648b904915f08b0be74d87c3b85879d4c314a1f4fafa23ef,recurso,Extensión/directorio,,
system/backoffice/includes/plugins/ckeditor/skins/moono/images/hidpi/close.png,1792,.png,326533d714566500341d73f5e17825e40f33925662532269c987728db2368d5b,recurso,Extensión/directorio,,
system/backoffice/includes/plugins/ckeditor/skins/moono/images/hidpi/lock-open.png,1503,.png,7617297dc296b5ecbf6d8fdf855ad5e33dffd778434435665520e8453154443c,recurso,Extensión/directorio,,
system/backoffice/includes/plugins/ckeditor/skins/moono/images/hidpi/lock.png,1616,.png,ff2dbe82f7d1db339b82a65412bfd3d52adc67a9305d5f553ccbe9a72df80a45,recurso,Extensión/directorio,,
system/backoffice/includes/plugins/ckeditor/skins/moono/images/hidpi/refresh.png,2320,.png,8517cbf78c3f73d92e542e8e1db592e8ed894683c60f15adf712fa19b6c2652a,recurso,Extensión/directorio,,
system/backoffice/includes/plugins/ckeditor/skins/moono/images/lock-open.png,736,.png,92a7d8c112d0dcc2bfff85b9cd6fab63838ba011b5a1d0f89c177dac3123bfbc,recurso,Extensión/directorio,,
system/backoffice/includes/plugins/ckeditor/skins/moono/images/lock.png,728,.png,79faf437f10e9a6738739e1f5d0d3e9057d8d60f7af6cac176888975de62821a,recurso,Extensión/directorio,,
system/backoffice/includes/plugins/ckeditor/skins/moono/images/refresh.png,953,.png,a315ce6ed350fa72463c6835317d59645757b582bf792f9002aae37b9da6ac18,recurso,Extensión/directorio,,
system/backoffice/includes/plugins/ckeditor/skins/moono/readme.md,2529,.md,128fa770e1d489553dc1c28ca9da35790f6f40c6778450e4dfa2e990264f3f98,recurso,Extensión/directorio,,
system/backoffice/includes/plugins/ckeditor/styles.js,3594,.js,74b7832cbfe84cf2561aa7ce5b00e23175996e1726245ed045f54420ba22b859,recurso,Extensión/directorio,,
system/backoffice/includes/plugins/colorpicker/bootstrap-colorpicker.css,4122,.css,40a57f4fa187303e20f03ed6dd6673333f7aa39b3402ba309de7961134a29118,recurso,Extensión/directorio,,
system/backoffice/includes/plugins/colorpicker/bootstrap-colorpicker.js,34780,.js,6784a6a7640722a0edc01308bdfd492445f1f81d30b9e6ac5ee180b6ef8e2c26,recurso,Extensión/directorio,,
system/backoffice/includes/plugins/colorpicker/bootstrap-colorpicker.min.css,3270,.css,0fd59c9f1ccfd23178ffcfd4a9127d867886bc9680fbde2ce3164acb8403c6b6,recurso,Extensión/directorio,,
system/backoffice/includes/plugins/colorpicker/bootstrap-colorpicker.min.js,15528,.js,424cdd69d8f07d70ba98c00e5539ffbdb7ee3c96a4c88c969451c3b21408b99f,recurso,Extensión/directorio,,
system/backoffice/includes/plugins/colorpicker/img/alpha-horizontal.png,3635,.png,b0312e8245ddeb0f67212aed3b4f97d9b054461fe89fd7a70f6a2a55e1563767,recurso,Extensión/directorio,,
system/backoffice/includes/plugins/colorpicker/img/alpha.png,3271,.png,d0d1b42617b82f34ac9d0362ee4563d58b535bf7b785ed475e388b4a2a2106b2,recurso,Extensión/directorio,,
system/backoffice/includes/plugins/colorpicker/img/hue-horizontal.png,2837,.png,c0d78daecc1c68b6b566fa89c2320399e95b79568fac059cfe9c2790cbfd0d8b,recurso,Extensión/directorio,,
system/backoffice/includes/plugins/colorpicker/img/hue.png,2972,.png,76f600a164cf16262dd78abfd05bca52315ac9ef660a962bc86145322f43072a,recurso,Extensión/directorio,,
system/backoffice/includes/plugins/colorpicker/img/saturation.png,8817,.png,373292b9226296d598f0827e253a3ed87fa1aee38cfebb0620fb380c682186bd,recurso,Extensión/directorio,,
system/backoffice/includes/plugins/datatables/dataTables.bootstrap.css,9201,.css,80c30c4e9475711e50a0bfb28c3433dcc586ff903a30961c425fab7d4978e9a2,recurso,Extensión/directorio,,
system/backoffice/includes/plugins/datatables/dataTables.bootstrap.js,5045,.js,6944465cdd116824390aebb84a0635b8134505b0bb91a24ad0b4983a5dbba4ce,recurso,Extensión/directorio,,
system/backoffice/includes/plugins/datatables/dataTables.bootstrap.min.js,2073,.js,02cb022fddf30b7439b8f1ca7b20b04f7f0d128aadc66e912d517db5c13bd0c9,recurso,Extensión/directorio,,
system/backoffice/includes/plugins/datatables/extensions/AutoFill/css/dataTables.autoFill.css,517,.css,ad72311a697d7f42498e7ecb74e058bc40de7942e9b7de5700d7c7defc1c596f,recurso,Extensión/directorio,,
system/backoffice/includes/plugins/datatables/extensions/AutoFill/css/dataTables.autoFill.min.css,345,.css,46105eb4705a5c6581158be1aeff0eed6a3ab4db54d7bfb515723fbd9561f9af,recurso,Extensión/directorio,,
system/backoffice/includes/plugins/datatables/extensions/AutoFill/examples/columns.html,17221,.html,c1d6c57a6bc865aab8ec5cae871305d8581eba464124f94bdf0f4ce9f8b2b196,recurso,Extensión/directorio,,
system/backoffice/includes/plugins/datatables/extensions/AutoFill/examples/complete-callback.html,17534,.html,6c96d419613dee846ed9abe6f4835b73daeb4446720374b188c6996073f7dac8,recurso,Extensión/directorio,,
system/backoffice/includes/plugins/datatables/extensions/AutoFill/examples/fill-both.html,17237,.html,dc3ca2ec43c5ba5c9ad9d4ddf8acd8798d0a7774775a1eb8b2fd2fb04e42c8d2,recurso,Extensión/directorio,,
system/backoffice/includes/plugins/datatables/extensions/AutoFill/examples/fill-horizontal.html,17184,.html,6f4c5163b6420c0f5d08980dcf43319258ae2b4ddb6feb3750e5fcf4170eacf8,recurso,Extensión/directorio,,
system/backoffice/includes/plugins/datatables/extensions/AutoFill/examples/index.html,2770,.html,4fc7f0104fd5f479de51e2d03826ebac2e6a5fd8f5601ed92244722c4d49bee6,recurso,Extensión/directorio,,
system/backoffice/includes/plugins/datatables/extensions/AutoFill/examples/scrolling.html,16907,.html,2edb1e8c9ead4797adc88ad797545dc123aa985a43453b5658419845fcd8d732,recurso,Extensión/directorio,,
system/backoffice/includes/plugins/datatables/extensions/AutoFill/examples/simple.html,16978,.html,4162bdda85dbc1ca740d602f2a5206a9046810e8914c145ed43b8c96af673a5b,recurso,Extensión/directorio,,
system/backoffice/includes/plugins/datatables/extensions/AutoFill/examples/step-callback.html,18076,.html,025b8ac93a940f63e3cf6cf92fef087887e7ac454fa9ce56e34334613fc10765,recurso,Extensión/directorio,,
system/backoffice/includes/plugins/datatables/extensions/AutoFill/images/filler.png,1040,.png,641b9f55bbce36baf21b2611ba7a6373a8a23727b111590129d411f24b5d4559,recurso,Extensión/directorio,,
system/backoffice/includes/plugins/datatables/extensions/AutoFill/js/dataTables.autoFill.js,23500,.js,a9dbe01d7ab28ae3ea40664fa13b9fc0aa122b056d4d012beae18b3f52b29298,recurso,Extensión/directorio,,
system/backoffice/includes/plugins/datatables/extensions/AutoFill/js/dataTables.autoFill.min.js,9068,.js,bcd247c2ac61878fa9251fb2136139d5c0589284bf518388cb618b7c92fe9416,recurso,Extensión/directorio,,
system/backoffice/includes/plugins/datatables/extensions/AutoFill/Readme.txt,1370,.txt,8727767e532271e0e5f674ce9dd815cb2534beb4e36d2964b732b5c294914a46,recurso,Extensión/directorio,,
system/backoffice/includes/plugins/datatables/extensions/ColReorder/css/dataTables.colReorder.css,237,.css,7f51234d75701beb150050a924db356732f29e66122f3315935fdba07100d2ce,recurso,Extensión/directorio,,
system/backoffice/includes/plugins/datatables/extensions/ColReorder/css/dataTables.colReorder.min.css,140,.css,43f4245c6201221a9cca0f28eb1e978443f904be4e5a733eaee4cf042b09ed9a,recurso,Extensión/directorio,,
system/backoffice/includes/plugins/datatables/extensions/ColReorder/examples/alt_insert.html,17425,.html,d2be020b8e269006d558791b3c1102caf80fc7a6d9b11198b2762cc874021c7a,recurso,Extensión/directorio,,
system/backoffice/includes/plugins/datatables/extensions/ColReorder/examples/col_filter.html,18443,.html,739c3ac94e7a1cc72359867ceac88542dd62235355534032c88df7f2dff7375c,recurso,Extensión/directorio,,
system/backoffice/includes/plugins/datatables/extensions/ColReorder/examples/colvis.html,17815,.html,692c58cd04456fe61ccfb7b8340651db9574626fde3aa33d1dd35c2dd0f50109,recurso,Extensión/directorio,,
system/backoffice/includes/plugins/datatables/extensions/ColReorder/examples/fixedcolumns.html,23055,.html,6f906037d7c60baed5efa90fd5c0793099088408309320e69bb33f0ce2e91652,recurso,Extensión/directorio,,
system/backoffice/includes/plugins/datatables/extensions/ColReorder/examples/fixedheader.html,17733,.html,158c88344ad7cee6ecbed27045340a5bc04dd13870031c42e4940200c4834e4f,recurso,Extensión/directorio,,
system/backoffice/includes/plugins/datatables/extensions/ColReorder/examples/index.html,3435,.html,24cb8fc067ca6fdeeab4585cf04eab166fc4f32c18476e701217848d6190c13c,recurso,Extensión/directorio,,
system/backoffice/includes/plugins/datatables/extensions/ColReorder/examples/jqueryui.html,18140,.html,2a082c6bd41c1a9c2a5e49fac3bca3013bb4d5192a62337cbd342e764a932e9b,recurso,Extensión/directorio,,
system/backoffice/includes/plugins/datatables/extensions/ColReorder/examples/new_init.html,17331,.html,4e39222267ee59bbb1dbc6d46d364226a4102d54f45685eb01e88dfa36c05e15,recurso,Extensión/directorio,,
system/backoffice/includes/plugins/datatables/extensions/ColReorder/examples/predefined.html,17429,.html,695c551c2c0d2b5e39ebc6b1e33a185be06cf5dbcab2812ad81becf9d24e78c5,recurso,Extensión/directorio,,
system/backoffice/includes/plugins/datatables/extensions/ColReorder/examples/realtime.html,17487,.html,9f5c5b45128badc1241e5f3d990dc750115671ce29c08090dbeb807f6cc03af0,recurso,Extensión/directorio,,
system/backoffice/includes/plugins/datatables/extensions/ColReorder/examples/reset.html,17845,.html,e9dc08d596c7500dfc0b50d4f083f2ddd670c33f8a3a6a1d5ba3665c70392c0c,recurso,Extensión/directorio,,
system/backoffice/includes/plugins/datatables/extensions/ColReorder/examples/scrolling.html,17348,.html,bfed437cb7db29ce825412c8d905223cc9968c959750670fd0c495c38080068b,recurso,Extensión/directorio,,
system/backoffice/includes/plugins/datatables/extensions/ColReorder/examples/server_side.html,7448,.html,88c682f83f8d202db048c6ad2db81f4f6def8bfa97574bd7757ac4e29c159339,recurso,Extensión/directorio,,
system/backoffice/includes/plugins/datatables/extensions/ColReorder/examples/simple.html,17642,.html,55b553023da8e5fd6817cfa7f169a1819fda87453ca5e73b7980ba64c7cb1bef,recurso,Extensión/directorio,,
system/backoffice/includes/plugins/datatables/extensions/ColReorder/examples/state_save.html,17385,.html,16bfc2919e82590593ff2d844e8bc27dcff13d048a0478ad40c0536b5cc1c379,recurso,Extensión/directorio,,
system/backoffice/includes/plugins/datatables/extensions/ColReorder/images/insert.png,1885,.png,945e4b99b340f6622d545081443a10871345105c14d009cd6c4d0536d790032f,recurso,Extensión/directorio,,
system/backoffice/includes/plugins/datatables/extensions/ColReorder/js/dataTables.colReorder.js,37683,.js,6b2ba66cac885ec0bafbbd542d978c432ab806a5e827efdfab75dd1f4de58044,recurso,Extensión/directorio,,
system/backoffice/includes/plugins/datatables/extensions/ColReorder/js/dataTables.colReorder.min.js,11164,.js,05f70a8e62e04e2d81db5ca58ec0457b40c82d4cff877a05f78e480dd4cea80a,recurso,Extensión/directorio,,
system/backoffice/includes/plugins/datatables/extensions/ColReorder/License.txt,1108,.txt,95b7e9aef3f79a63ba449e52cdae1ceaa7348581445bf8886924b3f7673a9553,recurso,Extensión/directorio,,
system/backoffice/includes/plugins/datatables/extensions/ColReorder/Readme.md,1340,.md,9f6552e920745d2dde40959c192b3539a23c832e67b8348df64fffcf3b0e0347,recurso,Extensión/directorio,,
system/backoffice/includes/plugins/datatables/extensions/ColVis/css/dataTables.colVis.css,6009,.css,eebe3f61e313130c56120c53f521132b2b22cc95f0a5bb2f8b3c28a45030c956,recurso,Extensión/directorio,,
system/backoffice/includes/plugins/datatables/extensions/ColVis/css/dataTables.colvis.jqueryui.css,598,.css,77e728e981db98a0e2588483f218e2fc10f99a7c1dd8332727a7e70e21969b47,recurso,Extensión/directorio,,
system/backoffice/includes/plugins/datatables/extensions/ColVis/css/dataTables.colVis.min.css,4377,.css,bb4015354041150b29f5289bcc0e58a2c6e69e3d44dcfd24ae726407d98ad91b,recurso,Extensión/directorio,,
system/backoffice/includes/plugins/datatables/extensions/ColVis/examples/button_order.html,17260,.html,94f650b871e709a04967b3485d5dbd02525515b8f788233845db9e5dd2b05bd7,recurso,Extensión/directorio,,
system/backoffice/includes/plugins/datatables/extensions/ColVis/examples/exclude_columns.html,17442,.html,285309767799b0e36f83eb3bba30bcefa03bd8ce8a292c5ffe748bded9cd6217,recurso,Extensión/directorio,,
system/backoffice/includes/plugins/datatables/extensions/ColVis/examples/group_columns.html,17971,.html,25c444ed8f59d6bd49c0a017da07e84660e81af40aade2d63186f9aa4a0546d3,recurso,Extensión/directorio,,
system/backoffice/includes/plugins/datatables/extensions/ColVis/examples/index.html,3272,.html,7e7a4808059e8de74a4ff4f9f837d2d1e96263d3b65dc7e326a13be0a8266ced,recurso,Extensión/directorio,,
system/backoffice/includes/plugins/datatables/extensions/ColVis/examples/jqueryui.html,18196,.html,ff839168ab0aa46d29593aea764c82487fe05d80bf78f24d6176f670e3736439,recurso,Extensión/directorio,,
system/backoffice/includes/plugins/datatables/extensions/ColVis/examples/mouseover.html,17368,.html,cc1788cf4a7bcf917eba08d18ce2bc74ea297c5112cb2f78d0b2a91774569567,recurso,Extensión/directorio,,
system/backoffice/includes/plugins/datatables/extensions/ColVis/examples/new_init.html,17585,.html,ff4cfb1b736ab61c9da781f9e0e5c95b4e0f984e1a15dafbab4f685e245c2d33,recurso,Extensión/directorio,,
system/backoffice/includes/plugins/datatables/extensions/ColVis/examples/restore.html,17540,.html,5cd4523e1ef3ac829ade3e26e457a92929f5e513162d166a5957b5fb8d3aa060,recurso,Extensión/directorio,,
system/backoffice/includes/plugins/datatables/extensions/ColVis/examples/simple.html,17394,.html,605b74462e49e45481b008bc09ac4b78d21c7d0665b831ffe5e7ac6b9491f70f,recurso,Extensión/directorio,,
system/backoffice/includes/plugins/datatables/extensions/ColVis/examples/text.html,17249,.html,616d5519cd1cf3d60e5c14cdbb9e0ace466ad0151c9ada710590b67382e9417d,recurso,Extensión/directorio,,
system/backoffice/includes/plugins/datatables/extensions/ColVis/examples/title_callback.html,17474,.html,2091ed3612831468ee92b99d1e0a61e4389d783fdbc208a521d9a53e27124a02,recurso,Extensión/directorio,,
system/backoffice/includes/plugins/datatables/extensions/ColVis/examples/two_tables.html,10297,.html,cc0a316126f946904b3d8a7ebf835c3fdd6b8e5a532479c11091c96130e32990,recurso,Extensión/directorio,,
system/backoffice/includes/plugins/datatables/extensions/ColVis/examples/two_tables_identical.html,11651,.html,f019299444b4d67c9d3e63a546124aa45c4379d62f36b335b4c0a83b6bf2292a,recurso,Extensión/directorio,,
system/backoffice/includes/plugins/datatables/extensions/ColVis/js/dataTables.colVis.js,28152,.js,12848c8987ac7334c28e08e8f2d2ac2ddc6700c105c84e852aae6014de536a6a,recurso,Extensión/directorio,,
system/backoffice/includes/plugins/datatables/extensions/ColVis/js/dataTables.colVis.min.js,10133,.js,9e26d0bf6434d9d5ca87ab677faae6f8d872fc360a217cc3a0e3cefcc8f7c8e9,recurso,Extensión/directorio,,
system/backoffice/includes/plugins/datatables/extensions/ColVis/License.txt,1108,.txt,95b7e9aef3f79a63ba449e52cdae1ceaa7348581445bf8886924b3f7673a9553,recurso,Extensión/directorio,,
system/backoffice/includes/plugins/datatables/extensions/ColVis/Readme.md,1297,.md,4c07784717e3ce7608ea6832cbeaa3f01fa79a5c5270b2cd14b903f12c04f372,recurso,Extensión/directorio,,
system/backoffice/includes/plugins/datatables/extensions/FixedColumns/css/dataTables.fixedColumns.css,555,.css,c7994af765cab445a593237b066693a048038ca6faedc661defbc52ff9a64949,recurso,Extensión/directorio,,
system/backoffice/includes/plugins/datatables/extensions/FixedColumns/css/dataTables.fixedColumns.min.css,328,.css,8c09fa4c4980151ad3eb1aebeeab0655fdfc12bd85a254c1dcda36589b3d976b,recurso,Extensión/directorio,,
system/backoffice/includes/plugins/datatables/extensions/FixedColumns/examples/bootstrap.html,22970,.html,da644f2e9537a2d66004b97829bb6c689aebbc186e5f3822fa1d4a0896512471,recurso,Extensión/directorio,,
system/backoffice/includes/plugins/datatables/extensions/FixedColumns/examples/col_filter.html,23339,.html,f9b59a37eeed6d5be7c55833f3dcd9fb0819e493170445e072b36853b9e098e3,recurso,Extensión/directorio,,
system/backoffice/includes/plugins/datatables/extensions/FixedColumns/examples/colvis.html,23226,.html,db80accb1364e14da8fa528d919487984b636221c9abd68d86f2883824e5ffc7,recurso,Extensión/directorio,,
system/backoffice/includes/plugins/datatables/extensions/FixedColumns/examples/css_size.html,23012,.html,99fee59f8a6381fabdbdbdfa56f95490e709f19d46cdeb09453985c25c66b8ac,recurso,Extensión/directorio,,
system/backoffice/includes/plugins/datatables/extensions/FixedColumns/examples/index.html,3637,.html,6538314d91d7383e4f07c4c931569c044ccdc538a8f61b5330601db6d7b607e6,recurso,Extensión/directorio,,
system/backoffice/includes/plugins/datatables/extensions/FixedColumns/examples/index_column.html,24686,.html,4958483bbd8dfa0c89454766b8d1b69705982a664463727fc7482769975a132e,recurso,Extensión/directorio,,
system/backoffice/includes/plugins/datatables/extensions/FixedColumns/examples/left_right_columns.html,22182,.html,c6e5b73228e7cf53d2a7f41e8370d115720ce072027affc6f32b0388a05efd5a,recurso,Extensión/directorio,,
system/backoffice/includes/plugins/datatables/extensions/FixedColumns/examples/right_column.html,22192,.html,7268497eb00769a068b0302bab7a0d4020a47c377e135e0a0576f116f7c25e98,recurso,Extensión/directorio,,
system/backoffice/includes/plugins/datatables/extensions/FixedColumns/examples/rowspan.html,18949,.html,f34691ceb333fe7cfa7f411e1ebd0b4c33ee845ae137408ee3bf4bb099593796,recurso,Extensión/directorio,,
system/backoffice/includes/plugins/datatables/extensions/FixedColumns/examples/server-side-processing.html,7805,.html,e7d805ffa3d57bde8421f1f2320da4deaa2bde1cca1e005f991222f5828716e8,recurso,Extensión/directorio,,
system/backoffice/includes/plugins/datatables/extensions/FixedColumns/examples/simple.html,22488,.html,c4b82eda6aa53a8f0eb20734692207cb947c2f9afb1f08defd1a3b4073a1617f,recurso,Extensión/directorio,,
system/backoffice/includes/plugins/datatables/extensions/FixedColumns/examples/size_fixed.html,22624,.html,ea533a773102350bb0d7945bc23ff96aa0b8faaa3d86321afa628c837f0c3520,recurso,Extensión/directorio,,
system/backoffice/includes/plugins/datatables/extensions/FixedColumns/examples/size_fluid.html,22617,.html,cc7c187f87a6feff915b8cc15331f30e6afbdd3c85d8b1c3997a8918bf43067b,recurso,Extensión/directorio,,
system/backoffice/includes/plugins/datatables/extensions/FixedColumns/examples/two_columns.html,21908,.html,a031c96e8fee76b4099caff80ec13d578018e5f9aafc9547611c701d8e78802b,recurso,Extensión/directorio,,
system/backoffice/includes/plugins/datatables/extensions/FixedColumns/js/dataTables.fixedColumns.js,42355,.js,17cd3389a4154c617518bd5b2911d4ce1751bd5a549ce3c43d362f1d32e37cc2,recurso,Extensión/directorio,,
system/backoffice/includes/plugins/datatables/extensions/FixedColumns/js/dataTables.fixedColumns.min.js,14138,.js,c7daafb3bb835b3421c51a88666fba89caf9cafc024fc304c5eca46f3d8e70b2,recurso,Extensión/directorio,,
system/backoffice/includes/plugins/datatables/extensions/FixedColumns/License.txt,1108,.txt,95b7e9aef3f79a63ba449e52cdae1ceaa7348581445bf8886924b3f7673a9553,recurso,Extensión/directorio,,
system/backoffice/includes/plugins/datatables/extensions/FixedColumns/Readme.md,1551,.md,474cae572356b4efdf2062147b16b88fcd7d3baa5fdea55624c45ef2ff9d4317,recurso,Extensión/directorio,,
system/backoffice/includes/plugins/datatables/extensions/FixedHeader/css/dataTables.fixedHeader.css,104,.css,81404ee7b94ba3f2cb829ecf1073f03c6df2a7cafd330e9d1c84aed58553a2d9,recurso,Extensión/directorio,,
system/backoffice/includes/plugins/datatables/extensions/FixedHeader/css/dataTables.fixedHeader.min.css,88,.css,4c44667eedb35be9c8ea8f67d8ede8a03ee25b5771e01a61acd205c23ab218b1,recurso,Extensión/directorio,,
system/backoffice/includes/plugins/datatables/extensions/FixedHeader/examples/header_footer.html,16961,.html,84c99b86f71deee0726206c526bf8ef9dd405bc06d03ba4820d0b3c9f53cf025,recurso,Extensión/directorio,,
system/backoffice/includes/plugins/datatables/extensions/FixedHeader/examples/index.html,2961,.html,4753d24dd8ba155aa9d3e29ccca9268ce06e9752dbb37b7cf3279ee1738e1b1c,recurso,Extensión/directorio,,
system/backoffice/includes/plugins/datatables/extensions/FixedHeader/examples/simple.html,17225,.html,6891d406f0acc14b4fa3423ca0ee98d51a115b656f95ebbaeaf74403411fc38b,recurso,Extensión/directorio,,
system/backoffice/includes/plugins/datatables/extensions/FixedHeader/examples/top_left_right.html,8641,.html,1aca6a1d0cb47e82b8e260e0b2f146b073924a7fb2455cbaac5ae6e07b852fcd,recurso,Extensión/directorio,,
system/backoffice/includes/plugins/datatables/extensions/FixedHeader/examples/two_tables.html,10084,.html,477f22b6ba88357b85189f023abfd551f820f4cd4d28ec8b2bb85943181d6cf2,recurso,Extensión/directorio,,
system/backoffice/includes/plugins/datatables/extensions/FixedHeader/examples/zIndexes.html,17354,.html,dc1776351962be344499fd7b9827e666b97075bbff92b92d96960403604a8e51,recurso,Extensión/directorio,,
system/backoffice/includes/plugins/datatables/extensions/FixedHeader/js/dataTables.fixedHeader.js,30336,.js,916095ebf5aa6461bc394649c6a81457a9a096e6f19503f291531225d18c0743,recurso,Extensión/directorio,,
system/backoffice/includes/plugins/datatables/extensions/FixedHeader/js/dataTables.fixedHeader.min.js,12620,.js,ecaca50bbbe9019faa01be27f3fe1a64228661ec168fdb9fad1609f688090f99,recurso,Extensión/directorio,,
system/backoffice/includes/plugins/datatables/extensions/FixedHeader/Readme.txt,1440,.txt,8269008a373dd315af1e1be57245aa5f6b938c31046f982d62e70310753d1fc8,recurso,Extensión/directorio,,
system/backoffice/includes/plugins/datatables/extensions/KeyTable/css/dataTables.keyTable.css,114,.css,2feccaacfa646146594d50e600b64babf923b3ece24617624e0c86481bb5b962,recurso,Extensión/directorio,,
system/backoffice/includes/plugins/datatables/extensions/KeyTable/css/dataTables.keyTable.min.css,96,.css,8522b56a3c6b4600dd70773200493acaa799f2c6cc50b91ad3501c41b58f64b5,recurso,Extensión/directorio,,
system/backoffice/includes/plugins/datatables/extensions/KeyTable/examples/events.html,20331,.html,993ae882e2cda6e2c600f305f574f61f2596715b4f6110818e088365ecba13df,recurso,Extensión/directorio,,
system/backoffice/includes/plugins/datatables/extensions/KeyTable/examples/html.html,16585,.html,aed8dde31114dccfa7c0ed6f739992a4ff38baf5ab610760c6349bb90c4182f3,recurso,Extensión/directorio,,
system/backoffice/includes/plugins/datatables/extensions/KeyTable/examples/index.html,2805,.html,4b6dd120eb8c2aae3f3f9cfda58452c43ac22ce2caed305cc6cd62c69382db3d,recurso,Extensión/directorio,,
system/backoffice/includes/plugins/datatables/extensions/KeyTable/examples/scrolling.html,16893,.html,0a695827b792d0499405ed42e0f11417a84ed6e1650d504e262f3ea3d9d65867,recurso,Extensión/directorio,,
system/backoffice/includes/plugins/datatables/extensions/KeyTable/examples/simple.html,16763,.html,3facd57a046c5b8ec34609fb1fee7970fd5142a0dc9ce24094b42d6bc30ca86f,recurso,Extensión/directorio,,
system/backoffice/includes/plugins/datatables/extensions/KeyTable/js/dataTables.keyTable.js,30652,.js,5e3a790a838522af4eb6e2e17a680cb455270556ad20400a6727afde6a5f82c4,recurso,Extensión/directorio,,
system/backoffice/includes/plugins/datatables/extensions/KeyTable/js/dataTables.keyTable.min.js,6681,.js,2f5b6f910274bcf14289de49cbfe6b56c25b4ec2d8a1c1f76d98edf86784668c,recurso,Extensión/directorio,,
system/backoffice/includes/plugins/datatables/extensions/KeyTable/Readme.txt,1370,.txt,8e6d67ab1592304686509631dcb0d58c6ce1de534050fb7cdd19d17d0ca9a082,recurso,Extensión/directorio,,
system/backoffice/includes/plugins/datatables/extensions/Responsive/css/dataTables.responsive.css,3157,.css,36ad529ad76a4fd01f358c30be0799b515719d1b2b30d1eae05272458bfa150c,recurso,Extensión/directorio,,
system/backoffice/includes/plugins/datatables/extensions/Responsive/css/dataTables.responsive.scss,2336,.scss,db46eb17412e0c22743bc7dd5d7c61c9e559011cd11f05528433eb7297c81bd4,recurso,Extensión/directorio,,
system/backoffice/includes/plugins/datatables/extensions/Responsive/examples/child-rows/column-control.html,22715,.html,3473e86a72e154dd7fcc51faa11dd5ef0f1f6f76d34aab8550de0ebf063c6d77,recurso,Extensión/directorio,,
system/backoffice/includes/plugins/datatables/extensions/Responsive/examples/child-rows/custom-renderer.html,24272,.html,acde722b0b97157f2afd0cbb34658da95b02fb7ec0b0786a9acaf24fbacf2f5d,recurso,Extensión/directorio,,
system/backoffice/includes/plugins/datatables/extensions/Responsive/examples/child-rows/disable-child-rows.html,22826,.html,7fd87f93776cec3aac243885d3997bbc942989b6c536dda82697803054811d29,recurso,Extensión/directorio,,
system/backoffice/includes/plugins/datatables/extensions/Responsive/examples/child-rows/index.html,3737,.html,7d6f3131d38dfdad954d97ca41dbca3fc9e4ba24d487d34f74f19df4296bb1cd,recurso,Extensión/directorio,,
system/backoffice/includes/plugins/datatables/extensions/Responsive/examples/child-rows/right-column.html,22057,.html,99268a27ef4b93aa2ceb183a73e21c5576d62c3e0a847b016cb512fb1c075397,recurso,Extensión/directorio,,
system/backoffice/includes/plugins/datatables/extensions/Responsive/examples/child-rows/whole-row-control.html,22057,.html,b0cc08204a787a93db9eac6b60822000b2027fe3726b8defd0a62b41fee1d98c,recurso,Extensión/directorio,,
system/backoffice/includes/plugins/datatables/extensions/Responsive/examples/display-control/auto.html,22802,.html,c5a5c53d0d4c695bece19df8a3022471d101f462b66aa315cf0acf7aad638b80,recurso,Extensión/directorio,,
system/backoffice/includes/plugins/datatables/extensions/Responsive/examples/display-control/classes.html,10730,.html,ca4dc28dd3c5f9257687ed1e38c4d78eb5df93116df75be068cbe8da2396fe0f,recurso,Extensión/directorio,,
system/backoffice/includes/plugins/datatables/extensions/Responsive/examples/display-control/complexHeader.html,21494,.html,8216b29123a78f409b54752ac1fe63f6b08a4a6ab827fd6b41896cac0867116e,recurso,Extensión/directorio,,
system/backoffice/includes/plugins/datatables/extensions/Responsive/examples/display-control/fixedHeader.html,23187,.html,52aba06f2a382beecd49af83b09be3a9d959d351b525911460773081417d14a6,recurso,Extensión/directorio,,
system/backoffice/includes/plugins/datatables/extensions/Responsive/examples/display-control/index.html,2872,.html,5665bce10399ac8c28609ae6e9249048b5746519c67f0680e8e86e8524da7874,recurso,Extensión/directorio,,
system/backoffice/includes/plugins/datatables/extensions/Responsive/examples/display-control/init-classes.html,8925,.html,305eabd062994c386159f2ec2d4a0e6dde07848453cf1c1136f28f71ab0461d7,recurso,Extensión/directorio,,
system/backoffice/includes/plugins/datatables/extensions/Responsive/examples/index.html,3892,.html,95dd12eb0e573ee2afd3376f15fce87a098323d47629ae62ab657d5c39490d08,recurso,Extensión/directorio,,
system/backoffice/includes/plugins/datatables/extensions/Responsive/examples/initialisation/ajax.html,8438,.html,b192f63349334214f611e484ea793aa8ef727de4c922839ecb44b63f28b7c0a8,recurso,Extensión/directorio,,
system/backoffice/includes/plugins/datatables/extensions/Responsive/examples/initialisation/className.html,22691,.html,75662bdd7a7b1d4fcf43982f01a34b112c8635bde0c01332d6a43a8f7da008bf,recurso,Extensión/directorio,,
system/backoffice/includes/plugins/datatables/extensions/Responsive/examples/initialisation/default.html,23141,.html,6871dab5530af85dbbd082d8a233a808772730f1c368aef1c2c169e1df1f7eb1,recurso,Extensión/directorio,,
system/backoffice/includes/plugins/datatables/extensions/Responsive/examples/initialisation/index.html,2842,.html,c35ebcf0866f02d8d7762980b4cc7138d93f40d4ae4c1f9d947ff10f4ff639e5,recurso,Extensión/directorio,,
system/backoffice/includes/plugins/datatables/extensions/Responsive/examples/initialisation/new.html,23133,.html,4418cba49473f3ca6d51268914c99cb71e30faae42ffcf286a8de517b592c415,recurso,Extensión/directorio,,
system/backoffice/includes/plugins/datatables/extensions/Responsive/examples/initialisation/option.html,23100,.html,508b4a2edd40dcd83caeec6fb5050be5fc9a002fd1b7116e7ea3a2f1008e2da5,recurso,Extensión/directorio,,
system/backoffice/includes/plugins/datatables/extensions/Responsive/examples/styling/bootstrap.html,23912,.html,d3e789680071cb2dba88ee1b95df71018de29763d508a0ca67880cb6cf3ba48b,recurso,Extensión/directorio,,
system/backoffice/includes/plugins/datatables/extensions/Responsive/examples/styling/compact.html,22880,.html,33375d380c13bbb28322432d8fc17db416f603de7ad7c8952acae0d5a1680cd5,recurso,Extensión/directorio,,
system/backoffice/includes/plugins/datatables/extensions/Responsive/examples/styling/foundation.html,23326,.html,5c4befbfc42f5fbe87488c1b19d34c39b7cfb15790e3b4912b5e3b4f61fdf99b,recurso,Extensión/directorio,,
system/backoffice/includes/plugins/datatables/extensions/Responsive/examples/styling/index.html,2477,.html,c5180a9f3b729b3b4c3e70e2caa97b76b4784f40d6fc8bc97f0d05009780f7fa,recurso,Extensión/directorio,,
system/backoffice/includes/plugins/datatables/extensions/Responsive/examples/styling/scrolling.html,23174,.html,2ffa0d21872f8a60f586d8d25f0d65a3a37bc8a3e6c54e4e8d70e28f820fad8c,recurso,Extensión/directorio,,
system/backoffice/includes/plugins/datatables/extensions/Responsive/js/dataTables.responsive.js,25971,.js,f6141becbdd56ce115940a13a44d9f23747c9fc2dfee28810d39643a62ed4eb5,recurso,Extensión/directorio,,
system/backoffice/includes/plugins/datatables/extensions/Responsive/js/dataTables.responsive.min.js,7324,.js,a58a3a36ac5790197158af4388ba6176446deb71d75ea84500708b003e498369,recurso,Extensión/directorio,,
system/backoffice/includes/plugins/datatables/extensions/Responsive/License.txt,1108,.txt,b958245cdb02376a81b2277aef9a9b5fce61bf12f7c8e0577e61cf3e71bd84be,recurso,Extensión/directorio,,
system/backoffice/includes/plugins/datatables/extensions/Responsive/Readme.md,0,.md,e3b0c44298fc1c149afbf4c8996fb92427ae41e4649b934ca495991b7852b855,recurso,Extensión/directorio,,
system/backoffice/includes/plugins/datatables/extensions/Scroller/css/dataTables.scroller.css,754,.css,b86ef7f406b4f8dd6869b064a151da1d4bc4865a53af05fe75cb988a7e40fa0f,recurso,Extensión/directorio,,
system/backoffice/includes/plugins/datatables/extensions/Scroller/css/dataTables.scroller.min.css,573,.css,437e6adaa1315776d87342cceddc04d1d03b57ebf7e1b5061d02c85a1b9773e4,recurso,Extensión/directorio,,
system/backoffice/includes/plugins/datatables/extensions/Scroller/examples/api_scrolling.html,6284,.html,a7b14700b99d92ec1a023327e62cd19d18b657fc95e6ac460eea38c4284d85ef,recurso,Extensión/directorio,,
system/backoffice/includes/plugins/datatables/extensions/Scroller/examples/data/2500.txt,144588,.txt,84c9242388cfb4f845f34a273faf1d32b42cd77b1893dedeeb27e7a8815024f5,recurso,Extensión/directorio,,
system/backoffice/includes/plugins/datatables/extensions/Scroller/examples/data/ssp.php,1742,.php,c81bbc68ad0ca08a1426694a78d34b9b968a5cb13fafa1ff8c26c06fcf7bea4a,dependencia / ejemplo,Ubicación y contenido BO,0,
system/backoffice/includes/plugins/datatables/extensions/Scroller/examples/index.html,3928,.html,a4a386f1d39e0fce5466c1eeba722450dcd7d2b57d4a7745a59888996ef48860,recurso,Extensión/directorio,,
system/backoffice/includes/plugins/datatables/extensions/Scroller/examples/large_js_source.html,6738,.html,c0caf99903fc93331b42e26333bd89893131c747dba9c0e46ad850b298cfd8c6,recurso,Extensión/directorio,,
system/backoffice/includes/plugins/datatables/extensions/Scroller/examples/server-side_processing.html,8162,.html,54b43be02a9ed69b27f26fdc956c33d0b506c0f158eef5344fa63ac6bb8a7698,recurso,Extensión/directorio,,
system/backoffice/includes/plugins/datatables/extensions/Scroller/examples/simple.html,6776,.html,95410ccbb00f1e2ef53f519ebf99d5721c8c6e7f7b2c40cb1b94639d978afb68,recurso,Extensión/directorio,,
system/backoffice/includes/plugins/datatables/extensions/Scroller/examples/state_saving.html,6355,.html,95c2f27dd477945994c844093e55dc8e6f2cd56ae1d7144a64f298c2e3d9f995,recurso,Extensión/directorio,,
system/backoffice/includes/plugins/datatables/extensions/Scroller/images/loading-background.png,1013,.png,ea6b39e733ae4ef8b41540bb3052a5715d1293bd3506582a9f001441f41445a0,recurso,Extensión/directorio,,
system/backoffice/includes/plugins/datatables/extensions/Scroller/js/dataTables.scroller.js,39246,.js,bd3d0e9772c3e52b879cfcb08c987d6b826c86d5bffdc051a72b618806176396,recurso,Extensión/directorio,,
system/backoffice/includes/plugins/datatables/extensions/Scroller/js/dataTables.scroller.min.js,10510,.js,0626ba4dad79241568fb25ebf1ba487ea70bdbcf0f6de412628f6558824c1d7a,recurso,Extensión/directorio,,
system/backoffice/includes/plugins/datatables/extensions/Scroller/Readme.txt,2294,.txt,90e63f316ff58f54ae55284d1e0f38b07a31143901db1b80b86e1152e4c728fd,recurso,Extensión/directorio,,
system/backoffice/includes/plugins/datatables/extensions/TableTools/css/dataTables.tableTools.css,11073,.css,6ba453b43f993ccb9178a9e0c27c1d2e51f66770229617ea06bc17c25bd6d5f9,recurso,Extensión/directorio,,
system/backoffice/includes/plugins/datatables/extensions/TableTools/css/dataTables.tableTools.min.css,6696,.css,f5d85a52df0131357793942a3f540e52f5f7c6493bf0acb86aa8854c62f6e483,recurso,Extensión/directorio,,
system/backoffice/includes/plugins/datatables/extensions/TableTools/examples/ajax.html,7621,.html,d0fa9f2d890a42ad6e5eb097f5ed69c3be66e43e27ddad472d151c7dbe6b34b7,recurso,Extensión/directorio,,
system/backoffice/includes/plugins/datatables/extensions/TableTools/examples/alter_buttons.html,17885,.html,6700a78bc9a4b7dbd63d2e7f9fe8aa5da606ef2a25ac53ccd90ad42b48f1595b,recurso,Extensión/directorio,,
system/backoffice/includes/plugins/datatables/extensions/TableTools/examples/bootstrap.html,19068,.html,fb742de8b0a9c4e716af359849fbec4de2e76f8aade9a9f1ae73a4b9d2a509f4,recurso,Extensión/directorio,,
system/backoffice/includes/plugins/datatables/extensions/TableTools/examples/button_text.html,18614,.html,dedcd6a18b2d4bb477c1283d99198c23f170c0ec04ad6cecb187713d0af8e658,recurso,Extensión/directorio,,
system/backoffice/includes/plugins/datatables/extensions/TableTools/examples/collection.html,18275,.html,84ef5e2f763fe66edaffa03fa79902956b90ad33ea618a35382b0add48405da9,recurso,Extensión/directorio,,
system/backoffice/includes/plugins/datatables/extensions/TableTools/examples/defaults.html,17766,.html,0b475c77ee58938241ccb82548d8e63c8c7ae834cb4237415e98c929cbc6b44b,recurso,Extensión/directorio,,
system/backoffice/includes/plugins/datatables/extensions/TableTools/examples/index.html,3760,.html,41009e6ad4bf78befc93f4c6a9837e7d04f0a2b869cab8c0ae06a6ca64d049aa,recurso,Extensión/directorio,,
system/backoffice/includes/plugins/datatables/extensions/TableTools/examples/jqueryui.html,18074,.html,92b559696feb6ef030dfacb3889204fd75c757d3405ac00c1f7397a4df01be0d,recurso,Extensión/directorio,,
system/backoffice/includes/plugins/datatables/extensions/TableTools/examples/multi_instance.html,17910,.html,8adbb80955fab67cf44cffb38eb0c6d8050343a435f31560f393d0c6e82f34d3,recurso,Extensión/directorio,,
system/backoffice/includes/plugins/datatables/extensions/TableTools/examples/multiple_tables.html,10614,.html,c728152d6ef92d07d6428a37e4e5d98c953716cf069a2de4790f4b79c2559ad5,recurso,Extensión/directorio,,
system/backoffice/includes/plugins/datatables/extensions/TableTools/examples/new_init.html,18299,.html,c29e4708c8aa693eb954ebb49d211881c4a1c16ce0c5483f97953f7309443903,recurso,Extensión/directorio,,
system/backoffice/includes/plugins/datatables/extensions/TableTools/examples/pdf_message.html,18018,.html,99d23ec5b49df0117466b9e7c1d897cfb0dfe65b4689f3ce6d78eb7f7b38bbdc,recurso,Extensión/directorio,,
system/backoffice/includes/plugins/datatables/extensions/TableTools/examples/plug-in.html,19104,.html,cd74d78eef4f38d6cbf4a6b30384da5b038ac592f3ebf09a25790d63ccef5226,recurso,Extensión/directorio,,
system/backoffice/includes/plugins/datatables/extensions/TableTools/examples/select_column.html,9220,.html,a70caece84b3a65e1eb961ae509d1996c14d2bf26e02a8d49d5316b6bb38ea1f,recurso,Extensión/directorio,,
system/backoffice/includes/plugins/datatables/extensions/TableTools/examples/select_multi.html,18408,.html,9e326f83827f22db673066b8e727692dc2c08f58d5b9fab13c169fadb568f5ad,recurso,Extensión/directorio,,
system/backoffice/includes/plugins/datatables/extensions/TableTools/examples/select_os.html,18435,.html,542d0a4977f94d6c86d46ab5dd40bf218a712cd9e0d9e1cf05e2de612266ccfb,recurso,Extensión/directorio,,
system/backoffice/includes/plugins/datatables/extensions/TableTools/examples/select_single.html,18088,.html,ca8533ff5de5d25426349bf10a507544aa90875fe794ea0cffda8601b424169d,recurso,Extensión/directorio,,
system/backoffice/includes/plugins/datatables/extensions/TableTools/examples/simple.html,17867,.html,3bfd056561b2dc7872d3e5ae3347cfd6f78f79d1d914fcc131b27acf113357a3,recurso,Extensión/directorio,,
system/backoffice/includes/plugins/datatables/extensions/TableTools/examples/swf_path.html,18040,.html,7cddb39fd82633425df77c9e376c67880438c8da2fb79a7efc0973fc9e656923,recurso,Extensión/directorio,,
system/backoffice/includes/plugins/datatables/extensions/TableTools/images/collection.png,1166,.png,bbd8b7d27060bd17a10af4143f1e716ffaee2f652af70381bf71057aefa5e0f4,recurso,Extensión/directorio,,
system/backoffice/includes/plugins/datatables/extensions/TableTools/images/collection_hover.png,1194,.png,eaab9c30ceead4610031a39b77a08d80c87f8c97bdfa6e52aa7e6e1dcaaeb4e1,recurso,Extensión/directorio,,
system/backoffice/includes/plugins/datatables/extensions/TableTools/images/copy.png,2184,.png,a0feeab39e2b27cd966f77ebac68be4b3638eae7b51b61431bf860a1bb6da929,recurso,Extensión/directorio,,
system/backoffice/includes/plugins/datatables/extensions/TableTools/images/copy_hover.png,2797,.png,cde411862f25c1f66a2f54da665968e4b5be58e5eb6ef5769fc69fde1cf8915e,recurso,Extensión/directorio,,
system/backoffice/includes/plugins/datatables/extensions/TableTools/images/csv.png,1607,.png,d1ddfd7d80b19736d956c00dbe6a9dde454e0b48e732975a89f0d9ec8ca5646c,recurso,Extensión/directorio,,
system/backoffice/includes/plugins/datatables/extensions/TableTools/images/csv_hover.png,1854,.png,671101bdd0b393cd51c28b34fb5fa24c08932e654c75b47df2d7ef8b021ce289,recurso,Extensión/directorio,,
system/backoffice/includes/plugins/datatables/extensions/TableTools/images/pdf.png,4325,.png,178bccf4fa6246c4e983e1b45bd521c929fa197321ccafdc0c8c0dce799699b2,recurso,Extensión/directorio,,
system/backoffice/includes/plugins/datatables/extensions/TableTools/images/pdf_hover.png,2786,.png,a0c883c30bf77280618eba2ce08de7e1377bff15955ebf024deee72819f33945,recurso,Extensión/directorio,,
system/backoffice/includes/plugins/datatables/extensions/TableTools/images/print.png,2123,.png,56efc7161f8c36454f011542fd51c4c515fd8a64e4e499834daaf0415bc55bd1,recurso,Extensión/directorio,,
system/backoffice/includes/plugins/datatables/extensions/TableTools/images/print_hover.png,2230,.png,dfd041e39e9342f1706335301e65b2fe1bbed3ecce90aeed1b6880b3177dc5c9,recurso,Extensión/directorio,,
system/backoffice/includes/plugins/datatables/extensions/TableTools/images/psd/collection.psd,25792,.psd,bb4f4066014a43f12d9490e25ccd2d250fb65081321bcdcd80cf78b7230a6b59,recurso,Extensión/directorio,,
system/backoffice/includes/plugins/datatables/extensions/TableTools/images/psd/copy document.psd,104729,.psd,4aa0d0810a0feb0c70db43fb61ea32588fd06c9b0191cbcffb18ffd9197fcf8f,recurso,Extensión/directorio,,
system/backoffice/includes/plugins/datatables/extensions/TableTools/images/psd/file_types.psd,1090645,.psd,d0c9a14db4c00e149ddeaee5735b20de70822ea482122e5b0afb24d79d734058,recurso,Extensión/directorio,,
system/backoffice/includes/plugins/datatables/extensions/TableTools/images/psd/printer.psd,119952,.psd,388ccae0e1841fd1c20d47e94c3ea8c331f3e612b353568daa1897ac1dc75018,recurso,Extensión/directorio,,
system/backoffice/includes/plugins/datatables/extensions/TableTools/images/xls.png,1641,.png,7995e42ff963255fb782c1b858e7d01be93f204befade7e7a41961e42d285d44,recurso,Extensión/directorio,,
system/backoffice/includes/plugins/datatables/extensions/TableTools/images/xls_hover.png,2061,.png,4aeef987c05055d78ff769f7ad4d871b897fced597d77fcc92ace6945d99f5bd,recurso,Extensión/directorio,,
system/backoffice/includes/plugins/datatables/extensions/TableTools/js/dataTables.tableTools.js,87808,.js,8bc692158be0ef175e1e59de1bf9ab116d4b7235275d49ff6b80c51226e62c0f,recurso,Extensión/directorio,,
system/backoffice/includes/plugins/datatables/extensions/TableTools/js/dataTables.tableTools.min.js,31920,.js,4487adb666ac7f57429ac144cc39aa3cd6bad58c24b25306bf308c66ecb5d631,recurso,Extensión/directorio,,
system/backoffice/includes/plugins/datatables/extensions/TableTools/Readme.md,1372,.md,8a0e34d7464ec050b9e0f30c4e8e286d509f02f2f99aa30e4a0e251d8ecb4ac2,recurso,Extensión/directorio,,
system/backoffice/includes/plugins/datatables/extensions/TableTools/swf/copy_csv_xls.swf,2232,.swf,3234c55eb251ca5339cdbd8a9393f7e13f00c9eb8876bc340b19e1231fef1ceb,recurso,Extensión/directorio,,
system/backoffice/includes/plugins/datatables/extensions/TableTools/swf/copy_csv_xls_pdf.swf,58846,.swf,51b135065fad2997492266c3d4735ccc8589d2d91472f274624667e8a9af82dd,recurso,Extensión/directorio,,
system/backoffice/includes/plugins/datatables/images/sort_asc.png,160,.png,595704c3f3cf4cb65c7d9c8508a99e7480e150095473faed31a07c21b13389b8,recurso,Extensión/directorio,,
system/backoffice/includes/plugins/datatables/images/sort_asc_disabled.png,148,.png,a65b8f4f84d6427a81c360282fc5394d51bf99dada5f159e6aa0fce3c396825c,recurso,Extensión/directorio,,
system/backoffice/includes/plugins/datatables/images/sort_both.png,201,.png,3e016c23ae51417382b640ae2d19eb48047532c37ad53894bd185586559ccffb,recurso,Extensión/directorio,,
system/backoffice/includes/plugins/datatables/images/sort_desc.png,158,.png,d08ed0e21f187dd309030d465224da8085119a15a17d616ba0e477bb50c6f10d,recurso,Extensión/directorio,,
system/backoffice/includes/plugins/datatables/images/sort_desc_disabled.png,146,.png,6c0f0c1b21ef6807057afc8ddc1a925d1dbd21cb11e9270ec84ff4ac40d9a3fa,recurso,Extensión/directorio,,
system/backoffice/includes/plugins/datatables/jquery.dataTables.css,15839,.css,79beacc03d0fc5c9189e3c7729bf1db8f1d5287e87942d6db5936d98232eda98,recurso,Extensión/directorio,,
system/backoffice/includes/plugins/datatables/jquery.dataTables.js,453930,.js,358583ac10e66abecd5541b04d61cc1d23bf66401fb1c643c278e5edafc70b18,recurso,Extensión/directorio,,
system/backoffice/includes/plugins/datatables/jquery.dataTables.min.css,13430,.css,063e443bd215edc88e5ea60f96c77529a18ba04df28b58aead3588babcd99000,recurso,Extensión/directorio,,
system/backoffice/includes/plugins/datatables/jquery.dataTables.min.js,80041,.js,41bf347af192b2a6b9bab51d2c5302fea3cf1c9a2e86ff1cb41e5e89b7a43b9c,recurso,Extensión/directorio,,
system/backoffice/includes/plugins/datatables/jquery.dataTables_themeroller.css,14645,.css,c67945a0b3d1f1e09824758a5d6fdbb19fed593ec69db2aae4df32527cf40537,recurso,Extensión/directorio,,
system/backoffice/includes/plugins/datepicker/bootstrap-datepicker.js,48509,.js,bd6f54280df0bffba1a7f8cc94e8aaef8f07645b7ca6b13c6e68533c63ac2591,recurso,Extensión/directorio,,
system/backoffice/includes/plugins/datepicker/datepicker3.css,34535,.css,649aba46efe24ff8d3ce9d790a386f23a05ca5ce12f0281baef1c4827433fb70,recurso,Extensión/directorio,,
system/backoffice/includes/plugins/datepicker/locales/bootstrap-datepicker.ar.js,964,.js,95dc1481253fcb5855b5d43088224797514fd15e339f24d3916b01fc5aae9d6b,recurso,Extensión/directorio,,
system/backoffice/includes/plugins/datepicker/locales/bootstrap-datepicker.az.js,671,.js,05fc4904ab3b8356dc70d59120b4553614b88b7f61a6c23f7e779e7866aec982,recurso,Extensión/directorio,,
system/backoffice/includes/plugins/datepicker/locales/bootstrap-datepicker.bg.js,850,.js,e1f18082fe68fbbeaaf87ce9ba68f6ab2d8b0901ce7e1cd67b2ec8d3e2becf60,recurso,Extensión/directorio,,
system/backoffice/includes/plugins/datepicker/locales/bootstrap-datepicker.ca.js,653,.js,a06f99e23b21905e6f9dc1c933527d6bc5fdd7a91ed1a3c5c8f2d1436f24616e,recurso,Extensión/directorio,,
system/backoffice/includes/plugins/datepicker/locales/bootstrap-datepicker.cs.js,726,.js,e8bef23e70f497e9ce3ca884bd010425e3a8539c5f4b34fcb595b09cf30f594a,recurso,Extensión/directorio,,
system/backoffice/includes/plugins/datepicker/locales/bootstrap-datepicker.cy.js,636,.js,a2d586ea4b5e58958ee1c99aedc3c73bca0f37f534174ad144f4c490f1c2c51c,recurso,Extensión/directorio,,
system/backoffice/includes/plugins/datepicker/locales/bootstrap-datepicker.da.js,688,.js,2ee5ad743e6bc4c8a1ef9c562782d326a8495ce91be54e45e36de3bcd15e449f,recurso,Extensión/directorio,,
system/backoffice/includes/plugins/datepicker/locales/bootstrap-datepicker.de.js,714,.js,4e0b83e23e22b2134ed4304fffb2bdb627961bb8ea4cbabb91f4f92b4693307a,recurso,Extensión/directorio,,
system/backoffice/includes/plugins/datepicker/locales/bootstrap-datepicker.el.js,900,.js,283ecf529bd053d5c7e8008a4f8aad4e902e62682570b6da0192a93418dad0c1,recurso,Extensión/directorio,,
system/backoffice/includes/plugins/datepicker/locales/bootstrap-datepicker.es.js,661,.js,e14617734a4242d1d0b3e03cdd6dafb0d5493be41524f9ad0b13773e92ad25d0,recurso,Extensión/directorio,,
system/backoffice/includes/plugins/datepicker/locales/bootstrap-datepicker.et.js,831,.js,ec08889a96d1fbb955e675458c28b6028b5d6dd102a8c1fa526a76bcdf9a9f66,recurso,Extensión/directorio,,
system/backoffice/includes/plugins/datepicker/locales/bootstrap-datepicker.fa.js,883,.js,84cf4db123f648aa9ad535fe0af7da9b27b14a194960bca1324b492ec750ab68,recurso,Extensión/directorio,,
system/backoffice/includes/plugins/datepicker/locales/bootstrap-datepicker.fi.js,742,.js,c9121f5f54ed3f2fcf9540c433531fc91d3a5dc58707dd56fe90585adf9ad72b,recurso,Extensión/directorio,,
system/backoffice/includes/plugins/datepicker/locales/bootstrap-datepicker.fr.js,718,.js,cfa696ae4261e7f3b074f47a36434797effc3bc4a85ccd60dd7b5839a2a6a46a,recurso,Extensión/directorio,,
system/backoffice/includes/plugins/datepicker/locales/bootstrap-datepicker.gl.js,574,.js,44fa9a13af6939667bb152d008ff897b548a3c0efa488d3135f522536f4df9a8,recurso,Extensión/directorio,,
system/backoffice/includes/plugins/datepicker/locales/bootstrap-datepicker.he.js,782,.js,3553e90f8401aac2d33abb6b0fe7b2ed2599ba5eee50d9ce55e1cf1f7f7ba53c,recurso,Extensión/directorio,,
system/backoffice/includes/plugins/datepicker/locales/bootstrap-datepicker.hr.js,611,.js,924855db6123955d0bcab0aaf9a08fcc628ee671020a329a49dfcfda4f6149b3,recurso,Extensión/directorio,,
system/backoffice/includes/plugins/datepicker/locales/bootstrap-datepicker.hu.js,731,.js,af7f4d2f9ff97bd51f4ce4d059a2657f4144147a73d415570e6bc6956c60e10d,recurso,Extensión/directorio,,
system/backoffice/includes/plugins/datepicker/locales/bootstrap-datepicker.id.js,667,.js,5bcd97a13d29f9c73a2f75de8dc6831dbdbbaee121a36eb6b1a91fd91e1e5c51,recurso,Extensión/directorio,,
system/backoffice/includes/plugins/datepicker/locales/bootstrap-datepicker.is.js,723,.js,adc3b3c05d34dd8dbb541cf71d7b6274dad427dead675c47088f91cda239da34,recurso,Extensión/directorio,,
system/backoffice/includes/plugins/datepicker/locales/bootstrap-datepicker.it.js,732,.js,0d26cd869dd059d943957aecef776a3089378a730eb8305be3941774bd8e05c7,recurso,Extensión/directorio,,
system/backoffice/includes/plugins/datepicker/locales/bootstrap-datepicker.ja.js,680,.js,1d570a0ae5766d14e9f0bd136104332ee9a2e41b0b249297b3371a78dd0e2625,recurso,Extensión/directorio,,
system/backoffice/includes/plugins/datepicker/locales/bootstrap-datepicker.ka.js,1278,.js,60657f6e4b34680f5d6b60be69c42358148c7eaf38101de575b06e62d4cf65be,recurso,Extensión/directorio,,
system/backoffice/includes/plugins/datepicker/locales/bootstrap-datepicker.kk.js,886,.js,8b6f3394bcc9aa28533e6f3fccd0bd52cbac4153954a5798de9a50a36b6e80d8,recurso,Extensión/directorio,,
system/backoffice/includes/plugins/datepicker/locales/bootstrap-datepicker.kr.js,650,.js,d036f9a23a243a5e28c7bd7bdf163b5fcfeb2539bf2abb58ecd602e958095038,recurso,Extensión/directorio,,
system/backoffice/includes/plugins/datepicker/locales/bootstrap-datepicker.lt.js,780,.js,70e4c9f9d3eac553aff2214123b4594422065b8916a1f7a07f434164df49e814,recurso,Extensión/directorio,,
system/backoffice/includes/plugins/datepicker/locales/bootstrap-datepicker.lv.js,748,.js,545fe532bd1965c16ff11a8c7f8843aadc43db611183b0f2d1a29bb310ff1e30,recurso,Extensión/directorio,,
system/backoffice/includes/plugins/datepicker/locales/bootstrap-datepicker.mk.js,933,.js,fdd19a965687b3611634b7b5ddf014129452fd24e2392e79a2fe5226cbd89951,recurso,Extensión/directorio,,
system/backoffice/includes/plugins/datepicker/locales/bootstrap-datepicker.ms.js,635,.js,7e1afce368eec9eef13499b3f2fddfe911c329c6bb55d224ee80402703188b58,recurso,Extensión/directorio,,
system/backoffice/includes/plugins/datepicker/locales/bootstrap-datepicker.nb.js,678,.js,72dc16b1f42b96ae32b43977418e116cae26a4c2c79750bf92124fe8de6d847d,recurso,Extensión/directorio,,
system/backoffice/includes/plugins/datepicker/locales/bootstrap-datepicker.nl-BE.js,753,.js,a7449e523344d1ade1fc7aa677dba5d0e9634b02f953c6088993c69ed69c38d2,recurso,Extensión/directorio,,
system/backoffice/includes/plugins/datepicker/locales/bootstrap-datepicker.nl.js,657,.js,377706fcfdbca0f0ce2c4e38712e53f1aa4b507aded277ad45178800d6120ee6,recurso,Extensión/directorio,,
system/backoffice/includes/plugins/datepicker/locales/bootstrap-datepicker.no.js,638,.js,0d86c5a491f853bf870c93d24c4d4488c2c57475e97bc0702381582dd01658d2,recurso,Extensión/directorio,,
system/backoffice/includes/plugins/datepicker/locales/bootstrap-datepicker.pl.js,790,.js,48b06db7f721911c532c900070f56863056ce7bf526909102cab2f9ed88c07f5,recurso,Extensión/directorio,,
system/backoffice/includes/plugins/datepicker/locales/bootstrap-datepicker.pt-BR.js,677,.js,dc2c4c16e8480da9daa9c8da2efc9f7b9343ae924bf883eb7d1de2266e495aa7,recurso,Extensión/directorio,,
system/backoffice/includes/plugins/datepicker/locales/bootstrap-datepicker.pt.js,733,.js,54592a9fafe9767903171725f0464a8bba5bdc1ee64cb856422bcd28bb375099,recurso,Extensión/directorio,,
system/backoffice/includes/plugins/datepicker/locales/bootstrap-datepicker.ro.js,712,.js,8941c7a0046640262779cc4bfec2af1eab884aa0e096b91adad67135cc50d364,recurso,Extensión/directorio,,
system/backoffice/includes/plugins/datepicker/locales/bootstrap-datepicker.rs-latin.js,661,.js,249d20633c64a329f6b811253e0c8044cac89f7a4675fcd2e7a085c8ec9d4abc,recurso,Extensión/directorio,,
system/backoffice/includes/plugins/datepicker/locales/bootstrap-datepicker.rs.js,849,.js,33fca8daeccce8168b3dc5897f791770994526920be56ee229ea0396c66e784f,recurso,Extensión/directorio,,
system/backoffice/includes/plugins/datepicker/locales/bootstrap-datepicker.ru.js,898,.js,54e24627ceb755c441630a6ccc0d0717001af277cff315959ab8fc50260284b6,recurso,Extensión/directorio,,
system/backoffice/includes/plugins/datepicker/locales/bootstrap-datepicker.sk.js,708,.js,48603159d27c84220181e4cee4d3a3dc158d51092dceebeed1fce0cfe170842a,recurso,Extensión/directorio,,
system/backoffice/includes/plugins/datepicker/locales/bootstrap-datepicker.sl.js,658,.js,17994248ca739256bfc9aa01302df12abbd50b90132ec96dfa59960011e9b7d7,recurso,Extensión/directorio,,
system/backoffice/includes/plugins/datepicker/locales/bootstrap-datepicker.sq.js,674,.js,08172b29cd8e64d5756a6e784f1fd96e2b12c1e16db2f988fd8d29f4b197feef,recurso,Extensión/directorio,,
system/backoffice/includes/plugins/datepicker/locales/bootstrap-datepicker.sv.js,705,.js,1dea690b298640b24474e32523fc30bbdd344853a57feb4d8095d99d808241ee,recurso,Extensión/directorio,,
system/backoffice/includes/plugins/datepicker/locales/bootstrap-datepicker.sw.js,788,.js,dc15578c72f8e161df5d297f5f815d0b94a4a1c5fcc12cd88376f300d25d1c5f,recurso,Extensión/directorio,,
system/backoffice/includes/plugins/datepicker/locales/bootstrap-datepicker.th.js,1022,.js,c53862e389d9751c530c61d361b56f65c80dbe957e2b03d6f5ba72fbe5413531,recurso,Extensión/directorio,,
system/backoffice/includes/plugins/datepicker/locales/bootstrap-datepicker.tr.js,687,.js,8368a7d2218b897a55b8d2097ee4aff0354aa8e3a36761977d0f5ccb6ab754ef,recurso,Extensión/directorio,,
system/backoffice/includes/plugins/datepicker/locales/bootstrap-datepicker.ua.js,883,.js,f5350c256f5ac4688510244522b066400be81dbe834070b47830c69991fe9abd,recurso,Extensión/directorio,,
system/backoffice/includes/plugins/datepicker/locales/bootstrap-datepicker.vi.js,777,.js,f383e2184d2834ceb20d7c91297874059c55de5041eafbf7e6094b422bad76bf,recurso,Extensión/directorio,,
system/backoffice/includes/plugins/datepicker/locales/bootstrap-datepicker.zh-CN.js,812,.js,64ec8bcef3a6c8c2b33505af2d9f4697031f8d9c04c9690b29b29919c1bea8a3,recurso,Extensión/directorio,,
system/backoffice/includes/plugins/datepicker/locales/bootstrap-datepicker.zh-TW.js,908,.js,502628e0996841b80d174987ea32349e133d388fa4e3007dad4a181595a16ad7,recurso,Extensión/directorio,,
system/backoffice/includes/plugins/daterangepicker/daterangepicker-bs3.css,7102,.css,752be27fd1cf843030b8af48f3b833e7c39aa8f2d79c3900c6a7a8c93e2aa6d4,recurso,Extensión/directorio,,
system/backoffice/includes/plugins/daterangepicker/daterangepicker.js,54983,.js,ad6fdd7353f8ebfc7573c6f585fcab2eff95a84aad4f495d137d7a3564dfd53c,recurso,Extensión/directorio,,
system/backoffice/includes/plugins/daterangepicker/moment.js,102244,.js,46f9889311b021f4e4daf35a87a8f48ed5afdabf488680005647d30f48fb0553,recurso,Extensión/directorio,,
system/backoffice/includes/plugins/daterangepicker/moment.min.js,34743,.js,c2b803aabb3560cf7550b102eab0b81feacadc4c493edfd433a0d8ec26d55f7f,recurso,Extensión/directorio,,
system/backoffice/includes/plugins/fancybox/jquery.fancybox.css,14029,.css,81a529503171342112066a9cbc91ad42bb8d03cae204f9f2dfe0fbc8ce837a47,recurso,Extensión/directorio,,
system/backoffice/includes/plugins/fancybox/jquery.fancybox.js,121984,.js,4fb8fc4839726cc6dcc1fe9a1b9c67b12bef53a36529c7fcb3d009c65f296483,recurso,Extensión/directorio,,
system/backoffice/includes/plugins/fancybox/jquery.fancybox.min.css,10424,.css,52974e1f2c9fb2f17952ee8185bb18407775682348bf1848083163cf841b10da,recurso,Extensión/directorio,,
system/backoffice/includes/plugins/fancybox/jquery.fancybox.min.js,45511,.js,e511216e709c35b8ce12479ebc9300f8e724f37320b25370eced2f3162d401a2,recurso,Extensión/directorio,,
system/backoffice/includes/plugins/fastclick/fastclick.js,26806,.js,32544945f4c6d64454e52fc7de9f86e8cd08fbbbe7b745dec9a86b2262f7912f,recurso,Extensión/directorio,,
system/backoffice/includes/plugins/fastclick/fastclick.min.js,8776,.js,32c983a4b3b87d8f7eafa40840c8791351a593c869a3029d8b7356a8cf6d2a94,recurso,Extensión/directorio,,
system/backoffice/includes/plugins/flot/excanvas.js,43371,.js,e98e20f0eec2ce394c4728d8ad65a6a0537a8dd5c0bbfd375bc58d5af3c5e599,recurso,Extensión/directorio,,
system/backoffice/includes/plugins/flot/excanvas.min.js,19314,.js,6201dbbd9beb94d8a241a0debf2cc2e6efc07ec69f4d1f116984e21b459ee569,recurso,Extensión/directorio,,
system/backoffice/includes/plugins/flot/jquery.colorhelpers.js,6334,.js,0daacde68c031057580a28450e7ac41a946875737440f87bcc33901ac0541c7c,recurso,Extensión/directorio,,
system/backoffice/includes/plugins/flot/jquery.colorhelpers.min.js,3134,.js,32bac9873a192b42bacf66d5d0fa6d0054af99bdab9959168ba35d83a9293a9f,recurso,Extensión/directorio,,
system/backoffice/includes/plugins/flot/jquery.flot.canvas.js,9944,.js,050951efd67f354b41051db33b5e8550237473c60620c642a22440d8985c622c,recurso,Extensión/directorio,,
system/backoffice/includes/plugins/flot/jquery.flot.canvas.min.js,3812,.js,6ffa4fd5bf2ad2bf638e3e5d9afd54814ed5803a826f5b38d9186c30a7d4e517,recurso,Extensión/directorio,,
system/backoffice/includes/plugins/flot/jquery.flot.categories.js,6223,.js,33e87389b22367e2622103c33f84562715c56a68058ff6615776d3c9c6846bab,recurso,Extensión/directorio,,
system/backoffice/includes/plugins/flot/jquery.flot.categories.min.js,2457,.js,8b6997d9dc346a8f8580bce4d326b98bfac8f52ea4ed9b9927e217aeadcfbc0e,recurso,Extensión/directorio,,
system/backoffice/includes/plugins/flot/jquery.flot.crosshair.js,5601,.js,1ac1b3667d20cef44dad385a063e0f59ccc7626046870083909bcbc66e796a44,recurso,Extensión/directorio,,
system/backoffice/includes/plugins/flot/jquery.flot.crosshair.min.js,2025,.js,682fcbeb60a9c1acd079154b81124048fa2f58f729d301f83c58ee222f49cef2,recurso,Extensión/directorio,,
system/backoffice/includes/plugins/flot/jquery.flot.errorbars.js,12967,.js,c9dc7216964d387ffd89fd5fff4875aeebb0006cd6af8460a3d54105834be7a3,recurso,Extensión/directorio,,
system/backoffice/includes/plugins/flot/jquery.flot.errorbars.min.js,5312,.js,efbd90b9fe39bd7291bc6d1227b8b56a630b0cfada6fd1df0dfb522bb10880b6,recurso,Extensión/directorio,,
system/backoffice/includes/plugins/flot/jquery.flot.fillbetween.js,5483,.js,ea8b2cefd58dae91eee1a09262a197bdd2464d105a45073001a95a389c20dc34,recurso,Extensión/directorio,,
system/backoffice/includes/plugins/flot/jquery.flot.fillbetween.min.js,2168,.js,cc4ce279a84474d615dbe4fb9c16200e98d4a58966993cdfd5903231eeb61a50,recurso,Extensión/directorio,,
system/backoffice/includes/plugins/flot/jquery.flot.image.js,7602,.js,ccf9d5385ce1bd3f6c7c9b5908d1bc4b68325ff92d5aa065d17796db87218322,recurso,Extensión/directorio,,
system/backoffice/includes/plugins/flot/jquery.flot.image.min.js,2542,.js,996c42ce4500e5411adf96dff5c7d2ed9127311aadbbb3d737c7e83c6137ccf8,recurso,Extensión/directorio,,
system/backoffice/includes/plugins/flot/jquery.flot.js,124764,.js,73d2b3ce370172332eaf882d73814aae07832e98c2e40704135208ec98aa1e0c,recurso,Extensión/directorio,,
system/backoffice/includes/plugins/flot/jquery.flot.min.js,52301,.js,bb335fbe190b601435391e614d0b4ac2a49e93fc47ecaef8d678792a75c560fa,recurso,Extensión/directorio,,
system/backoffice/includes/plugins/flot/jquery.flot.navigate.js,14536,.js,aef0862a8272657fefe77e696343079679966de0578b0f618a3d0bf908ed6999,recurso,Extensión/directorio,,
system/backoffice/includes/plugins/flot/jquery.flot.navigate.min.js,6407,.js,75db6278e339069bfbef89f06af5d946b0b9bc08baa6a660659d554018053e0c,recurso,Extensión/directorio,,
system/backoffice/includes/plugins/flot/jquery.flot.pie.js,24452,.js,7edf8962b0d5f5991867bce0c400231506c8e4680afa8e57ff0fe060c54e5ad1,recurso,Extensión/directorio,,
system/backoffice/includes/plugins/flot/jquery.flot.pie.min.js,12024,.js,d2383a899b52cdb06b2b2eed35e51bc46707c6c0942ace9eedb7d14940bd0eb1,recurso,Extensión/directorio,,
system/backoffice/includes/plugins/flot/jquery.flot.resize.js,3195,.js,4e6bfe75ee2dab6f4aa572142ce1f7ba61d18ad98784cebf80bc5b18d8f95b54,recurso,Extensión/directorio,,
system/backoffice/includes/plugins/flot/jquery.flot.resize.min.js,2023,.js,58dbb969dabaaf180f8c059ef068b4a4f854f5b79b8ef3d43c9e54a47bcddd0e,recurso,Extensión/directorio,,
system/backoffice/includes/plugins/flot/jquery.flot.selection.js,13501,.js,35639afcdf5c9a1fe6353cae1eb1d1ed5db3cbf8fefe514fa100264822f191b1,recurso,Extensión/directorio,,
system/backoffice/includes/plugins/flot/jquery.flot.selection.min.js,5130,.js,e291f5a521d2754e7ac640d798e755c603ec7faaaed44e8cd6e5e9e4f6457892,recurso,Extensión/directorio,,
system/backoffice/includes/plugins/flot/jquery.flot.stack.js,7278,.js,8cd1d8a89beb0b233d2f0e10cfa2d2deb3be0729bccd7961ddefdfe53f39b73b,recurso,Extensión/directorio,,
system/backoffice/includes/plugins/flot/jquery.flot.stack.min.js,2324,.js,8d33250c497f1291a03dde1667df8d6f04be1fe9138c2e2f72ffcaecd8f0c792,recurso,Extensión/directorio,,
system/backoffice/includes/plugins/flot/jquery.flot.symbol.js,2576,.js,d081f20bd7a8fbd2303369344ee4c9b97647813e3b67d4356c3c626fd16160be,recurso,Extensión/directorio,,
system/backoffice/includes/plugins/flot/jquery.flot.symbol.min.js,1046,.js,c92a55f31be946b35fdb78b955b18b9f5631cb51ec98cfcb910092476bef1c12,recurso,Extensión/directorio,,
system/backoffice/includes/plugins/flot/jquery.flot.threshold.js,4622,.js,8a11a854900d9a64e43bde58ef9ce64e90fefcff334056361e4ac6ce0ede6239,recurso,Extensión/directorio,,
system/backoffice/includes/plugins/flot/jquery.flot.threshold.min.js,1699,.js,62090b2a92746f3b0590da370db49b7905116ff0e8eb6cc2f69ddeafe64a9cac,recurso,Extensión/directorio,,
system/backoffice/includes/plugins/flot/jquery.flot.time.js,12172,.js,f855ce85ac16b3a3fc3ad109769b23d10f62bc9985031aa1dd9f7ea1f876832f,recurso,Extensión/directorio,,
system/backoffice/includes/plugins/flot/jquery.flot.time.min.js,6715,.js,0b781989122c553804c0e69c5afa291c9df3ba60fb77a4146ae40a80825ef7ae,recurso,Extensión/directorio,,
system/backoffice/includes/plugins/fullcalendar/fullcalendar.css,23492,.css,9e44853a602f837d8dadbf8eb0c7d8379641be9f46834d7a9cfe820eb6771082,recurso,Extensión/directorio,,
system/backoffice/includes/plugins/fullcalendar/fullcalendar.js,288990,.js,a71d9dbb782d2b580076b3ca86131a2c7a61ed2ce654aab3d6e21300c4214b68,recurso,Extensión/directorio,,
system/backoffice/includes/plugins/fullcalendar/fullcalendar.min.css,10636,.css,9a75be874d9fdecc84215651e81155ea82dd0d7f79019ff81386b4bd4ef7dbcd,recurso,Extensión/directorio,,
system/backoffice/includes/plugins/fullcalendar/fullcalendar.min.js,84830,.js,8daced5f8eaf352136f14445b5f4b3ca3f674dfbfd4f1c52732a7eb38afbe321,recurso,Extensión/directorio,,
system/backoffice/includes/plugins/fullcalendar/fullcalendar.print.css,5593,.css,1c53a282a51b90015ebc7b52a4a9c5b0ddf55f7f85dc0abd798789aa4029ee78,recurso,Extensión/directorio,,
system/backoffice/includes/plugins/iCheck/all.css,1628,.css,4ea5542fd2deaa66b48f5f11273a0a5c24406aeee5a637d77eb6394046117327,recurso,Extensión/directorio,,
system/backoffice/includes/plugins/iCheck/flat/_all.css,14332,.css,d3246334afd9355b4d03ccbc60028b9cdce3c7910461c3d4cef23f1036e40fe5,recurso,Extensión/directorio,,
system/backoffice/includes/plugins/iCheck/flat/aero.css,1483,.css,cbf3cac40cfa7b3e94bb3f8fe3563e8f998056315c42b6ec912055d6f9c6dac5,recurso,Extensión/directorio,,
system/backoffice/includes/plugins/iCheck/flat/aero.png,1520,.png,870db4ecdf5732a8fe5fb55e50d552f59fb8170fce3c321f3e1ef7f0605d1028,recurso,Extensión/directorio,,
system/backoffice/includes/plugins/iCheck/flat/aero@2x.png,3218,.png,3ba32ee9bd791144850020cf9ce51409a2b95faf35bf7f40e9777dba2ba59de1,recurso,Extensión/directorio,,
system/backoffice/includes/plugins/iCheck/flat/blue.css,1483,.css,55a016a0b073db60283c969a71fa79b018b764a9f2405d8fb52fd704c2d4bf64,recurso,Extensión/directorio,,
system/backoffice/includes/plugins/iCheck/flat/blue.png,1518,.png,f8cd711862ded984c4d8dfb70d8f0f890a1cc8037e883288a0a459d7524b3d42,recurso,Extensión/directorio,,
system/backoffice/includes/plugins/iCheck/flat/blue@2x.png,3217,.png,f576f01791c658bb2e8cf4402b76c571fce5041753a8a7a2291548402c2fb94c,recurso,Extensión/directorio,,
system/backoffice/includes/plugins/iCheck/flat/flat.css,1424,.css,2a45586a60cd9b2fabf1c47435e159e5b34f43a35587ffd757d6380f23d23dec,recurso,Extensión/directorio,,
system/backoffice/includes/plugins/iCheck/flat/flat.png,1515,.png,649617bbce32ff4e0a8343c6f011a17116e86b13c50c1d9bfa92c0ee20605bec,recurso,Extensión/directorio,,
system/backoffice/includes/plugins/iCheck/flat/flat@2x.png,3217,.png,761a11a1d4b30c951218c185ce70e208db481dd4d2516a73dfa53f7c3d0a62da,recurso,Extensión/directorio,,
system/backoffice/includes/plugins/iCheck/flat/green.css,1498,.css,028f9f19c6f2098483ad7e99ec365c4eb289f2ebef6eb9155087bfb58b47e16a,recurso,Extensión/directorio,,
system/backoffice/includes/plugins/iCheck/flat/green.png,1444,.png,34858518bad21f9134e78e32fcfbc38ff468553c43944721cbdb5d80ca5472d4,recurso,Extensión/directorio,,
system/backoffice/includes/plugins/iCheck/flat/green@2x.png,3117,.png,af0c9f69994fbb887a9f2d21aac89de946a6994a7f5a89e6f767b4f6473982ac,recurso,Extensión/directorio,,
system/backoffice/includes/plugins/iCheck/flat/grey.css,1483,.css,a84d935ecc20f09db2d9d3e9e62afd0a172874fd4d32ae6995d7dffac7ac7e47,recurso,Extensión/directorio,,
system/backoffice/includes/plugins/iCheck/flat/grey.png,1516,.png,7e7ca23be1d7b29a14f919d31f9b45ab425da93be4c2171552fda986d003fa6d,recurso,Extensión/directorio,,
system/backoffice/includes/plugins/iCheck/flat/grey@2x.png,3217,.png,cfbadf65db8b639977c46c6935593f72d13e6bb1a08dee64691804248a40c4ac,recurso,Extensión/directorio,,
system/backoffice/includes/plugins/iCheck/flat/orange.css,1513,.css,3471f286595723980558c2ecb836dbd4ccb3399dffc4c1860ae6669aa89f4adf,recurso,Extensión/directorio,,
system/backoffice/includes/plugins/iCheck/flat/orange.png,1518,.png,e7c0220f2a222f0b1b4ed4ecfada3f67347cbd3a2c83fd75a1515378336421b0,recurso,Extensión/directorio,,
system/backoffice/includes/plugins/iCheck/flat/orange@2x.png,3275,.png,a6d0bce44faca0c35a1e385aca6f924c4442245fdbb83ecb596f509cf2dc4b38,recurso,Extensión/directorio,,
system/backoffice/includes/plugins/iCheck/flat/pink.css,1483,.css,57ff073cb7460ecb0c0bf53b60efed1ae7665e5dc5ce85299c048966b33cdfdf,recurso,Extensión/directorio,,
system/backoffice/includes/plugins/iCheck/flat/pink.png,1522,.png,a6dc520b10c2ccdde3aefcc9f27f7c6a632b4b57a72b335473941ea4b9890c5b,recurso,Extensión/directorio,,
system/backoffice/includes/plugins/iCheck/flat/pink@2x.png,3218,.png,c396b51e6f1cebe562fccf2fa266851f6e020f1efae533fabcb89e60efae8412,recurso,Extensión/directorio,,
system/backoffice/includes/plugins/iCheck/flat/purple.css,1513,.css,24b2aab1abbd5fa8d9c1f8296687ad948f8a44e9f72a44c08f5f23ac9a7d21d4,recurso,Extensión/directorio,,
system/backoffice/includes/plugins/iCheck/flat/purple.png,1519,.png,3266d60416a9231400d85042fa3e6678451c541113ec6a7b0cb6b1876909cfbe,recurso,Extensión/directorio,,
system/backoffice/includes/plugins/iCheck/flat/purple@2x.png,3218,.png,811fd98232d50f6ae7802ef2525f8b0cebf4c2df4749e4789a70e17bbccc5f84,recurso,Extensión/directorio,,
system/backoffice/includes/plugins/iCheck/flat/red.css,1468,.css,5dc30b9ed3716a13401bc4a8cf547724431c11f3d6e867af7a050d49ec351062,recurso,Extensión/directorio,,
system/backoffice/includes/plugins/iCheck/flat/red.png,1516,.png,a959cd63012facd6b23b212e6ee8438248478759da0e00d88accaba3e2bf24ab,recurso,Extensión/directorio,,
system/backoffice/includes/plugins/iCheck/flat/red@2x.png,3276,.png,da0cfba6ac94c007a870c150693c51c0365b584bb7e879eebaedc28f5d773111,recurso,Extensión/directorio,,
system/backoffice/includes/plugins/iCheck/flat/yellow.css,1513,.css,c93a5e34b1f1ec96e1804999aaf85d2a10d004ad4677dc86574ae2a8d9eadef4,recurso,Extensión/directorio,,
system/backoffice/includes/plugins/iCheck/flat/yellow.png,1516,.png,d50fb48ffdd5d676cf1cbc220719daa1f00937292d7a3673b63d316a9e58393a,recurso,Extensión/directorio,,
system/backoffice/includes/plugins/iCheck/flat/yellow@2x.png,3216,.png,831e2f52cf2e796154cc228383632e659cc72dc60e3c57e0c5390d1bf88ef3b9,recurso,Extensión/directorio,,
system/backoffice/includes/plugins/iCheck/futurico/futurico.css,1476,.css,b6747cd2f417493fdc4f3560d323c04fe83ecbccf32bf61b76cbbac0613bd999,recurso,Extensión/directorio,,
system/backoffice/includes/plugins/iCheck/futurico/futurico.png,1734,.png,eddc1d52ee8d16a2261ca4b8d2df4f8a1d43a945a4766f8707cb71c2541021b9,recurso,Extensión/directorio,,
system/backoffice/includes/plugins/iCheck/futurico/futurico@2x.png,3446,.png,b6ff49882ef46edb2d129f92cbc2f191292f87a587ce65ba695782fb4100c6c1,recurso,Extensión/directorio,,
system/backoffice/includes/plugins/iCheck/icheck.js,14639,.js,99eea82ac05f47df6a268e5316bcec68f153a9230b0fb16618e3a70cb0c69ec3,recurso,Extensión/directorio,,
system/backoffice/includes/plugins/iCheck/icheck.min.js,4526,.js,d302b68763dc52f17f8ba3f85b32a7e2e0b90628ef0bcac2641b0569f8ae2791,recurso,Extensión/directorio,,
system/backoffice/includes/plugins/iCheck/line/_all.css,22428,.css,ad91845b3abb279822512c2ffce20dc06eeb0a5c7c01f3efa0761374a3f3f971,recurso,Extensión/directorio,,
system/backoffice/includes/plugins/iCheck/line/aero.css,2295,.css,78810b02556af5ba6e9191080ff692638c46f7d2a65fce59188e0eb7831889f2,recurso,Extensión/directorio,,
system/backoffice/includes/plugins/iCheck/line/blue.css,2295,.css,a342f22a799cf553f17909898c269f65e569cdd8e7bf6c2bb3232860b91c9202,recurso,Extensión/directorio,,
system/backoffice/includes/plugins/iCheck/line/green.css,2317,.css,61f84cf01e77b58fa75c5d22eb39c7a8fab2a939a67f5c5d2683c29219f43993,recurso,Extensión/directorio,,
system/backoffice/includes/plugins/iCheck/line/grey.css,2295,.css,6e3b8c920bebbf480c74048fc76f0a91db5b5c41691c75305b1cceb0cf57a881,recurso,Extensión/directorio,,
system/backoffice/includes/plugins/iCheck/line/line.css,2176,.css,6f68d1c4e19b3486b2ccf0268a29160cf740eb670d0a5d0614084ff42b369df0,recurso,Extensión/directorio,,
system/backoffice/includes/plugins/iCheck/line/line.png,588,.png,53f72f0f63f7b9d795feff387f3f76e9634f147604a43dcc9d67091b62f1cf43,recurso,Extensión/directorio,,
system/backoffice/includes/plugins/iCheck/line/line@2x.png,1073,.png,c6de05f1759797a43cde5ba31a74f3b23eb175b70ac13812b12ab443475ece85,recurso,Extensión/directorio,,
system/backoffice/includes/plugins/iCheck/line/orange.css,2333,.css,c15677ddd26375696d7a244fa585ca38128a670efdfb1c698e751330934e21fd,recurso,Extensión/directorio,,
system/backoffice/includes/plugins/iCheck/line/pink.css,2295,.css,7301702215397da42303e68ebe02ac69f6dafc663d23722c8c5fc19abb09c64b,recurso,Extensión/directorio,,
system/backoffice/includes/plugins/iCheck/line/purple.css,2339,.css,6f608c12a490c4df228f75f78e2e1a77676d03f9d15b9a12cdd40b1d59b9be33,recurso,Extensión/directorio,,
system/backoffice/includes/plugins/iCheck/line/red.css,2273,.css,7fea73eb4dde279e9fe12c7b0b13f0ad5774c6678a7dafed94011b992b587b6e,recurso,Extensión/directorio,,
system/backoffice/includes/plugins/iCheck/line/yellow.css,2339,.css,8ea423941d252dbb921f3a3a44881aa617b9de5503108442143313e46e441b12,recurso,Extensión/directorio,,
system/backoffice/includes/plugins/iCheck/minimal/_all.css,14732,.css,c01ae477236e768ca0e2b333dc8e5e8ede1d2b58c1f6932ad298c4ea68644f47,recurso,Extensión/directorio,,
system/backoffice/includes/plugins/iCheck/minimal/aero.css,1687,.css,096b609eb1c44ca8875a6db162d2cc02c4fa02a3121ee89ba65f70194a6f498e,recurso,Extensión/directorio,,
system/backoffice/includes/plugins/iCheck/minimal/aero.png,1151,.png,dd315622eec3d7116566abc8400b484f08c2a4d18f06f1ba308886ba50e856e2,recurso,Extensión/directorio,,
system/backoffice/includes/plugins/iCheck/minimal/aero@2x.png,1409,.png,57b9c071468da201173814c27496bb0e8f318c2945fb08e1f3c75531ae184e99,recurso,Extensión/directorio,,
system/backoffice/includes/plugins/iCheck/minimal/blue.css,1687,.css,345af26a44f3e3510d8fb7edafed57ebf6dd4e0c0d0fa75f83035d19259e95b6,recurso,Extensión/directorio,,
system/backoffice/includes/plugins/iCheck/minimal/blue.png,1132,.png,554d1c81ca2ad1da94f15b8d6446069244cbcb4d3d11028cd30940eb2d437b13,recurso,Extensión/directorio,,
system/backoffice/includes/plugins/iCheck/minimal/blue@2x.png,1410,.png,703ab1d8cf4148e179021fdfdbb045297f0d383c872b8a433794b5ffe8480424,recurso,Extensión/directorio,,
system/backoffice/includes/plugins/iCheck/minimal/green.css,1704,.css,6adfcbd26737149a9539115c39bc8cc726a95db4f60b2de87d01bb1998036510,recurso,Extensión/directorio,,
system/backoffice/includes/plugins/iCheck/minimal/green.png,1143,.png,696e11dbe54fd4909439870ddb7c827c0799b2d565cffaf2804087ff58600e23,recurso,Extensión/directorio,,
system/backoffice/includes/plugins/iCheck/minimal/green@2x.png,1408,.png,aad28af306b2aa916f459f466de51c7ce86fa5a60dc924a0572a64db102427f4,recurso,Extensión/directorio,,
system/backoffice/includes/plugins/iCheck/minimal/grey.css,1687,.css,441ca5ba3c260fc3dc1e4d52d3179da5ac7123aa753ff101ab09b7a243301170,recurso,Extensión/directorio,,
system/backoffice/includes/plugins/iCheck/minimal/grey.png,1142,.png,654da0ad45d54a5ec79ee661aba96b7113bccb52caedbcfd6629b044a0d80000,recurso,Extensión/directorio,,
system/backoffice/includes/plugins/iCheck/minimal/grey@2x.png,1407,.png,94d3d7416dd0ecfb88bd0456d8ac4a0c87e3cc9bf0728f86e4bae0b38b6e4f70,recurso,Extensión/directorio,,
system/backoffice/includes/plugins/iCheck/minimal/minimal.css,1624,.css,eff3562f4267d32473791e29bdf6bceaad4197cab89a3ed2ede1f7f473213df6,recurso,Extensión/directorio,,
system/backoffice/includes/plugins/iCheck/minimal/minimal.png,1114,.png,2ec52d6497f27f697e161200fcc0dae3c20ba11c3322d2e2e9d0ad19355ea298,recurso,Extensión/directorio,,
system/backoffice/includes/plugins/iCheck/minimal/minimal@2x.png,1410,.png,c4e6567d9f75e60bcc26c0cc71ddd3268d02eff92e2907920ef2904028955b78,recurso,Extensión/directorio,,
system/backoffice/includes/plugins/iCheck/minimal/orange.css,1721,.css,28248a60e1c6bef93b28478e9eff22b9f33aabb6e464a1f009e0f0c24f522173,recurso,Extensión/directorio,,
system/backoffice/includes/plugins/iCheck/minimal/orange.png,1139,.png,488e581ddb601d3a12e355d96582a51df60d7701e447dc9b49fd59b335b710bf,recurso,Extensión/directorio,,
system/backoffice/includes/plugins/iCheck/minimal/orange@2x.png,1407,.png,dd10fd94fa6aa469afe8d066985e1dbc79c64df38d83ce58201d97681cd52e25,recurso,Extensión/directorio,,
system/backoffice/includes/plugins/iCheck/minimal/pink.css,1687,.css,d2e2d1438519ae6cd98208ca6e7decb13013bcf3d3a81f3945f8ce55aba01e7d,recurso,Extensión/directorio,,
system/backoffice/includes/plugins/iCheck/minimal/pink.png,1150,.png,7d0125de70c23a23bd517fdf88029ec95cc3db850790cc561d1e6489685629da,recurso,Extensión/directorio,,
system/backoffice/includes/plugins/iCheck/minimal/pink@2x.png,1409,.png,40e1f51b7fe16e7db4841b3229256bb24e33ea0d28138b1ea73cda2a9c65b0fd,recurso,Extensión/directorio,,
system/backoffice/includes/plugins/iCheck/minimal/purple.css,1721,.css,dd3aa635181e76466fe893c0bbdfbfe84069491902abd061159b873069b648dc,recurso,Extensión/directorio,,
system/backoffice/includes/plugins/iCheck/minimal/purple.png,1132,.png,0d2562d66fc7b4323c406179bdca227125a15fd053392e3aa5eaf496795a8ee4,recurso,Extensión/directorio,,
system/backoffice/includes/plugins/iCheck/minimal/purple@2x.png,1409,.png,df0f7e1b34738daa5c2d879823ee17986bed8a0457c4c90d489be645d01fdae2,recurso,Extensión/directorio,,
system/backoffice/includes/plugins/iCheck/minimal/red.css,1670,.css,4cf4f8e64401651fa2957cb4206bba86b752a0d4cb5223440df98791222e9838,recurso,Extensión/directorio,,
system/backoffice/includes/plugins/iCheck/minimal/red.png,1130,.png,9c2ab7cc55dfafd7343804da7fa39111e1b225fdba40a532a7425ceb2171e4a9,recurso,Extensión/directorio,,
system/backoffice/includes/plugins/iCheck/minimal/red@2x.png,1410,.png,bd22b4d271868f16cc2161ac0fae8ec07e3dd5aa1057b0e2712e3fa1c1e9d842,recurso,Extensión/directorio,,
system/backoffice/includes/plugins/iCheck/minimal/yellow.css,1721,.css,dd2545145f56a5209075168ad9097bd502d93eedd1273b61e7fa3811aa7135c1,recurso,Extensión/directorio,,
system/backoffice/includes/plugins/iCheck/minimal/yellow.png,1135,.png,25996589dadb7140266f41d84843850db880fb6accc5a7f783fe57347ef8b7e4,recurso,Extensión/directorio,,
system/backoffice/includes/plugins/iCheck/minimal/yellow@2x.png,1406,.png,090154cf3bb9a087b881de2697f02f3b25d960d4a3472c550de4dace1b6d2f55,recurso,Extensión/directorio,,
system/backoffice/includes/plugins/iCheck/polaris/polaris.css,1618,.css,9331024b5c5be49246705b875f63ac49d2bfd3b289ea8827b69a59179e044422,recurso,Extensión/directorio,,
system/backoffice/includes/plugins/iCheck/polaris/polaris.png,6401,.png,5ba0e5aa645d88a194c248aaae7019af06d9628e8f9b12e4a6f5846bffb46ef1,recurso,Extensión/directorio,,
system/backoffice/includes/plugins/iCheck/polaris/polaris@2x.png,16760,.png,91a870867e05e8a423f07e087036f6df33c8c0fc1a85ea03091268f901e8a6eb,recurso,Extensión/directorio,,
system/backoffice/includes/plugins/iCheck/square/_all.css,16210,.css,55b58333c15403aaa6df75130970f8fac403a6aa047bcf923001f5d51d9dfd27,recurso,Extensión/directorio,,
system/backoffice/includes/plugins/iCheck/square/aero.css,1672,.css,65ed5b1c58347931a1a8d9caff6fd4474d3d3cc71b21e8d68c3939366b3673f9,recurso,Extensión/directorio,,
system/backoffice/includes/plugins/iCheck/square/aero.png,2167,.png,0256fcd9601e1bad8dc98bad53f2de7c8e78d9416e92c1b5c4db3cccf0931768,recurso,Extensión/directorio,,
system/backoffice/includes/plugins/iCheck/square/aero@2x.png,4455,.png,978e637c09ea1fa3cfbdb340142ad86a351c1fb863851a8fb86dba05f20e139f,recurso,Extensión/directorio,,
system/backoffice/includes/plugins/iCheck/square/blue.css,1672,.css,606077914207ceb3d19d628c98c5d0932db64af56a285f8991d9533d57d65d7e,recurso,Extensión/directorio,,
system/backoffice/includes/plugins/iCheck/square/blue.png,2185,.png,abff66ea99f7e2b2a51d02feb00d0385f2ac35100fdc65b5d4e4395228fd020b,recurso,Extensión/directorio,,
system/backoffice/includes/plugins/iCheck/square/blue@2x.png,4485,.png,c0ce7ecfbd5605a7a0d0239d83b736eda75dbc71ff183472e02c6d6cdfbcc888,recurso,Extensión/directorio,,
system/backoffice/includes/plugins/iCheck/square/green.css,1689,.css,a03c1b50acd638e64428f7a4f956a092eb7765f9f725d25c9bdfdc7d3116ee04,recurso,Extensión/directorio,,
system/backoffice/includes/plugins/iCheck/square/green.png,2193,.png,4828efe2a264a35e799fbd342fcf005ba57d8335750879bcf66279e573dcfa23,recurso,Extensión/directorio,,
system/backoffice/includes/plugins/iCheck/square/green@2x.png,4498,.png,7b89106773bb4fc754f47e0f1cc0633d64b2ef8a4fb6ba3cbf2b4ede2de903ba,recurso,Extensión/directorio,,
system/backoffice/includes/plugins/iCheck/square/grey.css,1672,.css,628c754c83bf7fe84801299052e44de3ad3ee67757726be18594de6524943101,recurso,Extensión/directorio,,
system/backoffice/includes/plugins/iCheck/square/grey.png,2186,.png,80ed11e21b6c2f1217c83fd9150f90d73587ae049681750d5b75bba2a6aac87b,recurso,Extensión/directorio,,
system/backoffice/includes/plugins/iCheck/square/grey@2x.png,4483,.png,40bb731297212c86a4c0141ca76dc6d4ed4a753a681336a8b92d75ab30cb7495,recurso,Extensión/directorio,,
system/backoffice/includes/plugins/iCheck/square/orange.css,1706,.css,849e79a7d870a39bc0fbd91aaa9341730f887493797ae51b21f8464ea4c2e9ef,recurso,Extensión/directorio,,
system/backoffice/includes/plugins/iCheck/square/orange.png,2181,.png,2bdda400b27bc002d0573094587f9a198e7b8e1e5fcf82f2e2932796f6a32c34,recurso,Extensión/directorio,,
system/backoffice/includes/plugins/iCheck/square/orange@2x.png,4474,.png,52de7be969ad86e226bb1f93773a1933b44617069dae00a1f02f32fd2ad07c20,recurso,Extensión/directorio,,
system/backoffice/includes/plugins/iCheck/square/pink.css,1672,.css,725ff4da5bed4d5b9a3eb9ee905cae40d17ce014c6a0e66d1c1307fb6ee069ef,recurso,Extensión/directorio,,
system/backoffice/includes/plugins/iCheck/square/pink.png,2189,.png,bb85090ae0fedbd3fd0cadc1a74b0c9ceac38f09eb947c7d229a1b0b342a8d82,recurso,Extensión/directorio,,
system/backoffice/includes/plugins/iCheck/square/pink@2x.png,4479,.png,775bb94369b6742d9cde67d8e65ce7b24c495866420ade49ae2291afc8d9a777,recurso,Extensión/directorio,,
system/backoffice/includes/plugins/iCheck/square/purple.css,1706,.css,d330106cb5614f7684e343680a924456ca60b6fb46be5da9eaf1b0917eed0bef,recurso,Extensión/directorio,,
system/backoffice/includes/plugins/iCheck/square/purple.png,2188,.png,1fe326c961b2a8320dca1b0041ca34df702c23bbe5d2a3fd2064539ebbbf06ce,recurso,Extensión/directorio,,
system/backoffice/includes/plugins/iCheck/square/purple@2x.png,4501,.png,1fa92204f94dabdba60b69a0f4fed54ca83f4367a97f384ae8f4bb01e0b6eea7,recurso,Extensión/directorio,,
system/backoffice/includes/plugins/iCheck/square/red.css,1655,.css,7612aec81d99d8b5d4c00ce844da0732761d88d82605245bdc3bc4c4b0b2246c,recurso,Extensión/directorio,,
system/backoffice/includes/plugins/iCheck/square/red.png,2190,.png,07396c4458cd328a3ad8c3de309f5cbc948babb2d022f212e8bdbb7cb571ddb5,recurso,Extensión/directorio,,
system/backoffice/includes/plugins/iCheck/square/red@2x.png,4490,.png,44008e3df669f173ad9e67364f419caed9bbf243d7bdc57e46c38bdd2e9d8657,recurso,Extensión/directorio,,
system/backoffice/includes/plugins/iCheck/square/square.css,1607,.css,60ce6a9bba946ad27eb60fe4585f773823c844b04d3a488365805863daef276b,recurso,Extensión/directorio,,
system/backoffice/includes/plugins/iCheck/square/square.png,2175,.png,8a7989b98489642a7862a32e1f66748a3671d6677941af3129d5504e31cfbccd,recurso,Extensión/directorio,,
system/backoffice/includes/plugins/iCheck/square/square@2x.png,4478,.png,8ed64c959db4f6f50081d5de7430983af90c88ef10abd334b2b53f9a61424b9d,recurso,Extensión/directorio,,
system/backoffice/includes/plugins/iCheck/square/yellow.css,1706,.css,49adfd9c070eb1e5ccebd5cdea19fc2a6af941a8fa76cdffb6f620af13178449,recurso,Extensión/directorio,,
system/backoffice/includes/plugins/iCheck/square/yellow.png,2131,.png,5c2016d71a7eb13a848f0c1441486d2d01f8de05a0e4f10e1c8a6c7e1ccf30bf,recurso,Extensión/directorio,,
system/backoffice/includes/plugins/iCheck/square/yellow@2x.png,4385,.png,7cba0273efb682c044ff6b908a81a013fd7a58d8e8ca23ec282b62f58e6595f6,recurso,Extensión/directorio,,
system/backoffice/includes/plugins/input-mask/jquery.inputmask.date.extensions.js,23302,.js,5e8ad9d87627c63cf8502d72950f2b5fb179106468afb2aabb1ef7617b3ef6ef,recurso,Extensión/directorio,,
system/backoffice/includes/plugins/input-mask/jquery.inputmask.extensions.js,5437,.js,37d462043cb2285e301a40c43b17752d71545dac075a34f5aeeabb14f721a7d9,recurso,Extensión/directorio,,
system/backoffice/includes/plugins/input-mask/jquery.inputmask.js,92166,.js,9a0ad4feb13a0d21e1fcc305eb88a179e07073598b747738cd977b3674f067c5,recurso,Extensión/directorio,,
system/backoffice/includes/plugins/input-mask/jquery.inputmask.numeric.extensions.js,9295,.js,4c74da4c0829bcc0e1ecf8fc7e280a0dccae360b73d598aaf4c525d70490c9f3,recurso,Extensión/directorio,,
system/backoffice/includes/plugins/input-mask/jquery.inputmask.phone.extensions.js,1626,.js,6f3f8080a4404ae889879b98169929df2eb0f71addee2f7fe7f6e2a9fa960952,recurso,Extensión/directorio,,
system/backoffice/includes/plugins/input-mask/jquery.inputmask.regex.extensions.js,9561,.js,73864e70a5007ba886c413dd57dd6e4a2c57b551c3ebc736ced8d151a88e4fdf,recurso,Extensión/directorio,,
system/backoffice/includes/plugins/input-mask/phone-codes/phone-be.json,3675,.json,2262ba814f46ea79e81af343bd310ff70759fc6dc3ccb0cc5da10e872aba1716,recurso,Extensión/directorio,,
system/backoffice/includes/plugins/input-mask/phone-codes/phone-codes.json,39786,.json,3dd23204347ed5bbe631b77bf9394550853dbe0e4662d27bd26a0c42d3340a46,recurso,Extensión/directorio,,
system/backoffice/includes/plugins/input-mask/phone-codes/readme.txt,76,.txt,4aad9a1e92e54e9505147bda227fdaf3e0f44cdf8690b29d7c22777b8cfe86c3,recurso,Extensión/directorio,,
system/backoffice/includes/plugins/ionslider/img/sprite-skin-flat.png,352,.png,5a4a6efff710c53371f296875d7287d240307e5051d40240508d0301c70b2dfe,recurso,Extensión/directorio,,
system/backoffice/includes/plugins/ionslider/img/sprite-skin-nice.png,1022,.png,e1e3b5591a6303447114c2e9e5e91fdc3b3d24b8b1c88d0b6a29a1d5b4c37505,recurso,Extensión/directorio,,
system/backoffice/includes/plugins/ionslider/ion.rangeSlider.css,3311,.css,878c2890e9333bef093220aab62eb786c74e4bfcaefd0547cc24d1ebf369bd64,recurso,Extensión/directorio,,
system/backoffice/includes/plugins/ionslider/ion.rangeSlider.min.js,9741,.js,10feee64309e6497f85e7ffeb09e0766ed346e1bfb9d3f9e58b1193aa59146ed,recurso,Extensión/directorio,,
system/backoffice/includes/plugins/ionslider/ion.rangeSlider.skinFlat.css,1941,.css,7c52ef62249a555c1e4e9aff7ed274052829dee441a5b03f1b6288358d9a0bcf,recurso,Extensión/directorio,,
system/backoffice/includes/plugins/ionslider/ion.rangeSlider.skinNice.css,1818,.css,37dd1e3bf319c7d95b31abf29bf93bc1190e9890744cbc7435828cee12701546,recurso,Extensión/directorio,,
system/backoffice/includes/plugins/jQuery/jQuery-2.1.4.min.js,84349,.js,de4b3c3d1dc2506b6693f0f98884e1dc074cda9d66cab39b7b48a115fdfc4c0f,recurso,Extensión/directorio,,
system/backoffice/includes/plugins/jQueryUI/jquery-ui.js,487212,.js,37fbfc8e36798a479dd09027315d1de63f53d75aa169c97b7991ae9afbd249e4,recurso,Extensión/directorio,,
system/backoffice/includes/plugins/jQueryUI/jquery-ui.min.js,240439,.js,c4d069befff8b641042baf92c240f4915d376e80f70a5d1b24d1f3182a6cb443,recurso,Extensión/directorio,,
system/backoffice/includes/plugins/jvectormap/jquery-jvectormap-1.2.2.css,863,.css,92d9b5c1280063ea754c744998ac3f0c3db54ce3d097acd563bd6039dff4b48b,recurso,Extensión/directorio,,
system/backoffice/includes/plugins/jvectormap/jquery-jvectormap-1.2.2.min.js,33330,.js,7db28c45e950bc924e8504db1506a9df9b7839ad7ce3b540eb85dd84d49d045e,recurso,Extensión/directorio,,
system/backoffice/includes/plugins/jvectormap/jquery-jvectormap-world-mill-en.js,144313,.js,7dd1d8ba9f4e4666603edefb2ae664b34ed632725a02f8dbd4533022ab2f96c5,recurso,Extensión/directorio,,
system/backoffice/includes/plugins/knob/jquery.knob.js,27027,.js,1f38ed1ac0ebff8043e646fa02a12d5b229d8f8768599203c0f2e806d59b5d9d,recurso,Extensión/directorio,,
system/backoffice/includes/plugins/morris/morris.css,430,.css,a79834b9870391fedfcda9048224b9e0cd25689e461e0cb7c94e0b1f0b334079,recurso,Extensión/directorio,,
system/backoffice/includes/plugins/morris/morris.js,67937,.js,6fef9a386ba97f86a98c48027369f30c6f7ffd7ecfd446b0e6ee98912e02fdb7,recurso,Extensión/directorio,,
system/backoffice/includes/plugins/morris/morris.min.js,35658,.js,94a7637dcc9314541aa2ad9e5a12c98ca537370c6649f5016354113e06cc30da,recurso,Extensión/directorio,,
system/backoffice/includes/plugins/pace/pace.js,12364,.js,5b5cc718704634518901a47d9748b628f5f4dc21b850175938cf11a1fb046759,recurso,Extensión/directorio,,
system/backoffice/includes/plugins/select2/i18n/az.js,703,.js,0d9d36f97a796e7491d507dadc904fdef3df76e5a97afe5bb822d81f1d2782c3,recurso,Extensión/directorio,,
system/backoffice/includes/plugins/select2/i18n/bg.js,908,.js,707ccd735e641d57a2cd31b598f8f8be8e39b0207faa04a761cc0e57e3f3f27b,recurso,Extensión/directorio,,
system/backoffice/includes/plugins/select2/i18n/ca.js,878,.js,88cbb02685a689b9deb84b0379845b30bc0a25d9342fc45c02c88037e9abc2f6,recurso,Extensión/directorio,,
system/backoffice/includes/plugins/select2/i18n/cs.js,1238,.js,6cefe25cd674893f99c20b3bc5956037ca45d7f7acc87f4a023074e695dfc0a8,recurso,Extensión/directorio,,
system/backoffice/includes/plugins/select2/i18n/da.js,818,.js,52e13f99e402261d0b26c47eb94b3a942e76c732875410fbeebfca004a4577f0,recurso,Extensión/directorio,,
system/backoffice/includes/plugins/select2/i18n/de.js,777,.js,2775ff76304c2322bd835b8312e3e251c5844ba099dc3228b7ac2a19729c1d5a,recurso,Extensión/directorio,,
system/backoffice/includes/plugins/select2/i18n/en.js,829,.js,e70544c44fb60b563c1bddbdf2da33e202a7933147ba2d85064b9865122bd71e,recurso,Extensión/directorio,,
system/backoffice/includes/plugins/select2/i18n/es.js,873,.js,65bb5b45504b60a0c886fd6567dfeb4cf43682ba72ab9418d00aaacc13956ac7,recurso,Extensión/directorio,,
system/backoffice/includes/plugins/select2/i18n/et.js,777,.js,89daf80323162dc559402096c0f2ac7553c7cc36a92b572ee1330a6e6af029e1,recurso,Extensión/directorio,,
system/backoffice/includes/plugins/select2/i18n/eu.js,846,.js,ca2fe1750cd62134c3b0f0d086ba1b48c0cc549c5d7007e16d2c7222b7ae9045,recurso,Extensión/directorio,,
system/backoffice/includes/plugins/select2/i18n/fa.js,1006,.js,24607da98fdc593d79d79322858a38d74207063e2c30706d1747bc108eabb7d8,recurso,Extensión/directorio,,
system/backoffice/includes/plugins/select2/i18n/fi.js,705,.js,f01d1b26b1109f8fcb1ca3a2cfaf2dd30cd2601638ddf0461557cfb197424222,recurso,Extensión/directorio,,
system/backoffice/includes/plugins/select2/i18n/fr.js,825,.js,136e9e33a46da5920242f7c8edc2020bf7d881c2f014e73c1047c3d93883ba56,recurso,Extensión/directorio,,
system/backoffice/includes/plugins/select2/i18n/gl.js,802,.js,5a4f827d9957e756149cc896743d5db74c98b0401f4dc8bece090288749c774a,recurso,Extensión/directorio,,
system/backoffice/includes/plugins/select2/i18n/he.js,896,.js,31ad95574a9e89b329f43bc0a13b73302085e9b2bf0d60d4ac401efc56adbe39,recurso,Extensión/directorio,,
system/backoffice/includes/plugins/select2/i18n/hi.js,1127,.js,a316d51ab1c9d8b3ae8c648bd73a523330ed04613f92a31114bf7e2cb158888d,recurso,Extensión/directorio,,
system/backoffice/includes/plugins/select2/i18n/hr.js,782,.js,ea3c867d52e00ce991bf6cf19b28dc28adaeb8c2fb36386326dc548c5177cb17,recurso,Extensión/directorio,,
system/backoffice/includes/plugins/select2/i18n/hu.js,729,.js,a946d4ebcfb4213acf664c77b1eba23aaf05f6a073062f564685aa3e79ac2f10,recurso,Extensión/directorio,,
system/backoffice/includes/plugins/select2/i18n/id.js,695,.js,93192cf8fe20e813aa9b633b6a42feeb601054bed4867917e33174bcc7b5e65c,recurso,Extensión/directorio,,
system/backoffice/includes/plugins/select2/i18n/is.js,775,.js,c3c10b23f2fc4e992484040f2a98fe974c3bec86823529fd4abe21cc0203c3a5,recurso,Extensión/directorio,,
system/backoffice/includes/plugins/select2/i18n/it.js,878,.js,70338555064c212d5850eee73e7e7926ca33cb2648678f4c2c4066735bade197,recurso,Extensión/directorio,,
system/backoffice/includes/plugins/select2/i18n/ko.js,856,.js,e8b6a98c41aca580559a6743bd481adf8394ea4101b1d8f8b5f523b686d1d709,recurso,Extensión/directorio,,
system/backoffice/includes/plugins/select2/i18n/lt.js,880,.js,25f3ec4b4a5159cca6e341dffb069c546e93c76fbeb7aff55ad008e382c66e9d,recurso,Extensión/directorio,,
system/backoffice/includes/plugins/select2/i18n/lv.js,874,.js,cc2eceaf8f9f85ed72223918b9465603cfa3a4efe6a0f688ff3b2acaa50275b7,recurso,Extensión/directorio,,
system/backoffice/includes/plugins/select2/i18n/mk.js,981,.js,db0193659fb64ab6521c78a8f0aa6fa7c4a11f53e6ec6c022603e14a2e768b2e,recurso,Extensión/directorio,,
system/backoffice/includes/plugins/select2/i18n/nb.js,725,.js,e9cee41ac812a5a2a007fc4b409b5b5883edcdb23bbe1c02200b1718442c3de3,recurso,Extensión/directorio,,
system/backoffice/includes/plugins/select2/i18n/nl.js,869,.js,c043df16bf629e88720cd7764316bb1701ca2ef5cdef07b0cdeaddf2c091ada1,recurso,Extensión/directorio,,
system/backoffice/includes/plugins/select2/i18n/pl.js,928,.js,134a3fb3d4e7e6d0a499f1d61f5206ede54d61d073ef256b1ccff65e8a46b4be,recurso,Extensión/directorio,,
system/backoffice/includes/plugins/select2/i18n/pt-BR.js,855,.js,ee9e6f53e9650b4b1b63fd655ce0a7fa2f78cf915e42d3c005dc60a64f4112bf,recurso,Extensión/directorio,,
system/backoffice/includes/plugins/select2/i18n/pt.js,861,.js,3fdb1fb2d653dc86da30467501331b4b068d3d17d1927411596b5c2ff5b21423,recurso,Extensión/directorio,,
system/backoffice/includes/plugins/select2/i18n/ro.js,836,.js,33962b703e64acfabe13b7ff7a627aab96cab5dc8c550d408916811adc0a02b1,recurso,Extensión/directorio,,
system/backoffice/includes/plugins/select2/i18n/ru.js,1129,.js,0fb98b95363ed595a792e48d722b3f037157d78a61b65990fffaf6ab0d6ff3f7,recurso,Extensión/directorio,,
system/backoffice/includes/plugins/select2/i18n/sk.js,1186,.js,29bd357baf0c6dc4388bcce2a05de275e79fa0e210da8dd506157381ad367ed2,recurso,Extensión/directorio,,
system/backoffice/includes/plugins/select2/i18n/sr.js,882,.js,04361491816c2ab3437a689cf01de99e1ed203c45fdc2fc0305f3e25b589bd64,recurso,Extensión/directorio,,
system/backoffice/includes/plugins/select2/i18n/sv.js,788,.js,ef5ca847b94b62589d8282e85d0f178038be3b72f46c6f2209594df6e9b2c084,recurso,Extensión/directorio,,
system/backoffice/includes/plugins/select2/i18n/th.js,950,.js,3544eb9aa97969b702111c7ab609882a9bdb1a28e14469c6122034d66e903ab8,recurso,Extensión/directorio,,
system/backoffice/includes/plugins/select2/i18n/tr.js,722,.js,183906c439bfe2ba4f0022b6869c843fc659806a8c5d816274d9592ea9204198,recurso,Extensión/directorio,,
system/backoffice/includes/plugins/select2/i18n/uk.js,1119,.js,66321fab061be1d75433db17b04dcb15314ef7fea4d313bd0d45640ecb83050d,recurso,Extensión/directorio,,
system/backoffice/includes/plugins/select2/i18n/vi.js,803,.js,88ebeb030e2202f49174b6e3b7e842e449366ffc341e2d584f687e0b6d65fb2f,recurso,Extensión/directorio,,
system/backoffice/includes/plugins/select2/i18n/zh-CN.js,771,.js,495e2cbd771f202a9a85222b06cb44142dae6e424b54efb38136a44a2c7069d6,recurso,Extensión/directorio,,
system/backoffice/includes/plugins/select2/i18n/zh-TW.js,710,.js,101f8ca8e07e9ca9a5777e32fd5adfc511b60a59533a4558ce48717f49870d97,recurso,Extensión/directorio,,
system/backoffice/includes/plugins/select2/select2.css,17493,.css,38485d11b6a9449d14d1ada06f95b593a790c7dbc7985b7fd866d888788e7342,recurso,Extensión/directorio,,
system/backoffice/includes/plugins/select2/select2.full.js,158364,.js,a1c6f624d1f8ddbacb79b6e3fabdc7dcc7d579fde2dccc14c149980c6e98222c,recurso,Extensión/directorio,,
system/backoffice/includes/plugins/select2/select2.full.min.js,71174,.js,45c47d9eccf785ecca6b7275a6edffb52546ed26f5cb6a173f14f63e8abf4c04,recurso,Extensión/directorio,,
system/backoffice/includes/plugins/select2/select2.js,137751,.js,bcbcf2b399aa52c9b16ef17e7af15afedc64b738959bc791453512d027646571,recurso,Extensión/directorio,,
system/backoffice/includes/plugins/select2/select2.min.css,14912,.css,a43964f44eb29c3bacf3e35f56bec06643dc44a89eda5cc95974a25e686cc68b,recurso,Extensión/directorio,,
system/backoffice/includes/plugins/select2/select2.min.js,62835,.js,abda7cf97d84c9942fb3856dcdc5dcfc4ebe246e26715d534d195f36c07eaf2a,recurso,Extensión/directorio,,
system/backoffice/includes/plugins/slimScroll/jquery.slimscroll.js,15463,.js,22cb2da0aea826d58261d0e16f213dd02035dfdd8d4c0bce4040407aa6fcdfa6,recurso,Extensión/directorio,,
system/backoffice/includes/plugins/slimScroll/jquery.slimscroll.min.js,6230,.js,f7534a3e962da708c7b8a3b5f122669e4688a1c17f86e9fdb1b2684edca4f351,recurso,Extensión/directorio,,
system/backoffice/includes/plugins/sparkline/jquery.sparkline.js,126500,.js,bbd333dd3c38896ad0c79bdf7330d3fe35dc57bfb692e389b6086c7c27f1d95c,recurso,Extensión/directorio,,
system/backoffice/includes/plugins/sparkline/jquery.sparkline.min.js,43251,.js,6a28a0750aa061146fcbed44822105d8ab1a4f6f302087416c938698ae4372df,recurso,Extensión/directorio,,
system/backoffice/includes/plugins/timepicker/bootstrap-timepicker.css,2901,.css,726283733ea550fbbe7bd10a2859e673514862b40eaa0b550416212cc508fbdf,recurso,Extensión/directorio,,
system/backoffice/includes/plugins/timepicker/bootstrap-timepicker.js,26917,.js,447173fb0ee2e35ae7437ba11740fdb47a135c71e443aa5bb5530a9bd7453733,recurso,Extensión/directorio,,
system/backoffice/includes/plugins/timepicker/bootstrap-timepicker.min.css,2419,.css,4357a56060dee87273cbb1db75eb6995df82187963d2fb901f7f1252f646f0ba,recurso,Extensión/directorio,,
system/backoffice/includes/plugins/timepicker/bootstrap-timepicker.min.js,15457,.js,d26267737e06e6fc8335e8dd9f564f8de6b3e858bc7c27c1ebb753fd3b858a5a,recurso,Extensión/directorio,,
system/backoffice/includes/plugins/validate/dist/additional-methods.js,36014,.js,62b6d4bebd9212421415b10b01d77218affa90384a25762ee4089bad353f4925,recurso,Extensión/directorio,,
system/backoffice/includes/plugins/validate/dist/additional-methods.min.js,16418,.js,e0bc6d8a48c3f364d5edf6eb3da74eb070dcb087fe6051400331d644abdcd9c3,recurso,Extensión/directorio,,
system/backoffice/includes/plugins/validate/dist/jquery.validate.js,44060,.js,cc9884528e6fe095455ec62386fb2de26309b729f1138c30c044e8f32519a373,recurso,Extensión/directorio,,
system/backoffice/includes/plugins/validate/dist/jquery.validate.min.js,21587,.js,af39c945f12c4e06595178be35788c26086ef65ff070326126ad00cba7e5b1b0,recurso,Extensión/directorio,,
system/backoffice/includes/plugins/validate/dist/localization/messages_ar.js,1597,.js,4f9d3296bc7dfa7710ce8faa44b4ddc719f5a3d5f3ed0a76ea78b8b86d2d9ea9,recurso,Extensión/directorio,,
system/backoffice/includes/plugins/validate/dist/localization/messages_ar.min.js,1475,.js,54e8d1676fe1e45ae40f1c10ad149269c58da9e6099ebd8883be48684e8aa773,recurso,Extensión/directorio,,
system/backoffice/includes/plugins/validate/dist/localization/messages_bg.js,1841,.js,d7d07f99c4872fe372eac15418ce6dadb105afe6a39448831869f7e664d9a098,recurso,Extensión/directorio,,
system/backoffice/includes/plugins/validate/dist/localization/messages_bg.min.js,1703,.js,b198e9b629684a7d28dfa84010ad474bc66e458c400a5ece71bf3d0c454d0994,recurso,Extensión/directorio,,
system/backoffice/includes/plugins/validate/dist/localization/messages_ca.js,1445,.js,e193549fd739b53670a0cd1becf88c6bfceead52619af5fe55a7ab5d949dd90a,recurso,Extensión/directorio,,
system/backoffice/includes/plugins/validate/dist/localization/messages_ca.min.js,1329,.js,f851b2d6300588ad3d0e3ba3f6d63542f2d89eca072fc16a846b40d6e3f7696b,recurso,Extensión/directorio,,
system/backoffice/includes/plugins/validate/dist/localization/messages_cs.js,1347,.js,9402319b15ee996e348bd0712d2194295c54976d0876ef3f41eccfdcfd089887,recurso,Extensión/directorio,,
system/backoffice/includes/plugins/validate/dist/localization/messages_cs.min.js,1216,.js,a9d3dd9427f53945e515aa15e26decde947adce2eb93fa906c03f16709a2ce56,recurso,Extensión/directorio,,
system/backoffice/includes/plugins/validate/dist/localization/messages_da.js,1052,.js,fc5c849dd3616e43f8e62950a19fe17ac408da80a3746b138bcdb45aba69e219,recurso,Extensión/directorio,,
system/backoffice/includes/plugins/validate/dist/localization/messages_da.min.js,951,.js,670c6116964529bcefefefb4766aaf67d6013e385a4b3fd0b5242059f0b3a55d,recurso,Extensión/directorio,,
system/backoffice/includes/plugins/validate/dist/localization/messages_de.js,1280,.js,bf53bfe8a99335221c7e07f307d19b9e0060dc779c3b61d1dd2ffd93b0148404,recurso,Extensión/directorio,,
system/backoffice/includes/plugins/validate/dist/localization/messages_de.min.js,1177,.js,db61ae4f1ddcf78df4cc5497339c1c43dfe91a18a02c508a6802ffc3d6ba745a,recurso,Extensión/directorio,,
system/backoffice/includes/plugins/validate/dist/localization/messages_el.js,2081,.js,61032e8a99c822e379cc7974d993a3b71355ed5e4476f0c1218244c1d7c3c53e,recurso,Extensión/directorio,,
system/backoffice/includes/plugins/validate/dist/localization/messages_el.min.js,1958,.js,4a8955d9d8d4c18d815ef8a37385966275a6f21c022d384b154d9d7d48fa8343,recurso,Extensión/directorio,,
system/backoffice/includes/plugins/validate/dist/localization/messages_es.js,1585,.js,6e64e3d1b292997084dc4eea041614fafe42b8f47d7bb4473a3c31299ea48fe0,recurso,Extensión/directorio,,
system/backoffice/includes/plugins/validate/dist/localization/messages_es.min.js,1456,.js,82f62f35c62fa7674b7f5fbe4ccd9d23fccfe087172ee73ac81c7891b141c02c,recurso,Extensión/directorio,,
system/backoffice/includes/plugins/validate/dist/localization/messages_es_AR.js,1637,.js,63cd1278366c72f6ad1f4ad912036d81fd744031bd5ccc963c3539d8e612073f,recurso,Extensión/directorio,,
system/backoffice/includes/plugins/validate/dist/localization/messages_es_AR.min.js,1481,.js,2623666ebc9e456505afc541c10f1d67cfd68aaed4bd86232a12dab898bde132,recurso,Extensión/directorio,,
system/backoffice/includes/plugins/validate/dist/localization/messages_et.js,1355,.js,181a01c00f4e22884dfe0a36315b1e88a34f4f66ff723279e7ee4691fa85703b,recurso,Extensión/directorio,,
system/backoffice/includes/plugins/validate/dist/localization/messages_et.min.js,1236,.js,4e0a367e986f08f5ca5fa74570ec4b4f337626875e8dec571ab79cd1e56d32e8,recurso,Extensión/directorio,,
system/backoffice/includes/plugins/validate/dist/localization/messages_eu.js,1415,.js,ea06f5cdc4cf595ffd84879fa4769c5f8efb245accedcd19af9cbcc9f6e69e48,recurso,Extensión/directorio,,
system/backoffice/includes/plugins/validate/dist/localization/messages_eu.min.js,1291,.js,f13d6c8850f4c67b07b2d0fb62a9a3306f6baaed8cd06903810b61712c816e19,recurso,Extensión/directorio,,
system/backoffice/includes/plugins/validate/dist/localization/messages_fa.js,1868,.js,992a83f153f674d0882a14466ce0a48f8ee4d4a7f9517a40cbc3d324498c85b8,recurso,Extensión/directorio,,
system/backoffice/includes/plugins/validate/dist/localization/messages_fa.min.js,1737,.js,68815784e9d95ec4e68cf8bac72d7d37af9b80aece96f919d38cbe42ae99ac0d,recurso,Extensión/directorio,,
system/backoffice/includes/plugins/validate/dist/localization/messages_fi.js,1478,.js,0d1672e38df5b80028e0a3af6944d44a18623de44bbae4b0df77ef4f6fd165ab,recurso,Extensión/directorio,,
system/backoffice/includes/plugins/validate/dist/localization/messages_fi.min.js,1358,.js,84075996911fc866ea18691015940ad973711fd6c49f593954cacc33eb64eff9,recurso,Extensión/directorio,,
system/backoffice/includes/plugins/validate/dist/localization/messages_fr.js,3221,.js,fb44021bb54add88fda8fbe9c3aeb46a5b1d62932dd24de12c93f371436b8d03,recurso,Extensión/directorio,,
system/backoffice/includes/plugins/validate/dist/localization/messages_fr.min.js,3000,.js,169666350d73bf6f230818491efd1b9916ae0a797bcfe4dca76e5e522a1e1163,recurso,Extensión/directorio,,
system/backoffice/includes/plugins/validate/dist/localization/messages_gl.js,1634,.js,b94494525899a276691f8208594bd6dd2762c4b1fa416eb0f812dbe5037ae7d5,recurso,Extensión/directorio,,
system/backoffice/includes/plugins/validate/dist/localization/messages_gl.min.js,1476,.js,b2b42862046785a77229df072a5857dab328e614f8a9d8d3b8bed15701027670,recurso,Extensión/directorio,,
system/backoffice/includes/plugins/validate/dist/localization/messages_he.js,1416,.js,86b77b8051e48c8a9843c65d3b0e74bc3b038f0c14ed2c5eaa010c0abc17e9de,recurso,Extensión/directorio,,
system/backoffice/includes/plugins/validate/dist/localization/messages_he.min.js,1297,.js,638ac0488cc054031530993b7ada02fa589d540bd5ba5d964c5c172eec497d5c,recurso,Extensión/directorio,,
system/backoffice/includes/plugins/validate/dist/localization/messages_hr.js,1255,.js,d792e8d6e81ef3f9c71f57bb1847873617a6bfc1c222dfee9e2a240992ef2ee0,recurso,Extensión/directorio,,
system/backoffice/includes/plugins/validate/dist/localization/messages_hr.min.js,1132,.js,709a2ae342ac03a897b34a5979460117c5b2cd29a7e86bc99c48afc7c76de8b8,recurso,Extensión/directorio,,
system/backoffice/includes/plugins/validate/dist/localization/messages_hu.js,1231,.js,41f4c5a915dd856a2e0c00465e39a0b278f7c3c8b4e074f93ac3b3b01c90211c,recurso,Extensión/directorio,,
system/backoffice/includes/plugins/validate/dist/localization/messages_hu.min.js,1118,.js,1341a96b8dabac73f13bc2135e70c83c62d2d4ab616ea32d66a88d1694ad1cbf,recurso,Extensión/directorio,,
system/backoffice/includes/plugins/validate/dist/localization/messages_id.js,1346,.js,550d46f01c5f7a7e9b438ea79bcaf025038af58e3f0f179ce5d8b778da5baa03,recurso,Extensión/directorio,,
system/backoffice/includes/plugins/validate/dist/localization/messages_id.min.js,1229,.js,d12de5a0d3cf25cc1dfee0a583fde723a043d7c0f1e9cfce5586540faf799b92,recurso,Extensión/directorio,,
system/backoffice/includes/plugins/validate/dist/localization/messages_is.js,1175,.js,6c2b3e236ee345a78d171928ddc294e6d5f08ef37486434e223113779e7f59ad,recurso,Extensión/directorio,,
system/backoffice/includes/plugins/validate/dist/localization/messages_is.min.js,1063,.js,232d7853ba1b7288005fa609f54e2e541cc0d97020f86c3046ff9069230197ac,recurso,Extensión/directorio,,
system/backoffice/includes/plugins/validate/dist/localization/messages_it.js,1420,.js,a0bcaf239c0f844529c91cce280c3e3fab02e02c823b772a48e29667b9c4bc9d,recurso,Extensión/directorio,,
system/backoffice/includes/plugins/validate/dist/localization/messages_it.min.js,1291,.js,785ebe2984abd2fe15bf123dfab6fc4dfc750abcbe5acf807ce769e0c37df782,recurso,Extensión/directorio,,
system/backoffice/includes/plugins/validate/dist/localization/messages_ja.js,1584,.js,1e1b4d4ccc5dc2505a555b72b26c15d5e870f5e6ad21d5bb044846196a31239c,recurso,Extensión/directorio,,
system/backoffice/includes/plugins/validate/dist/localization/messages_ja.min.js,1465,.js,af0979b51d5e5ec0da388079a0ab8c17ca1db470fd8ae9df313fceaa1f137e90,recurso,Extensión/directorio,,
system/backoffice/includes/plugins/validate/dist/localization/messages_ka.js,2552,.js,3906348534fe42c7f561ef71749730846f233114ea6e62084fb626f13674164f,recurso,Extensión/directorio,,
system/backoffice/includes/plugins/validate/dist/localization/messages_ka.min.js,2421,.js,19f1fb344dccdf65337cdc8b35288e4c6961d2dadedc46755fcd96ef79f0ccec,recurso,Extensión/directorio,,
system/backoffice/includes/plugins/validate/dist/localization/messages_kk.js,2051,.js,dbf051f146193db468ec3c346b8aa1f8a4cec53d0afc7d25a13aec5701a686c0,recurso,Extensión/directorio,,
system/backoffice/includes/plugins/validate/dist/localization/messages_kk.min.js,1924,.js,e9b5c2ff83c78eaf4183a8a5036c46829eb2da4ae2653256034d379b75a5f000,recurso,Extensión/directorio,,
system/backoffice/includes/plugins/validate/dist/localization/messages_ko.js,1351,.js,c6c851148ede9343bb4171e9123aa0c33eae0f23f8f065d79e9a994c251fb12d,recurso,Extensión/directorio,,
system/backoffice/includes/plugins/validate/dist/localization/messages_ko.min.js,1234,.js,fffdb916dae3a18d859f7d6a0b4311cf9ccf4d1862234042a460f1a2cbb99444,recurso,Extensión/directorio,,
system/backoffice/includes/plugins/validate/dist/localization/messages_lt.js,1457,.js,d01ef753ca0ba00e9c6b79e5cd4283edf9d5b1aa824cac79203afd6d2b211b2b,recurso,Extensión/directorio,,
system/backoffice/includes/plugins/validate/dist/localization/messages_lt.min.js,1330,.js,fbfd93eb3ba3565a4299b7e158d9780a40308fcb736af81c2a4136300468526a,recurso,Extensión/directorio,,
system/backoffice/includes/plugins/validate/dist/localization/messages_lv.js,1418,.js,ca5eaeaede798daf78ced20115c3ad6027778686314cd2f14ad996c98093c048,recurso,Extensión/directorio,,
system/backoffice/includes/plugins/validate/dist/localization/messages_lv.min.js,1293,.js,bc4a0665e6464d5883f90fc8d2c0e4997f54f091b535123ca176e3722e63ef87,recurso,Extensión/directorio,,
system/backoffice/includes/plugins/validate/dist/localization/messages_my.js,1377,.js,98a8f284eb731cf77adb1b5f896bed7bab708cd9045e2329cca9f01ddf4f47d9,recurso,Extensión/directorio,,
system/backoffice/includes/plugins/validate/dist/localization/messages_my.min.js,1264,.js,c76b92b6d1e59adfae5145726eee0ab8009e6bc6230a8bcefd7bf63e64763907,recurso,Extensión/directorio,,
system/backoffice/includes/plugins/validate/dist/localization/messages_nl.js,1874,.js,bc3e0760e879c06089678fdaae32c9f9c066f3ff1f8cdb24ef57cfbdb54620d6,recurso,Extensión/directorio,,
system/backoffice/includes/plugins/validate/dist/localization/messages_nl.min.js,1669,.js,129ad7e6d80c090b0f2ae394628e1f16174685f625de5e50e6f44d5ecbc0825d,recurso,Extensión/directorio,,
system/backoffice/includes/plugins/validate/dist/localization/messages_no.js,1198,.js,f9a5309bf2d066827f16c40d1cddc373bc5496584cc89654ad796ec57c922788,recurso,Extensión/directorio,,
system/backoffice/includes/plugins/validate/dist/localization/messages_no.min.js,1082,.js,1ad43b056c5678dacc8f4441bdf3f16cb339281439b439d7cfaaf70195dd60fa,recurso,Extensión/directorio,,
system/backoffice/includes/plugins/validate/dist/localization/messages_pl.js,1487,.js,15797cd5818eb4e7cc8504ce1a1e7c5c106f2a3d2baf39b46de00a40c39d7afd,recurso,Extensión/directorio,,
system/backoffice/includes/plugins/validate/dist/localization/messages_pl.min.js,1353,.js,6324bfde2c69ded6922004876eb40b2e0129f62a31fccfabd8f2e74abc1d3eaf,recurso,Extensión/directorio,,
system/backoffice/includes/plugins/validate/dist/localization/messages_pt_BR.js,1924,.js,3276c064b3ab2f8d52e3ce540dfc1e43bd43c2aa88f885a744878649e0dbd66a,recurso,Extensión/directorio,,
system/backoffice/includes/plugins/validate/dist/localization/messages_pt_BR.min.js,1762,.js,71a591a7cd427e5a76c58a20c04bc1c6697ab1b227e25bba1d42cae92a3961e5,recurso,Extensión/directorio,,
system/backoffice/includes/plugins/validate/dist/localization/messages_pt_PT.js,1787,.js,cceb2d0bd7394f2f083674c5ecb057665797e26989fe7fa9fd5c0a82c6e10ab6,recurso,Extensión/directorio,,
system/backoffice/includes/plugins/validate/dist/localization/messages_pt_PT.min.js,1627,.js,7219fd50c780f5705dfa5243114f05fb03a555921820c93fe152f16a119bb9c8,recurso,Extensión/directorio,,
system/backoffice/includes/plugins/validate/dist/localization/messages_ro.js,1546,.js,318cf8582f57cfc71d30f18f15062b9e7994031148637fac5981fb92f7a02d78,recurso,Extensión/directorio,,
system/backoffice/includes/plugins/validate/dist/localization/messages_ro.min.js,1422,.js,872d5d168bca3f6894102158604f67d92474ed3af64a71a3b388e9b9544d5e1a,recurso,Extensión/directorio,,
system/backoffice/includes/plugins/validate/dist/localization/messages_ru.js,2064,.js,f0ac71c14bdbe618ba390bb7ba63cdd49d1cebd4a603f8f904170ea84ea8f6cf,recurso,Extensión/directorio,,
system/backoffice/includes/plugins/validate/dist/localization/messages_ru.min.js,1932,.js,7a2453e62125a92972ac420c5ba4801d6d2b211f6f17adb0d87ea5325b6b6d90,recurso,Extensión/directorio,,
system/backoffice/includes/plugins/validate/dist/localization/messages_si.js,1335,.js,5f1e690c5ab6a4fa5e51fc1777c8a9db8f04a08ff32ec12ef27c149c7d557493,recurso,Extensión/directorio,,
system/backoffice/includes/plugins/validate/dist/localization/messages_si.min.js,1226,.js,3b67d4608f7f434367f9a0748226ebb99ae53c8214c11c9acbb7702635abba03,recurso,Extensión/directorio,,
system/backoffice/includes/plugins/validate/dist/localization/messages_sk.js,1067,.js,2779caacb7f8e290614bdbc2ba7dc75f063d76f0d68e4b99501fd6801d23d55e,recurso,Extensión/directorio,,
system/backoffice/includes/plugins/validate/dist/localization/messages_sk.min.js,942,.js,43ebe2fa748c8eb871c49591363dc50f0caa83c16ecdb17db51b4eb374266418,recurso,Extensión/directorio,,
system/backoffice/includes/plugins/validate/dist/localization/messages_sl.js,1359,.js,95506a49a696f0c6c1507f8805703a6b38b1520feda94a834f11b071af7eddff,recurso,Extensión/directorio,,
system/backoffice/includes/plugins/validate/dist/localization/messages_sl.min.js,1231,.js,e6b94614266697dc52b5d51cbeeb0b6c42bd91e61b8c7bc288d71adfe20f5591,recurso,Extensión/directorio,,
system/backoffice/includes/plugins/validate/dist/localization/messages_sr.js,1644,.js,036275f49d1ce59219141d52486b321c1380b5dc62f33dcdc965d360b5a2b039,recurso,Extensión/directorio,,
system/backoffice/includes/plugins/validate/dist/localization/messages_sr.min.js,1512,.js,c7d2c3d7d4e4c6809b72c59837ad92cc437e7f4dfb9256f270d37dc35d580d16,recurso,Extensión/directorio,,
system/backoffice/includes/plugins/validate/dist/localization/messages_sr_lat.js,1265,.js,bdbaa756da6da2c04fd580d240ac95dc08302a391c8aa04b83001dd0f7e0418f,recurso,Extensión/directorio,,
system/backoffice/includes/plugins/validate/dist/localization/messages_sr_lat.min.js,1116,.js,a8c736b6ab0d1bdc59585d1da7c1aeb3c760adbef03e2e135535f9bc0bd3b053,recurso,Extensión/directorio,,
system/backoffice/includes/plugins/validate/dist/localization/messages_sv.js,1228,.js,59af8207c87e49406f50c288b0a83a16638a70111ff5d82269eec02fc466543e,recurso,Extensión/directorio,,
system/backoffice/includes/plugins/validate/dist/localization/messages_sv.min.js,1120,.js,70f0115b153daca014a2787a134ff8bb964cb4fa2fc77638dcf2419501d31d2f,recurso,Extensión/directorio,,
system/backoffice/includes/plugins/validate/dist/localization/messages_th.js,2110,.js,cb92aa29ab3a3442c19135e5e3decc4f96864af2b3f589f256c0bbbaf31a756b,recurso,Extensión/directorio,,
system/backoffice/includes/plugins/validate/dist/localization/messages_th.min.js,1995,.js,90d99c9cfd28f46177df72cc7924466d2c8945b56b8ba1fd3b31463f897288c5,recurso,Extensión/directorio,,
system/backoffice/includes/plugins/validate/dist/localization/messages_tj.js,1963,.js,ec2e555a2faf06b0f3ee878a63d10c36be27dbe4b06e9057d7d6a494b3382574,recurso,Extensión/directorio,,
system/backoffice/includes/plugins/validate/dist/localization/messages_tj.min.js,1826,.js,0d0bec9b460e754ff2f6f43d90c78abec80e008118f3086539b9af952350c22f,recurso,Extensión/directorio,,
system/backoffice/includes/plugins/validate/dist/localization/messages_tr.js,1532,.js,07bd15b6776fcd043ea1b229024efeb049d3b72f3d3dc8bc2145a15014b56225,recurso,Extensión/directorio,,
system/backoffice/includes/plugins/validate/dist/localization/messages_tr.min.js,1415,.js,4805d6257c9ffea99ce3cde56078ced9eab11cf3f08c17373248c003143d8e1a,recurso,Extensión/directorio,,
system/backoffice/includes/plugins/validate/dist/localization/messages_uk.js,2019,.js,1ff5c2b176cbd6ca22b45cb0044972571fff0dbff063f62554ffe1ca1f6d7c14,recurso,Extensión/directorio,,
system/backoffice/includes/plugins/validate/dist/localization/messages_uk.min.js,1879,.js,ea7380c8d6a2e44b79c68026759120ab8d83daf6821077b74320194c7eb3fa8a,recurso,Extensión/directorio,,
system/backoffice/includes/plugins/validate/dist/localization/messages_vi.js,1195,.js,ac14d567f5233b51c1f56e1224f4897ea3eac48f246d81626d9f497d9cce5303,recurso,Extensión/directorio,,
system/backoffice/includes/plugins/validate/dist/localization/messages_vi.min.js,1069,.js,4cbafff7ece969c37bec1e6198dd6907f1a82762ccb50bd83fb0f13433f126db,recurso,Extensión/directorio,,
system/backoffice/includes/plugins/validate/dist/localization/messages_zh.js,1186,.js,a99e0e2f6d5b95dbdf2f45fdf6f212cd8d8193d9de86ac8cc9a9d464cecb8b64,recurso,Extensión/directorio,,
system/backoffice/includes/plugins/validate/dist/localization/messages_zh.min.js,1042,.js,f3cf876ecc0f1ee9a2b174ec23558e80a2288308dbf1bf06772f685a90c6b70f,recurso,Extensión/directorio,,
system/backoffice/includes/plugins/validate/dist/localization/messages_zh_TW.js,1210,.js,06945eefb9af912d64e27e31be8651936a9cccf95ad669a8ad79d83395053892,recurso,Extensión/directorio,,
system/backoffice/includes/plugins/validate/dist/localization/messages_zh_TW.min.js,1042,.js,28ae78e4fa100c9a24766e5ca4c5a76947e1365295fbaf45673cc927020e0faf,recurso,Extensión/directorio,,
system/backoffice/includes/plugins/validate/dist/localization/methods_de.js,575,.js,873c7cc0e83c6cdfb3542baa009f44981f7d50e9ed142b510d679e756fb96acf,recurso,Extensión/directorio,,
system/backoffice/includes/plugins/validate/dist/localization/methods_de.min.js,476,.js,8141292b607b3beec750244c757f515efe9ca82e666798831567ca2446ad6792,recurso,Extensión/directorio,,
system/backoffice/includes/plugins/validate/dist/localization/methods_es_CL.js,578,.js,5e7842fa208d267d1df066b4b388a780bb3b744db887fcfa3aaedaf2a00a85e2,recurso,Extensión/directorio,,
system/backoffice/includes/plugins/validate/dist/localization/methods_es_CL.min.js,476,.js,b123cadb3a6333998512aaa55ed1dc0c51fad50d8131e2ad62dcac8e5b0f1f64,recurso,Extensión/directorio,,
system/backoffice/includes/plugins/validate/dist/localization/methods_fi.js,554,.js,d290b5baee965d11824ecdd0b7e987a64e495d8a5802c13dfd7062fc940a2b0b,recurso,Extensión/directorio,,
system/backoffice/includes/plugins/validate/dist/localization/methods_fi.min.js,455,.js,9ea0178adc1897a91ca7856eca2bbdfbae832979297c2eecad9dfac36886ef92,recurso,Extensión/directorio,,
system/backoffice/includes/plugins/validate/dist/localization/methods_nl.js,453,.js,1ca604342d73535bb6a0277cdaba6c5f6ad15928c3984995ca4f7de811eed757,recurso,Extensión/directorio,,
system/backoffice/includes/plugins/validate/dist/localization/methods_nl.min.js,390,.js,56cc016709d6978dd33835b62f57d75b402586017c9fedd985c6c97b84a1c58f,recurso,Extensión/directorio,,
system/backoffice/includes/plugins/validate/dist/localization/methods_pt.js,444,.js,c54a1f56724040f4d48ce01e98b9376750d3f7157b7b5cb7aaf7fa4d829f211f,recurso,Extensión/directorio,,
system/backoffice/includes/plugins/validate/dist/localization/methods_pt.min.js,378,.js,62137b114f1586839cad7f699e1a2f2f0e1524e1a05ae7a4c747a4214462d5a1,recurso,Extensión/directorio,,
system/backoffice/includes/plugins/validate/jquery.validate.js,44060,.js,cc9884528e6fe095455ec62386fb2de26309b729f1138c30c044e8f32519a373,recurso,Extensión/directorio,,
system/backoffice/index.php,117,.php,eeafd74908e83900ce83f01b948e6239a5ec93e5c26cad33a990955b965c103b,administración / template,Ubicación y contenido BO,93,
system/backoffice/js/inputfile.js,1149,.js,3abdf7d962b842de8278a0f031b7be8cdc376d2a586d85d12b9d5d572d699fe2,recurso,Extensión/directorio,,
system/backoffice/js/jquery.min.js,57272,.js,29133962ccf97017876e2a59a345433a326ea9debced53451c44e39707f36800,recurso,Extensión/directorio,,
system/backoffice/main.php,3308,.php,bbf5d1fdbdeda1ae8e5e1c2d4802dec66ed35869e7f32b25ed4585cf8f253ec6,administración / template,Ubicación y contenido BO,2,
system/backoffice/Marcas/edit.php,1740,.php,d363fd2a667e82f8243b8c400ec18e6ad8b837b63491f96c07f347deff15f6d3,administración / template,Ubicación y contenido BO,5,
system/backoffice/Marcas/list.php,6386,.php,abc7a7c4b0fa84ec079d71b991551a9959a0b357924d02b2eb9051c4a7fcff78,administración / template,Ubicación y contenido BO,7,
system/backoffice/Marcas.php,211,.php,25a24131f1df69f229e41d054abc0af60747f6e522cbe8f4dc3be105896ec337,administración / template,Ubicación y contenido BO,2,
system/backoffice/menu.php,722,.php,61b55498b5244c1fb5b4cf249d2cb35cb2bb9a8b5b628237a2ee45c754123899,administración / template,Ubicación y contenido BO,3,
system/backoffice/Productos/edit.php,1627,.php,15eafff3acb72a425932e3ec1b7971e07ba8bd4153d47d97a4c78eaf9c562590,administración / template,Ubicación y contenido BO,5,
system/backoffice/Productos/list.php,7516,.php,bfdee60a1bf2b88d3e946874cacaa09d7c02186abafc2b8040333b364ea0bcf5,administración / template,Ubicación y contenido BO,7,
system/backoffice/Productos.php,214,.php,4d078d1c688a1e72e61036fc6f8474b95d4019b7846e63bf11e3677072a72d57,administración / template,Ubicación y contenido BO,2,
system/backoffice/tiny_mce/langs/en.js,4821,.js,a0a071fd8b9a7f275992ddaa4492375d369be60be971e003cc38408dffee1e1d,recurso,Extensión/directorio,,
system/backoffice/tiny_mce/license.txt,26931,.txt,2515dc9b845a970faffda384dca3ba80691153a4e8031a46cbd7fe91c6e01889,recurso,Extensión/directorio,,
system/backoffice/tiny_mce/plugins/advhr/css/advhr.css,240,.css,3a13cdbb0ee44b86ad606edd2b3576a2bae78aff04620552bb6ecacb6eb04fe1,recurso,Extensión/directorio,,
system/backoffice/tiny_mce/plugins/advhr/editor_plugin.js,847,.js,f008302f1de2321e1f260ac279f10f97cd1613932aff87ae2efa50de58123d1f,recurso,Extensión/directorio,,
system/backoffice/tiny_mce/plugins/advhr/editor_plugin_src.js,1442,.js,5cf67869603e506c92c4f1dd7f3fc267ae0971b9bc65afc553526381d07c9e49,recurso,Extensión/directorio,,
system/backoffice/tiny_mce/plugins/advhr/js/rule.js,1322,.js,640703ba08790b120da21cb19de429173a6625fbab7e8c9c443f93995eb06ffc,recurso,Extensión/directorio,,
system/backoffice/tiny_mce/plugins/advhr/langs/en_dlg.js,90,.js,17d28438ae758b0aca622ee07941dcbc4fca05beb11c1fd1c681e885d3e3ba00,recurso,Extensión/directorio,,
system/backoffice/tiny_mce/plugins/advhr/rule.htm,2636,.htm,aa118d18df3be08d32de6294e9cad33184ff99abae632730b8e5648aa586a405,recurso,Extensión/directorio,,
system/backoffice/tiny_mce/plugins/advimage/css/advimage.css,672,.css,4d4a639ad7d5b78c7716f03e5779ff70cc61bff9ff4fdbd6d72c0eaaa0e2f538,recurso,Extensión/directorio,,
system/backoffice/tiny_mce/plugins/advimage/editor_plugin.js,788,.js,218d7dc5221fc4139a8bec278291e985e8fed3d0218029f069d790aa0c87a65c,recurso,Extensión/directorio,,
system/backoffice/tiny_mce/plugins/advimage/editor_plugin_src.js,1387,.js,0a965ab1d2db017216501fbbcec1ba54593c3b7df9d4c37138ba6d59f390303b,recurso,Extensión/directorio,,
system/backoffice/tiny_mce/plugins/advimage/image.htm,11351,.htm,25ccd210f09bb62bd159acccefbd4fa8b316a8aecd228f3323efbf9621831d56,recurso,Extensión/directorio,,
system/backoffice/tiny_mce/plugins/advimage/img/sample.gif,1624,.gif,1c30a3948ae6b0c26c08b696ee91e7ae219b1935c408b210c66f8be1ec78b0bd,recurso,Extensión/directorio,,
system/backoffice/tiny_mce/plugins/advimage/js/image.js,12053,.js,b014c062da351f0bbe7da99dd04337070326f0276c388b3c56415fcb2eea7189,recurso,Extensión/directorio,,
system/backoffice/tiny_mce/plugins/advimage/langs/en_dlg.js,1286,.js,d78a0ba9569558aed95dd205f56c773054746ff95c05d92decaeac023d2bac5f,recurso,Extensión/directorio,,
system/backoffice/tiny_mce/plugins/advlink/css/advlink.css,480,.css,41af0369ff07f73485de66a2b7695b3be3b0af8162192ee11784e889fdac1a5c,recurso,Extensión/directorio,,
system/backoffice/tiny_mce/plugins/advlink/editor_plugin.js,973,.js,abe109fba0f2d2674c377c62685f1720297ac2d71fe1d6d7ab316d685c35261c,recurso,Extensión/directorio,,
system/backoffice/tiny_mce/plugins/advlink/editor_plugin_src.js,1633,.js,b21e6e9ae18b48ddd41326737008746514c63b10c498b5c3ddbf622e30abca38,recurso,Extensión/directorio,,
system/backoffice/tiny_mce/plugins/advlink/js/advlink.js,17234,.js,b5a276390db851d4f54419e50e7ba6fa43a603d0d20b5bc5ac1d328d63ea691c,recurso,Extensión/directorio,,
system/backoffice/tiny_mce/plugins/advlink/langs/en_dlg.js,1673,.js,8f3f7b71c131b7d6581a3dbd1d1d6ddb513684818e22ae03396686f8107218e9,recurso,Extensión/directorio,,
system/backoffice/tiny_mce/plugins/advlink/link.htm,14993,.htm,577b33f3b087c6ce82fedc3c20ae25995552b246635c517f6a5969478786fb23,recurso,Extensión/directorio,,
system/backoffice/tiny_mce/plugins/advlist/editor_plugin.js,2039,.js,567ba31a5b618a4423d3e6d2d88584ec29220c068b84f44e0455758f509db8c2,recurso,Extensión/directorio,,
system/backoffice/tiny_mce/plugins/advlist/editor_plugin_src.js,4101,.js,bd5e0cd3d5c065480d4e5cb684fbf009f8479005d9368c3f12b579351f85ee93,recurso,Extensión/directorio,,
system/backoffice/tiny_mce/plugins/autoresize/editor_plugin.js,1222,.js,55eaa7b540e50c95160bc1fd3df7cc23e4d7ed92c4d46323168d6d9f4d5d335f,recurso,Extensión/directorio,,
system/backoffice/tiny_mce/plugins/autoresize/editor_plugin_src.js,3774,.js,d97259cfd2a0e792e764ba3e95f74b045eab7cd9b7b0bc356fe1935515795ccf,recurso,Extensión/directorio,,
system/backoffice/tiny_mce/plugins/autosave/editor_plugin.js,3549,.js,0309733d1ecbbaac12eec4e1b1f4083e15072cc182d1c93d4c5542a1398119fb,recurso,Extensión/directorio,,
system/backoffice/tiny_mce/plugins/autosave/editor_plugin_src.js,13429,.js,f9b5caa95982f0267765b631302484eef0e6c57b33311285ee972494d5ee7958,recurso,Extensión/directorio,,
system/backoffice/tiny_mce/plugins/autosave/langs/en.js,256,.js,3e85d51389ba330588736e92365281902d9e30d77be6ea190572efbb0d6a5692,recurso,Extensión/directorio,,
system/backoffice/tiny_mce/plugins/bbcode/editor_plugin.js,3224,.js,4e77bf6ee7a8eef4c120abba19ef51cc225a8126b31264a4bacd505771f5d462,recurso,Extensión/directorio,,
system/backoffice/tiny_mce/plugins/bbcode/editor_plugin_src.js,4354,.js,88e45ab096cb063f76bcbdae54ffab6a70da931115efdad423e1b4dc8f311205,recurso,Extensión/directorio,,
system/backoffice/tiny_mce/plugins/contextmenu/editor_plugin.js,2308,.js,0144dbc6f53b21a1bb778a54fc09af560bf4315c183e49b87a3a5f4af83ea663,recurso,Extensión/directorio,,
system/backoffice/tiny_mce/plugins/contextmenu/editor_plugin_src.js,4658,.js,7b507a81bef25b77803d71091f5a0dd78c7de85dbccb3f7db6fd69037f14c172,recurso,Extensión/directorio,,
system/backoffice/tiny_mce/plugins/directionality/editor_plugin.js,1333,.js,5769cb7a9d38163e3f3f55674b1e506af72c900b13abedd9c6bdd9a26e14c6b7,recurso,Extensión/directorio,,
system/backoffice/tiny_mce/plugins/directionality/editor_plugin_src.js,2075,.js,3b1f76afe04621da83f295f3d8bd0109d316cfb215d8d4c1f550fbbdef4a1476,recurso,Extensión/directorio,,
system/backoffice/tiny_mce/plugins/emotions/editor_plugin.js,676,.js,2f82915ffc9ff1041b38a4a0d30f6dd2866ebad438b5804583b6e04ae821756f,recurso,Extensión/directorio,,
system/backoffice/tiny_mce/plugins/emotions/editor_plugin_src.js,1220,.js,79068c0435370890e2ac0d7808e41b7ea7397428714ca5eab1d8f48e0a3e3eed,recurso,Extensión/directorio,,
system/backoffice/tiny_mce/plugins/emotions/emotions.htm,4485,.htm,edc80777e6e303b45081209a64adb254a54cb0e63afc3d96f3e0adc249275e29,recurso,Extensión/directorio,,
system/backoffice/tiny_mce/plugins/emotions/img/smiley-cool.gif,354,.gif,bb0e93a050a32df7913e4026b3c88a176998e0e3e073ba06e9b73f6c24227c9c,recurso,Extensión/directorio,,
system/backoffice/tiny_mce/plugins/emotions/img/smiley-cry.gif,329,.gif,a0c5f3e7a682449c973c9d9f7c46342081c46920686d2353f57aff91ab907f68,recurso,Extensión/directorio,,
system/backoffice/tiny_mce/plugins/emotions/img/smiley-embarassed.gif,331,.gif,d3cafcb50b335672cb5e9f4600ea9ea261dac7828dd28844d4927c393a25618f,recurso,Extensión/directorio,,
system/backoffice/tiny_mce/plugins/emotions/img/smiley-foot-in-mouth.gif,344,.gif,82df9389e38ce80abc41c5d3b6c0e7543433a2d952ecfac5a1c098ba370cfcc3,recurso,Extensión/directorio,,
system/backoffice/tiny_mce/plugins/emotions/img/smiley-frown.gif,340,.gif,1b984bf98931dd1debb54461eb9d83e985f2b2999fe14bcb556d6c0921bc83b0,recurso,Extensión/directorio,,
system/backoffice/tiny_mce/plugins/emotions/img/smiley-innocent.gif,336,.gif,8db353ef102196f2c6ddf5c4666446de955d7b14fc0957c806c9dbfb48fb0c29,recurso,Extensión/directorio,,
system/backoffice/tiny_mce/plugins/emotions/img/smiley-kiss.gif,338,.gif,3154c3665356c13ab10fefdbac1fe187fff978a0052037c99cdc4a97103413f2,recurso,Extensión/directorio,,
system/backoffice/tiny_mce/plugins/emotions/img/smiley-laughing.gif,344,.gif,1e77e0592d311fa94ed3ca78ebdc1ada8fa2742f9a9df87663afeaaaf314223f,recurso,Extensión/directorio,,
system/backoffice/tiny_mce/plugins/emotions/img/smiley-money-mouth.gif,321,.gif,f0b9f4f22e237f5dbc851f900fed8d7eca4c954ae6fbc606c0cd8be431d0ac80,recurso,Extensión/directorio,,
system/backoffice/tiny_mce/plugins/emotions/img/smiley-sealed.gif,325,.gif,41c61a8e7d4165fadcc08dc597452dddb39ad6c9224cf7dbda871235d7c5bb8c,recurso,Extensión/directorio,,
system/backoffice/tiny_mce/plugins/emotions/img/smiley-smile.gif,345,.gif,26dc134dd8f00285c940e0f09f2006213423f5053cad89c31fa4c5af039ce50e,recurso,Extensión/directorio,,
system/backoffice/tiny_mce/plugins/emotions/img/smiley-surprised.gif,342,.gif,f922756a448aec895d04a032349624774e12106c75209452213efdd1d08827c9,recurso,Extensión/directorio,,
system/backoffice/tiny_mce/plugins/emotions/img/smiley-tongue-out.gif,328,.gif,5843c85667a8226dc43be83749fd9fbbc5d20b1577de2b763915d99815d37d47,recurso,Extensión/directorio,,
system/backoffice/tiny_mce/plugins/emotions/img/smiley-undecided.gif,337,.gif,d8b9bcbb433951ff3c4ca8dd959ac3844239b98e6d52218833e1485a91f67347,recurso,Extensión/directorio,,
system/backoffice/tiny_mce/plugins/emotions/img/smiley-wink.gif,351,.gif,675635adeabcc950282b70067beaa95053788a65abf25f9293fd42e97307c365,recurso,Extensión/directorio,,
system/backoffice/tiny_mce/plugins/emotions/img/smiley-yell.gif,336,.gif,bba903fbcb46fce8c68b9e01863fd095b3b1d0e6aa72161f3a88d762a5f90a79,recurso,Extensión/directorio,,
system/backoffice/tiny_mce/plugins/emotions/js/emotions.js,541,.js,9589f23bd2cec83f24edcd45dd025fcd01388721dbf3723dd2e9fb296b31a205,recurso,Extensión/directorio,,
system/backoffice/tiny_mce/plugins/emotions/langs/en_dlg.js,404,.js,cbfdf1417a083f827a679d73a6d6d7ad315af520d282472aeddbf77037b18ebe,recurso,Extensión/directorio,,
system/backoffice/tiny_mce/plugins/example/dialog.htm,908,.htm,fc683fb51cd3cb617601e10ee4412a4c83bc13750cbab28231d2c253ba9cea37,recurso,Extensión/directorio,,
system/backoffice/tiny_mce/plugins/example/editor_plugin.js,860,.js,fc74c01a7a8efc08e2d94b5f3490ba6058618cfa9435eaeafd30e0db5bd04a21,recurso,Extensión/directorio,,
system/backoffice/tiny_mce/plugins/example/editor_plugin_src.js,2989,.js,b1792495734d4adc212120e3fb04ae9c4f3573c9124ace507ec74d0c3a477cd5,recurso,Extensión/directorio,,
system/backoffice/tiny_mce/plugins/example/img/example.gif,87,.gif,0a368f10022fa2f43eac1d93ff4b2701a43783600758fdab784bdf19d678e489,recurso,Extensión/directorio,,
system/backoffice/tiny_mce/plugins/example/js/dialog.js,609,.js,1faefc165402bf57132a9e416a183af60af4a69481c7deea4b5c5ca036aecb7b,recurso,Extensión/directorio,,
system/backoffice/tiny_mce/plugins/example/langs/en.js,79,.js,6b71354248fb6d2914c7f9d7bf767269d70925211055e7a24a60e47e1e1fa939,recurso,Extensión/directorio,,
system/backoffice/tiny_mce/plugins/example/langs/en_dlg.js,82,.js,2c90b34a0350157488b349bc3dab104b0fc57436704c02d357a39a5303cf9077,recurso,Extensión/directorio,,
system/backoffice/tiny_mce/plugins/fullpage/css/fullpage.css,2987,.css,60af2433b524078b7722c169a3667d91e7cb0ade8bfeb5171ef5b2b0882cc669,recurso,Extensión/directorio,,
system/backoffice/tiny_mce/plugins/fullpage/editor_plugin.js,2911,.js,5d39c74cc8b042773cd8c3259889471e0dc0c22dc83fc888b57bb09ec878af1e,recurso,Extensión/directorio,,
system/backoffice/tiny_mce/plugins/fullpage/editor_plugin_src.js,4462,.js,18e3713a0294dbfd037a3cb0ea4e78e02a0092971a618d5cb0e891ae8d2e5c71,recurso,Extensión/directorio,,
system/backoffice/tiny_mce/plugins/fullpage/fullpage.htm,25780,.htm,721df839c0f393d95502119ac496599bea5238e2462c9b1044a65e2df7d78c3b,recurso,Extensión/directorio,,
system/backoffice/tiny_mce/plugins/fullpage/js/fullpage.js,15842,.js,3ebf370d354872000b7af03ad4707966185935947313676ff1c83ff1762d11c0,recurso,Extensión/directorio,,
system/backoffice/tiny_mce/plugins/fullpage/langs/en_dlg.js,2369,.js,98135a9214ca0626204b5fda1fe67476575ad064769aecb748fec44ee81cf4f2,recurso,Extensión/directorio,,
system/backoffice/tiny_mce/plugins/fullscreen/editor_plugin.js,3624,.js,638acfefca087a33f619b13be41a7768cccd001bc35ecefaf2ac8eb834c8957c,recurso,Extensión/directorio,,
system/backoffice/tiny_mce/plugins/fullscreen/editor_plugin_src.js,5549,.js,c32216f5cf657f3d0109eff5ba683e8d57a69b35f3603dd14012052aa771fe3c,recurso,Extensión/directorio,,
system/backoffice/tiny_mce/plugins/fullscreen/fullscreen.htm,3408,.htm,21dae62065f3a5c8b202d825074be1639bca7092da9c6cefd42f444753783917,recurso,Extensión/directorio,,
system/backoffice/tiny_mce/plugins/iespell/editor_plugin.js,909,.js,9f82bde8cbf2ac77a502f5cb352d6548d9bfa060b684eee53fd29a1d161d01b7,recurso,Extensión/directorio,,
system/backoffice/tiny_mce/plugins/iespell/editor_plugin_src.js,1484,.js,f7a612dbee77aaf7ca10785402248e1ddda267f931c2260f7ab1ac2c66b00277,recurso,Extensión/directorio,,
system/backoffice/tiny_mce/plugins/inlinepopups/editor_plugin.js,10677,.js,94ece9605ccc950c18dc938def90de9e1d937d04b4fdd7e850e27180cdc454d9,recurso,Extensión/directorio,,
system/backoffice/tiny_mce/plugins/inlinepopups/editor_plugin_src.js,17454,.js,857a25cb5e4cd3342efe3e04f77d8fcb1365c1a1bd6e8a009672a51f3be020f4,recurso,Extensión/directorio,,
system/backoffice/tiny_mce/plugins/inlinepopups/skins/clearlooks2/img/alert.gif,818,.gif,426645594d6c028a59b7ddf56982985099505b503ddaba0895129b80be90ac1a,recurso,Extensión/directorio,,
system/backoffice/tiny_mce/plugins/inlinepopups/skins/clearlooks2/img/button.gif,280,.gif,3867061d336115c290af7f50103210510df051a87150dada9ecac45aed88e983,recurso,Extensión/directorio,,
system/backoffice/tiny_mce/plugins/inlinepopups/skins/clearlooks2/img/buttons.gif,1195,.gif,617248ef8eb196c9e51525ed9c7bc660090b853e4acbeb1519bac5907356f97b,recurso,Extensión/directorio,,
system/backoffice/tiny_mce/plugins/inlinepopups/skins/clearlooks2/img/confirm.gif,915,.gif,65e988fee82fc5ed43b986a087b1da831833d614204eb5535588601c29597b90,recurso,Extensión/directorio,,
system/backoffice/tiny_mce/plugins/inlinepopups/skins/clearlooks2/img/corners.gif,911,.gif,4eed77a52e0fe3dc9cdaee3c0b66df7bd87d5c22ecc0e5c928ff5867924d8e5a,recurso,Extensión/directorio,,
system/backoffice/tiny_mce/plugins/inlinepopups/skins/clearlooks2/img/horizontal.gif,769,.gif,b5cb6acba7c768de3b23a594ac1c4ad328f97a5888280e259c0ba17884502b03,recurso,Extensión/directorio,,
system/backoffice/tiny_mce/plugins/inlinepopups/skins/clearlooks2/img/vertical.gif,92,.gif,99beb1b1270386a8a3bbfc31644b17e27d60cd8e4bc479d625232925742e4b78,recurso,Extensión/directorio,,
system/backoffice/tiny_mce/plugins/inlinepopups/skins/clearlooks2/window.css,6714,.css,3d1fee2a4c28e1b093ed672c2c7cb6274fc049fde516b41bd1a96aa216f82134,recurso,Extensión/directorio,,
system/backoffice/tiny_mce/plugins/inlinepopups/template.htm,12878,.htm,078232edb5273221a098dff4a53d2b1b42b9835f28135802d1a16e53594ad9d6,recurso,Extensión/directorio,,
system/backoffice/tiny_mce/plugins/insertdatetime/editor_plugin.js,1931,.js,48fb10a80c6649258719b7e3ffd401b7a4b4c0daa2dd1cec22547088bab28b72,recurso,Extensión/directorio,,
system/backoffice/tiny_mce/plugins/insertdatetime/editor_plugin_src.js,2860,.js,0dda3c1d6f1eff58295fd15f037b0c95a479ed86693479430764b868904afc85,recurso,Extensión/directorio,,
system/backoffice/tiny_mce/plugins/layer/editor_plugin.js,3432,.js,87ddbfa4a22ddd29d2d6ff1195c218b4c801de6db009504c2a9a53149fef1644,recurso,Extensión/directorio,,
system/backoffice/tiny_mce/plugins/layer/editor_plugin_src.js,5311,.js,e8ad83b814265a36c3e6b7bb84c2317eed7f84fc65a7b09ceab4f11ada9a6fa5,recurso,Extensión/directorio,,
system/backoffice/tiny_mce/plugins/legacyoutput/editor_plugin.js,1776,.js,6efe91a17fc444357f1ce8174ac7ab39c7a8eda434a203b61063efbe27dc72de,recurso,Extensión/directorio,,
system/backoffice/tiny_mce/plugins/legacyoutput/editor_plugin_src.js,4790,.js,116b196ba4dcb2cc6da2ae16095dfb4017189280748ff1f71e3c149a15fa0270,recurso,Extensión/directorio,,
system/backoffice/tiny_mce/plugins/media/css/content.css,530,.css,fa35981d07596d220be36e174f912f5aab1b856b90e33edc19c4244f5873ca60,recurso,Extensión/directorio,,
system/backoffice/tiny_mce/plugins/media/css/media.css,1271,.css,b1b2ffd7ffb6a3bae6e26239af2af6dd38f49cb5f59daf29e03e88dce25370e5,recurso,Extensión/directorio,,
system/backoffice/tiny_mce/plugins/media/editor_plugin.js,8146,.js,27e8f3f7c91ef8d4f6e5078152705deb785454bd9be09ed14373f6130cc8d344,recurso,Extensión/directorio,,
system/backoffice/tiny_mce/plugins/media/editor_plugin_src.js,12119,.js,b9d74cb6f35d4908c53754d0ff4938a9502111212f9954186e1873f8310094db,recurso,Extensión/directorio,,
system/backoffice/tiny_mce/plugins/media/img/flash.gif,241,.gif,3d6c41791296c7b5551073d5677edf90e9bd4a8384cf687294f4cc502235efe9,recurso,Extensión/directorio,,
system/backoffice/tiny_mce/plugins/media/img/flv_player.swf,11668,.swf,74e16cb17b4fde663d7182e7e4f14d087ca42051d05151ba961d8d1c5dfb5f6e,recurso,Extensión/directorio,,
system/backoffice/tiny_mce/plugins/media/img/quicktime.gif,303,.gif,b6c979d98c85cf423798ff1ce8afc3abeb89323653d69d31bf64d99ee2f7b08e,recurso,Extensión/directorio,,
system/backoffice/tiny_mce/plugins/media/img/realmedia.gif,439,.gif,7c91b7905bc6f8dc4bbc700ec2a3380d05fa503bc7e87fd857e50e6aadeb51c0,recurso,Extensión/directorio,,
system/backoffice/tiny_mce/plugins/media/img/shockwave.gif,387,.gif,830e7794b9db1f067a2915e15adb35a840b2020aa977951c6124dec2fbb573e7,recurso,Extensión/directorio,,
system/backoffice/tiny_mce/plugins/media/img/trans.gif,43,.gif,9cf020d7c3bba7f5ab10cda54aabef934f906d4f9a3acf99e9e7dc6c98579635,recurso,Extensión/directorio,,
system/backoffice/tiny_mce/plugins/media/img/windowsmedia.gif,415,.gif,189f1dd8fc0eb1029a032f68a03f90dda3518738cd65e788d8c36f181b82483f,recurso,Extensión/directorio,,
system/backoffice/tiny_mce/plugins/media/js/embed.js,1938,.js,9c69f76a6f90144ff3ec0adbeaec2d4ebad9511824cbc778fab8120268c10a19,recurso,Extensión/directorio,,
system/backoffice/tiny_mce/plugins/media/js/media.js,18564,.js,adffe74119974ce9f1f2c84935518286184321eeda72a4aaae3681e842f423cb,recurso,Extensión/directorio,,
system/backoffice/tiny_mce/plugins/media/langs/en_dlg.js,2736,.js,ffc1219c43fd765b19f93222d5b30121e9f771c5f8bbd9d435e4e69aaece0047,recurso,Extensión/directorio,,
system/backoffice/tiny_mce/plugins/media/media.htm,32667,.htm,ba2466bfe0da9b4a3e453ef18a7b2daa17e9bcd01b9d2058816e4d86174393c5,recurso,Extensión/directorio,,
system/backoffice/tiny_mce/plugins/nonbreaking/editor_plugin.js,963,.js,3338d3ea0b2bf12fdff5e2592b2394a45beb6d07859b4806d25644aa87e46dc5,recurso,Extensión/directorio,,
system/backoffice/tiny_mce/plugins/nonbreaking/editor_plugin_src.js,1539,.js,ec17b6cf89b33fb1840d45db2fec58b2ae43c87efa99ed54adc6cb639e643fb9,recurso,Extensión/directorio,,
system/backoffice/tiny_mce/plugins/noneditable/editor_plugin.js,1364,.js,8fbe332d4d0e81794a718dcffc91533c5938a60b584544666d3d7e6866b7a0ef,recurso,Extensión/directorio,,
system/backoffice/tiny_mce/plugins/noneditable/editor_plugin_src.js,2319,.js,3308f645b69e2afb13a788ba87a3d2ecb58e1820f40474fa04955cccffc6d11c,recurso,Extensión/directorio,,
system/backoffice/tiny_mce/plugins/pagebreak/css/content.css,170,.css,326a0e5152b653934bdc08ec05091fde4fda09b32117ca5fe02946019c10c5ee,recurso,Extensión/directorio,,
system/backoffice/tiny_mce/plugins/pagebreak/editor_plugin.js,1463,.js,cd954b87bf10dd1497af65828cd4282af0503e18f40b9ebc03b9d586f444cdb0,recurso,Extensión/directorio,,
system/backoffice/tiny_mce/plugins/pagebreak/editor_plugin_src.js,2246,.js,762d509e7c688583ed2e3c82a9d28f98cc82b49208cf08e2719b76c8f7fca1c7,recurso,Extensión/directorio,,
system/backoffice/tiny_mce/plugins/pagebreak/img/pagebreak.gif,325,.gif,c578b29d96c387048a330f302bba2fe714f2d0ae6cbb0916581715cafc80ecd7,recurso,Extensión/directorio,,
system/backoffice/tiny_mce/plugins/pagebreak/img/trans.gif,43,.gif,9cf020d7c3bba7f5ab10cda54aabef934f906d4f9a3acf99e9e7dc6c98579635,recurso,Extensión/directorio,,
system/backoffice/tiny_mce/plugins/paste/editor_plugin.js,13634,.js,35601cbc28f998e1aefff3a7494e37e9f50b2323761fac67c7c7055c4b6ab2dd,recurso,Extensión/directorio,,
system/backoffice/tiny_mce/plugins/paste/editor_plugin_src.js,32286,.js,9273a955a1138e2541db3127b3cfdac4fdbe6209de2920e79963d5c69ab9f502,recurso,Extensión/directorio,,
system/backoffice/tiny_mce/plugins/paste/js/pastetext.js,884,.js,50cc6804e8ec1670b4e813dcf0d8789a4d7bef16913f612d9fc21be8458dc823,recurso,Extensión/directorio,,
system/backoffice/tiny_mce/plugins/paste/js/pasteword.js,1647,.js,586f2e761a86f05ed7dce59436727c2fc73b39255562ba42152f838d9e41f679,recurso,Extensión/directorio,,
system/backoffice/tiny_mce/plugins/paste/langs/en_dlg.js,228,.js,9eb3a98596fe778334c18b617fe14627ce9a876ead37e977e6a8680e3dd8d0e1,recurso,Extensión/directorio,,
system/backoffice/tiny_mce/plugins/paste/pastetext.htm,1209,.htm,41f1fe37d33e9d2bcd8d0b0fadf327ef6c5bc6dee22ed2a5ce8494a6e9445b75,recurso,Extensión/directorio,,
system/backoffice/tiny_mce/plugins/paste/pasteword.htm,783,.htm,d95734322fa231a204ff5de200f792c32e6457aff96e1c62a52eb3bd4bc6eb41,recurso,Extensión/directorio,,
system/backoffice/tiny_mce/plugins/preview/editor_plugin.js,1051,.js,c22b1959fd68b50e46b2fa59b81c132c1996c8034ae560a7bf6abb9a4cb3eebd,recurso,Extensión/directorio,,
system/backoffice/tiny_mce/plugins/preview/editor_plugin_src.js,1641,.js,fa0a2589c1f5927b09a8d9b5341b1cc63e55bcd5621476b9269d4aae8d322430,recurso,Extensión/directorio,,
system/backoffice/tiny_mce/plugins/preview/example.html,731,.html,43838ccab40110fea81e303451246c130ea4effa019d57d3b5025e2350dae352,recurso,Extensión/directorio,,
system/backoffice/tiny_mce/plugins/preview/jscripts/embed.js,1938,.js,9c69f76a6f90144ff3ec0adbeaec2d4ebad9511824cbc778fab8120268c10a19,recurso,Extensión/directorio,,
system/backoffice/tiny_mce/plugins/preview/preview.html,630,.html,c4e90f2e7bfca4dd16ab76fa120c71a05fe2a5e00ee9e2fb1f293bf69f56ddf1,recurso,Extensión/directorio,,
system/backoffice/tiny_mce/plugins/print/editor_plugin.js,492,.js,5a76c9d6c65468a7e0d90f849708a9e139e1cba66d4bafea022d3c3595833057,recurso,Extensión/directorio,,
system/backoffice/tiny_mce/plugins/print/editor_plugin_src.js,881,.js,8b7c649a5e0a4f2e8a92cee13db10b609deb4783e571b1539e5847b0366a0d7f,recurso,Extensión/directorio,,
system/backoffice/tiny_mce/plugins/save/editor_plugin.js,0,.js,e3b0c44298fc1c149afbf4c8996fb92427ae41e4649b934ca495991b7852b855,recurso,Extensión/directorio,,
system/backoffice/tiny_mce/plugins/save/editor_plugin_src.js,2529,.js,8f7a016d56cf64a22ec2728b8765650b94820be642a491ebba83d821bbf43708,recurso,Extensión/directorio,,
system/backoffice/tiny_mce/plugins/searchreplace/css/searchreplace.css,176,.css,91026373be70bd3af6dcae82203ff82654f3fba4c6d6b6e8a608651c8b2cdde7,recurso,Extensión/directorio,,
system/backoffice/tiny_mce/plugins/searchreplace/editor_plugin.js,1031,.js,6aa45fee0bb56695ed633f56dbea66bed1b4a4491767e6db0b32e51f9cf1b1f8,recurso,Extensión/directorio,,
system/backoffice/tiny_mce/plugins/searchreplace/editor_plugin_src.js,1643,.js,8fdeabe0047f0f06105993ae31a874e31b3038eb188a321576bdf6610b69f082,recurso,Extensión/directorio,,
system/backoffice/tiny_mce/plugins/searchreplace/js/searchreplace.js,3363,.js,25bfb53c804cfe45581e26561da766447bddc54f72aa0fd849278121b16e51ee,recurso,Extensión/directorio,,
system/backoffice/tiny_mce/plugins/searchreplace/langs/en_dlg.js,469,.js,9667c6f9f260cb4ee12a0b1b24a5799c2714ed2487cbacfc7f45683ef3c2259a,recurso,Extensión/directorio,,
system/backoffice/tiny_mce/plugins/searchreplace/searchreplace.htm,4784,.htm,1dc0981e287b0eac27a0ce5ab02cb4ced2a3a0d48ff2426d303eb88fda1a3651,recurso,Extensión/directorio,,
system/backoffice/tiny_mce/plugins/spellchecker/css/content.css,98,.css,f6adcd1861541e7d7279b12b1d8b3e29e3d844dfb1e6f873616452e3f6316a7f,recurso,Extensión/directorio,,
system/backoffice/tiny_mce/plugins/spellchecker/editor_plugin.js,6697,.js,285b0a6e2b15ca9b1941b10482012e75dd7c5531184ef124d08f65d44066f9c2,recurso,Extensión/directorio,,
system/backoffice/tiny_mce/plugins/spellchecker/editor_plugin_src.js,10947,.js,e17125fc8a95f56c9d514ed72a44f6b975fef5773aaacbcdd229ba1d11d44202,recurso,Extensión/directorio,,
system/backoffice/tiny_mce/plugins/spellchecker/img/wline.gif,46,.gif,68ba683c67d4cc0b73292eaad796a102aa0fbe8a1e57cbf030af785a484344c7,recurso,Extensión/directorio,,
system/backoffice/tiny_mce/plugins/style/css/props.css,859,.css,8e2c4459abfe85e68b7f9583808d5685537ac4cbc589d5867b6b79275e18184c,recurso,Extensión/directorio,,
system/backoffice/tiny_mce/plugins/style/editor_plugin.js,938,.js,b22b03ec2276454fd7c589365e189931b324ec5856ae1f2da0e43e0ea21d032b,recurso,Extensión/directorio,,
system/backoffice/tiny_mce/plugins/style/editor_plugin_src.js,1538,.js,0c390f62e7dd6cd8cd0bd51b983b755bb23f378c4106c627efd113e804dce06d,recurso,Extensión/directorio,,
system/backoffice/tiny_mce/plugins/style/js/props.js,30482,.js,977841510406c5802ff9761f422f57daa9c8f1124cad8ca6da4c08b97a3a3b7e,recurso,Extensión/directorio,,
system/backoffice/tiny_mce/plugins/style/langs/en_dlg.js,1531,.js,354268065303dce44763b99545ad4f95b2dccf838e87a311a140910a1b18fe27,recurso,Extensión/directorio,,
system/backoffice/tiny_mce/plugins/style/props.htm,28227,.htm,9683a349ee8beb141d45f871bb4bc5017e619edf574e4a30d8e00b5a7e06cef9,recurso,Extensión/directorio,,
system/backoffice/tiny_mce/plugins/tabfocus/editor_plugin.js,1417,.js,9e5039cf4435db3a0de430393ad0e60227f2fc483afcca803fd8a0b84045500e,recurso,Extensión/directorio,,
system/backoffice/tiny_mce/plugins/tabfocus/editor_plugin_src.js,2593,.js,94393d51d43a3eb9b9aaab20d0ef13b86e0b5f514e35b2950a46beb5cc96efc7,recurso,Extensión/directorio,,
system/backoffice/tiny_mce/plugins/table/cell.htm,6820,.htm,4b9b04cf0561a435aa0d49da7d18beadbded7a101d5949e67167fdb328680447,recurso,Extensión/directorio,,
system/backoffice/tiny_mce/plugins/table/css/cell.css,205,.css,7c5da23036408320151608b80dfc3a93415f6a73fb8b3c77c3104d4a7ddb1606,recurso,Extensión/directorio,,
system/backoffice/tiny_mce/plugins/table/css/row.css,306,.css,ec983504a666205a654b9792f1c712c8b918d72552fca27a70e79fb8e6611608,recurso,Extensión/directorio,,
system/backoffice/tiny_mce/plugins/table/css/table.css,170,.css,b6210efbda434b1d6c40946f9daaaab9e90063b9fe6e1ea0d13f6a45ec2f9d20,recurso,Extensión/directorio,,
system/backoffice/tiny_mce/plugins/table/editor_plugin.js,13506,.js,62d2f2c1ded529284043a6cb0a6a686494293e4271ef87d9d10b8268f59874de,recurso,Extensión/directorio,,
system/backoffice/tiny_mce/plugins/table/editor_plugin_src.js,29263,.js,66414b95879915a4bb37720371f1d071c6132f33664c218c045c0747c6944a58,recurso,Extensión/directorio,,
system/backoffice/tiny_mce/plugins/table/js/cell.js,8563,.js,9a96c553d66ac667dd990b12811b768069ac829abf3781459ec8b587d0e0c17f,recurso,Extensión/directorio,,
system/backoffice/tiny_mce/plugins/table/js/merge_cells.js,566,.js,43e3746a97174cfb8dcc6d5e3668b7c347a3e2723ede80a363dfd32abce0c292,recurso,Extensión/directorio,,
system/backoffice/tiny_mce/plugins/table/js/row.js,7315,.js,6236edc44aa18234d170eaeb647c25b7c53297a0958fe2c22c8d0c100d7c0514,recurso,Extensión/directorio,,
system/backoffice/tiny_mce/plugins/table/js/table.js,14000,.js,f1dc2a1d3f597141867e5b0cb810c38e043d9d5f1d161d312d4bea86cd2a7dc7,recurso,Extensión/directorio,,
system/backoffice/tiny_mce/plugins/table/langs/en_dlg.js,2137,.js,e9ad751c89c56daa08e1c4554fef0ce6618c7c02c52903558d9657405fff9ba7,recurso,Extensión/directorio,,
system/backoffice/tiny_mce/plugins/table/merge_cells.htm,1355,.htm,f5608e809c613b54d1bca1f8e1a9ff2466e2f0e8d7ea9f834f82e1a031cd83f9,recurso,Extensión/directorio,,
system/backoffice/tiny_mce/plugins/table/row.htm,5905,.htm,a9652099152c298c9aea5bba43da1ea5d3d8e6a85124871854db732a3e81329a,recurso,Extensión/directorio,,
system/backoffice/tiny_mce/plugins/table/table.htm,8607,.htm,93b6a3a73257b5525f8480f96d39926132424646155dee14cf754c701c313582,recurso,Extensión/directorio,,
system/backoffice/tiny_mce/plugins/template/blank.htm,332,.htm,6542968f255472e85e58c5d737430021dd20548db178c260d7c98aaa9bfda241,recurso,Extensión/directorio,,
system/backoffice/tiny_mce/plugins/template/css/template.css,275,.css,ddb69bd8a6cb5f129b105aaf9bb66897747b8a625184bc5326e33d98209b0045,recurso,Extensión/directorio,,
system/backoffice/tiny_mce/plugins/template/editor_plugin.js,3302,.js,f588728b7df3fcfe059e9a96addadb4fef021a4975d935cbc0e1c7c2ca347c54,recurso,Extensión/directorio,,
system/backoffice/tiny_mce/plugins/template/editor_plugin_src.js,4986,.js,8570241ae6edeb46698d0d251956dfd78514273347b980e12444ac2ba54c219d,recurso,Extensión/directorio,,
system/backoffice/tiny_mce/plugins/template/js/template.js,2778,.js,6992a9e561667066971d2b463bbac1b4e6ee3ae8b100f7e36848ff526406dc4b,recurso,Extensión/directorio,,
system/backoffice/tiny_mce/plugins/template/langs/en_dlg.js,641,.js,200af5aa76c1b01579220648327154c267b9cca0f8790a2e416495c722c26d53,recurso,Extensión/directorio,,
system/backoffice/tiny_mce/plugins/template/template.htm,1441,.htm,86f8392f3404e1557adbf6281464bffdf036262bd8ee1c17b1f0c5137f0cad92,recurso,Extensión/directorio,,
system/backoffice/tiny_mce/plugins/visualchars/editor_plugin.js,1364,.js,7306d41ad366ccfe4d1e7439fcde835a3c70503a9f12835abca9e95c9d6cdd3f,recurso,Extensión/directorio,,
system/backoffice/tiny_mce/plugins/visualchars/editor_plugin_src.js,2191,.js,2d56d04496add058edf68e00b7377aea2b683a81bcafd451e54b27f68525014d,recurso,Extensión/directorio,,
system/backoffice/tiny_mce/plugins/wordcount/editor_plugin.js,1518,.js,f012a6160f62d8db45d8c47f4f52f027048d7f17275fccfe8003133ae03c53e4,recurso,Extensión/directorio,,
system/backoffice/tiny_mce/plugins/wordcount/editor_plugin_src.js,2581,.js,916b2a54297adf1616e10c41c53e052399642e6cb7f9bf59e30e608a53633740,recurso,Extensión/directorio,,
system/backoffice/tiny_mce/plugins/xhtmlxtras/abbr.htm,6038,.htm,a2ee35dd11cf3ecbd6f91ea81df3d93fdf6ef38a11938bffd3596486bb653b7e,recurso,Extensión/directorio,,
system/backoffice/tiny_mce/plugins/xhtmlxtras/acronym.htm,6050,.htm,6aa234540364092401fa27af22ebf67059fa9473bafd0e682948768813973597,recurso,Extensión/directorio,,
system/backoffice/tiny_mce/plugins/xhtmlxtras/attributes.htm,6003,.htm,54ab26fb6a8d953303bffcb299bfadca1b3102648dd5cd2dec11d5f144b19bff,recurso,Extensión/directorio,,
system/backoffice/tiny_mce/plugins/xhtmlxtras/cite.htm,6038,.htm,5bf5968ebafcc618ba88863de8e8df9ae7a38804be3915ee2baee9bc8b0a8749,recurso,Extensión/directorio,,
system/backoffice/tiny_mce/plugins/xhtmlxtras/css/attributes.css,197,.css,358d742f990d40cc16a0bdedc12d773f7235e9b6b331a381b3bacb0a688774ea,recurso,Extensión/directorio,,
system/backoffice/tiny_mce/plugins/xhtmlxtras/css/popup.css,514,.css,ac388856fab20c883718239e7b658fa5712454f86b3989dcc1210d0b2b93602d,recurso,Extensión/directorio,,
system/backoffice/tiny_mce/plugins/xhtmlxtras/del.htm,7004,.htm,1f537349c56f87d94094db6c05c03b4931667faeae47b0c9084c096249693a7e,recurso,Extensión/directorio,,
system/backoffice/tiny_mce/plugins/xhtmlxtras/editor_plugin.js,2645,.js,be05eaaa392487d24db356df87c39b5da85056d29de2547e67ec124961cef837,recurso,Extensión/directorio,,
system/backoffice/tiny_mce/plugins/xhtmlxtras/editor_plugin_src.js,3979,.js,1e091065c28f31f1d44ae5900a827ef21a094fbd8d9240776a78a2151cbd073d,recurso,Extensión/directorio,,
system/backoffice/tiny_mce/plugins/xhtmlxtras/ins.htm,7006,.htm,c24221e9d078ab7d8f37d501d022ccc3c87446c1bb6d75354b67623980b51a62,recurso,Extensión/directorio,,
system/backoffice/tiny_mce/plugins/xhtmlxtras/js/abbr.js,541,.js,9948d4d53886c95020ac6a6a8c83d0cfa288a9e8eb8e5d1cbcc7c8a9c06a073e,recurso,Extensión/directorio,,
system/backoffice/tiny_mce/plugins/xhtmlxtras/js/acronym.js,559,.js,c447e91b8f415cf97918345cb72e2200b95a5a69135eaf1a4d79420d5263f0c3,recurso,Extensión/directorio,,
system/backoffice/tiny_mce/plugins/xhtmlxtras/js/attributes.js,3797,.js,aad7cba4582bb2eb3ea8aac0c89403f7a38bc2294aa226fba3abd904af4cf0fa,recurso,Extensión/directorio,,
system/backoffice/tiny_mce/plugins/xhtmlxtras/js/cite.js,541,.js,5c88ca26e9329b615a337c3086b1a7fd1894dd0960bceb3f836bcb6ad08ea5fb,recurso,Extensión/directorio,,
system/backoffice/tiny_mce/plugins/xhtmlxtras/js/del.js,1751,.js,a7ab657bb9180954b4da5ddde4829f32ea6d1712d2b65d9b442095ce263613cc,recurso,Extensión/directorio,,
system/backoffice/tiny_mce/plugins/xhtmlxtras/js/element_common.js,7244,.js,48e50e8c22dced89cc5208aa9542a6a80837710ffada39be74c4eddfa8dabfcd,recurso,Extensión/directorio,,
system/backoffice/tiny_mce/plugins/xhtmlxtras/js/ins.js,1749,.js,d9a80b884588a3a479fb6f0fcc9f4458ca674e1cd2f9ceb859c0305c792c9633,recurso,Extensión/directorio,,
system/backoffice/tiny_mce/plugins/xhtmlxtras/langs/en_dlg.js,1096,.js,4218386ecc8104c4f79766f5a25f6f3566b663cb315ddebf71c5b5426dd4d08a,recurso,Extensión/directorio,,
system/backoffice/tiny_mce/themes/advanced/about.htm,2945,.htm,9dca84409f5ac10109fb343a5a223c7ed317d36ac457f00902c95f60525951e5,recurso,Extensión/directorio,,
system/backoffice/tiny_mce/themes/advanced/anchor.htm,1032,.htm,9f9ac101d09c38f2c93880f4cefb373e0c4636459419fe0b36c74996d6dd7645,recurso,Extensión/directorio,,
system/backoffice/tiny_mce/themes/advanced/charmap.htm,2345,.htm,3e3c07d731e6eadf880bd344abcd9971f22c9ae079395a1ab000b3008706c966,recurso,Extensión/directorio,,
system/backoffice/tiny_mce/themes/advanced/color_picker.htm,2868,.htm,f0003e1356b8960b2f1cb67c8b938ef3e228851f057d0d835ef4434493c6791f,recurso,Extensión/directorio,,
system/backoffice/tiny_mce/themes/advanced/editor_template.js,22735,.js,4fddca607e906c9604cee22947d3208202786cdde8bcacced47c2e59e2354508,recurso,Extensión/directorio,,
system/backoffice/tiny_mce/themes/advanced/editor_template_src.js,35354,.js,9bec50c1d1bb2f5b7e2e3f22b6b8b50077c953a1359161df4af9f4d0669745c2,recurso,Extensión/directorio,,
system/backoffice/tiny_mce/themes/advanced/image.htm,4391,.htm,fcaf28f1776c34a07da2c800305558e433eeca0f4826fa99dbab1456a35cff8f,recurso,Extensión/directorio,,
system/backoffice/tiny_mce/themes/advanced/img/colorpicker.jpg,3189,.jpg,50c0c61159b085f55941b7c741f8997d39f3b6b6a9e114ed11b7152c86c637c7,recurso,Extensión/directorio,,
system/backoffice/tiny_mce/themes/advanced/img/icons.gif,11794,.gif,d73e26fb2c9a0e5bdbbe18582dbba8fd756601f9942928337d18f01fc5de8dee,recurso,Extensión/directorio,,
system/backoffice/tiny_mce/themes/advanced/js/about.js,2126,.js,cfc550c16bb9d5657d7a4680e223e3ce1f049ef3b106ae6b97a2c862dc6b3e89,recurso,Extensión/directorio,,
system/backoffice/tiny_mce/themes/advanced/js/anchor.js,891,.js,cb4c13851e70056899006896c6c689715b84118eac194219cbdfa79f5f1329ba,recurso,Extensión/directorio,,
system/backoffice/tiny_mce/themes/advanced/js/charmap.js,15059,.js,8a2830d7b144391cc68f9c9afde8ef355e4e94ca7badcdd51d1100fcbf7e50af,recurso,Extensión/directorio,,
system/backoffice/tiny_mce/themes/advanced/js/color_picker.js,11270,.js,b838f05da378c75967a4d3bd07c141b63d5297f10c7c698b2c64e36c3ef69764,recurso,Extensión/directorio,,
system/backoffice/tiny_mce/themes/advanced/js/image.js,6091,.js,0ea4027f9c4b798c9d6aefd1cd72ae1763c360eeac18e567076030b41ee7c46d,recurso,Extensión/directorio,,
system/backoffice/tiny_mce/themes/advanced/js/link.js,4959,.js,0bdb25efcaaca206b1254ae1f2d5bf2888ddbe12b9f08f1fec01a627a31cbd91,recurso,Extensión/directorio,,
system/backoffice/tiny_mce/themes/advanced/js/source_editor.js,1505,.js,831da57760b2ad779c250209844691bf2e2451163be9ff15278b79aa8d87490d,recurso,Extensión/directorio,,
system/backoffice/tiny_mce/themes/advanced/langs/en.js,1896,.js,66ed78d719252746a4952916a6561d2669fb9be9ce5461fca40a330dfa78378b,recurso,Extensión/directorio,,
system/backoffice/tiny_mce/themes/advanced/langs/en_dlg.js,1724,.js,5179c2931a7598ce7d75b1c1c080557e05cfd6b6e70bb1946fa2f18b6d075669,recurso,Extensión/directorio,,
system/backoffice/tiny_mce/themes/advanced/link.htm,2564,.htm,0a04a197e272d3e0ec1a5b34f4dbe38e1ba25f7c61bde01ed4af96b6a984e068,recurso,Extensión/directorio,,
system/backoffice/tiny_mce/themes/advanced/skins/default/content.css,1444,.css,f3b400f140ae94fc0aaf362cb510cbe7408d015f6f10d4a63605adeabf4b067a,recurso,Extensión/directorio,,
system/backoffice/tiny_mce/themes/advanced/skins/default/dialog.css,5616,.css,d54fda9aa8ee75d21883087b5e30d1e72b776f153b34c0af77ff2bd614a9decc,recurso,Extensión/directorio,,
system/backoffice/tiny_mce/themes/advanced/skins/default/img/buttons.png,3274,.png,f958faaa5f4e1ecfdbf5eb7d809f75cd37c9c8c6044ae2dd5427c426208c919d,recurso,Extensión/directorio,,
system/backoffice/tiny_mce/themes/advanced/skins/default/img/items.gif,70,.gif,baddc37567ce688311322580e92ea167b89930b8faa6b94bcaf5b2823e16e28f,recurso,Extensión/directorio,,
system/backoffice/tiny_mce/themes/advanced/skins/default/img/menu_arrow.gif,68,.gif,8bcfca704333511f3302aec623395c0a230b490cd56871321d349b1c3e9a4d7b,recurso,Extensión/directorio,,
system/backoffice/tiny_mce/themes/advanced/skins/default/img/menu_check.gif,70,.gif,3950c5a060385f0ce64b23f50fa302eee72cd66c53b356642a7f3654332d607e,recurso,Extensión/directorio,,
system/backoffice/tiny_mce/themes/advanced/skins/default/img/progress.gif,1787,.gif,16ea0cf66d51efdbbc2a62b11ab0419fa72fb3320844f1d0d710480245ac9925,recurso,Extensión/directorio,,
system/backoffice/tiny_mce/themes/advanced/skins/default/img/tabs.gif,1326,.gif,a7610e127f1f841b6e4a2f5aeb9897be40ecd17ef6f2a5c9cf893fe36a537282,recurso,Extensión/directorio,,
system/backoffice/tiny_mce/themes/advanced/skins/default/ui.css,15630,.css,5de1330755036436e318a64869ccd0d2c7951aba2620047b8216d0b00b22768b,recurso,Extensión/directorio,,
system/backoffice/tiny_mce/themes/advanced/skins/o2k7/content.css,1455,.css,24da301bce1e6d38d365ee0815f0a6b23d390c59b8796127402bea4d5f519a3c,recurso,Extensión/directorio,,
system/backoffice/tiny_mce/themes/advanced/skins/o2k7/dialog.css,5640,.css,34ef373df14eaba98f5622d121fb04c2c369e382bd1a468e457296dd45876d8e,recurso,Extensión/directorio,,
system/backoffice/tiny_mce/themes/advanced/skins/o2k7/img/button_bg.png,5859,.png,0d9521f68817c29bc7bf919a0a1f2ef5e6f9aeec85aa929254094c7d925d2455,recurso,Extensión/directorio,,
system/backoffice/tiny_mce/themes/advanced/skins/o2k7/img/button_bg_black.png,3736,.png,cda9ced6ba6f3590366f9ff8483e3537beef85cb3dea21a1c0a6cb5d60a83eb2,recurso,Extensión/directorio,,
system/backoffice/tiny_mce/themes/advanced/skins/o2k7/img/button_bg_silver.png,5358,.png,00137dfe86affe1dd1d7a14c479eeb2923e3d771ded693f698763821742277c1,recurso,Extensión/directorio,,
system/backoffice/tiny_mce/themes/advanced/skins/o2k7/ui.css,15024,.css,7f00f4fbca3a441e0194cd5d331dfdb4eb586b3b0d040a83bc82bad2a31bc629,recurso,Extensión/directorio,,
system/backoffice/tiny_mce/themes/advanced/skins/o2k7/ui_black.css,1655,.css,e511b092477f61097c6ec0f954b91d4d0942601e2a2bae821b4cd988f37374a3,recurso,Extensión/directorio,,
system/backoffice/tiny_mce/themes/advanced/skins/o2k7/ui_silver.css,819,.css,4b8efb661f39bd33535e0b593472b2aea6f55550a7372b628798a8c8b9c947cd,recurso,Extensión/directorio,,
system/backoffice/tiny_mce/themes/advanced/source_editor.htm,1190,.htm,15e6891f83deeac1e391ee1e1719f9b468bfa5ff433d373595bbc9fe02f47f7b,recurso,Extensión/directorio,,
system/backoffice/tiny_mce/themes/simple/editor_template.js,2222,.js,d3fe3ba75ef82993f54944c175e1a37517bdc2f25f6edd5150ed1d8e10f4a451,recurso,Extensión/directorio,,
system/backoffice/tiny_mce/themes/simple/editor_template_src.js,3204,.js,9df87149bcbe3a0f98ca6ba94adfbb8a098fa34e1e8fa75babf6cdccf6af1009,recurso,Extensión/directorio,,
system/backoffice/tiny_mce/themes/simple/img/icons.gif,1440,.gif,66990a9d29ae0be21fa8546afb73560548a85582b0fcdca63c97fb22ef96400f,recurso,Extensión/directorio,,
system/backoffice/tiny_mce/themes/simple/langs/en.js,321,.js,26d7508a61c215ae762f7957e6df6d3958eac0e24411f59c0267e94bf775397b,recurso,Extensión/directorio,,
system/backoffice/tiny_mce/themes/simple/skins/default/content.css,513,.css,34a68f52bf74ee115d9375c7fce229ded2bea23b79f60aba491d5f833f0be7e6,recurso,Extensión/directorio,,
system/backoffice/tiny_mce/themes/simple/skins/default/ui.css,2105,.css,da0f91541a494c4c67bfa2be97c26fbaf72f67075b4fa975a292f1b53d19b91e,recurso,Extensión/directorio,,
system/backoffice/tiny_mce/themes/simple/skins/o2k7/content.css,461,.css,a8f51696978ac2aed90ebbb0e2f30d1291e4504b335d45ae4a81923d5afe4d4a,recurso,Extensión/directorio,,
system/backoffice/tiny_mce/themes/simple/skins/o2k7/img/button_bg.png,5102,.png,08506049fa5e24de035c8aa471f5f4998bb3bd98772bd04a5d85df538767c0cb,recurso,Extensión/directorio,,
system/backoffice/tiny_mce/themes/simple/skins/o2k7/ui.css,2340,.css,51bb547af8e766b0a62273c5aee2600b412e5f46456b176b55efa23280ec5578,recurso,Extensión/directorio,,
system/backoffice/tiny_mce/tiny_mce.js,180300,.js,d27c176d8f000511fc645f8402bb584fc564f1915a74154a5005769214166416,recurso,Extensión/directorio,,
system/backoffice/tiny_mce/tiny_mce_popup.js,5193,.js,3656d8fdc1582471f92e0d8a97c1a16b9ce1e79cf0208fa1051bdc40fd1f1a90,recurso,Extensión/directorio,,
system/backoffice/tiny_mce/tiny_mce_src.js,363566,.js,5b0dd328a89f56ebd7d28a57629f28bd221ed39263b4aff340355c5b4ea775a7,recurso,Extensión/directorio,,
system/backoffice/tiny_mce/utils/editable_selects.js,2017,.js,fbd1f3d95017d0ea028726d18b8132641e97061ecae27f719533397828202f9b,recurso,Extensión/directorio,,
system/backoffice/tiny_mce/utils/form_utils.js,5506,.js,320798c73e3b5b69daa9f3043a88026a0bd34720bd6cd0b52a20f6e7bb3a0e31,recurso,Extensión/directorio,,
system/backoffice/tiny_mce/utils/mctabs.js,1871,.js,ab68f382a77b7491970389a2fad54527a0d8535fbc02127937a150ea9c44305e,recurso,Extensión/directorio,,
system/backoffice/tiny_mce/utils/validate.js,4988,.js,3c01dbafcfe7f9da8b7e23c1600e13d79578d9c608a6578cfbc4a1f4e52010f7,recurso,Extensión/directorio,,
system/backoffice/user/edit.php,2073,.php,533f28174ea86cc2162bf9ca528870044dfbb3092b04d5fdd984c5ed32a53193,administración / template,Ubicación y contenido BO,5,
system/backoffice/user/list.php,5961,.php,7a6355bb1ae1a161219d63215535988b14a2bf2a7cf3f320b2df1746323901bc,administración / template,Ubicación y contenido BO,7,
system/backoffice/user/user_login.php,2271,.php,95a4423f32c8de1c7126f90c93603cdf11153c55a9712318cd95046a5ebda990,administración / template,Ubicación y contenido BO,3,
system/backoffice/user.php,186,.php,ed662cde99cf5c3997afa67311d9c4ae77fd0a1bbe576964d1ecd48469c82597,administración / template,Ubicación y contenido BO,3,
system/Categorias.php,191,.php,3ec7481d13afaadd31d184659f2881971dc9740e027744536b6509a08ba78e7b,endpoint / código interno,Revisar referencias en dependency-inventory.csv,2,
system/common.php,5882,.php,6184c6f0d7f6405e29e11487bdb0a7d5bc9f430052ce053f349d3a046be5dd2c,configuración / bootstrap,Autoload y sesión,32,
system/css/calendar-style.css,1556,.css,41f6235389318aae9d73bc105ea7115964adbd956f64f55d48b584310b72fa39,recurso,Extensión/directorio,,
system/css/flecha1.gif,825,.gif,102aefb6524f7711a95de02630798885ceb5d1bc6f58a63de84ca8a43cc1f390,recurso,Extensión/directorio,,
system/css/flecha2.gif,825,.gif,cac0c3823fb9d8e69f16a2004ff5a6a49f25deb40e0da662e2ae1116c7f8d7fb,recurso,Extensión/directorio,,
system/css/Thumbs.db,9216,.db,f23da5b465f6eba684a068b7bb5e896cb486f6ea8889466481291f7ea0c586c2,recurso,Extensión/directorio,,
system/debug.php,245,.php,9a94c1ffd2527299aa07c11e25a4d4f9f238ccd476548e763e20f5ecabca17f2,endpoint / código interno,Revisar referencias en dependency-inventory.csv,0,
system/file.php,151,.php,02c43830fdb2d719186e63fd2b5aa85fbf049fc36fe80a9b91ce4332f59105c7,endpoint / código interno,Revisar referencias en dependency-inventory.csv,12,
system/files/images/categorias/0026e2b69ea6b2f5307ae424596371c7610f2fd8,22464,,09d077c8876f38349dde9500268d023f8b276cc875400f4149a9b7a372fb5a3a,recurso,Extensión/directorio,,
system/files/images/categorias/0184eae287e99a553941e98f9ff70f71139ed643,77494,,627780d68a82c656dd32bf0404b6bb7bade1696cb9dfb49a60063d1c3d10e222,recurso,Extensión/directorio,,
system/files/images/categorias/0730f48454726934e392a937efc6b2c9e432e7c6,100068,,3550aa53ba992a87de085a73a3a226ee2c386bc96b24ffb69b7546cbe06b1083,recurso,Extensión/directorio,,
system/files/images/categorias/0d4439f5ba46973f404b8a9eaf3c6ed102faad54,208709,,c71388fb2ac3029f52c22b3510679e2b6676ea8174ccab9bb2548b5765046b59,recurso,Extensión/directorio,,
system/files/images/categorias/158ffcb904bc82f2a7d2ec143de37e00730d04bd,71625,,5138524a5977f7ee7ae4087883ada8d285337f3c9893ccf901fda41228297a43,recurso,Extensión/directorio,,
system/files/images/categorias/1a32b8fec0f204084918378fed8404a7eacd559f,119285,,5d2f4b493c2b08a9f6c500ae2c0242023d06f5295fcd56fd52e8974a46dfc9dc,recurso,Extensión/directorio,,
system/files/images/categorias/25a52045f95f6d8635d30d19530ca56f26020262,26936,,d378e4af1d887e4f90b501fe575e2e9d6085a7c767a8e8ce6113c7bfb9a60651,recurso,Extensión/directorio,,
system/files/images/categorias/393bf5523829b0a76434527d0737623ed3951b63,150206,,5c387080f1adb199666ebbb9993bb04091fa641db6ef94fd586b3e9328e8e99b,recurso,Extensión/directorio,,
system/files/images/categorias/3ba01a39dd2e04651a35a7f2a8c2aab034f58f33,11919,,a8f42eccb24686ed83b3c05800b19a0c33cbf08e106597011e22cc22b0b8f831,recurso,Extensión/directorio,,
system/files/images/categorias/3d3f8a7b58fad15cba55a19e1f7dcbd97e37ab41,101300,,6425586a90c49adf93ea64128d234cfc567062d6cbbd3ca325692474f902d188,recurso,Extensión/directorio,,
system/files/images/categorias/41081b9e7f1bbdd04b5550ad18403fe44052b75e,55790,,5f19dc5ca4daedc00d8621036cde85703a92fbbc1b5572ac9ded91a134281f08,recurso,Extensión/directorio,,
system/files/images/categorias/41fac25bf3c4f3389882019d1f274fd418b8facb,54809,,0f140512ff050cae8344d3c8916f7959220e55dfebebcb7e9f4f7e1a462ec698,recurso,Extensión/directorio,,
system/files/images/categorias/43d4232e7c8e46a381f607bdcb65a691c4321389,120433,,a5a6d2f9d55c82d4a61d10a953dfc02092056a23382445cc496a35e16e66dc7b,recurso,Extensión/directorio,,
system/files/images/categorias/4c235320c6c73cff73a7e701b74b8e5fd0417378,31848,,1fb702a59192aea787c25c42aebfcb6f4394eb29ddd0693a1fbd9b86d0771003,recurso,Extensión/directorio,,
system/files/images/categorias/59ca6b73479b3fcde81f96439976896bad94b750,111044,,2a3c939c1e128390a1d877946f9c381b92ad14b14460a491e13084c5adcff95b,recurso,Extensión/directorio,,
system/files/images/categorias/6ca19dacd9993636b6638cf308a1c4490bb0af98,39135,,0199d85a0628fcfe8be52eb76468a541ed5af57bb1711e1119b61b32d3426e0d,recurso,Extensión/directorio,,
system/files/images/categorias/7c5b21262bddc72229429752adac241d7198c038,94680,,60b0a46105807c3365dff1871dcc38385a07ceb36f13890c796ac0781f6ae4b7,recurso,Extensión/directorio,,
system/files/images/categorias/8ca911b748068c9bef002de96ef743ecefb9886b,38080,,d12a22736b30faa534cd0f9d8914ac8851486ff97d6ce705ff88f5f566a0ff45,recurso,Extensión/directorio,,
system/files/images/categorias/9022847e37c72e9a2de76dcdf7c2e22b08cf6cb0,164238,,28e4334631dce49d435714ae24d03684a2f9b205f361818c59211a3de24deb89,recurso,Extensión/directorio,,
system/files/images/categorias/a15d5cd1cf67dc7a304a8ebe8c9e28a866e7eda2,230831,,6dd17d39f01303d60d7a7fe041d16584605151bd3c85e9113c492c736bc27936,recurso,Extensión/directorio,,
system/files/images/categorias/b0c2e45b23cfd147f3f8bbf7f05a34104ff032f8,226565,,a169ab3b4745b8b2fbf535b4b3c24634780f3387b3bf441422403f918cc21884,recurso,Extensión/directorio,,
system/files/images/categorias/b365a092cbf80ef1af6e99fc3cddc76b0ceb8112,55991,,f7c39471f5716bf9257f321e174de72bae3ca41660ae72811da95d599995b443,recurso,Extensión/directorio,,
system/files/images/categorias/ba3f2923d733855f1d109ba12330647b866a3383,16239,,86530d4ac92df562c6de29b9cc22b42192a67ecb3e1e2b1f478af1806600453d,recurso,Extensión/directorio,,
system/files/images/categorias/bf4d3b2ae60542c4ed05927730f7cc762263f31c,47591,,f7ca24065bf2df72af51ec53f4685ab48293506c9e66defce72fb573e2d3700a,recurso,Extensión/directorio,,
system/files/images/categorias/c46d19fe3eb462f51d4f636a3a4719ea6e8922c5,94046,,58403b51ea56f2414d970722afece2c97602b6b5f46dce9321f1a685f7e02258,recurso,Extensión/directorio,,
system/files/images/categorias/c8f93030259cd6eb5436a8b4dc88516a8a82cf03,219912,,e373c7ca387d197f364a5d7300f2329a23c0236bdf099408351a9e58ffa613ce,recurso,Extensión/directorio,,
system/files/images/categorias/cbc5bbf8df505223c1069122842fed702f8be8d8,42554,,1f009fd1cc71d72d73ae15534011635a10e29f60cb81cddfc851698a9f4bbd25,recurso,Extensión/directorio,,
system/files/images/categorias/cfae2414005ec241e35e2be9039da54013a231e9,167976,,f4eb1ee1751e83d4ff390ffc61d3f20b0beccecd154b161ce73c98965d2d5ecc,recurso,Extensión/directorio,,
system/files/images/categorias/dea67750c58a9beeb1e4bf0140e4b97863635cfa,198143,,c650f63900096ba087b9ab072b9b891e7adf4c130e05e3f44075e8e2281c72a9,recurso,Extensión/directorio,,
system/files/images/categorias/e09d138e9fbc0a4df6c160f6f884b18f47a19ed0,249499,,21edd6023507d5279aada53964d68c61a96b280a7bedc04829df8950e0130fab,recurso,Extensión/directorio,,
system/files/images/categorias/ed615bddda8aa301e393e1768b31a2d694243038,26086,,f85e98c7edf85101addaf8f60f05ab50e6469335f717a0148b6017d1693146a2,recurso,Extensión/directorio,,
system/files/images/categorias/f843a4b04170cefcd1c70500fdf0f79819e89148,62811,,a39f73066d336fc9d5b5f93b86845c7ca4401e4d6b35cbe306cf5e5dd21f092d,recurso,Extensión/directorio,,
system/files/images/marcas/6916e3aa965715a3bd8c305ab93699bbaa2ecc86,138154,,e35d64230b9f55656ea1a1b11e5def6c8570d539d9bc70eb20ef864668fad405,recurso,Extensión/directorio,,
system/files/images/productos/0026e2b69ea6b2f5307ae424596371c7610f2fd8,22464,,09d077c8876f38349dde9500268d023f8b276cc875400f4149a9b7a372fb5a3a,recurso,Extensión/directorio,,
system/files/images/productos/007c9191f5b7800de9549cd241c2b4dba8a9bb9f,126383,,ef9a16b4f47bf8243867b7fab6b5552f78caabec66b7120e57110d08b589ad4c,recurso,Extensión/directorio,,
system/files/images/productos/0184eae287e99a553941e98f9ff70f71139ed643,77494,,627780d68a82c656dd32bf0404b6bb7bade1696cb9dfb49a60063d1c3d10e222,recurso,Extensión/directorio,,
system/files/images/productos/041a0efde5e5212d3aae023a37bd508f96f03295,182605,,dbd9c7c5a3bf40665b34284850f2c715f6ef3f389a37ae39593045a37354910c,recurso,Extensión/directorio,,
system/files/images/productos/0486010282e4b5e4164ef8bb0576b0e931ddc9ed,716307,,2d23bf8983e997ee47e71f23faa462ad1deb286b68691cf8bb12e53413643f1b,recurso,Extensión/directorio,,
system/files/images/productos/06bfd8e22a88d66d31acea15164a009c18912ca2,2700048,,f12fa92e2d53e4ec3d472297c40b496655958d9220c44be89044f42f4d91c8ee,recurso,Extensión/directorio,,
system/files/images/productos/06d1ac8df445fdad9cabf6a632e3c4363258b6ee,515868,,b88c0421334b4f965417ad715785a32900fb021b8cf40dda8fa72b9691b582c9,recurso,Extensión/directorio,,
system/files/images/productos/06f5352d4b43c1c425fca9fbaf8447a697745647,188810,,800c298a6f41f60f0ec028f70f8bc064d4bb2b000c1ff427a9be353954c4a27a,recurso,Extensión/directorio,,
system/files/images/productos/0a1a154b062113c629a1f2b1c58638408479ba39,93331,,f3cdc6be9881b92a62743c851befba3a9850c096dbb17636673274574f792838,recurso,Extensión/directorio,,
system/files/images/productos/0a6fa9cbeb5ba8ba1eecd18bd2e8c2f28145f2c9,710984,,9a08f21454a782eb1163d4fa3299460127e0fd4f65c856a250a493566171007c,recurso,Extensión/directorio,,
system/files/images/productos/0aec19fd8541d023c19ecff7eb167c6c172a2732,17664,,3fd525c165e7156070b93278f2fb0a2a50fa192365530cdc7c904cef3b17a641,recurso,Extensión/directorio,,
system/files/images/productos/0af69ab19e393782b652aac26101096f8532e265,41749,,133ab5dad56d2a07ce82eeb8770a1a14403c4a72077f3e64035914d775576155,recurso,Extensión/directorio,,
system/files/images/productos/0b26a7b20dd4d467cf9a57c9a5cba26cafbf6203,185562,,695b297ec4c4fe6f22cb03f162ef84a7a0f67b3fe7f569bd5d5bbfacf1ef122d,recurso,Extensión/directorio,,
system/files/images/productos/0d4439f5ba46973f404b8a9eaf3c6ed102faad54,208709,,c71388fb2ac3029f52c22b3510679e2b6676ea8174ccab9bb2548b5765046b59,recurso,Extensión/directorio,,
system/files/images/productos/0dacf997157fe78848366e1a53f90e10ea3261fe,133019,,bbcdc29b06005c42b14ccccff4fc2ebfbc66fbe3f01d0e14e93e1724cb807e72,recurso,Extensión/directorio,,
system/files/images/productos/0dd525f64a0290377628938328d07d21668c7f22,43863,,c8d461b8c1a8dd1feab00b1b36d1657e9ed59a03544c18dd01959939192c980e,recurso,Extensión/directorio,,
system/files/images/productos/0dff9191d2ec6cb7124c0438858de83fb11ccdf7,179353,,84188b1fd606f484451b2c95db1e0e00940b32c84f34f5d8fe5c9dfd0345092e,recurso,Extensión/directorio,,
system/files/images/productos/0e8c380b91a59986427b2a5f2b70fd16a2980099,120942,,62dfa5a8e3cf2325c2d82039cc507f28ed32ab7f9490ad423befdec2d4cc46c6,recurso,Extensión/directorio,,
system/files/images/productos/1353d4c5d6fc4d96cdd001e6284c4cabe1d632c9,45054,,4c33c507ce731401d82bf29182b5546a7df6cdc1db6ceb653bf1fe6c0a090084,recurso,Extensión/directorio,,
system/files/images/productos/136ef7a13a590b7377465e3d3c917671ef454cfa,443085,,78f98003f2a98eeade1dcac93da66054575e327e4ad1813bd97fa68527680d53,recurso,Extensión/directorio,,
system/files/images/productos/137e56b6a9d584dd63289d5aef15bed4b23f9af4,17926,,ca7a7e621ac7c9db2912bffeb82b6bdb650a3bbffbd4b6bd1df46ce527b22632,recurso,Extensión/directorio,,
system/files/images/productos/13e3c3675402a845e35768698348384af696499f,66692,,0df43f2b225e3a4e65e300524bd2bfa279ae827629e215f0271d6da01718cec5,recurso,Extensión/directorio,,
system/files/images/productos/158ffcb904bc82f2a7d2ec143de37e00730d04bd,71625,,5138524a5977f7ee7ae4087883ada8d285337f3c9893ccf901fda41228297a43,recurso,Extensión/directorio,,
system/files/images/productos/1625e35ccee3962a89133370c3ef64b6c9eefa6a,30514,,e301b315c8b8bfd05d1199339fd66fdaf6ddfc8dc2291b703bc20a508141ec70,recurso,Extensión/directorio,,
system/files/images/productos/178b1ba338c75e76a62f9528efc0c0d4fc58398a,193926,,b60c34b05b30937d0e24c1e90ee22e09e46b590b56f48ffd4cd7c7bb89989014,recurso,Extensión/directorio,,
system/files/images/productos/187b4bd808ae2adb2a5952d632cf3116e0fc8051,23699,,a256d5a3cd77f125ab345cf5469c6bce0dcde897370f9a7338cd254465dd0473,recurso,Extensión/directorio,,
system/files/images/productos/19f248004fb1cc292955cdb0c5b339e8cd3eda3c,568969,,794bf802edd6b007822762dbe971367773fd1ac65b97c7f365be0daccfa75f7b,recurso,Extensión/directorio,,
system/files/images/productos/19f7bf0ad0bb2559064e677d3dd6e122358914cd,1415599,,d630b67ab752292f6c750a6a907361c8f690af7133fc800e168a466af54f649f,recurso,Extensión/directorio,,
system/files/images/productos/19f80382b0e81db9f5bed545ec25447045202956,1885132,,6bfaa082e153a9e1aa247302d321859177f5adff9d472ba8b662c766625fedec,recurso,Extensión/directorio,,
system/files/images/productos/1bc8deceeea60e7d404142cf859897e4e36ccc86,1283684,,9f243ab6101cecf78a08deb6c11900c1a017d409e6baa53c958cd13dc2f532e0,recurso,Extensión/directorio,,
system/files/images/productos/1c6fb09d0758e1a02f2c7d7ac5658c9dc2bcc460,120275,,ec7d4828caa866cf129d5938e332e14f90db082993e0f41caf5b540c9ca2f422,recurso,Extensión/directorio,,
system/files/images/productos/1dbc1c3bbbced6c0721c851547c4d781f5ffe0a7,78764,,3aa39aacce32b706f9a483c217c1775d242cb07490989a953a9886afb9eda87e,recurso,Extensión/directorio,,
system/files/images/productos/20ec2b66b713306ac6d2d213bcce8d6810712eef,116324,,197b793185a90868231a4c73798ba10cfc59098b45b65a87746b6592e2772146,recurso,Extensión/directorio,,
system/files/images/productos/2321bf300ce02b2cfa633479c59e2c99b735dd65,35359,,0f0d8621f533b7266c519770cd09ebae682ac7d0088992431e7b170b2f1ddbb8,recurso,Extensión/directorio,,
system/files/images/productos/232816261d8cd23de8ba236c7245abce4f3e0508,88121,,39a22f0d7192ec2dd511ff10f581ca47e7d24c4d9123aa5975d4ef1d9db62a90,recurso,Extensión/directorio,,
system/files/images/productos/23d0316980d95f4f7ece95dd33a74b151eadb1bf,187072,,12af3a14a4078ab10daf9cca236e715ba768271eeb8b7fa77450f8910744fb3b,recurso,Extensión/directorio,,
system/files/images/productos/245880bebb5e7028014543ebd11b2d787992bb25,104066,,c1c22fcfb08d69d7043dc8da98b5bb23062b2aa3cad71f05dfc78703cec60f90,recurso,Extensión/directorio,,
system/files/images/productos/2568a13a5a000ac720a6dfe2cf23e90c7398976a,32067,,1500d180faa2ab5144bc0a60d10a9e8053645ed7495a0db6ac0ce588615a09e3,recurso,Extensión/directorio,,
system/files/images/productos/25a52045f95f6d8635d30d19530ca56f26020262,26936,,d378e4af1d887e4f90b501fe575e2e9d6085a7c767a8e8ce6113c7bfb9a60651,recurso,Extensión/directorio,,
system/files/images/productos/270dc5e4c6c6812ee093439acca26905e68f7d8d,630306,,d1af1d5b7a74f8bdda6761f7b3b30ccecec3bfd93fc5d966b2bb6bd202d0de27,recurso,Extensión/directorio,,
system/files/images/productos/2783c1d2e280b095bb433d882e864c0662d21e01,150763,,9e354094ec662715d8125eee79d1432778318567ccc21c8cd4b0b902d3b5e31a,recurso,Extensión/directorio,,
system/files/images/productos/27cdd31e50801b69ed83a04dbdac5674d1078906,132793,,c6c8e430f7c06ecd7061bfa0d6f002ed72b5aa7f67860c1dd5d31fa462976c1a,recurso,Extensión/directorio,,
system/files/images/productos/27f6e809c1bd243a04dd346479f837e8105a9cf7,49438,,7be8d3474d588afe46857bb596b5f4b7af6d55e30e4e1178c51a2d0f5a861e0a,recurso,Extensión/directorio,,
system/files/images/productos/282c6618830434da376551106d0722c97a5f2416,3638730,,8dc41cef299a6fff42f35586d57cadf6d24bacbe36c327467c91a69dc4c6a8b3,recurso,Extensión/directorio,,
system/files/images/productos/28d0e02a9ce0d2231f7b91d5d433cfbcb159b04c,135493,,b43c3d3d71c1e6d0ae6ddb17948ea0ae3f5d917c4cad4e31ab4e9bc14ed88a3c,recurso,Extensión/directorio,,
system/files/images/productos/28e179e98ded1fda52f4c0c570e252ee83a7e709,157551,,77e234519d4f3a3c241f93e06a3d4b3b6a3d2cb9501c85d225ee11e59a12a355,recurso,Extensión/directorio,,
system/files/images/productos/28e8d1d7eba06a05f31a344559e00ae7fa01b95a,101225,,aea5675aa184c21be1ce72b68f75befeceda5c0284472e65488ca8b18af9b4fb,recurso,Extensión/directorio,,
system/files/images/productos/296bfcce088781d7247a01dc45c2b44244878af9,30188,,fe246f71df724a5340137a2c5a8e8a5c9b4bc09f7885fa28b024f7a042aab14d,recurso,Extensión/directorio,,
system/files/images/productos/2a1ddc16f0e9964ef7207a38e26bea3a92b99aab,10054,,5260e5654b03e7c104c23518b2245fe4ee29a3f1fabc2c4dff1e2862e12e9276,recurso,Extensión/directorio,,
system/files/images/productos/2c006fdef8fe51071aae29b8947fc2d51d1b6c71,39185,,92abddde67d71745a1b04770eff45807b78c886fdfbfdce6f9e1c0a18774313a,recurso,Extensión/directorio,,
system/files/images/productos/2c4c5e819ae896a7fc103f81f4997253930f5788,93310,,f73bcf2e62c6662f190547f0591e9bf98ddc9f7d647ab0502a05164460c57964,recurso,Extensión/directorio,,
system/files/images/productos/2cf9dcb700d1e35a5125093d4f22ff6952d4ebd0,739549,,71fe19113ba1fd801e7a0717da7ffc7ed1de028a2d5ed7fe00d5e69eea6b2492,recurso,Extensión/directorio,,
system/files/images/productos/2dba2794d3274a4845e24aa81c28cf40da541f62,4552,,05ef34f940430ae48a1850bc274bf10f9615b2858576c5fd1684d62504e29b18,recurso,Extensión/directorio,,
system/files/images/productos/2e6986f34adf7b7e075a57a4f73cac501d03c59d,101474,,5f5712484f7538876fdebcd0d5b2777c946437dc1c4eef8a08dc5a8ed4f91455,recurso,Extensión/directorio,,
system/files/images/productos/2f667c1e185b0ea47b093da526c2d552145b739e,66865,,5a19083d5e1a942448ee11a6595a29727a0efcfc3de56abdff04513eff926e46,recurso,Extensión/directorio,,
system/files/images/productos/300d21c729a7df172ac9f070a9b7485e88f8b038,818180,,62ef03aa1d4a38bc2664c0867236fd167ec3e8a9f1e65920f07eab39a773de60,recurso,Extensión/directorio,,
system/files/images/productos/317ebb40c4284fa181ff3ddeccfb978b29b7248b,1443866,,1480b2c7cdc1b47afa9eeedae5372c89372a80d417009721d194861bf9997a1a,recurso,Extensión/directorio,,
system/files/images/productos/323ea1a66ccbf677c589b2807058ba4f5754f920,245181,,5855892f99616e58e799464823e0c17b501a7b05c35f85771e23bc017aac1fc7,recurso,Extensión/directorio,,
system/files/images/productos/32ee3a4bd87bcb11c182afd1bb63d04631a18b8a,52800,,5ca57d5e607db62908b505c32a38220ae6ead3fcab0862cd5ddab80354f359c2,recurso,Extensión/directorio,,
system/files/images/productos/32efa422f2422111a48559ea8db3eedf5a0de2d3,17376,,4a23b949e7e88584f680f1e22cff8e20629c517f16be52fbdc27ce917c350023,recurso,Extensión/directorio,,
system/files/images/productos/33f5167b521302c8c32a8895a1e03fe27a09a124,1313425,,b257729a88482e08664cc01376267bfbb18b900b4c20bed80615404bd5d3feb3,recurso,Extensión/directorio,,
system/files/images/productos/34f28e439542eac878d04732d90fb8dcbf6fece1,222564,,a494b32b4943fbda12bc5b0516eeaa7303ad87417aa876346258c1e475b33a6f,recurso,Extensión/directorio,,
system/files/images/productos/35cb1e4b413bb5287adcd255cb6dc41063b21ca6,66510,,062f7b948ac894e36d4407122f1524f3ce7125e4dc3007d2572bb70df28ea602,recurso,Extensión/directorio,,
system/files/images/productos/36b626d618a50efadb7b2e149ea7093080479e4e,41364,,305cba99e81ef6e3347caac1727476a47c5b1da176960f059a4cfc1313ace521,recurso,Extensión/directorio,,
system/files/images/productos/3795fc76a4c3c0133fecce131dcac2542c18e980,28417,,d7a9a4e4c81710351696a1263e5f9d2435f866c40adf85e8d523da6a2766383c,recurso,Extensión/directorio,,
system/files/images/productos/37cb85d2747bda7e0195e84c2b086452e745c35f,134249,,722ad71a1cc774af2fe4069c6ee850c6a5f73681009c127a45757a0d55fe3103,recurso,Extensión/directorio,,
system/files/images/productos/3806105dd3593a3b306a1ca89e55ce41b47f83a7,40403,,a9b8ba6ca5b89f594fd0314a9cc74e7a345e85bff7a3fc848b2464aef8057e8a,recurso,Extensión/directorio,,
system/files/images/productos/39bb52ef88ace2a69d69d2e689787cab8114a39e,90877,,d860236dd47a46a15210d48f31466e3699c6174a847bf4f7ad5ecc31e0465c67,recurso,Extensión/directorio,,
system/files/images/productos/39c267d9d6655665608d4e1a6dd7d33a17e93e8d,363683,,c9216939c05693f76f5accc0c909fee7c48db9cb8f2b5997dbedaed4032f3124,recurso,Extensión/directorio,,
system/files/images/productos/3af12bf12f61eda51a19d1e8af3cefc05878f484,738042,,703eb6311aaedddf3dd24a8e6b75089463317352f174f672c8d5002e3dfd574f,recurso,Extensión/directorio,,
system/files/images/productos/3ba01a39dd2e04651a35a7f2a8c2aab034f58f33,11919,,a8f42eccb24686ed83b3c05800b19a0c33cbf08e106597011e22cc22b0b8f831,recurso,Extensión/directorio,,
system/files/images/productos/3ba705421037a3956e500eec0062dec52829cea4,666312,,139a64480264a51363a69a0226db6c50011778bdada4f76338eea90c9b9e5048,recurso,Extensión/directorio,,
system/files/images/productos/3d2afaf79288b7dc59b91253693d2e7c5bb079ed,13924,,d1a513e10f03d2eaca1d53ad78f72f39f948acbea2f7c834bd25429e56fb1743,recurso,Extensión/directorio,,
system/files/images/productos/3d3f8a7b58fad15cba55a19e1f7dcbd97e37ab41,101300,,6425586a90c49adf93ea64128d234cfc567062d6cbbd3ca325692474f902d188,recurso,Extensión/directorio,,
system/files/images/productos/3e24e1170a5ccb8ff7ac68f087a19a9be61e799c,52080,,3d6da8ba6127a75128cbe172539152cfd316a04941c99f968235b6694f4eb421,recurso,Extensión/directorio,,
system/files/images/productos/3e620ed84c43c5de234ae437f58f7083e93f6b8d,1205977,,525617851dbf6430bb53100d0fdef5a95b0a048b0bc20f3778005bb48cd788ca,recurso,Extensión/directorio,,
system/files/images/productos/3fcb5fc39a3f48d550a13c6a20bd92b360ec7b65,1398572,,71b771412a25490cbcd3e63693ab0fb37c51b1d7b62bc29df3c3f97af5bdce8f,recurso,Extensión/directorio,,
system/files/images/productos/4008a0704b50eb6ada4e7733d8a9dc5c331e0163,77326,,9d8bb264b4b6dba4870fbfaea37201594d459635f4552dec8f7feccf575f46ca,recurso,Extensión/directorio,,
system/files/images/productos/409f71ca3285abac3be915562bf8925f557e16b0,20541,,af65f6b8ab3aca4434863ed534d2733733618809cda83b88d99c92e8aa7b7351,recurso,Extensión/directorio,,
system/files/images/productos/41fac25bf3c4f3389882019d1f274fd418b8facb,54809,,0f140512ff050cae8344d3c8916f7959220e55dfebebcb7e9f4f7e1a462ec698,recurso,Extensión/directorio,,
system/files/images/productos/42ba96f71987cc30cb19107d18eb0649ee492636,972831,,acf807d4b213201e17a7394a08f10fa9bb4006885934ec12f34c447242dc3b69,recurso,Extensión/directorio,,
system/files/images/productos/43d4232e7c8e46a381f607bdcb65a691c4321389,120433,,a5a6d2f9d55c82d4a61d10a953dfc02092056a23382445cc496a35e16e66dc7b,recurso,Extensión/directorio,,
system/files/images/productos/480de804a97c7cc053d671704d026ceb6d7854d1,77193,,fd65e772e5dfc38a10d7b00d6012669fff996da703d3aa1525018f37634966a4,recurso,Extensión/directorio,,
system/files/images/productos/4ad377beb722dc25f65a34c1ba19e5e5e15d91da,141185,,3f6b0b89f8cd6cdda059f8bfcb8b7b203cca75c651c830f56c5ce608afd8f9ab,recurso,Extensión/directorio,,
system/files/images/productos/4b5ea36b9438bb35d7d67d674da25763cdee3c0f,123219,,17af36083079920c3da9e3cccabbd0ee34c961cddd3cb6575fdb2a8a77ac9e23,recurso,Extensión/directorio,,
system/files/images/productos/4c235320c6c73cff73a7e701b74b8e5fd0417378,31848,,1fb702a59192aea787c25c42aebfcb6f4394eb29ddd0693a1fbd9b86d0771003,recurso,Extensión/directorio,,
system/files/images/productos/4df9bc1c4c87a18cd1155164b3216ce053ae18ee,17823,,92788827c9ec9d4b1433daa45541e9753ad484ef8e950cceec39399c3223e30f,recurso,Extensión/directorio,,
system/files/images/productos/52af9161c31f825128383fb23742e384e60dd462,87893,,f45b6dec4ecc808faa9c63049ed8510c53e7bc7158a0a504cd02c86604008572,recurso,Extensión/directorio,,
system/files/images/productos/52ecaaae0d3f3f087c9edce957e4dd5db733656c,105131,,28f7100794eaea042f56a2f6c544eb22ccb8513c9346f09733ce291bc1bea74d,recurso,Extensión/directorio,,
system/files/images/productos/552f92715162cbb278ab6cbdbdcb057ef483da65,496248,,ae50b2e96f83184c1f742e2b5953ba76218ddcd686ee3ed4b686fe802a1e4cde,recurso,Extensión/directorio,,
system/files/images/productos/56b92a9123f8b4859c652b1f53085eb77403b5b5,28869,,fd7c68b72640b98f010f0c755b5f3688943ab50a348f1817cbaf93fa1b1a696b,recurso,Extensión/directorio,,
system/files/images/productos/596d0d25e474bb84a449cda4680a73db1491f809,300373,,87765af7e439ce26ec19c79feb37614bc30668ec0c8cfa9ed620a1410b7fef22,recurso,Extensión/directorio,,
system/files/images/productos/59ca6b73479b3fcde81f96439976896bad94b750,111044,,2a3c939c1e128390a1d877946f9c381b92ad14b14460a491e13084c5adcff95b,recurso,Extensión/directorio,,
system/files/images/productos/59e0452766a17eb9cf0d9df76dc79f72d08f013f,27493,,42fffe3839a1efc5ef23e98d23f7865d440f32fb2f868818f9532c37c709ccdb,recurso,Extensión/directorio,,
system/files/images/productos/5dca58505e50b423babab3508ac89b5dcf92fdc4,42348,,dcc883fab4198a7a025bd01ea199ba10b5f8440e172b2d8789a52b679edcbc44,recurso,Extensión/directorio,,
system/files/images/productos/5ebb1b9e7cdf30669798fa316af64842a73c5a56,136271,,b4168948c8f7b418f2caba3888b19c8d05c2c34dcedd58f236c573e24291ada3,recurso,Extensión/directorio,,
system/files/images/productos/5f90d35f71ae101ed088c67403da1540d91d1192,120658,,89985092a942575637985f370ee8ff7215e9107e90db9931af2bd85f2d7bf301,recurso,Extensión/directorio,,
system/files/images/productos/5fd1d8e56b075c2ab53eef822c638f07763f1e0c,83893,,f631b9254d9636fea5c91580a0b9921e0dba8a60a2433d8e8a6a68dcf4ee04c2,recurso,Extensión/directorio,,
system/files/images/productos/6113e892233d01eab25b3262a5ee24c29f8d1387,189955,,fd951ab9bb008f890a2b1d5413b68c89104669de39fee971c27a0d70aebff791,recurso,Extensión/directorio,,
system/files/images/productos/626b58db888990c04a7f855e6c03da8fa9fe5460,46064,,cfb9597a8e137f3a2eccaa7154d22f3a1367194af228e25eca5b6479035d6474,recurso,Extensión/directorio,,
system/files/images/productos/634c090c7fb64996e1e59d3f3a671ce738013f93,143474,,6ac4a30daede11dcc8cfd42575c8cd569f39c7764ffa5303842227665520a52b,recurso,Extensión/directorio,,
system/files/images/productos/639b9801fe440dcd2179c23cca14401710c5e7e0,815558,,0a7193edcd8929ac114043fcbffb8e53109ce4363f062cb269f2062ce9e1b4f8,recurso,Extensión/directorio,,
system/files/images/productos/6703592bfd849be6bda7eea4a8296f3e11ed8198,92500,,4d932cd0a983bb2ff7afcc12c2291bc9650d31b152ec29254ce3b158578e5f67,recurso,Extensión/directorio,,
system/files/images/productos/67ace3fa64437d6138ff566381ad2b6103667427,68011,,0140b263bc612390ea1c7ca673ffcf6f5ab27921b353d080ae6a82a7f66539cd,recurso,Extensión/directorio,,
system/files/images/productos/67d4a229ade458e06d088099546a7185387b2fd3,71921,,51e46c7232004f03999575b10606ed7fd31cb8a1b6193e389281de213affdb6d,recurso,Extensión/directorio,,
system/files/images/productos/68350ebf06fb528912f62e2bf663862519c7dd38,109113,,6efcca3378e75860caaf2952404e53bea608eba11a29fbb8bd31de158ed5130d,recurso,Extensión/directorio,,
system/files/images/productos/6ca19dacd9993636b6638cf308a1c4490bb0af98,39135,,0199d85a0628fcfe8be52eb76468a541ed5af57bb1711e1119b61b32d3426e0d,recurso,Extensión/directorio,,
system/files/images/productos/6d032a5579b0dd9ef150e1d93528463960040d95,835994,,c2066b742b75d66a2d4de6ab38f837e0e15936d1ca4348db3f71df6c41257cfb,recurso,Extensión/directorio,,
system/files/images/productos/6e1ed3d9b7cfc7e53a9396670b592b8e0a0aa2da,1613533,,9baa5d63b37b5e11e3877d383c1c6a1d79d45e9cac57495fad648de204da0883,recurso,Extensión/directorio,,
system/files/images/productos/6e3aa822ebf160680a65c651fe69d07bd648180a,541933,,397f9ab39a6e99338c6b07d6710607a8c70167d8cf0e059e01e4cc362c1eb3e2,recurso,Extensión/directorio,,
system/files/images/productos/6fd1dea200b4640b615b1e40838660d14a58c2fd,1885094,,2376a9cde2c6e77709732af06375d56908e48f053c68bdcc762abab755b730c1,recurso,Extensión/directorio,,
system/files/images/productos/70e2bb241375fb73400925ead25cfba2d93a8ebf,6606,,4ee3711723679877a62579a4f6919332fdb1bc7699cad917b089a5a093e63b25,recurso,Extensión/directorio,,
system/files/images/productos/72df998778c03bc863d043d89ff44bd56b0095ab,256297,,8b007bd98aadf3adbd0b62c002e9249727f983dc76671cc4799363bec2f07e78,recurso,Extensión/directorio,,
system/files/images/productos/74237414514c37fbc6273d2d8ed63ba0af98464d,477992,,56136ae68c00fd76ee16c50cbaefabd8eb5ea8e581142f59287b5b05ab9c2ec1,recurso,Extensión/directorio,,
system/files/images/productos/78540e3c1069358e118a379781ea20b2ccd928b8,20630,,5bcfbc9645466fc0bf84354b63a2397f88869c27727fe865391dcdf6b0b2be87,recurso,Extensión/directorio,,
system/files/images/productos/7aae91babbc90d6203eaaeedc4936bf19dfc8f5b,322778,,c616e806c85141f14a52c561c99a3c6414ebb68febb80252bab25f373c7c6e3a,recurso,Extensión/directorio,,
system/files/images/productos/7ab52eec612af22d23a62f849479371ebf1c2f22,953747,,a922b6ce9f9ca80b565a3b24be27a086f555aa305db9b9135443c079d93255df,recurso,Extensión/directorio,,
system/files/images/productos/7baea774c5fc4abe3735d40fdf16e84f1e3521ef,1583405,,7e501c26a5bfc0c02da8899de34a0b6a2bef31bbb42c2124a5c3995ad803a3ee,recurso,Extensión/directorio,,
system/files/images/productos/7cf4babfab2712e41d6fd1c050f5c31b604c97ae,4255039,,e8ac9a72e867f60aa21665abd004640f2fac4e477b025eae8b7b9a8ae7222e01,recurso,Extensión/directorio,,
system/files/images/productos/7d20ad9bfbd958c417038f14164c8a21573e4d34,42443,,42424441c5d5c6c196ac09f4785955384400fb6416f6884993d10c3ae901c004,recurso,Extensión/directorio,,
system/files/images/productos/7f7f61551dd20beb863b5847d43b062d728c618d,58365,,b521a9678426851f5d6e1b90d1f9584dfb182dfea0a6463d90c761a173368090,recurso,Extensión/directorio,,
system/files/images/productos/800c352920fab91fa561da8cbc0cda7af293ddbf,4068349,,06654d8d65cc09ccf19d04453a004c20c4fe50b1b011f433f9daa977b71b8694,recurso,Extensión/directorio,,
system/files/images/productos/82a2c23ba681ca31f4eaa85dd863f90a9a54c405,775266,,cd285d83185641f354dfe46f4a8584978feb184c0ecba72cda056074da7b6502,recurso,Extensión/directorio,,
system/files/images/productos/82d463dae7b7bf4aff07f9221be013b2497ceabf,151934,,619732a38ffca6749b7f8b5783ea2d2498f6606001008eb15f50dc556921f27f,recurso,Extensión/directorio,,
system/files/images/productos/83a6ec78d40fa21f9a4823626e7117bd2bac7943,56452,,5334bfd459f85f0540168d564c3fac0582946df48150647db65ef7e4e566a64b,recurso,Extensión/directorio,,
system/files/images/productos/85f5ef81d1ffa0cfcefdd5914c8d6d54a6bc3c4b,69528,,df6e4d54f77fa4527b06c1990b7b57730b04d736ce30f252b7b802701692780d,recurso,Extensión/directorio,,
system/files/images/productos/8622f8b336698cab1d58bcd0bb0f864586914bb6,14470,,4fb1772d51a8247fef0b0fa5da54deaed1291a113044a7b1e29032b117574816,recurso,Extensión/directorio,,
system/files/images/productos/88115255793f083c25821dff5017d74a6b542988,7223,,8becb828134e493d441117dc9921620c5825a515f7fb88f424085b75e776ba49,recurso,Extensión/directorio,,
system/files/images/productos/8a444bdf198edcb878138128915ef5966b27559a,23022,,08ea4eda132b1fd25e66d0dd5ef858514a065130fdb699b67f4607cee00dce32,recurso,Extensión/directorio,,
system/files/images/productos/8afd449897be23fa417b449c587ed9dd11093a1d,115986,,e947afb09fafdbf6cd5e566803fba0501ef0c4833bbd39fb31921c074783c5c0,recurso,Extensión/directorio,,
system/files/images/productos/8ca911b748068c9bef002de96ef743ecefb9886b,38080,,d12a22736b30faa534cd0f9d8914ac8851486ff97d6ce705ff88f5f566a0ff45,recurso,Extensión/directorio,,
system/files/images/productos/8cc9045279f3a6ec3687c1f6ff0baa1dfc71c71b,250505,,4879be3ae5409e6cefd67c6064ad754570c808c282a5badc722f0c00e2f6b71d,recurso,Extensión/directorio,,
system/files/images/productos/8d7521a7a170e8ac85e5da1dd301ca17c0c24d71,178036,,2813d6d1e7365e61901aa76af1484a886da7421e38cd4bac9c26b07273ddf066,recurso,Extensión/directorio,,
system/files/images/productos/8ffd98efe5201d900181b34107af50002abe8ed8,1191055,,e4eb7e5449fb832f15215db0d3f051d1c1fde7cedb8c2116e0b494406dfd9a1d,recurso,Extensión/directorio,,
system/files/images/productos/9042045b07cea65fac66d1763d8fcc92b235b906,228914,,4ec794042a285b8b5f064d051eab443324c24f061d3f9f77073811c07b280b7e,recurso,Extensión/directorio,,
system/files/images/productos/9044e3482acdc8f0e19ebf347a1a24c2e59dd10a,1887916,,d53f50333967c90547d843d81c0613d9020f7a4e049264f42315d69a30f3ed43,recurso,Extensión/directorio,,
system/files/images/productos/91b1b22e0757eb17e2b2f7ad5252137d6b50e464,5275,,22058f35f21c2062018613eb65d6d0879c3827119097c6e88085ed574f6ce135,recurso,Extensión/directorio,,
system/files/images/productos/9373560b7092ddbdc9e4c0586c55dacf882d166a,140446,,5bbb55b3352ef2a33b25c00c800d3631770993091bae62756ba3d14af3de4c7f,recurso,Extensión/directorio,,
system/files/images/productos/940e095bff6a8002a19ac222a04ce14c4322fa45,162722,,c208a7d361c46541780413998a5d07ce4eaef7dbc5f00a53357b791db4cb10c6,recurso,Extensión/directorio,,
system/files/images/productos/94c7f9e458a3b78898415bc349658edb756a09f2,239948,,867363354fc4393a19a4b41921685352244a6385a986b0076d4c18433fdb69c3,recurso,Extensión/directorio,,
system/files/images/productos/959c0d9393ada51bef2817e8db59c54b487d2262,137236,,4cc48eb0ed373eb38e12e0d90e5c5231e218c287df2b8ee51e8e8a1cda96ecf0,recurso,Extensión/directorio,,
system/files/images/productos/98015c422935fb0f6a54ba324350f2d7877d367d,260995,,026c47f3f0381ab83f7513b5126315782bcbdd65851d89cfaaef18fe39b6e650,recurso,Extensión/directorio,,
system/files/images/productos/9856266836c012c90673224e9379a1a7f4b32389,235478,,932c44b3440fe52b0a4a097d1dda45adf7bc37d67b5a84753bb6c3526ceb33ff,recurso,Extensión/directorio,,
system/files/images/productos/9864659d131f5853c5c595c40be3adac9e56f2d9,1106299,,e83d9e0d361761c16f7d0d5182f575ebf94841cd03aa744826bc232326ac2ff5,recurso,Extensión/directorio,,
system/files/images/productos/98b07de6dca4ad402a37385c485fb6999d5c3323,1613543,,da92b4c85c86a66b1cae255adcb4c0b61f75d37d36ef5272696bc922cd6ca838,recurso,Extensión/directorio,,
system/files/images/productos/9950f4930279c555f7be5fcc6d4382d10784836b,156534,,b40a5af2a94250cc800336c668821dd1f54f3f28f1c6ef3ed8f4a35beb3ed1cd,recurso,Extensión/directorio,,
system/files/images/productos/9a05d35b35391d87d959fca60be6e20e4d7799c8,4519,,0a35da608fea06419c52ed4036b2cba03b3506d6010ae28984ff3bacf5660671,recurso,Extensión/directorio,,
system/files/images/productos/9a3bbe208087a9acd96d7b4cd494e4aa72494760,74897,,7e3f1304543308b59c05c772c4e3718a1f5a7fcaf910ed1a536acc3b23021e10,recurso,Extensión/directorio,,
system/files/images/productos/9c0a2ea15383debbe605065d9ce57e3ffbd36204,1887914,,91fe8561f7f00ae6093b2e879b11e38c939370e913f1f3becc74147ba7c99ef6,recurso,Extensión/directorio,,
system/files/images/productos/9dd0f9d01c7f775f93b29328123c87e26182d7a2,42205,,ee644707d59a031f458306ef439125065e83f21dc1ded649ea51248e50592431,recurso,Extensión/directorio,,
system/files/images/productos/a55fa2df012da03804394e857fc5e09ed6a69191,4394,,31b83c9d2d7a58e79b0a86b54bf678e87a400685b131428117c56b012a394322,recurso,Extensión/directorio,,
system/files/images/productos/a78bba8b99dcc3da6728b2ab918aebe4d8411e64,1010334,,57f1113daf08862483508cc79df9be3e9db4014826911f0610bd45b022687ee2,recurso,Extensión/directorio,,
system/files/images/productos/a7afbb92480eaa329c6e5032085c3a6495f1db7f,23341,,194801620df19c3fd19ddf46456e9e7d33c008ce13d93d41455c0beaf42518ef,recurso,Extensión/directorio,,
system/files/images/productos/a7febe38bfa295bb6907789a9d0f008c6319b962,43265,,f0d33107c5522dbb8a6aeb428a4303da767f676d96bad901598ecc32d4e6d808,recurso,Extensión/directorio,,
system/files/images/productos/a9cf3d4f6bde89180e0ae23231a70bb8f2ff3300,2834335,,4a57450a7d670dccad11fccb5751e91989e100a82357969bc2266ad4cf5bc2cf,recurso,Extensión/directorio,,
system/files/images/productos/aa57141f525e4c01f137d26858f1477e6d6a0a8c,1894189,,65e1847b24421b276ac853a1e73fc6bfbf667b626bf320636e00ecd9de65be7b,recurso,Extensión/directorio,,
system/files/images/productos/ad6778fc1e386c13476d2051b66e504deddd77d7,556072,,3cbecd21575cd3a16b2fe19c06211f899ac091ffe65912adc39cf06da2659d0b,recurso,Extensión/directorio,,
system/files/images/productos/adc000b103f864f06d51740c630158e411050fa1,177735,,7d4bac28a6ec0ae0be6a31e31a41560a81cfb5e4bf1f3d3d6eaacbd499b45db7,recurso,Extensión/directorio,,
system/files/images/productos/ae22c94ae3eb5d4d4e7ccfdb5cfc086e37e1658c,673194,,45f171e118d776f2c4ec90b3daedbcd1650bcb43bc0bdaa0a60dd501ba4bd480,recurso,Extensión/directorio,,
system/files/images/productos/ae385af43a5d1494c0f807d48c05b5b3c3576afe,148313,,894e073f2f592ce614409e721a476908c7e8c7f88c419f57fd60dfd95fe078e1,recurso,Extensión/directorio,,
system/files/images/productos/ae9af73339556620c5857321cb1a0400733819a0,296246,,770b078388423c4fdbdc7ed9faaa4be00b714b97df53cd154913ddb22286c51c,recurso,Extensión/directorio,,
system/files/images/productos/b1aece40383b55bb60c34675e96936a07a304268,50585,,d578d1e4084d1128b93c6a11dad77bd63da089d9bbad1482a067aa6406011bd5,recurso,Extensión/directorio,,
system/files/images/productos/b2588f4e4df68a23124a8dbc2b63374ec6959253,580547,,67f6755ea6dda16e29b80c476817018bf97a6f51857cdd5cdbc63dcbadafbb12,recurso,Extensión/directorio,,
system/files/images/productos/b2fc16c210f999a553d13a88a76211d8a8cbd583,178063,,d704128b2757b018b6a0ce25176d05e7ec336769eccb4b47d1164a9335ab3b9c,recurso,Extensión/directorio,,
system/files/images/productos/b3ab81b2856fe851e23bab63e63bacbbb82d6639,94329,,c6cf058d1dc9130053fcdfb121b95fb2e66aa19a43512c9076316fbcb88fd7b2,recurso,Extensión/directorio,,
system/files/images/productos/b49e7cf13885d8dfdc8e03fcd247d2d93f35f213,849328,,d55b3142b8b118ea54f1fbcdb3c86ca4ba23030b69c504a1021cbd0b52967d69,recurso,Extensión/directorio,,
system/files/images/productos/b571edc742e7ef0d37e3f59d4d067eb287cb6f51,1101944,,5d8f835761b152b5e163fc13bec58ee9920ce8466e72e4f511e19781b0fdf9dc,recurso,Extensión/directorio,,
system/files/images/productos/b6b8d27db846f68a7050c59a82b2e31ff137b7e4,1359159,,4b1e655cb7fe72789212f01e6578fba7773cfd0f2c7d4f03d968e666d3a82638,recurso,Extensión/directorio,,
system/files/images/productos/b9eba5a1d6113befc3d0598783588a63d7b6d9d9,102063,,a94a49e4086d801f0538f5de5d8d45cd6fc224bf01d5299d8b55f5dbb54e1f6b,recurso,Extensión/directorio,,
system/files/images/productos/ba3f2923d733855f1d109ba12330647b866a3383,16239,,86530d4ac92df562c6de29b9cc22b42192a67ecb3e1e2b1f478af1806600453d,recurso,Extensión/directorio,,
system/files/images/productos/bd6521c004c07b7eb1e6b29f1cfe3cc0d4ceb3cc,100497,,4caab5a59cda64741a1cb23d894a9a988a079bf0f77ead35f63f7b07774dd2e4,recurso,Extensión/directorio,,
system/files/images/productos/c46d19fe3eb462f51d4f636a3a4719ea6e8922c5,94046,,58403b51ea56f2414d970722afece2c97602b6b5f46dce9321f1a685f7e02258,recurso,Extensión/directorio,,
system/files/images/productos/c50e1e39b34533eb25bba5641b8c2e2be5e0dec3,83331,,46827d6995078dd9790f66e48d985712e3ea5466258f71205b584edae47e2a21,recurso,Extensión/directorio,,
system/files/images/productos/c88aa52b638190e7584c2412e8722e25c1723550,59735,,bf21cd97bbba4ace3686e1c75a67af653e6e9d77dad0689f617bc48ff3c143d0,recurso,Extensión/directorio,,
system/files/images/productos/c8bc985a8ecbeda6dd4f0d60a6ac70423b19b9f6,59514,,ecc1028eb79cc3a6bf6320d9e06ed04ce2d721a44164cba9413898b9db4b3ad9,recurso,Extensión/directorio,,
system/files/images/productos/c8ff88040661a79b39a07b1e3a27f49432df5dff,103422,,df5c7138ad94a2b00ea9e1a610c725c2598c6f6839feb9fe09a0196bcf73b758,recurso,Extensión/directorio,,
system/files/images/productos/c9ab51d31ce4b9a94967e2492d3a2a7f43b8b46f,358196,,5f2a562afdd44515a936f5bb9b8145476008b8f70c842fe3994817c69f4ae506,recurso,Extensión/directorio,,
system/files/images/productos/cbc5bbf8df505223c1069122842fed702f8be8d8,42554,,1f009fd1cc71d72d73ae15534011635a10e29f60cb81cddfc851698a9f4bbd25,recurso,Extensión/directorio,,
system/files/images/productos/cc2f0cb67adc2e9fe611fd2f8483d44c8e9ab724,132456,,78a721deb0dfc8963dbefc88ef20119c09742c8051fb2ee78e7aff7c11b9cb5c,recurso,Extensión/directorio,,
system/files/images/productos/cd8dcba8c3cdd3597f73eff14285d6e0c759fda1,126408,,a69df4a03b43de98301f2bf5aefce4ba730cad4634f4bf6a47fa1194a2c48181,recurso,Extensión/directorio,,
system/files/images/productos/cf2e4e326d359080b1ade0173d05a64e2846d1c1,17612,,315b8ca4bb47e834b9a295a80cdd91b9349821b35f74cb8d72ca35c4957c5b94,recurso,Extensión/directorio,,
system/files/images/productos/cfae2414005ec241e35e2be9039da54013a231e9,167976,,f4eb1ee1751e83d4ff390ffc61d3f20b0beccecd154b161ce73c98965d2d5ecc,recurso,Extensión/directorio,,
system/files/images/productos/d022de529fe9c4e48c5bf2c4652af466b87b3af6,528505,,6450a489937fed37d19b6707d922e7225072d55cc62d9ab51eecaf322ef1bf7e,recurso,Extensión/directorio,,
system/files/images/productos/d0c290fb090b8236400c0131456b035b9199b02c,50771,,043b51e0aaec4c17ed2b8efe57dc2654b61edee67029074e7655266d15130146,recurso,Extensión/directorio,,
system/files/images/productos/d0d4d97dd90ffb84dc80c08ad38dbb6eaf83b0fa,407911,,1c60f4dad940c2374e01206eb47e674ac1b696a580b516b470628bea19ae0217,recurso,Extensión/directorio,,
system/files/images/productos/d113f473f3aa6186e6cce3296aebc45f1a266b9d,184297,,d845644629cb7137ef6febf445c446575f70e9aeb24c8c85f1243e0baf6501c9,recurso,Extensión/directorio,,
system/files/images/productos/d1800119e28d2f25ab78a9219e103ecc4fc8afb5,1788150,,34ebbadb7104fa3c4cf032992b972b56450598be15c824b011b6ec460e08af24,recurso,Extensión/directorio,,
system/files/images/productos/d3cd08acf2731eb29b0227a3957ab09ffc55e38c,97087,,4ff8f9c14a1788f07f3c90d21e431c90ea7ec5f8192ca26f1b2b9a96e8f650d4,recurso,Extensión/directorio,,
system/files/images/productos/d408fb7a83adf1cd66a9048080210be3b617cb29,148600,,e99ec942cdc228c7287461cf8f96223169f02c2bc5b39fc0c62e63eff69f67aa,recurso,Extensión/directorio,,
system/files/images/productos/d417331acf9a342ed7374017285970f68effabf4,504002,,a6dd74af993459d78b02cd208ce4b26d34dfab97a87c903ad757e39e6456de44,recurso,Extensión/directorio,,
system/files/images/productos/d598f326c2973470ee7e0a5c3c220ba7108f150c,44327,,0b341e8e5cd84722a20ab84b05beb4686ab82e7635251103305b233224095a61,recurso,Extensión/directorio,,
system/files/images/productos/d8fee0db7a4abffa83cd01515a5618e2b1b78b17,210164,,1359e14587941620d83bf997795d54c17de69066a8f138cc6b3bb6d607a77c51,recurso,Extensión/directorio,,
system/files/images/productos/db60c3f67e4bce5fe6dc4f07bc8c14a13c407758,91356,,c339242d4cbbcd12631d8837454914b576d716f4440c772408ce35f731ee8db4,recurso,Extensión/directorio,,
system/files/images/productos/dbf978defab57f25bca7206c939b17e9c1b8749d,140299,,4a3fcd0fa5e0abb158dba62b7d67cef2a74dc07a72ef248776d87319fd5c4871,recurso,Extensión/directorio,,
system/files/images/productos/de384ecd10f0e22ea56706a25f164f5b2102d4a6,62244,,c8c8e17fb4fe0088e4d86b4e360634d4114ef1ce0209197e45651e2752da944e,recurso,Extensión/directorio,,
system/files/images/productos/dea67750c58a9beeb1e4bf0140e4b97863635cfa,198143,,c650f63900096ba087b9ab072b9b891e7adf4c130e05e3f44075e8e2281c72a9,recurso,Extensión/directorio,,
system/files/images/productos/df2281661def14838eccfc36ddd1b3068b9ef575,194790,,53c1fc06a6cc6a6d6b7e44450eb27562a7cfda986d1608d7157612387c26c5a8,recurso,Extensión/directorio,,
system/files/images/productos/dfab80908ff3b6ba9e823ae8e208dbca887b97fe,54860,,7f72e704aa8a09e069e12e1165042becd9b47f3fa8408161f4bc98e4313bd8f7,recurso,Extensión/directorio,,
system/files/images/productos/e18f93b233e92c3c13b45b7654d4712f4748fe8b,227089,,42aea6f642e345465fe276fb67ffa4fb3c721e5e0e133fbe279b6b9f0ca5b64b,recurso,Extensión/directorio,,
system/files/images/productos/e1fc3c722338060ac5bc7cf2ece07503d6bc4a0c,348098,,4c0e907d3846a72f5bea4da1e2f2d67d2afdaab66211045725eee9b430bdbf4e,recurso,Extensión/directorio,,
system/files/images/productos/e23c3408026200967f66d50d6e99ac37594f7556,113029,,9b91e357f40c9a14a2d4658e18ea9fda501a99ff6795b36b1be1502bdc027964,recurso,Extensión/directorio,,
system/files/images/productos/e255e142299e7b62e25690084deb0bb49408f332,263565,,ab12459a93c9f40a62edea1a44db215f841e677016b8ff42cfe25589882cff1d,recurso,Extensión/directorio,,
system/files/images/productos/e4c215da7672e0ff5d8c7c6b12eaa6e027b73969,33493,,abdc2ffadc9ee3b0f411da925350004e16a6c6daa293922c6dba6252a1227b0b,recurso,Extensión/directorio,,
system/files/images/productos/e580517f07a377c10127844c71373a174bcf76fe,122172,,772f456f3e6a7f8a7e6e6a57b13a180368b034464af956fb671fbb038928de13,recurso,Extensión/directorio,,
system/files/images/productos/e6d8a9c021af46599e25526f7afa2c9689eba705,38498,,251d04717bc5499f1707bc080bf7a1d1960a3d8000c12f9bd6e27e3923a7b594,recurso,Extensión/directorio,,
system/files/images/productos/e7558238c56779a33c10c7770146c9f7017bd375,270010,,0eb232313702b26e571a57d872fbef0a85b66ec7c71a0ad66e7237c492ab0077,recurso,Extensión/directorio,,
system/files/images/productos/e7a01529a67d2e176caece591f7981360e4805ff,1846443,,35ba5a171ddc615b665e1bc0e9b1eb238f8dc798a8d56ef804c29c8273171d64,recurso,Extensión/directorio,,
system/files/images/productos/e8f1b3445fc4bd1e35cb22d2d405f8e080a62615,147608,,9fad3d6401035bcc08e7216c4f8ed554194399e1a7f78c8b73474d6de898ccf6,recurso,Extensión/directorio,,
system/files/images/productos/e973955577670d4ea61bd906a517dd878118831f,1538574,,6137445032abfcb7cd004f83e22ae56fd63defdf243609473eadad74cbde454f,recurso,Extensión/directorio,,
system/files/images/productos/ea8effe39352760b7c820b97ff11441286eb3e49,109689,,0d9d5e569e4bb5f80edff0b782e60dec9e4f78cac0963cd25d86dc6fcdf4db14,recurso,Extensión/directorio,,
system/files/images/productos/ec069aaf1b98181850d5f11ac0069b719063f855,149578,,c8774b96d0370cd808267857940e635c603e1c74735a3c7d7c9619e233449bf4,recurso,Extensión/directorio,,
system/files/images/productos/ec68ab8e790ca2a96b4a8b409b96b9788018dc78,359827,,d2332b0c85d90fd4c8071f1ff7d20494112bbd0991063728cbe668d323c01f71,recurso,Extensión/directorio,,
system/files/images/productos/ed615bddda8aa301e393e1768b31a2d694243038,26086,,f85e98c7edf85101addaf8f60f05ab50e6469335f717a0148b6017d1693146a2,recurso,Extensión/directorio,,
system/files/images/productos/edaa9d68e318711d183689d070ec145da123c768,807402,,c07fe0e4b2b216fa430aa4dae40407d2298bbd201f6e5b5bc14f80e79422e370,recurso,Extensión/directorio,,
system/files/images/productos/ee96e92f6242ded7c0f5a641fb68712863cda941,38872,,27c04ba766d8e626103eba8a20ae35887dc8326485315f26f2e371bee12fa7a3,recurso,Extensión/directorio,,
system/files/images/productos/eebed998e099271fbd2674cd21a6f87567fc9dee,107482,,41fb75669e1fa2eebca291f2148a34e9721dc58131e2a7bfc8b590a076c421b6,recurso,Extensión/directorio,,
system/files/images/productos/f02304a5117f7e8cc52916b2995eee7d5cd3bdf7,1248526,,0a52c0c24f7a2c24d62f3a2e9f272ab42daa35225e2284325469c1ada3e08b84,recurso,Extensión/directorio,,
system/files/images/productos/f11bb20047186203a5dd29076b6697e6cf181d69,111336,,23c78a5126bd5807af19f25a172f1fcebe9a4423ca46adce181ca18a6956da8c,recurso,Extensión/directorio,,
system/files/images/productos/f23e43600d8606ddea73c29f700d164d5afc0552,1372667,,63b50f31f52cad064dfabe524ec2fee7c18a088ac99d5792ca34fb7fe7c09353,recurso,Extensión/directorio,,
system/files/images/productos/f304f05a8957297b9b40a452fa93647f80e7bcb6,36859,,c4f71f365cefbdacc0f7682fe09ef6c9e271bd4f6bdca40268c451e7b6b18122,recurso,Extensión/directorio,,
system/files/images/productos/f3eecd701088dbca1956b577ef1de1c1762edced,156553,,4f4c7200a1d2b415cd91c00c6997d98ac25e5929d70eeebed2a60360be9d60ca,recurso,Extensión/directorio,,
system/files/images/productos/f6879270d9945c848fb0f732190100b3e8ffced7,437657,,778571077c66eb5d199d774bb8f10f031c27ff1e0f813e3721e3622cb47f4ecf,recurso,Extensión/directorio,,
system/files/images/productos/f6cfac4e319cc287a0162f1cf3eab1791a61bed2,48222,,f98d8bc284741b66493764e5f6c37cea3676a0bceaf1b8570bdf16555b606728,recurso,Extensión/directorio,,
system/files/images/productos/f9118a7d8fac480174a9a4e0455b51ee73490fa6,22196,,487d546e69444e341ab3d8fcc7563d61a7fb8eadf2ba5afe0f52cf3a5db5d131,recurso,Extensión/directorio,,
system/files/images/productos/fba045304f5402c79a958b69ed499c1f46a48801,187413,,acf566b36f7591adab20e6b8db02f9bc8a707a6d3e3b73af477692a8f76618ef,recurso,Extensión/directorio,,
system/files/images/productos/fcd7b006a2ccb75e9d55f0e15b1756f3a87079e9,1497255,,2026c18226568907288a0541cc50b2beed90a8525ca750ebd6e188cc57e4fdf4,recurso,Extensión/directorio,,
system/files/images/productos/fce70ded3bd3b58293eed84c658aedaa60d10a2e,121051,,e0b0fcc5f64da11a8ac90554bd19936b55a66cdf3f12636921ee060234034732,recurso,Extensión/directorio,,
system/index.php,43,.php,c910ac402538a489f0856f4db27ab33c19d5e8bd7167ea68e4734ec952d02fda,endpoint / código interno,Revisar referencias en dependency-inventory.csv,92,
system/js/gmaps/extinfowindow.js,24916,.js,9d7bee470d597400073cc540066c5e0830e97c63c51928687f2fc50487e8ebad,recurso,Extensión/directorio,,
system/js/gmaps/paga.html,335,.html,6c4dbd60204fee82c6b798ac65c06f9665323c75d402cdcddef6b95d24345e1c,recurso,Extensión/directorio,,
system/js/gmaps/page.html,737,.html,ac221494afd159818de62c00e7f116808a3dd7cf5f7a461bb301fa8037408bef,recurso,Extensión/directorio,,
system/js/gmaps/style.css,171,.css,631982924b931e04cdbfa9d0ead124c89a6b0eb1a4b6b158977b0d421160259f,recurso,Extensión/directorio,,
system/js/jquery.min.js,57272,.js,29133962ccf97017876e2a59a345433a326ea9debced53451c44e39707f36800,recurso,Extensión/directorio,,
system/js/jsImageCarrusel/imageslide-plugin_files/css.css,766,.css,6072379150c0fc18607bcd2b1ca50ace741370f438bb2ef979dff5e142506d0a,recurso,Extensión/directorio,,
system/js/jsImageCarrusel/imageslide-plugin_files/ga.js,22800,.js,16d5e3004b4e89442cd7e73f410af5aeba4ab388fda40cb906674e92bf02211b,recurso,Extensión/directorio,,
system/js/jsImageCarrusel/imageslide-plugin_files/html.css,793,.css,807996b3f8fad276f2292c585112581e49cbb1c31dd9399ed2195968c4e21f7c,recurso,Extensión/directorio,,
system/js/jsImageCarrusel/imageslide-plugin_files/javascript.css,862,.css,48b3602df48650def24be727110e57d454669afcb34dec49c1efc7da8ed13232,recurso,Extensión/directorio,,
system/js/jsImageCarrusel/imageslide-plugin_files/jquery-1.js,46467,.js,d5ea5d2a670ae9ec8b6efe57d745050cd28ac1619d9278f7cb4ac774dd2d53d7,recurso,Extensión/directorio,,
system/js/jsImageCarrusel/imageslide-plugin_files/jquery.js,5302,.js,d642a34171c7ad0b610cd4bc491659228c1af725396b009c6b7352e67b0dc91f,recurso,Extensión/directorio,,
system/js/jsImageCarrusel/imageslide-plugin_files/jquery_002.js,9139,.js,a3c09ac116e9804e268c2fe26eaeb4d121682ec648bd195112ad777b38f25187,recurso,Extensión/directorio,,
system/js/jsImageCarrusel/imageslide-plugin_files/jquery_003.js,4933,.js,38b83e59d801b6d1e0fd3facace1c24f38f7e72e750d6e91eacdaef6ef11b730,recurso,Extensión/directorio,,
system/js/jsImageCarrusel/imageslide-plugin_files/jquery_004.js,4896,.js,f57aea88b7961d01f0e329576f271f49cc80e3fad5f79a9643cd34da1ede31b4,recurso,Extensión/directorio,,
system/js/jsImageCarrusel/slider2.css,2247,.css,af30989119839360e021ec528c291296521f26edd95bffa6dbdfa5aa2e130e5f,recurso,Extensión/directorio,,
system/js/jsImageCarrusel/slider2.js,990,.js,a60de0bb6bf4622383ef5b6101ef779fa80dac5ea8b74050af22faed738e5450,recurso,Extensión/directorio,,
system/js/jsImg/imageHandler.css,282,.css,62b78d6f5c28055eee6cb30b32e5a0cb2cfffb04f2432205a036a7352fc2f190,recurso,Extensión/directorio,,
system/js/jsImg/imageHandler.js,3238,.js,e916d681148f69e3c31c6d526e19ce67163cb94ceea64a1992f0afaef307b1cc,recurso,Extensión/directorio,,
system/js/jsLight/__utm.js,16881,.js,c58418a59ea7dee5361370dcdafdeb4072cb962a0fe8bdc1a0919a7239eee4fe,recurso,Extensión/directorio,,
system/js/jsLight/close.png,3854,.png,c9326f66d85d4254269cbf8c940d950a92311f1b5c7bb96ccf7da355813ca435,recurso,Extensión/directorio,,
system/js/jsLight/goleft.png,4079,.png,5ea0cfed01d4b94f8d69819218e53bab1d530dbd4e8d361c21557905b9d6fd1e,recurso,Extensión/directorio,,
system/js/jsLight/goright.png,4071,.png,d837551890f934524a5fc4500106cccf085f6316011f64b06a8b41b57f0cd773,recurso,Extensión/directorio,,
system/js/jsLight/jquery-lightbox.css,2384,.css,d68a61c0c982153c1414095a7ae898eca73b582e5b33b6569f5c149915e03c50,recurso,Extensión/directorio,,
system/js/jsLight/jquery.js,41682,.js,aa1f54b86825a36d7c521472a9f29303582b66878b82bb30716f6db67883e3f5,recurso,Extensión/directorio,,
system/js/jsLight/jqueryContinuacion.js,5096,.js,dc84f9518b10e3ed426022f68ac2c49ddcf0cc1c3542407305c0b909349ad569,recurso,Extensión/directorio,,
system/js/jsLight/js_constants.js,1005,.js,abf7793360e95cc25c733f57c0e8f39f40235325ae095932419ea3a87725e3e9,recurso,Extensión/directorio,,
system/js/jsLight/lightbox-blank.gif,43,.gif,2dfe28cbdb83f01c940de6a88ab86200154fd772d568035ac568664e52068363,recurso,Extensión/directorio,,
system/js/jsLight/lightbox-ico-loading.gif,3990,.gif,d314e23674a93dcaa9bfb72041d7da79fdba406f2d042b416356da52dec4af55,recurso,Extensión/directorio,,
system/js/jsLight/remora.css,4970,.css,51e1a4db6c42f721920b5febff659ace31e3ebcc0c943f47b6880d43a3b4245d,recurso,Extensión/directorio,,
system/js/jsLight/style.css,51162,.css,3339318d3a0ca2c97d928ec0a04ae92e55a8159c9cb0c21739c20864248fe06e,recurso,Extensión/directorio,,
system/js/jsLight/ui.js,23482,.js,4a17396e81c4c696e03bcd7baa6e50703da44db0c61810ae902ee9312ca22e85,recurso,Extensión/directorio,,
system/js/thickbox/thickbox.css,4248,.css,a04f51c58fbfb4221a3f618036d71e69c846d9a52fe56187787f069bca572458,recurso,Extensión/directorio,,
system/js/thickbox/thickbox.js,12921,.js,a7ed0edaa40118d8b3938a88611ff2ff4dec7505b57d8d662cd2a98ff76ef360,recurso,Extensión/directorio,,
system/libs/CoreLibrary/.listing,1960,,4d84b93da9afce3b8393d12bf8bd1680ba18a62fdc0e07aab071ed34c83d9874,recurso,Extensión/directorio,,
system/libs/CoreLibrary/_DB.class.php,6934,.php,5dd752b064817b39bfe64b1e1c19dc768261f58a94d6d1fb12b44fd9669503d1,código interno / dependencia,Biblioteca; presencia no prueba uso,0,
system/libs/CoreLibrary/Application.class.php,2278,.php,7b79f4dfbff934ba1dbca21dfa52f066c2d6268d5392ebc98ed4959275565e89,código interno / dependencia,Biblioteca; presencia no prueba uso,0,
system/libs/CoreLibrary/Authentification.class.php,1651,.php,69dabee49915a211d21fbb6bb621856cc3801b205d7bc5801a230862a7437b06,código interno / dependencia,Biblioteca; presencia no prueba uso,0,
system/libs/CoreLibrary/Banamex.class.php,2510,.php,aa57eee965184dc48dfbb4ff1358f823f3d21093bdb9de3a9cf831b6bd8b8b70,código interno / dependencia,Biblioteca; presencia no prueba uso,0,
system/libs/CoreLibrary/Config.class.php,6704,.php,6e056308ce35f2df49154185c6933753aed2c75ab589e7cb66d826a909a7acaa,código interno / dependencia,Biblioteca; presencia no prueba uso,0,
system/libs/CoreLibrary/DB/.listing,488,,838d74771142c287183f5974387375a20d63a5cf08062988cab92fed935c90b7,recurso,Extensión/directorio,,
system/libs/CoreLibrary/DB/Connections/.listing,198,,a114345011e518d63e0502450909d6d5d599373dfe21d19631c6ec4f57b57fdf,recurso,Extensión/directorio,,
system/libs/CoreLibrary/DB/Connections/LocalHostDB.class.php,285,.php,c0875212db0d66c50b69283b371868ae39ae444b2e393078344d5450220133ed,código interno / dependencia,Biblioteca; presencia no prueba uso,0,
system/libs/CoreLibrary/DB/DAO/.listing,432,,815b6123de055dd36291eeabc087a4346a171e813aadbc1fbc95e16eaafb4b45,recurso,Extensión/directorio,,
system/libs/CoreLibrary/DB/DAO/_AdvancedDAO.class.php,3228,.php,18510bef7b631f35a0e32ab78a9f47411dfa7ff9262faf3a966533712fd3d1fe,código interno / dependencia,Biblioteca; presencia no prueba uso,0,
system/libs/CoreLibrary/DB/DAO/_FileDAO.class.php,1569,.php,1ff4c8a37b60359cceca587e0da0fbed753028a2d18aa04f35c060124be5d497,código interno / dependencia,Biblioteca; presencia no prueba uso,0,
system/libs/CoreLibrary/DB/DAO/_GenericDAO.class.php,5879,.php,0fe4a69f96fcb3bc2269526e22126a3f2729fe89200283db396b48476761ee44,código interno / dependencia,Biblioteca; presencia no prueba uso,0,
system/libs/CoreLibrary/DB/DAO/AdvancedDAO.class.php,4164,.php,753359b1a76bf11124cf052d136a524169791bf4b0b37653fc23d8ff722db5b3,código interno / dependencia,Biblioteca; presencia no prueba uso,0,
system/libs/CoreLibrary/DB/DAO/FileDAO.class.php,1573,.php,1f6c2a3e8a3efab859ac95d99728d66e3832079a3f0466869da1cb0ce5bc8cfa,código interno / dependencia,Biblioteca; presencia no prueba uso,0,
system/libs/CoreLibrary/DB/DAO/GenericDAO.class.php,8391,.php,a868328ed138511b09a05d96bf1c48efcac09c97b6f9b16c9d221d163322026f,código interno / dependencia,Biblioteca; presencia no prueba uso,0,
system/libs/CoreLibrary/DB/DAO/Timestampable.class.php,369,.php,821bac42a28e931d4c5a9929f5e5acd66fa978e9a52d1c8565ebc3fd5cb44a98,código interno / dependencia,Biblioteca; presencia no prueba uso,0,
system/libs/CoreLibrary/DB/DBConnection.class.php,731,.php,2516eb0b764f1936bc1eb5f2fc4da931c71699583427d2ef2bd8494d96a7f515,código interno / dependencia,Biblioteca; presencia no prueba uso,0,
system/libs/CoreLibrary/DB/DBStrategy.class.php,613,.php,10862fcd5b7f984aa0abab2f945649b82392f5827182cb5eac696e91bffcfa72,código interno / dependencia,Biblioteca; presencia no prueba uso,0,
system/libs/CoreLibrary/DB/MySQLStrategy.class.php,2893,.php,8a6609496258eb0ff088379e9ce29f3e1795152118460fe0ab2413a663ac9c1b,código interno / dependencia,Biblioteca; presencia no prueba uso,0,
system/libs/CoreLibrary/DB.class.php,7015,.php,045f306eab5e357d678da8cb28c0709416554cbd46a1f6a70857ddf993d63405,código interno / dependencia,Biblioteca; presencia no prueba uso,0,
system/libs/CoreLibrary/DBPEAR.class.php,8867,.php,b514c071ddba09af88e42b22e3d15e0a9d1c6f1c2b87506ca0f8bc3afaedf480,código interno / dependencia,Biblioteca; presencia no prueba uso,0,
system/libs/CoreLibrary/ExcelWriter.class.php,1767,.php,d361163acbe63aaf2fd2f58a4342fd130f2c0201bb0a7683f6642470ff96d8ad,código interno / dependencia,Biblioteca; presencia no prueba uso,0,
system/libs/CoreLibrary/ExceptionHandler.class.php,6886,.php,02f80e4dd4c7b0d779c984c84196ac032bb197dce28d5443248bdf96d0cc2f85,código interno / dependencia,Biblioteca; presencia no prueba uso,0,
system/libs/CoreLibrary/Exceptions/.listing,608,,bf37f87728fa81aa50142d12f792ccb55bafbffa2b45af4f27e51437f092741d,recurso,Extensión/directorio,,
system/libs/CoreLibrary/Exceptions/_notes/.listing,187,,b074a7c22a6890a9613df8360d3c56430250ab58144fef5aa85b2246b82e876f,recurso,Extensión/directorio,,
system/libs/CoreLibrary/Exceptions/_notes/dwsync.xml,432,.xml,366c842e2b646c906759eee1e59307b3b9868dd932302c34b3f6f6dd8a08d0ad,recurso,Extensión/directorio,,
system/libs/CoreLibrary/Exceptions/ClassNotFoundException.class.php,67,.php,9914dfef25ef2fe0b1e723cf5959eff25399ea24466586492fe5d57328510fa0,código interno / dependencia,Biblioteca; presencia no prueba uso,0,
system/libs/CoreLibrary/Exceptions/ErrorException2.class.php,802,.php,4d17dd278fe7733793589ffa35222122058937975e939ebbd13524143f07ab23,código interno / dependencia,Biblioteca; presencia no prueba uso,0,
system/libs/CoreLibrary/Exceptions/MySQLException.class.php,183,.php,a0c9c21c1422b29481f877d949cabfc8cd8c49a180c463ea60bf7747c3982652,código interno / dependencia,Biblioteca; presencia no prueba uso,1,
system/libs/CoreLibrary/Exceptions/SQLException.class.php,171,.php,634477139771d328202deaab34ba22444a7036f26e82e21cc544765921abe095,código interno / dependencia,Biblioteca; presencia no prueba uso,1,
system/libs/CoreLibrary/Exceptions/WrongDataTypeException.class.php,183,.php,cd753ecb3267fb009c19eb235001b13e28a7a3b5f744c202039381df990c9143,código interno / dependencia,Biblioteca; presencia no prueba uso,0,
system/libs/CoreLibrary/GUI/.listing,252,,1085e011364e200cd29d9d0c46e87c31d56cc688f7479ae2971d239e83d5b081,recurso,Extensión/directorio,,
system/libs/CoreLibrary/GUI/Calendar/.listing,957,,9a8d5a70d9c5a1d9961e2881923ace88dcf07a33e9dd02d62de63942505ec836,recurso,Extensión/directorio,,
system/libs/CoreLibrary/GUI/Calendar/CalendarApplication.class.php,3335,.php,edcf92c1056825a540ae95151798ca98a39d7d75da127d6033c42d56f44358fb,código interno / dependencia,Biblioteca; presencia no prueba uso,0,
system/libs/CoreLibrary/GUI/Calendar/CalendarLanguage.class.php,3454,.php,98b08cdf11335b586ed8990b4912a84085c7868bb46d8115333d9096514830e7,código interno / dependencia,Biblioteca; presencia no prueba uso,1,
system/libs/CoreLibrary/GUI/Calendar/CalendarLanguageSpanish.class.php,1139,.php,5866a60c3afbc9cf804e17fcb5cb638a82ac6eb523abd5d3fc42338ef9ee5e42,código interno / dependencia,Biblioteca; presencia no prueba uso,0,
system/libs/CoreLibrary/GUI/Calendar/CalendarMonthDayColoring.class.php,581,.php,dd1cedf6e17810d00585ed537c7014e5377bb7da1ae42fb33026fe95d06cc524,código interno / dependencia,Biblioteca; presencia no prueba uso,0,
system/libs/CoreLibrary/GUI/Calendar/CalendarMonthDayView.class.php,3565,.php,422c5508c8734271379ebc073550f34b630976bfc4aa00deb74a95b5cf800d1d,código interno / dependencia,Biblioteca; presencia no prueba uso,0,
system/libs/CoreLibrary/GUI/Calendar/CalendarMonthSmallView.class.php,9337,.php,eba589782bed819e08b4479bd29416bdfed64d9892542cdf1146ddc824437557,código interno / dependencia,Biblioteca; presencia no prueba uso,0,
system/libs/CoreLibrary/GUI/Calendar/CalendarMonthView.class.php,7132,.php,22577c0230598c089e0a6aea488bacea06e4a71e15277377dae04b06444a3044,código interno / dependencia,Biblioteca; presencia no prueba uso,0,
system/libs/CoreLibrary/GUI/Calendar/CalendarTools.class.php,1012,.php,997fa83090df52fd55c20a14979390d7ccc782de661abf3b809e4498eef73cb7,código interno / dependencia,Biblioteca; presencia no prueba uso,0,
system/libs/CoreLibrary/GUI/Calendar/CalendarView.class.php,2664,.php,425d93a307b9e6fc34274f2f316c15b584ee90bfb945ddcdf3a5afb5e086579e,código interno / dependencia,Biblioteca; presencia no prueba uso,0,
system/libs/CoreLibrary/GUI/Calendar/DB/.listing,204,,f7f2c02c547d06e77ab9e87ab1e151770809798046f72a2ed353cd54100e3385,recurso,Extensión/directorio,,
system/libs/CoreLibrary/GUI/Calendar/DB/CalendarEventsDAO.class.php,2482,.php,5f6f11b5470a4f0bd95f5ddcf1d8296b8ec407aeb848923a8934c01bc12f9b4a,código interno / dependencia,Biblioteca; presencia no prueba uso,0,
system/libs/CoreLibrary/GUI/ListPanel/.listing,413,,f910d98a7830ff07a9fe4a0c9ce3d67667a4cb866ea9fe3ac38763cc7a78465e,recurso,Extensión/directorio,,
system/libs/CoreLibrary/GUI/ListPanel/Action.class.php,1929,.php,3482ca77b99a0a03d87f8676036277af8055bf1aaa7dbba43c019f401bb2cfe8,código interno / dependencia,Biblioteca; presencia no prueba uso,0,
system/libs/CoreLibrary/GUI/ListPanel/Decorator/.listing,915,,94de421e6d8ca965034a1c0bab24544a4cea0969f5f3311be0918379a37d5e60,recurso,Extensión/directorio,,
system/libs/CoreLibrary/GUI/ListPanel/Decorator/Decorator.class.php,3587,.php,8e7201188eae945924587b3ff532dd1a20e0300677b3d756b13bb1b827baa48d,código interno / dependencia,Biblioteca; presencia no prueba uso,0,
system/libs/CoreLibrary/GUI/ListPanel/Decorator/Pager.class.php,3376,.php,b947cc3677163ad85ac40c7362f3c9faf9bf270ddc120707f48dedf604b67396,código interno / dependencia,Biblioteca; presencia no prueba uso,0,
system/libs/CoreLibrary/GUI/ListPanel/Decorator/PagerTemplate.class.php,7052,.php,bb3c994f449c365bf4e55525df30df72a96e1495d7a6fcacd3ec72de7d456d87,código interno / dependencia,Biblioteca; presencia no prueba uso,0,
system/libs/CoreLibrary/GUI/ListPanel/Decorator/RowActions.class.php,905,.php,be9c4f50cbb40ece66c0b3a0b5d0dc814b21aba31583fa35604a243300ff4622,código interno / dependencia,Biblioteca; presencia no prueba uso,0,
system/libs/CoreLibrary/GUI/ListPanel/Decorator/RowActionsTemplate.class.php,2441,.php,ec76c8d2599cbf3910123c7a885dde1ec3bbd6c9e28914cf5d8db56cd5d73ffc,código interno / dependencia,Biblioteca; presencia no prueba uso,0,
system/libs/CoreLibrary/GUI/ListPanel/Decorator/Searcher.class.php,1526,.php,92545bdc7b2e9c9e69cebee9ac11e104b48d35a2e2ee521927d35e3d66ee3668,código interno / dependencia,Biblioteca; presencia no prueba uso,0,
system/libs/CoreLibrary/GUI/ListPanel/Decorator/SearcherTemplate.class.php,1771,.php,6a64e8b547ec1b9221b69453d4f761b266df89d8653751178e692e0009aa0d4e,código interno / dependencia,Biblioteca; presencia no prueba uso,0,
system/libs/CoreLibrary/GUI/ListPanel/Decorator/Sorter.class.php,703,.php,d342413da9b46b2d77dae38a0e3c3cfd23ba1f271c19f172c6c74c3da4acceb5,código interno / dependencia,Biblioteca; presencia no prueba uso,0,
system/libs/CoreLibrary/GUI/ListPanel/Decorator/SorterTemplate.class.php,2276,.php,319be7cf87150015d2fb79810cdf328f56ad36a45b08b870fd1a6c35415e9459,código interno / dependencia,Biblioteca; presencia no prueba uso,0,
system/libs/CoreLibrary/GUI/ListPanel/Decorator/TemplateDecorator.class.php,1549,.php,dd211b387332398b935e6b2047a9264467466bc604a4e1a30cb583c92ce426e8,código interno / dependencia,Biblioteca; presencia no prueba uso,0,
system/libs/CoreLibrary/GUI/ListPanel/ListPanel.class.php,5453,.php,0872572d0083029c19c7fb94c7d9bc1fa6720b0b5952309cfc8550637977d52f,código interno / dependencia,Biblioteca; presencia no prueba uso,0,
system/libs/CoreLibrary/GUI/ListPanel/Template.class.php,4408,.php,49abb530d008ef4640b5c7e7da0035bb5c674191a0396f044612b5ef9bee465e,código interno / dependencia,Biblioteca; presencia no prueba uso,0,
system/libs/CoreLibrary/IO/.listing,528,,5aaefc2a8281968fa0d452fff737b50f5092590034bf7e8811417cd63ddde38d,recurso,Extensión/directorio,,
system/libs/CoreLibrary/IO/FileApplication.class.php,1226,.php,79b936f8027b7bea13d9ea92754f44925a386e935891056d6893cbf640cf949e,código interno / dependencia,Biblioteca; presencia no prueba uso,0,
system/libs/CoreLibrary/IO/FileSaver.class.php,8578,.php,99dc061def0c916ec5d811ef17730d3f9abba09ebba27694e488c726dc840e28,código interno / dependencia,Biblioteca; presencia no prueba uso,0,
system/libs/CoreLibrary/IO/FileViewer.class.php,1788,.php,bc50ca7defc81a6b81ef4eedd0362d2a3d2a337942a0687d27d92612fcd80f33,código interno / dependencia,Biblioteca; presencia no prueba uso,0,
system/libs/CoreLibrary/IO/ImageFileApplication.class.php,215,.php,a107775eb30821e7845466784cc092f358c6af329c6be4e753b98e74e75164d3,código interno / dependencia,Biblioteca; presencia no prueba uso,0,
system/libs/CoreLibrary/IO/ImageFileViewer.class.php,4700,.php,49c1d0f368b746a7d2b09505b16bbaf6d6a9207919fbb0612bfcff9ec1f57722,código interno / dependencia,Biblioteca; presencia no prueba uso,0,
system/libs/CoreLibrary/LoginApplication.class.php,397,.php,4472a02845efbb7892eb19f9eb5a21fb220ef149938f5e0483893992a0544190,código interno / dependencia,Biblioteca; presencia no prueba uso,0,
system/libs/CoreLibrary/Mailer.class.php,6599,.php,bffce1ef631309d6c610a7be9877555a0a1fad4bc937360ceec18b3d1d035fa3,código interno / dependencia,Biblioteca; presencia no prueba uso,0,
system/libs/CoreLibrary/NestedException.class.php,339,.php,265b33e8b3de21cf62158ef71dec9730e6ab7e832834c81f7e0e412a7616a9d3,código interno / dependencia,Biblioteca; presencia no prueba uso,0,
system/libs/CoreLibrary/Objeto.class.php,415,.php,3bd92ed9797e44df329e81a1ac3c651f5d49acca097052fd8a8e3292b2cf9afc,código interno / dependencia,Biblioteca; presencia no prueba uso,0,
system/libs/CoreLibrary/PaymentGateway/.listing,393,,136965b9f32d8bdff9646cbf6fd84b418925458f54e11420dffe2e5c92732aad,recurso,Extensión/directorio,,
system/libs/CoreLibrary/PaymentGateway/PayFlow/.listing,328,,a01ad5ca7a8445c4afbc16792a474699e46fd9c48d76cd9f9b5d5a79870a14de,recurso,Extensión/directorio,,
system/libs/CoreLibrary/PaymentGateway/PayFlow/Exception.class.php,75,.php,d7b46768d7d4de80f09fa52f4633d5aede84c46bfacf8e351e19da339aebf435,código interno / dependencia,Biblioteca; presencia no prueba uso,1,
system/libs/CoreLibrary/PaymentGateway/PayFlow/Pro/.listing,331,,25a64f77c7cd06e8c3f236522efd17301769d311d17e08c64ec18d7476972f05,recurso,Extensión/directorio,,
system/libs/CoreLibrary/PaymentGateway/PayFlow/Pro/Result/.listing,271,,b3b545ef8973bb579f3756a806c6d1eaa745c7384687eb973e4d5443d2db8b02,recurso,Extensión/directorio,,
system/libs/CoreLibrary/PaymentGateway/PayFlow/Pro/Result/Approved.class.php,4901,.php,d5ca9d4b37a12e7c3d63c1f54cc29223b0898e576e448f8d3f39be9b2fbb7317,código interno / dependencia,Biblioteca; presencia no prueba uso,0,
system/libs/CoreLibrary/PaymentGateway/PayFlow/Pro/Result/Declined.class.php,818,.php,243478f5016dc43c2bfe6f2cdb7e380480a8bd8f3fa0956738261d3bfa9fd68c,código interno / dependencia,Biblioteca; presencia no prueba uso,0,
system/libs/CoreLibrary/PaymentGateway/PayFlow/Pro/Transaction/.listing,203,,ead3cf059bb08c342cee6b555bee6df7f1fa8681dfd326d4e004b4ac2dc22a40,recurso,Extensión/directorio,,
system/libs/CoreLibrary/PaymentGateway/PayFlow/Pro/Transaction/RecurrentBilling.class.php,7844,.php,0f8a86a21aae3f8b5f205a16417a5e528053c894a5b43d52bd635756f71268f8,código interno / dependencia,Biblioteca; presencia no prueba uso,0,
system/libs/CoreLibrary/PaymentGateway/PayFlow/Pro/Transaction.class.php,8443,.php,220c15f3cf68730e9065d36480e6a415b428e354255379dd931e2243b9ae39a6,código interno / dependencia,Biblioteca; presencia no prueba uso,0,
system/libs/CoreLibrary/PaymentGateway/PayFlow/Pro.class.php,7894,.php,d1e4ead153f0ddc81079ce0e821d44081ef860f50658c259d378131cc9e7ab82,código interno / dependencia,Biblioteca; presencia no prueba uso,0,
system/libs/CoreLibrary/PaymentGateway/PayFlow.php,109,.php,a411b6f611c2bd49cee2aa43f6976a62520f22a509d1573087b2bfc776179d03,código interno / dependencia,Biblioteca; presencia no prueba uso,0,
system/libs/CoreLibrary/PaymentGateway/USAePay/.listing,418,,fbb80cec60a3c9c984251070a27bc62d023c7110ee44e958724a8a89590f07df,recurso,Extensión/directorio,,
system/libs/CoreLibrary/PaymentGateway/USAePay/Check.class.php,2432,.php,bfd404427b3bed9e5e115d981313c76f7c5f4b89920cc7a315971984f25f425c,código interno / dependencia,Biblioteca; presencia no prueba uso,0,
system/libs/CoreLibrary/PaymentGateway/USAePay/CreditCard.class.php,2487,.php,5a2eba6d54f974224cdc8a46d390cb035f41ad56c4b3d9e9ed692a97d12e3e8c,código interno / dependencia,Biblioteca; presencia no prueba uso,0,
system/libs/CoreLibrary/PaymentGateway/USAePay/RecurrentBilling.class.php,808,.php,87d82c4671fad8dfa954f9b1bbf7e79097ee56dbc888dbec95d95267d629b12f,código interno / dependencia,Biblioteca; presencia no prueba uso,0,
system/libs/CoreLibrary/PaymentGateway/USAePay/Result/.listing,271,,292e27fdab29927912445eb3005a4f97c04bf99f55d7c5d47ffb41127a58b884,recurso,Extensión/directorio,,
system/libs/CoreLibrary/PaymentGateway/USAePay/Result/Approved.class.php,5748,.php,43be21fa7d8f5c60577a2ba8297a51d956772683d4f0eaa229c3992f50f1fa18,código interno / dependencia,Biblioteca; presencia no prueba uso,0,
system/libs/CoreLibrary/PaymentGateway/USAePay/Result/Declined.class.php,2705,.php,1c24c7ac126c25d1e15f5548a544985578467f17e8072c400295d7d56b57aed3,código interno / dependencia,Biblioteca; presencia no prueba uso,0,
system/libs/CoreLibrary/PaymentGateway/USAePay.class.php,8261,.php,61905956562dab58602ee5395146e6c5026aa830e08e71c0d1effdb182719323,código interno / dependencia,Biblioteca; presencia no prueba uso,0,
system/libs/CoreLibrary/PayPalPro.class.php,34900,.php,aa258b2e3a9441dc638b5e5a613c2146e95e1ba6acf8e968a81726f9e99d0759,código interno / dependencia,Biblioteca; presencia no prueba uso,0,
system/libs/CoreLibrary/PermissionStrategy.class.php,878,.php,8d18710dd974cf8b0ea8ebf06f3ea78a8db6bf077200dbc2312df11e950b2248,código interno / dependencia,Biblioteca; presencia no prueba uso,0,
system/libs/CoreLibrary/RestHTTP.class.php,6151,.php,cc16c6d36ac363bd4770bf629ec84b2b5ec36c1f6bf8258bcbc633cc99ce92c0,código interno / dependencia,Biblioteca; presencia no prueba uso,0,
system/libs/CoreLibrary/Security/.listing,291,,1c5b734e203afcf67265f6f18898d2c60990d7ca5b22c9e17a48fc8a7e8c5796,recurso,Extensión/directorio,,
system/libs/CoreLibrary/Security/Authentification.class.php,1391,.php,36e6754f5fbb4b4bc16e57aad1fe1f9a3a9a17c77c52d40f637267aee74f25e8,código interno / dependencia,Biblioteca; presencia no prueba uso,0,
system/libs/CoreLibrary/Security/CaptchaSecurityImage.class.php,3027,.php,f43987ac25c5157c66214d9bd40423b13b9adac764429d6611016781fdf90d1c,código interno / dependencia,Biblioteca; presencia no prueba uso,0,
system/libs/CoreLibrary/Util/.listing,939,,54061ef4874a7a590195362b9ea90bcb96eaef3852f80adbb2ec3e81ae41fd98,recurso,Extensión/directorio,,
system/libs/CoreLibrary/Util/CountryISOCodes.class.php,6841,.php,ef5c1338339a12c65dd2b237c7b8876b9ee75b8cdb456a4355204c464e991e9e,código interno / dependencia,Biblioteca; presencia no prueba uso,0,
system/libs/CoreLibrary/Util/Date.class.php,3555,.php,d2e0c92f5c853e5f5d2527533881f799ae634ac4aa534748e3987e1f1b12fd4f,código interno / dependencia,Biblioteca; presencia no prueba uso,0,
system/libs/CoreLibrary/Util/Email.class.php,3931,.php,a0413188d6a34e14bff08e51ec30f2788f2623ac19c383b2589bea5906e88bcb,código interno / dependencia,Biblioteca; presencia no prueba uso,0,
system/libs/CoreLibrary/Util/FriendlyURL.class.php,804,.php,26655c47affa34a63d191d695237698bbb04f06052bfcf46c22ebcc0d792f52e,código interno / dependencia,Biblioteca; presencia no prueba uso,0,
system/libs/CoreLibrary/Util/HTML.class.php,857,.php,fb5907a35598ecb1f9a43f0423430963ed1a760d37e7d40cda04db340fe9b56b,código interno / dependencia,Biblioteca; presencia no prueba uso,0,
system/libs/CoreLibrary/Util/Server.class.php,389,.php,37effce39e4c0b7aff8f737948aa37ea772e75528b5dde7794aca73b40b85694,código interno / dependencia,Biblioteca; presencia no prueba uso,0,
system/libs/CoreLibrary/Util/SocialNetwork.class.php,4110,.php,5da75fa561ea8ed1baf21b17acb7ca32b81cf2bfc88a99e3cd428f77ebe0787d,código interno / dependencia,Biblioteca; presencia no prueba uso,0,
system/libs/CoreLibrary/Util/State/.listing,269,,00a9c9bc528b636ebf3b98d6a5da281a47d98d08e16200996d8ab69f1029d7c2,recurso,Extensión/directorio,,
system/libs/CoreLibrary/Util/State/MXState.class.php,3711,.php,f62fdade2afb04dd0569b9b5120d3adcafe0cab12f1c8fa59bf6fa870b7d6ff3,código interno / dependencia,Biblioteca; presencia no prueba uso,0,
system/libs/CoreLibrary/Util/State/USState.class.php,5198,.php,15fd1eb068c8a0d211606fc9adfdf54c9ac6ec50f64c13f180424fc375c735ea,código interno / dependencia,Biblioteca; presencia no prueba uso,0,
system/libs/CoreLibrary/Util/State.class.php,1916,.php,4f4ee3712d2278ed50c7529c99906f4e430a9cfb3312f693296ed926e8b078bc,código interno / dependencia,Biblioteca; presencia no prueba uso,0,
system/libs/CoreLibrary/Util/String.class.php,6437,.php,41b0aefbf842c375e3178ccbab157e496a44e423da489649ac997aea02714ca6,código interno / dependencia,Biblioteca; presencia no prueba uso,0,
system/libs/CoreLibrary/Util/USStates.class.php,3181,.php,006e34d8cee46395536e13692d5f1a26c704fefcc464ced4129f3b99e63e984b,código interno / dependencia,Biblioteca; presencia no prueba uso,0,
system/libs/CoreLibrary/Validator/.listing,643,,8696e1c9e8f85b4eecf2f2389dce08f7960a08211a30f5243fac2165f4c259ed,recurso,Extensión/directorio,,
system/libs/CoreLibrary/Validator/ErrorHandler.class.php,1290,.php,dd4c3fbd2088e9ae6e27423df126d74f76658f6a98c7e687a89c936e2da2190b,código interno / dependencia,Biblioteca; presencia no prueba uso,0,
system/libs/CoreLibrary/Validator/Exception.class.php,59,.php,feaa4a651019cb0196006bcf4da394fa0fc98dc183b19a2ce78e1abdbe491034,código interno / dependencia,Biblioteca; presencia no prueba uso,1,
system/libs/CoreLibrary/Validator/FileTester.class.php,2028,.php,2702d8fc9b17e7edd3d30db64b2906fcef70af6accf8e678fe4659e714aedd3d,código interno / dependencia,Biblioteca; presencia no prueba uso,0,
system/libs/CoreLibrary/Validator/Test/.listing,1274,,9e876187888482250905716103a78c4ce78270ed787ca19b9d21022e2b7ecf22,recurso,Extensión/directorio,,
system/libs/CoreLibrary/Validator/Test/Address/.listing,273,,0321f4785b4238644d8398b0731b98216b79e3492d761736ba566d2a86466ed8,recurso,Extensión/directorio,,
system/libs/CoreLibrary/Validator/Test/Address/CountryCode.class.php,403,.php,6a927a67d7f5e81dfdc219a6f885aad067e50a16ceedce1fce370003d271aafd,código interno / dependencia,Biblioteca; presencia no prueba uso,0,
system/libs/CoreLibrary/Validator/Test/Address/ZipCode.class.php,263,.php,04145fad4a4f4633c07543b2c9038490580e54957a0da076bb206436f9f656bb,código interno / dependencia,Biblioteca; presencia no prueba uso,0,
system/libs/CoreLibrary/Validator/Test/AlwaysNotValid.class.php,227,.php,6214869a63b07be1de1050297412c6f80f06a0ae7a3e92b89e3787e60cdfbfa5,código interno / dependencia,Biblioteca; presencia no prueba uso,0,
system/libs/CoreLibrary/Validator/Test/Date/.listing,195,,09a2d0cb2501c22f04417186812e1fb6a8bd06b59b49ec36912f4c9692ccdcc0,recurso,Extensión/directorio,,
system/libs/CoreLibrary/Validator/Test/Date/YYYYMMDD.class.php,718,.php,ca29875d74bea19a8e1198ccdd7b977a7a692a4d585a70a35ee545f5482f0286,código interno / dependencia,Biblioteca; presencia no prueba uso,0,
system/libs/CoreLibrary/Validator/Test/Date.class.php,372,.php,47ec884a16c42f4c2b682337cde86a35ed2d29f54cacfcf6e2b1d139e20aa42f,código interno / dependencia,Biblioteca; presencia no prueba uso,0,
system/libs/CoreLibrary/Validator/Test/Email.class.php,629,.php,f3ccb2b13688b713294476e12a00203d48d17d14f7be1ec3a48fa36d6ee70f95,código interno / dependencia,Biblioteca; presencia no prueba uso,0,
system/libs/CoreLibrary/Validator/Test/Equal.class.php,296,.php,5d07ea1a87eb4e49e6deb268bbc718224b18f7222614d22fe65deb0e614b6ad2,código interno / dependencia,Biblioteca; presencia no prueba uso,0,
system/libs/CoreLibrary/Validator/Test/FileUpload/.listing,697,,c50065120e512aafc080e56806e75312e45c3c019bcaa0a5881cc31be7827e21,recurso,Extensión/directorio,,
system/libs/CoreLibrary/Validator/Test/FileUpload/Excel.class.php,569,.php,771ecd10d4b1f8613f42e3b47d5497e186de16cb6ebd7e3537e8cfb6d835f386,código interno / dependencia,Biblioteca; presencia no prueba uso,0,
system/libs/CoreLibrary/Validator/Test/FileUpload/FLV.class.php,515,.php,50c16c115b67b4a7163bacf36a04c342f3e911eb501e08b2c81c60f4e325095f,código interno / dependencia,Biblioteca; presencia no prueba uso,0,
system/libs/CoreLibrary/Validator/Test/FileUpload/Image.class.php,539,.php,c1c512909532c6bf1e53cd16ddecdb14885352375d95ee08545519e898caf99a,código interno / dependencia,Biblioteca; presencia no prueba uso,0,
system/libs/CoreLibrary/Validator/Test/FileUpload/iPodM4V.class.php,506,.php,834a8cca161a533b1603b02fa5915e31e05875c8a7aa7d4f678afa7d2369aedb,código interno / dependencia,Biblioteca; presencia no prueba uso,0,
system/libs/CoreLibrary/Validator/Test/FileUpload/MPG4.class.php,506,.php,51ef296d78ee459802a8190d7ea27be75b98e541815c64883c0df9639fd48c55,código interno / dependencia,Biblioteca; presencia no prueba uso,0,
system/libs/CoreLibrary/Validator/Test/FileUpload/PDF.class.php,525,.php,d67786e908e34d7246435e6c7c0545ff48a4d854505738e27adba464d2f6858e,código interno / dependencia,Biblioteca; presencia no prueba uso,0,
system/libs/CoreLibrary/Validator/Test/FileUpload/PPT.class.php,520,.php,ac46ef398ecf14e5c302f802de87603d831dbe7d8daeac448eb1e5062c87c22d,código interno / dependencia,Biblioteca; presencia no prueba uso,0,
system/libs/CoreLibrary/Validator/Test/FileUpload/Word.class.php,531,.php,82abe0a69ffc999d7769fa62b48d642d7da91dd48087bcd9ce25d991697b41e2,código interno / dependencia,Biblioteca; presencia no prueba uso,0,
system/libs/CoreLibrary/Validator/Test/FileUpload.class.php,1062,.php,0217986f96fd7eb7290906b186b6568cb7be27b8c2ac19548582e3f2e92a4b5c,código interno / dependencia,Biblioteca; presencia no prueba uso,0,
system/libs/CoreLibrary/Validator/Test/NotEmpty.class.php,443,.php,53cf21a5ad400700845cc557caf535248892dab88dde774d56789aaae9643511,código interno / dependencia,Biblioteca; presencia no prueba uso,0,
system/libs/CoreLibrary/Validator/Test/NotEqual.class.php,299,.php,9130f33edf52b9b3007723b4f417ab49090b6e4e7a7ca0b7dba7675e32624883,código interno / dependencia,Biblioteca; presencia no prueba uso,0,
system/libs/CoreLibrary/Validator/Test/Numeric/.listing,582,,2e6a9996f12757977718c221e6dfd3791a1773c203e929204dd099ea30e0e848,recurso,Extensión/directorio,,
system/libs/CoreLibrary/Validator/Test/Numeric/Between.class.php,380,.php,07044f200f209d8b72573e65edf38e3fbefbc497f43c2537ae82769248c6b59f,código interno / dependencia,Biblioteca; presencia no prueba uso,0,
system/libs/CoreLibrary/Validator/Test/Numeric/Float.class.php,289,.php,138d3220f08125d4462ba2514d08444529a243f728a74bd0f189a30f7e72612a,código interno / dependencia,Biblioteca; presencia no prueba uso,0,
system/libs/CoreLibrary/Validator/Test/Numeric/Integer.class.php,286,.php,1db39d262077b2ee0f8e644bcae228ff6c7086de83c5e5cdf851902f7e637cb8,código interno / dependencia,Biblioteca; presencia no prueba uso,0,
system/libs/CoreLibrary/Validator/Test/Numeric/Unsigned.class.php,299,.php,648570ab44485cbfb76d6d0d331717cc73d31deb4cb0b16fe23c571662856ade,código interno / dependencia,Biblioteca; presencia no prueba uso,0,
system/libs/CoreLibrary/Validator/Test/Numeric/UnsignedFloat.class.php,300,.php,aa6b9b0b05722f309e041489d499aa08180cae05008f531f95211390df66e423,código interno / dependencia,Biblioteca; presencia no prueba uso,0,
system/libs/CoreLibrary/Validator/Test/Numeric/UnsignedInteger.class.php,284,.php,290e7f0de576710c4e55ae0acf64058a4e46b60f87f8379e6be607e08b2e31e2,código interno / dependencia,Biblioteca; presencia no prueba uso,0,
system/libs/CoreLibrary/Validator/Test/Numeric.class.php,602,.php,167209adea241214ae667b33eac8881ee8841c008e3d6624547260791ecb55d8,código interno / dependencia,Biblioteca; presencia no prueba uso,0,
system/libs/CoreLibrary/Validator/Test/RegEx.class.php,359,.php,91fb24cd20c7df59b97d203aca429581f605e4240ea5a11905f469b5c58fe871,código interno / dependencia,Biblioteca; presencia no prueba uso,0,
system/libs/CoreLibrary/Validator/Test/ReturnFalse.class.php,588,.php,66d8e177dd6033a22a31a5858eeb725650f9688a97c0bd7410af87ddd45542fd,código interno / dependencia,Biblioteca; presencia no prueba uso,0,
system/libs/CoreLibrary/Validator/Test/String/.listing,193,,d6861ad010085cfbed1025b3a79335a7d3d4678f6315a9ade90b792d5782284c,recurso,Extensión/directorio,,
system/libs/CoreLibrary/Validator/Test/String/NoHTML.class.php,918,.php,270dc9000c791a8d406d268a077888e09132bcf1a01f1145beb3b5e4db72269c,código interno / dependencia,Biblioteca; presencia no prueba uso,0,
system/libs/CoreLibrary/Validator/Test/String.class.php,600,.php,41961f676699c143a00a2d9ffb14d7be58dce0102aa484eebe73f2db83c3399b,código interno / dependencia,Biblioteca; presencia no prueba uso,0,
system/libs/CoreLibrary/Validator/Test.class.php,86,.php,1ac1804f897d4efa9dfb4d80d00e8d2c55ee7147400e029075e02a2b1e3b198a,código interno / dependencia,Biblioteca; presencia no prueba uso,0,
system/libs/CoreLibrary/Validator/Tester.class.php,1864,.php,1cd270d98d7e095ffa071acdf35bb301f1fccbd0c5a768640c4c1f965cfaa85a,código interno / dependencia,Biblioteca; presencia no prueba uso,0,
system/libs/CoreLibrary/Validator/TestException.class.php,63,.php,2916b85e3279c23fcedfbf46266c91b2e2d84290bdd4d0fab5372311b39d84b8,código interno / dependencia,Biblioteca; presencia no prueba uso,0,
system/libs/CoreLibrary/Validator.class.php,5642,.php,ec41cfaf52db2e2a8c41164f90b79a87ee487805ad0636bf0af10ca950f495a3,código interno / dependencia,Biblioteca; presencia no prueba uso,0,
system/libs/Entity/Search/Result/Video.class.php,678,.php,7bcae9895596778391d6e209dd1ce1cd8e4d37dc112aada99243f05f78fad27c,código interno / dependencia,Biblioteca; presencia no prueba uso,0,
system/libs/Entity/Util/VideoArray.class.php,365,.php,6307e9a2a1a7bdf3fc7dfc2165621e4af59b2a6b00428098c03de9102f2f27e2,código interno / dependencia,Biblioteca; presencia no prueba uso,0,
system/libs/Entity/Video.class.php,2200,.php,d2b55eb83f4879ecf54298f45ecfba86e8fe030c01afde61ec1b9706e8e3d6d4,código interno / dependencia,Biblioteca; presencia no prueba uso,0,
system/libs/HTTP/Net/URL2.php,36391,.php,7862b19731f60181a2a4c23cc96d4d7c2a079a20977efb7716a07776b5eae5f6,código interno / dependencia,Biblioteca; presencia no prueba uso,2,
system/libs/HTTP/Request2/Adapter/Curl.php,22987,.php,3ce6812e0cff5d1c9e0941ad13b61faa3426097a2b1811869101538b6318f1fb,código interno / dependencia,Biblioteca; presencia no prueba uso,1,
system/libs/HTTP/Request2/Adapter/Mock.php,5528,.php,438cd454faac2f25e3a4cd90e65870e53dd3416684eab73fcaff2bed6d9deafd,código interno / dependencia,Biblioteca; presencia no prueba uso,1,
system/libs/HTTP/Request2/Adapter/Socket.php,44810,.php,f5a86c9f22a5d66ebb16b5b3b60dae356e6fde0ef486a1fca82f93b11fe70c24,código interno / dependencia,Biblioteca; presencia no prueba uso,1,
system/libs/HTTP/Request2/Adapter.php,4866,.php,bb2c897300454e6540f8758b2be203bb7caf23db50d907126ce342ad90c00669,código interno / dependencia,Biblioteca; presencia no prueba uso,13,
system/libs/HTTP/Request2/ConnectionException.php,1173,.php,ba2ec2160b6923cb3ff5179670cdb7a100f110965255003d0e818a81c247e24b,código interno / dependencia,Biblioteca; presencia no prueba uso,1,
system/libs/HTTP/Request2/CookieJar.php,20618,.php,bfdf22243060b13dd0ae795cda764e3364145ef05f081a67f740abebed379409,código interno / dependencia,Biblioteca; presencia no prueba uso,2,
system/libs/HTTP/Request2/Exception.php,3432,.php,17b201863f8e3aca90634b71534f9558b496691ff90ff522557017fbe1d980f7,código interno / dependencia,Biblioteca; presencia no prueba uso,31,
system/libs/HTTP/Request2/LogicException.php,1318,.php,0636720ee1b3ae909bb9e653448d2e86a753d506c27649185acde2265c6f9584,código interno / dependencia,Biblioteca; presencia no prueba uso,1,
system/libs/HTTP/Request2/MessageException.php,1093,.php,9be663ed4b3c06ff000cb9ab51e2e296fa1263d34856c5dbaa15103c215a6a05,código interno / dependencia,Biblioteca; presencia no prueba uso,1,
system/libs/HTTP/Request2/MultipartBody.php,9506,.php,fa271d10c6f6e4529dfbea03c1ad91e520aece49a11267b66ad687ad8b9a2b2b,código interno / dependencia,Biblioteca; presencia no prueba uso,2,
system/libs/HTTP/Request2/NotImplementedException.php,1002,.php,f5c142a424d7dace73881b6b1c30d58cff6607eeb395ac1a0c67c515574e700b,código interno / dependencia,Biblioteca; presencia no prueba uso,1,
system/libs/HTTP/Request2/Observer/Log.php,5560,.php,6bcae81db7a471c7305f06a7b11ab46d263a0f3ed651976b058db64deec1e9e0,código interno / dependencia,Biblioteca; presencia no prueba uso,1,
system/libs/HTTP/Request2/Observer/UncompressingDownload.php,9058,.php,21c4521fd513420bf95d91c5b589d524e33aa259d1dfec7a151dc4a1c7500734,código interno / dependencia,Biblioteca; presencia no prueba uso,0,
system/libs/HTTP/Request2/Response.php,23665,.php,8d6214f0c6840a99ab4a389b26370f6191c44426f6104a1f3c4c1f86b71223e5,código interno / dependencia,Biblioteca; presencia no prueba uso,3,
system/libs/HTTP/Request2/SocketWrapper.php,14175,.php,4d82d972d27c85e81a1c9df20211d88b6bf21f31bee35744a997bc434a5e34f5,código interno / dependencia,Biblioteca; presencia no prueba uso,3,
system/libs/HTTP/Request2/SOCKS5.php,4893,.php,7494d6852b11a8fed664ace20bfbfa8b0a62d46bb8c6f41cdce4e4fc1711688d,código interno / dependencia,Biblioteca; presencia no prueba uso,2,
system/libs/HTTP/Request2.php,37225,.php,1734ec009e703a8dd1156e5c635622b0e967164e7d96aa5b3821a86c567c5e04,código interno / dependencia,Biblioteca; presencia no prueba uso,5,
system/libs/Nusoap/nusoap-respaldo.php,362279,.php,224634a42dbb4290e91791280cc04e254ddb46e025d7499a1b110d46fc652a9e,código interno / dependencia,Biblioteca; presencia no prueba uso,0,
system/libs/Nusoap/nusoap.php,291488,.php,3920cc8bd71d955f02f58d14745d93bd90543603ca2d34c49adbf9e78bf2c4ab,código interno / dependencia,Biblioteca; presencia no prueba uso,3,
system/libs/Nusoap/nusoap0.7.3.php,291454,.php,7935079c52bef2c59db7727f509e396b9a7a710ddf7b602eb22f7440c4964bfc,código interno / dependencia,Biblioteca; presencia no prueba uso,0,
system/libs/PEAR/DB/common.php,74922,.php,27c84e36bb257e1d541fd60adcdfa251956f16c7ad12030bf6e9c2b9e46ca4e1,código interno / dependencia,Biblioteca; presencia no prueba uso,33,
system/libs/PEAR/DB/dbase.php,15898,.php,815954c963d43f55745b7f1cd97340d1ab0b7613f843994aa2b467999798581d,código interno / dependencia,Biblioteca; presencia no prueba uso,0,
system/libs/PEAR/DB/fbsql.php,23999,.php,af29ff59f11fe2987008ce30588a46abcfc4d682265e65cfcc90e09f523d8787,código interno / dependencia,Biblioteca; presencia no prueba uso,0,
system/libs/PEAR/DB/ibase.php,35163,.php,9ede3d8704cade73a3e4416d1f1286f796ea75344221bf835242e4b4ea01c255,código interno / dependencia,Biblioteca; presencia no prueba uso,0,
system/libs/PEAR/DB/ifx.php,20706,.php,efce2075dc2f19a20319685a4a1975f2964d5e5605135ca900d1cd6cc65e51fa,código interno / dependencia,Biblioteca; presencia no prueba uso,0,
system/libs/PEAR/DB/msql.php,25421,.php,693ff2e3454a459da79c9df9face9a511bd743181e3fb7dbc63c795fe0798584,código interno / dependencia,Biblioteca; presencia no prueba uso,0,
system/libs/PEAR/DB/mssql.php,30761,.php,c93aa68817a7d331cdbd026ea57a95448318be63e3b12de39ba43d4667fc3955,código interno / dependencia,Biblioteca; presencia no prueba uso,0,
system/libs/PEAR/DB/mysql.php,33768,.php,b95eece7b4255241b0e246c349649705c25bcd083aa82f102870cf1b3eb69e31,código interno / dependencia,Biblioteca; presencia no prueba uso,0,
system/libs/PEAR/DB/mysqli.php,36469,.php,d1c7b5c6334a7d7faa146be520568ed079d7a5554282d6ffbbc99333460da469,código interno / dependencia,Biblioteca; presencia no prueba uso,0,
system/libs/PEAR/DB/oci8.php,38719,.php,40a874bd9a63f0e88896d9e042c9e5e0386ac3f0706330454d644ba0c3a65a3d,código interno / dependencia,Biblioteca; presencia no prueba uso,0,
system/libs/PEAR/DB/odbc.php,27609,.php,55fd7c7d327afc275423823feabb57a93025aa8f090de2eafe9665c362f4774b,código interno / dependencia,Biblioteca; presencia no prueba uso,0,
system/libs/PEAR/DB/pgsql.php,38021,.php,cd2d1f915052c1cf183c1b212ac6336a3880496e65f6c766515a6a1e766637e6,código interno / dependencia,Biblioteca; presencia no prueba uso,0,
system/libs/PEAR/DB/sqlite.php,31566,.php,dd603afa4ac765973689c58c193666869eb9a17e8a987e10f61d9790dc451333,código interno / dependencia,Biblioteca; presencia no prueba uso,0,
system/libs/PEAR/DB/storage.php,15355,.php,e5ba819e874da34f48f3fa650d0078e0c99d72df5ec69ea75cbb267561de87d3,código interno / dependencia,Biblioteca; presencia no prueba uso,0,
system/libs/PEAR/DB/sybase.php,30250,.php,3e31ae239ec7ea7049ddd4e89cc1303b7336655dcc74e9cf18c43cdf4951de6e,código interno / dependencia,Biblioteca; presencia no prueba uso,0,
system/libs/PEAR/DB.php,45454,.php,7a25c0c958da77cbe7562163c058b5f0faf755b2adf43855711f1f2dc6be482c,código interno / dependencia,Biblioteca; presencia no prueba uso,8,
system/libs/PEAR/PEAR.php,37330,.php,4bbf9d4c0d8992d0bbbff4a269939dfe5fad8edb7c303b830e94bf134298ff94,código interno / dependencia,Biblioteca; presencia no prueba uso,2,
system/libs/PEAR/Savant3/.listing,460,,997c8e7ddcd02af08a3b6fbeecddaefbcd6337d461e64e3bb4c27ccd3800845c,recurso,Extensión/directorio,,
system/libs/PEAR/Savant3/Error.php,1724,.php,de1d0de90f21c4fbe49883263a62c96f6e09f166b6379dad437440dde8c2031f,código interno / dependencia,Biblioteca; presencia no prueba uso,1,
system/libs/PEAR/Savant3/Exception.php,455,.php,5eb693d4c7e3957877af725d5f5daf70b648ea8e87f553bd77db194aa283f843,código interno / dependencia,Biblioteca; presencia no prueba uso,31,
system/libs/PEAR/Savant3/Filter.php,1322,.php,a16249932b2fe5b8483281ca5bb10b1d7c604c565af32681e6ef7b6d89823701,código interno / dependencia,Biblioteca; presencia no prueba uso,1,
system/libs/PEAR/Savant3/Plugin.php,1116,.php,d06d32e520fd520531fe92fedb309995e3be955ffbb1bfd22d5471547a200c08,código interno / dependencia,Biblioteca; presencia no prueba uso,1,
system/libs/PEAR/Savant3/resources/.listing,543,,a66bd861bdeb1fef18986d48f7d44123ea5a35bf732a1d71d93710165cc9dbeb,recurso,Extensión/directorio,,
system/libs/PEAR/Savant3/resources/Savant3_Filter_trimwhitespace.php,3460,.php,9df0a7a9a3110d115c059e3621498e31f4136b3ddc07f52b8069291b1e0b0577,código interno / dependencia,Biblioteca; presencia no prueba uso,0,
system/libs/PEAR/Savant3/resources/Savant3_Plugin_ahref.php,2209,.php,a583e9fb87a32eab5ca331d57ec100396ee95b756baa0b8b7412e171a1fae908,código interno / dependencia,Biblioteca; presencia no prueba uso,0,
system/libs/PEAR/Savant3/resources/Savant3_Plugin_date.php,2407,.php,7bd06e58420a23f6b1cb4b38f8382b70d7811dabb46f2c02ab04d9ff7a430f0e,código interno / dependencia,Biblioteca; presencia no prueba uso,0,
system/libs/PEAR/Savant3/resources/Savant3_Plugin_htmlAttribs.php,1211,.php,39767b1386e2369ae78d415f4c6b8f6f210c523233967e32f2245170716e24b9,código interno / dependencia,Biblioteca; presencia no prueba uso,0,
system/libs/PEAR/Savant3/resources/Savant3_Plugin_image.php,4571,.php,9dbbe2dc245b3c9836f60e70e1e276eea67e92cdc8eedd43a812834982cbfa3a,código interno / dependencia,Biblioteca; presencia no prueba uso,0,
system/libs/PEAR/Savant3.php,30808,.php,ff1d215e22c6f7e7f6b9c67f6b7ca0f8ef0b3f0dda99c016f722f4c2d13e766f,código interno / dependencia,Biblioteca; presencia no prueba uso,0,
system/libs/PhpMailer/class.PHPMailer.php,51830,.php,6c5cf14a62385f343476c825697db9a69e29b40c6b85b4c3f0d5c8cb2afc73d8,código interno / dependencia,Biblioteca; presencia no prueba uso,0,
system/libs/PhpMailer/class.pop3.php,10030,.php,09886bf1d0ce39ec1972c061aa62c1c0c78fed90fd0faf7c360299922de1aace,código interno / dependencia,Biblioteca; presencia no prueba uso,0,
system/libs/PhpMailer/class.smtp.php,32604,.php,e9a3565727c0cc8a4f772443084769988992642d47f0619eb516d8c87236626a,código interno / dependencia,Biblioteca; presencia no prueba uso,1,
system/libs/PhpMailer/language/phpmailer.lang-en.php,1060,.php,b9e4885860de1d9f1525fce9112b7967e015d7de1bb5c2a1bc59f0ce87be5597,código interno / dependencia,Biblioteca; presencia no prueba uso,1,
system/libs/PhpMailer/language/phpmailer.lang-es.php,1141,.php,5fdeb33841214ce3f88c9ac8c376fe5a69eb8e9b2e5624614b2bfd8633815181,código interno / dependencia,Biblioteca; presencia no prueba uso,0,
system/libs/ProjectLibrary/Access/Categorias.class.php,744,.php,501303503ab174026d14869bfa1d6f6517f35e0431f5f1f8b129b5eb3b9ea37d,código interno / aplicación,"Clase de dominio, controlador, DAO o entidad",0,
system/libs/ProjectLibrary/Access/Marcas.class.php,736,.php,115edea2bfee8cf781c0183457d6ae06fbb34f61c035497f58564c2ebc7b3948,código interno / aplicación,"Clase de dominio, controlador, DAO o entidad",0,
system/libs/ProjectLibrary/Access/Productos.class.php,742,.php,186242f471107fef4a5dcdefe94315236fcfb560b5730c8ed66e03d5d8b85c50,código interno / aplicación,"Clase de dominio, controlador, DAO o entidad",0,
system/libs/ProjectLibrary/Access/User.class.php,3446,.php,56ca741028a8f168fee75cce9c9792b66082f901dd5cc21faffca7f06d60e211,código interno / aplicación,"Clase de dominio, controlador, DAO o entidad",0,
system/libs/ProjectLibrary/Access.class.php,1430,.php,2125ff9c654a324fdf5d791528a6221b27df89fd3b5ba9ed98870cfa6baf9113,código interno / aplicación,"Clase de dominio, controlador, DAO o entidad",0,
system/libs/ProjectLibrary/Entity/Categorias.class.php,4555,.php,d698d082385661a27122f3d1adc2407ef8eb82b1a0288eddf48dececff0f643d,código interno / aplicación,"Clase de dominio, controlador, DAO o entidad",0,
system/libs/ProjectLibrary/Entity/IdsHandler.class.php,803,.php,d69c77fc18a6514a4a9a85220fbbe7b5ae3d79f23fcb2da658c2de5a1234f5cd,código interno / aplicación,"Clase de dominio, controlador, DAO o entidad",0,
system/libs/ProjectLibrary/Entity/ImageHandler.class.php,845,.php,cc5a061ebb36a70755fb02013e75641b2e7acc7938a48769c31faf5246a5666a,código interno / aplicación,"Clase de dominio, controlador, DAO o entidad",0,
system/libs/ProjectLibrary/Entity/Marcas.class.php,4441,.php,69d2f2f021871a77db4a30396d7101ce418286caa86078877d53e4fefdd75e85,código interno / aplicación,"Clase de dominio, controlador, DAO o entidad",0,
system/libs/ProjectLibrary/Entity/Productos.class.php,5502,.php,eda5c67bce0dbe57348efd8ca572a07496cc444d28759617e5f071974fb75f27,código interno / aplicación,"Clase de dominio, controlador, DAO o entidad",0,
system/libs/ProjectLibrary/Entity/Search/Result/Categorias.class.php,692,.php,78977e9294a6e5a93f2c1bc9a8d520e10d2b65f4854f1f78c7a1a677cd0a2045,código interno / aplicación,"Clase de dominio, controlador, DAO o entidad",0,
system/libs/ProjectLibrary/Entity/Search/Result/fileManagment.class.php,695,.php,14c6b7f76335c41e60f7ecbcf8d7a83c8d2e8c917d3106dfe8c15a2df821d3d8,código interno / aplicación,"Clase de dominio, controlador, DAO o entidad",0,
system/libs/ProjectLibrary/Entity/Search/Result/Marcas.class.php,684,.php,6fd8a0396fd8a03138e66eb5ab689f5a82bb9c28f057d34f4405ef96f2628a5f,código interno / aplicación,"Clase de dominio, controlador, DAO o entidad",0,
system/libs/ProjectLibrary/Entity/Search/Result/Productos.class.php,690,.php,725711146bf6d344d1e6eb66be51fab2c4df68f28f3e9cd8417c4cb2281864f5,código interno / aplicación,"Clase de dominio, controlador, DAO o entidad",0,
system/libs/ProjectLibrary/Entity/Search/Result/User.class.php,680,.php,489f249b5a813e28cbd7156e919c87c22218474ab672c25f4e39aa4e11b40a1a,código interno / aplicación,"Clase de dominio, controlador, DAO o entidad",0,
system/libs/ProjectLibrary/Entity/Search/Result.class.php,1242,.php,7a84e96bc3b87bda9f0f09e2d997f8eddc271b04f7297bdafb1acb23b4e7cc77,código interno / aplicación,"Clase de dominio, controlador, DAO o entidad",0,
system/libs/ProjectLibrary/Entity/Search.class.php,1778,.php,c42c480a813e8eb7aae6027fe2879cc7f041e2973814bdcb1312736441d67b43,código interno / aplicación,"Clase de dominio, controlador, DAO o entidad",0,
system/libs/ProjectLibrary/Entity/User.class.php,3517,.php,6453ffe9935b836570f868ce9f07bbc0b34286784ce6fb8cc7fb9d07367a7384,código interno / aplicación,"Clase de dominio, controlador, DAO o entidad",0,
system/libs/ProjectLibrary/Entity/Util/CategoriasArray.class.php,375,.php,eee0328892214584bbe1ae1bb1cec3b1dc40701ff346ac1c381482aa6f396293,código interno / aplicación,"Clase de dominio, controlador, DAO o entidad",0,
system/libs/ProjectLibrary/Entity/Util/CategoriasIterator.class.php,259,.php,cef1d1e4d544740f314ab4d4ac758ec0e3b5ea3a9dd7cf8880402c2f1f4c6b75,código interno / aplicación,"Clase de dominio, controlador, DAO o entidad",0,
system/libs/ProjectLibrary/Entity/Util/File.class.php,3535,.php,fe83f88a7946e73adf8cae4cf4b1849f260e48b40f831d32bd9810e1b622e3bf,código interno / aplicación,"Clase de dominio, controlador, DAO o entidad",0,
system/libs/ProjectLibrary/Entity/Util/fileManagmentArray.class.php,381,.php,c837fa199dce4ae47bc0f8a11eee941ae917f469bed65698bb117cd3c318df28,código interno / aplicación,"Clase de dominio, controlador, DAO o entidad",0,
system/libs/ProjectLibrary/Entity/Util/fileManagmentIterator.class.php,262,.php,c8f6672550955c4afc5b63f97017c78486407611603576a23c2d9939ddd9eff2,código interno / aplicación,"Clase de dominio, controlador, DAO o entidad",0,
system/libs/ProjectLibrary/Entity/Util/FileUpload.class.php,2540,.php,9532a9f56c722bf603afd6a0c46eba01bafaff66c3e6f5b9393eaa7adb37178c,código interno / aplicación,"Clase de dominio, controlador, DAO o entidad",0,
system/libs/ProjectLibrary/Entity/Util/MarcasArray.class.php,367,.php,7ce6462d30a21f17c2c91f86f954b655969ceb8c76893c1f9990b39480bf5f4b,código interno / aplicación,"Clase de dominio, controlador, DAO o entidad",0,
system/libs/ProjectLibrary/Entity/Util/MarcasIterator.class.php,255,.php,f16d49f9e6fe324c1d2a22d7abdf0a83cfd64baec2316692269fc2f0148e69ba,código interno / aplicación,"Clase de dominio, controlador, DAO o entidad",0,
system/libs/ProjectLibrary/Entity/Util/ProductosArray.class.php,373,.php,9ffa956596ce94b253043bbde357d4bb98acb99c99d35efade64845c15c58e5c,código interno / aplicación,"Clase de dominio, controlador, DAO o entidad",0,
system/libs/ProjectLibrary/Entity/Util/ProductosIterator.class.php,258,.php,2ab4dea410aab41ed89d053037b6e5f180a0c32b4fb8007646c62ff62b3fd2dd,código interno / aplicación,"Clase de dominio, controlador, DAO o entidad",0,
system/libs/ProjectLibrary/Entity/Util/UserArray.class.php,363,.php,4fa4c9d01c780925bb530c5f4116d75d16eabbe6e01e352753095c796cc34640,código interno / aplicación,"Clase de dominio, controlador, DAO o entidad",0,
system/libs/ProjectLibrary/Entity/Util/UserIterator.class.php,253,.php,1e094c874dea300572cde579e0f8ada086d4fff04211f4ad62890d0f2b24eab9,código interno / aplicación,"Clase de dominio, controlador, DAO o entidad",0,
system/libs/ProjectLibrary/Entity.class.php,616,.php,24220c134d1f4877bd16d2d4d20d739d2922eb1fe23648ccc69e0e244f42a711,código interno / aplicación,"Clase de dominio, controlador, DAO o entidad",0,
system/libs/ProjectLibrary/FrontEnd/BO/Authentification.class.php,4900,.php,776df2e5145ba9d41a8c96a5461c87fb368406690f43be1f9e3b7123c9d91228,código interno / aplicación,"Clase de dominio, controlador, DAO o entidad",0,
system/libs/ProjectLibrary/FrontEnd/BO/Categorias.class.php,11061,.php,9beb29a79f5987f1eb6a728688c6a87ea76d6102c5232eaccee358f9ea7f1a2f,código interno / aplicación,"Clase de dominio, controlador, DAO o entidad",0,
system/libs/ProjectLibrary/FrontEnd/BO/Marcas.class.php,9931,.php,086afcee06c6e94c3a839108c5908d3e60640a379598fe25f962d23645b58b67,código interno / aplicación,"Clase de dominio, controlador, DAO o entidad",0,
system/libs/ProjectLibrary/FrontEnd/BO/Productos.class.php,12729,.php,df1456e10a58120580f0426ce2f7ef74b1a18a514d6db09a14cae53f9f296125,código interno / aplicación,"Clase de dominio, controlador, DAO o entidad",0,
system/libs/ProjectLibrary/FrontEnd/BO/User.class.php,14817,.php,4a569cdc5fc905252f7503146d0f06c2824ef95dad1348d0e1db206e2aec8445,código interno / aplicación,"Clase de dominio, controlador, DAO o entidad",0,
system/libs/ProjectLibrary/FrontEnd/BO.class.php,1033,.php,6441d07884a6c1ca388462108e81d82e7ee22b52ef94ed014f9288764c9e4f95,código interno / aplicación,"Clase de dominio, controlador, DAO o entidad",0,
system/libs/ProjectLibrary/FrontEnd/FO/Authentification.class.php,6902,.php,71c1771af490796b45e6f825151798e85506dfa4e44085877352bfc384804d66,código interno / aplicación,"Clase de dominio, controlador, DAO o entidad",0,
system/libs/ProjectLibrary/FrontEnd/FO/Categorias.class.php,5857,.php,4ec83432d477e4a199ed2e5803273978fb5d0a582aac82736abfd8ad5c7c0b73,código interno / aplicación,"Clase de dominio, controlador, DAO o entidad",0,
system/libs/ProjectLibrary/FrontEnd/FO/Marcas.class.php,5582,.php,a1e6e5762f56ffe2e98aab942e24c122c0120aba924414f959cb0026b0d0f96f,código interno / aplicación,"Clase de dominio, controlador, DAO o entidad",0,
system/libs/ProjectLibrary/FrontEnd/FO/Productos.class.php,6813,.php,3303a6200206f96465ae6399a00d54dc5a6dce1ca354d033483cf83b690a251a,código interno / aplicación,"Clase de dominio, controlador, DAO o entidad",0,
system/libs/ProjectLibrary/FrontEnd/FO.class.php,3420,.php,38d1cc703a203ae0d901e96dd53fdf319709a88cee9c0eaad07e112db8831dc1,código interno / aplicación,"Clase de dominio, controlador, DAO o entidad",0,
system/libs/ProjectLibrary/FrontEnd/Util/Session.class.php,750,.php,47f0406607125f9ab58dead633380a7b5c972672a742f972ad132ace2b786f03,código interno / aplicación,"Clase de dominio, controlador, DAO o entidad",0,
system/libs/ProjectLibrary/FrontEnd/Util/UserSession.class.php,1010,.php,ecb92583d21db5ea912550255ea62aa1d9fe98a9c21565351a7a3a7d1b2d2b72,código interno / aplicación,"Clase de dominio, controlador, DAO o entidad",0,
system/libs/ProjectLibrary/Savant.class.php,3970,.php,469824643e6dbdf26fa31202c452edd9f8e51d0af6314bf196ad30ded69f3442,código interno / aplicación,"Clase de dominio, controlador, DAO o entidad",0,
system/libs/ProjectLibrary/Savant_php2.class.php,3241,.php,555fc6203c996256d9a5e8ca23508b1f4fcdb50ed1d782f76465c57bbb5e5951,código interno / aplicación,"Clase de dominio, controlador, DAO o entidad",0,
system/libs/ProjectLibrary/SDO/Categorias.class.php,2257,.php,fcbd20547f36dadd8f735def302bcfd27863db383d88e315247a8a4f5c559c45,código interno / aplicación,"Clase de dominio, controlador, DAO o entidad",0,
system/libs/ProjectLibrary/SDO/Core/Application/Categorias.class.php,12837,.php,09049816ee0c60614ae67602e527e3eb507e45af17be63788b265f4afb071268,código interno / aplicación,"Clase de dominio, controlador, DAO o entidad",0,
system/libs/ProjectLibrary/SDO/Core/Application/Exception.class.php,94,.php,1ff03d5ebd8b44117352d3cd78bfc7442bff92efe4c1fe553c002791065c87d7,código interno / aplicación,"Clase de dominio, controlador, DAO o entidad",1,
system/libs/ProjectLibrary/SDO/Core/Application/FileManagement.class.php,8498,.php,797df1e697252b0a892bd7bb05c637f23b1f40ca1f09a77590768b19d8dc26ff,código interno / aplicación,"Clase de dominio, controlador, DAO o entidad",0,
system/libs/ProjectLibrary/SDO/Core/Application/Form.class.php,73259,.php,dde74cf1b05842f134fba70ba2513a4cf4190ebe82160cda5730f3029ad9b074,código interno / aplicación,"Clase de dominio, controlador, DAO o entidad",0,
system/libs/ProjectLibrary/SDO/Core/Application/IdsHandler.class.php,7767,.php,30e705f375798ab1907ebec121fedfa1c6d111855dc27e2374f59e18ea7ea30b,código interno / aplicación,"Clase de dominio, controlador, DAO o entidad",0,
system/libs/ProjectLibrary/SDO/Core/Application/ImageHandler.class.php,21752,.php,3033d697ea93b2e65014b8ae147d481c37491d1e2b02f919e5195220655b2b4f,código interno / aplicación,"Clase de dominio, controlador, DAO o entidad",0,
system/libs/ProjectLibrary/SDO/Core/Application/LanguageManager.class.php,2585,.php,05676903cb7593e01b4504af2d3a7bcf1e7238ca756c093e22552684de48140d,código interno / aplicación,"Clase de dominio, controlador, DAO o entidad",0,
system/libs/ProjectLibrary/SDO/Core/Application/Marcas.class.php,10608,.php,268356686c24fa456fbf269ad91201ed9fea2924bce2a5a171a7372fd125d295,código interno / aplicación,"Clase de dominio, controlador, DAO o entidad",0,
system/libs/ProjectLibrary/SDO/Core/Application/Productos.class.php,10965,.php,0064a9e5175f247e48ad4646cb5e8ff486096c613c3a702be327fb2f2ed5b8a3,código interno / aplicación,"Clase de dominio, controlador, DAO o entidad",0,
system/libs/ProjectLibrary/SDO/Core/Application/Security/Authentication.class.php,5109,.php,e1ed4a45ba7b4d907fdd94c8b4940cc3b7c63808997dfc3282a16807e3449285,código interno / aplicación,"Clase de dominio, controlador, DAO o entidad",0,
system/libs/ProjectLibrary/SDO/Core/Application/Security/Exception.class.php,272,.php,5cc22da008db56078599da953f580ed4e52319be70381b9c74b8b8fbca4b289c,código interno / aplicación,"Clase de dominio, controlador, DAO o entidad",1,
system/libs/ProjectLibrary/SDO/Core/Application/User.class.php,8758,.php,e1da7f14e666a0f76f3940bd9c1bb6af8c78d693b7909f7606297341c61a0886,código interno / aplicación,"Clase de dominio, controlador, DAO o entidad",0,
system/libs/ProjectLibrary/SDO/Core/Application.class.php,153,.php,26def04da66debcc35ab9f0466269c937f8b8a80908327984fa8e410d6be43dc,código interno / aplicación,"Clase de dominio, controlador, DAO o entidad",0,
system/libs/ProjectLibrary/SDO/Core/DAO/Categorias.class.php,665,.php,b71db64ce47582fcff35667b96154fb3ad7094dca716cab349f2bb5b7dae56ad,código interno / aplicación,"Clase de dominio, controlador, DAO o entidad",0,
system/libs/ProjectLibrary/SDO/Core/DAO/File.class.php,390,.php,773e1db8e284cb0f3f21923f0fa08c2c9fdc65818c70c8c6aa0cb08ed51323dc,código interno / aplicación,"Clase de dominio, controlador, DAO o entidad",0,
system/libs/ProjectLibrary/SDO/Core/DAO/Marcas.class.php,642,.php,82fcddd296051d95667a8007c64116352c4120c14724277c3ead0db0266e1038,código interno / aplicación,"Clase de dominio, controlador, DAO o entidad",0,
system/libs/ProjectLibrary/SDO/Core/DAO/Permission.class.php,920,.php,910a2549aaad7d4831cabde9859b0ac96d7a8775c2c04f04a6ca088159d23415,código interno / aplicación,"Clase de dominio, controlador, DAO o entidad",0,
system/libs/ProjectLibrary/SDO/Core/DAO/Productos.class.php,519,.php,81fc26483dab4700fb9a61904c147dcc45d20f2b14f3579e1cf8e5ed9c8d4d07,código interno / aplicación,"Clase de dominio, controlador, DAO o entidad",0,
system/libs/ProjectLibrary/SDO/Core/DAO/User.class.php,606,.php,ab1136b7a9309cbc7b44059f5ddf12217a0a84bbe107a7566df68a0df15138a9,código interno / aplicación,"Clase de dominio, controlador, DAO o entidad",0,
system/libs/ProjectLibrary/SDO/Core/DAO.class.php,184,.php,23fccdf48bb9f1405b4bf1eedf2c0eeec864f362c8262666158e38ded250c726,código interno / aplicación,"Clase de dominio, controlador, DAO o entidad",0,
system/libs/ProjectLibrary/SDO/Core/DB/Exception.class.php,76,.php,ae11e7ec1a77958b0bdbf376fa896481e402e4411b44544b5e3a29e3f9e75d47,código interno / aplicación,"Clase de dominio, controlador, DAO o entidad",1,
system/libs/ProjectLibrary/SDO/Core/DB.class.php,490,.php,a71fce5adbfad83e341f4dbbf0ae211042966ccb2639b97fbc68f797f1638062,código interno / aplicación,"Clase de dominio, controlador, DAO o entidad",0,
system/libs/ProjectLibrary/SDO/Core/IO/FileApplication.class.php,2532,.php,9d9317d200acdff075276644a440ae7931a3b81eebd6ed518b37bf60371830cd,código interno / aplicación,"Clase de dominio, controlador, DAO o entidad",0,
system/libs/ProjectLibrary/SDO/Core/Util/EntityManager.class.php,1352,.php,d8853cc31dac8afbdc68c40218dc5368589a1a4816185e5d90136d1135d24926,código interno / aplicación,"Clase de dominio, controlador, DAO o entidad",0,
system/libs/ProjectLibrary/SDO/Core/Validator/Categorias.class.php,3630,.php,0ef24124d57bf6e77cfa3d835c065c3241b356798fdbc0a060207145208770b9,código interno / aplicación,"Clase de dominio, controlador, DAO o entidad",0,
system/libs/ProjectLibrary/SDO/Core/Validator/Exception.class.php,732,.php,30c96e93bdca8f817945ae71369c208ca49aabc0379d12786245e4f3e612e219,código interno / aplicación,"Clase de dominio, controlador, DAO o entidad",1,
system/libs/ProjectLibrary/SDO/Core/Validator/File/Excel.class.php,336,.php,cbb4d772d5245eb66d0e9fa6eafea6186495164e3392c74ac49bd79f5942d449,código interno / aplicación,"Clase de dominio, controlador, DAO o entidad",0,
system/libs/ProjectLibrary/SDO/Core/Validator/File/Image.class.php,355,.php,84ae3a7802e24a225eec6c086661d91ac37880830d20d86e8e97234244efd947,código interno / aplicación,"Clase de dominio, controlador, DAO o entidad",0,
system/libs/ProjectLibrary/SDO/Core/Validator/File/MP3.class.php,330,.php,a8fd5a674293c67337d2d5c1f2112facbed7d84202892307aea27e7656acfc29,código interno / aplicación,"Clase de dominio, controlador, DAO o entidad",0,
system/libs/ProjectLibrary/SDO/Core/Validator/File/Pdf.class.php,330,.php,45e58fd916e9ef429c30633ad8b370fa8056a00b4330a1b949976258fd64a1e1,código interno / aplicación,"Clase de dominio, controlador, DAO o entidad",0,
system/libs/ProjectLibrary/SDO/Core/Validator/File/Word.class.php,333,.php,d7574a1ea3feb612e5ec71d3199637022e7f0fb2a284c236a532b343a41a3c97,código interno / aplicación,"Clase de dominio, controlador, DAO o entidad",0,
system/libs/ProjectLibrary/SDO/Core/Validator/File.class.php,811,.php,872c7463afa4f713abeef191683b15340c21e8efd9a6ed8f6f6c32d68e4605c4,código interno / aplicación,"Clase de dominio, controlador, DAO o entidad",0,
system/libs/ProjectLibrary/SDO/Core/Validator/Marcas.class.php,3622,.php,98da9b7133ed4189534ef8a9d0b8f226eeb7e31bed82df4670fbd62211a728fd,código interno / aplicación,"Clase de dominio, controlador, DAO o entidad",0,
system/libs/ProjectLibrary/SDO/Core/Validator/Productos.class.php,3628,.php,1434e52e909153d436050aff7d8bb86d75a29a5385acecd8cd0ea249b9225940,código interno / aplicación,"Clase de dominio, controlador, DAO o entidad",0,
system/libs/ProjectLibrary/SDO/Core/Validator/Test/UniqueClusterEmail.class.php,999,.php,40647a6a43a6982edfb005198fa196ce0869e65be9955bd9fe20c7dfa49a41fd,código interno / aplicación,"Clase de dominio, controlador, DAO o entidad",0,
system/libs/ProjectLibrary/SDO/Core/Validator/Test/UniqueProfileEmail.class.php,987,.php,bd03202ed3a697806a265b38757ff6ed0ffc7c180d206dc2a20ebfaf8e967702,código interno / aplicación,"Clase de dominio, controlador, DAO o entidad",0,
system/libs/ProjectLibrary/SDO/Core/Validator/User.class.php,3811,.php,b7f950ac5ff0fe15ec834b852656eb3f67263401f0894a5ebd09bb1b1ac8d58e,código interno / aplicación,"Clase de dominio, controlador, DAO o entidad",0,
system/libs/ProjectLibrary/SDO/Core/Validator.class.php,1232,.php,0b764a8c91598b9a496837c4b43d73b94cbf0b6a47453a07a89ee40f4a91ebda,código interno / aplicación,"Clase de dominio, controlador, DAO o entidad",0,
system/libs/ProjectLibrary/SDO/IdHandler.class.php,189,.php,d89884f588daa0366b44595491ec096650fe856a0d02b504c4875c35b1df8f33,código interno / aplicación,"Clase de dominio, controlador, DAO o entidad",0,
system/libs/ProjectLibrary/SDO/ImageHandler.class.php,4983,.php,830af7593c96b23d849b1e45439a97ffe6d5522b6dfd9450afa90e509d42a521,código interno / aplicación,"Clase de dominio, controlador, DAO o entidad",0,
system/libs/ProjectLibrary/SDO/Marcas.class.php,2173,.php,9a1fc7b358451c0fc7b9fe8d9b291fc91c0f0c315d5e388f5dcdb90302914af7,código interno / aplicación,"Clase de dominio, controlador, DAO o entidad",0,
system/libs/ProjectLibrary/SDO/Productos.class.php,2236,.php,05ef64daee353b251c14eae2f5cdb4648d8376e9fa8c207b979f1c72e73b136e,código interno / aplicación,"Clase de dominio, controlador, DAO o entidad",0,
system/libs/ProjectLibrary/SDO/Security.class.php,737,.php,caa64ae4a80c4a940b99d9b056b276268be03623c43264c78f8d0394b79726ee,código interno / aplicación,"Clase de dominio, controlador, DAO o entidad",0,
system/libs/ProjectLibrary/SDO/User.class.php,4458,.php,0e505a69b7d01549ba253bbaee1fd1ae7c0a38d05adbce5db9670df9ff4e1428,código interno / aplicación,"Clase de dominio, controlador, DAO o entidad",0,
system/libs/Zend/Exception.php,960,.php,577e8bbfb1fa5fbccf77e861ba528e90dcbc71c654dfbc14680a9dd7d0e68cd1,código interno / dependencia,Biblioteca; presencia no prueba uso,32,
system/libs/Zend/Loader/Exception.php,110,.php,832da102e373e93ee708a668ac43c1f5201e2932046ad28c81a9099a672556ae,código interno / dependencia,Biblioteca; presencia no prueba uso,31,
system/libs/Zend/Loader/PluginLoader/Exception.php,1187,.php,1c826649e024ac45548818c74c8db3c31754b68df8e81539c379b9c8f4f1a0bd,código interno / dependencia,Biblioteca; presencia no prueba uso,31,
system/libs/Zend/Loader/PluginLoader/Interface.php,2088,.php,c1b4f85fa4692e70cc138eb3bb04b7df800b5c5adbb7ce33b8e1c88ef4f1057b,código interno / dependencia,Biblioteca; presencia no prueba uso,1,
system/libs/Zend/Loader/PluginLoader.php,10235,.php,000dbd405fa2e52554ac07c33f3a09a3b38fcd2a5e4068abd637009c32fdb958,código interno / dependencia,Biblioteca; presencia no prueba uso,0,
system/libs/Zend/Loader.php,8904,.php,ae434d5e740ce7bf33d0b1edcfb2671610fa08cfb5d179718254e6e4ba3786ac,código interno / dependencia,Biblioteca; presencia no prueba uso,2,
system/libs/Zend/Locale/Data/aa.xml,7947,.xml,082a5310dbd7bdf086cfa9e7028724f147ba07a7305fe327de5f5edd6952b9f0,recurso,Extensión/directorio,,
system/libs/Zend/Locale/Data/aa_DJ.xml,863,.xml,944f82cc95fd4169fed4987f8236bc24720ef164b04ece1e23a409beb30ae5e7,recurso,Extensión/directorio,,
system/libs/Zend/Locale/Data/aa_ER.xml,494,.xml,47591aa930ac6bd703f01ee5b1aaca6f533e919284736a4849a61a793d890095,recurso,Extensión/directorio,,
system/libs/Zend/Locale/Data/aa_ER_SAAHO.xml,1116,.xml,75682c72e2449a1ce3125f768170f126bf98f35626113a5e1e93d3733346dcde,recurso,Extensión/directorio,,
system/libs/Zend/Locale/Data/aa_ET.xml,302,.xml,4e598e5434dc705eaf165ef623e4af3d087df1846d06919ca3d0a52625c5429b,recurso,Extensión/directorio,,
system/libs/Zend/Locale/Data/af.xml,28467,.xml,82ad05b0d5051045729aaeb4bb119ac50e0c3e61b28ee45507fe21eb852bed7e,recurso,Extensión/directorio,,
system/libs/Zend/Locale/Data/af_NA.xml,2041,.xml,2e1986685989b10804201cdeef8db3e0bd55965d24550313be7011c8cbd8ea7c,recurso,Extensión/directorio,,
system/libs/Zend/Locale/Data/af_ZA.xml,302,.xml,02ceefae324618548fc2aa243d1b5fd355c9c0866928c55c44b75caa7fda1530,recurso,Extensión/directorio,,
system/libs/Zend/Locale/Data/ak.xml,5969,.xml,67dc477705303b5aca0717de4088923feff9cfb12a1bdf2c1127e77132b473f8,recurso,Extensión/directorio,,
system/libs/Zend/Locale/Data/ak_GH.xml,302,.xml,9d8497d053d2fc3a5e7fd911de385321697f2ea0bb4cfd099cf97609925f388b,recurso,Extensión/directorio,,
system/libs/Zend/Locale/Data/am.xml,54232,.xml,8fb924541294bcfc114662b6d890f31c09cd0f5a720f15cf2f332f8ade531139,recurso,Extensión/directorio,,
system/libs/Zend/Locale/Data/am_ET.xml,302,.xml,67b754c3a9d3ac49f6fa1114c86cb42534359ba1f033f002bc62535dc5131970,recurso,Extensión/directorio,,
system/libs/Zend/Locale/Data/ar.xml,120811,.xml,428f66f9cde331d0f495cb87d7bd1839126367f4a7dd3bf10fa16a3c0823d853,recurso,Extensión/directorio,,
system/libs/Zend/Locale/Data/ar_AE.xml,445,.xml,11c4771052ee202815abfb5f1752c2040cb47b4f9b0a68a3225ee6d6152f8ae4,recurso,Extensión/directorio,,
system/libs/Zend/Locale/Data/ar_BH.xml,445,.xml,e3674b37817b7d7757289883ce35b962f304aad59e8bad1350719a91f7a175ea,recurso,Extensión/directorio,,
system/libs/Zend/Locale/Data/ar_DZ.xml,538,.xml,ec41127addb2aefe7978165b74a610e74308d2b70a9787cccf856d8d421dc00a,recurso,Extensión/directorio,,
system/libs/Zend/Locale/Data/ar_EG.xml,302,.xml,dcc3c0ef3ae0d83be5a82c68f64aabe531deb881c7ee7f601d76ccb4a4dbffbf,recurso,Extensión/directorio,,
system/libs/Zend/Locale/Data/ar_IQ.xml,445,.xml,ae8687599f40a605f80002c348386377efd0e2a2136c115bff51e6cad3502ec4,recurso,Extensión/directorio,,
system/libs/Zend/Locale/Data/ar_JO.xml,2295,.xml,ed17deab26d48a941ef25d21075c325fc38d866801a24319dca09b856443cf3b,recurso,Extensión/directorio,,
system/libs/Zend/Locale/Data/ar_KW.xml,445,.xml,01854457625a5a788935244c37b853cd50c07799d49d86850f7d78a98198bc9c,recurso,Extensión/directorio,,
system/libs/Zend/Locale/Data/ar_LB.xml,2380,.xml,a4766c65f44a4e1b2ba03f704016feeee0f8d8f3637a8ac14fcee785725c8218,recurso,Extensión/directorio,,
system/libs/Zend/Locale/Data/ar_LY.xml,445,.xml,43c74d94188d35ce022993b50450cbae330d30125ce6fa4212c6e75230f241a7,recurso,Extensión/directorio,,
system/libs/Zend/Locale/Data/ar_MA.xml,538,.xml,b37ed18dd28fa2650b8fa4d2625a4754f728c2f249a14928771822290a65f5d0,recurso,Extensión/directorio,,
system/libs/Zend/Locale/Data/ar_OM.xml,445,.xml,deaad9eb46aaf05bd3afad621e44cea49565e91b31fc2a35c3be950d20c33ea7,recurso,Extensión/directorio,,
system/libs/Zend/Locale/Data/ar_QA.xml,1364,.xml,7616cb30be49bc6efb238d16b6ff7e52b420bf67acf71ef46833b6be87113178,recurso,Extensión/directorio,,
system/libs/Zend/Locale/Data/ar_SA.xml,1364,.xml,9fe2fd5b59f93e29b836a60793d3c57a4e81105f9078e5b314aee166edd7b383,recurso,Extensión/directorio,,
system/libs/Zend/Locale/Data/ar_SD.xml,445,.xml,94969c804577a24c55cd87d795b6dc647576c2d216e8036ae2ac4ed3c85c0e45,recurso,Extensión/directorio,,
system/libs/Zend/Locale/Data/ar_SY.xml,2673,.xml,f629368ecdec9abadaf7a09693f37d2c062df7685582dc2aced3e18f75e85b02,recurso,Extensión/directorio,,
system/libs/Zend/Locale/Data/ar_TN.xml,1465,.xml,6783afaf887cd09473c8ea2dde2b206c6035182b484f24b6ad7f06d1a835af55,recurso,Extensión/directorio,,
system/libs/Zend/Locale/Data/ar_YE.xml,1364,.xml,ac68b6f2f39d573bd7e5e1b5660594aaf457466a6dc98c677ba949648edb7bfc,recurso,Extensión/directorio,,
system/libs/Zend/Locale/Data/as.xml,7789,.xml,7750f03385f4963f55d381f11dc5c8212ed37580bbf5cf6f47bc6e4991e44a34,recurso,Extensión/directorio,,
system/libs/Zend/Locale/Data/as_IN.xml,302,.xml,5b9e631e79c92f5162f15494fc3ed0cb929c8ba43658619f22603e8457ed7099,recurso,Extensión/directorio,,
system/libs/Zend/Locale/Data/az.xml,11697,.xml,fa417945fc27cb61f245766833118a3c238c3f73d4c0be87437abc266dbf1a6c,recurso,Extensión/directorio,,
system/libs/Zend/Locale/Data/az_AZ.xml,345,.xml,0fc4a062544abe54f528d4f14dd256ae250689a2c908ad124c9814d9140b294d,recurso,Extensión/directorio,,
system/libs/Zend/Locale/Data/az_Cyrl.xml,3118,.xml,7a1ada797e1395accf892e1eabe1bed1fa661a45c306ef9651fe1c3b1ce9f390,recurso,Extensión/directorio,,
system/libs/Zend/Locale/Data/az_Cyrl_AZ.xml,327,.xml,8c7019a19158bc2834e580e552e356395dd2147282d8d15096feeb4f719be73d,recurso,Extensión/directorio,,
system/libs/Zend/Locale/Data/az_Latn.xml,301,.xml,d19a839eeeed319580de7d043c76a200192b5584b4e4be0067ab207fb21f5770,recurso,Extensión/directorio,,
system/libs/Zend/Locale/Data/az_Latn_AZ.xml,327,.xml,d4ad53373da2b237f7c6f71953293f8d4d97cc6946cff4118dc1f8f3e57750af,recurso,Extensión/directorio,,
system/libs/Zend/Locale/Data/be.xml,40482,.xml,a18f4a34ff637e505ed81853ada15a85486c8f2017edb4ba853ad68d6577fd26,recurso,Extensión/directorio,,
system/libs/Zend/Locale/Data/be_BY.xml,302,.xml,5611ce633bfb184fbc9c68b6c4b43e09bda7e7b63982ea8d80b7267aefbd5b8a,recurso,Extensión/directorio,,
system/libs/Zend/Locale/Data/bg.xml,115154,.xml,df8652a3578c36bc4cd35da5532d2443ad58084b5082416b4d09ddffd8bc3832,recurso,Extensión/directorio,,
system/libs/Zend/Locale/Data/bg_BG.xml,302,.xml,887347e63d669140424cb0b5e0e7b0d0d398420bd378d4d1c2372e76bbac5224,recurso,Extensión/directorio,,
system/libs/Zend/Locale/Data/bn.xml,40672,.xml,1f8925dd3881750d333cafb613338747ccf4fe328a928248297af99ed17fcd70,recurso,Extensión/directorio,,
system/libs/Zend/Locale/Data/bn_BD.xml,302,.xml,648cc23b96f54d8f2ab9a1c8c687d4f0260b8958f42172da4dff939e185f0c16,recurso,Extensión/directorio,,
system/libs/Zend/Locale/Data/bn_IN.xml,6616,.xml,8cd46dc489a8cd5fe2eeef63535bd59b55b8ba6df536c2d90119179c1e708656,recurso,Extensión/directorio,,
system/libs/Zend/Locale/Data/bo.xml,27693,.xml,57c0ef669562c5bc88167002d2bbd31bed6d88146530e324b6b6758de8358d84,recurso,Extensión/directorio,,
system/libs/Zend/Locale/Data/bo_CN.xml,300,.xml,67b04f31508bba16e6cf1334753738d5142df6bfa5502d8956d136d2e4cd7840,recurso,Extensión/directorio,,
system/libs/Zend/Locale/Data/bo_IN.xml,302,.xml,a4695c12b8e65c5f71f988bf2823e05bf84ce48d6d53f83ba7eb25c17f14d3c9,recurso,Extensión/directorio,,
system/libs/Zend/Locale/Data/bs.xml,11837,.xml,7ae728392d49d28b4198092650c421da5b3eb4a06ddeccbe8ef30a695899566d,recurso,Extensión/directorio,,
system/libs/Zend/Locale/Data/bs_BA.xml,302,.xml,ec4a936d100cd9ca22e76556892a68c62ca5e3d725637ec9cb207d5816da45c9,recurso,Extensión/directorio,,
system/libs/Zend/Locale/Data/byn.xml,21967,.xml,d2613dc458bd44d8f0fa3090b36b431a52edbe6d38bc9188758b49b6ec3cd38a,recurso,Extensión/directorio,,
system/libs/Zend/Locale/Data/byn_ER.xml,303,.xml,d03f94374879947b81babee5c8d5ef5798aa922efacaaebcd4e561266c57a224,recurso,Extensión/directorio,,
system/libs/Zend/Locale/Data/ca.xml,36917,.xml,c7e11e22d07b609e1091e0769c77cdad5f3fd80195087709f71fbeae8a09991e,recurso,Extensión/directorio,,
system/libs/Zend/Locale/Data/ca_ES.xml,302,.xml,0e5491caeb40dc9b14176507210942010822f25c88f6bb405ae5788a8554743d,recurso,Extensión/directorio,,
system/libs/Zend/Locale/Data/cch.xml,5968,.xml,c271a643635332147901524cc8f7c75c016118386eba4cc83e3d19834f8b267a,recurso,Extensión/directorio,,
system/libs/Zend/Locale/Data/cch_NG.xml,303,.xml,80417f6fb7cd51e4d96068499bb9a1d2ab4906b023d53ddee1514122fab382b9,recurso,Extensión/directorio,,
system/libs/Zend/Locale/Data/cop.xml,6127,.xml,cda3527b0cfd7fcb7a81dd4cba64cbbf5f51e344525fe3cae0c9d7078e219f76,recurso,Extensión/directorio,,
system/libs/Zend/Locale/Data/cop_Arab.xml,538,.xml,a39aa2858c5a1518a787ef9a1474d84faa89e538358956a267c04a9e7b6c4ce6,recurso,Extensión/directorio,,
system/libs/Zend/Locale/Data/cop_Arab_EG.xml,328,.xml,37925ea7a9d062f13cfe218fb3ab8bfea067f3374f18d1830d6d4ada694536c2,recurso,Extensión/directorio,,
system/libs/Zend/Locale/Data/cop_Arab_US.xml,328,.xml,a97a7b4d8379275bf672c27707750fae6a227d36614ec1e126af6440d1e27a5b,recurso,Extensión/directorio,,
system/libs/Zend/Locale/Data/cop_EG.xml,303,.xml,38c6bea2ce62f0fe35e691851449b346424d6c290be8d7d8a822160778c5494b,recurso,Extensión/directorio,,
system/libs/Zend/Locale/Data/cop_US.xml,303,.xml,119abc67a8d50304349d6eac008106e17268bce7e933292d9a11720bb6ca8a00,recurso,Extensión/directorio,,
system/libs/Zend/Locale/Data/cs.xml,72121,.xml,b071df169424f12c761c15cd9eb709225987f4ac3af8ba7684231b7fe7a90300,recurso,Extensión/directorio,,
system/libs/Zend/Locale/Data/cs_CZ.xml,302,.xml,c0c316d93531ae917f73eb81962ae6260aa49459299ea0dabfb74a118e9faf03,recurso,Extensión/directorio,,
system/libs/Zend/Locale/Data/cy.xml,25917,.xml,96862896a4a24c2ffa95a4f739ef3b87fbae52545dbee04a17756c88d7b8a804,recurso,Extensión/directorio,,
system/libs/Zend/Locale/Data/cy_GB.xml,302,.xml,f24c188288eae0b3dbf63e736c2af337c295eaf9b5957c587df33e6e40308a18,recurso,Extensión/directorio,,
system/libs/Zend/Locale/Data/da.xml,84542,.xml,a7ca3b4e96da6b50f645d2b135aeb44073b85028a375f1caeb4eeaf8cd109e7e,recurso,Extensión/directorio,,
system/libs/Zend/Locale/Data/da_DK.xml,302,.xml,aaecb25a3a854da2024e7a9cbd0a5a02a3f719ada294c0bae3ad708ad2b72c50,recurso,Extensión/directorio,,
system/libs/Zend/Locale/Data/de.xml,88802,.xml,6d87d9962190cca9d7a619c561bb9959e4e771d5a1c64e3aa9207cc2dc8345f6,recurso,Extensión/directorio,,
system/libs/Zend/Locale/Data/de_AT.xml,1253,.xml,6cf6928762eb3ba99799d75f237b1b9771fedac3b127a688d98ab64408a47590,recurso,Extensión/directorio,,
system/libs/Zend/Locale/Data/de_BE.xml,1972,.xml,7344fd8309a602325583ef6fc17ecfd9fdb9596b1e3434130a8f68165523377f,recurso,Extensión/directorio,,
system/libs/Zend/Locale/Data/de_CH.xml,1682,.xml,b062d5fe2dc2d446b3915cab94117334467f2c3fabbe3a98753d6f7c5943d33f,recurso,Extensión/directorio,,
system/libs/Zend/Locale/Data/de_DE.xml,302,.xml,9d4ad0a31eb606803711c6a2d09b2dec0770fe9fc57fb9e6e04e4b14c39d0def,recurso,Extensión/directorio,,
system/libs/Zend/Locale/Data/de_LI.xml,580,.xml,832a791ded256eb353a0fd2a7c5f0415eb9acb77645e03f2c2055af7d89b6a37,recurso,Extensión/directorio,,
system/libs/Zend/Locale/Data/de_LU.xml,474,.xml,b514054e2384c8033d44c6fc883f5cb6b9cbf03b0f6a3c066ced36a9095f0a4f,recurso,Extensión/directorio,,
system/libs/Zend/Locale/Data/dv.xml,6673,.xml,9222c9ef6c17df93f2311d77a8c65e13906a46befd833136ede02457512f9214,recurso,Extensión/directorio,,
system/libs/Zend/Locale/Data/dv_MV.xml,302,.xml,13e4a5be8fcdadac4a23a11fedebfd4a08b4beb50c6122640c4bd8dd072d48c2,recurso,Extensión/directorio,,
system/libs/Zend/Locale/Data/dz.xml,18854,.xml,3aa929c145c8d1f926bc5a28cbd5f3942b3820ef14dfb34f5f76dfc3a061d673,recurso,Extensión/directorio,,
system/libs/Zend/Locale/Data/dz_BT.xml,302,.xml,42dbc12d443c7c7f396d8446273d54700fdf24dcec39af90286a47181f0b04ab,recurso,Extensión/directorio,,
system/libs/Zend/Locale/Data/ee.xml,6018,.xml,00b79a742e52fbfcfdf6ddef1d38fc1587026b88a88647a4daeced0f6b979db0,recurso,Extensión/directorio,,
system/libs/Zend/Locale/Data/ee_GH.xml,302,.xml,f1c2d2ae453001ce1cddaee72050cd4b25db1ad476ac4e182d2f437355b81497,recurso,Extensión/directorio,,
system/libs/Zend/Locale/Data/ee_TG.xml,302,.xml,952fa0d2d6bd4ba2463b2d8242f57cda46398c84e158a74bd1263c2965cb6c0a,recurso,Extensión/directorio,,
system/libs/Zend/Locale/Data/el.xml,97265,.xml,c7aec0c40162cd163760a78061eb3ac9a7db04b5ff8ea032e43b882d190d09ab,recurso,Extensión/directorio,,
system/libs/Zend/Locale/Data/el_CY.xml,506,.xml,0d83562f9236ed6c519f453e667498027263b8f2ece6e511612b19a055ccba88,recurso,Extensión/directorio,,
system/libs/Zend/Locale/Data/el_GR.xml,302,.xml,7ed195f864d6f2daa5250f1da7f414d83f6d7561c1ab02ba33ca156bbc826672,recurso,Extensión/directorio,,
system/libs/Zend/Locale/Data/el_POLYTON.xml,24620,.xml,14ec3056ddc9ac771e88ef731e4f8f949be40c08665e3b40463519b5284d6bd0,recurso,Extensión/directorio,,
system/libs/Zend/Locale/Data/el_POLYTONI.xml,30511,.xml,d6ea7f45077b4433e0950d7692f2ace4746e8bf059caba0ea0ad5b607519e2bc,recurso,Extensión/directorio,,
system/libs/Zend/Locale/Data/en.xml,123298,.xml,b036e371bd8626d872f91527300c818a735f98a4005d31e27d6997551511aa9b,recurso,Extensión/directorio,,
system/libs/Zend/Locale/Data/en_AS.xml,302,.xml,d674d9e010db26225b6c499d6311b36fbd096eabfbe3294c9025e4da588bf0aa,recurso,Extensión/directorio,,
system/libs/Zend/Locale/Data/en_AU.xml,2326,.xml,ea147f5802203289249040f141d5448eac4b85b756bb9247f786bfbe883ec06b,recurso,Extensión/directorio,,
system/libs/Zend/Locale/Data/en_BE.xml,2236,.xml,d0bcaa9ae70f72a2a69447ed0da62b5bddfe022e135c37d0f68598faa3b6742b,recurso,Extensión/directorio,,
system/libs/Zend/Locale/Data/en_BW.xml,1398,.xml,f5661675c9c67fe85f7153a6edc33d0cb5c15c114360d7f7f9b6927ff31d50b4,recurso,Extensión/directorio,,
system/libs/Zend/Locale/Data/en_BZ.xml,2040,.xml,ec9f11c8afef9feec0ee2c4cc481b2ee5866218519463392590730e59ae13c55,recurso,Extensión/directorio,,
system/libs/Zend/Locale/Data/en_CA.xml,1257,.xml,1359c1d9c2812fd1887c431e75485168e5bb0ad72c6b390bfc3e647bc3449160,recurso,Extensión/directorio,,
system/libs/Zend/Locale/Data/en_GB.xml,2866,.xml,1cd6bd6288f0f46a13bda070df009af6e088083e7607c6ae4bf08ec40e6589c5,recurso,Extensión/directorio,,
system/libs/Zend/Locale/Data/en_GU.xml,302,.xml,4972a4655aa78fb57883934c0d52e9dda6cbab2da6b52881ff4eac4e4cdf0af8,recurso,Extensión/directorio,,
system/libs/Zend/Locale/Data/en_HK.xml,1584,.xml,b2e3e502ddff055be10e361fd36a7e5e333895db5bac624aec38f2579d1354bf,recurso,Extensión/directorio,,
system/libs/Zend/Locale/Data/en_IE.xml,2366,.xml,d7cc398ed29cab6aca7a127e7dbd04fceca71ff273ca6e551ca8bcc4328f161e,recurso,Extensión/directorio,,
system/libs/Zend/Locale/Data/en_IN.xml,1849,.xml,77dbe307fb7789968b33dd2fb23c30e5f055b74bcf77897011866ca4c68661a0,recurso,Extensión/directorio,,
system/libs/Zend/Locale/Data/en_JM.xml,506,.xml,8a646a9bf0c91651845afafbbb878d9e0831838317ca3ad6754ee21d22ff525e,recurso,Extensión/directorio,,
system/libs/Zend/Locale/Data/en_MH.xml,302,.xml,192eee0779401f739d66bae989fe2634f06e42cab49656aa8a37de47575c8e89,recurso,Extensión/directorio,,
system/libs/Zend/Locale/Data/en_MP.xml,302,.xml,8f2fcb48c504d84e597baeab4cb2e9da76ae1edb3becf521d6afa5a2bb35f274,recurso,Extensión/directorio,,
system/libs/Zend/Locale/Data/en_MT.xml,2206,.xml,d6a6b8acea1eefd7bf3f99682fc7087b6dee4434783909cac32d5b8f6791267e,recurso,Extensión/directorio,,
system/libs/Zend/Locale/Data/en_NA.xml,506,.xml,fdef2cccede4109ede95582c36235f7b35c37b7f0b6a44b3191ad45c63d90120,recurso,Extensión/directorio,,
system/libs/Zend/Locale/Data/en_NZ.xml,2262,.xml,fea3579f3bb08dcd6da180932d7b707ca481a754b5743931bbd2a3ba985bfe0f,recurso,Extensión/directorio,,
system/libs/Zend/Locale/Data/en_PH.xml,439,.xml,0c41d7d0fc895b2be713d76c2a2d44ba79690a38690f1d1dc606575c4fa0d590,recurso,Extensión/directorio,,
system/libs/Zend/Locale/Data/en_PK.xml,1849,.xml,72cf10e924e9700748ef026e11c5f85ffa011ec5b0824f2758c8158aa3d6dd83,recurso,Extensión/directorio,,
system/libs/Zend/Locale/Data/en_SG.xml,2254,.xml,1fbc81ffd04311e36b6b5a0c6c1d10fefd717c632a0627e23638e2f835900d3b,recurso,Extensión/directorio,,
system/libs/Zend/Locale/Data/en_TT.xml,506,.xml,1d2bbf467c0a88175e763fa2289acb8cf4bf52cea5fcf2d8f036308a8012e89e,recurso,Extensión/directorio,,
system/libs/Zend/Locale/Data/en_UM.xml,302,.xml,e96cf5ea0b45099ed92479b6ee280f8e064d103d2335862ce602df46c29f3fdc,recurso,Extensión/directorio,,
system/libs/Zend/Locale/Data/en_US.xml,302,.xml,2131add16f14ddb43aafe4e2a63f197c7704a809866be13325c554a2f617de13,recurso,Extensión/directorio,,
system/libs/Zend/Locale/Data/en_US_POSIX.xml,1147,.xml,e8c7e4b44d9b3234ceea4214d34e2121d94a26592b43e2478ecbf2a2fe27cc0a,recurso,Extensión/directorio,,
system/libs/Zend/Locale/Data/en_VI.xml,302,.xml,e5375a919f1ce75a7e22fda6c6a0142d5de77fdfaf2ced2cb9b4e345a23545d0,recurso,Extensión/directorio,,
system/libs/Zend/Locale/Data/en_ZA.xml,1986,.xml,cab79165a36ca4ea86c9394c3c40e7bc6eac56707eea03fb05dba6deb7eb3a53,recurso,Extensión/directorio,,
system/libs/Zend/Locale/Data/en_ZW.xml,1971,.xml,761ba1406dea38a194b0c2dbd30a305203b2e2ff280ae44f5bb5103ade9ffaf1,recurso,Extensión/directorio,,
system/libs/Zend/Locale/Data/eo.xml,22748,.xml,f0d2867e80d53b7cc2ea5069232ef2b68afe7d025e6f8cf095d28122609aaa06,recurso,Extensión/directorio,,
system/libs/Zend/Locale/Data/es.xml,110065,.xml,c44169dd0340de6bb3d39db939f1137650ed07cde75e9eb94a53fc3a74ec930b,recurso,Extensión/directorio,,
system/libs/Zend/Locale/Data/es_AR.xml,899,.xml,755d76ae971f1082aed94699029f7e8852d03ee61ad0008512d29aae118cde38,recurso,Extensión/directorio,,
system/libs/Zend/Locale/Data/es_BO.xml,302,.xml,1ddc3c4459e437655eeeb4b2f761d4dfeb967ed326fc8cb81471b56fd9303bdf,recurso,Extensión/directorio,,
system/libs/Zend/Locale/Data/es_CL.xml,2628,.xml,57ebff732b693a3efe3cd49e4c1754ac78b10072b9cb41826a2b2b34894833fa,recurso,Extensión/directorio,,
system/libs/Zend/Locale/Data/es_CO.xml,1497,.xml,3ed347adfe294d55a8054049181319388c27cbcec031812df293cedf0c6ac438,recurso,Extensión/directorio,,
system/libs/Zend/Locale/Data/es_CR.xml,302,.xml,db84504b6d4c2e1cdb8ed22b6848e8af500d81529e8a34794be6312a472048f4,recurso,Extensión/directorio,,
system/libs/Zend/Locale/Data/es_DO.xml,400,.xml,480cbd3fdf00cd95828aa2db560b77b2efc199d70236945a11575d41ff944f68,recurso,Extensión/directorio,,
system/libs/Zend/Locale/Data/es_EC.xml,1317,.xml,a2a6ae537f6b957dc8d3144f3a7fd62fc6c194437351b2b87c41b185b7506680,recurso,Extensión/directorio,,
system/libs/Zend/Locale/Data/es_ES.xml,3100,.xml,3a9136ca9982eff2510a5ecc11564b83a4775573c173af2fcb561a390db58000,recurso,Extensión/directorio,,
system/libs/Zend/Locale/Data/es_GT.xml,822,.xml,7951d17849fe20ea68b1fd2fe318ef9226d978c0de396002e78e959a73549317,recurso,Extensión/directorio,,
system/libs/Zend/Locale/Data/es_HN.xml,852,.xml,1c57a4903efbe9a9c8d1cdd0eddb1d02757e6a47f75023dbb626612e054d8392,recurso,Extensión/directorio,,
system/libs/Zend/Locale/Data/es_MX.xml,499,.xml,042ae37dadc14231ece9ecfaf3341223505d6595e5dba4bd94ed8a28197ec477,recurso,Extensión/directorio,,
system/libs/Zend/Locale/Data/es_NI.xml,400,.xml,aee1625a38f4f32402afe9db409e12b9d6ca4e87bd0dd11e76d38ea5590f4cf0,recurso,Extensión/directorio,,
system/libs/Zend/Locale/Data/es_PA.xml,978,.xml,ddec9ba519af6c98253090a6101ebd98f7d5b4dee9e90ca1b4c12b07f9a59c0b,recurso,Extensión/directorio,,
system/libs/Zend/Locale/Data/es_PE.xml,867,.xml,bf8121119ea84e09e1cb1d800775d5f3f27a4e003e9937215c03604279816eca,recurso,Extensión/directorio,,
system/libs/Zend/Locale/Data/es_PR.xml,1083,.xml,0eb4e21efbeeb1e4d1db292e0dce37627f5ff64a4ddccaa8df35ab9f3eebbaab,recurso,Extensión/directorio,,
system/libs/Zend/Locale/Data/es_PY.xml,520,.xml,39d72cd0d515be793a7e9633bca483c39b1570397bd30a89ba37939159839898,recurso,Extensión/directorio,,
system/libs/Zend/Locale/Data/es_SV.xml,400,.xml,7ae42d97c8508cb23219a79031e4a8ffa9046d0dab01b6d5940f8b94be0fc17b,recurso,Extensión/directorio,,
system/libs/Zend/Locale/Data/es_US.xml,1578,.xml,a057f756bfafd639a2977a73e2262edee22a67c6b480bc9454948f32d66435c6,recurso,Extensión/directorio,,
system/libs/Zend/Locale/Data/es_UY.xml,620,.xml,bcdb6da68426bcfbcd741dc5ef1b8c56b6ad5b4c200a58387be33de40309d187,recurso,Extensión/directorio,,
system/libs/Zend/Locale/Data/es_VE.xml,519,.xml,4ec758bf90f68bcb171057c18e1eb8eab03c50c8fcd7ea565d8e0d728d82a9c7,recurso,Extensión/directorio,,
system/libs/Zend/Locale/Data/et.xml,70630,.xml,1292f649d376620a4e51c32bb653105889296940deb0ccbeb7646d7aaa2d675c,recurso,Extensión/directorio,,
system/libs/Zend/Locale/Data/et_EE.xml,302,.xml,79adb31c9e27cd19da861b8fba857f2c2946ad31c22bdd317970f4d6cd32dd96,recurso,Extensión/directorio,,
system/libs/Zend/Locale/Data/eu.xml,23259,.xml,5bb3ed4ddc6a1b4b5aebdc1b0876dd5f36611eb7c59deece0d953f2dfd7833d1,recurso,Extensión/directorio,,
system/libs/Zend/Locale/Data/eu_ES.xml,302,.xml,468e3f5ddbee5b7c909b562f3aa8aaf908a994b982a1fff32b18579e38f16775,recurso,Extensión/directorio,,
system/libs/Zend/Locale/Data/fa.xml,74666,.xml,6557a7ccd682588ba3128d9c61b4b210ddfc78bb4e743448ca9700011c10be18,recurso,Extensión/directorio,,
system/libs/Zend/Locale/Data/fa_AF.xml,11239,.xml,fcd4ea0f52292136d28f34afe500ba463a1b204af8380763f937e4989b36acca,recurso,Extensión/directorio,,
system/libs/Zend/Locale/Data/fa_IR.xml,300,.xml,463746f5b7c1d6497f737776369c715382cc6a668f17b4984d5de7a7c358ceac,recurso,Extensión/directorio,,
system/libs/Zend/Locale/Data/fi.xml,107139,.xml,b64b383aadfb934889d44860d130d67c27aca8bd39b463c29bc328313b7ac768,recurso,Extensión/directorio,,
system/libs/Zend/Locale/Data/fi_FI.xml,302,.xml,9e7a18d338f95949154e1ae109cc651ad14852e09094d555c3b8d5b7590adaab,recurso,Extensión/directorio,,
system/libs/Zend/Locale/Data/fil.xml,26880,.xml,0cb8cd7d3324af7c6b813cbcd875249fd25b2c94360245769212fce9c3eccf65,recurso,Extensión/directorio,,
system/libs/Zend/Locale/Data/fo.xml,17334,.xml,5918e49dbd7bad91746db344bf932c200f790ee86d49900b3f2ad641b95e5c23,recurso,Extensión/directorio,,
system/libs/Zend/Locale/Data/fo_FO.xml,302,.xml,15e703fa4763e3353ad9910954f55a845ba00b5f6da79dddc154ed48109222d5,recurso,Extensión/directorio,,
system/libs/Zend/Locale/Data/fr.xml,108338,.xml,48ee86ab4c66f00f5b9062bf1b613fcd0932c8d35e353d5bd93169adc3cb70c6,recurso,Extensión/directorio,,
system/libs/Zend/Locale/Data/fr_BE.xml,848,.xml,b9929b40128efe1e2bcef12107338eead664f0add6a2e4b9f2c238cf149706d4,recurso,Extensión/directorio,,
system/libs/Zend/Locale/Data/fr_CA.xml,2375,.xml,2b5d17e067bdd4efa5df4665fc82003445b9ccccb7923c4aa5f5e353298bae02,recurso,Extensión/directorio,,
system/libs/Zend/Locale/Data/fr_CH.xml,1559,.xml,e78c41340fa69377afe6f27171ad19c97940178a79af5dce4f57ef2a65a80f76,recurso,Extensión/directorio,,
system/libs/Zend/Locale/Data/fr_FR.xml,302,.xml,1d4b59fa688779a53d427a4a0a7938e80bc795140f934b2daaad837a857c5749,recurso,Extensión/directorio,,
system/libs/Zend/Locale/Data/fr_LU.xml,540,.xml,ddbcb72c863df620bc1a6721b28596be8319e22bd83bac25f0d6bbc0c13875ba,recurso,Extensión/directorio,,
system/libs/Zend/Locale/Data/fr_MC.xml,302,.xml,51a3b01bf334d5a4fb859188bdac7434721a30939d4c6eb29f3e978c767f35a6,recurso,Extensión/directorio,,
system/libs/Zend/Locale/Data/fur.xml,35662,.xml,6d4f0d615708267cb789a689b2d750a0d3d29280a353980011d65e33de04bd33,recurso,Extensión/directorio,,
system/libs/Zend/Locale/Data/fur_IT.xml,303,.xml,90eab7ddfb29b056dd3dcac2e8b53ec212a28abedd3abcca2224bc1c752a0f18,recurso,Extensión/directorio,,
system/libs/Zend/Locale/Data/ga.xml,58156,.xml,fe750b8c2524b5b3cd24740e140d0b3d5e3499024c94f9b52b6ce7302f6a1c1d,recurso,Extensión/directorio,,
system/libs/Zend/Locale/Data/ga_IE.xml,302,.xml,36cd9fefb75229e8495293fd825b00d479ca89d83532e227cc978fcf89866cc9,recurso,Extensión/directorio,,
system/libs/Zend/Locale/Data/gaa.xml,5932,.xml,90eb20bd25e1ac143f197c2d519eef894d69b06481f64a6ae408cbf378a66a50,recurso,Extensión/directorio,,
system/libs/Zend/Locale/Data/gaa_GH.xml,303,.xml,7272c98b57a1a2bc85294d982ed320b08e120e87d22f06c8bd18c76151d2dd39,recurso,Extensión/directorio,,
system/libs/Zend/Locale/Data/gez.xml,22235,.xml,28897e875ea5584eb5fb89420eee7fd04fb0b9102bfef646795a7b18728653c5,recurso,Extensión/directorio,,
system/libs/Zend/Locale/Data/gez_ER.xml,303,.xml,d290aa2ef19576447faa637eb663b354ca2ef5ab6ee0fc1c75530a3e1feb9c29,recurso,Extensión/directorio,,
system/libs/Zend/Locale/Data/gez_ET.xml,495,.xml,6873a70791f3e30027bbed63d1df55158c0adff4708ca9b424736f63766075d6,recurso,Extensión/directorio,,
system/libs/Zend/Locale/Data/gl.xml,23056,.xml,06eb896b0a43eed31129b5aca0ae317f9087181ef60e4f2781ea57e09f691062,recurso,Extensión/directorio,,
system/libs/Zend/Locale/Data/gl_ES.xml,302,.xml,0bc03aab9bdc72f38f96523e1584592a91a9eecd7cf43aa5f6118ce76091b955,recurso,Extensión/directorio,,
system/libs/Zend/Locale/Data/gu.xml,14353,.xml,d3f44708755d209bcd4342bca7d949f1c4e66891ebff2f740619fa653a1b7e2c,recurso,Extensión/directorio,,
system/libs/Zend/Locale/Data/gu_IN.xml,302,.xml,385e74e4f66f9f324324d21ea58fbc90553fbea5e4d544e23f0567ff82c4d899,recurso,Extensión/directorio,,
system/libs/Zend/Locale/Data/gv.xml,6342,.xml,6be05f866ebd2c1a8eb00c2d68cc2d6f60de4716e2acc35096707717a77870aa,recurso,Extensión/directorio,,
system/libs/Zend/Locale/Data/gv_GB.xml,302,.xml,091336310f2b5c062ef4eddd1ed272601321728b0ad4003d158b37602bfc81d6,recurso,Extensión/directorio,,
system/libs/Zend/Locale/Data/ha.xml,11221,.xml,d7089a485afbbd09d70ba9223a4a2c15b1d8344aac59a35ce0834d60d3c06629,recurso,Extensión/directorio,,
system/libs/Zend/Locale/Data/ha_Arab.xml,2994,.xml,79d3503917082f5397d957348acf710efd70a39ebd99a014349109436515b53e,recurso,Extensión/directorio,,
system/libs/Zend/Locale/Data/ha_Arab_NG.xml,327,.xml,76d4278b627af1bb512e29cc8ae840cd30d800c7cc128789ecba85b093aa1fa6,recurso,Extensión/directorio,,
system/libs/Zend/Locale/Data/ha_GH.xml,347,.xml,005e2f26a6229ad663cbaa79fad2bac0f6286c8c8b121aecbdbb8d367dca78ed,recurso,Extensión/directorio,,
system/libs/Zend/Locale/Data/ha_Latn.xml,301,.xml,e83f838823f98eea24a674b68ad037439d5807c15021a2602227e19c8514b553,recurso,Extensión/directorio,,
system/libs/Zend/Locale/Data/ha_Latn_GH.xml,327,.xml,9606aee84d411b96654d462fd9cde2a53b41d28e2cbf9a57998bb7cfd78f7e25,recurso,Extensión/directorio,,
system/libs/Zend/Locale/Data/ha_Latn_NE.xml,327,.xml,98dd6db677484af3ce0cb0c84779bb4fb26a42ec4dc6bf374ebbca251ff97897,recurso,Extensión/directorio,,
system/libs/Zend/Locale/Data/ha_Latn_NG.xml,327,.xml,505a5325ad1986706cb9e52e5e8e4fd614680d2d884629effe3b11d5b9d4225e,recurso,Extensión/directorio,,
system/libs/Zend/Locale/Data/ha_NE.xml,347,.xml,3e6dab23050d92ae0caad8c71bb7225b6cb004abb44f7b9feeb84fca6ff329ea,recurso,Extensión/directorio,,
system/libs/Zend/Locale/Data/ha_NG.xml,347,.xml,0f6d59cb30aca98f98e1696f12c3a12cbb919de8b189ace8604c360db3af593a,recurso,Extensión/directorio,,
system/libs/Zend/Locale/Data/haw.xml,7177,.xml,4fb138ea52b204ab0f2683bbb88e8d918a446f8edf249736fbe58dd810047166,recurso,Extensión/directorio,,
system/libs/Zend/Locale/Data/haw_US.xml,303,.xml,710e423e5c051c2f43d8c3333a6dbf9fc87b9205841404fa63ede47338f0b9d7,recurso,Extensión/directorio,,
system/libs/Zend/Locale/Data/he.xml,94710,.xml,48d1652eed522e715c84087e448198802fd273b65e2fb6525cd6aeef92f42f4f,recurso,Extensión/directorio,,
system/libs/Zend/Locale/Data/he_IL.xml,302,.xml,e300fc7f3f8423a060d5dc25552d6757ae99d24901bb4b4d4f49d06378cea2f1,recurso,Extensión/directorio,,
system/libs/Zend/Locale/Data/hi.xml,68262,.xml,cb4517fa9b05a7bc27e40b48c412d5e373a3f4fe3c34820fd9989cc9286c949f,recurso,Extensión/directorio,,
system/libs/Zend/Locale/Data/hi_IN.xml,302,.xml,3a9f6a0a553c03ddf81ab69cd999e5a8320f5079a8335832aace0591e3f457df,recurso,Extensión/directorio,,
system/libs/Zend/Locale/Data/hr.xml,59331,.xml,58dc134bf9c794e4e5922a28e337b33f4d3b6abd96b932464a4b018b89d10962,recurso,Extensión/directorio,,
system/libs/Zend/Locale/Data/hr_HR.xml,300,.xml,36129dd14b5416f659a88f5622d9b704915c05a590e708951a84831883c32877,recurso,Extensión/directorio,,
system/libs/Zend/Locale/Data/hu.xml,139724,.xml,815226bf3a262a0ac33e226a088854a6cd74da367296a87c86280e6685c0c61a,recurso,Extensión/directorio,,
system/libs/Zend/Locale/Data/hu_HU.xml,302,.xml,245fcc6e43d428fbe0c6818d2198faf85b980866f3bf1f447bcff708b4b9c7eb,recurso,Extensión/directorio,,
system/libs/Zend/Locale/Data/hy.xml,23358,.xml,881eb06bdd4f62e5920f72e4eec6e76f8e058aba8fde682c21e8bbac8dcc5364,recurso,Extensión/directorio,,
system/libs/Zend/Locale/Data/hy_AM.xml,302,.xml,ef6bacbf8ba30652f46899237d1ae636e37992fb76baed7dc213f8add144c774,recurso,Extensión/directorio,,
system/libs/Zend/Locale/Data/hy_AM_REVISED.xml,1129,.xml,c458c8d427ba566e7656335f5049eebea2f7e4ef474c0b144e919b2825410abe,recurso,Extensión/directorio,,
system/libs/Zend/Locale/Data/ia.xml,21293,.xml,5c9750e00944d2526e51182923ab475261be6e318cde96c5f00c8ce19fafd859,recurso,Extensión/directorio,,
system/libs/Zend/Locale/Data/id.xml,53028,.xml,0b6a851abb7ed691b708dd16a751c646627c4ff555c50bfa56ff361de95915c8,recurso,Extensión/directorio,,
system/libs/Zend/Locale/Data/id_ID.xml,302,.xml,fdd02d3d5be8834ad9d3a5ac3070ad9e645fd33e86e5aaf861edd633669b89b6,recurso,Extensión/directorio,,
system/libs/Zend/Locale/Data/ig.xml,5899,.xml,de2f02ad1cb9617b7922100f736c374fa89a50fa03ee193bba80d1ee099c5ce9,recurso,Extensión/directorio,,
system/libs/Zend/Locale/Data/ig_NG.xml,302,.xml,40c6c87ab8ea15d742fb44dafa2ffb73c1d22e581cd5fe391bb9068dc83b5139,recurso,Extensión/directorio,,
system/libs/Zend/Locale/Data/ii.xml,8298,.xml,722c07cb69d7536072335488bc86e812f5e64e6b7920a7bbb51c63972d4ba860,recurso,Extensión/directorio,,
system/libs/Zend/Locale/Data/ii_CN.xml,302,.xml,63f2c60ed4287595f373f8133319877a90548faa87b10754e46a90b4036f60a3,recurso,Extensión/directorio,,
system/libs/Zend/Locale/Data/is.xml,71039,.xml,9555a5e2ad41ef3651419a885846035d445092104169c948e251bef6b39613d3,recurso,Extensión/directorio,,
system/libs/Zend/Locale/Data/is_IS.xml,302,.xml,651435be63634141fc8abf6cde756cdf42b0568140dd4c73304f0759fd04dc6b,recurso,Extensión/directorio,,
system/libs/Zend/Locale/Data/it.xml,108942,.xml,8506b30fb714832c53ac9cb6700b512413049e3c880325be581caeb0e718c0ac,recurso,Extensión/directorio,,
system/libs/Zend/Locale/Data/it_CH.xml,2216,.xml,30de3377f2a8089bf721146ab7e31fe7cbed733e3ad689c77871490eac1caf22,recurso,Extensión/directorio,,
system/libs/Zend/Locale/Data/it_IT.xml,302,.xml,1b820ba850d5efa025977726c23eb625b3d2361fed9a5ec2f82aff0b4958ff33,recurso,Extensión/directorio,,
system/libs/Zend/Locale/Data/iu.xml,6260,.xml,bba77e02f975a1baedf06f033db5275768af013a5bd57f1b819a9ad8ef6263e8,recurso,Extensión/directorio,,
system/libs/Zend/Locale/Data/ja.xml,149157,.xml,e64800009f3c68ed0ddc09f903908791749d782a45349e9b0e3f91f157c4a5a4,recurso,Extensión/directorio,,
system/libs/Zend/Locale/Data/ja_JP.xml,302,.xml,9a08806e461718b14bb173cba8ea2e17793925ba76893e99752cf95b6cc38e88,recurso,Extensión/directorio,,
system/libs/Zend/Locale/Data/ka.xml,76420,.xml,cfdd6236019bcd76566ebfdf81fd55d27033e7eee77cb945048c02b47b3be31f,recurso,Extensión/directorio,,
system/libs/Zend/Locale/Data/ka_GE.xml,302,.xml,49fa5c2785b3b63e962d3cc62c1fbd26596800ee8d4863b061f4457758e04e16,recurso,Extensión/directorio,,
system/libs/Zend/Locale/Data/kaj.xml,5856,.xml,9180355acb4559d9d60c97e3cb66c53454ecece5ea15bd26d2f9b0ba36ec2545,recurso,Extensión/directorio,,
system/libs/Zend/Locale/Data/kaj_NG.xml,303,.xml,b2a94ff199af6f285e26ee4c995f9db1109aff6147129fcd2a7404eb3f66d96f,recurso,Extensión/directorio,,
system/libs/Zend/Locale/Data/kam.xml,6002,.xml,3af4734cdd9dac7df163787a78bf95beb28e7c28d337db5d846a0e64679928c3,recurso,Extensión/directorio,,
system/libs/Zend/Locale/Data/kam_KE.xml,303,.xml,f3bb55dbe8a9e9df904d847bc55cfa5e53513e1996e67017e35d14e99bc4310a,recurso,Extensión/directorio,,
system/libs/Zend/Locale/Data/kcg.xml,5908,.xml,f371423dd115747f20d0b5cdf91efbc7002d77831be59584797be2a08dc77a15,recurso,Extensión/directorio,,
system/libs/Zend/Locale/Data/kcg_NG.xml,303,.xml,3f1d61bf9aa2e941bb6337798332f8b5ea4010981aa4e29643164d95fa864738,recurso,Extensión/directorio,,
system/libs/Zend/Locale/Data/kfo.xml,5830,.xml,8c86c1bd24bc684665eb7c3d529ea933b9b5ba13a75957617722b63479abf978,recurso,Extensión/directorio,,
system/libs/Zend/Locale/Data/kfo_NG.xml,303,.xml,3c3a1f0b9b76b8eda5c2dbe8809b14bf5c41751232a146d07582ea7ef0e0813c,recurso,Extensión/directorio,,
system/libs/Zend/Locale/Data/kk.xml,11842,.xml,24b14aba514b8cbbf6cddb65c516248afe6fa65946d017549dcbfd9b43b63ff2,recurso,Extensión/directorio,,
system/libs/Zend/Locale/Data/kk_KZ.xml,302,.xml,eadbc63798a370556358e05f38fd8a77e4eb99e07aebd612fe662a05fadf2f3e,recurso,Extensión/directorio,,
system/libs/Zend/Locale/Data/kl.xml,6428,.xml,bc9941efcb444b7c30f605a1afed7dd53d19163ff29d11699b1af6e9c74eff66,recurso,Extensión/directorio,,
system/libs/Zend/Locale/Data/kl_GL.xml,302,.xml,5f12a6feb9b90e42512454f087e87ce49b275132c2febab4085d70774a3a54ad,recurso,Extensión/directorio,,
system/libs/Zend/Locale/Data/km.xml,29398,.xml,b0c3ab72b0602d61843e98d1366287a5b276cb2bf6b3cf5427b7af9f0538d36f,recurso,Extensión/directorio,,
system/libs/Zend/Locale/Data/km_KH.xml,302,.xml,d6fa7ac356642c20ffdf26a75a74dad1ed3401f3e5109ddae3d7f047f03b2e4d,recurso,Extensión/directorio,,
system/libs/Zend/Locale/Data/kn.xml,14354,.xml,4014c6c2e595c30067416dc6f370b8131bf30a8d779aff34fcd3854b2579f3de,recurso,Extensión/directorio,,
system/libs/Zend/Locale/Data/kn_IN.xml,302,.xml,df264b2c01ff345114555a9e05c2fb5ad3d29a7278fe43aed2521b941841d6e6,recurso,Extensión/directorio,,
system/libs/Zend/Locale/Data/ko.xml,122683,.xml,eb0add7cf5c02e112ad4201d37e2d70130c4b4caa5d9e24ca1ced780badae854,recurso,Extensión/directorio,,
system/libs/Zend/Locale/Data/ko_KR.xml,302,.xml,6090f63c282de75e6fd681fd88f1fcbd5f7589018d822be3738e787d010a87c8,recurso,Extensión/directorio,,
system/libs/Zend/Locale/Data/kok.xml,15726,.xml,59a3005101e1fdb39f365efd5387fb5b9d5cc0f060820afee9cf35bb4bfd8983,recurso,Extensión/directorio,,
system/libs/Zend/Locale/Data/kok_IN.xml,303,.xml,626378a61ef0d58d4518dbfda370b2173cdb52e489e26a454aa926a4187a8550,recurso,Extensión/directorio,,
system/libs/Zend/Locale/Data/kpe.xml,5409,.xml,5e091fbfe5031a9e0feada211349a0f4affb73f0d4cca3c1bdd93dd87ba947de,recurso,Extensión/directorio,,
system/libs/Zend/Locale/Data/kpe_GN.xml,303,.xml,1c47ec41b93ae1661cbe8de4f40fa9405b6b6214faa52f89ade23afbcbab9235,recurso,Extensión/directorio,,
system/libs/Zend/Locale/Data/kpe_LR.xml,303,.xml,9cd125e54c37a1495dfc36fb4464eae4282012a03e7155bfa13bcc89fc9551bb,recurso,Extensión/directorio,,
system/libs/Zend/Locale/Data/ku.xml,7606,.xml,9efdedf3b068755cf9b4f8472c28da1a8cfde6e942ed29b133fe5d75634a3528,recurso,Extensión/directorio,,
system/libs/Zend/Locale/Data/ku_Arab.xml,6021,.xml,bb5f672fffc2ba844a671c6f84acde3be8b7e5c677a7f1c1edc3577b5eb171b0,recurso,Extensión/directorio,,
system/libs/Zend/Locale/Data/ku_IQ.xml,347,.xml,d4feb518ae4fc0baeb0f984b2a09857dc6d3a0ddde1947f0bd5add10f480dea9,recurso,Extensión/directorio,,
system/libs/Zend/Locale/Data/ku_IR.xml,347,.xml,86a6b7d07c88a6abed0e82cf3f6a24e139df32a4e46135390fa4f9a27b50aced,recurso,Extensión/directorio,,
system/libs/Zend/Locale/Data/ku_Latn.xml,301,.xml,202d367cf05bdda0e7b6f8b30b88efcc7ac4142b30b8a6961726519dbd54802f,recurso,Extensión/directorio,,
system/libs/Zend/Locale/Data/ku_Latn_IQ.xml,327,.xml,9efb7b3e687252ece33591444b1d3be364fc8a2c05da5eedcdd85d017439ad4d,recurso,Extensión/directorio,,
system/libs/Zend/Locale/Data/ku_Latn_IR.xml,327,.xml,d6ffccdce1a7bb4d289fa00cd6a2c92513c427e63a4705c19f720e70941efb2f,recurso,Extensión/directorio,,
system/libs/Zend/Locale/Data/ku_Latn_SY.xml,327,.xml,087ea4bbe39e9ba4efa8ee5eaa34aa94d3b05c84138a4c5cc676d29ed4139ee1,recurso,Extensión/directorio,,
system/libs/Zend/Locale/Data/ku_Latn_TR.xml,327,.xml,27b7bf2baf08a4a125daf53cbdf8a336e28e00a5c3f0d21287cd8256b8660bc2,recurso,Extensión/directorio,,
system/libs/Zend/Locale/Data/ku_SY.xml,347,.xml,1ca5279d3e4b922239ae80985f5ab0f8b73321f5764becfda724dd76293e6a21,recurso,Extensión/directorio,,
system/libs/Zend/Locale/Data/ku_TR.xml,347,.xml,bd068e023904cefd1f63553981f5af6a9445697516d3553c1bd09384135d1a88,recurso,Extensión/directorio,,
system/libs/Zend/Locale/Data/kw.xml,6267,.xml,3a70fb5b83f871c1cf987f29ddee42acedc5b265e82d44a95e17f21530cd7064,recurso,Extensión/directorio,,
system/libs/Zend/Locale/Data/kw_GB.xml,302,.xml,cb75af6f43604e9151d7fd84a6a408518fd11d69da2d262c2334df0952a9ce03,recurso,Extensión/directorio,,
system/libs/Zend/Locale/Data/ky.xml,9937,.xml,d5d5b2918969dd542ae2419c622b5b4df778f40cded50b61f923a748bc2437f9,recurso,Extensión/directorio,,
system/libs/Zend/Locale/Data/ky_KG.xml,302,.xml,e3d4cd11f1e1352a8fbfbbd469b5fce5f7dab8c455baefc163b11c6d41ed9c56,recurso,Extensión/directorio,,
system/libs/Zend/Locale/Data/ln.xml,15585,.xml,57e9593938fa8ef4a99f473ed0ca90c86bf37fec16cef01e3290c5654817dc56,recurso,Extensión/directorio,,
system/libs/Zend/Locale/Data/ln_CD.xml,302,.xml,c6aff68753d0b51f2d24af53f2594cf2829d9c990c80689decbbd3eb37768438,recurso,Extensión/directorio,,
system/libs/Zend/Locale/Data/ln_CG.xml,302,.xml,33308422697c0d1c29a624d88e0cbcf7d5a74b4805b7293d9aef7f3776e6feb4,recurso,Extensión/directorio,,
system/libs/Zend/Locale/Data/lo.xml,29263,.xml,469f8907e17ee3a9e5256c4d8ad286db133bd88be23dafa2a95f1b8039e0029e,recurso,Extensión/directorio,,
system/libs/Zend/Locale/Data/lo_LA.xml,302,.xml,78d746c3b8c341c0999aad88a2f41305ea07c6c36a3aabdd3f59a3f676a43de3,recurso,Extensión/directorio,,
system/libs/Zend/Locale/Data/lt.xml,51439,.xml,b7c2405561f463eae03add0057b9370bf5e599e98c33db250320d2df27899cee,recurso,Extensión/directorio,,
system/libs/Zend/Locale/Data/lt_LT.xml,302,.xml,a74bbb2c046a91ceb05b3f02e06fad237edcbc4231e602b2319cf06680c1e2ca,recurso,Extensión/directorio,,
system/libs/Zend/Locale/Data/lv.xml,52414,.xml,964a21cca56ffc1869c8e8e20c5bf3eed3e6102b92176bbb9346511649aa8737,recurso,Extensión/directorio,,
system/libs/Zend/Locale/Data/lv_LV.xml,302,.xml,4a8de7bdfcff146e1f23fc3ce04748c84b9a581fc47ac1ebd507b0d875e5e5b4,recurso,Extensión/directorio,,
system/libs/Zend/Locale/Data/mk.xml,48309,.xml,4efdacff724128c7ef49eda5cd25cd480ccf2a292d58b56df2a08b66e82f4091,recurso,Extensión/directorio,,
system/libs/Zend/Locale/Data/mk_MK.xml,302,.xml,eeb430f22b68ce7c2e3b71329d481bd153b25991ef27bb8a78a6a8ad13f940d2,recurso,Extensión/directorio,,
system/libs/Zend/Locale/Data/ml.xml,39240,.xml,07900a29a988fcaf95e419bc8904577c3549bdaa97b39f80c2b3a9497083a304,recurso,Extensión/directorio,,
system/libs/Zend/Locale/Data/ml_IN.xml,302,.xml,bf2fd3335fde65a8448a074a5451ebcdccb0b92bbfdd7c5f6d9075da086a6067,recurso,Extensión/directorio,,
system/libs/Zend/Locale/Data/mn.xml,12309,.xml,9bef5574b04e5a39cac0256bcdaa57bc924b2c8a21de66181e77636c3a61399f,recurso,Extensión/directorio,,
system/libs/Zend/Locale/Data/mn_MN.xml,302,.xml,cb656d19b1a4c70eac67cab8e68c5945d90138a1563ca106c7d09c49a38f6b2f,recurso,Extensión/directorio,,
system/libs/Zend/Locale/Data/mr.xml,16321,.xml,c0340a65eb39797ea98f055308c72cae34a33d95ddae294b21d29a095f4db463,recurso,Extensión/directorio,,
system/libs/Zend/Locale/Data/mr_IN.xml,302,.xml,1c05f727163c6d001dff497fc9246cd572a865fb5b43d43c3290ecb38b3a6cde,recurso,Extensión/directorio,,
system/libs/Zend/Locale/Data/ms.xml,22867,.xml,3db39dccb1b3a3987066480b71f923eab9c191d685a51503dbd4f76c68aa65b1,recurso,Extensión/directorio,,
system/libs/Zend/Locale/Data/ms_BN.xml,1708,.xml,ad43dbfab73eca788e70d7dfc7935b728cd252c642a38ce3907573a7161389cc,recurso,Extensión/directorio,,
system/libs/Zend/Locale/Data/ms_MY.xml,302,.xml,576b318c7625185a9806763fcaa902d38e850b2e48a4f537d8803889161440d9,recurso,Extensión/directorio,,
system/libs/Zend/Locale/Data/mt.xml,45658,.xml,332078a9fa083cd89a596a0b3448b99ed5c15c0ec686c34a80b1d0842bf4db38,recurso,Extensión/directorio,,
system/libs/Zend/Locale/Data/mt_MT.xml,300,.xml,fcb19b91f6ff4f91cfca8f66a74d60784bd6eb76da5e548000b87652dc06a442,recurso,Extensión/directorio,,
system/libs/Zend/Locale/Data/my.xml,5345,.xml,cfd8e42c68817237986d59961fac82d5a619ef5851f5ebf2cfb8403ad0fd64e7,recurso,Extensión/directorio,,
system/libs/Zend/Locale/Data/my_MM.xml,300,.xml,abffd57544d5282cf935ffa8f63dad270ab412ab5ab9d906da5da2236355553e,recurso,Extensión/directorio,,
system/libs/Zend/Locale/Data/nb.xml,84997,.xml,04178b1502eef1014d3af7a04d3e68e56aca6f9538b80d17da382dba8132d58a,recurso,Extensión/directorio,,
system/libs/Zend/Locale/Data/nb_NO.xml,300,.xml,fe7df4831b07f548a59627d0f6077157b83d2751baf25d1e3944c9920e14145a,recurso,Extensión/directorio,,
system/libs/Zend/Locale/Data/ne.xml,12424,.xml,8e3265b42cbeac3ba745e3c7f676f24c76c99eca94cc1bdfc1d6b95721f040bb,recurso,Extensión/directorio,,
system/libs/Zend/Locale/Data/ne_NP.xml,300,.xml,94b214244d79ac560cdbcac3cd57e1fc1dd60eea6e7bb2186b8cb5e1bbc04467,recurso,Extensión/directorio,,
system/libs/Zend/Locale/Data/nl.xml,92118,.xml,1928c1a9582a6bce25465103616a69d1f2fd54f059f480d2bfed242a7f1e3fa1,recurso,Extensión/directorio,,
system/libs/Zend/Locale/Data/nl_BE.xml,1496,.xml,c8c63bdff86a7e11aca4205a3548d54a4e2c201ad844d53b8c7a730921326fce,recurso,Extensión/directorio,,
system/libs/Zend/Locale/Data/nl_NL.xml,300,.xml,36430c608ad45baaa7c121f859359873f5a52d493fe14f7e5af8cd4c582c94fc,recurso,Extensión/directorio,,
system/libs/Zend/Locale/Data/nn.xml,59104,.xml,1d3bb35d74efd0a011fad7971f3b747090a06a8bf36f02a8832a5b31e3f09cc3,recurso,Extensión/directorio,,
system/libs/Zend/Locale/Data/nn_NO.xml,300,.xml,0b08d94a7b4b43d44bc0b3bdecbc9978100d0f467e59c6c048d1f58c37813848,recurso,Extensión/directorio,,
system/libs/Zend/Locale/Data/nr.xml,6045,.xml,7d3facbfd653128dac56582b64d256c99d4ee1ce246a0d4626859a41d68a7882,recurso,Extensión/directorio,,
system/libs/Zend/Locale/Data/nr_ZA.xml,300,.xml,375b8e9de64ad90a2cb4c416e28301f35132df5fe4c27cedecd177c75ac26d02,recurso,Extensión/directorio,,
system/libs/Zend/Locale/Data/nso.xml,6129,.xml,fe50d57485cb025ba32d4557f21a50b0d433059e9a3f9aa103b3a27169859582,recurso,Extensión/directorio,,
system/libs/Zend/Locale/Data/nso_ZA.xml,301,.xml,26549175b8f455b282c0ec75b13b346a69bd6e2f21727929de3d1d5be4cf4cd0,recurso,Extensión/directorio,,
system/libs/Zend/Locale/Data/ny.xml,5825,.xml,fb90ccba31dfe072217baa249f12f12fae344305d51489021bad449d20a508e4,recurso,Extensión/directorio,,
system/libs/Zend/Locale/Data/ny_MW.xml,300,.xml,7d4ece1b14f176d716b427b0cdfaebb9a3da220421b960b1d7aa6fcbb2478169,recurso,Extensión/directorio,,
system/libs/Zend/Locale/Data/om.xml,11882,.xml,8749aa224146702ee80452f5008c0a86b718235b45e2ead3ccda928f3887f903,recurso,Extensión/directorio,,
system/libs/Zend/Locale/Data/om_ET.xml,300,.xml,6e5028e67c55da1e08c1790e1261d05dd6012aba55a0265a3ef4f2f148cc78b0,recurso,Extensión/directorio,,
system/libs/Zend/Locale/Data/om_KE.xml,426,.xml,50c8c737b6ae9f524331e7b194b1bb7572c1524cfe8f8eba62cda518db706389,recurso,Extensión/directorio,,
system/libs/Zend/Locale/Data/or.xml,7002,.xml,99b8f14ec0b4c279e963333de854c019fd033ab7c7a139ee2126b980b8d1431e,recurso,Extensión/directorio,,
system/libs/Zend/Locale/Data/or_IN.xml,300,.xml,9504ee6e42e65447ff5b9232f349a2f72d33e5287fc9525f3de690edee637261,recurso,Extensión/directorio,,
system/libs/Zend/Locale/Data/pa.xml,11284,.xml,e7cfae8177b42c50f2dc394600ced78818c5f544758095d1878019f180277011,recurso,Extensión/directorio,,
system/libs/Zend/Locale/Data/pa_Arab.xml,3626,.xml,1674716b4f600a941f2cc31547996a26d123f10af3bf6e1b62dd2aa45887fd45,recurso,Extensión/directorio,,
system/libs/Zend/Locale/Data/pa_Arab_PK.xml,325,.xml,26c4e02e64368e0ff8d338f9cfcc8f44a2408121951303be3c2e4285ee2298bd,recurso,Extensión/directorio,,
system/libs/Zend/Locale/Data/pa_Guru.xml,299,.xml,2d3505b0379a06ec03aea16051382128c0917dbc88e5f8fff4e5575de88c299a,recurso,Extensión/directorio,,
system/libs/Zend/Locale/Data/pa_Guru_IN.xml,325,.xml,8bc4434c782707fd64d1a6de055d42ef848b330bd414774f2731594c7936a4b0,recurso,Extensión/directorio,,
system/libs/Zend/Locale/Data/pa_IN.xml,345,.xml,d2b9b49984e75e564cbe70e8d0c04f64b35b1613334689ffa1cfe384c5fedbb9,recurso,Extensión/directorio,,
system/libs/Zend/Locale/Data/pa_PK.xml,345,.xml,1e277c2f3bd52097c2588b66ba0f245989cf2bc86b76bbfee262080318e3f1f4,recurso,Extensión/directorio,,
system/libs/Zend/Locale/Data/pl.xml,104884,.xml,aa290a485061bc31386c4d911c95c9e2f3621488f99e197cf59b2d54c8bfad0e,recurso,Extensión/directorio,,
system/libs/Zend/Locale/Data/pl_PL.xml,300,.xml,3c2df750ea3c3d79370fcbf8d58afa0aed469a42138bb5cb70fa5e9186863f51,recurso,Extensión/directorio,,
system/libs/Zend/Locale/Data/ps.xml,16840,.xml,1ebd520a25d18b89207843bee47e3060222fda596eb799de5137612dfabf1987,recurso,Extensión/directorio,,
system/libs/Zend/Locale/Data/ps_AF.xml,300,.xml,9a535541b25295618fec62ed019c31b0db395ac922d186eef632fc3f33c5d8b6,recurso,Extensión/directorio,,
system/libs/Zend/Locale/Data/pt.xml,119237,.xml,8c527b95777ab18e5512619961e4e0d35708d97e20bec6b4deb7f472175d1c7e,recurso,Extensión/directorio,,
system/libs/Zend/Locale/Data/pt_BR.xml,300,.xml,06649a974db43855e00c62d81d82fb051cf859aac71f6b02df1bb2c3130e6924,recurso,Extensión/directorio,,
system/libs/Zend/Locale/Data/pt_PT.xml,24854,.xml,023cf68a47a944a8e2b5520655a070053f28858412fc3b21816125a8a46469a1,recurso,Extensión/directorio,,
system/libs/Zend/Locale/Data/ro.xml,62554,.xml,d49d4c56189573a6900c28ead6c122177b4bd6b49f86fda81172c68d1e856834,recurso,Extensión/directorio,,
system/libs/Zend/Locale/Data/ro_RO.xml,300,.xml,06f3f7eece47b07aff9e248f27de3e4a52a62349cf5018c74ba6a300d4d7baa8,recurso,Extensión/directorio,,
system/libs/Zend/Locale/Data/root.xml,42370,.xml,281318e3adeb190bc0efe37b9dc0672a31885124302a51ff4361c5884cc54271,recurso,Extensión/directorio,,
system/libs/Zend/Locale/Data/ru.xml,138210,.xml,1c96f1a096edc4c6c896120761c398b95b4e772fb9ec9813e6a6d52ccec7e9e3,recurso,Extensión/directorio,,
system/libs/Zend/Locale/Data/ru_RU.xml,300,.xml,6683da9b2528c5dd8b911e41de675090d225906f7d7d8644bb754e7d87e58dd1,recurso,Extensión/directorio,,
system/libs/Zend/Locale/Data/ru_UA.xml,2371,.xml,79234191e3279aa44df55909bb0962a5fafb9f44059516c5a48912a875a71a67,recurso,Extensión/directorio,,
system/libs/Zend/Locale/Data/rw.xml,11203,.xml,48bd0cf026fea7e5941e00775cf6902095c1bbd6e1ceefcf0b953d72b5f806b5,recurso,Extensión/directorio,,
system/libs/Zend/Locale/Data/rw_RW.xml,300,.xml,8b2046f43582604d29395399947a073aab850a8334432214d8f50cd2da10dd13,recurso,Extensión/directorio,,
system/libs/Zend/Locale/Data/sa.xml,6746,.xml,b9bf380b93f8d62851daf66bec7d02ef0f9212b6312fcbefb00bbe820dd736bd,recurso,Extensión/directorio,,
system/libs/Zend/Locale/Data/sa_IN.xml,300,.xml,a527452ba384ec96b9d53ad8b0443bec6623652e6e7828cf92375fc0d97913c4,recurso,Extensión/directorio,,
system/libs/Zend/Locale/Data/se.xml,24894,.xml,71eb28ec9a653de83a00db476016e0511cb961a39c8edeedc82bbc7713e47342,recurso,Extensión/directorio,,
system/libs/Zend/Locale/Data/se_FI.xml,8243,.xml,af9033c8a59fd3d7bd85e655bc9c9d285f1b8f125c2024b25a2124199c6313d3,recurso,Extensión/directorio,,
system/libs/Zend/Locale/Data/se_NO.xml,300,.xml,6bb316609f10e2ca1fa45f02ec37b8b5cf52951e209df40cdbfbcba344c8737e,recurso,Extensión/directorio,,
system/libs/Zend/Locale/Data/sh.xml,316,.xml,0fac47822818f7b98d9ad0ce70f6252154efa1738c523e57b589943728e5b9cb,recurso,Extensión/directorio,,
system/libs/Zend/Locale/Data/sh_BA.xml,345,.xml,153b9998473c0628e5b8fcf53d8938c7cb1520e1ecf0ea55fa721cfe5d1c506c,recurso,Extensión/directorio,,
system/libs/Zend/Locale/Data/sh_CS.xml,345,.xml,90cfa24086d14bcd8a3439c5404e085867406d8617d22270214852938b56e096,recurso,Extensión/directorio,,
system/libs/Zend/Locale/Data/sh_YU.xml,345,.xml,1d913d938af35decced35c1ba9e1819ef1a42192ae5cd597df3e87f02f9f713b,recurso,Extensión/directorio,,
system/libs/Zend/Locale/Data/sid.xml,7918,.xml,354abdf5b83815af16b237ac05c1edcd4fb5d3baaec60305df5e61de699935e0,recurso,Extensión/directorio,,
system/libs/Zend/Locale/Data/sid_ET.xml,301,.xml,182aa654814a8904cf9d36c187e4011cc51aca9fe386efe37b1427be8c29f55e,recurso,Extensión/directorio,,
system/libs/Zend/Locale/Data/sk.xml,56067,.xml,cf21fb0fabb24f45d8fbd1028ef0a36ea15c7375caa26aea47e7ca3ca3df4ca1,recurso,Extensión/directorio,,
system/libs/Zend/Locale/Data/sk_SK.xml,300,.xml,c031deda6686ea33c5a8226cbcc319784a237e32337a7dbcded7efd996ebdfca,recurso,Extensión/directorio,,
system/libs/Zend/Locale/Data/sl.xml,45271,.xml,6ab3055b6465d0f6a733d79f9c609871f56098dbee651afb101b5a569357ea85,recurso,Extensión/directorio,,
system/libs/Zend/Locale/Data/sl_SI.xml,300,.xml,551f740173f8ac3705d5eb56a617de7477922ebd7e4024bcafbe9fb431bce62c,recurso,Extensión/directorio,,
system/libs/Zend/Locale/Data/so.xml,18509,.xml,9b3910dfddf712746f330ef67d2f443ecb6457e9b56b3958da23a30674619f61,recurso,Extensión/directorio,,
system/libs/Zend/Locale/Data/so_DJ.xml,492,.xml,23e7e4776dda7e2e04f628915c5bcc67e111f790c3a9133b2059471bc72d20e4,recurso,Extensión/directorio,,
system/libs/Zend/Locale/Data/so_ET.xml,492,.xml,35c519055acda62a2e92803bc1656b4602764b4ec38116cbab0968462e54a08c,recurso,Extensión/directorio,,
system/libs/Zend/Locale/Data/so_KE.xml,426,.xml,ef09650800ad52dd0dde91381a10d0cf3a722dcf636379c6fd1866991c828eb5,recurso,Extensión/directorio,,
system/libs/Zend/Locale/Data/so_SO.xml,300,.xml,e8d2c187ea79d43c4d250b62c91a7470e0c60f878a3002044ab79f2088d8083c,recurso,Extensión/directorio,,
system/libs/Zend/Locale/Data/sq.xml,19888,.xml,603bd11d527d6dd9920346c4719e0afcb59fd089014e563ba9cbac57db618274,recurso,Extensión/directorio,,
system/libs/Zend/Locale/Data/sq_AL.xml,300,.xml,b38537580959455154e4f436e7ac2fe4be176ee795955574ce31af4476148c0d,recurso,Extensión/directorio,,
system/libs/Zend/Locale/Data/sr.xml,69826,.xml,6b821f258542de334935779b1ad232c113632a0d24e8a11439d0687de4d1cbd7,recurso,Extensión/directorio,,
system/libs/Zend/Locale/Data/sr_BA.xml,345,.xml,e59cc7b1134d4a7059c2f93c6a9efc211a4b04d04a3f17ff5870dd00d12804b1,recurso,Extensión/directorio,,
system/libs/Zend/Locale/Data/sr_CS.xml,345,.xml,7c6e4564c4161b5b6716e127dfede8e3aa7af24aaacc58138f5c022d23dfce63,recurso,Extensión/directorio,,
system/libs/Zend/Locale/Data/sr_Cyrl.xml,301,.xml,9d5d18f09dbd1d1466d09e72a39d804cf6093e76202bea707a78a9bc2d749a54,recurso,Extensión/directorio,,
system/libs/Zend/Locale/Data/sr_Cyrl_BA.xml,2069,.xml,d5a68cf61b83d3cc8af1bb2f019da88e7e3bc702e494a7d51c964adad6416fba,recurso,Extensión/directorio,,
system/libs/Zend/Locale/Data/sr_Cyrl_CS.xml,370,.xml,f137a208496eadcdb1638a99036db1cc492571c18c86a25a7f2b5bfdab5ba6cc,recurso,Extensión/directorio,,
system/libs/Zend/Locale/Data/sr_Cyrl_ME.xml,325,.xml,61c16a2c9862d3810d981cdcfab16503a25233106e7f79c5f1686594534dc8c4,recurso,Extensión/directorio,,
system/libs/Zend/Locale/Data/sr_Cyrl_RS.xml,325,.xml,13dcec7380eaedd1b4e9957897bebe6f52f278942a70e55b1c2f59bb6b9295a2,recurso,Extensión/directorio,,
system/libs/Zend/Locale/Data/sr_Cyrl_YU.xml,370,.xml,a5faa7c59d6137e7b2d8881919ffcfca8125d869cb777c19d7e38ebefeb00ef4,recurso,Extensión/directorio,,
system/libs/Zend/Locale/Data/sr_Latn.xml,58927,.xml,c90f5e8f88b152f857a3384d3600940d79cdc10ae53a10cd97d80927fe8611dc,recurso,Extensión/directorio,,
system/libs/Zend/Locale/Data/sr_Latn_BA.xml,325,.xml,74e7800b6448e3345f3debe3515e5a8b3263c2fd7c977cd2a2be9d8317ffed4b,recurso,Extensión/directorio,,
system/libs/Zend/Locale/Data/sr_Latn_CS.xml,370,.xml,8722a7254e27ecc850668871fb94d4f327759b67ebd5ea72c6c3627d3164fced,recurso,Extensión/directorio,,
system/libs/Zend/Locale/Data/sr_Latn_ME.xml,994,.xml,c8c47f22d7ed4fe023db5db4c72622912ae357c8c35106f123951bb92b720ce9,recurso,Extensión/directorio,,
system/libs/Zend/Locale/Data/sr_Latn_RS.xml,996,.xml,21b42d3bc042e845478dbc5d44af2a545cff036f160b0acc1c9dbfb6cd340027,recurso,Extensión/directorio,,
system/libs/Zend/Locale/Data/sr_Latn_YU.xml,370,.xml,0e5c0f7e77cea2b8f5684b87b927c0dc443d34c8a2605b8df7369d964863fdba,recurso,Extensión/directorio,,
system/libs/Zend/Locale/Data/sr_ME.xml,345,.xml,a6c9616000159d55b732e558ea8d94eb33040d6020ac44f48b87f7b4920aa9d7,recurso,Extensión/directorio,,
system/libs/Zend/Locale/Data/sr_RS.xml,345,.xml,e2a3e5972919d2641c588121f9feadd6abdc3f26d0aa4606613cc173c2c34bb0,recurso,Extensión/directorio,,
system/libs/Zend/Locale/Data/sr_YU.xml,345,.xml,7f4b17204177707248f5c44d4b4f106c21c0d8bd4952f3bcadd7e7fb54e60169,recurso,Extensión/directorio,,
system/libs/Zend/Locale/Data/ss.xml,6058,.xml,35dd76bd227b27f929411569105d842d8ef40007c2064916f3ed0620148b0f93,recurso,Extensión/directorio,,
system/libs/Zend/Locale/Data/ss_ZA.xml,300,.xml,fec9f031837b2aa9c1e0b6c319b3853d86ea6b18d16d38f1f9a94da7d8477d30,recurso,Extensión/directorio,,
system/libs/Zend/Locale/Data/ssy.xml,1064,.xml,755d8d6aea6731040748876ef95f4957b2edd5a8f53d523c60155df06505ccec,recurso,Extensión/directorio,,
system/libs/Zend/Locale/Data/st.xml,10251,.xml,373d514c4ac1013c99a615d8e81c43471252632f903a646b7297090707803e00,recurso,Extensión/directorio,,
system/libs/Zend/Locale/Data/st_ZA.xml,300,.xml,6c33e313ae1e939ba8520107846edda9877cdfd0eb5c0c31f4a7af1dad3e4545,recurso,Extensión/directorio,,
system/libs/Zend/Locale/Data/supplementalData.xml,268011,.xml,c01e2a6ab298cf856da0abde63c3b7558634aac0d70e2e699366ab78a60476a2,recurso,Extensión/directorio,,
system/libs/Zend/Locale/Data/sv.xml,104688,.xml,c4f646d4c9421c6200e7ef550ac6bcf256d2f77b745a1426addf843bdbebf812,recurso,Extensión/directorio,,
system/libs/Zend/Locale/Data/sv_FI.xml,4065,.xml,78c9817f67d7792a7bad11ada7a1e7923dedd4058291fbc25d565e55ec683352,recurso,Extensión/directorio,,
system/libs/Zend/Locale/Data/sv_SE.xml,300,.xml,2f71e069f6c77be5bf12a52d4496b7ca5a73e29e1ea12dec90ec08d75952eee2,recurso,Extensión/directorio,,
system/libs/Zend/Locale/Data/sw.xml,15260,.xml,2b136d6c8a8036eb20670c446b470a40c585901eb36d4ed90bfb9bde76b0ff0b,recurso,Extensión/directorio,,
system/libs/Zend/Locale/Data/sw_KE.xml,504,.xml,8c4e0f7458ddca313c3caff4bb19b3458ea22d7f4060de98334b65aeea48b9ac,recurso,Extensión/directorio,,
system/libs/Zend/Locale/Data/sw_TZ.xml,300,.xml,6543dbdd3a5a779df3c5622d57de0936d5c8b98870fd83f07c0134416fc6ed13,recurso,Extensión/directorio,,
system/libs/Zend/Locale/Data/syr.xml,6577,.xml,00f4c82e5cc4d3225648cdce09478a5d6307037ee8392857ed4987aae7dc7def,recurso,Extensión/directorio,,
system/libs/Zend/Locale/Data/syr_SY.xml,301,.xml,0e64b4b4ccf93d1c86a119b575ac74c20980f5b400f826f5553a3dc3ec774365,recurso,Extensión/directorio,,
system/libs/Zend/Locale/Data/ta.xml,27278,.xml,d5b87b7a09944bc468d50d83a9f9d0e02d2ca66d37be9e5576e4c76816119a28,recurso,Extensión/directorio,,
system/libs/Zend/Locale/Data/ta_IN.xml,300,.xml,b3972ef2f4570c4ed113e54dea72a15d53b3b1db54061d17e0bbc7cf390f9408,recurso,Extensión/directorio,,
system/libs/Zend/Locale/Data/te.xml,12940,.xml,0291592788610b01f3beeed37bce270b3adebe9b1c9ad19065aba5f3c8124fab,recurso,Extensión/directorio,,
system/libs/Zend/Locale/Data/te_IN.xml,300,.xml,ad3380c63181755735ebe6ea7613f18fa5b6ea6d24fd663c5a819201ad120b3a,recurso,Extensión/directorio,,
system/libs/Zend/Locale/Data/tg.xml,9451,.xml,a9835dd443c4ee78e5e43c65a9594083c6dfb3ffc2e3166102eb18a53be0e215,recurso,Extensión/directorio,,
system/libs/Zend/Locale/Data/tg_TJ.xml,300,.xml,25dfdf388b2f4fb8800271a0c0763d134c096a415045f268cc7ceb5f4f161e8a,recurso,Extensión/directorio,,
system/libs/Zend/Locale/Data/th.xml,156761,.xml,948e045873ef773cd509dcf08f5204071d921efe9510b3f135f76ecb431715a2,recurso,Extensión/directorio,,
system/libs/Zend/Locale/Data/th_TH.xml,300,.xml,f165bafbc7774847cbfeea40551e85aa1dc278d4eda04fa1220970c8fa4585ec,recurso,Extensión/directorio,,
system/libs/Zend/Locale/Data/ti.xml,12685,.xml,01264561e6517c3a3b40c012cb0932e1cf95f5acbbe075909e99f23564d3be4b,recurso,Extensión/directorio,,
system/libs/Zend/Locale/Data/ti_ER.xml,2974,.xml,f540460563a34b4ef5a7d2802a0107d831677743655b18388373cbc6505c9b50,recurso,Extensión/directorio,,
system/libs/Zend/Locale/Data/ti_ET.xml,300,.xml,d027b62dc8118e6045ef212d7f38d4a614aede60f7206225aeecd35bc6e64c2c,recurso,Extensión/directorio,,
system/libs/Zend/Locale/Data/tig.xml,22021,.xml,d660d5c8478b24372ed1606eca986704fd4a04c3239107f1e551ab6c88a48fe8,recurso,Extensión/directorio,,
system/libs/Zend/Locale/Data/tig_ER.xml,301,.xml,f301cf220f0749b5ad42798e271a9cb039573dc39f644477c3a3ab108e7d3d49,recurso,Extensión/directorio,,
system/libs/Zend/Locale/Data/tn.xml,9622,.xml,8f89e6549e13e0193021c5f166971dc0a2858b0174bdb8e82e4cbc87466c959b,recurso,Extensión/directorio,,
system/libs/Zend/Locale/Data/tn_ZA.xml,300,.xml,03ebfad4f5172d534f8bb02ddce40428006d5fd6ee9bca6138601279ba5b44c4,recurso,Extensión/directorio,,
system/libs/Zend/Locale/Data/to.xml,17712,.xml,785c4c93a1ee61c0cd3662250497285cf15a32759cfec10bc5f3d70ea84b9c6c,recurso,Extensión/directorio,,
system/libs/Zend/Locale/Data/to_TO.xml,300,.xml,1bfb2828b3e8a6cd84bedb8963f0af8f0401881f7e38f10fe251ebe370462e7c,recurso,Extensión/directorio,,
system/libs/Zend/Locale/Data/tr.xml,134670,.xml,b2913782bfef5fb656fef465bb1c5e2120ef7b64025d824d57bd16e31680a578,recurso,Extensión/directorio,,
system/libs/Zend/Locale/Data/tr_TR.xml,300,.xml,63e77501c81d257b822832616d13d279ac15543cbb3580e104497fd53d8721e9,recurso,Extensión/directorio,,
system/libs/Zend/Locale/Data/Translation.php,3189,.php,ea46f86947bfa8618c9c464b7e88039ee6ab1b71addeb47c394da0fd925c38a1,código interno / dependencia,Biblioteca; presencia no prueba uso,1,
system/libs/Zend/Locale/Data/ts.xml,7232,.xml,509a253ff310df60bb41bef1fdbd23e1bb71d2bab6b0b020d4e51ac82d82d221,recurso,Extensión/directorio,,
system/libs/Zend/Locale/Data/ts_ZA.xml,300,.xml,e394d3ce6d191a3b6bcad37cf3d88edcdd74c914acbc1f6de3e59f9d875c9f5a,recurso,Extensión/directorio,,
system/libs/Zend/Locale/Data/tt.xml,6306,.xml,36983904d732120d77dcb0cbc5a018a401494516b9b69aa89b7b80881713ea78,recurso,Extensión/directorio,,
system/libs/Zend/Locale/Data/tt_RU.xml,300,.xml,2cbe7738b4ca27dfe277e503ad0f0bfaeee72d0c0d984ab74fdf4597d8157783,recurso,Extensión/directorio,,
system/libs/Zend/Locale/Data/ug.xml,5526,.xml,8383063ec3415463edaed9856039f821a7b9b6e4d5fe4964521456b011aa32bf,recurso,Extensión/directorio,,
system/libs/Zend/Locale/Data/uk.xml,140434,.xml,b57e9778708ee1e01a5c5f17369bc455cd3a64b2f278c0eed66f78fc4260e8bc,recurso,Extensión/directorio,,
system/libs/Zend/Locale/Data/uk_UA.xml,300,.xml,b0707ebf3e7a72e2247ddeab1a383e71f86508e4787f9eb38acdfbebf72ff239,recurso,Extensión/directorio,,
system/libs/Zend/Locale/Data/und.xml,275,.xml,bd4b0c55ee5d130807441e4da6fbbf69d702c282401b48e8b2fd61508b54d105,recurso,Extensión/directorio,,
system/libs/Zend/Locale/Data/und_ZZ.xml,301,.xml,58bdf039cfec34c9cca28d9313804612978c03040caff01cc7c7a24d0d0b2496,recurso,Extensión/directorio,,
system/libs/Zend/Locale/Data/ur.xml,31498,.xml,2608a772739f126fb50f58a2fc434519c352343d3ce252f46cab8571c0054c4e,recurso,Extensión/directorio,,
system/libs/Zend/Locale/Data/ur_IN.xml,300,.xml,4a8ddcaa41a10acedb5cdf4cc216d118b2971bbf585dcad827bee5d5b30d5016,recurso,Extensión/directorio,,
system/libs/Zend/Locale/Data/ur_PK.xml,300,.xml,5893fed3e4454f9289c0bd731dd7c53103b34c47884cfa18725fc8cbf43ab6e7,recurso,Extensión/directorio,,
system/libs/Zend/Locale/Data/uz.xml,8799,.xml,ed34b5a4a33fe16fbe8a30f83f3248717b85cd977743b8c351fa41df1da6eab5,recurso,Extensión/directorio,,
system/libs/Zend/Locale/Data/uz_AF.xml,345,.xml,72e113f56017d8c17136c2d3ba9a4dcef05927bd8631e06840af0bfbc0e74af5,recurso,Extensión/directorio,,
system/libs/Zend/Locale/Data/uz_Arab.xml,5042,.xml,206299297fe3333f1bdd63165c12c317a487459f2fb231c9856468f9042e78b2,recurso,Extensión/directorio,,
system/libs/Zend/Locale/Data/uz_Arab_AF.xml,325,.xml,9750b4a5ecc324ff59ac5b5cd306b4bf1fc110dbe0204cef10ae72b64aa12139,recurso,Extensión/directorio,,
system/libs/Zend/Locale/Data/uz_Cyrl.xml,299,.xml,89baa717edb9f57e667ddc35b6a7d6832535a44d7451000fb3a558eaabb60a05,recurso,Extensión/directorio,,
system/libs/Zend/Locale/Data/uz_Cyrl_UZ.xml,325,.xml,1a77b8619651965047b54f9dd732c6a0732b1ba83e2bcc513429c9ec0d0c0897,recurso,Extensión/directorio,,
system/libs/Zend/Locale/Data/uz_Latn.xml,5482,.xml,47f6d07060c87abbaacce98479cabc583e7baac8d5d88a2d53ea19d27082c61e,recurso,Extensión/directorio,,
system/libs/Zend/Locale/Data/uz_Latn_UZ.xml,325,.xml,cf82ceb6fd8abfbf31ace92f677e978ddee5e1b9c21e086581b9dbca52c0150a,recurso,Extensión/directorio,,
system/libs/Zend/Locale/Data/uz_UZ.xml,345,.xml,be0511267d4c9b38f91b43ae01660e8ee45f2c1a7e19c527199a75d5cb2c895d,recurso,Extensión/directorio,,
system/libs/Zend/Locale/Data/ve.xml,6265,.xml,185b9be5655313fb744a09d7b3a70007517bb501498608245c1b28f1dd3f272c,recurso,Extensión/directorio,,
system/libs/Zend/Locale/Data/ve_ZA.xml,300,.xml,53b92712655ef60945af2259f8f281e68021f6543304b85cd2ef5b00324fff57,recurso,Extensión/directorio,,
system/libs/Zend/Locale/Data/vi.xml,34441,.xml,cff205d91a56ef3f9c24af268c86c323238778df74c91f469a64a5b091abf9ab,recurso,Extensión/directorio,,
system/libs/Zend/Locale/Data/vi_VN.xml,300,.xml,b4a16bbe1bcbab4f44234360d3e7a459443a5d182f3848ecf54beb5a16cd2ce7,recurso,Extensión/directorio,,
system/libs/Zend/Locale/Data/wal.xml,15451,.xml,33ed38e66cabbe53bb6dd9d91f35c62cafe7a711cd90e8097f801a36ffb8ad4e,recurso,Extensión/directorio,,
system/libs/Zend/Locale/Data/wal_ET.xml,301,.xml,1232bb6087a54204743218724e4f33111136afa829906c33b25efcb764f7fe10,recurso,Extensión/directorio,,
system/libs/Zend/Locale/Data/wo.xml,6038,.xml,3815052101bef8ba4d206f4b6dcb9eb5df30bc9e8a981d4d568b3a2f955ce809,recurso,Extensión/directorio,,
system/libs/Zend/Locale/Data/wo_Arab.xml,299,.xml,a64b7b6cf71f1165ef368a319f902ab0302c35aeff5b97ecfadbf18afa07a470,recurso,Extensión/directorio,,
system/libs/Zend/Locale/Data/wo_Arab_SN.xml,325,.xml,c09539796a4ff5ea70a98aa2fcb12101a0aa7287649cd28a833b2f3d60f7ed9e,recurso,Extensión/directorio,,
system/libs/Zend/Locale/Data/wo_Latn.xml,299,.xml,abdf85cc8e96b71dc0b6d4e367ccb3ce4824547e728afdfb1762d21fee4e3be2,recurso,Extensión/directorio,,
system/libs/Zend/Locale/Data/wo_Latn_SN.xml,325,.xml,00b6a2f95fbe77798dadc1758a54bea34e3883df62e4c68145e1068d981abd1a,recurso,Extensión/directorio,,
system/libs/Zend/Locale/Data/wo_SN.xml,300,.xml,09d45292b1d7dc75d15280bf9487b96dfb1452f12a34e14971ec809661d060b1,recurso,Extensión/directorio,,
system/libs/Zend/Locale/Data/xh.xml,11132,.xml,b52cfe54f4b7ac4f78f0eeacac28698d1413ad7caa0f48610a370b242750d2b6,recurso,Extensión/directorio,,
system/libs/Zend/Locale/Data/xh_ZA.xml,300,.xml,82cb1a9838a7177faf1bbc97ab6f38b4df83323b41c9357c0ecedbffc38d5e08,recurso,Extensión/directorio,,
system/libs/Zend/Locale/Data/yo.xml,10884,.xml,571000d9e68e8c8544a37dab14bf1deb1e8d1e954bb81fe349bc5f2c8ed07890,recurso,Extensión/directorio,,
system/libs/Zend/Locale/Data/yo_NG.xml,300,.xml,888128dd0a9eecf606f69da62f35185c7448190e1d64fd3fc05ddb4f09ec343f,recurso,Extensión/directorio,,
system/libs/Zend/Locale/Data/zh.xml,162097,.xml,86c4cd783c9f142c245353e3e4177e139aeecef3531331595003b5280454c7e5,recurso,Extensión/directorio,,
system/libs/Zend/Locale/Data/zh_CN.xml,345,.xml,dbf7c5b05dc30ca852d8c15d66baab29deb503fdb09c671f795dd4ac6f8be79a,recurso,Extensión/directorio,,
system/libs/Zend/Locale/Data/zh_Hans.xml,301,.xml,118e970b43ab922cd9a178ac673029822a2dd360cae6b9f14ce0e4957fcfd4c5,recurso,Extensión/directorio,,
system/libs/Zend/Locale/Data/zh_Hans_CN.xml,325,.xml,12aff76cb7e4ee8874ce56d9819a6d8768f599d5aae96830dc6a351135c4c6c0,recurso,Extensión/directorio,,
system/libs/Zend/Locale/Data/zh_Hans_SG.xml,1286,.xml,8fd5bcf71e3871f86e76de35532aa171fe69b86142a812af9e36fb4088e3a2e4,recurso,Extensión/directorio,,
system/libs/Zend/Locale/Data/zh_Hant.xml,131308,.xml,43b74bca9dfb0d4b57cee6d28d9f4f5599c1c5e748c22225fcbc09431a061703,recurso,Extensión/directorio,,
system/libs/Zend/Locale/Data/zh_Hant_HK.xml,1753,.xml,3b6a32102b6b666fcc1bd8b9ab3a7fe3f2d8fc8aa385c20d439c540fe44a92ff,recurso,Extensión/directorio,,
system/libs/Zend/Locale/Data/zh_Hant_MO.xml,1945,.xml,7797a412909b4d2214e633b4650ef05fb36129d785c414fae70e73660c7c3572,recurso,Extensión/directorio,,
system/libs/Zend/Locale/Data/zh_Hant_TW.xml,325,.xml,6f637e82e58ecf0ce501368a8c1b515e57104b5d57071e96fdd43833272990cc,recurso,Extensión/directorio,,
system/libs/Zend/Locale/Data/zh_HK.xml,345,.xml,d28268e25b5dc80b6daa5c24027e330742ed67e798983cf98581c7850d16a65c,recurso,Extensión/directorio,,
system/libs/Zend/Locale/Data/zh_MO.xml,345,.xml,2dfcdc305bd96d2afe594206d9c866c015c17a5013c766ee63790f5aa28278fa,recurso,Extensión/directorio,,
system/libs/Zend/Locale/Data/zh_SG.xml,345,.xml,0e9a7f976f03a0841aeb1ce68e1bb6bffb6779bf00466801bae31d64f7e0292e,recurso,Extensión/directorio,,
system/libs/Zend/Locale/Data/zh_TW.xml,345,.xml,08fa8c4a2dd716bef589b5e3d5de31390dfe4e84846adba5f89bbb8c03d9d222,recurso,Extensión/directorio,,
system/libs/Zend/Locale/Data/zu.xml,11122,.xml,4b7a9f36356af4c47b1527164915dbeaccb4696bd319d908e841247ea32cc968,recurso,Extensión/directorio,,
system/libs/Zend/Locale/Data/zu_ZA.xml,300,.xml,becc0c51f27c0ed66da70e7307379bada6798db2ccc7c1225ccfec0c5a9a4104,recurso,Extensión/directorio,,
system/libs/Zend/Locale/Data.php,58252,.php,42a2ffaedf6c33e977ae37ee2567a65e247664dd12be5a640ebfc18a244058b3,código interno / dependencia,Biblioteca; presencia no prueba uso,2,
system/libs/Zend/Locale/Exception.php,1131,.php,5d060e154b4ecdc519121a5769d357748ca645f3da1a19871dfebde9f4e94749,código interno / dependencia,Biblioteca; presencia no prueba uso,31,
system/libs/Zend/Locale/Format.php,48621,.php,d9d2d971e132a19653f4f902cd5cdd46fd4b0d3eb27b07db2fe85bb65c156a34,código interno / dependencia,Biblioteca; presencia no prueba uso,0,
system/libs/Zend/Locale/Math/Exception.php,1566,.php,3d5f5bf02c36af1dcbbf81024ea520fdfc387be566f961141f4cc41529b215fb,código interno / dependencia,Biblioteca; presencia no prueba uso,31,
system/libs/Zend/Locale/Math/PhpMath.php,8543,.php,2a3dd7b2b864c9ff66cafdd3bfa99141b44eea17e783c68fee9f01fab6cd5a8f,código interno / dependencia,Biblioteca; presencia no prueba uso,1,
system/libs/Zend/Locale/Math.php,5650,.php,de21006cb6746273e2160d5011b5fa3fdf3d31abd1f9e8d1e3ef651dfcd496b8,código interno / dependencia,Biblioteca; presencia no prueba uso,2,
system/libs/Zend/Locale.php,31038,.php,517055dd986c91e0532cfd7157c6481298d43635be5f35ae9a51d4e7d980c727,código interno / dependencia,Biblioteca; presencia no prueba uso,10,
system/libs/Zend/Translate/Adapter/Array.php,3037,.php,d7b44ec4567a160e500060909396cf14e8082e7759cbd4acc181343c0fc2fa41,código interno / dependencia,Biblioteca; presencia no prueba uso,1,
system/libs/Zend/Translate/Adapter/Csv.php,4706,.php,ad1cd3c6ee16b26344aff662df6f313d9d3c80e5695d2fad6f8c8b5097270820,código interno / dependencia,Biblioteca; presencia no prueba uso,0,
system/libs/Zend/Translate/Adapter/Gettext.php,5323,.php,abb5c596dd74cc4a04f997f5a384eb0807fc0784535bbb41fcca224063a8b288,código interno / dependencia,Biblioteca; presencia no prueba uso,0,
system/libs/Zend/Translate/Adapter/Qt.php,5638,.php,ea33c8553760882bcb34f23b8ca2c8fb225bc88b1d4354405aa00a4ea891773b,código interno / dependencia,Biblioteca; presencia no prueba uso,0,
system/libs/Zend/Translate/Adapter/Tbx.php,6216,.php,b288c61cd0eb4f879d348f4200e611a23d38849a0b02039b2d8374d14a28bee5,código interno / dependencia,Biblioteca; presencia no prueba uso,0,
system/libs/Zend/Translate/Adapter/Tmx.php,6271,.php,5d944a9791f58a2f78baafc148fac6b4af5a25818af3f21aaa5f835fdc706d75,código interno / dependencia,Biblioteca; presencia no prueba uso,0,
system/libs/Zend/Translate/Adapter/Xliff.php,7521,.php,4c298de0e82435955173e5b37a9b1bf8568a92febb457adbf7ed79f89f7830f0,código interno / dependencia,Biblioteca; presencia no prueba uso,0,
system/libs/Zend/Translate/Adapter/XmlTm.php,4957,.php,9b40d8e0e36a46f0001adb624eb9ceb8353e621cf79f805f435a202c85e142e3,código interno / dependencia,Biblioteca; presencia no prueba uso,0,
system/libs/Zend/Translate/Adapter.php,18115,.php,835f32114633db3d14b356ec8e3b460001649b9fbc3f7ccba3b846d8308b90ff,código interno / dependencia,Biblioteca; presencia no prueba uso,12,
system/libs/Zend/Translate/Exception.php,1142,.php,91dbc90b1eab5ea130ba81ea7cf0130ed3506fcab86caa9b531e506f58091f8c,código interno / dependencia,Biblioteca; presencia no prueba uso,31,
system/libs/Zend/Translate.php,5076,.php,6616fb804529b8c9b408abbb8f42c2b47f21db62f40abe6160572c4cb8283a52,código interno / dependencia,Biblioteca; presencia no prueba uso,0,
system/Marcas.php,187,.php,2488821e3ff68c34efdb9555edb1ceba17678b90fe345caec0fbe7b0a4ed2ef8,endpoint / código interno,Revisar referencias en dependency-inventory.csv,2,
system/player/player.swf,36445,.swf,224cca5c6f38b5c3ad0d12b301a69b51d6eb6dd772853d41e7687a35e2efc1dd,recurso,Extensión/directorio,,
system/Productos.php,190,.php,2049c7663358678d52ef7a026611ef1cb76b2c128e4a0efe2f2f743e88a8207d,endpoint / código interno,Revisar referencias en dependency-inventory.csv,2,
system/view/AudioMain.php,1523,.php,261190008c00bcb9e4228e0b177e6563675177cf898eadf6fe6cc2a973f4b564,template,Vista Savant; uso concreto requiere controlador,0,
system/view/AudioMultimedia.php,1060,.php,a0be9292ce93913a9ebb5a11e53dfe27b909e0088bfb970000751497652aef5b,template,Vista Savant; uso concreto requiere controlador,0,
system/view/AudioView.php,189,.php,a7577f03967486723cbc9fae711d08480eb011d2a13c061b5f1f81d579fb044e,template,Vista Savant; uso concreto requiere controlador,0,
system/view/BenefitsMain.php,647,.php,7070a7e2899382110138ceced4ae90dc802ee61f00e76b71075b7fd29e4a867a,template,Vista Savant; uso concreto requiere controlador,0,
system/view/BenefitsView.php,188,.php,9beb0e40dda5b8ad137efa35a779f163522f92a222ef00dd1a57c4b0bb4cee36,template,Vista Savant; uso concreto requiere controlador,0,
system/view/CategoriasMain.php,4583,.php,ebd29cf8898cddf84a52be717c7061560c88029a8a503620ca6defb9994a5204,template,Vista Savant; uso concreto requiere controlador,1,
system/view/CategoriasView.php,204,.php,0c028b71c6093ce66d68a94f119f59b1992028ddb42e47369edf1cd596bfb85f,template,Vista Savant; uso concreto requiere controlador,1,
system/view/ClusterMain.php,637,.php,095cc34f0992d63a279f83c44546a06138f16576638849799fd101d1a1536d66,template,Vista Savant; uso concreto requiere controlador,0,
system/view/ClusterView.php,185,.php,216a7741b4d06e96305f63076227575304e8583d859fd41cbbca92ad57e54b6a,template,Vista Savant; uso concreto requiere controlador,0,
system/view/InventarioLogMain.php,719,.php,ca7f5c31d1b17ce0367c25a9ff0c2d0975b68164594e1f4439c266a5e7e1b15d,template,Vista Savant; uso concreto requiere controlador,0,
system/view/InventarioLogView.php,213,.php,0a1f9daefca19f30709235e68ed33bb9e9d1f921caf046a5972ecb8fbee6a781,template,Vista Savant; uso concreto requiere controlador,0,
system/view/InventarioMain.php,689,.php,69dee98f4400b86478608bca404644aa7137553141cf84a143ea6f541ea0d377,template,Vista Savant; uso concreto requiere controlador,0,
system/view/InventarioSucursalMain.php,769,.php,1bc0a0e3b88ebb0529b21ed55c63c70e01453e887e49e7c7fe5752dde4ff5d16,template,Vista Savant; uso concreto requiere controlador,0,
system/view/InventarioSucursalView.php,228,.php,b342b6cae3aa2f121b0654d67c7369c513cdb5056a8aaac94fc8166a60933595,template,Vista Savant; uso concreto requiere controlador,0,
system/view/InventarioView.php,204,.php,f3534281e35daa81178201f35d8741544a551bbac7dfb83e85ec7c1e4f61d9eb,template,Vista Savant; uso concreto requiere controlador,0,
system/view/LogMain.php,597,.php,069c421dd5149d775d7ff5400a965a7ac761ce023bcf075718b49c020f18c970,template,Vista Savant; uso concreto requiere controlador,0,
system/view/LogView.php,173,.php,fea065c6bda12891afd7a8fcb41422fdd1d835fa558090c85ea605239b379e3b,template,Vista Savant; uso concreto requiere controlador,0,
system/view/MarcasMain.php,649,.php,b66b537d6eec15d7ae9435b88b07ea81aab5a1f6703b6fb3d1e4f79af4ffb5e9,template,Vista Savant; uso concreto requiere controlador,1,
system/view/MarcasView.php,192,.php,305b5c783233e8bd4c5f13e8a8129d6a044df39d34ed69ea7a03c5e345f374b3,template,Vista Savant; uso concreto requiere controlador,1,
system/view/ProductosMain.php,10265,.php,09ef3c7ad00ebf1125b016f441c784a2f91948f3c3140589b5fa50e0f80633fb,template,Vista Savant; uso concreto requiere controlador,1,
system/view/ProductosView.php,4579,.php,7ef838071584aed30ea6896534b47ef6ad956ee41a29e662370581ffb1193d24,template,Vista Savant; uso concreto requiere controlador,1,
system/view/ReporteMain.php,659,.php,b79ddc19d05ba4f42686495b65e40084354b197b484154661d688f18d5106409,template,Vista Savant; uso concreto requiere controlador,0,
system/view/ReporteView.php,195,.php,68473a70d1f669fbe124e1de1df5d16ff2b82f5fe392587e1eebb65ffdc85ed2,template,Vista Savant; uso concreto requiere controlador,0,
system/view/RequisicionesMain.php,719,.php,da61d3168e70d970a4e18aeb8a97b19eb15d61cf62d965f6123830e999a585a4,template,Vista Savant; uso concreto requiere controlador,0,
system/view/RequisicionesView.php,213,.php,296c7d0ed743ca31fa0d3c2ca5039cc5433588300a0786c7a5d44f751c0b18fe,template,Vista Savant; uso concreto requiere controlador,0,
system/view/SucursalesMain.php,689,.php,9052b4adddfbb696e84861626d5be674d44141c5c502cc86ec122a95fd9939d1,template,Vista Savant; uso concreto requiere controlador,0,
system/view/SucursalesView.php,204,.php,27a0a24a742e7fd02c366a776bae43bc1d8fb986e2b2c38e42df8460b09d34c8,template,Vista Savant; uso concreto requiere controlador,0,
tiras-plasticas-hawaianas.php,3206,.php,de7a446feac4d1e89cfbf47b138761ae518ea063c21dab2f20d8e25bce45251f,producto (probable por estructura),Incluye cabecera pública,0,detalle-estatico
tiras-plasticas.php,2453,.php,4465e96fa8126e750d8c8330d58ddc43e05361ff519c48fd5d2807d3113bab94,categoría / landing SEO (probable),Incluye cabecera pública,3,listado-estatico
traffic.php,3796,.php,d76a06c3e1e92b0cfb979f58547ea5fcb9ce631a98d302ac50059a9cba467d60,producto (probable por estructura),Incluye cabecera pública,1,detalle-estatico
upper-up8e-barreras-automaticas-de-hasta-8-m.php,3681,.php,6b948471448ce0cc1c16a0a7b197dd6d2f5b45282d2772371069ca9f4d7a6b2e,producto (probable por estructura),Incluye cabecera pública,3,detalle-estatico
vertigo.php,4827,.php,c31fd2e7f7a803d76d7e11e3822e89d2b906aa193ddd071a9bd8d680fc187eae,producto (probable),Incluye cabecera pública,3,detalle-estatico
wayne-dalton.php,9111,.php,8a6074ee4d902e3c17ed638fd0d6a46bdd9f9e0e1cc93590737f2a00f7c514b7,marca,Incluye cabecera pública,4,listado-marca
wel-aotmatizacion-de-puertas-peatonales-pequena-y-robusta.php,9544,.php,d8668ce7a2c49a4ec1ecf1c3c1c3dd2dcf97ce23f7f323b02fa2e0b5e4ca085e,producto (probable por estructura),Incluye cabecera pública,2,detalle-estatico
xel-5-selector-de-llave.php,3540,.php,b3bc079f938867b5a6b840997cebe8e25e7d93b444b8367c9731d885efa4b4b0,producto (probable por estructura),Incluye cabecera pública,1,detalle-estatico
