source,src,alt,alt_present
1500-revolving-door.php,images/logo-white@2x.png,PSI | Puertas y Servicios Industriales,True
1500-revolving-door.php,images/logo-white@2x.png,PSI | Puertas y Servicios Industriales,True
1500-revolving-door.php,images/logo-black-big@2x.png,PSI | Puertas y Servicios Industriales,True
1500-revolving-door.php,images/revolving.jpg,,True
1500-revolving-door.php,images/logo-white@2x.png,PSI,True
accesorios.php,images/logo-white@2x.png,PSI | Puertas y Servicios Industriales,True
accesorios.php,images/logo-white@2x.png,PSI | Puertas y Servicios Industriales,True
accesorios.php,images/logo-black-big@2x.png,PSI | Puertas y Servicios Industriales,True
accesorios.php,images/verficha.png,Ver ficha técnica,True
accesorios.php,images/accesorios.png,,True
accesorios.php,images/logo-white@2x.png,PSI,True
accesspro-fs1000speed.php,images/logo-white@2x.png,PSI | Puertas y Servicios Industriales,True
accesspro-fs1000speed.php,images/logo-white@2x.png,PSI | Puertas y Servicios Industriales,True
accesspro-fs1000speed.php,images/logo-black-big@2x.png,PSI | Puertas y Servicios Industriales,True
accesspro-fs1000speed.php,images/verficha.png,Ver ficha técnica,True
accesspro-fs1000speed.php,images/accesspro.jpg,AccessPRO FS1000SPEED,True
accesspro-fs1000speed.php,images/logo-white@2x.png,PSI,True
automatismos-para-cancelas-cubic.php,images/logo-white@2x.png,PSI | Puertas y Servicios Industriales,True
automatismos-para-cancelas-cubic.php,images/logo-white@2x.png,PSI | Puertas y Servicios Industriales,True
automatismos-para-cancelas-cubic.php,images/logo-black-big@2x.png,PSI | Puertas y Servicios Industriales,True
automatismos-para-cancelas-cubic.php,images/piso.jpg,CUBIC Automatismos ocultos al piso.,True
automatismos-para-cancelas-cubic.php,images/logo-white@2x.png,PSI,True
barreras-estacionamiento-moovi50rm.php,images/logo-white@2x.png,PSI | Puertas y Servicios Industriales,True
barreras-estacionamiento-moovi50rm.php,images/logo-white@2x.png,PSI | Puertas y Servicios Industriales,True
barreras-estacionamiento-moovi50rm.php,images/logo-black-big@2x.png,PSI | Puertas y Servicios Industriales,True
barreras-estacionamiento-moovi50rm.php,images/verficha.png,Ver ficha técnica,True
barreras-estacionamiento-moovi50rm.php,images/moovi50rm.png,Barreras de estacionamiento MOOVI50RM,True
barreras-estacionamiento-moovi50rm.php,images/logo-white@2x.png,PSI,True
bft-resp.php,images/logo-white@2x.png,PSI | Puertas y Servicios Industriales,True
bft-resp.php,images/logo-white@2x.png,PSI | Puertas y Servicios Industriales,True
bft-resp.php,images/logo-black-big@2x.png,PSI | Puertas y Servicios Industriales,True
bft-resp.php,images/moovi50rm.png,Barreras de estacionamiento MOOVI50RM,True
bft-resp.php,images/seriex130.jpg,,True
bft-resp.php,images/phobos-piston.jpg,,True
bft-resp.php,images/lux2b.jpg,,True
bft-resp.php,images/Icaro.png,ICARO SMART AC A2000 120,True
bft-resp.php,images/p457.jpg,"P4,5-7 Piston Hidraulico para puerta abatible",True
bft-resp.php,images/logo-white@2x.png,PSI,True
bft.php,images/logo-white@2x.png,PSI | Puertas y Servicios Industriales,True
bft.php,images/logo-white@2x.png,PSI | Puertas y Servicios Industriales,True
bft.php,images/logo-black-big@2x.png,PSI | Puertas y Servicios Industriales,True
bft.php,images/moovi50rm.png,Barreras de estacionamiento MOOVI50RM,True
bft.php,images/seriex130.jpg,SERIE X130 Motor para cortina oculto,True
bft.php,images/phobos-piston.jpg,PHOBOS N Piston Electromecanico,True
bft.php,images/lux2b.jpg,LUX 2B y Lux GV Piston hidraulico para puerta abatible,True
bft.php,images/Icaro.png,ICARO SMART AC A2000 120,True
bft.php,images/p457.jpg,"P4,5-7 Piston Hidraulico para puerta abatible",True
bft.php,images/logo-white@2x.png,PSI,True
bix-al-antena-externa-433-mhz.php,images/logo-white@2x.png,PSI | Puertas y Servicios Industriales,True
bix-al-antena-externa-433-mhz.php,images/logo-white@2x.png,PSI | Puertas y Servicios Industriales,True
bix-al-antena-externa-433-mhz.php,images/logo-black-big@2x.png,PSI | Puertas y Servicios Industriales,True
bix-al-antena-externa-433-mhz.php,images/bix.jpg,Bix,True
bix-al-antena-externa-433-mhz.php,images/logo-white@2x.png,PSI,True
blindadas.php,images/logo-white@2x.png,PSI | Puertas y Servicios Industriales,True
blindadas.php,images/logo-white@2x.png,PSI | Puertas y Servicios Industriales,True
blindadas.php,images/logo-black-big@2x.png,PSI | Puertas y Servicios Industriales,True
blindadas.php,images/blindadas.jpg,Puerta contra explosion,True
blindadas.php,images/logo-white@2x.png,PSI,True
blue-giant.php,images/logo-white@2x.png,PSI | Puertas y Servicios Industriales,True
blue-giant.php,images/logo-white@2x.png,PSI | Puertas y Servicios Industriales,True
blue-giant.php,images/logo-black-big@2x.png,PSI | Puertas y Servicios Industriales,True
blue-giant.php,images/Stationary_Dock_Shelter_300px-1.jpg,SHELTER ABRIGO ESTACIONARIO Blue Giant,True
blue-giant.php,images/retenedor.jpg,RETENEDOR DE VEHICULOS ( electrico) MOD HVR303 StrongArm™,True
blue-giant.php,images/M_DockLeveler_300px.png,RAMPA NIVELADORA MECÁNICA BLUE GIANT,True
blue-giant.php,images/logo-white@2x.png,PSI,True
blue-giant.php,images/moovi50rm.png,Barreras de estacionamiento MOOVI50RM,True
blue-giant.php,images/seriex130.jpg,SERIE X130 Motor para cortina oculto,True
blue-giant.php,images/phobos-piston.jpg,PHOBOS N Piston Electromecanico,True
blue-giant.php,images/lux2b.jpg,LUX 2B y Lux GV Piston hidraulico para puerta abatible,True
blue-giant.php,images/Icaro.png,ICARO SMART AC A2000 120,True
blue-giant.php,images/p457.jpg,"P4,5-7 Piston Hidraulico para puerta abatible",True
blue-giant.php,images/logo-white@2x.png,PSI,True
centros-comerciales.php,images/logo-white@2x.png,PSI | Puertas y Servicios Industriales,True
centros-comerciales.php,images/logo-white@2x.png,PSI | Puertas y Servicios Industriales,True
centros-comerciales.php,images/logo-black-big@2x.png,PSI | Puertas y Servicios Industriales,True
centros-comerciales.php,images/rolling-service-door-600.jpg,Cortina serie 600,True
centros-comerciales.php,images/cortina-685.jpg,Cortinas ventiladas 685,True
centros-comerciales.php,images/blindadas.jpg,Puertas blindadas,True
centros-comerciales.php,images/Puerta-contra-incendio.jpg,Puertas contra incendio,True
centros-comerciales.php,images/estandar.jpg,Puerta estándar,True
centros-comerciales.php,images/Puerta_Standar_Reforzada.png,Puerta estándar reforzada,True
centros-comerciales.php,images/puerta-holandesa.jpg,Puerta Holandesa,True
centros-comerciales.php,images/puerta-metalica-louver.png,Puerta y fijos Louver,True
centros-comerciales.php,images/moovi50rm.png,Barreras de estacionamiento MOOVI50RM,True
centros-comerciales.php,images/cortina.jpg,Cortina Plana,True
centros-comerciales.php,images/cortina_europea.png,Cortina Europea,True
centros-comerciales.php,images/logo-white@2x.png,PSI,True
clopay.php,images/logo-white@2x.png,PSI | Puertas y Servicios Industriales,True
clopay.php,images/logo-white@2x.png,PSI | Puertas y Servicios Industriales,True
clopay.php,images/logo-black-big@2x.png,PSI | Puertas y Servicios Industriales,True
clopay.php,images/317.jpg,"ENERGY SERIES WITH INTELLICORE® 3717 1 3/4″, 3720 /3724 / 3722",True
clopay.php,images/industrial-series-520-deep-ribbed-24x12-window-white-garage-door.jpg,"Puertas de acero acanalado modelos 524, 524V, 524S",True
clopay.php,images/energy-series-intellicore-824x610-1.jpg,ENERGY SERIES WITH INTELLICORE® 3720 /3724 / 3722,True
clopay.php,images/foto_puertas_lisa-1.png,Colección Modern Steel™,True
clopay.php,images/logo-white@2x.png,PSI,True
coleccion-classic.php,images/logo-white@2x.png,PSI | Puertas y Servicios Industriales,True
coleccion-classic.php,images/logo-white@2x.png,PSI | Puertas y Servicios Industriales,True
coleccion-classic.php,images/logo-black-big@2x.png,PSI | Puertas y Servicios Industriales,True
coleccion-classic.php,images/verficha.png,Ver ficha técnica,True
coleccion-classic.php,images/Cuadros_cortos_y_largos.png,Colección Classic,True
coleccion-classic.php,images/detalle_de_cuadros.png,Colección Classic,True
coleccion-classic.php,images/construccion.png,Colección Classic,True
coleccion-classic.php,images/fotos_a_cuadros.png,Colección Classic,True
coleccion-classic.php,images/logo-white@2x.png,PSI,True
coleccion-modern-steel.php,images/logo-white@2x.png,PSI | Puertas y Servicios Industriales,True
coleccion-modern-steel.php,images/logo-white@2x.png,PSI | Puertas y Servicios Industriales,True
coleccion-modern-steel.php,images/logo-black-big@2x.png,PSI | Puertas y Servicios Industriales,True
coleccion-modern-steel.php,images/verficha.png,Ver ficha técnica,True
coleccion-modern-steel.php,images/liso_rayas.png,,True
coleccion-modern-steel.php,images/modern-steel-1.png,,True
coleccion-modern-steel.php,images/modern-steel-2.png,,True
coleccion-modern-steel.php,images/logo-white@2x.png,PSI,True
com-programadores-digitales-y-rotativos.php,images/logo-white@2x.png,PSI | Puertas y Servicios Industriales,True
com-programadores-digitales-y-rotativos.php,images/logo-white@2x.png,PSI | Puertas y Servicios Industriales,True
com-programadores-digitales-y-rotativos.php,images/logo-black-big@2x.png,PSI | Puertas y Servicios Industriales,True
com-programadores-digitales-y-rotativos.php,images/com.jpg,COM – Programadores digitales y rotativos,True
com-programadores-digitales-y-rotativos.php,images/logo-white@2x.png,PSI,True
comercial.php,images/logo-white@2x.png,PSI | Puertas y Servicios Industriales,True
comercial.php,images/logo-white@2x.png,PSI | Puertas y Servicios Industriales,True
comercial.php,images/logo-black-big@2x.png,PSI | Puertas y Servicios Industriales,True
comercial.php,images/qik.jpg,Fraccionamientos y Condominios,True
comercial.php,images/upper.jpg,Estacionamientos,True
comercial.php,images/revolving.jpg,Centros comerciales y hoteles,True
comercial.php,images/star100.jpg,Accesorios y dispositivos de control de acceso y seguridad,True
comercial.php,images/logo-white@2x.png,PSI,True
contacto.php,https://puertasyserviciosindustriales.com/images/logo-white@2x.png,PSI | Puertas y Servicios Industriales,True
contacto.php,https://puertasyserviciosindustriales.com/images/logo-white@2x.png,PSI | Puertas y Servicios Industriales,True
contacto.php,https://puertasyserviciosindustriales.com/images/logo-black-big@2x.png,PSI | Puertas y Servicios Industriales,True
contacto.php,images/contact-03.jpg,Dirección,True
contacto.php,images/contact.jpg,Teléfono,True
contacto.php,images/contact-04.jpg,Email,True
contacto.php,images/logo-white@2x.png,PSI,True
contra-exposion.php,images/logo-white@2x.png,PSI | Puertas y Servicios Industriales,True
contra-exposion.php,images/logo-white@2x.png,PSI | Puertas y Servicios Industriales,True
contra-exposion.php,images/logo-black-big@2x.png,PSI | Puertas y Servicios Industriales,True
contra-exposion.php,images/puertaboom.jpg,Puerta contra explosion,True
contra-exposion.php,images/logo-white@2x.png,PSI,True
contra-incendio.php,images/logo-white@2x.png,PSI | Puertas y Servicios Industriales,True
contra-incendio.php,images/logo-white@2x.png,PSI | Puertas y Servicios Industriales,True
contra-incendio.php,images/logo-black-big@2x.png,PSI | Puertas y Servicios Industriales,True
contra-incendio.php,images/Puerta-contra-incendio.jpg,Puertas contra incendio,True
contra-incendio.php,images/logo-white@2x.png,PSI,True
cortina-de-seguridad-670.php,images/logo-white@2x.png,PSI | Puertas y Servicios Industriales,True
cortina-de-seguridad-670.php,images/logo-white@2x.png,PSI | Puertas y Servicios Industriales,True
cortina-de-seguridad-670.php,images/logo-black-big@2x.png,PSI | Puertas y Servicios Industriales,True
cortina-de-seguridad-670.php,images/verficha.png,Ver ficha técnica,True
cortina-de-seguridad-670.php,images/cortina-670.jpg,Cortinas ventiladas 685,True
cortina-de-seguridad-670.php,images/cortina-670t.png,Cortinas ventiladas 685,True
cortina-de-seguridad-670.php,images/logo-white@2x.png,PSI,True
cortina-de-seguridad-671.php,images/logo-white@2x.png,PSI | Puertas y Servicios Industriales,True
cortina-de-seguridad-671.php,images/logo-white@2x.png,PSI | Puertas y Servicios Industriales,True
cortina-de-seguridad-671.php,images/logo-black-big@2x.png,PSI | Puertas y Servicios Industriales,True
cortina-de-seguridad-671.php,images/verficha.png,Ver ficha técnica,True
cortina-de-seguridad-671.php,images/cortina-671.jpg,Cortina de seguridad 671,True
cortina-de-seguridad-671.php,images/cortina-671t.png,Cortina de seguridad 671,True
cortina-de-seguridad-671.php,images/logo-white@2x.png,PSI,True
cortina-en-aluminio-serie-511-521.php,images/logo-white@2x.png,PSI | Puertas y Servicios Industriales,True
cortina-en-aluminio-serie-511-521.php,images/logo-white@2x.png,PSI | Puertas y Servicios Industriales,True
cortina-en-aluminio-serie-511-521.php,images/logo-black-big@2x.png,PSI | Puertas y Servicios Industriales,True
cortina-en-aluminio-serie-511-521.php,images/verficha.png,Ver ficha técnica,True
cortina-en-aluminio-serie-511-521.php,images/cortina-aluminio.jpg,Cortina en aluminio,True
cortina-en-aluminio-serie-511-521.php,images/logo-white@2x.png,PSI,True
cortina-europea.php,images/logo-white@2x.png,PSI | Puertas y Servicios Industriales,True
cortina-europea.php,images/logo-white@2x.png,PSI | Puertas y Servicios Industriales,True
cortina-europea.php,images/logo-black-big@2x.png,PSI | Puertas y Servicios Industriales,True
cortina-europea.php,images/verficha.png,Ver ficha técnica,True
cortina-europea.php,images/europea.jpg,Cortina Europea,True
cortina-europea.php,images/cortina_europea.png,Cortinas enrollables industriales,True
cortina-europea.php,images/forma.png,Cortinas enrollables industriales,True
cortina-europea.php,images/logo-white@2x.png,PSI,True
cortina-plana.php,images/logo-white@2x.png,PSI | Puertas y Servicios Industriales,True
cortina-plana.php,images/logo-white@2x.png,PSI | Puertas y Servicios Industriales,True
cortina-plana.php,images/logo-black-big@2x.png,PSI | Puertas y Servicios Industriales,True
cortina-plana.php,images/verficha.png,Ver ficha técnica,True
cortina-plana.php,images/cortina.jpg,Cortinas enrollables industriales,True
cortina-plana.php,images/cortina2.jpg,Cortinas enrollables industriales,True
cortina-plana.php,images/detalle_plana.png,Cortinas enrollables industriales,True
cortina-plana.php,images/logo-white@2x.png,PSI,True
cortina-serie-600.php,images/logo-white@2x.png,PSI | Puertas y Servicios Industriales,True
cortina-serie-600.php,images/logo-white@2x.png,PSI | Puertas y Servicios Industriales,True
cortina-serie-600.php,images/logo-black-big@2x.png,PSI | Puertas y Servicios Industriales,True
cortina-serie-600.php,images/verficha.png,Ver ficha técnica,True
cortina-serie-600.php,images/serie-600.jpg,Cortina serie 600,True
cortina-serie-600.php,images/serie_600.png,Colección Classic,True
cortina-serie-600.php,images/logo-white@2x.png,PSI,True
cortina-serie-610.php,images/logo-white@2x.png,PSI | Puertas y Servicios Industriales,True
cortina-serie-610.php,images/logo-white@2x.png,PSI | Puertas y Servicios Industriales,True
cortina-serie-610.php,images/logo-black-big@2x.png,PSI | Puertas y Servicios Industriales,True
cortina-serie-610.php,images/verficha.png,Ver ficha técnica,True
cortina-serie-610.php,images/rolling-service-doors-610.jpg,Cortina serie 610,True
cortina-serie-610.php,images/logo-white@2x.png,PSI,True
cortina-serie-620.php,images/logo-white@2x.png,PSI | Puertas y Servicios Industriales,True
cortina-serie-620.php,images/logo-white@2x.png,PSI | Puertas y Servicios Industriales,True
cortina-serie-620.php,images/logo-black-big@2x.png,PSI | Puertas y Servicios Industriales,True
cortina-serie-620.php,images/verficha.png,Ver ficha técnica,True
cortina-serie-620.php,images/cortina-620.jpg,CORTINA 620,True
cortina-serie-620.php,images/logo-white@2x.png,PSI,True
cortina-serie-625.php,images/logo-white@2x.png,PSI | Puertas y Servicios Industriales,True
cortina-serie-625.php,images/logo-white@2x.png,PSI | Puertas y Servicios Industriales,True
cortina-serie-625.php,images/logo-black-big@2x.png,PSI | Puertas y Servicios Industriales,True
cortina-serie-625.php,images/verficha.png,Ver ficha técnica,True
cortina-serie-625.php,images/rolling-service-door-625-wide.jpg,Cortina serie 625 data-no-retina=,True
cortina-serie-625.php,images/logo-white@2x.png,PSI,True
cortina-serie-630.php,images/logo-white@2x.png,PSI | Puertas y Servicios Industriales,True
cortina-serie-630.php,images/logo-white@2x.png,PSI | Puertas y Servicios Industriales,True
cortina-serie-630.php,images/logo-black-big@2x.png,PSI | Puertas y Servicios Industriales,True
cortina-serie-630.php,images/verficha.png,Ver ficha técnica,True
cortina-serie-630.php,images/fire-rated-door-630.jpg,Cortina serie 630,True
cortina-serie-630.php,images/logo-white@2x.png,PSI,True
cortina-serie-790-cw.php,images/logo-white@2x.png,PSI | Puertas y Servicios Industriales,True
cortina-serie-790-cw.php,images/logo-white@2x.png,PSI | Puertas y Servicios Industriales,True
cortina-serie-790-cw.php,images/logo-black-big@2x.png,PSI | Puertas y Servicios Industriales,True
cortina-serie-790-cw.php,images/verficha.png,Ver ficha técnica,True
cortina-serie-790-cw.php,images/rolling-sheet-770-2.jpg,Cortina serie 790,True
cortina-serie-790-cw.php,images/serie_790_001.png,Cortina serie 790,True
cortina-serie-790-cw.php,images/logo-white@2x.png,PSI,True
cortinas-enrollables-de-aluminio.php,images/logo-white@2x.png,PSI | Puertas y Servicios Industriales,True
cortinas-enrollables-de-aluminio.php,images/logo-white@2x.png,PSI | Puertas y Servicios Industriales,True
cortinas-enrollables-de-aluminio.php,images/logo-black-big@2x.png,PSI | Puertas y Servicios Industriales,True
cortinas-enrollables-de-aluminio.php,images/cortinas.jpg,Cortinas enrollables de aluminio,True
cortinas-enrollables-de-aluminio.php,images/logo-white@2x.png,PSI,True
cortinas-enrollables-industriales.php,images/logo-white@2x.png,PSI | Puertas y Servicios Industriales,True
cortinas-enrollables-industriales.php,images/logo-white@2x.png,PSI | Puertas y Servicios Industriales,True
cortinas-enrollables-industriales.php,images/logo-black-big@2x.png,PSI | Puertas y Servicios Industriales,True
cortinas-enrollables-industriales.php,images/rolling-service-door-625-wide.jpg,Cortina serie 625,True
cortinas-enrollables-industriales.php,images/cortina-aluminio.jpg,Cortina en aluminio serie 511 / 521,True
cortinas-enrollables-industriales.php,images/cortina.jpg,Cortina Plana,True
cortinas-enrollables-industriales.php,images/cortina_europea.png,Cortina Europea,True
cortinas-enrollables-industriales.php,images/rolling-service-door-610-620-625-3.jpg,Cortina serie 620,True
cortinas-enrollables-industriales.php,images/serie790.jpg,Cortina serie 790,True
cortinas-enrollables-industriales.php,images/rolling-service-door-600.jpg,Cortina serie 600,True
cortinas-enrollables-industriales.php,images/fire-rated-door-630.jpg,Cortina serie 630,True
cortinas-enrollables-industriales.php,images/rolling-service-door-610-.jpg,Cortina serie 610,True
cortinas-enrollables-industriales.php,images/cortina-685.jpg,Cortinas ventiladas 685,True
cortinas-enrollables-industriales.php,images/cortina-670.jpg,Cortina de seguridad 670,True
cortinas-enrollables-industriales.php,images/cortina-671.jpg,Cortina de seguridad 671,True
cortinas-enrollables-industriales.php,images/fire-rated.jpg,Fire Rated Doors FireStar® Models 700 & 700c,True
cortinas-enrollables-industriales.php,images/porte-rapide-vertigo-500x500.jpg,VertiGO,True
cortinas-enrollables-industriales.php,images/logo-white@2x.png,PSI,True
cortinas-ventiladas-685.php,images/logo-white@2x.png,PSI | Puertas y Servicios Industriales,True
cortinas-ventiladas-685.php,images/logo-white@2x.png,PSI | Puertas y Servicios Industriales,True
cortinas-ventiladas-685.php,images/logo-black-big@2x.png,PSI | Puertas y Servicios Industriales,True
cortinas-ventiladas-685.php,images/verficha.png,Ver ficha técnica,True
cortinas-ventiladas-685.php,images/cortina-685.jpg,Cortinas ventiladas 685,True
cortinas-ventiladas-685.php,images/logo-white@2x.png,PSI,True
cross-3e.php,images/logo-white@2x.png,PSI | Puertas y Servicios Industriales,True
cross-3e.php,images/logo-white@2x.png,PSI | Puertas y Servicios Industriales,True
cross-3e.php,images/logo-black-big@2x.png,PSI | Puertas y Servicios Industriales,True
cross-3e.php,images/cross-3e.jpg,Cross 30E,True
cross-3e.php,images/logo-white@2x.png,PSI,True
detector-de-masas-max-eagle.php,images/logo-white@2x.png,PSI | Puertas y Servicios Industriales,True
detector-de-masas-max-eagle.php,images/logo-white@2x.png,PSI | Puertas y Servicios Industriales,True
detector-de-masas-max-eagle.php,images/logo-black-big@2x.png,PSI | Puertas y Servicios Industriales,True
detector-de-masas-max-eagle.php,images/detector.jpg,DETECTOR DE MASAS MAX EAGLE,True
detector-de-masas-max-eagle.php,images/logo-white@2x.png,PSI,True
ditec-neos-y-neos.php,images/logo-white@2x.png,PSI | Puertas y Servicios Industriales,True
ditec-neos-y-neos.php,images/logo-white@2x.png,PSI | Puertas y Servicios Industriales,True
ditec-neos-y-neos.php,images/logo-black-big@2x.png,PSI | Puertas y Servicios Industriales,True
ditec-neos-y-neos.php,images/cross-3e.jpg,Ditec NeoS y NeoS+,True
ditec-neos-y-neos.php,images/logo-white@2x.png,PSI,True
dockman.php,images/logo-white@2x.png,PSI | Puertas y Servicios Industriales,True
dockman.php,images/logo-white@2x.png,PSI | Puertas y Servicios Industriales,True
dockman.php,images/logo-black-big@2x.png,PSI | Puertas y Servicios Industriales,True
dockman.php,images/puerta-standard-lift.jpg,Puertas Industriales,True
dockman.php,images/labio.jpg,Labio de elevación mecánico,True
dockman.php,images/sellos.jpg,Sellos de Andén,True
dockman.php,images/coritna_plana.png,Cortina Plana,True
dockman.php,images/cortina_europea.png,Cortina Europea,True
dockman.php,images/Rampa-mecanica-Dockman.jpg,Rampas de Andén Hidráulicas,True
dockman.php,images/Rampa-mecanica-Dockman.jpg,Rampas de Andén Mecánicas,True
dockman.php,images/logo-white@2x.png,PSI,True
dod-automatizacion-compacto-y-potente-para-portones-seccionales-correderos-y-enrollables.php,images/logo-white@2x.png,PSI | Puertas y Servicios Industriales,True
dod-automatizacion-compacto-y-potente-para-portones-seccionales-correderos-y-enrollables.php,images/logo-white@2x.png,PSI | Puertas y Servicios Industriales,True
dod-automatizacion-compacto-y-potente-para-portones-seccionales-correderos-y-enrollables.php,images/logo-black-big@2x.png,PSI | Puertas y Servicios Industriales,True
dod-automatizacion-compacto-y-potente-para-portones-seccionales-correderos-y-enrollables.php,images/dod.jpg,DOD,True
dod-automatizacion-compacto-y-potente-para-portones-seccionales-correderos-y-enrollables.php,images/logo-white@2x.png,PSI,True
doorlock.php,images/logo-white@2x.png,PSI | Puertas y Servicios Industriales,True
doorlock.php,images/logo-white@2x.png,PSI | Puertas y Servicios Industriales,True
doorlock.php,images/logo-black-big@2x.png,PSI | Puertas y Servicios Industriales,True
doorlock.php,images/puertaboom.jpg,Puerta contra explosion,True
doorlock.php,images/accesorios.jpg,Accesorios,True
doorlock.php,images/blindadas.jpg,Puertas blindadas,True
doorlock.php,images/Puerta-contra-incendio.jpg,Puertas contra incendio,True
doorlock.php,images/2012-10-11_1235.png,Puertas contra rayos x,True
doorlock.php,images/sph.jpg,Puerta estándar,True
doorlock.php,images/Puerta_Standar_Reforzada.png,Puerta estándar reforzada,True
doorlock.php,images/puerta-holandesa.jpg,Puerta Holandesa,True
doorlock.php,images/puerta-metalica-hospital.png,Puerta para hospital,True
doorlock.php,images/puerta-metalica-louver.png,Puerta y fijos Louver,True
doorlock.php,images/logo-white@2x.png,PSI,True
dura-glide-20003000-puerta.php,images/logo-white@2x.png,PSI | Puertas y Servicios Industriales,True
dura-glide-20003000-puerta.php,images/logo-white@2x.png,PSI | Puertas y Servicios Industriales,True
dura-glide-20003000-puerta.php,images/logo-black-big@2x.png,PSI | Puertas y Servicios Industriales,True
dura-glide-20003000-puerta.php,images/dura.jpg,,True
dura-glide-20003000-puerta.php,images/logo-white@2x.png,PSI,True
energy-series-with-intellicore-37171-3-4.php,images/logo-white@2x.png,PSI | Puertas y Servicios Industriales,True
energy-series-with-intellicore-37171-3-4.php,images/logo-white@2x.png,PSI | Puertas y Servicios Industriales,True
energy-series-with-intellicore-37171-3-4.php,images/logo-black-big@2x.png,PSI | Puertas y Servicios Industriales,True
energy-series-with-intellicore-37171-3-4.php,images/verficha.png,Ver ficha técnica,True
energy-series-with-intellicore-37171-3-4.php,images/verficha.png,Ver ficha técnica,True
energy-series-with-intellicore-37171-3-4.php,images/energy.jpg,ENERGY SERIES WITH INTELLICORE®,True
energy-series-with-intellicore-37171-3-4.php,images/logo-white@2x.png,PSI,True
energy-series-with-intellicore-3720-3724-3722.php,images/logo-white@2x.png,PSI | Puertas y Servicios Industriales,True
energy-series-with-intellicore-3720-3724-3722.php,images/logo-white@2x.png,PSI | Puertas y Servicios Industriales,True
energy-series-with-intellicore-3720-3724-3722.php,images/logo-black-big@2x.png,PSI | Puertas y Servicios Industriales,True
energy-series-with-intellicore-3720-3724-3722.php,images/verficha.png,Ver ficha técnica,True
energy-series-with-intellicore-3720-3724-3722.php,images/energy2.jpg,Energy Series With INTELLICORE® 3720 /3724 / 3722,True
energy-series-with-intellicore-3720-3724-3722.php,images/logo-white@2x.png,PSI,True
equipos-y-accesorios-para-anden-de-carga.php,images/logo-white@2x.png,PSI | Puertas y Servicios Industriales,True
equipos-y-accesorios-para-anden-de-carga.php,images/logo-white@2x.png,PSI | Puertas y Servicios Industriales,True
equipos-y-accesorios-para-anden-de-carga.php,images/logo-black-big@2x.png,PSI | Puertas y Servicios Industriales,True
equipos-y-accesorios-para-anden-de-carga.php,images/rampak.jpg,Rampa Niveladora,True
equipos-y-accesorios-para-anden-de-carga.php,images/labio.jpg,Labio de elevación para anden de carga,True
equipos-y-accesorios-para-anden-de-carga.php,images/retenedor.jpg,Retenedores de vehiculos,True
equipos-y-accesorios-para-anden-de-carga.php,images/sellos.jpg,Sellos para Anden,True
equipos-y-accesorios-para-anden-de-carga.php,images/abrigo.jpg,Semaforos y señalizaciones para anden,True
equipos-y-accesorios-para-anden-de-carga.php,images/logo-white@2x.png,PSI,True
estacionamientos.php,images/logo-white@2x.png,PSI | Puertas y Servicios Industriales,True
estacionamientos.php,images/logo-white@2x.png,PSI | Puertas y Servicios Industriales,True
estacionamientos.php,images/logo-black-big@2x.png,PSI | Puertas y Servicios Industriales,True
estacionamientos.php,images/moovi50rm.png,Barreras de estacionamiento MOOVI50RM,True
estacionamientos.php,images/Icaro.png,ICARO SMART AC A2000 120,True
estacionamientos.php,images/logo-white@2x.png,PSI,True
fast-seal-high-performance-door.php,images/logo-white@2x.png,PSI | Puertas y Servicios Industriales,True
fast-seal-high-performance-door.php,images/logo-white@2x.png,PSI | Puertas y Servicios Industriales,True
fast-seal-high-performance-door.php,images/logo-black-big@2x.png,PSI | Puertas y Servicios Industriales,True
fast-seal-high-performance-door.php,images/verficha.png,Ver ficha técnica,True
fast-seal-high-performance-door.php,images/fasts.jpg,Puerta de alto rendimiento Fast-Seal ,True
fast-seal-high-performance-door.php,images/fast.jpg,Fast-Seal® High Performance Door,True
fast-seal-high-performance-door.php,images/logo-white@2x.png,PSI,True
fire-rated-doors-firestar-models-700-700c.php,images/logo-white@2x.png,PSI | Puertas y Servicios Industriales,True
fire-rated-doors-firestar-models-700-700c.php,images/logo-white@2x.png,PSI | Puertas y Servicios Industriales,True
fire-rated-doors-firestar-models-700-700c.php,images/logo-black-big@2x.png,PSI | Puertas y Servicios Industriales,True
fire-rated-doors-firestar-models-700-700c.php,images/verficha.png,Ver ficha técnica,True
fire-rated-doors-firestar-models-700-700c.php,images/fire-rated.jpg,Fire Rated Doors FireStar® Models 700 & 700c,True
fire-rated-doors-firestar-models-700-700c.php,images/fire-ratedt.jpg,Fire Rated Doors FireStar® Models 700 & 700c,True
fire-rated-doors-firestar-models-700-700c.php,images/logo-white@2x.png,PSI,True
fotoceldas.php,images/logo-white@2x.png,PSI | Puertas y Servicios Industriales,True
fotoceldas.php,images/logo-white@2x.png,PSI | Puertas y Servicios Industriales,True
fotoceldas.php,images/logo-black-big@2x.png,PSI | Puertas y Servicios Industriales,True
fotoceldas.php,images/fotoceldas.jpg,Foroceldas,True
fotoceldas.php,images/logo-white@2x.png,PSI,True
fraccionamientos-y-condominios.php,images/logo-white@2x.png,PSI | Puertas y Servicios Industriales,True
fraccionamientos-y-condominios.php,images/logo-white@2x.png,PSI | Puertas y Servicios Industriales,True
fraccionamientos-y-condominios.php,images/logo-black-big@2x.png,PSI | Puertas y Servicios Industriales,True
fraccionamientos-y-condominios.php,images/moovi50rm.png,Barreras de estacionamiento MOOVI50RM,True
fraccionamientos-y-condominios.php,images/Icaro.png,ICARO SMART AC A2000 120,True
fraccionamientos-y-condominios.php,images/logo-white@2x.png,PSI,True
glg-porte-industriali.php,images/logo-white@2x.png,PSI | Puertas y Servicios Industriales,True
glg-porte-industriali.php,images/logo-white@2x.png,PSI | Puertas y Servicios Industriales,True
glg-porte-industriali.php,images/logo-black-big@2x.png,PSI | Puertas y Servicios Industriales,True
glg-porte-industriali.php,images/zip.jpg,ROLLI ZIP,True
glg-porte-industriali.php,images/alumina-1.jpg,Puerta Enrollable ALUMINA,True
glg-porte-industriali.php,images/porte-rapide-vertigo-500x500.jpg,VertiGO,True
glg-porte-industriali.php,images/logo-white@2x.png,PSI,True
gol-transmisores-de-cuatro-canales.php,images/logo-white@2x.png,PSI | Puertas y Servicios Industriales,True
gol-transmisores-de-cuatro-canales.php,images/logo-white@2x.png,PSI | Puertas y Servicios Industriales,True
gol-transmisores-de-cuatro-canales.php,images/logo-black-big@2x.png,PSI | Puertas y Servicios Industriales,True
gol-transmisores-de-cuatro-canales.php,images/zen.jpg,Entrematic ZEN,True
gol-transmisores-de-cuatro-canales.php,images/logo-white@2x.png,PSI,True
icaro-smart.php,images/logo-white@2x.png,PSI | Puertas y Servicios Industriales,True
icaro-smart.php,images/logo-white@2x.png,PSI | Puertas y Servicios Industriales,True
icaro-smart.php,images/logo-black-big@2x.png,PSI | Puertas y Servicios Industriales,True
icaro-smart.php,images/verficha.png,Ver ficha técnica,True
icaro-smart.php,images/2025-08-21_12h27_43.png,ICARO SMART AC A2000 120,True
icaro-smart.php,images/Icaro.png,ICARO SMART AC A2000 120,True
icaro-smart.php,images/logo-white@2x.png,PSI,True
index-estatico.php,images/logo-white@2x.png,PSI | Puertas y Servicios Industriales,True
index-estatico.php,images/logo-white@2x.png,PSI | Puertas y Servicios Industriales,True
index-estatico.php,images/logo-black-big@2x.png,PSI | Puertas y Servicios Industriales,True
index-estatico.php,images/tg.png,OVERHEAD DOOR,True
index-estatico.php,images/wayne-dayton.png,WAYNE DAYTON,True
index-estatico.php,images/clopay.png,CLOPAY,True
index-estatico.php,images/blue.png,BLUE GIANT,True
index-estatico.php,images/kelley.png,KELLEY,True
index-estatico.php,images/door.png,DOORLOCK,True
index-estatico.php,images/rytec.png,RYTEC,True
index-estatico.php,images/infraca.png,INFRACA,True
index-estatico.php,images/glg-porte-industriali.png,GLG,True
index-estatico.php,images/dockman.png,DOKMAN,True
index-estatico.php,images/lift-master.png,LIFT MASTER,True
index-estatico.php,images/bft.png,BFT,True
index-estatico.php,images/industrial-home.jpg,Industriales,True
index-estatico.php,images/home-comercial.jpg,Comercial,True
index-estatico.php,images/equipos-accesorios-anden-carga.jpeg,Equipos y Accesorios para Anden de Carga,True
index-estatico.php,images/salida-emergencia.png,Puertas peatonales de Salida de Emergencia,True
index-estatico.php,images/PuertasIncendios.jpeg,Puertas peatonales Blindadas,True
index-estatico.php,images/puerta-metalica-hospital.jpg,Puertas peatonales para Hospitales,True
index-estatico.php,images/residencial-2.png,Residenciales,True
index-estatico.php,images/quienes1.jpg,Quienes Somos,True
index-estatico.php,images/logo-white@2x.png,PSI,True
index-resp.php,images/logo-white@2x.png,PSI | Puertas y Servicios Industriales,True
index-resp.php,images/logo-white@2x.png,PSI | Puertas y Servicios Industriales,True
index-resp.php,images/logo-black-big@2x.png,PSI | Puertas y Servicios Industriales,True
index-resp.php,images/bft.png,,True
index-resp.php,images/blue.png,,True
index-resp.php,images/clopay.png,,True
index-resp.php,images/dockman.png,,True
index-resp.php,images/glg-porte-industriali.png,,True
index-resp.php,images/infraca.png,,True
index-resp.php,images/kelley.png,,True
index-resp.php,images/lift-master.png,,True
index-resp.php,images/tg.png,,True
index-resp.php,images/rytec.png,,True
index-resp.php,images/wayne-dayton.png,,True
index-resp.php,images/door.png,,True
index-resp.php,images/quienes1.jpg,,True
index-resp.php,images/demoresidencial.jpg,,True
index-resp.php,images/demoprod.jpg,,True
index-resp.php,images/proy1.jpg,Puertas seccionales,True
index-resp.php,images/proy2.jpg,Puertas residenciales,True
index-resp.php,images/proy3.jpg,Operadores para puertas corredizas industriales,True
index-resp.php,images/proy4.jpg,Operadores para puertas corredizas residenciales,True
index-resp.php,images/proy5.jpg,Operadores para puertas abatibles,True
index-resp.php,images/proy5.jpg,Operadores para puertas automáticas ascendentes residenciales,True
index-resp.php,images/proy5.jpg,Operadores para puertas ,True
index-resp.php,images/proy6.jpg,Operadores para puertas abatibles,True
index-resp.php,images/proy6.jpg,Operadores para puertas automáticas seccionales y cortinas.,True
index-resp.php,images/proy6.jpg,Cortinas enrollables industriales,True
index-resp.php,images/proy6.jpg,Puertas rápidas industriales,True
index-resp.php,images/proy6.jpg,Puertas de tiras plasticas,True
index-resp.php,images/logo-white@2x.png,PSI,True
index.php,https://puertasyserviciosindustriales.com/images/logo-white@2x.png,PSI | Puertas y Servicios Industriales,True
index.php,https://puertasyserviciosindustriales.com/images/logo-white@2x.png,PSI | Puertas y Servicios Industriales,True
index.php,https://puertasyserviciosindustriales.com/images/logo-black-big@2x.png,PSI | Puertas y Servicios Industriales,True
index.php,images/UNKNOWN_PHP,UNKNOWN_PHP,True
index.php,images/industrial-home.jpg,Industriales,True
index.php,images/home-comercial.jpg,Comercial,True
index.php,images/equipos-accesorios-anden-carga.jpeg,Equipos y Accesorios para Anden de Carga,True
index.php,images/salida-emergencia.png,Puertas peatonales de Salida de Emergencia,True
index.php,images/PuertasIncendios.jpeg,Puertas peatonales Blindadas,True
index.php,images/puerta-metalica-hospital.jpg,Puertas peatonales para Hospitales,True
index.php,images/residencial-2.png,Residenciales,True
index.php,images/quienes1.jpg,Quienes Somos,True
index.php,https://puertasyserviciosindustriales.com/images/logo-white@2x.png,PSI,True
industrial.php,images/logo-white@2x.png,PSI | Puertas y Servicios Industriales,True
industrial.php,images/logo-white@2x.png,PSI | Puertas y Servicios Industriales,True
industrial.php,images/logo-black-big@2x.png,PSI | Puertas y Servicios Industriales,True
industrial.php,images/acanalado.jpg,Puertas Seccionales,True
industrial.php,images/cortina.jpg,Operadores para puerta corrediza,True
industrial.php,images/industrial3.jpg,Operadores para puerta abatible,True
industrial.php,images/lift.jpg,Operadores para puertas seccionales y cortinas enrollables,True
industrial.php,images/fire-rated.jpg,Cortinas enrollables,True
industrial.php,images/preda.jpg,Puertas rápidas,True
industrial.php,images/tiras.jpg,Tiras plásticas,True
industrial.php,images/logo-white@2x.png,PSI,True
infraca-quality-doors.php,images/logo-white@2x.png,PSI | Puertas y Servicios Industriales,True
infraca-quality-doors.php,images/logo-white@2x.png,PSI | Puertas y Servicios Industriales,True
infraca-quality-doors.php,images/logo-black-big@2x.png,PSI | Puertas y Servicios Industriales,True
infraca-quality-doors.php,images/rapida.jpg,RÁPIDA ENROLLABLE INDUSTRIAL,True
infraca-quality-doors.php,images/apilable.jpg,RÁPIDA APILABLE,True
infraca-quality-doors.php,images/logo-white@2x.png,PSI,True
kelley.php,images/logo-white@2x.png,PSI | Puertas y Servicios Industriales,True
kelley.php,images/logo-white@2x.png,PSI | Puertas y Servicios Industriales,True
kelley.php,images/logo-black-big@2x.png,PSI | Puertas y Servicios Industriales,True
kelley.php,images/rampak.jpg,Rampas de Andén Hidráulicas,True
kelley.php,images/star4.jpg,RETENEDOR DE VEHICULOS STAR4,True
kelley.php,images/logo-white@2x.png,PSI,True
kronos-puertas-rapidas-de-sectores-modulares-autorreparable.php,images/logo-white@2x.png,PSI | Puertas y Servicios Industriales,True
kronos-puertas-rapidas-de-sectores-modulares-autorreparable.php,images/logo-white@2x.png,PSI | Puertas y Servicios Industriales,True
kronos-puertas-rapidas-de-sectores-modulares-autorreparable.php,images/logo-black-big@2x.png,PSI | Puertas y Servicios Industriales,True
kronos-puertas-rapidas-de-sectores-modulares-autorreparable.php,images/verficha.png,Ver ficha técnica,True
kronos-puertas-rapidas-de-sectores-modulares-autorreparable.php,images/alumina-1.jpg,ALUMINA,True
kronos-puertas-rapidas-de-sectores-modulares-autorreparable.php,images/logo-white@2x.png,PSI,True
lab-4-fotocelulas-de-rayos-infrarrojos.php,images/logo-white@2x.png,PSI | Puertas y Servicios Industriales,True
lab-4-fotocelulas-de-rayos-infrarrojos.php,images/logo-white@2x.png,PSI | Puertas y Servicios Industriales,True
lab-4-fotocelulas-de-rayos-infrarrojos.php,images/logo-black-big@2x.png,PSI | Puertas y Servicios Industriales,True
lab-4-fotocelulas-de-rayos-infrarrojos.php,images/lin2.jpg,Fotocélulas,True
lab-4-fotocelulas-de-rayos-infrarrojos.php,images/logo-white@2x.png,PSI,True
lab-9-detectores-de-volumen-de-metal-loop.php,images/logo-white@2x.png,PSI | Puertas y Servicios Industriales,True
lab-9-detectores-de-volumen-de-metal-loop.php,images/logo-white@2x.png,PSI | Puertas y Servicios Industriales,True
lab-9-detectores-de-volumen-de-metal-loop.php,images/logo-black-big@2x.png,PSI | Puertas y Servicios Industriales,True
lab-9-detectores-de-volumen-de-metal-loop.php,images/lazo.jpg,Detector de lazo magnético,True
lab-9-detectores-de-volumen-de-metal-loop.php,images/logo-white@2x.png,PSI,True
labio-de-elevacion-mecanico-dockman.php,images/logo-white@2x.png,PSI | Puertas y Servicios Industriales,True
labio-de-elevacion-mecanico-dockman.php,images/logo-white@2x.png,PSI | Puertas y Servicios Industriales,True
labio-de-elevacion-mecanico-dockman.php,images/logo-black-big@2x.png,PSI | Puertas y Servicios Industriales,True
labio-de-elevacion-mecanico-dockman.php,images/verficha.png,Ver ficha técnica,True
labio-de-elevacion-mecanico-dockman.php,images/labio.jpg,Labio de elevación mecánico,True
labio-de-elevacion-mecanico-dockman.php,images/minidock.png,Labio de elevación mecánico,True
labio-de-elevacion-mecanico-dockman.php,images/logo-white@2x.png,PSI,True
labio-elevacion-anden-carga.php,images/logo-white@2x.png,PSI | Puertas y Servicios Industriales,True
labio-elevacion-anden-carga.php,images/logo-white@2x.png,PSI | Puertas y Servicios Industriales,True
labio-elevacion-anden-carga.php,images/logo-black-big@2x.png,PSI | Puertas y Servicios Industriales,True
labio-elevacion-anden-carga.php,images/labio.jpg,Labio de elevación mecánico Dockman,True
labio-elevacion-anden-carga.php,images/logo-white@2x.png,PSI,True
lan-4-sistema-de-teclado-con-combinacion-digital.php,images/logo-white@2x.png,PSI | Puertas y Servicios Industriales,True
lan-4-sistema-de-teclado-con-combinacion-digital.php,images/logo-white@2x.png,PSI | Puertas y Servicios Industriales,True
lan-4-sistema-de-teclado-con-combinacion-digital.php,images/logo-black-big@2x.png,PSI | Puertas y Servicios Industriales,True
lan-4-sistema-de-teclado-con-combinacion-digital.php,images/lan.jpg,LAN 4 – Teclado con combinación digital,True
lan-4-sistema-de-teclado-con-combinacion-digital.php,images/logo-white@2x.png,PSI,True
lan-7-sistema-de-mando-de-proximidad-de-tarjetas-con-tecnologia-transponder.php,images/logo-white@2x.png,PSI | Puertas y Servicios Industriales,True
lan-7-sistema-de-mando-de-proximidad-de-tarjetas-con-tecnologia-transponder.php,images/logo-white@2x.png,PSI | Puertas y Servicios Industriales,True
lan-7-sistema-de-mando-de-proximidad-de-tarjetas-con-tecnologia-transponder.php,images/logo-black-big@2x.png,PSI | Puertas y Servicios Industriales,True
lan-7-sistema-de-mando-de-proximidad-de-tarjetas-con-tecnologia-transponder.php,images/lan7.jpg,Entrematic AXR7 ,True
lan-7-sistema-de-mando-de-proximidad-de-tarjetas-con-tecnologia-transponder.php,images/logo-white@2x.png,PSI,True
lift-master-mod-h.php,images/logo-white@2x.png,PSI | Puertas y Servicios Industriales,True
lift-master-mod-h.php,images/logo-white@2x.png,PSI | Puertas y Servicios Industriales,True
lift-master-mod-h.php,images/logo-black-big@2x.png,PSI | Puertas y Servicios Industriales,True
lift-master-mod-h.php,images/verficha.png,Ver ficha técnica,True
lift-master-mod-h.php,images/lift.jpg,Lift Master Mod H,True
lift-master-mod-h.php,images/logo-white@2x.png,PSI,True
lift-master.php,images/logo-white@2x.png,PSI | Puertas y Servicios Industriales,True
lift-master.php,images/logo-white@2x.png,PSI | Puertas y Servicios Industriales,True
lift-master.php,images/logo-black-big@2x.png,PSI | Puertas y Servicios Industriales,True
lift-master.php,images/lift.jpg,Lift Master Mod H,True
lift-master.php,images/logo-white@2x.png,PSI,True
liftmaster-modh.php,images/logo-white@2x.png,PSI | Puertas y Servicios Industriales,True
liftmaster-modh.php,images/logo-white@2x.png,PSI | Puertas y Servicios Industriales,True
liftmaster-modh.php,images/logo-black-big@2x.png,PSI | Puertas y Servicios Industriales,True
liftmaster-modh.php,images/lift.jpg,,True
liftmaster-modh.php,images/logo-white@2x.png,PSI,True
light-communication-system-lcs.php,images/logo-white@2x.png,PSI | Puertas y Servicios Industriales,True
light-communication-system-lcs.php,images/logo-white@2x.png,PSI | Puertas y Servicios Industriales,True
light-communication-system-lcs.php,images/logo-black-big@2x.png,PSI | Puertas y Servicios Industriales,True
light-communication-system-lcs.php,images/semaforo.jpg,Semáforo,True
light-communication-system-lcs.php,images/logo-white@2x.png,PSI,True
lux-2b-y-lux-gv-piston-hidraulico-para-puerta-abatible.php,images/logo-white@2x.png,PSI | Puertas y Servicios Industriales,True
lux-2b-y-lux-gv-piston-hidraulico-para-puerta-abatible.php,images/logo-white@2x.png,PSI | Puertas y Servicios Industriales,True
lux-2b-y-lux-gv-piston-hidraulico-para-puerta-abatible.php,images/logo-black-big@2x.png,PSI | Puertas y Servicios Industriales,True
lux-2b-y-lux-gv-piston-hidraulico-para-puerta-abatible.php,images/verficha.png,Ver ficha técnica,True
lux-2b-y-lux-gv-piston-hidraulico-para-puerta-abatible.php,images/lux2b.jpg,LUX 2B y Lux GV Piston hidraulico para puerta abatible,True
lux-2b-y-lux-gv-piston-hidraulico-para-puerta-abatible.php,images/phob.png,LUX 2B y Lux GV Piston hidraulico para puerta abatible,True
lux-2b-y-lux-gv-piston-hidraulico-para-puerta-abatible.php,images/logo-white@2x.png,PSI,True
luxo-robusto-e-incansable-para-servicios-intensivos-para-hojas-de-hasta-5-m.php,images/logo-white@2x.png,PSI | Puertas y Servicios Industriales,True
luxo-robusto-e-incansable-para-servicios-intensivos-para-hojas-de-hasta-5-m.php,images/logo-white@2x.png,PSI | Puertas y Servicios Industriales,True
luxo-robusto-e-incansable-para-servicios-intensivos-para-hojas-de-hasta-5-m.php,images/logo-black-big@2x.png,PSI | Puertas y Servicios Industriales,True
luxo-robusto-e-incansable-para-servicios-intensivos-para-hojas-de-hasta-5-m.php,images/ditecc.jpg,"PWR Robusto e incansable, para servicios intensivos, para hojas de hasta 5 mts",True
luxo-robusto-e-incansable-para-servicios-intensivos-para-hojas-de-hasta-5-m.php,images/logo-white@2x.png,PSI,True
magic-fuerza-del-operador.php,images/logo-white@2x.png,PSI | Puertas y Servicios Industriales,True
magic-fuerza-del-operador.php,images/logo-white@2x.png,PSI | Puertas y Servicios Industriales,True
magic-fuerza-del-operador.php,images/logo-black-big@2x.png,PSI | Puertas y Servicios Industriales,True
magic-fuerza-del-operador.php,images/magic.jpg,,True
magic-fuerza-del-operador.php,images/logo-white@2x.png,PSI,True
marcas.php,images/logo-white@2x.png,PSI | Puertas y Servicios Industriales,True
marcas.php,images/logo-white@2x.png,PSI | Puertas y Servicios Industriales,True
marcas.php,images/logo-black-big@2x.png,PSI | Puertas y Servicios Industriales,True
marcas.php,images/tg.png,overhead-door,True
marcas.php,images/wayne-dayton.png,wayne-dalton,True
marcas.php,images/clopay.png,clopay,True
marcas.php,images/blue.png,blue-giant,True
marcas.php,images/kelley.png,kelley,True
marcas.php,images/door.png,doorlock,True
marcas.php,images/rytec.png,rytec,True
marcas.php,images/infraca.png,infraca-quality-doors,True
marcas.php,images/glg-porte-industriali.png,glg-porte-industriali,True
marcas.php,images/dockman.png,dockman,True
marcas.php,images/lift-master.png,lift-master,True
marcas.php,images/bft.png,bft,True
marcas.php,images/logo-white@2x.png,PSI,True
marcasv1.php,https://puertasyserviciosindustriales.com/images/logo-white@2x.png,PSI | Puertas y Servicios Industriales,True
marcasv1.php,https://puertasyserviciosindustriales.com/images/logo-white@2x.png,PSI | Puertas y Servicios Industriales,True
marcasv1.php,https://puertasyserviciosindustriales.com/images/logo-black-big@2x.png,PSI | Puertas y Servicios Industriales,True
marcasv1.php,images/UNKNOWN_PHP,UNKNOWN_PHP,True
marcasv1.php,images/logo-white@2x.png,PSI,True
nosotros.php,https://puertasyserviciosindustriales.com/images/logo-white@2x.png,PSI | Puertas y Servicios Industriales,True
nosotros.php,https://puertasyserviciosindustriales.com/images/logo-white@2x.png,PSI | Puertas y Servicios Industriales,True
nosotros.php,https://puertasyserviciosindustriales.com/images/logo-black-big@2x.png,PSI | Puertas y Servicios Industriales,True
nosotros.php,images/quienes-int.jpg,Quiénes somos,True
nosotros.php,images/logo-white@2x.png,PSI,True
operador-comercial-rhx.php,images/logo-white@2x.png,PSI | Puertas y Servicios Industriales,True
operador-comercial-rhx.php,images/logo-white@2x.png,PSI | Puertas y Servicios Industriales,True
operador-comercial-rhx.php,images/logo-black-big@2x.png,PSI | Puertas y Servicios Industriales,True
operador-comercial-rhx.php,images/verficha.png,Ver ficha técnica,True
operador-comercial-rhx.php,images/rhx-operator.jpg,Cortina serie 630,True
operador-comercial-rhx.php,images/logo-white@2x.png,PSI,True
operador-para-cortina-enrrollable-rsx.php,images/logo-white@2x.png,PSI | Puertas y Servicios Industriales,True
operador-para-cortina-enrrollable-rsx.php,images/logo-white@2x.png,PSI | Puertas y Servicios Industriales,True
operador-para-cortina-enrrollable-rsx.php,images/logo-black-big@2x.png,PSI | Puertas y Servicios Industriales,True
operador-para-cortina-enrrollable-rsx.php,images/verficha.png,Ver ficha técnica,True
operador-para-cortina-enrrollable-rsx.php,images/rsx.jpg,Operador para cortina enrrollable RSX,True
operador-para-cortina-enrrollable-rsx.php,images/logo-white@2x.png,PSI,True
operador-para-perfilados-comerciales-jst.php,images/logo-white@2x.png,PSI | Puertas y Servicios Industriales,True
operador-para-perfilados-comerciales-jst.php,images/logo-white@2x.png,PSI | Puertas y Servicios Industriales,True
operador-para-perfilados-comerciales-jst.php,images/logo-black-big@2x.png,PSI | Puertas y Servicios Industriales,True
operador-para-perfilados-comerciales-jst.php,images/verficha.png,Ver ficha técnica,True
operador-para-perfilados-comerciales-jst.php,images/rhx.jpg,Operador de puerta comercial RHX ®,True
operador-para-perfilados-comerciales-jst.php,images/logo-white@2x.png,PSI,True
operador-para-perfilados-comerciales-sel.php,images/logo-white@2x.png,PSI | Puertas y Servicios Industriales,True
operador-para-perfilados-comerciales-sel.php,images/logo-white@2x.png,PSI | Puertas y Servicios Industriales,True
operador-para-perfilados-comerciales-sel.php,images/logo-black-big@2x.png,PSI | Puertas y Servicios Industriales,True
operador-para-perfilados-comerciales-sel.php,images/verficha.png,Ver ficha técnica,True
operador-para-perfilados-comerciales-sel.php,images/rmx.jpg,Operador de puerta comercial RMX ®,True
operador-para-perfilados-comerciales-sel.php,images/logo-white@2x.png,PSI,True
operadores-para-puerta-abatible.php,images/logo-white@2x.png,PSI | Puertas y Servicios Industriales,True
operadores-para-puerta-abatible.php,images/logo-white@2x.png,PSI | Puertas y Servicios Industriales,True
operadores-para-puerta-abatible.php,images/logo-black-big@2x.png,PSI | Puertas y Servicios Industriales,True
operadores-para-puerta-abatible.php,images/Access-Pro.jpg,AccessPRO FS1000SPEED,True
operadores-para-puerta-abatible.php,images/phobos-piston.jpg,PHOBOS N Piston Electromecanico,True
operadores-para-puerta-abatible.php,images/lux2b.jpg,LUX 2B y Lux GV Piston hidraulico para puerta abatible,True
operadores-para-puerta-abatible.php,images/p457.jpg,"P4,5-7 Piston Hidraulico para puerta abatible",True
operadores-para-puerta-abatible.php,images/logo-white@2x.png,PSI,True
operadores-para-puerta-corrediza-industrial.php,images/logo-white@2x.png,PSI | Puertas y Servicios Industriales,True
operadores-para-puerta-corrediza-industrial.php,images/logo-white@2x.png,PSI | Puertas y Servicios Industriales,True
operadores-para-puerta-corrediza-industrial.php,images/logo-black-big@2x.png,PSI | Puertas y Servicios Industriales,True
operadores-para-puerta-corrediza-industrial.php,images/Icaro.png,ICARO SMART AC A2000 120,True
operadores-para-puerta-corrediza-industrial.php,images/door-operator-rhx-1.jpg,Operador de puerta comercial RHX ®,True
operadores-para-puerta-corrediza-industrial.php,images/thumbnail_image005.jpg,Operador de puerta comercial RMX ®,True
operadores-para-puerta-corrediza-industrial.php,images/logo-white@2x.png,PSI,True
operadores-para-puertas-ascendentes.php,images/logo-white@2x.png,PSI | Puertas y Servicios Industriales,True
operadores-para-puertas-ascendentes.php,images/logo-white@2x.png,PSI | Puertas y Servicios Industriales,True
operadores-para-puertas-ascendentes.php,images/logo-black-big@2x.png,PSI | Puertas y Servicios Industriales,True
operadores-para-puertas-ascendentes.php,images/Access-Pro.jpg,AccessPRO FS1000SPEED,True
operadores-para-puertas-ascendentes.php,images/logo-white@2x.png,PSI,True
operadores-para-puertas-corredizas-residenciales.php,images/logo-white@2x.png,PSI | Puertas y Servicios Industriales,True
operadores-para-puertas-corredizas-residenciales.php,images/logo-white@2x.png,PSI | Puertas y Servicios Industriales,True
operadores-para-puertas-corredizas-residenciales.php,images/logo-black-big@2x.png,PSI | Puertas y Servicios Industriales,True
operadores-para-puertas-corredizas-residenciales.php,images/Access-Pro.jpg,AccessPRO FS1000SPEED,True
operadores-para-puertas-corredizas-residenciales.php,images/logo-white@2x.png,PSI,True
operadores-para-puertas-de-mostrador-cdo.php,images/logo-white@2x.png,PSI | Puertas y Servicios Industriales,True
operadores-para-puertas-de-mostrador-cdo.php,images/logo-white@2x.png,PSI | Puertas y Servicios Industriales,True
operadores-para-puertas-de-mostrador-cdo.php,images/logo-black-big@2x.png,PSI | Puertas y Servicios Industriales,True
operadores-para-puertas-de-mostrador-cdo.php,images/verficha.png,Ver ficha técnica,True
operadores-para-puertas-de-mostrador-cdo.php,images/ocx.jpg,Operador de puerta comercial CDX ®,True
operadores-para-puertas-de-mostrador-cdo.php,images/logo-white@2x.png,PSI,True
operadores-puerta-abatible-industrial.php,images/logo-white@2x.png,PSI | Puertas y Servicios Industriales,True
operadores-puerta-abatible-industrial.php,images/logo-white@2x.png,PSI | Puertas y Servicios Industriales,True
operadores-puerta-abatible-industrial.php,images/logo-black-big@2x.png,PSI | Puertas y Servicios Industriales,True
operadores-puerta-abatible-industrial.php,images/lux2b.jpg,LUX 2B y Lux GV Piston hidraulico para puerta abatible,True
operadores-puerta-abatible-industrial.php,images/p457.jpg,"P4,5-7 Piston Hidraulico para puerta abatible",True
operadores-puerta-abatible-industrial.php,images/logo-white@2x.png,PSI,True
operadores-puerta-abatible.php,images/logo-white@2x.png,PSI | Puertas y Servicios Industriales,True
operadores-puerta-abatible.php,images/logo-white@2x.png,PSI | Puertas y Servicios Industriales,True
operadores-puerta-abatible.php,images/logo-black-big@2x.png,PSI | Puertas y Servicios Industriales,True
operadores-puerta-abatible.php,images/verficha.png,Ver ficha técnica,True
operadores-puerta-abatible.php,images/access.jpg,AccessPRO FS1000SPEED,True
operadores-puerta-abatible.php,images/silent.jpg,AccessPRO FS1000SPEED,True
operadores-puerta-abatible.php,images/logo-white@2x.png,PSI,True
operadores-puerta-corrediza-residencial.php,images/logo-white@2x.png,PSI | Puertas y Servicios Industriales,True
operadores-puerta-corrediza-residencial.php,images/logo-white@2x.png,PSI | Puertas y Servicios Industriales,True
operadores-puerta-corrediza-residencial.php,images/logo-black-big@2x.png,PSI | Puertas y Servicios Industriales,True
operadores-puerta-corrediza-residencial.php,images/verficha.png,Ver ficha técnica,True
operadores-puerta-corrediza-residencial.php,images/access.jpg,Operadores para puertas corredizas residenciales,True
operadores-puerta-corrediza-residencial.php,images/silent.jpg,Operadores para puertas corredizas residenciales,True
operadores-puerta-corrediza-residencial.php,images/residencial.jpg,Operadores para puertas corredizas residenciales,True
operadores-puerta-corrediza-residencial.php,images/logo-white@2x.png,PSI,True
operadores-puertas-ascendentes.php,images/logo-white@2x.png,PSI | Puertas y Servicios Industriales,True
operadores-puertas-ascendentes.php,images/logo-white@2x.png,PSI | Puertas y Servicios Industriales,True
operadores-puertas-ascendentes.php,images/logo-black-big@2x.png,PSI | Puertas y Servicios Industriales,True
operadores-puertas-ascendentes.php,images/verficha.png,Ver ficha técnica,True
operadores-puertas-ascendentes.php,images/access.jpg,AccessPRO FS1000SPEED,True
operadores-puertas-ascendentes.php,images/silent.jpg,Q- Silent Max Eagle 3/4 Hp,True
operadores-puertas-ascendentes.php,images/dod.jpg,DOD ,True
operadores-puertas-ascendentes.php,images/logo-white@2x.png,PSI,True
operadores-puertas-seccionales-cortinas.php,images/logo-white@2x.png,PSI | Puertas y Servicios Industriales,True
operadores-puertas-seccionales-cortinas.php,images/logo-white@2x.png,PSI | Puertas y Servicios Industriales,True
operadores-puertas-seccionales-cortinas.php,images/logo-black-big@2x.png,PSI | Puertas y Servicios Industriales,True
operadores-puertas-seccionales-cortinas.php,images/lift.jpg,Lift Master Mod H,True
operadores-puertas-seccionales-cortinas.php,images/rhx.jpg,Operador comercial RHX,True
operadores-puertas-seccionales-cortinas.php,images/seriex130.jpg,SERIE X130 Motor para cortina oculto,True
operadores-puertas-seccionales-cortinas.php,images/rmx.jpg,Operador de puerta comercial RMX ®,True
operadores-puertas-seccionales-cortinas.php,images/ocx.jpg,Operador de puerta comercial CDX ®,True
operadores-puertas-seccionales-cortinas.php,images/rsx.jpg,Operador para cortina enrrollable RSX,True
operadores-puertas-seccionales-cortinas.php,images/logo-white@2x.png,PSI,True
overhead-door.php,images/logo-white@2x.png,PSI | Puertas y Servicios Industriales,True
overhead-door.php,images/logo-white@2x.png,PSI | Puertas y Servicios Industriales,True
overhead-door.php,images/logo-black-big@2x.png,PSI | Puertas y Servicios Industriales,True
overhead-door.php,images/Access-Pro.jpg,AccessPRO FS1000SPEED ,True
overhead-door.php,images/rolling-service-door-625-wide.jpg,Cortina serie 625,True
overhead-door.php,images/cortina-aluminio.jpg,Cortina en aluminio serie 511 / 521,True
overhead-door.php,images/foto_puertas_lisa-1.png,Colección Modern Steel™,True
overhead-door.php,images/cortina-620.jpg,Cortina serie 620,True
overhead-door.php,images/sectional-steel-thermacore-door-592.jpg,Puerta seccional de acero Thermacore serie 592,True
overhead-door.php,images/foto_puerta.png,Colección Classic™ – Serie Premium,True
overhead-door.php,images/rolling-service-door-600.jpg,Cortina serie 600,True
overhead-door.php,images/fire-rated-door-630.jpg,Cortina serie 630-631-634-635,True
overhead-door.php,images/rhx-operator.jpg,Operador comercial RHX,True
overhead-door.php,images/logo-white@2x.png,PSI,True
p45-7-piston-hidraulico-para-puerta-abatible.php,images/logo-white@2x.png,PSI | Puertas y Servicios Industriales,True
p45-7-piston-hidraulico-para-puerta-abatible.php,images/logo-white@2x.png,PSI | Puertas y Servicios Industriales,True
p45-7-piston-hidraulico-para-puerta-abatible.php,images/logo-black-big@2x.png,PSI | Puertas y Servicios Industriales,True
p45-7-piston-hidraulico-para-puerta-abatible.php,images/verficha.png,Ver ficha técnica,True
p45-7-piston-hidraulico-para-puerta-abatible.php,images/p4.png,"P4,5-7 Piston Hidraulico para puerta abatible",True
p45-7-piston-hidraulico-para-puerta-abatible.php,images/p457.jpg,"P4,5-7 Piston Hidraulico para puerta abatible",True
p45-7-piston-hidraulico-para-puerta-abatible.php,images/logo-white@2x.png,PSI,True
pas-sensores-volumetricos.php,images/logo-white@2x.png,PSI | Puertas y Servicios Industriales,True
pas-sensores-volumetricos.php,images/logo-white@2x.png,PSI | Puertas y Servicios Industriales,True
pas-sensores-volumetricos.php,images/logo-black-big@2x.png,PSI | Puertas y Servicios Industriales,True
pas-sensores-volumetricos.php,images/pas.jpg,Accesorios – PAS,True
pas-sensores-volumetricos.php,images/logo-white@2x.png,PSI,True
phobos-n-piston-electromecanico.php,images/logo-white@2x.png,PSI | Puertas y Servicios Industriales,True
phobos-n-piston-electromecanico.php,images/logo-white@2x.png,PSI | Puertas y Servicios Industriales,True
phobos-n-piston-electromecanico.php,images/logo-black-big@2x.png,PSI | Puertas y Servicios Industriales,True
phobos-n-piston-electromecanico.php,images/verficha.png,Ver ficha técnica,True
phobos-n-piston-electromecanico.php,images/phobos-piston.jpg,PHOBOS N Piston Electromecanico,True
phobos-n-piston-electromecanico.php,images/phob.png,PHOBOS N Piston Electromecanico,True
phobos-n-piston-electromecanico.php,images/logo-white@2x.png,PSI,True
politica-privacidad.php,images/logo-white@2x.png,PSI | Puertas y Servicios Industriales,True
politica-privacidad.php,images/logo-white@2x.png,PSI | Puertas y Servicios Industriales,True
politica-privacidad.php,images/logo-black-big@2x.png,PSI | Puertas y Servicios Industriales,True
politica-privacidad.php,images/logo-white@2x.png,PSI,True
predadoor-nxt-door.php,images/logo-white@2x.png,PSI | Puertas y Servicios Industriales,True
predadoor-nxt-door.php,images/logo-white@2x.png,PSI | Puertas y Servicios Industriales,True
predadoor-nxt-door.php,images/logo-black-big@2x.png,PSI | Puertas y Servicios Industriales,True
predadoor-nxt-door.php,images/verficha.png,Ver ficha técnica,True
predadoor-nxt-door.php,images/preda.jpg,PredaDoor® NXT® Door,True
predadoor-nxt-door.php,images/logo-white@2x.png,PSI,True
puert-seccional-de-acero-sin-aislamiento-430-uso-medio.php,images/logo-white@2x.png,PSI | Puertas y Servicios Industriales,True
puert-seccional-de-acero-sin-aislamiento-430-uso-medio.php,images/logo-white@2x.png,PSI | Puertas y Servicios Industriales,True
puert-seccional-de-acero-sin-aislamiento-430-uso-medio.php,images/logo-black-big@2x.png,PSI | Puertas y Servicios Industriales,True
puert-seccional-de-acero-sin-aislamiento-430-uso-medio.php,images/verficha.png,Ver ficha técnica,True
puert-seccional-de-acero-sin-aislamiento-430-uso-medio.php,images/puerta-430.jpg,Puertas seccionales de acero,True
puert-seccional-de-acero-sin-aislamiento-430-uso-medio.php,images/puerta-430t.png,Puertas seccionales de acero,True
puert-seccional-de-acero-sin-aislamiento-430-uso-medio.php,images/logo-white@2x.png,PSI,True
puerta-contra-explosion.php,images/logo-white@2x.png,PSI | Puertas y Servicios Industriales,True
puerta-contra-explosion.php,images/logo-white@2x.png,PSI | Puertas y Servicios Industriales,True
puerta-contra-explosion.php,images/logo-black-big@2x.png,PSI | Puertas y Servicios Industriales,True
puerta-contra-explosion.php,images/verficha.png,Ver ficha técnica,True
puerta-contra-explosion.php,images/puertaboom.jpg,,True
puerta-contra-explosion.php,images/explo.png,,True
puerta-contra-explosion.php,images/logo-white@2x.png,PSI,True
puerta-contra-incendio.php,images/logo-white@2x.png,PSI | Puertas y Servicios Industriales,True
puerta-contra-incendio.php,images/logo-white@2x.png,PSI | Puertas y Servicios Industriales,True
puerta-contra-incendio.php,images/logo-black-big@2x.png,PSI | Puertas y Servicios Industriales,True
puerta-contra-incendio.php,images/puertaboom.jpg,Puerta contra explosion,True
puerta-contra-incendio.php,images/blindadas.jpg,Puertas blindadas,True
puerta-contra-incendio.php,images/Puerta-contra-incendio.jpg,Puertas contra incendio,True
puerta-contra-incendio.php,images/logo-white@2x.png,PSI,True
puerta-de-acero-acanalado-modelos-524.php,images/logo-white@2x.png,PSI | Puertas y Servicios Industriales,True
puerta-de-acero-acanalado-modelos-524.php,images/logo-white@2x.png,PSI | Puertas y Servicios Industriales,True
puerta-de-acero-acanalado-modelos-524.php,images/logo-black-big@2x.png,PSI | Puertas y Servicios Industriales,True
puerta-de-acero-acanalado-modelos-524.php,images/verficha.png,Ver ficha técnica,True
puerta-de-acero-acanalado-modelos-524.php,images/acanalada.jpg,Modelo 524 ,True
puerta-de-acero-acanalado-modelos-524.php,images/logo-white@2x.png,PSI,True
puerta-de-acero-acanalado.php,images/logo-white@2x.png,PSI | Puertas y Servicios Industriales,True
puerta-de-acero-acanalado.php,images/logo-white@2x.png,PSI | Puertas y Servicios Industriales,True
puerta-de-acero-acanalado.php,images/logo-black-big@2x.png,PSI | Puertas y Servicios Industriales,True
puerta-de-acero-acanalado.php,images/acanalado.jpg,Puertas de acero acanalado,True
puerta-de-acero-acanalado.php,images/acanalado2.jpg,Puertas de acero acanalado,True
puerta-de-acero-acanalado.php,images/logo-white@2x.png,PSI,True
puerta-estandar-reforzada.php,images/logo-white@2x.png,PSI | Puertas y Servicios Industriales,True
puerta-estandar-reforzada.php,images/logo-white@2x.png,PSI | Puertas y Servicios Industriales,True
puerta-estandar-reforzada.php,images/logo-black-big@2x.png,PSI | Puertas y Servicios Industriales,True
puerta-estandar-reforzada.php,images/verficha.png,Ver ficha técnica,True
puerta-estandar-reforzada.php,images/verficha.png,Ver ficha técnica,True
puerta-estandar-reforzada.php,images/Puerta_Standar_Reforzada.png,,True
puerta-estandar-reforzada.php,images/reforzada.png,,True
puerta-estandar-reforzada.php,images/logo-white@2x.png,PSI,True
puerta-estandar.php,images/logo-white@2x.png,PSI | Puertas y Servicios Industriales,True
puerta-estandar.php,images/logo-white@2x.png,PSI | Puertas y Servicios Industriales,True
puerta-estandar.php,images/logo-black-big@2x.png,PSI | Puertas y Servicios Industriales,True
puerta-estandar.php,images/verficha.png,Ver ficha técnica,True
puerta-estandar.php,images/verficha.png,Ver ficha técnica,True
puerta-estandar.php,images/sph.jpg,,True
puerta-estandar.php,images/estandar.png,,True
puerta-estandar.php,images/logo-white@2x.png,PSI,True
puerta-holandesa.php,images/logo-white@2x.png,PSI | Puertas y Servicios Industriales,True
puerta-holandesa.php,images/logo-white@2x.png,PSI | Puertas y Servicios Industriales,True
puerta-holandesa.php,images/logo-black-big@2x.png,PSI | Puertas y Servicios Industriales,True
puerta-holandesa.php,images/verficha.png,Ver ficha técnica,True
puerta-holandesa.php,images/puerta-holandesa.jpg,,True
puerta-holandesa.php,images/holandesa.png,,True
puerta-holandesa.php,images/logo-white@2x.png,PSI,True
puerta-para-hospital.php,images/logo-white@2x.png,PSI | Puertas y Servicios Industriales,True
puerta-para-hospital.php,images/logo-white@2x.png,PSI | Puertas y Servicios Industriales,True
puerta-para-hospital.php,images/logo-black-big@2x.png,PSI | Puertas y Servicios Industriales,True
puerta-para-hospital.php,images/puerta-metalica-hospital.png,,True
puerta-para-hospital.php,images/hospital.png,,True
puerta-para-hospital.php,images/logo-white@2x.png,PSI,True
puerta-seccionabl-acero-perfiles-422-uso-pesado.php,images/logo-white@2x.png,PSI | Puertas y Servicios Industriales,True
puerta-seccionabl-acero-perfiles-422-uso-pesado.php,images/logo-white@2x.png,PSI | Puertas y Servicios Industriales,True
puerta-seccionabl-acero-perfiles-422-uso-pesado.php,images/logo-black-big@2x.png,PSI | Puertas y Servicios Industriales,True
puerta-seccionabl-acero-perfiles-422-uso-pesado.php,images/verficha.png,Ver ficha técnica,True
puerta-seccionabl-acero-perfiles-422-uso-pesado.php,images/sectional-steel-models-422-426.jpg,La puerta de la Serie 422,True
puerta-seccionabl-acero-perfiles-422-uso-pesado.php,images/puerta-422t.png,La puerta de la Serie 422,True
puerta-seccionabl-acero-perfiles-422-uso-pesado.php,images/logo-white@2x.png,PSI,True
puerta-seccional-de-acero-perfiles-418.php,images/logo-white@2x.png,PSI | Puertas y Servicios Industriales,True
puerta-seccional-de-acero-perfiles-418.php,images/logo-white@2x.png,PSI | Puertas y Servicios Industriales,True
puerta-seccional-de-acero-perfiles-418.php,images/logo-black-big@2x.png,PSI | Puertas y Servicios Industriales,True
puerta-seccional-de-acero-perfiles-418.php,images/verficha.png,Ver ficha técnica,True
puerta-seccional-de-acero-perfiles-418.php,images/puerta-418.jpg,La serie 418,True
puerta-seccional-de-acero-perfiles-418.php,images/puerta-418t.png,La serie 418,True
puerta-seccional-de-acero-perfiles-418.php,images/logo-white@2x.png,PSI,True
puerta-seccional-de-acero-perfiles-432-uso-medio.php,images/logo-white@2x.png,PSI | Puertas y Servicios Industriales,True
puerta-seccional-de-acero-perfiles-432-uso-medio.php,images/logo-white@2x.png,PSI | Puertas y Servicios Industriales,True
puerta-seccional-de-acero-perfiles-432-uso-medio.php,images/logo-black-big@2x.png,PSI | Puertas y Servicios Industriales,True
puerta-seccional-de-acero-perfiles-432-uso-medio.php,images/verficha.png,Ver ficha técnica,True
puerta-seccional-de-acero-perfiles-432-uso-medio.php,images/puerta432.jpg,Las puertas de la Serie 432,True
puerta-seccional-de-acero-perfiles-432-uso-medio.php,images/puerta-422t.png,Las puertas de la Serie 432,True
puerta-seccional-de-acero-perfiles-432-uso-medio.php,images/logo-white@2x.png,PSI,True
puerta-seccional-de-acero-sin-aislamiento-416-uso-muy-pesado.php,images/logo-white@2x.png,PSI | Puertas y Servicios Industriales,True
puerta-seccional-de-acero-sin-aislamiento-416-uso-muy-pesado.php,images/logo-white@2x.png,PSI | Puertas y Servicios Industriales,True
puerta-seccional-de-acero-sin-aislamiento-416-uso-muy-pesado.php,images/logo-black-big@2x.png,PSI | Puertas y Servicios Industriales,True
puerta-seccional-de-acero-sin-aislamiento-416-uso-muy-pesado.php,images/sectional-steel-door-416.jpg,,True
puerta-seccional-de-acero-sin-aislamiento-416-uso-muy-pesado.php,images/2025-08-21_11h53_44.png,,True
puerta-seccional-de-acero-sin-aislamiento-416-uso-muy-pesado.php,images/logo-white@2x.png,PSI,True
puerta-seccional-de-acero-sin-aislamiento-424-uso-pesado.php,images/logo-white@2x.png,PSI | Puertas y Servicios Industriales,True
puerta-seccional-de-acero-sin-aislamiento-424-uso-pesado.php,images/logo-white@2x.png,PSI | Puertas y Servicios Industriales,True
puerta-seccional-de-acero-sin-aislamiento-424-uso-pesado.php,images/logo-black-big@2x.png,PSI | Puertas y Servicios Industriales,True
puerta-seccional-de-acero-sin-aislamiento-424-uso-pesado.php,images/verficha.png,Ver ficha técnica,True
puerta-seccional-de-acero-sin-aislamiento-424-uso-pesado.php,images/industrial-brown-sectional-steel-model-424-432.jpg,Las puertas de la serie 424,True
puerta-seccional-de-acero-sin-aislamiento-424-uso-pesado.php,images/t424.png,Las puertas de la serie 424,True
puerta-seccional-de-acero-sin-aislamiento-424-uso-pesado.php,images/logo-white@2x.png,PSI,True
puerta-seccional-de-acero-thermacore-593-uso-medio.php,images/logo-white@2x.png,PSI | Puertas y Servicios Industriales,True
puerta-seccional-de-acero-thermacore-593-uso-medio.php,images/logo-white@2x.png,PSI | Puertas y Servicios Industriales,True
puerta-seccional-de-acero-thermacore-593-uso-medio.php,images/logo-black-big@2x.png,PSI | Puertas y Servicios Industriales,True
puerta-seccional-de-acero-thermacore-593-uso-medio.php,images/verficha.png,Ver ficha técnica,True
puerta-seccional-de-acero-thermacore-593-uso-medio.php,images/puerta593.jpg,La serie 593,True
puerta-seccional-de-acero-thermacore-593-uso-medio.php,images/puerta593t.png,La serie 593,True
puerta-seccional-de-acero-thermacore-593-uso-medio.php,images/logo-white@2x.png,PSI,True
puerta-seccional-de-acero-thermacore-594-uso-medio.php,images/logo-white@2x.png,PSI | Puertas y Servicios Industriales,True
puerta-seccional-de-acero-thermacore-594-uso-medio.php,images/logo-white@2x.png,PSI | Puertas y Servicios Industriales,True
puerta-seccional-de-acero-thermacore-594-uso-medio.php,images/logo-black-big@2x.png,PSI | Puertas y Servicios Industriales,True
puerta-seccional-de-acero-thermacore-594-uso-medio.php,images/verficha.png,Ver ficha técnica,True
puerta-seccional-de-acero-thermacore-594-uso-medio.php,images/puerta594.jpg,La Serie 594,True
puerta-seccional-de-acero-thermacore-594-uso-medio.php,images/puerta594t.png,La Serie 594,True
puerta-seccional-de-acero-thermacore-594-uso-medio.php,images/logo-white@2x.png,PSI,True
puerta-seccional-de-acero-thermacore-595-uso-pesado.php,images/logo-white@2x.png,PSI | Puertas y Servicios Industriales,True
puerta-seccional-de-acero-thermacore-595-uso-pesado.php,images/logo-white@2x.png,PSI | Puertas y Servicios Industriales,True
puerta-seccional-de-acero-thermacore-595-uso-pesado.php,images/logo-black-big@2x.png,PSI | Puertas y Servicios Industriales,True
puerta-seccional-de-acero-thermacore-595-uso-pesado.php,images/verficha.png,Ver ficha técnica,True
puerta-seccional-de-acero-thermacore-595-uso-pesado.php,images/thermacore-sectional-door-593-wide.jpg,La serie 595,True
puerta-seccional-de-acero-thermacore-595-uso-pesado.php,images/puerta595t.png,La serie 595,True
puerta-seccional-de-acero-thermacore-595-uso-pesado.php,images/logo-white@2x.png,PSI,True
puerta-seccional-de-acero-thermacore-599-uso-muy-pesado.php,images/logo-white@2x.png,PSI | Puertas y Servicios Industriales,True
puerta-seccional-de-acero-thermacore-599-uso-muy-pesado.php,images/logo-white@2x.png,PSI | Puertas y Servicios Industriales,True
puerta-seccional-de-acero-thermacore-599-uso-muy-pesado.php,images/logo-black-big@2x.png,PSI | Puertas y Servicios Industriales,True
puerta-seccional-de-acero-thermacore-599-uso-muy-pesado.php,images/puerta599.jpg,puerta599,True
puerta-seccional-de-acero-thermacore-599-uso-muy-pesado.php,images/logo-white@2x.png,PSI,True
puerta-seccional-de-acero-thermacore-serie-592.php,images/logo-white@2x.png,PSI | Puertas y Servicios Industriales,True
puerta-seccional-de-acero-thermacore-serie-592.php,images/logo-white@2x.png,PSI | Puertas y Servicios Industriales,True
puerta-seccional-de-acero-thermacore-serie-592.php,images/logo-black-big@2x.png,PSI | Puertas y Servicios Industriales,True
puerta-seccional-de-acero-thermacore-serie-592.php,images/verficha.png,Ver ficha técnica,True
puerta-seccional-de-acero-thermacore-serie-592.php,images/sectional-steel-thermacore-door-592.jpg,El Thermacore ® 592,True
puerta-seccional-de-acero-thermacore-serie-592.php,images/logo-white@2x.png,PSI,True
puerta-y-fijos-louver.php,images/logo-white@2x.png,PSI | Puertas y Servicios Industriales,True
puerta-y-fijos-louver.php,images/logo-white@2x.png,PSI | Puertas y Servicios Industriales,True
puerta-y-fijos-louver.php,images/logo-black-big@2x.png,PSI | Puertas y Servicios Industriales,True
puerta-y-fijos-louver.php,images/louver1.png,,True
puerta-y-fijos-louver.php,images/louver2.png,,True
puerta-y-fijos-louver.php,images/logo-white@2x.png,PSI,True
puertas-blindadas.php,images/logo-white@2x.png,PSI | Puertas y Servicios Industriales,True
puertas-blindadas.php,images/logo-white@2x.png,PSI | Puertas y Servicios Industriales,True
puertas-blindadas.php,images/logo-black-big@2x.png,PSI | Puertas y Servicios Industriales,True
puertas-blindadas.php,images/verficha.png,Ver ficha técnica,True
puertas-blindadas.php,images/verficha.png,Ver ficha técnica,True
puertas-blindadas.php,images/blindadas.jpg,,True
puertas-blindadas.php,images/blindada.png,,True
puertas-blindadas.php,images/blindada3.png,,True
puertas-blindadas.php,images/logo-white@2x.png,PSI,True
puertas-contra-incendio.php,images/logo-white@2x.png,PSI | Puertas y Servicios Industriales,True
puertas-contra-incendio.php,images/logo-white@2x.png,PSI | Puertas y Servicios Industriales,True
puertas-contra-incendio.php,images/logo-black-big@2x.png,PSI | Puertas y Servicios Industriales,True
puertas-contra-incendio.php,images/verficha.png,Ver ficha técnica,True
puertas-contra-incendio.php,images/verficha.png,Ver ficha técnica,True
puertas-contra-incendio.php,images/Puerta-contra-incendio.jpg,,True
puertas-contra-incendio.php,images/incendio.png,,True
puertas-contra-incendio.php,images/logo-white@2x.png,PSI,True
puertas-contra-rayos-x.php,images/logo-white@2x.png,PSI | Puertas y Servicios Industriales,True
puertas-contra-rayos-x.php,images/logo-white@2x.png,PSI | Puertas y Servicios Industriales,True
puertas-contra-rayos-x.php,images/logo-black-big@2x.png,PSI | Puertas y Servicios Industriales,True
puertas-contra-rayos-x.php,images/verficha.png,Ver ficha técnica,True
puertas-contra-rayos-x.php,images/verficha.png,Ver ficha técnica,True
puertas-contra-rayos-x.php,images/2012-10-11_1235.png,,True
puertas-contra-rayos-x.php,images/rayos.png,,True
puertas-contra-rayos-x.php,images/logo-white@2x.png,PSI,True
puertas-de-garaje-aisladas.php,images/logo-white@2x.png,PSI | Puertas y Servicios Industriales,True
puertas-de-garaje-aisladas.php,images/logo-white@2x.png,PSI | Puertas y Servicios Industriales,True
puertas-de-garaje-aisladas.php,images/logo-black-big@2x.png,PSI | Puertas y Servicios Industriales,True
puertas-de-garaje-aisladas.php,images/proy2.jpg,Colección Modern Steel™,True
puertas-de-garaje-aisladas.php,images/aisladas.jpg,Colección Modern Steel™,True
puertas-de-garaje-aisladas.php,images/logo-white@2x.png,PSI,True
puertas-enrollables-de-garage.php,images/logo-white@2x.png,PSI | Puertas y Servicios Industriales,True
puertas-enrollables-de-garage.php,images/logo-white@2x.png,PSI | Puertas y Servicios Industriales,True
puertas-enrollables-de-garage.php,images/logo-black-big@2x.png,PSI | Puertas y Servicios Industriales,True
puertas-enrollables-de-garage.php,images/enrollable.jpg,Puertas enrollables de garage,True
puertas-enrollables-de-garage.php,images/enrollable2.jpg,Puertas enrollables de garage,True
puertas-enrollables-de-garage.php,images/logo-white@2x.png,PSI,True
puertas-industriales-dockman.php,images/logo-white@2x.png,PSI | Puertas y Servicios Industriales,True
puertas-industriales-dockman.php,images/logo-white@2x.png,PSI | Puertas y Servicios Industriales,True
puertas-industriales-dockman.php,images/logo-black-big@2x.png,PSI | Puertas y Servicios Industriales,True
puertas-industriales-dockman.php,images/verficha.png,Ver ficha técnica,True
puertas-industriales-dockman.php,images/dockmanint.png,Puertas Industriales DOCKMAN,True
puertas-industriales-dockman.php,images/logo-white@2x.png,PSI,True
puertas-peatonales-estandar-y-reforzada.php,images/logo-white@2x.png,PSI | Puertas y Servicios Industriales,True
puertas-peatonales-estandar-y-reforzada.php,images/logo-white@2x.png,PSI | Puertas y Servicios Industriales,True
puertas-peatonales-estandar-y-reforzada.php,images/logo-black-big@2x.png,PSI | Puertas y Servicios Industriales,True
puertas-peatonales-estandar-y-reforzada.php,images/sph.jpg,Puerta estándar,True
puertas-peatonales-estandar-y-reforzada.php,images/Puerta_Standar_Reforzada.png,Puerta estándar reforzada,True
puertas-peatonales-estandar-y-reforzada.php,images/logo-white@2x.png,PSI,True
puertas-peatonales-hospitales.php,images/logo-white@2x.png,PSI | Puertas y Servicios Industriales,True
puertas-peatonales-hospitales.php,images/logo-white@2x.png,PSI | Puertas y Servicios Industriales,True
puertas-peatonales-hospitales.php,images/logo-black-big@2x.png,PSI | Puertas y Servicios Industriales,True
puertas-peatonales-hospitales.php,images/2012-10-11_1235.png,Puertas contra rayos x,True
puertas-peatonales-hospitales.php,images/puerta-metalica-hospital.png,Puerta para hospital,True
puertas-peatonales-hospitales.php,images/logo-white@2x.png,PSI,True
puertas-peatonales-rayos-x.php,images/logo-white@2x.png,PSI | Puertas y Servicios Industriales,True
puertas-peatonales-rayos-x.php,images/logo-white@2x.png,PSI | Puertas y Servicios Industriales,True
puertas-peatonales-rayos-x.php,images/logo-black-big@2x.png,PSI | Puertas y Servicios Industriales,True
puertas-peatonales-rayos-x.php,images/2012-10-11_1235.png,Puertas contra rayos x,True
puertas-peatonales-rayos-x.php,images/logo-white@2x.png,PSI,True
puertas-peatonales-tipo-holandesa.php,images/logo-white@2x.png,PSI | Puertas y Servicios Industriales,True
puertas-peatonales-tipo-holandesa.php,images/logo-white@2x.png,PSI | Puertas y Servicios Industriales,True
puertas-peatonales-tipo-holandesa.php,images/logo-black-big@2x.png,PSI | Puertas y Servicios Industriales,True
puertas-peatonales-tipo-holandesa.php,images/puerta-holandesa.jpg,Puerta Holandesa,True
puertas-peatonales-tipo-holandesa.php,images/logo-white@2x.png,PSI,True
puertas-rapidas-enrollables.php,images/logo-white@2x.png,PSI | Puertas y Servicios Industriales,True
puertas-rapidas-enrollables.php,images/logo-white@2x.png,PSI | Puertas y Servicios Industriales,True
puertas-rapidas-enrollables.php,images/logo-black-big@2x.png,PSI | Puertas y Servicios Industriales,True
puertas-rapidas-enrollables.php,images/industrial3.jpg,Sector Plus,True
puertas-rapidas-enrollables.php,images/industrial32.jpg,Sector Plus,True
puertas-rapidas-enrollables.php,images/logo-white@2x.png,PSI,True
puertas-rapidas.php,images/logo-white@2x.png,PSI | Puertas y Servicios Industriales,True
puertas-rapidas.php,images/logo-white@2x.png,PSI | Puertas y Servicios Industriales,True
puertas-rapidas.php,images/logo-black-big@2x.png,PSI | Puertas y Servicios Industriales,True
puertas-rapidas.php,images/fast.jpg,Fast-Seal® High Performance Door,True
puertas-rapidas.php,images/preda.jpg,PredaDoor® NXT® Door,True
puertas-rapidas.php,images/puerta-infraca1.jpg,RÁPIDA ENROLLABLE INDUSTRIAL,True
puertas-rapidas.php,images/puertas-rapida-apilable.png,RÁPIDA APILABLE,True
puertas-rapidas.php,images/rolli-zip.png,ROLLI ZIP Puertas rápidas enrollables autorreparable,True
puertas-rapidas.php,images/alumina-1.jpg,ALUMINA,True
puertas-rapidas.php,images/logo-white@2x.png,PSI,True
puertas-residenciales.php,images/logo-white@2x.png,PSI | Puertas y Servicios Industriales,True
puertas-residenciales.php,images/logo-white@2x.png,PSI | Puertas y Servicios Industriales,True
puertas-residenciales.php,images/logo-black-big@2x.png,PSI | Puertas y Servicios Industriales,True
puertas-residenciales.php,images/acanalado.jpg,Colección Modern Steel™,True
puertas-residenciales.php,images/acanalado2.jpg,Colección Modern Steel™,True
puertas-residenciales.php,images/cortina.jpg,Colección Modern Steel™,True
puertas-residenciales.php,images/cortina2.jpg,Colección Modern Steel™,True
puertas-residenciales.php,images/proy4.jpg,Colección Modern Steel™,True
puertas-residenciales.php,images/proy5.jpg,Colección Modern Steel™,True
puertas-residenciales.php,images/logo-white@2x.png,PSI,True
puertas-salida-emergencia.php,images/logo-white@2x.png,PSI | Puertas y Servicios Industriales,True
puertas-salida-emergencia.php,images/logo-white@2x.png,PSI | Puertas y Servicios Industriales,True
puertas-salida-emergencia.php,images/logo-black-big@2x.png,PSI | Puertas y Servicios Industriales,True
puertas-salida-emergencia.php,images/Puerta-contra-incendio.jpg,Puertas contra incendio,True
puertas-salida-emergencia.php,images/estandar.jpg,Puerta estándar,True
puertas-salida-emergencia.php,images/Puerta_Standar_Reforzada.png,Puerta estándar reforzada,True
puertas-salida-emergencia.php,images/puerta-holandesa.jpg,Puerta Holandesa,True
puertas-salida-emergencia.php,images/puerta-metalica-louver.png,Puerta y fijos Louver,True
puertas-salida-emergencia.php,images/logo-white@2x.png,PSI,True
puertas-seccionales-de-acero-aisladas-thermospan-modelo-150.php,images/logo-white@2x.png,PSI | Puertas y Servicios Industriales,True
puertas-seccionales-de-acero-aisladas-thermospan-modelo-150.php,images/logo-white@2x.png,PSI | Puertas y Servicios Industriales,True
puertas-seccionales-de-acero-aisladas-thermospan-modelo-150.php,images/logo-black-big@2x.png,PSI | Puertas y Servicios Industriales,True
puertas-seccionales-de-acero-aisladas-thermospan-modelo-150.php,images/verficha.png,Ver ficha técnica,True
puertas-seccionales-de-acero-aisladas-thermospan-modelo-150.php,images/thomp.jpg,Puertas Seccionales de Acero Aisladas Thermospan ®,True
puertas-seccionales-de-acero-aisladas-thermospan-modelo-150.php,images/logo-white@2x.png,PSI,True
puertas-seccionales-de-acero-aisladas-thermospan.php,images/logo-white@2x.png,PSI | Puertas y Servicios Industriales,True
puertas-seccionales-de-acero-aisladas-thermospan.php,images/logo-white@2x.png,PSI | Puertas y Servicios Industriales,True
puertas-seccionales-de-acero-aisladas-thermospan.php,images/logo-black-big@2x.png,PSI | Puertas y Servicios Industriales,True
puertas-seccionales-de-acero-aisladas-thermospan.php,images/verficha.png,Ver ficha técnica,True
puertas-seccionales-de-acero-aisladas-thermospan.php,images/thomp.jpg,Puertas Seccionales de Acero Aisladas Thermospan ® Modelo 150,True
puertas-seccionales-de-acero-aisladas-thermospan.php,images/logo-white@2x.png,PSI,True
puertas-seccionales-de-acero-modelo-2415.php,images/logo-white@2x.png,PSI | Puertas y Servicios Industriales,True
puertas-seccionales-de-acero-modelo-2415.php,images/logo-white@2x.png,PSI | Puertas y Servicios Industriales,True
puertas-seccionales-de-acero-modelo-2415.php,images/logo-black-big@2x.png,PSI | Puertas y Servicios Industriales,True
puertas-seccionales-de-acero-modelo-2415.php,images/verficha.png,Ver ficha técnica,True
puertas-seccionales-de-acero-modelo-2415.php,images/sectional-steel-door-model-2415.jpg,Puertas seccionales de acero modelo 2415,True
puertas-seccionales-de-acero-modelo-2415.php,images/logo-white@2x.png,PSI,True
puertas-seccionales-de-acero-perfiles-426.php,images/logo-white@2x.png,PSI | Puertas y Servicios Industriales,True
puertas-seccionales-de-acero-perfiles-426.php,images/logo-white@2x.png,PSI | Puertas y Servicios Industriales,True
puertas-seccionales-de-acero-perfiles-426.php,images/logo-black-big@2x.png,PSI | Puertas y Servicios Industriales,True
puertas-seccionales-de-acero-perfiles-426.php,images/verficha.png,Ver ficha técnica,True
puertas-seccionales-de-acero-perfiles-426.php,images/model-426-white-finish-insulated.jpg,Serie 426,True
puertas-seccionales-de-acero-perfiles-426.php,images/puerta-432.png,Serie 432,True
puertas-seccionales-de-acero-perfiles-426.php,images/logo-white@2x.png,PSI,True
puertas-seccionales-de-acero-sin-aislamiento-420-uso-pesado.php,images/logo-white@2x.png,PSI | Puertas y Servicios Industriales,True
puertas-seccionales-de-acero-sin-aislamiento-420-uso-pesado.php,images/logo-white@2x.png,PSI | Puertas y Servicios Industriales,True
puertas-seccionales-de-acero-sin-aislamiento-420-uso-pesado.php,images/logo-black-big@2x.png,PSI | Puertas y Servicios Industriales,True
puertas-seccionales-de-acero-sin-aislamiento-420-uso-pesado.php,images/verficha.png,Ver ficha técnica,True
puertas-seccionales-de-acero-sin-aislamiento-420-uso-pesado.php,images/puerta-420.jpg,,True
puertas-seccionales-de-acero-sin-aislamiento-420-uso-pesado.php,images/puerta-420t.png,,True
puertas-seccionales-de-acero-sin-aislamiento-420-uso-pesado.php,images/logo-white@2x.png,PSI,True
puertas-seccionales-de-acero-thermacore-598-uso-liviano.php,images/logo-white@2x.png,PSI | Puertas y Servicios Industriales,True
puertas-seccionales-de-acero-thermacore-598-uso-liviano.php,images/logo-white@2x.png,PSI | Puertas y Servicios Industriales,True
puertas-seccionales-de-acero-thermacore-598-uso-liviano.php,images/logo-black-big@2x.png,PSI | Puertas y Servicios Industriales,True
puertas-seccionales-de-acero-thermacore-598-uso-liviano.php,images/windload-thermacore-525-wide.jpg,La Thermacore® 598,True
puertas-seccionales-de-acero-thermacore-598-uso-liviano.php,images/puerta598t.png,La Thermacore® 598,True
puertas-seccionales-de-acero-thermacore-598-uso-liviano.php,images/logo-white@2x.png,PSI,True
puertas-seccionales-de-aluminio-521.php,images/logo-white@2x.png,PSI | Puertas y Servicios Industriales,True
puertas-seccionales-de-aluminio-521.php,images/logo-white@2x.png,PSI | Puertas y Servicios Industriales,True
puertas-seccionales-de-aluminio-521.php,images/logo-black-big@2x.png,PSI | Puertas y Servicios Industriales,True
puertas-seccionales-de-aluminio-521.php,images/verficha.png,Ver ficha técnica,True
puertas-seccionales-de-aluminio-521.php,images/puerta-521.jpg,serie 521,True
puertas-seccionales-de-aluminio-521.php,images/puerta-521t.jpg,serie 521,True
puertas-seccionales-de-aluminio-521.php,images/logo-white@2x.png,PSI,True
puertas-seccionales-industriales.php,images/logo-white@2x.png,PSI | Puertas y Servicios Industriales,True
puertas-seccionales-industriales.php,images/logo-white@2x.png,PSI | Puertas y Servicios Industriales,True
puertas-seccionales-industriales.php,images/logo-black-big@2x.png,PSI | Puertas y Servicios Industriales,True
puertas-seccionales-industriales.php,images/acanalado.jpg,Energy Series With INTELLICORE®,True
puertas-seccionales-industriales.php,images/proy1.jpg,Puertas Seccionales de Acero Aisladas Thermospan ®,True
puertas-seccionales-industriales.php,images/modelos.jpg,Puertas de acero acanalado,True
puertas-seccionales-industriales.php,images/puerta-standard-lift.jpg,Puertas Industriales DOCKMAN,True
puertas-seccionales-industriales.php,images/m-2415.jpg,Puertas seccionales de acero modelo 2415,True
puertas-seccionales-industriales.php,images/e3720.jpg,Energy Series With INTELLICORE® 3720 /3724 / 3722,True
puertas-seccionales-industriales.php,images/sectional-steel-thermacore-door-592.jpg,Thermacore serie 592,True
puertas-seccionales-industriales.php,images/a416.png,Puerta seccional de acero,True
puertas-seccionales-industriales.php,images/puerta-420.jpg,Puertas seccionales de acero sin aislamiento ,True
puertas-seccionales-industriales.php,images/industrial-brown-sectional-steel-model-424-432.jpg,Puerta seccional de acero sin aislamiento 424,True
puertas-seccionales-industriales.php,images/puerta-430.jpg,Puerta seccional de acero sin aislamiento 430 ,True
puertas-seccionales-industriales.php,images/puerta-521.jpg,Puertas seccionales de aluminio 521,True
puertas-seccionales-industriales.php,images/puerta-418.jpg,Puerta seccional de acero perfiles 418 ,True
puertas-seccionales-industriales.php,images/sectional-steel-models-422-426.jpg,Puerta seccionabl acero perfiles 422,True
puertas-seccionales-industriales.php,images/model-426-white-finish-insulated.jpg,Puertas seccionales de acero perfiles 426 ,True
puertas-seccionales-industriales.php,images/puerta432.jpg,Puerta seccional de acero perfiles 432,True
puertas-seccionales-industriales.php,images/puerta593.jpg,Puerta seccional de acero Thermacore de uso Medio,True
puertas-seccionales-industriales.php,images/puerta594.jpg,Puerta seccional de acero Thermacore 594,True
puertas-seccionales-industriales.php,images/windload-thermacore-525-wide.jpg,Puerta seccional de acero thermacore 525 (uso liviano),True
puertas-seccionales-industriales.php,images/puerta599.jpg,Puerta seccional de acero Thermacore 599,True
puertas-seccionales-industriales.php,images/logo-white@2x.png,PSI,True
puertas-y-fijos-louver.php,images/logo-white@2x.png,PSI | Puertas y Servicios Industriales,True
puertas-y-fijos-louver.php,images/logo-white@2x.png,PSI | Puertas y Servicios Industriales,True
puertas-y-fijos-louver.php,images/logo-black-big@2x.png,PSI | Puertas y Servicios Industriales,True
puertas-y-fijos-louver.php,images/puerta-metalica-louver.png,Puerta y fijos Louver,True
puertas-y-fijos-louver.php,images/puerta-holandesa.jpg,Puerta Holandesa,True
puertas-y-fijos-louver.php,images/logo-white@2x.png,PSI,True
puertasresidenciales.php,images/logo-white@2x.png,PSI | Puertas y Servicios Industriales,True
puertasresidenciales.php,images/logo-white@2x.png,PSI | Puertas y Servicios Industriales,True
puertasresidenciales.php,images/logo-black-big@2x.png,PSI | Puertas y Servicios Industriales,True
puertasresidenciales.php,images/proy2.jpg,Colección Modern Steel™,True
puertasresidenciales.php,images/demoresidencial.jpg,Colección Classic™ – Serie Premium™,True
puertasresidenciales.php,images/logo-white@2x.png,PSI,True
q-silent-max-eagle-3-4-hp.php,images/logo-white@2x.png,PSI | Puertas y Servicios Industriales,True
q-silent-max-eagle-3-4-hp.php,images/logo-white@2x.png,PSI | Puertas y Servicios Industriales,True
q-silent-max-eagle-3-4-hp.php,images/logo-black-big@2x.png,PSI | Puertas y Servicios Industriales,True
q-silent-max-eagle-3-4-hp.php,images/verficha.png,Ver ficha técnica,True
q-silent-max-eagle-3-4-hp.php,images/accesspro.jpg,AccessPRO FS1000SPEED,True
q-silent-max-eagle-3-4-hp.php,images/logo-white@2x.png,PSI,True
qik-barreras-automaticas-de-hasta-58-m.php,images/logo-white@2x.png,PSI | Puertas y Servicios Industriales,True
qik-barreras-automaticas-de-hasta-58-m.php,images/logo-white@2x.png,PSI | Puertas y Servicios Industriales,True
qik-barreras-automaticas-de-hasta-58-m.php,images/logo-black-big@2x.png,PSI | Puertas y Servicios Industriales,True
qik-barreras-automaticas-de-hasta-58-m.php,images/qik.jpg,"QIK – Barreras automaticas de hasta 5,8 m",True
qik-barreras-automaticas-de-hasta-58-m.php,images/logo-white@2x.png,PSI,True
rampa-niveladora-mecanica-blue-giant.php,images/logo-white@2x.png,PSI | Puertas y Servicios Industriales,True
rampa-niveladora-mecanica-blue-giant.php,images/logo-white@2x.png,PSI | Puertas y Servicios Industriales,True
rampa-niveladora-mecanica-blue-giant.php,images/logo-black-big@2x.png,PSI | Puertas y Servicios Industriales,True
rampa-niveladora-mecanica-blue-giant.php,images/verficha.png,Ver ficha técnica,True
rampa-niveladora-mecanica-blue-giant.php,images/M_DockLeveler.png,,True
rampa-niveladora-mecanica-blue-giant.php,images/logo-white@2x.png,PSI,True
rampa-niveladora.php,images/logo-white@2x.png,PSI | Puertas y Servicios Industriales,True
rampa-niveladora.php,images/logo-white@2x.png,PSI | Puertas y Servicios Industriales,True
rampa-niveladora.php,images/logo-black-big@2x.png,PSI | Puertas y Servicios Industriales,True
rampa-niveladora.php,images/rampak.jpg,Rampas de Andén Hidráulicas Kelley,True
rampa-niveladora.php,images/M_DockLeveler_300px.png,RAMPA NIVELADORA MECÁNICA BLUE GIANT,True
rampa-niveladora.php,images/Rampa-mecanica-Dockman.jpg,Rampas de Andén Hidráulicas,True
rampa-niveladora.php,images/Rampa-mecanica-Dockman.jpg,Rampas de Andén Mecánicas,True
rampa-niveladora.php,images/logo-white@2x.png,PSI,True
rampas-de-anden-hidraulicas-kelley.php,images/logo-white@2x.png,PSI | Puertas y Servicios Industriales,True
rampas-de-anden-hidraulicas-kelley.php,images/logo-white@2x.png,PSI | Puertas y Servicios Industriales,True
rampas-de-anden-hidraulicas-kelley.php,images/logo-black-big@2x.png,PSI | Puertas y Servicios Industriales,True
rampas-de-anden-hidraulicas-kelley.php,images/verficha.png,Ver ficha técnica,True
rampas-de-anden-hidraulicas-kelley.php,images/rampak.jpg,Rampas de Andén Hidráulicas,True
rampas-de-anden-hidraulicas-kelley.php,images/logo-white@2x.png,PSI,True
rampas-de-anden-hidraulicas.php,images/logo-white@2x.png,PSI | Puertas y Servicios Industriales,True
rampas-de-anden-hidraulicas.php,images/logo-white@2x.png,PSI | Puertas y Servicios Industriales,True
rampas-de-anden-hidraulicas.php,images/logo-black-big@2x.png,PSI | Puertas y Servicios Industriales,True
rampas-de-anden-hidraulicas.php,images/verficha.png,Ver ficha técnica,True
rampas-de-anden-hidraulicas.php,images/rampah.jpg,Rampas de Andén Hidráulicas,True
rampas-de-anden-hidraulicas.php,images/logo-white@2x.png,PSI,True
rampas-de-anden-mecanicas.php,images/logo-white@2x.png,PSI | Puertas y Servicios Industriales,True
rampas-de-anden-mecanicas.php,images/logo-white@2x.png,PSI | Puertas y Servicios Industriales,True
rampas-de-anden-mecanicas.php,images/logo-black-big@2x.png,PSI | Puertas y Servicios Industriales,True
rampas-de-anden-mecanicas.php,images/verficha.png,Ver ficha técnica,True
rampas-de-anden-mecanicas.php,images/rampam.jpg,Rampas de Andén Mecánicas,True
rampas-de-anden-mecanicas.php,images/2018-04-04_1153-300x234.png,Rampas de Andén Mecánicas,True
rampas-de-anden-mecanicas.php,images/logo-white@2x.png,PSI,True
rapida-apilable.php,images/logo-white@2x.png,PSI | Puertas y Servicios Industriales,True
rapida-apilable.php,images/logo-white@2x.png,PSI | Puertas y Servicios Industriales,True
rapida-apilable.php,images/logo-black-big@2x.png,PSI | Puertas y Servicios Industriales,True
rapida-apilable.php,images/verficha.png,Ver ficha técnica,True
rapida-apilable.php,images/apilable.jpg,RÁPIDA APILABLE,True
rapida-apilable.php,images/apilable2.jpg,RÁPIDA APILABLE,True
rapida-apilable.php,images/logo-white@2x.png,PSI,True
rapida-enrollable-industrial.php,images/logo-white@2x.png,PSI | Puertas y Servicios Industriales,True
rapida-enrollable-industrial.php,images/logo-white@2x.png,PSI | Puertas y Servicios Industriales,True
rapida-enrollable-industrial.php,images/logo-black-big@2x.png,PSI | Puertas y Servicios Industriales,True
rapida-enrollable-industrial.php,images/verficha.png,Ver ficha técnica,True
rapida-enrollable-industrial.php,images/puerta-infraca.jpg,RÁPIDA ENROLLABLE INDUSTRIAL,True
rapida-enrollable-industrial.php,images/puerta-infraca02.jpg,RÁPIDA ENROLLABLE INDUSTRIAL,True
rapida-enrollable-industrial.php,images/logo-white@2x.png,PSI,True
receptor-para-control-vehiculos.php,images/logo-white@2x.png,PSI | Puertas y Servicios Industriales,True
receptor-para-control-vehiculos.php,images/logo-white@2x.png,PSI | Puertas y Servicios Industriales,True
receptor-para-control-vehiculos.php,images/logo-black-big@2x.png,PSI | Puertas y Servicios Industriales,True
receptor-para-control-vehiculos.php,images/accesorios.jpg,Accesorios,True
receptor-para-control-vehiculos.php,images/logo-white@2x.png,PSI,True
residencial.php,images/logo-white@2x.png,PSI | Puertas y Servicios Industriales,True
residencial.php,images/logo-white@2x.png,PSI | Puertas y Servicios Industriales,True
residencial.php,images/logo-black-big@2x.png,PSI | Puertas y Servicios Industriales,True
residencial.php,images/proy2.jpg,Puertas residenciales,True
residencial.php,images/operadores.jpg,Operadores para puerta corrediza,True
residencial.php,images/abatible.jpg,Operadores para puerta abatible,True
residencial.php,images/ascendentes.jpg,Operadores para puertas ascendentes,True
residencial.php,images/logo-white@2x.png,PSI,True
retenedor-de-vehiculos.php,images/logo-white@2x.png,PSI | Puertas y Servicios Industriales,True
retenedor-de-vehiculos.php,images/logo-white@2x.png,PSI | Puertas y Servicios Industriales,True
retenedor-de-vehiculos.php,images/logo-black-big@2x.png,PSI | Puertas y Servicios Industriales,True
retenedor-de-vehiculos.php,images/verficha.png,Ver ficha técnica,True
retenedor-de-vehiculos.php,images/retenedor.jpg,El retenedor de vehículo eléctrico,True
retenedor-de-vehiculos.php,images/logo-white@2x.png,PSI,True
retenedor-vehiculos-hvr303.php,images/logo-white@2x.png,PSI | Puertas y Servicios Industriales,True
retenedor-vehiculos-hvr303.php,images/logo-white@2x.png,PSI | Puertas y Servicios Industriales,True
retenedor-vehiculos-hvr303.php,images/logo-black-big@2x.png,PSI | Puertas y Servicios Industriales,True
retenedor-vehiculos-hvr303.php,images/STRONGARMHVR303.png,,True
retenedor-vehiculos-hvr303.php,images/logo-white@2x.png,PSI,True
retenedores-de-vehiculos-automatico.php,images/logo-white@2x.png,PSI | Puertas y Servicios Industriales,True
retenedores-de-vehiculos-automatico.php,images/logo-white@2x.png,PSI | Puertas y Servicios Industriales,True
retenedores-de-vehiculos-automatico.php,images/logo-black-big@2x.png,PSI | Puertas y Servicios Industriales,True
retenedores-de-vehiculos-automatico.php,images/verficha.png,Ver ficha técnica,True
retenedores-de-vehiculos-automatico.php,images/tpr.jpg,RETENEDORES DE VEHICULOS AUTOMATICO TPR,True
retenedores-de-vehiculos-automatico.php,images/2025-08-21_16h18_34.png,RETENEDORES DE VEHICULOS AUTOMATICO TPR,True
retenedores-de-vehiculos-automatico.php,images/logo-white@2x.png,PSI,True
retenedores-de-vehiculos.php,images/logo-white@2x.png,PSI | Puertas y Servicios Industriales,True
retenedores-de-vehiculos.php,images/logo-white@2x.png,PSI | Puertas y Servicios Industriales,True
retenedores-de-vehiculos.php,images/logo-black-big@2x.png,PSI | Puertas y Servicios Industriales,True
retenedores-de-vehiculos.php,images/retenedor.jpg,RETENEDOR DE VEHICULOS ( electrico) MOD HVR303 StrongArm™,True
retenedores-de-vehiculos.php,images/star4.jpg,RETENEDOR DE VEHICULOS STAR4,True
retenedores-de-vehiculos.php,images/StrongArm_HVR303_300px.jpg,RETENEDORES DE VEHICULOS AUTOMATICO STRONGARM™ HVR303,True
retenedores-de-vehiculos.php,images/logo-white@2x.png,PSI,True
rolli-zip.php,images/logo-white@2x.png,PSI | Puertas y Servicios Industriales,True
rolli-zip.php,images/logo-white@2x.png,PSI | Puertas y Servicios Industriales,True
rolli-zip.php,images/logo-black-big@2x.png,PSI | Puertas y Servicios Industriales,True
rolli-zip.php,images/verficha.png,Ver ficha técnica,True
rolli-zip.php,images/Rolli-Zip-1.jpg,ROLLI ZIP,True
rolli-zip.php,images/Ditec-reset-imagen.jpg,ROLLI ZIP,True
rolli-zip.php,images/logo-white@2x.png,PSI,True
rytec.php,images/logo-white@2x.png,PSI | Puertas y Servicios Industriales,True
rytec.php,images/logo-white@2x.png,PSI | Puertas y Servicios Industriales,True
rytec.php,images/logo-black-big@2x.png,PSI | Puertas y Servicios Industriales,True
rytec.php,images/descarga-1.jpg,Fast-Seal ® ,True
rytec.php,images/PredaDoor-NXT-Door-1.jpg,PredaDoor® NXT® Door ,True
rytec.php,images/logo-white@2x.png,PSI,True
sector-puertas-rapidas-enrollables-de-sectores-intercambiables-y-contrapesos.php,images/logo-white@2x.png,PSI | Puertas y Servicios Industriales,True
sector-puertas-rapidas-enrollables-de-sectores-intercambiables-y-contrapesos.php,images/logo-white@2x.png,PSI | Puertas y Servicios Industriales,True
sector-puertas-rapidas-enrollables-de-sectores-intercambiables-y-contrapesos.php,images/logo-black-big@2x.png,PSI | Puertas y Servicios Industriales,True
sector-puertas-rapidas-enrollables-de-sectores-intercambiables-y-contrapesos.php,images/splus.jpg,Puerta de enrollamiento rápido ,True
sector-puertas-rapidas-enrollables-de-sectores-intercambiables-y-contrapesos.php,images/rolli.jpg,Puerta de enrollamiento rápido ,True
sector-puertas-rapidas-enrollables-de-sectores-intercambiables-y-contrapesos.php,images/logo-white@2x.png,PSI,True
sector-reset.php,images/logo-white@2x.png,PSI | Puertas y Servicios Industriales,True
sector-reset.php,images/logo-white@2x.png,PSI | Puertas y Servicios Industriales,True
sector-reset.php,images/logo-black-big@2x.png,PSI | Puertas y Servicios Industriales,True
sector-reset.php,images/sector.jpg,Sector Reset,True
sector-reset.php,images/sector1.jpg,Sector Reset,True
sector-reset.php,images/logo-white@2x.png,PSI,True
sellos-de-anden.php,images/logo-white@2x.png,PSI | Puertas y Servicios Industriales,True
sellos-de-anden.php,images/logo-white@2x.png,PSI | Puertas y Servicios Industriales,True
sellos-de-anden.php,images/logo-black-big@2x.png,PSI | Puertas y Servicios Industriales,True
sellos-de-anden.php,images/verficha.png,Ver ficha técnica,True
sellos-de-anden.php,images/sellos.jpg,Sellos de Andén,True
sellos-de-anden.php,images/sello.png,sellos Dockman,True
sellos-de-anden.php,images/vista_sello.png,sellos Dockman,True
sellos-de-anden.php,images/logo-white@2x.png,PSI,True
sellos-nacionales.php,images/logo-white@2x.png,PSI | Puertas y Servicios Industriales,True
sellos-nacionales.php,images/logo-white@2x.png,PSI | Puertas y Servicios Industriales,True
sellos-nacionales.php,images/logo-black-big@2x.png,PSI | Puertas y Servicios Industriales,True
sellos-nacionales.php,images/verficha.png,Ver ficha técnica,True
sellos-nacionales.php,images/verficha.png,Ver ficha técnica,True
sellos-nacionales.php,images/Sellos-Nacionales-1.jpeg,sellos Nacionales,True
sellos-nacionales.php,images/Sellos-Nacionales-2.jpeg,sellos Nacionales,True
sellos-nacionales.php,images/Sellos-Nacionales-3.jpeg,sellos Nacionales,True
sellos-nacionales.php,images/Sellos-Nacionales-4.jpeg,sellos Nacionales,True
sellos-nacionales.php,images/Sellos-Nacionales-5.jpeg,sellos Nacionales,True
sellos-nacionales.php,images/logo-white@2x.png,PSI,True
sellos-para-anden-shelter-de-soporte-flexible.php,images/logo-white@2x.png,PSI | Puertas y Servicios Industriales,True
sellos-para-anden-shelter-de-soporte-flexible.php,images/logo-white@2x.png,PSI | Puertas y Servicios Industriales,True
sellos-para-anden-shelter-de-soporte-flexible.php,images/logo-black-big@2x.png,PSI | Puertas y Servicios Industriales,True
sellos-para-anden-shelter-de-soporte-flexible.php,images/comercial.jpg,SELLOS PARA ANDEN,True
sellos-para-anden-shelter-de-soporte-flexible.php,images/logo-white@2x.png,PSI,True
sellos-para-anden.php,images/logo-white@2x.png,PSI | Puertas y Servicios Industriales,True
sellos-para-anden.php,images/logo-white@2x.png,PSI | Puertas y Servicios Industriales,True
sellos-para-anden.php,images/logo-black-big@2x.png,PSI | Puertas y Servicios Industriales,True
sellos-para-anden.php,images/Stationary-shelter.png,SHELTER ABRIGO ESTACIONARIO Blue Giant,True
sellos-para-anden.php,images/comercial.jpg,SELLOS PARA ANDEN – SHELTER DE SOPORTE FLEXIBLE,True
sellos-para-anden.php,images/sellos.jpg,Sellos de Andén,True
sellos-para-anden.php,images/sellos-nacionales.png,Sellos Nacionales,True
sellos-para-anden.php,images/logo-white@2x.png,PSI,True
semaforos-senalizaciones-para-anden.php,images/logo-white@2x.png,PSI | Puertas y Servicios Industriales,True
semaforos-senalizaciones-para-anden.php,images/logo-white@2x.png,PSI | Puertas y Servicios Industriales,True
semaforos-senalizaciones-para-anden.php,images/logo-black-big@2x.png,PSI | Puertas y Servicios Industriales,True
semaforos-senalizaciones-para-anden.php,images/accesorio-UNKNOWN_PHP.jpeg,,True
semaforos-senalizaciones-para-anden.php,images/logo-white@2x.png,PSI,True
serie-620.php,images/logo-white@2x.png,PSI | Puertas y Servicios Industriales,True
serie-620.php,images/logo-white@2x.png,PSI | Puertas y Servicios Industriales,True
serie-620.php,images/logo-black-big@2x.png,PSI | Puertas y Servicios Industriales,True
serie-620.php,images/cortina-serie-620.jpg,Cortina serie 620,True
serie-620.php,images/logo-white@2x.png,PSI,True
serie-x130-motor-para-cortina-oculto.php,images/logo-white@2x.png,PSI | Puertas y Servicios Industriales,True
serie-x130-motor-para-cortina-oculto.php,images/logo-white@2x.png,PSI | Puertas y Servicios Industriales,True
serie-x130-motor-para-cortina-oculto.php,images/logo-black-big@2x.png,PSI | Puertas y Servicios Industriales,True
serie-x130-motor-para-cortina-oculto.php,images/verficha.png,Ver ficha técnica,True
serie-x130-motor-para-cortina-oculto.php,images/seriex130.jpg,SERIE X130 Motor para cortina oculto,True
serie-x130-motor-para-cortina-oculto.php,images/x130.png,SERIE X130 Motor para cortina oculto,True
serie-x130-motor-para-cortina-oculto.php,images/logo-white@2x.png,PSI,True
sg-onixx-600.php,images/logo-white@2x.png,PSI | Puertas y Servicios Industriales,True
sg-onixx-600.php,images/logo-white@2x.png,PSI | Puertas y Servicios Industriales,True
sg-onixx-600.php,images/logo-black-big@2x.png,PSI | Puertas y Servicios Industriales,True
sg-onixx-600.php,images/cross18.jpg,Ditec Cross 18/19,True
sg-onixx-600.php,images/logo-white@2x.png,PSI,True
shelter-abrigo-estacionario-blue-giant.php,images/logo-white@2x.png,PSI | Puertas y Servicios Industriales,True
shelter-abrigo-estacionario-blue-giant.php,images/logo-white@2x.png,PSI | Puertas y Servicios Industriales,True
shelter-abrigo-estacionario-blue-giant.php,images/logo-black-big@2x.png,PSI | Puertas y Servicios Industriales,True
shelter-abrigo-estacionario-blue-giant.php,images/verficha.png,Ver ficha técnica,True
shelter-abrigo-estacionario-blue-giant.php,images/verficha.png,Ver ficha técnica,True
shelter-abrigo-estacionario-blue-giant.php,images/Stationary-shelter.png,SHELTER ABRIGO ESTACIONARIO Blue Giant,True
shelter-abrigo-estacionario-blue-giant.php,images/logo-white@2x.png,PSI,True
smart-puertas-rapidas-enrollables-de-sectores-intercambiables-con-motor-externo.php,images/logo-white@2x.png,PSI | Puertas y Servicios Industriales,True
smart-puertas-rapidas-enrollables-de-sectores-intercambiables-con-motor-externo.php,images/logo-white@2x.png,PSI | Puertas y Servicios Industriales,True
smart-puertas-rapidas-enrollables-de-sectores-intercambiables-con-motor-externo.php,images/logo-black-big@2x.png,PSI | Puertas y Servicios Industriales,True
smart-puertas-rapidas-enrollables-de-sectores-intercambiables-con-motor-externo.php,images/smart.jpg,SMART – PLUS,True
smart-puertas-rapidas-enrollables-de-sectores-intercambiables-con-motor-externo.php,images/logo-white@2x.png,PSI,True
soluciones.php,images/logo-white@2x.png,PSI | Puertas y Servicios Industriales,True
soluciones.php,images/logo-white@2x.png,PSI | Puertas y Servicios Industriales,True
soluciones.php,images/logo-black-big@2x.png,PSI | Puertas y Servicios Industriales,True
soluciones.php,images/puerta432.jpg,,True
soluciones.php,images/operadores.jpg,,True
soluciones.php,images/marcas.png,,True
soluciones.php,images/logo-white@2x.png,PSI,True
sprint-automatizaciones-para-puertas-peatonales-pequenas-dimensiones.php,images/logo-white@2x.png,PSI | Puertas y Servicios Industriales,True
sprint-automatizaciones-para-puertas-peatonales-pequenas-dimensiones.php,images/logo-white@2x.png,PSI | Puertas y Servicios Industriales,True
sprint-automatizaciones-para-puertas-peatonales-pequenas-dimensiones.php,images/logo-black-big@2x.png,PSI | Puertas y Servicios Industriales,True
sprint-automatizaciones-para-puertas-peatonales-pequenas-dimensiones.php,images/sprint.jpg,Ditec Sprint,True
sprint-automatizaciones-para-puertas-peatonales-pequenas-dimensiones.php,images/logo-white@2x.png,PSI,True
star1000-receptor-comercial.php,images/logo-white@2x.png,PSI | Puertas y Servicios Industriales,True
star1000-receptor-comercial.php,images/logo-white@2x.png,PSI | Puertas y Servicios Industriales,True
star1000-receptor-comercial.php,images/logo-black-big@2x.png,PSI | Puertas y Servicios Industriales,True
star1000-receptor-comercial.php,images/star100.jpg,STAR1000 Receptor comercial,True
star1000-receptor-comercial.php,images/logo-white@2x.png,PSI,True
star4-vehicle-restraint.php,images/logo-white@2x.png,PSI | Puertas y Servicios Industriales,True
star4-vehicle-restraint.php,images/logo-white@2x.png,PSI | Puertas y Servicios Industriales,True
star4-vehicle-restraint.php,images/logo-black-big@2x.png,PSI | Puertas y Servicios Industriales,True
star4-vehicle-restraint.php,images/verficha.png,Ver ficha técnica,True
star4-vehicle-restraint.php,images/star4.jpg,RETENEDOR DE VEHICULOS STAR4,True
star4-vehicle-restraint.php,images/logo-white@2x.png,PSI,True
tiras-plasticas-hawaianas.php,images/logo-white@2x.png,PSI | Puertas y Servicios Industriales,True
tiras-plasticas-hawaianas.php,images/logo-white@2x.png,PSI | Puertas y Servicios Industriales,True
tiras-plasticas-hawaianas.php,images/logo-black-big@2x.png,PSI | Puertas y Servicios Industriales,True
tiras-plasticas-hawaianas.php,images/tiras.jpg,Tiras Plasticas (Hawaianas),True
tiras-plasticas-hawaianas.php,images/logo-white@2x.png,PSI,True
tiras-plasticas.php,images/logo-white@2x.png,PSI | Puertas y Servicios Industriales,True
tiras-plasticas.php,images/logo-white@2x.png,PSI | Puertas y Servicios Industriales,True
tiras-plasticas.php,images/logo-black-big@2x.png,PSI | Puertas y Servicios Industriales,True
tiras-plasticas.php,images/logo-white@2x.png,PSI,True
traffic.php,images/logo-white@2x.png,PSI | Puertas y Servicios Industriales,True
traffic.php,images/logo-white@2x.png,PSI | Puertas y Servicios Industriales,True
traffic.php,images/logo-black-big@2x.png,PSI | Puertas y Servicios Industriales,True
traffic.php,images/traffic.jpg,Traffic,True
traffic.php,images/logo-white@2x.png,PSI,True
upper-up8e-barreras-automaticas-de-hasta-8-m.php,images/logo-white@2x.png,PSI | Puertas y Servicios Industriales,True
upper-up8e-barreras-automaticas-de-hasta-8-m.php,images/logo-white@2x.png,PSI | Puertas y Servicios Industriales,True
upper-up8e-barreras-automaticas-de-hasta-8-m.php,images/logo-black-big@2x.png,PSI | Puertas y Servicios Industriales,True
upper-up8e-barreras-automaticas-de-hasta-8-m.php,images/upper.jpg,UPPER UP8E – Barreras automaticas de hasta 8 m,True
upper-up8e-barreras-automaticas-de-hasta-8-m.php,images/logo-white@2x.png,PSI,True
vertigo.php,images/logo-white@2x.png,PSI | Puertas y Servicios Industriales,True
vertigo.php,images/logo-white@2x.png,PSI | Puertas y Servicios Industriales,True
vertigo.php,images/logo-black-big@2x.png,PSI | Puertas y Servicios Industriales,True
vertigo.php,images/porte-rapide-vertigo-500x500.jpg,,True
vertigo.php,images/logo-white@2x.png,PSI,True
wayne-dalton.php,images/logo-white@2x.png,PSI | Puertas y Servicios Industriales,True
wayne-dalton.php,images/logo-white@2x.png,PSI | Puertas y Servicios Industriales,True
wayne-dalton.php,images/logo-black-big@2x.png,PSI | Puertas y Servicios Industriales,True
wayne-dalton.php,images/fire-rated.jpg,Fire Rated Doors FireStar® Models 700 & 700c,True
wayne-dalton.php,images/t150.jpg,Puertas Seccionales de Acero Aisladas Thermospan ® Modelo 150,True
wayne-dalton.php,images/m2415.jpg,Puertas seccionales de acero modelo 2415,True
wayne-dalton.php,images/foto_puertas_lisa-1.png,Colección Modern Steel™,True
wayne-dalton.php,images/logo-white@2x.png,PSI,True
wel-aotmatizacion-de-puertas-peatonales-pequena-y-robusta.php,images/logo-white@2x.png,PSI | Puertas y Servicios Industriales,True
wel-aotmatizacion-de-puertas-peatonales-pequena-y-robusta.php,images/logo-white@2x.png,PSI | Puertas y Servicios Industriales,True
wel-aotmatizacion-de-puertas-peatonales-pequena-y-robusta.php,images/logo-black-big@2x.png,PSI | Puertas y Servicios Industriales,True
wel-aotmatizacion-de-puertas-peatonales-pequena-y-robusta.php,images/dab.jpg,Ditec DAB105,True
wel-aotmatizacion-de-puertas-peatonales-pequena-y-robusta.php,images/logo-white@2x.png,PSI,True
xel-5-selector-de-llave.php,images/logo-white@2x.png,PSI | Puertas y Servicios Industriales,True
xel-5-selector-de-llave.php,images/logo-white@2x.png,PSI | Puertas y Servicios Industriales,True
xel-5-selector-de-llave.php,images/logo-black-big@2x.png,PSI | Puertas y Servicios Industriales,True
xel-5-selector-de-llave.php,images/xel5.jpg,Accesorios – XEL 5,True
xel-5-selector-de-llave.php,images/logo-white@2x.png,PSI,True
