legacy_file,h1,h2,robots,schema,resources
1500-revolving-door.php," [JS: ""Soluciones Industriales""]"," [JS: ""Puerta Holandesa""]",,[],css/business.css | css/custom.css | css/icon.min.css | css/marketing.css | css/responsive.css | css/style.css | css/vendors.min.css | https://fonts.googleapis.com | https://fonts.gstatic.com | https://www.google.com/recaptcha/api.js | https://www.googletagmanager.com/gtag/js?id=G-C5XTMKDPM3 | images/apple-touch-icon-114x114.png | images/apple-touch-icon-57x57.png | images/apple-touch-icon-72x72.png | images/favicon.png | js/jquery.js | js/main.js | js/vendors.min.js
accesorios.php," [JS: ""Soluciones Industriales""]"," [JS: ""Accesorios""]",,[],css/business.css | css/custom.css | css/icon.min.css | css/marketing.css | css/responsive.css | css/style.css | css/vendors.min.css | https://fonts.googleapis.com | https://fonts.gstatic.com | https://www.google.com/recaptcha/api.js | https://www.googletagmanager.com/gtag/js?id=G-C5XTMKDPM3 | images/apple-touch-icon-114x114.png | images/apple-touch-icon-57x57.png | images/apple-touch-icon-72x72.png | images/favicon.png | js/jquery.js | js/main.js | js/vendors.min.js
accesspro-fs1000speed.php," [JS: ""Soluciones Residenciales""]"," [JS: ""AccessPRO FS1000SPEED""]",,[],css/business.css | css/custom.css | css/icon.min.css | css/marketing.css | css/responsive.css | css/style.css | css/vendors.min.css | https://fonts.googleapis.com | https://fonts.gstatic.com | https://www.google.com/recaptcha/api.js | https://www.googletagmanager.com/gtag/js?id=G-C5XTMKDPM3 | images/apple-touch-icon-114x114.png | images/apple-touch-icon-57x57.png | images/apple-touch-icon-72x72.png | images/favicon.png | js/jquery.js | js/main.js | js/vendors.min.js
automatismos-para-cancelas-cubic.php," [JS: ""CUBIC Automatismos ocultos al piso.""]",,,[],css/business.css | css/custom.css | css/icon.min.css | css/marketing.css | css/responsive.css | css/style.css | css/vendors.min.css | https://fonts.googleapis.com | https://fonts.gstatic.com | https://www.google.com/recaptcha/api.js | https://www.googletagmanager.com/gtag/js?id=G-C5XTMKDPM3 | images/apple-touch-icon-114x114.png | images/apple-touch-icon-57x57.png | images/apple-touch-icon-72x72.png | images/favicon.png | js/jquery.js | js/main.js | js/vendors.min.js
barreras-estacionamiento-moovi50rm.php," [JS: ""Productos Marca BFT""]"," [JS: ""Barreras de estacionamiento MOOVI50RM""]",,[],css/business.css | css/custom.css | css/icon.min.css | css/marketing.css | css/responsive.css | css/style.css | css/vendors.min.css | https://fonts.googleapis.com | https://fonts.gstatic.com | https://www.google.com/recaptcha/api.js | https://www.googletagmanager.com/gtag/js?id=G-C5XTMKDPM3 | images/apple-touch-icon-114x114.png | images/apple-touch-icon-57x57.png | images/apple-touch-icon-72x72.png | images/favicon.png | js/jquery.js | js/main.js | js/vendors.min.js
bft-resp.php," [JS: ""Productos""]"," [JS: ""Marca BFT""]",,[],css/business.css | css/custom.css | css/icon.min.css | css/marketing.css | css/responsive.css | css/style.css | css/vendors.min.css | https://fonts.googleapis.com | https://fonts.gstatic.com | https://www.google.com/recaptcha/api.js | https://www.googletagmanager.com/gtag/js?id=G-C5XTMKDPM3 | images/apple-touch-icon-114x114.png | images/apple-touch-icon-57x57.png | images/apple-touch-icon-72x72.png | images/favicon.png | js/jquery.js | js/main.js | js/vendors.min.js
bft.php," [JS: ""Marcas""]"," [JS: ""BTF""]",,[],css/business.css | css/custom.css | css/icon.min.css | css/marketing.css | css/responsive.css | css/style.css | css/vendors.min.css | https://fonts.googleapis.com | https://fonts.gstatic.com | https://www.google.com/recaptcha/api.js | https://www.googletagmanager.com/gtag/js?id=G-C5XTMKDPM3 | images/apple-touch-icon-114x114.png | images/apple-touch-icon-57x57.png | images/apple-touch-icon-72x72.png | images/favicon.png | js/jquery.js | js/main.js | js/vendors.min.js
bix-al-antena-externa-433-mhz.php," [JS: ""Productos Marca BFT""]"," [JS: ""BIX AL – Antena externa 433 MHz""]",,[],css/business.css | css/custom.css | css/icon.min.css | css/marketing.css | css/responsive.css | css/style.css | css/vendors.min.css | https://fonts.googleapis.com | https://fonts.gstatic.com | https://www.google.com/recaptcha/api.js | https://www.googletagmanager.com/gtag/js?id=G-C5XTMKDPM3 | images/apple-touch-icon-114x114.png | images/apple-touch-icon-57x57.png | images/apple-touch-icon-72x72.png | images/favicon.png | js/jquery.js | js/main.js | js/vendors.min.js
blindadas.php," [JS: ""Puertas Blindadas""]"," [JS: ""Puerta blindada""]",,[],css/business.css | css/custom.css | css/icon.min.css | css/marketing.css | css/responsive.css | css/style.css | css/vendors.min.css | https://fonts.googleapis.com | https://fonts.gstatic.com | https://www.google.com/recaptcha/api.js | https://www.googletagmanager.com/gtag/js?id=G-C5XTMKDPM3 | images/apple-touch-icon-114x114.png | images/apple-touch-icon-57x57.png | images/apple-touch-icon-72x72.png | images/favicon.png | js/jquery.js | js/main.js | js/vendors.min.js
blue-giant.php," [JS: ""Marcas""] |  [JS: ""Productos""]"," [JS: ""Blue Giant""] |  [JS: ""Marca BFT""]",,[],css/business.css | css/custom.css | css/icon.min.css | css/marketing.css | css/responsive.css | css/style.css | css/vendors.min.css | https://fonts.googleapis.com | https://fonts.gstatic.com | https://www.google.com/recaptcha/api.js | https://www.googletagmanager.com/gtag/js?id=G-C5XTMKDPM3 | images/apple-touch-icon-114x114.png | images/apple-touch-icon-57x57.png | images/apple-touch-icon-72x72.png | images/favicon.png | js/jquery.js | js/main.js | js/vendors.min.js
categorias.php,,,,[],
centros-comerciales.php," [JS: ""Soluciones Comerciales""]"," [JS: ""Puertas automáticas peatonales para centro comercial""]",,[],css/business.css | css/custom.css | css/icon.min.css | css/marketing.css | css/responsive.css | css/style.css | css/vendors.min.css | https://fonts.googleapis.com | https://fonts.gstatic.com | https://www.google.com/recaptcha/api.js | https://www.googletagmanager.com/gtag/js?id=G-C5XTMKDPM3 | images/apple-touch-icon-114x114.png | images/apple-touch-icon-57x57.png | images/apple-touch-icon-72x72.png | images/favicon.png | js/jquery.js | js/main.js | js/vendors.min.js
clopay.php," [JS: ""Marcas""]"," [JS: ""Clopay""]",,[],css/business.css | css/custom.css | css/icon.min.css | css/marketing.css | css/responsive.css | css/style.css | css/vendors.min.css | https://fonts.googleapis.com | https://fonts.gstatic.com | https://www.google.com/recaptcha/api.js | https://www.googletagmanager.com/gtag/js?id=G-C5XTMKDPM3 | images/apple-touch-icon-114x114.png | images/apple-touch-icon-57x57.png | images/apple-touch-icon-72x72.png | images/favicon.png | js/jquery.js | js/main.js | js/vendors.min.js
coleccion-classic.php," [JS: ""Soluciones Residenciales""]"," [JS: ""Colección Classic - Serie Premium""]",,[],css/business.css | css/custom.css | css/icon.min.css | css/marketing.css | css/responsive.css | css/style.css | css/vendors.min.css | https://fonts.googleapis.com | https://fonts.gstatic.com | https://www.google.com/recaptcha/api.js | https://www.googletagmanager.com/gtag/js?id=G-C5XTMKDPM3 | images/apple-touch-icon-114x114.png | images/apple-touch-icon-57x57.png | images/apple-touch-icon-72x72.png | images/favicon.png | js/jquery.js | js/main.js | js/vendors.min.js
coleccion-modern-steel.php," [JS: ""Puertas de garage ""]"," [JS: ""Colección Modern Steel™""]",,[],css/business.css | css/custom.css | css/icon.min.css | css/marketing.css | css/responsive.css | css/style.css | css/vendors.min.css | https://fonts.googleapis.com | https://fonts.gstatic.com | https://www.google.com/recaptcha/api.js | https://www.googletagmanager.com/gtag/js?id=G-C5XTMKDPM3 | images/apple-touch-icon-114x114.png | images/apple-touch-icon-57x57.png | images/apple-touch-icon-72x72.png | images/favicon.png | js/jquery.js | js/main.js | js/vendors.min.js
com-programadores-digitales-y-rotativos.php," [JS: ""Productos Marca BFT""]"," [JS: ""COM – Programadores digitales y rotativos""]",,[],css/business.css | css/custom.css | css/icon.min.css | css/marketing.css | css/responsive.css | css/style.css | css/vendors.min.css | https://fonts.googleapis.com | https://fonts.gstatic.com | https://www.google.com/recaptcha/api.js | https://www.googletagmanager.com/gtag/js?id=G-C5XTMKDPM3 | images/apple-touch-icon-114x114.png | images/apple-touch-icon-57x57.png | images/apple-touch-icon-72x72.png | images/favicon.png | js/jquery.js | js/main.js | js/vendors.min.js
comercial.php," [JS: ""Soluciones""]"," [JS: ""Comerciales""]",,[],css/business.css | css/custom.css | css/icon.min.css | css/marketing.css | css/responsive.css | css/style.css | css/vendors.min.css | https://fonts.googleapis.com | https://fonts.gstatic.com | https://www.google.com/recaptcha/api.js | https://www.googletagmanager.com/gtag/js?id=G-C5XTMKDPM3 | images/apple-touch-icon-114x114.png | images/apple-touch-icon-57x57.png | images/apple-touch-icon-72x72.png | images/favicon.png | js/jquery.js | js/main.js | js/vendors.min.js
contacto.php," [JS: ""Contacto""]",Envíanos un mensaje,,[],https://fonts.googleapis.com | https://fonts.gstatic.com | https://puertasyserviciosindustriales.com/css/business.css | https://puertasyserviciosindustriales.com/css/custom.css | https://puertasyserviciosindustriales.com/css/icon.min.css | https://puertasyserviciosindustriales.com/css/marketing.css | https://puertasyserviciosindustriales.com/css/responsive.css | https://puertasyserviciosindustriales.com/css/style.css | https://puertasyserviciosindustriales.com/css/vendors.min.css | https://puertasyserviciosindustriales.com/images/apple-touch-icon-114x114.png | https://puertasyserviciosindustriales.com/images/apple-touch-icon-57x57.png | https://puertasyserviciosindustriales.com/images/apple-touch-icon-72x72.png | https://puertasyserviciosindustriales.com/images/favicon.png | https://www.google.com/recaptcha/api.js | https://www.googletagmanager.com/gtag/js?id=G-C5XTMKDPM3 | js/jquery.js | js/main.js | js/vendors.min.js
contra-exposion.php," [JS: ""Contra explosion""]"," [JS: ""Puerta contra explosion""]",,[],css/business.css | css/custom.css | css/icon.min.css | css/marketing.css | css/responsive.css | css/style.css | css/vendors.min.css | https://fonts.googleapis.com | https://fonts.gstatic.com | https://www.google.com/recaptcha/api.js | https://www.googletagmanager.com/gtag/js?id=G-C5XTMKDPM3 | images/apple-touch-icon-114x114.png | images/apple-touch-icon-57x57.png | images/apple-touch-icon-72x72.png | images/favicon.png | js/jquery.js | js/main.js | js/vendors.min.js
contra-incendio.php," [JS: ""Contra incendio""]"," [JS: ""Puertas contra incendio""]",,[],css/business.css | css/custom.css | css/icon.min.css | css/marketing.css | css/responsive.css | css/style.css | css/vendors.min.css | https://fonts.googleapis.com | https://fonts.gstatic.com | https://www.google.com/recaptcha/api.js | https://www.googletagmanager.com/gtag/js?id=G-C5XTMKDPM3 | images/apple-touch-icon-114x114.png | images/apple-touch-icon-57x57.png | images/apple-touch-icon-72x72.png | images/favicon.png | js/jquery.js | js/main.js | js/vendors.min.js
cortina-de-seguridad-670.php," [JS: ""Soluciones Industriales""]"," [JS: ""Cortina de seguridad 670""]",,[],css/business.css | css/custom.css | css/icon.min.css | css/marketing.css | css/responsive.css | css/style.css | css/vendors.min.css | https://fonts.googleapis.com | https://fonts.gstatic.com | https://www.google.com/recaptcha/api.js | https://www.googletagmanager.com/gtag/js?id=G-C5XTMKDPM3 | images/apple-touch-icon-114x114.png | images/apple-touch-icon-57x57.png | images/apple-touch-icon-72x72.png | images/favicon.png | js/jquery.js | js/main.js | js/vendors.min.js
cortina-de-seguridad-671.php," [JS: ""Soluciones Industriales""]"," [JS: ""Cortina de seguridad 671""]",,[],css/business.css | css/custom.css | css/icon.min.css | css/marketing.css | css/responsive.css | css/style.css | css/vendors.min.css | https://fonts.googleapis.com | https://fonts.gstatic.com | https://www.google.com/recaptcha/api.js | https://www.googletagmanager.com/gtag/js?id=G-C5XTMKDPM3 | images/apple-touch-icon-114x114.png | images/apple-touch-icon-57x57.png | images/apple-touch-icon-72x72.png | images/favicon.png | js/jquery.js | js/main.js | js/vendors.min.js
cortina-en-aluminio-serie-511-521.php," [JS: ""Soluciones Industriales""]"," [JS: ""Cortina en aluminio serie 511 / 521""]",,[],css/business.css | css/custom.css | css/icon.min.css | css/marketing.css | css/responsive.css | css/style.css | css/vendors.min.css | https://fonts.googleapis.com | https://fonts.gstatic.com | https://www.google.com/recaptcha/api.js | https://www.googletagmanager.com/gtag/js?id=G-C5XTMKDPM3 | images/apple-touch-icon-114x114.png | images/apple-touch-icon-57x57.png | images/apple-touch-icon-72x72.png | images/favicon.png | js/jquery.js | js/main.js | js/vendors.min.js
cortina-europea.php," [JS: ""Soluciones Industriales""]"," [JS: ""Cortina Europea""]",,[],css/business.css | css/custom.css | css/icon.min.css | css/marketing.css | css/responsive.css | css/style.css | css/vendors.min.css | https://fonts.googleapis.com | https://fonts.gstatic.com | https://www.google.com/recaptcha/api.js | https://www.googletagmanager.com/gtag/js?id=G-C5XTMKDPM3 | images/apple-touch-icon-114x114.png | images/apple-touch-icon-57x57.png | images/apple-touch-icon-72x72.png | images/favicon.png | js/jquery.js | js/main.js | js/vendors.min.js
cortina-plana.php," [JS: ""Soluciones Residenciales""]"," [JS: ""Cortinas enrollables industriales""]",,[],css/business.css | css/custom.css | css/icon.min.css | css/marketing.css | css/responsive.css | css/style.css | css/vendors.min.css | https://fonts.googleapis.com | https://fonts.gstatic.com | https://www.google.com/recaptcha/api.js | https://www.googletagmanager.com/gtag/js?id=G-C5XTMKDPM3 | images/apple-touch-icon-114x114.png | images/apple-touch-icon-57x57.png | images/apple-touch-icon-72x72.png | images/favicon.png | js/jquery.js | js/main.js | js/vendors.min.js
cortina-serie-600.php," [JS: ""Soluciones Industriales""]"," [JS: ""Cortina serie 600""]",,[],css/business.css | css/custom.css | css/icon.min.css | css/marketing.css | css/responsive.css | css/style.css | css/vendors.min.css | https://fonts.googleapis.com | https://fonts.gstatic.com | https://www.google.com/recaptcha/api.js | https://www.googletagmanager.com/gtag/js?id=G-C5XTMKDPM3 | images/apple-touch-icon-114x114.png | images/apple-touch-icon-57x57.png | images/apple-touch-icon-72x72.png | images/favicon.png | js/jquery.js | js/main.js | js/vendors.min.js
cortina-serie-610.php," [JS: ""Soluciones Industriales""]"," [JS: ""Cortina serie 610""]",,[],css/business.css | css/custom.css | css/icon.min.css | css/marketing.css | css/responsive.css | css/style.css | css/vendors.min.css | https://fonts.googleapis.com | https://fonts.gstatic.com | https://www.google.com/recaptcha/api.js | https://www.googletagmanager.com/gtag/js?id=G-C5XTMKDPM3 | images/apple-touch-icon-114x114.png | images/apple-touch-icon-57x57.png | images/apple-touch-icon-72x72.png | images/favicon.png | js/jquery.js | js/main.js | js/vendors.min.js
cortina-serie-620.php," [JS: ""Soluciones Industriales""]"," [JS: ""Cortina serie 620""]",,[],css/business.css | css/custom.css | css/icon.min.css | css/marketing.css | css/responsive.css | css/style.css | css/vendors.min.css | https://fonts.googleapis.com | https://fonts.gstatic.com | https://www.google.com/recaptcha/api.js | https://www.googletagmanager.com/gtag/js?id=G-C5XTMKDPM3 | images/apple-touch-icon-114x114.png | images/apple-touch-icon-57x57.png | images/apple-touch-icon-72x72.png | images/favicon.png | js/jquery.js | js/main.js | js/vendors.min.js
cortina-serie-625.php," [JS: ""Soluciones Industriales""]"," [JS: ""Cortina serie 625""]",,[],css/business.css | css/custom.css | css/icon.min.css | css/marketing.css | css/responsive.css | css/style.css | css/vendors.min.css | https://fonts.googleapis.com | https://fonts.gstatic.com | https://www.google.com/recaptcha/api.js | https://www.googletagmanager.com/gtag/js?id=G-C5XTMKDPM3 | images/apple-touch-icon-114x114.png | images/apple-touch-icon-57x57.png | images/apple-touch-icon-72x72.png | images/favicon.png | js/jquery.js | js/main.js | js/vendors.min.js
cortina-serie-630.php," [JS: ""Soluciones Industriales""]"," [JS: ""Cortina serie 630-631-634-635""]",,[],css/business.css | css/custom.css | css/icon.min.css | css/marketing.css | css/responsive.css | css/style.css | css/vendors.min.css | https://fonts.googleapis.com | https://fonts.gstatic.com | https://www.google.com/recaptcha/api.js | https://www.googletagmanager.com/gtag/js?id=G-C5XTMKDPM3 | images/apple-touch-icon-114x114.png | images/apple-touch-icon-57x57.png | images/apple-touch-icon-72x72.png | images/favicon.png | js/jquery.js | js/main.js | js/vendors.min.js
cortina-serie-790-cw.php," [JS: ""Soluciones Industriales""]"," [JS: ""Cortina serie 790 CW""]",,[],css/business.css | css/custom.css | css/icon.min.css | css/marketing.css | css/responsive.css | css/style.css | css/vendors.min.css | https://fonts.googleapis.com | https://fonts.gstatic.com | https://www.google.com/recaptcha/api.js | https://www.googletagmanager.com/gtag/js?id=G-C5XTMKDPM3 | images/apple-touch-icon-114x114.png | images/apple-touch-icon-57x57.png | images/apple-touch-icon-72x72.png | images/favicon.png | js/jquery.js | js/main.js | js/vendors.min.js
cortinas-enrollables-de-aluminio.php," [JS: ""Soluciones Residenciales""]"," [JS: ""Cortinas enrollables de aluminio""]",,[],css/business.css | css/custom.css | css/icon.min.css | css/marketing.css | css/responsive.css | css/style.css | css/vendors.min.css | https://fonts.googleapis.com | https://fonts.gstatic.com | https://www.google.com/recaptcha/api.js | https://www.googletagmanager.com/gtag/js?id=G-C5XTMKDPM3 | images/apple-touch-icon-114x114.png | images/apple-touch-icon-57x57.png | images/apple-touch-icon-72x72.png | images/favicon.png | js/jquery.js | js/main.js | js/vendors.min.js
cortinas-enrollables-industriales.php," [JS: ""Soluciones Residenciales""]"," [JS: ""Cortinas enrollables industriales""]",,[],css/business.css | css/custom.css | css/icon.min.css | css/marketing.css | css/responsive.css | css/style.css | css/vendors.min.css | https://fonts.googleapis.com | https://fonts.gstatic.com | https://www.google.com/recaptcha/api.js | https://www.googletagmanager.com/gtag/js?id=G-C5XTMKDPM3 | images/apple-touch-icon-114x114.png | images/apple-touch-icon-57x57.png | images/apple-touch-icon-72x72.png | images/favicon.png | js/jquery.js | js/main.js | js/vendors.min.js
cortinas-ventiladas-685.php," [JS: ""Soluciones Industriales""]"," [JS: ""Cortinas ventiladas 685""]",,[],css/business.css | css/custom.css | css/icon.min.css | css/marketing.css | css/responsive.css | css/style.css | css/vendors.min.css | https://fonts.googleapis.com | https://fonts.gstatic.com | https://www.google.com/recaptcha/api.js | https://www.googletagmanager.com/gtag/js?id=G-C5XTMKDPM3 | images/apple-touch-icon-114x114.png | images/apple-touch-icon-57x57.png | images/apple-touch-icon-72x72.png | images/favicon.png | js/jquery.js | js/main.js | js/vendors.min.js
cross-3e.php," [JS: ""Soluciones Industriales""]"," [JS: ""Cross 30E""]",,[],css/business.css | css/custom.css | css/icon.min.css | css/marketing.css | css/responsive.css | css/style.css | css/vendors.min.css | https://fonts.googleapis.com | https://fonts.gstatic.com | https://www.google.com/recaptcha/api.js | https://www.googletagmanager.com/gtag/js?id=G-C5XTMKDPM3 | images/apple-touch-icon-114x114.png | images/apple-touch-icon-57x57.png | images/apple-touch-icon-72x72.png | images/favicon.png | js/jquery.js | js/main.js | js/vendors.min.js
detector-de-masas-max-eagle.php," [JS: ""Productos Marca BFT""]"," [JS: ""DETECTOR DE MASAS MAX EAGLE""]",,[],css/business.css | css/custom.css | css/icon.min.css | css/marketing.css | css/responsive.css | css/style.css | css/vendors.min.css | https://fonts.googleapis.com | https://fonts.gstatic.com | https://www.google.com/recaptcha/api.js | https://www.googletagmanager.com/gtag/js?id=G-C5XTMKDPM3 | images/apple-touch-icon-114x114.png | images/apple-touch-icon-57x57.png | images/apple-touch-icon-72x72.png | images/favicon.png | js/jquery.js | js/main.js | js/vendors.min.js
ditec-neos-y-neos.php," [JS: ""Soluciones Industriales""]"," [JS: ""Ditec NeoS y NeoS+""]",,[],css/business.css | css/custom.css | css/icon.min.css | css/marketing.css | css/responsive.css | css/style.css | css/vendors.min.css | https://fonts.googleapis.com | https://fonts.gstatic.com | https://www.google.com/recaptcha/api.js | https://www.googletagmanager.com/gtag/js?id=G-C5XTMKDPM3 | images/apple-touch-icon-114x114.png | images/apple-touch-icon-57x57.png | images/apple-touch-icon-72x72.png | images/favicon.png | js/jquery.js | js/main.js | js/vendors.min.js
dockman.php," [JS: ""Marcas""]"," [JS: ""Dockman""]",,[],css/business.css | css/custom.css | css/icon.min.css | css/marketing.css | css/responsive.css | css/style.css | css/vendors.min.css | https://fonts.googleapis.com | https://fonts.gstatic.com | https://www.google.com/recaptcha/api.js | https://www.googletagmanager.com/gtag/js?id=G-C5XTMKDPM3 | images/apple-touch-icon-114x114.png | images/apple-touch-icon-57x57.png | images/apple-touch-icon-72x72.png | images/favicon.png | js/jquery.js | js/main.js | js/vendors.min.js
dod-automatizacion-compacto-y-potente-para-portones-seccionales-correderos-y-enrollables.php," [JS: ""DOD – Automatización compacto y potente para portones seccionales, correderos y enrollables""]",,,[],css/business.css | css/custom.css | css/icon.min.css | css/marketing.css | css/responsive.css | css/style.css | css/vendors.min.css | https://fonts.googleapis.com | https://fonts.gstatic.com | https://www.google.com/recaptcha/api.js | https://www.googletagmanager.com/gtag/js?id=G-C5XTMKDPM3 | images/apple-touch-icon-114x114.png | images/apple-touch-icon-57x57.png | images/apple-touch-icon-72x72.png | images/favicon.png | js/jquery.js | js/main.js | js/vendors.min.js
doorlock.php," [JS: ""Marcas""]"," [JS: ""Doorlock""]",,[],css/business.css | css/custom.css | css/icon.min.css | css/marketing.css | css/responsive.css | css/style.css | css/vendors.min.css | https://fonts.googleapis.com | https://fonts.gstatic.com | https://www.google.com/recaptcha/api.js | https://www.googletagmanager.com/gtag/js?id=G-C5XTMKDPM3 | images/apple-touch-icon-114x114.png | images/apple-touch-icon-57x57.png | images/apple-touch-icon-72x72.png | images/favicon.png | js/jquery.js | js/main.js | js/vendors.min.js
dura-glide-20003000-puerta.php," [JS: ""Soluciones Industriales""]"," [JS: ""Dura-Glide 2000/3000 Puerta""]",,[],css/business.css | css/custom.css | css/icon.min.css | css/marketing.css | css/responsive.css | css/style.css | css/vendors.min.css | https://fonts.googleapis.com | https://fonts.gstatic.com | https://www.google.com/recaptcha/api.js | https://www.googletagmanager.com/gtag/js?id=G-C5XTMKDPM3 | images/apple-touch-icon-114x114.png | images/apple-touch-icon-57x57.png | images/apple-touch-icon-72x72.png | images/favicon.png | js/jquery.js | js/main.js | js/vendors.min.js
energy-series-with-intellicore-37171-3-4.php," [JS: ""Soluciones Residenciales""]"," [JS: ""ENERGY SERIES WITH INTELLICORE® 3717 1 3/4″""]",,[],css/business.css | css/custom.css | css/icon.min.css | css/marketing.css | css/responsive.css | css/style.css | css/vendors.min.css | https://fonts.googleapis.com | https://fonts.gstatic.com | https://www.google.com/recaptcha/api.js | https://www.googletagmanager.com/gtag/js?id=G-C5XTMKDPM3 | images/apple-touch-icon-114x114.png | images/apple-touch-icon-57x57.png | images/apple-touch-icon-72x72.png | images/favicon.png | js/jquery.js | js/main.js | js/vendors.min.js
energy-series-with-intellicore-3720-3724-3722.php," [JS: ""Soluciones Residenciales""]"," [JS: ""ENERGY SERIES WITH INTELLICORE® 3720 /3724 / 3722""]",,[],css/business.css | css/custom.css | css/icon.min.css | css/marketing.css | css/responsive.css | css/style.css | css/vendors.min.css | https://fonts.googleapis.com | https://fonts.gstatic.com | https://www.google.com/recaptcha/api.js | https://www.googletagmanager.com/gtag/js?id=G-C5XTMKDPM3 | images/apple-touch-icon-114x114.png | images/apple-touch-icon-57x57.png | images/apple-touch-icon-72x72.png | images/favicon.png | js/jquery.js | js/main.js | js/vendors.min.js
equipos-y-accesorios-para-anden-de-carga.php," [JS: ""EQUIPOS Y ACCESORIOS PARA""]"," [JS: ""ANDEN DE CARGA""]",,[],css/business.css | css/custom.css | css/icon.min.css | css/marketing.css | css/responsive.css | css/style.css | css/vendors.min.css | https://fonts.googleapis.com | https://fonts.gstatic.com | https://www.google.com/recaptcha/api.js | https://www.googletagmanager.com/gtag/js?id=G-C5XTMKDPM3 | images/apple-touch-icon-114x114.png | images/apple-touch-icon-57x57.png | images/apple-touch-icon-72x72.png | images/favicon.png | js/jquery.js | js/main.js | js/vendors.min.js
estacionamientos.php," [JS: ""Soluciones Comerciales""]"," [JS: ""Estacionamientos""]",,[],css/business.css | css/custom.css | css/icon.min.css | css/marketing.css | css/responsive.css | css/style.css | css/vendors.min.css | https://fonts.googleapis.com | https://fonts.gstatic.com | https://www.google.com/recaptcha/api.js | https://www.googletagmanager.com/gtag/js?id=G-C5XTMKDPM3 | images/apple-touch-icon-114x114.png | images/apple-touch-icon-57x57.png | images/apple-touch-icon-72x72.png | images/favicon.png | js/jquery.js | js/main.js | js/vendors.min.js
fast-seal-high-performance-door.php," [JS: ""Soluciones Industriales""]"," [JS: ""Fast-Seal® High Performance Door""]",,[],css/business.css | css/custom.css | css/icon.min.css | css/marketing.css | css/responsive.css | css/style.css | css/vendors.min.css | https://fonts.googleapis.com | https://fonts.gstatic.com | https://www.google.com/recaptcha/api.js | https://www.googletagmanager.com/gtag/js?id=G-C5XTMKDPM3 | images/apple-touch-icon-114x114.png | images/apple-touch-icon-57x57.png | images/apple-touch-icon-72x72.png | images/favicon.png | js/jquery.js | js/main.js | js/vendors.min.js
fire-rated-doors-firestar-models-700-700c.php," [JS: ""Soluciones Industriales""]"," [JS: ""Fire Rated Doors FireStar® Models 700 & 700c""]",,[],css/business.css | css/custom.css | css/icon.min.css | css/marketing.css | css/responsive.css | css/style.css | css/vendors.min.css | https://fonts.googleapis.com | https://fonts.gstatic.com | https://www.google.com/recaptcha/api.js | https://www.googletagmanager.com/gtag/js?id=G-C5XTMKDPM3 | images/apple-touch-icon-114x114.png | images/apple-touch-icon-57x57.png | images/apple-touch-icon-72x72.png | images/favicon.png | js/jquery.js | js/main.js | js/vendors.min.js
fotoceldas.php," [JS: ""Productos Marca BFT""]"," [JS: ""FOTOCELDAS EMIR-60""]",,[],css/business.css | css/custom.css | css/icon.min.css | css/marketing.css | css/responsive.css | css/style.css | css/vendors.min.css | https://fonts.googleapis.com | https://fonts.gstatic.com | https://www.google.com/recaptcha/api.js | https://www.googletagmanager.com/gtag/js?id=G-C5XTMKDPM3 | images/apple-touch-icon-114x114.png | images/apple-touch-icon-57x57.png | images/apple-touch-icon-72x72.png | images/favicon.png | js/jquery.js | js/main.js | js/vendors.min.js
fraccionamientos-y-condominios.php," [JS: ""Soluciones Comerciales""]"," [JS: ""Fraccionamientos y Condominios""]",,[],css/business.css | css/custom.css | css/icon.min.css | css/marketing.css | css/responsive.css | css/style.css | css/vendors.min.css | https://fonts.googleapis.com | https://fonts.gstatic.com | https://www.google.com/recaptcha/api.js | https://www.googletagmanager.com/gtag/js?id=G-C5XTMKDPM3 | images/apple-touch-icon-114x114.png | images/apple-touch-icon-57x57.png | images/apple-touch-icon-72x72.png | images/favicon.png | js/jquery.js | js/main.js | js/vendors.min.js
glg-porte-industriali.php," [JS: ""Marcas""]"," [JS: ""GLG Porte Industriali""]",,[],css/business.css | css/custom.css | css/icon.min.css | css/marketing.css | css/responsive.css | css/style.css | css/vendors.min.css | https://fonts.googleapis.com | https://fonts.gstatic.com | https://www.google.com/recaptcha/api.js | https://www.googletagmanager.com/gtag/js?id=G-C5XTMKDPM3 | images/apple-touch-icon-114x114.png | images/apple-touch-icon-57x57.png | images/apple-touch-icon-72x72.png | images/favicon.png | js/jquery.js | js/main.js | js/vendors.min.js
gol-transmisores-de-cuatro-canales.php," [JS: ""Productos Marca BFT""]"," [JS: ""Transmisores ZEN""]",,[],css/business.css | css/custom.css | css/icon.min.css | css/marketing.css | css/responsive.css | css/style.css | css/vendors.min.css | https://fonts.googleapis.com | https://fonts.gstatic.com | https://www.google.com/recaptcha/api.js | https://www.googletagmanager.com/gtag/js?id=G-C5XTMKDPM3 | images/apple-touch-icon-114x114.png | images/apple-touch-icon-57x57.png | images/apple-touch-icon-72x72.png | images/favicon.png | js/jquery.js | js/main.js | js/vendors.min.js
icaro-smart.php," [JS: ""Soluciones Industriales""]"," [JS: ""ICARO SMART AC A2000 120""]",,[],css/business.css | css/custom.css | css/icon.min.css | css/marketing.css | css/responsive.css | css/style.css | css/vendors.min.css | https://fonts.googleapis.com | https://fonts.gstatic.com | https://www.google.com/recaptcha/api.js | https://www.googletagmanager.com/gtag/js?id=G-C5XTMKDPM3 | images/apple-touch-icon-114x114.png | images/apple-touch-icon-57x57.png | images/apple-touch-icon-72x72.png | images/favicon.png | js/jquery.js | js/main.js | js/vendors.min.js
index-estatico.php,"Bienvenidos a nuestro sitio web . | Venta, instalación y mantenimiento de puertas automáticas | Venta, instalación y mantenimiento de rampas para Taller o Niveladoras de Andén | Venta, instalación y mantenimiento de rampas para Taller o Niveladoras de Andén",,,[],css/business.css | css/custom.css | css/icon.min.css | css/marketing.css | css/responsive.css | css/style.css | css/vendors.min.css | https://fonts.googleapis.com | https://fonts.gstatic.com | https://www.google.com/recaptcha/api.js | https://www.googletagmanager.com/gtag/js?id=G-C5XTMKDPM3 | images/apple-touch-icon-114x114.png | images/apple-touch-icon-57x57.png | images/apple-touch-icon-72x72.png | images/favicon.png | js/jquery.js | js/main.js | js/vendors.min.js
index-resp.php,"Bienvenidos a nuestro sitio web . | Venta, instalación y mantenimiento de puertas automáticas | Venta, instalación y mantenimiento de rampas para Taller o Niveladoras de Andén",,,[],css/business.css | css/custom.css | css/icon.min.css | css/marketing.css | css/responsive.css | css/style.css | css/vendors.min.css | https://fonts.googleapis.com | https://fonts.gstatic.com | https://www.google.com/recaptcha/api.js | https://www.googletagmanager.com/gtag/js?id=G-C5XTMKDPM3 | images/apple-touch-icon-114x114.png | images/apple-touch-icon-57x57.png | images/apple-touch-icon-72x72.png | images/favicon.png | js/jquery.js | js/main.js | js/vendors.min.js
index.php,"Bienvenidos a nuestro sitio web . | Venta, instalación y mantenimiento de puertas automáticas | Venta, instalación y mantenimiento de rampas para Taller o Niveladoras de Andén | Venta, instalación y mantenimiento de rampas para Taller o Niveladoras de Andén",,,[],https://fonts.googleapis.com | https://fonts.gstatic.com | https://puertasyserviciosindustriales.com/css/business.css | https://puertasyserviciosindustriales.com/css/custom.css | https://puertasyserviciosindustriales.com/css/icon.min.css | https://puertasyserviciosindustriales.com/css/marketing.css | https://puertasyserviciosindustriales.com/css/responsive.css | https://puertasyserviciosindustriales.com/css/style.css | https://puertasyserviciosindustriales.com/css/vendors.min.css | https://puertasyserviciosindustriales.com/images/apple-touch-icon-114x114.png | https://puertasyserviciosindustriales.com/images/apple-touch-icon-57x57.png | https://puertasyserviciosindustriales.com/images/apple-touch-icon-72x72.png | https://puertasyserviciosindustriales.com/images/favicon.png | https://puertasyserviciosindustriales.com/js/jquery.js | https://puertasyserviciosindustriales.com/js/main.js | https://puertasyserviciosindustriales.com/js/vendors.min.js | https://www.google.com/recaptcha/api.js | https://www.googletagmanager.com/gtag/js?id=G-C5XTMKDPM3
industrial.php," [JS: ""Soluciones""]"," [JS: ""Industriales""]",,[],css/business.css | css/custom.css | css/icon.min.css | css/marketing.css | css/responsive.css | css/style.css | css/vendors.min.css | https://fonts.googleapis.com | https://fonts.gstatic.com | https://www.google.com/recaptcha/api.js | https://www.googletagmanager.com/gtag/js?id=G-C5XTMKDPM3 | images/apple-touch-icon-114x114.png | images/apple-touch-icon-57x57.png | images/apple-touch-icon-72x72.png | images/favicon.png | js/jquery.js | js/main.js | js/vendors.min.js
infraca-quality-doors.php," [JS: ""Marcas""]"," [JS: ""Infraca Quality Doors""]",,[],css/business.css | css/custom.css | css/icon.min.css | css/marketing.css | css/responsive.css | css/style.css | css/vendors.min.css | https://fonts.googleapis.com | https://fonts.gstatic.com | https://www.google.com/recaptcha/api.js | https://www.googletagmanager.com/gtag/js?id=G-C5XTMKDPM3 | images/apple-touch-icon-114x114.png | images/apple-touch-icon-57x57.png | images/apple-touch-icon-72x72.png | images/favicon.png | js/jquery.js | js/main.js | js/vendors.min.js
kelley.php," [JS: ""Marcas""]"," [JS: ""Kelley""]",,[],css/business.css | css/custom.css | css/icon.min.css | css/marketing.css | css/responsive.css | css/style.css | css/vendors.min.css | https://fonts.googleapis.com | https://fonts.gstatic.com | https://www.google.com/recaptcha/api.js | https://www.googletagmanager.com/gtag/js?id=G-C5XTMKDPM3 | images/apple-touch-icon-114x114.png | images/apple-touch-icon-57x57.png | images/apple-touch-icon-72x72.png | images/favicon.png | js/jquery.js | js/main.js | js/vendors.min.js
kronos-puertas-rapidas-de-sectores-modulares-autorreparable.php," [JS: ""Soluciones Industriales""]"," [JS: ""ALUMINA – Puertas rápidas autorreparable""]",,[],css/business.css | css/custom.css | css/icon.min.css | css/marketing.css | css/responsive.css | css/style.css | css/vendors.min.css | https://fonts.googleapis.com | https://fonts.gstatic.com | https://www.google.com/recaptcha/api.js | https://www.googletagmanager.com/gtag/js?id=G-C5XTMKDPM3 | images/apple-touch-icon-114x114.png | images/apple-touch-icon-57x57.png | images/apple-touch-icon-72x72.png | images/favicon.png | js/jquery.js | js/main.js | js/vendors.min.js
lab-4-fotocelulas-de-rayos-infrarrojos.php," [JS: ""Productos Marca BFT""]"," [JS: ""LIN2 Fotocélulas de rayos infrarrojos""]",,[],css/business.css | css/custom.css | css/icon.min.css | css/marketing.css | css/responsive.css | css/style.css | css/vendors.min.css | https://fonts.googleapis.com | https://fonts.gstatic.com | https://www.google.com/recaptcha/api.js | https://www.googletagmanager.com/gtag/js?id=G-C5XTMKDPM3 | images/apple-touch-icon-114x114.png | images/apple-touch-icon-57x57.png | images/apple-touch-icon-72x72.png | images/favicon.png | js/jquery.js | js/main.js | js/vendors.min.js
lab-9-detectores-de-volumen-de-metal-loop.php," [JS: ""Productos Marca BFT""]"," [JS: ""Detector de lazo magnético""]",,[],css/business.css | css/custom.css | css/icon.min.css | css/marketing.css | css/responsive.css | css/style.css | css/vendors.min.css | https://fonts.googleapis.com | https://fonts.gstatic.com | https://www.google.com/recaptcha/api.js | https://www.googletagmanager.com/gtag/js?id=G-C5XTMKDPM3 | images/apple-touch-icon-114x114.png | images/apple-touch-icon-57x57.png | images/apple-touch-icon-72x72.png | images/favicon.png | js/jquery.js | js/main.js | js/vendors.min.js
labio-de-elevacion-mecanico-dockman.php," [JS: ""Soluciones Industriales""]"," [JS: ""Labio de elevación mecánico Dockman""]",,[],css/business.css | css/custom.css | css/icon.min.css | css/marketing.css | css/responsive.css | css/style.css | css/vendors.min.css | https://fonts.googleapis.com | https://fonts.gstatic.com | https://www.google.com/recaptcha/api.js | https://www.googletagmanager.com/gtag/js?id=G-C5XTMKDPM3 | images/apple-touch-icon-114x114.png | images/apple-touch-icon-57x57.png | images/apple-touch-icon-72x72.png | images/favicon.png | js/jquery.js | js/main.js | js/vendors.min.js
labio-elevacion-anden-carga.php," [JS: ""Equipos y Accesorios para Anden de Carga""]"," [JS: ""Labio de elevación para anden de carga""]",,[],css/business.css | css/custom.css | css/icon.min.css | css/marketing.css | css/responsive.css | css/style.css | css/vendors.min.css | https://fonts.googleapis.com | https://fonts.gstatic.com | https://www.google.com/recaptcha/api.js | https://www.googletagmanager.com/gtag/js?id=G-C5XTMKDPM3 | images/apple-touch-icon-114x114.png | images/apple-touch-icon-57x57.png | images/apple-touch-icon-72x72.png | images/favicon.png | js/jquery.js | js/main.js | js/vendors.min.js
lan-4-sistema-de-teclado-con-combinacion-digital.php," [JS: ""Productos Marca BFT""]"," [JS: ""LAN 4 – Teclado con combinación digital""]",,[],css/business.css | css/custom.css | css/icon.min.css | css/marketing.css | css/responsive.css | css/style.css | css/vendors.min.css | https://fonts.googleapis.com | https://fonts.gstatic.com | https://www.google.com/recaptcha/api.js | https://www.googletagmanager.com/gtag/js?id=G-C5XTMKDPM3 | images/apple-touch-icon-114x114.png | images/apple-touch-icon-57x57.png | images/apple-touch-icon-72x72.png | images/favicon.png | js/jquery.js | js/main.js | js/vendors.min.js
lan-7-sistema-de-mando-de-proximidad-de-tarjetas-con-tecnologia-transponder.php," [JS: ""Productos Marca BFT""]"," [JS: ""Sistemas de mando de proximidad con tecnología transponder""]",,[],css/business.css | css/custom.css | css/icon.min.css | css/marketing.css | css/responsive.css | css/style.css | css/vendors.min.css | https://fonts.googleapis.com | https://fonts.gstatic.com | https://www.google.com/recaptcha/api.js | https://www.googletagmanager.com/gtag/js?id=G-C5XTMKDPM3 | images/apple-touch-icon-114x114.png | images/apple-touch-icon-57x57.png | images/apple-touch-icon-72x72.png | images/favicon.png | js/jquery.js | js/main.js | js/vendors.min.js
lift-master-mod-h.php," [JS: ""Soluciones Industriales""]"," [JS: ""Lift Master Mod H""]",,[],css/business.css | css/custom.css | css/icon.min.css | css/marketing.css | css/responsive.css | css/style.css | css/vendors.min.css | https://fonts.googleapis.com | https://fonts.gstatic.com | https://www.google.com/recaptcha/api.js | https://www.googletagmanager.com/gtag/js?id=G-C5XTMKDPM3 | images/apple-touch-icon-114x114.png | images/apple-touch-icon-57x57.png | images/apple-touch-icon-72x72.png | images/favicon.png | js/jquery.js | js/main.js | js/vendors.min.js
lift-master.php," [JS: ""Marcas""]"," [JS: ""LiftMaster""]",,[],css/business.css | css/custom.css | css/icon.min.css | css/marketing.css | css/responsive.css | css/style.css | css/vendors.min.css | https://fonts.googleapis.com | https://fonts.gstatic.com | https://www.google.com/recaptcha/api.js | https://www.googletagmanager.com/gtag/js?id=G-C5XTMKDPM3 | images/apple-touch-icon-114x114.png | images/apple-touch-icon-57x57.png | images/apple-touch-icon-72x72.png | images/favicon.png | js/jquery.js | js/main.js | js/vendors.min.js
liftmaster-modh.php," [JS: ""Soluciones Industriales""]"," [JS: ""Lift Master Mod H""]",,[],css/business.css | css/custom.css | css/icon.min.css | css/marketing.css | css/responsive.css | css/style.css | css/vendors.min.css | https://fonts.googleapis.com | https://fonts.gstatic.com | https://www.google.com/recaptcha/api.js | https://www.googletagmanager.com/gtag/js?id=G-C5XTMKDPM3 | images/apple-touch-icon-114x114.png | images/apple-touch-icon-57x57.png | images/apple-touch-icon-72x72.png | images/favicon.png | js/jquery.js | js/main.js | js/vendors.min.js
light-communication-system-lcs.php," [JS: ""Semaforos y señalizaciones para anden""]"," [JS: ""Light Communication System (LCS)""]",,[],css/business.css | css/custom.css | css/icon.min.css | css/marketing.css | css/responsive.css | css/style.css | css/vendors.min.css | https://fonts.googleapis.com | https://fonts.gstatic.com | https://www.google.com/recaptcha/api.js | https://www.googletagmanager.com/gtag/js?id=G-C5XTMKDPM3 | images/apple-touch-icon-114x114.png | images/apple-touch-icon-57x57.png | images/apple-touch-icon-72x72.png | images/favicon.png | js/jquery.js | js/main.js | js/vendors.min.js
lux-2b-y-lux-gv-piston-hidraulico-para-puerta-abatible.php," [JS: ""Soluciones Industriales""]"," [JS: ""LUX 2B y Lux GV Piston hidraulico para puerta abatible""]",,[],css/business.css | css/custom.css | css/icon.min.css | css/marketing.css | css/responsive.css | css/style.css | css/vendors.min.css | https://fonts.googleapis.com | https://fonts.gstatic.com | https://www.google.com/recaptcha/api.js | https://www.googletagmanager.com/gtag/js?id=G-C5XTMKDPM3 | images/apple-touch-icon-114x114.png | images/apple-touch-icon-57x57.png | images/apple-touch-icon-72x72.png | images/favicon.png | js/jquery.js | js/main.js | js/vendors.min.js
luxo-robusto-e-incansable-para-servicios-intensivos-para-hojas-de-hasta-5-m.php," [JS: ""PWR Robusto e incansable, para servicios intensivos, para hojas de hasta 5 mts""]",,,[],css/business.css | css/custom.css | css/icon.min.css | css/marketing.css | css/responsive.css | css/style.css | css/vendors.min.css | https://fonts.googleapis.com | https://fonts.gstatic.com | https://www.google.com/recaptcha/api.js | https://www.googletagmanager.com/gtag/js?id=G-C5XTMKDPM3 | images/apple-touch-icon-114x114.png | images/apple-touch-icon-57x57.png | images/apple-touch-icon-72x72.png | images/favicon.png | js/jquery.js | js/main.js | js/vendors.min.js
magic-fuerza-del-operador.php," [JS: ""Soluciones Industriales""]"," [JS: ""Puerta Holandesa""]",,[],css/business.css | css/custom.css | css/icon.min.css | css/marketing.css | css/responsive.css | css/style.css | css/vendors.min.css | https://fonts.googleapis.com | https://fonts.gstatic.com | https://www.google.com/recaptcha/api.js | https://www.googletagmanager.com/gtag/js?id=G-C5XTMKDPM3 | images/apple-touch-icon-114x114.png | images/apple-touch-icon-57x57.png | images/apple-touch-icon-72x72.png | images/favicon.png | js/jquery.js | js/main.js | js/vendors.min.js
marcas.php," [JS: ""Soluciones""]"," [JS: ""Marcas""]",,[],css/business.css | css/custom.css | css/icon.min.css | css/marketing.css | css/responsive.css | css/style.css | css/vendors.min.css | https://fonts.googleapis.com | https://fonts.gstatic.com | https://www.google.com/recaptcha/api.js | https://www.googletagmanager.com/gtag/js?id=G-C5XTMKDPM3 | images/apple-touch-icon-114x114.png | images/apple-touch-icon-57x57.png | images/apple-touch-icon-72x72.png | images/favicon.png | js/jquery.js | js/main.js | js/vendors.min.js
marcasv1.php," [JS: ""Soluciones""]"," [JS: ""Marcas""]",,[],https://fonts.googleapis.com | https://fonts.gstatic.com | https://puertasyserviciosindustriales.com/css/business.css | https://puertasyserviciosindustriales.com/css/custom.css | https://puertasyserviciosindustriales.com/css/icon.min.css | https://puertasyserviciosindustriales.com/css/marketing.css | https://puertasyserviciosindustriales.com/css/responsive.css | https://puertasyserviciosindustriales.com/css/style.css | https://puertasyserviciosindustriales.com/css/vendors.min.css | https://puertasyserviciosindustriales.com/images/apple-touch-icon-114x114.png | https://puertasyserviciosindustriales.com/images/apple-touch-icon-57x57.png | https://puertasyserviciosindustriales.com/images/apple-touch-icon-72x72.png | https://puertasyserviciosindustriales.com/images/favicon.png | https://www.google.com/recaptcha/api.js | https://www.googletagmanager.com/gtag/js?id=G-C5XTMKDPM3 | js/jquery.js | js/main.js | js/vendors.min.js
nosotros.php," [JS: ""Nosotros""]"," [JS: ""Quiénes somos""]",,[],https://fonts.googleapis.com | https://fonts.gstatic.com | https://puertasyserviciosindustriales.com/css/business.css | https://puertasyserviciosindustriales.com/css/custom.css | https://puertasyserviciosindustriales.com/css/icon.min.css | https://puertasyserviciosindustriales.com/css/marketing.css | https://puertasyserviciosindustriales.com/css/responsive.css | https://puertasyserviciosindustriales.com/css/style.css | https://puertasyserviciosindustriales.com/css/vendors.min.css | https://puertasyserviciosindustriales.com/images/apple-touch-icon-114x114.png | https://puertasyserviciosindustriales.com/images/apple-touch-icon-57x57.png | https://puertasyserviciosindustriales.com/images/apple-touch-icon-72x72.png | https://puertasyserviciosindustriales.com/images/favicon.png | https://www.google.com/recaptcha/api.js | https://www.googletagmanager.com/gtag/js?id=G-C5XTMKDPM3 | js/jquery.js | js/main.js | js/vendors.min.js
operador-comercial-rhx.php," [JS: ""Soluciones Industriales""]"," [JS: ""Operador comercial RHX""]",,[],css/business.css | css/custom.css | css/icon.min.css | css/marketing.css | css/responsive.css | css/style.css | css/vendors.min.css | https://fonts.googleapis.com | https://fonts.gstatic.com | https://www.google.com/recaptcha/api.js | https://www.googletagmanager.com/gtag/js?id=G-C5XTMKDPM3 | images/apple-touch-icon-114x114.png | images/apple-touch-icon-57x57.png | images/apple-touch-icon-72x72.png | images/favicon.png | js/jquery.js | js/main.js | js/vendors.min.js
operador-para-cortina-enrrollable-rsx.php," [JS: ""Soluciones Industriales""]"," [JS: ""Operador para cortina enrrollable RSX""]",,[],css/business.css | css/custom.css | css/icon.min.css | css/marketing.css | css/responsive.css | css/style.css | css/vendors.min.css | https://fonts.googleapis.com | https://fonts.gstatic.com | https://www.google.com/recaptcha/api.js | https://www.googletagmanager.com/gtag/js?id=G-C5XTMKDPM3 | images/apple-touch-icon-114x114.png | images/apple-touch-icon-57x57.png | images/apple-touch-icon-72x72.png | images/favicon.png | js/jquery.js | js/main.js | js/vendors.min.js
operador-para-perfilados-comerciales-jst.php," [JS: ""Soluciones Industriales""]"," [JS: ""Operador de puerta comercial RHX ®""]",,[],css/business.css | css/custom.css | css/icon.min.css | css/marketing.css | css/responsive.css | css/style.css | css/vendors.min.css | https://fonts.googleapis.com | https://fonts.gstatic.com | https://www.google.com/recaptcha/api.js | https://www.googletagmanager.com/gtag/js?id=G-C5XTMKDPM3 | images/apple-touch-icon-114x114.png | images/apple-touch-icon-57x57.png | images/apple-touch-icon-72x72.png | images/favicon.png | js/jquery.js | js/main.js | js/vendors.min.js
operador-para-perfilados-comerciales-sel.php," [JS: ""Soluciones Industriales""]"," [JS: ""Operador de puerta comercial RMX ®""]",,[],css/business.css | css/custom.css | css/icon.min.css | css/marketing.css | css/responsive.css | css/style.css | css/vendors.min.css | https://fonts.googleapis.com | https://fonts.gstatic.com | https://www.google.com/recaptcha/api.js | https://www.googletagmanager.com/gtag/js?id=G-C5XTMKDPM3 | images/apple-touch-icon-114x114.png | images/apple-touch-icon-57x57.png | images/apple-touch-icon-72x72.png | images/favicon.png | js/jquery.js | js/main.js | js/vendors.min.js
operadores-para-puerta-abatible.php," [JS: ""Soluciones""]"," [JS: ""Operadores para puertas abatibles""]",,[],css/business.css | css/custom.css | css/icon.min.css | css/marketing.css | css/responsive.css | css/style.css | css/vendors.min.css | https://fonts.googleapis.com | https://fonts.gstatic.com | https://www.google.com/recaptcha/api.js | https://www.googletagmanager.com/gtag/js?id=G-C5XTMKDPM3 | images/apple-touch-icon-114x114.png | images/apple-touch-icon-57x57.png | images/apple-touch-icon-72x72.png | images/favicon.png | js/jquery.js | js/main.js | js/vendors.min.js
operadores-para-puerta-corrediza-industrial.php," [JS: ""Soluciones""]"," [JS: ""Operadores para puertas corredizas industriales""]",,[],css/business.css | css/custom.css | css/icon.min.css | css/marketing.css | css/responsive.css | css/style.css | css/vendors.min.css | https://fonts.googleapis.com | https://fonts.gstatic.com | https://www.google.com/recaptcha/api.js | https://www.googletagmanager.com/gtag/js?id=G-C5XTMKDPM3 | images/apple-touch-icon-114x114.png | images/apple-touch-icon-57x57.png | images/apple-touch-icon-72x72.png | images/favicon.png | js/jquery.js | js/main.js | js/vendors.min.js
operadores-para-puertas-ascendentes.php," [JS: ""Soluciones Residenciales""]"," [JS: ""Operadores para puertas automáticas ascendentes""]",,[],css/business.css | css/custom.css | css/icon.min.css | css/marketing.css | css/responsive.css | css/style.css | css/vendors.min.css | https://fonts.googleapis.com | https://fonts.gstatic.com | https://www.google.com/recaptcha/api.js | https://www.googletagmanager.com/gtag/js?id=G-C5XTMKDPM3 | images/apple-touch-icon-114x114.png | images/apple-touch-icon-57x57.png | images/apple-touch-icon-72x72.png | images/favicon.png | js/jquery.js | js/main.js | js/vendors.min.js
operadores-para-puertas-corredizas-residenciales.php," [JS: ""Soluciones""]"," [JS: ""Operadores para puertas corredizas residenciales""]",,[],css/business.css | css/custom.css | css/icon.min.css | css/marketing.css | css/responsive.css | css/style.css | css/vendors.min.css | https://fonts.googleapis.com | https://fonts.gstatic.com | https://www.google.com/recaptcha/api.js | https://www.googletagmanager.com/gtag/js?id=G-C5XTMKDPM3 | images/apple-touch-icon-114x114.png | images/apple-touch-icon-57x57.png | images/apple-touch-icon-72x72.png | images/favicon.png | js/jquery.js | js/main.js | js/vendors.min.js
operadores-para-puertas-de-mostrador-cdo.php," [JS: ""Soluciones Industriales""]"," [JS: ""Operador de puerta comercial CDX ®""]",,[],css/business.css | css/custom.css | css/icon.min.css | css/marketing.css | css/responsive.css | css/style.css | css/vendors.min.css | https://fonts.googleapis.com | https://fonts.gstatic.com | https://www.google.com/recaptcha/api.js | https://www.googletagmanager.com/gtag/js?id=G-C5XTMKDPM3 | images/apple-touch-icon-114x114.png | images/apple-touch-icon-57x57.png | images/apple-touch-icon-72x72.png | images/favicon.png | js/jquery.js | js/main.js | js/vendors.min.js
operadores-puerta-abatible-industrial.php," [JS: ""Soluciones""]"," [JS: ""Operadores para puertas corredizas industriales""]",,[],css/business.css | css/custom.css | css/icon.min.css | css/marketing.css | css/responsive.css | css/style.css | css/vendors.min.css | https://fonts.googleapis.com | https://fonts.gstatic.com | https://www.google.com/recaptcha/api.js | https://www.googletagmanager.com/gtag/js?id=G-C5XTMKDPM3 | images/apple-touch-icon-114x114.png | images/apple-touch-icon-57x57.png | images/apple-touch-icon-72x72.png | images/favicon.png | js/jquery.js | js/main.js | js/vendors.min.js
operadores-puerta-abatible.php," [JS: ""Soluciones Residenciales""]"," [JS: ""Operadores para puertas abatibles""]",,[],css/business.css | css/custom.css | css/icon.min.css | css/marketing.css | css/responsive.css | css/style.css | css/vendors.min.css | https://fonts.googleapis.com | https://fonts.gstatic.com | https://www.google.com/recaptcha/api.js | https://www.googletagmanager.com/gtag/js?id=G-C5XTMKDPM3 | images/apple-touch-icon-114x114.png | images/apple-touch-icon-57x57.png | images/apple-touch-icon-72x72.png | images/favicon.png | js/jquery.js | js/main.js | js/vendors.min.js
operadores-puerta-corrediza-residencial.php," [JS: ""Soluciones Residenciales""]"," [JS: ""Operadores para puertas corredizas residenciales""]",,[],css/business.css | css/custom.css | css/icon.min.css | css/marketing.css | css/responsive.css | css/style.css | css/vendors.min.css | https://fonts.googleapis.com | https://fonts.gstatic.com | https://www.google.com/recaptcha/api.js | https://www.googletagmanager.com/gtag/js?id=G-C5XTMKDPM3 | images/apple-touch-icon-114x114.png | images/apple-touch-icon-57x57.png | images/apple-touch-icon-72x72.png | images/favicon.png | js/jquery.js | js/main.js | js/vendors.min.js
operadores-puertas-ascendentes.php," [JS: ""Soluciones Residenciales""]"," [JS: ""Operadores para puertas automáticas ascendentes""]",,[],css/business.css | css/custom.css | css/icon.min.css | css/marketing.css | css/responsive.css | css/style.css | css/vendors.min.css | https://fonts.googleapis.com | https://fonts.gstatic.com | https://www.google.com/recaptcha/api.js | https://www.googletagmanager.com/gtag/js?id=G-C5XTMKDPM3 | images/apple-touch-icon-114x114.png | images/apple-touch-icon-57x57.png | images/apple-touch-icon-72x72.png | images/favicon.png | js/jquery.js | js/main.js | js/vendors.min.js
operadores-puertas-seccionales-cortinas.php," [JS: ""Soluciones""]"," [JS: ""Operadores para puertas automáticas seccionales y cortinas.""]",,[],css/business.css | css/custom.css | css/icon.min.css | css/marketing.css | css/responsive.css | css/style.css | css/vendors.min.css | https://fonts.googleapis.com | https://fonts.gstatic.com | https://www.google.com/recaptcha/api.js | https://www.googletagmanager.com/gtag/js?id=G-C5XTMKDPM3 | images/apple-touch-icon-114x114.png | images/apple-touch-icon-57x57.png | images/apple-touch-icon-72x72.png | images/favicon.png | js/jquery.js | js/main.js | js/vendors.min.js
overhead-door.php," [JS: ""Marcas""]"," [JS: ""Overhead Door""]",,[],css/business.css | css/custom.css | css/icon.min.css | css/marketing.css | css/responsive.css | css/style.css | css/vendors.min.css | https://fonts.googleapis.com | https://fonts.gstatic.com | https://www.google.com/recaptcha/api.js | https://www.googletagmanager.com/gtag/js?id=G-C5XTMKDPM3 | images/apple-touch-icon-114x114.png | images/apple-touch-icon-57x57.png | images/apple-touch-icon-72x72.png | images/favicon.png | js/jquery.js | js/main.js | js/vendors.min.js
p45-7-piston-hidraulico-para-puerta-abatible.php," [JS: ""Soluciones Industriales""]"," [JS: ""P4,5-7 Piston Hidraulico para puerta abatible""]",,[],css/business.css | css/custom.css | css/icon.min.css | css/marketing.css | css/responsive.css | css/style.css | css/vendors.min.css | https://fonts.googleapis.com | https://fonts.gstatic.com | https://www.google.com/recaptcha/api.js | https://www.googletagmanager.com/gtag/js?id=G-C5XTMKDPM3 | images/apple-touch-icon-114x114.png | images/apple-touch-icon-57x57.png | images/apple-touch-icon-72x72.png | images/favicon.png | js/jquery.js | js/main.js | js/vendors.min.js
pas-sensores-volumetricos.php," [JS: ""Productos Marca BFT""]"," [JS: ""PAS – Sensores volumétricos""]",,[],css/business.css | css/custom.css | css/icon.min.css | css/marketing.css | css/responsive.css | css/style.css | css/vendors.min.css | https://fonts.googleapis.com | https://fonts.gstatic.com | https://www.google.com/recaptcha/api.js | https://www.googletagmanager.com/gtag/js?id=G-C5XTMKDPM3 | images/apple-touch-icon-114x114.png | images/apple-touch-icon-57x57.png | images/apple-touch-icon-72x72.png | images/favicon.png | js/jquery.js | js/main.js | js/vendors.min.js
phobos-n-piston-electromecanico.php," [JS: ""Soluciones Industriales""]"," [JS: ""PHOBOS N Piston Electromecanico""]",,[],css/business.css | css/custom.css | css/icon.min.css | css/marketing.css | css/responsive.css | css/style.css | css/vendors.min.css | https://fonts.googleapis.com | https://fonts.gstatic.com | https://www.google.com/recaptcha/api.js | https://www.googletagmanager.com/gtag/js?id=G-C5XTMKDPM3 | images/apple-touch-icon-114x114.png | images/apple-touch-icon-57x57.png | images/apple-touch-icon-72x72.png | images/favicon.png | js/jquery.js | js/main.js | js/vendors.min.js
politica-privacidad.php,," [JS: ""Política de privacidad""]",,[],css/business.css | css/custom.css | css/icon.min.css | css/marketing.css | css/responsive.css | css/style.css | css/vendors.min.css | https://fonts.googleapis.com | https://fonts.gstatic.com | https://www.google.com/recaptcha/api.js | https://www.googletagmanager.com/gtag/js?id=G-C5XTMKDPM3 | images/apple-touch-icon-114x114.png | images/apple-touch-icon-57x57.png | images/apple-touch-icon-72x72.png | images/favicon.png | js/jquery.js | js/main.js | js/vendors.min.js
predadoor-nxt-door.php," [JS: ""Soluciones Industriales""]"," [JS: ""PredaDoor® NXT® Door""]",,[],css/business.css | css/custom.css | css/icon.min.css | css/marketing.css | css/responsive.css | css/style.css | css/vendors.min.css | https://fonts.googleapis.com | https://fonts.gstatic.com | https://www.google.com/recaptcha/api.js | https://www.googletagmanager.com/gtag/js?id=G-C5XTMKDPM3 | images/apple-touch-icon-114x114.png | images/apple-touch-icon-57x57.png | images/apple-touch-icon-72x72.png | images/favicon.png | js/jquery.js | js/main.js | js/vendors.min.js
productos.php,,,,[],
puert-seccional-de-acero-sin-aislamiento-430-uso-medio.php," [JS: ""Puertas seccionales de acero ""]"," [JS: ""sin aislamiento 430 (uso medio)""]",,[],css/business.css | css/custom.css | css/icon.min.css | css/marketing.css | css/responsive.css | css/style.css | css/vendors.min.css | https://fonts.googleapis.com | https://fonts.gstatic.com | https://www.google.com/recaptcha/api.js | https://www.googletagmanager.com/gtag/js?id=G-C5XTMKDPM3 | images/apple-touch-icon-114x114.png | images/apple-touch-icon-57x57.png | images/apple-touch-icon-72x72.png | images/favicon.png | js/jquery.js | js/main.js | js/vendors.min.js
puerta-contra-explosion.php," [JS: ""Soluciones Industriales""]"," [JS: ""Puerta contra explosion""]",,[],css/business.css | css/custom.css | css/icon.min.css | css/marketing.css | css/responsive.css | css/style.css | css/vendors.min.css | https://fonts.googleapis.com | https://fonts.gstatic.com | https://www.google.com/recaptcha/api.js | https://www.googletagmanager.com/gtag/js?id=G-C5XTMKDPM3 | images/apple-touch-icon-114x114.png | images/apple-touch-icon-57x57.png | images/apple-touch-icon-72x72.png | images/favicon.png | js/jquery.js | js/main.js | js/vendors.min.js
puerta-contra-incendio.php," [JS: ""PUERTAS PEATONALES""]"," [JS: ""Puertas contra incendios""]",,[],css/business.css | css/custom.css | css/icon.min.css | css/marketing.css | css/responsive.css | css/style.css | css/vendors.min.css | https://fonts.googleapis.com | https://fonts.gstatic.com | https://www.google.com/recaptcha/api.js | https://www.googletagmanager.com/gtag/js?id=G-C5XTMKDPM3 | images/apple-touch-icon-114x114.png | images/apple-touch-icon-57x57.png | images/apple-touch-icon-72x72.png | images/favicon.png | js/jquery.js | js/main.js | js/vendors.min.js
puerta-de-acero-acanalado-modelos-524.php," [JS: ""Soluciones Residenciales""]"," [JS: ""Puerta de acero acanalado modelos 524, 524V, 524S""]",,[],css/business.css | css/custom.css | css/icon.min.css | css/marketing.css | css/responsive.css | css/style.css | css/vendors.min.css | https://fonts.googleapis.com | https://fonts.gstatic.com | https://www.google.com/recaptcha/api.js | https://www.googletagmanager.com/gtag/js?id=G-C5XTMKDPM3 | images/apple-touch-icon-114x114.png | images/apple-touch-icon-57x57.png | images/apple-touch-icon-72x72.png | images/favicon.png | js/jquery.js | js/main.js | js/vendors.min.js
puerta-de-acero-acanalado.php," [JS: ""Soluciones Residenciales""]"," [JS: ""Puertas de acero acanalado""]",,[],css/business.css | css/custom.css | css/icon.min.css | css/marketing.css | css/responsive.css | css/style.css | css/vendors.min.css | https://fonts.googleapis.com | https://fonts.gstatic.com | https://www.google.com/recaptcha/api.js | https://www.googletagmanager.com/gtag/js?id=G-C5XTMKDPM3 | images/apple-touch-icon-114x114.png | images/apple-touch-icon-57x57.png | images/apple-touch-icon-72x72.png | images/favicon.png | js/jquery.js | js/main.js | js/vendors.min.js
puerta-estandar-reforzada.php," [JS: ""Soluciones Industriales""]"," [JS: ""Puerta estándar reforzada""]",,[],css/business.css | css/custom.css | css/icon.min.css | css/marketing.css | css/responsive.css | css/style.css | css/vendors.min.css | https://fonts.googleapis.com | https://fonts.gstatic.com | https://www.google.com/recaptcha/api.js | https://www.googletagmanager.com/gtag/js?id=G-C5XTMKDPM3 | images/apple-touch-icon-114x114.png | images/apple-touch-icon-57x57.png | images/apple-touch-icon-72x72.png | images/favicon.png | js/jquery.js | js/main.js | js/vendors.min.js
puerta-estandar.php," [JS: ""Soluciones Industriales""]"," [JS: ""Puerta estándar""]",,[],css/business.css | css/custom.css | css/icon.min.css | css/marketing.css | css/responsive.css | css/style.css | css/vendors.min.css | https://fonts.googleapis.com | https://fonts.gstatic.com | https://www.google.com/recaptcha/api.js | https://www.googletagmanager.com/gtag/js?id=G-C5XTMKDPM3 | images/apple-touch-icon-114x114.png | images/apple-touch-icon-57x57.png | images/apple-touch-icon-72x72.png | images/favicon.png | js/jquery.js | js/main.js | js/vendors.min.js
puerta-holandesa.php," [JS: ""Soluciones Industriales""]"," [JS: ""Puerta Holandesa""]",,[],css/business.css | css/custom.css | css/icon.min.css | css/marketing.css | css/responsive.css | css/style.css | css/vendors.min.css | https://fonts.googleapis.com | https://fonts.gstatic.com | https://www.google.com/recaptcha/api.js | https://www.googletagmanager.com/gtag/js?id=G-C5XTMKDPM3 | images/apple-touch-icon-114x114.png | images/apple-touch-icon-57x57.png | images/apple-touch-icon-72x72.png | images/favicon.png | js/jquery.js | js/main.js | js/vendors.min.js
puerta-para-hospital.php," [JS: ""Soluciones Industriales""]"," [JS: ""Puerta para hospital""]",,[],css/business.css | css/custom.css | css/icon.min.css | css/marketing.css | css/responsive.css | css/style.css | css/vendors.min.css | https://fonts.googleapis.com | https://fonts.gstatic.com | https://www.google.com/recaptcha/api.js | https://www.googletagmanager.com/gtag/js?id=G-C5XTMKDPM3 | images/apple-touch-icon-114x114.png | images/apple-touch-icon-57x57.png | images/apple-touch-icon-72x72.png | images/favicon.png | js/jquery.js | js/main.js | js/vendors.min.js
puerta-seccionabl-acero-perfiles-422-uso-pesado.php," [JS: ""Puertas seccionales de acero""]"," [JS: ""perfiles 422 (uso pesado)""]",,[],css/business.css | css/custom.css | css/icon.min.css | css/marketing.css | css/responsive.css | css/style.css | css/vendors.min.css | https://fonts.googleapis.com | https://fonts.gstatic.com | https://www.google.com/recaptcha/api.js | https://www.googletagmanager.com/gtag/js?id=G-C5XTMKDPM3 | images/apple-touch-icon-114x114.png | images/apple-touch-icon-57x57.png | images/apple-touch-icon-72x72.png | images/favicon.png | js/jquery.js | js/main.js | js/vendors.min.js
puerta-seccional-de-acero-perfiles-418.php," [JS: ""Puertas seccionales de ""]"," [JS: "" aluminio 418""]",,[],css/business.css | css/custom.css | css/icon.min.css | css/marketing.css | css/responsive.css | css/style.css | css/vendors.min.css | https://fonts.googleapis.com | https://fonts.gstatic.com | https://www.google.com/recaptcha/api.js | https://www.googletagmanager.com/gtag/js?id=G-C5XTMKDPM3 | images/apple-touch-icon-114x114.png | images/apple-touch-icon-57x57.png | images/apple-touch-icon-72x72.png | images/favicon.png | js/jquery.js | js/main.js | js/vendors.min.js
puerta-seccional-de-acero-perfiles-432-uso-medio.php," [JS: ""Puertas seccionales de acero""]"," [JS: ""perfiles 432 (uso medio)""]",,[],css/business.css | css/custom.css | css/icon.min.css | css/marketing.css | css/responsive.css | css/style.css | css/vendors.min.css | https://fonts.googleapis.com | https://fonts.gstatic.com | https://www.google.com/recaptcha/api.js | https://www.googletagmanager.com/gtag/js?id=G-C5XTMKDPM3 | images/apple-touch-icon-114x114.png | images/apple-touch-icon-57x57.png | images/apple-touch-icon-72x72.png | images/favicon.png | js/jquery.js | js/main.js | js/vendors.min.js
puerta-seccional-de-acero-sin-aislamiento-416-uso-muy-pesado.php," [JS: ""Puertas seccionales de acero ""]"," [JS: ""sin aislamiento 416 (uso muy pesado)""]",,[],css/business.css | css/custom.css | css/icon.min.css | css/marketing.css | css/responsive.css | css/style.css | css/vendors.min.css | https://fonts.googleapis.com | https://fonts.gstatic.com | https://www.google.com/recaptcha/api.js | https://www.googletagmanager.com/gtag/js?id=G-C5XTMKDPM3 | images/apple-touch-icon-114x114.png | images/apple-touch-icon-57x57.png | images/apple-touch-icon-72x72.png | images/favicon.png | js/jquery.js | js/main.js | js/vendors.min.js
puerta-seccional-de-acero-sin-aislamiento-424-uso-pesado.php," [JS: ""Puertas seccionales de acero ""]"," [JS: ""Puerta seccional de acero sin aislamiento 424 (uso pesado)""]",,[],css/business.css | css/custom.css | css/icon.min.css | css/marketing.css | css/responsive.css | css/style.css | css/vendors.min.css | https://fonts.googleapis.com | https://fonts.gstatic.com | https://www.google.com/recaptcha/api.js | https://www.googletagmanager.com/gtag/js?id=G-C5XTMKDPM3 | images/apple-touch-icon-114x114.png | images/apple-touch-icon-57x57.png | images/apple-touch-icon-72x72.png | images/favicon.png | js/jquery.js | js/main.js | js/vendors.min.js
puerta-seccional-de-acero-thermacore-593-uso-medio.php," [JS: ""Puertas seccionales de acero""]"," [JS: ""Thermacore 593 (uso medio)""]",,[],css/business.css | css/custom.css | css/icon.min.css | css/marketing.css | css/responsive.css | css/style.css | css/vendors.min.css | https://fonts.googleapis.com | https://fonts.gstatic.com | https://www.google.com/recaptcha/api.js | https://www.googletagmanager.com/gtag/js?id=G-C5XTMKDPM3 | images/apple-touch-icon-114x114.png | images/apple-touch-icon-57x57.png | images/apple-touch-icon-72x72.png | images/favicon.png | js/jquery.js | js/main.js | js/vendors.min.js
puerta-seccional-de-acero-thermacore-594-uso-medio.php," [JS: ""Puertas seccionales de acero""]"," [JS: ""Thermacore 594 (uso medio)""]",,[],css/business.css | css/custom.css | css/icon.min.css | css/marketing.css | css/responsive.css | css/style.css | css/vendors.min.css | https://fonts.googleapis.com | https://fonts.gstatic.com | https://www.google.com/recaptcha/api.js | https://www.googletagmanager.com/gtag/js?id=G-C5XTMKDPM3 | images/apple-touch-icon-114x114.png | images/apple-touch-icon-57x57.png | images/apple-touch-icon-72x72.png | images/favicon.png | js/jquery.js | js/main.js | js/vendors.min.js
puerta-seccional-de-acero-thermacore-595-uso-pesado.php," [JS: ""Puertas seccionales de acero""]"," [JS: ""Thermacore 593 (uso pesado)""]",,[],css/business.css | css/custom.css | css/icon.min.css | css/marketing.css | css/responsive.css | css/style.css | css/vendors.min.css | https://fonts.googleapis.com | https://fonts.gstatic.com | https://www.google.com/recaptcha/api.js | https://www.googletagmanager.com/gtag/js?id=G-C5XTMKDPM3 | images/apple-touch-icon-114x114.png | images/apple-touch-icon-57x57.png | images/apple-touch-icon-72x72.png | images/favicon.png | js/jquery.js | js/main.js | js/vendors.min.js
puerta-seccional-de-acero-thermacore-599-uso-muy-pesado.php," [JS: ""Puertas seccionales de acero""]"," [JS: "" Thermacore 599 (uso muy pesado)""]",,[],css/business.css | css/custom.css | css/icon.min.css | css/marketing.css | css/responsive.css | css/style.css | css/vendors.min.css | https://fonts.googleapis.com | https://fonts.gstatic.com | https://www.google.com/recaptcha/api.js | https://www.googletagmanager.com/gtag/js?id=G-C5XTMKDPM3 | images/apple-touch-icon-114x114.png | images/apple-touch-icon-57x57.png | images/apple-touch-icon-72x72.png | images/favicon.png | js/jquery.js | js/main.js | js/vendors.min.js
puerta-seccional-de-acero-thermacore-serie-592.php," [JS: ""Puertas seccionales de acero ""]"," [JS: ""Thermacore serie 592""]",,[],css/business.css | css/custom.css | css/icon.min.css | css/marketing.css | css/responsive.css | css/style.css | css/vendors.min.css | https://fonts.googleapis.com | https://fonts.gstatic.com | https://www.google.com/recaptcha/api.js | https://www.googletagmanager.com/gtag/js?id=G-C5XTMKDPM3 | images/apple-touch-icon-114x114.png | images/apple-touch-icon-57x57.png | images/apple-touch-icon-72x72.png | images/favicon.png | js/jquery.js | js/main.js | js/vendors.min.js
puerta-y-fijos-louver.php," [JS: ""Soluciones Industriales""]"," [JS: ""Puerta y fijos Louver""]",,[],css/business.css | css/custom.css | css/icon.min.css | css/marketing.css | css/responsive.css | css/style.css | css/vendors.min.css | https://fonts.googleapis.com | https://fonts.gstatic.com | https://www.google.com/recaptcha/api.js | https://www.googletagmanager.com/gtag/js?id=G-C5XTMKDPM3 | images/apple-touch-icon-114x114.png | images/apple-touch-icon-57x57.png | images/apple-touch-icon-72x72.png | images/favicon.png | js/jquery.js | js/main.js | js/vendors.min.js
puertas-blindadas.php," [JS: ""Soluciones Industriales""]"," [JS: ""Puertas blindadas""]",,[],css/business.css | css/custom.css | css/icon.min.css | css/marketing.css | css/responsive.css | css/style.css | css/vendors.min.css | https://fonts.googleapis.com | https://fonts.gstatic.com | https://www.google.com/recaptcha/api.js | https://www.googletagmanager.com/gtag/js?id=G-C5XTMKDPM3 | images/apple-touch-icon-114x114.png | images/apple-touch-icon-57x57.png | images/apple-touch-icon-72x72.png | images/favicon.png | js/jquery.js | js/main.js | js/vendors.min.js
puertas-contra-incendio.php," [JS: ""Soluciones Industriales""]"," [JS: ""Puertas contra incendio""]",,[],css/business.css | css/custom.css | css/icon.min.css | css/marketing.css | css/responsive.css | css/style.css | css/vendors.min.css | https://fonts.googleapis.com | https://fonts.gstatic.com | https://www.google.com/recaptcha/api.js | https://www.googletagmanager.com/gtag/js?id=G-C5XTMKDPM3 | images/apple-touch-icon-114x114.png | images/apple-touch-icon-57x57.png | images/apple-touch-icon-72x72.png | images/favicon.png | js/jquery.js | js/main.js | js/vendors.min.js
puertas-contra-rayos-x.php," [JS: ""Soluciones Industriales""]"," [JS: ""Puertas contra rayos x""]",,[],css/business.css | css/custom.css | css/icon.min.css | css/marketing.css | css/responsive.css | css/style.css | css/vendors.min.css | https://fonts.googleapis.com | https://fonts.gstatic.com | https://www.google.com/recaptcha/api.js | https://www.googletagmanager.com/gtag/js?id=G-C5XTMKDPM3 | images/apple-touch-icon-114x114.png | images/apple-touch-icon-57x57.png | images/apple-touch-icon-72x72.png | images/favicon.png | js/jquery.js | js/main.js | js/vendors.min.js
puertas-de-garaje-aisladas.php," [JS: ""Soluciones Residenciales""]"," [JS: ""Puertas de garaje aisladas""]",,[],css/business.css | css/custom.css | css/icon.min.css | css/marketing.css | css/responsive.css | css/style.css | css/vendors.min.css | https://fonts.googleapis.com | https://fonts.gstatic.com | https://www.google.com/recaptcha/api.js | https://www.googletagmanager.com/gtag/js?id=G-C5XTMKDPM3 | images/apple-touch-icon-114x114.png | images/apple-touch-icon-57x57.png | images/apple-touch-icon-72x72.png | images/favicon.png | js/jquery.js | js/main.js | js/vendors.min.js
puertas-enrollables-de-garage.php," [JS: ""Soluciones Residenciales""]"," [JS: ""Puertas enrollables de garage""]",,[],css/business.css | css/custom.css | css/icon.min.css | css/marketing.css | css/responsive.css | css/style.css | css/vendors.min.css | https://fonts.googleapis.com | https://fonts.gstatic.com | https://www.google.com/recaptcha/api.js | https://www.googletagmanager.com/gtag/js?id=G-C5XTMKDPM3 | images/apple-touch-icon-114x114.png | images/apple-touch-icon-57x57.png | images/apple-touch-icon-72x72.png | images/favicon.png | js/jquery.js | js/main.js | js/vendors.min.js
puertas-industriales-dockman.php," [JS: ""Soluciones Residenciales""]"," [JS: ""Puertas Industriales DOCKMAN""]",,[],css/business.css | css/custom.css | css/icon.min.css | css/marketing.css | css/responsive.css | css/style.css | css/vendors.min.css | https://fonts.googleapis.com | https://fonts.gstatic.com | https://www.google.com/recaptcha/api.js | https://www.googletagmanager.com/gtag/js?id=G-C5XTMKDPM3 | images/apple-touch-icon-114x114.png | images/apple-touch-icon-57x57.png | images/apple-touch-icon-72x72.png | images/favicon.png | js/jquery.js | js/main.js | js/vendors.min.js
puertas-peatonales-estandar-y-reforzada.php," [JS: ""Puertas peatonales de Salida de Emergencia""]"," [JS: ""Puertas estandares y reforzadas""]",,[],css/business.css | css/custom.css | css/icon.min.css | css/marketing.css | css/responsive.css | css/style.css | css/vendors.min.css | https://fonts.googleapis.com | https://fonts.gstatic.com | https://www.google.com/recaptcha/api.js | https://www.googletagmanager.com/gtag/js?id=G-C5XTMKDPM3 | images/apple-touch-icon-114x114.png | images/apple-touch-icon-57x57.png | images/apple-touch-icon-72x72.png | images/favicon.png | js/jquery.js | js/main.js | js/vendors.min.js
puertas-peatonales-hospitales.php," [JS: ""PUERTAS PEATONALES PARA HOSPITALES""]"," [JS: ""Puertas para hospitales""]",,[],css/business.css | css/custom.css | css/icon.min.css | css/marketing.css | css/responsive.css | css/style.css | css/vendors.min.css | https://fonts.googleapis.com | https://fonts.gstatic.com | https://www.google.com/recaptcha/api.js | https://www.googletagmanager.com/gtag/js?id=G-C5XTMKDPM3 | images/apple-touch-icon-114x114.png | images/apple-touch-icon-57x57.png | images/apple-touch-icon-72x72.png | images/favicon.png | js/jquery.js | js/main.js | js/vendors.min.js
puertas-peatonales-rayos-x.php," [JS: ""Puertas peatonales rayos X""]"," [JS: ""Puertas con protección para rayos X""]",,[],css/business.css | css/custom.css | css/icon.min.css | css/marketing.css | css/responsive.css | css/style.css | css/vendors.min.css | https://fonts.googleapis.com | https://fonts.gstatic.com | https://www.google.com/recaptcha/api.js | https://www.googletagmanager.com/gtag/js?id=G-C5XTMKDPM3 | images/apple-touch-icon-114x114.png | images/apple-touch-icon-57x57.png | images/apple-touch-icon-72x72.png | images/favicon.png | js/jquery.js | js/main.js | js/vendors.min.js
puertas-peatonales-tipo-holandesa.php," [JS: ""Puertas peatonales de Salida de Emergencia""]"," [JS: ""Puerta holandesa""]",,[],css/business.css | css/custom.css | css/icon.min.css | css/marketing.css | css/responsive.css | css/style.css | css/vendors.min.css | https://fonts.googleapis.com | https://fonts.gstatic.com | https://www.google.com/recaptcha/api.js | https://www.googletagmanager.com/gtag/js?id=G-C5XTMKDPM3 | images/apple-touch-icon-114x114.png | images/apple-touch-icon-57x57.png | images/apple-touch-icon-72x72.png | images/favicon.png | js/jquery.js | js/main.js | js/vendors.min.js
puertas-rapidas-enrollables.php," [JS: ""Soluciones Residenciales""]"," [JS: ""Puertas rápidas enrollables""]",,[],css/business.css | css/custom.css | css/icon.min.css | css/marketing.css | css/responsive.css | css/style.css | css/vendors.min.css | https://fonts.googleapis.com | https://fonts.gstatic.com | https://www.google.com/recaptcha/api.js | https://www.googletagmanager.com/gtag/js?id=G-C5XTMKDPM3 | images/apple-touch-icon-114x114.png | images/apple-touch-icon-57x57.png | images/apple-touch-icon-72x72.png | images/favicon.png | js/jquery.js | js/main.js | js/vendors.min.js
puertas-rapidas.php," [JS: ""Soluciones Residenciales""]"," [JS: ""Puertas rápidas industriales""]",,[],css/business.css | css/custom.css | css/icon.min.css | css/marketing.css | css/responsive.css | css/style.css | css/vendors.min.css | https://fonts.googleapis.com | https://fonts.gstatic.com | https://www.google.com/recaptcha/api.js | https://www.googletagmanager.com/gtag/js?id=G-C5XTMKDPM3 | images/apple-touch-icon-114x114.png | images/apple-touch-icon-57x57.png | images/apple-touch-icon-72x72.png | images/favicon.png | js/jquery.js | js/main.js | js/vendors.min.js
puertas-residenciales.php," [JS: ""Soluciones Residenciales""]"," [JS: ""Puertas Residenciales""]",,[],css/business.css | css/custom.css | css/icon.min.css | css/marketing.css | css/responsive.css | css/style.css | css/vendors.min.css | https://fonts.googleapis.com | https://fonts.gstatic.com | https://www.google.com/recaptcha/api.js | https://www.googletagmanager.com/gtag/js?id=G-C5XTMKDPM3 | images/apple-touch-icon-114x114.png | images/apple-touch-icon-57x57.png | images/apple-touch-icon-72x72.png | images/favicon.png | js/jquery.js | js/main.js | js/vendors.min.js
puertas-salida-emergencia.php," [JS: ""PUERTAS PEATONALES SALIDA DE EMERGENCIA""]"," [JS: ""Puertas para salidas de emergencia""]",,[],css/business.css | css/custom.css | css/icon.min.css | css/marketing.css | css/responsive.css | css/style.css | css/vendors.min.css | https://fonts.googleapis.com | https://fonts.gstatic.com | https://www.google.com/recaptcha/api.js | https://www.googletagmanager.com/gtag/js?id=G-C5XTMKDPM3 | images/apple-touch-icon-114x114.png | images/apple-touch-icon-57x57.png | images/apple-touch-icon-72x72.png | images/favicon.png | js/jquery.js | js/main.js | js/vendors.min.js
puertas-seccionales-de-acero-aisladas-thermospan-modelo-150.php," [JS: ""Soluciones Residenciales""]"," [JS: ""Puertas Seccionales de Acero Aisladas Thermospan ®""]",,[],css/business.css | css/custom.css | css/icon.min.css | css/marketing.css | css/responsive.css | css/style.css | css/vendors.min.css | https://fonts.googleapis.com | https://fonts.gstatic.com | https://www.google.com/recaptcha/api.js | https://www.googletagmanager.com/gtag/js?id=G-C5XTMKDPM3 | images/apple-touch-icon-114x114.png | images/apple-touch-icon-57x57.png | images/apple-touch-icon-72x72.png | images/favicon.png | js/jquery.js | js/main.js | js/vendors.min.js
puertas-seccionales-de-acero-aisladas-thermospan.php," [JS: ""Soluciones Residenciales""]"," [JS: ""Puertas Seccionales de Acero Aisladas Thermospan ®""]",,[],css/business.css | css/custom.css | css/icon.min.css | css/marketing.css | css/responsive.css | css/style.css | css/vendors.min.css | https://fonts.googleapis.com | https://fonts.gstatic.com | https://www.google.com/recaptcha/api.js | https://www.googletagmanager.com/gtag/js?id=G-C5XTMKDPM3 | images/apple-touch-icon-114x114.png | images/apple-touch-icon-57x57.png | images/apple-touch-icon-72x72.png | images/favicon.png | js/jquery.js | js/main.js | js/vendors.min.js
puertas-seccionales-de-acero-modelo-2415.php," [JS: ""Puertas seccionales de acero ""]"," [JS: ""Modelo 2415""]",,[],css/business.css | css/custom.css | css/icon.min.css | css/marketing.css | css/responsive.css | css/style.css | css/vendors.min.css | https://fonts.googleapis.com | https://fonts.gstatic.com | https://www.google.com/recaptcha/api.js | https://www.googletagmanager.com/gtag/js?id=G-C5XTMKDPM3 | images/apple-touch-icon-114x114.png | images/apple-touch-icon-57x57.png | images/apple-touch-icon-72x72.png | images/favicon.png | js/jquery.js | js/main.js | js/vendors.min.js
puertas-seccionales-de-acero-perfiles-426.php," [JS: ""Puertas seccionales de acero""]"," [JS: ""acero perfiles 426""]",,[],css/business.css | css/custom.css | css/icon.min.css | css/marketing.css | css/responsive.css | css/style.css | css/vendors.min.css | https://fonts.googleapis.com | https://fonts.gstatic.com | https://www.google.com/recaptcha/api.js | https://www.googletagmanager.com/gtag/js?id=G-C5XTMKDPM3 | images/apple-touch-icon-114x114.png | images/apple-touch-icon-57x57.png | images/apple-touch-icon-72x72.png | images/favicon.png | js/jquery.js | js/main.js | js/vendors.min.js
puertas-seccionales-de-acero-sin-aislamiento-420-uso-pesado.php," [JS: ""Puertas seccionales de acero ""]"," [JS: ""Puertas seccionales de acero sin aislamiento 420 (uso pesado)""]",,[],css/business.css | css/custom.css | css/icon.min.css | css/marketing.css | css/responsive.css | css/style.css | css/vendors.min.css | https://fonts.googleapis.com | https://fonts.gstatic.com | https://www.google.com/recaptcha/api.js | https://www.googletagmanager.com/gtag/js?id=G-C5XTMKDPM3 | images/apple-touch-icon-114x114.png | images/apple-touch-icon-57x57.png | images/apple-touch-icon-72x72.png | images/favicon.png | js/jquery.js | js/main.js | js/vendors.min.js
puertas-seccionales-de-acero-thermacore-598-uso-liviano.php," [JS: ""Puertas seccionales de acero""]"," [JS: ""Thermacore 525""]",,[],css/business.css | css/custom.css | css/icon.min.css | css/marketing.css | css/responsive.css | css/style.css | css/vendors.min.css | https://fonts.googleapis.com | https://fonts.gstatic.com | https://www.google.com/recaptcha/api.js | https://www.googletagmanager.com/gtag/js?id=G-C5XTMKDPM3 | images/apple-touch-icon-114x114.png | images/apple-touch-icon-57x57.png | images/apple-touch-icon-72x72.png | images/favicon.png | js/jquery.js | js/main.js | js/vendors.min.js
puertas-seccionales-de-aluminio-521.php," [JS: ""Puertas seccionales de ""]"," [JS: "" aluminio 521""]",,[],css/business.css | css/custom.css | css/icon.min.css | css/marketing.css | css/responsive.css | css/style.css | css/vendors.min.css | https://fonts.googleapis.com | https://fonts.gstatic.com | https://www.google.com/recaptcha/api.js | https://www.googletagmanager.com/gtag/js?id=G-C5XTMKDPM3 | images/apple-touch-icon-114x114.png | images/apple-touch-icon-57x57.png | images/apple-touch-icon-72x72.png | images/favicon.png | js/jquery.js | js/main.js | js/vendors.min.js
puertas-seccionales-industriales.php," [JS: ""Soluciones""]"," [JS: ""Puertas seccionales industriales""]",,[],css/business.css | css/custom.css | css/icon.min.css | css/marketing.css | css/responsive.css | css/style.css | css/vendors.min.css | https://fonts.googleapis.com | https://fonts.gstatic.com | https://www.google.com/recaptcha/api.js | https://www.googletagmanager.com/gtag/js?id=G-C5XTMKDPM3 | images/apple-touch-icon-114x114.png | images/apple-touch-icon-57x57.png | images/apple-touch-icon-72x72.png | images/favicon.png | js/jquery.js | js/main.js | js/vendors.min.js
puertas-y-fijos-louver.php," [JS: ""Puertas peatonales de Salida de Emergencia""]"," [JS: ""Puertas tipo Louver y holandesa""]",,[],css/business.css | css/custom.css | css/icon.min.css | css/marketing.css | css/responsive.css | css/style.css | css/vendors.min.css | https://fonts.googleapis.com | https://fonts.gstatic.com | https://www.google.com/recaptcha/api.js | https://www.googletagmanager.com/gtag/js?id=G-C5XTMKDPM3 | images/apple-touch-icon-114x114.png | images/apple-touch-icon-57x57.png | images/apple-touch-icon-72x72.png | images/favicon.png | js/jquery.js | js/main.js | js/vendors.min.js
puertasresidenciales.php," [JS: ""Residencial""]"," [JS: ""Puertas Residenciales""]",,[],css/business.css | css/custom.css | css/icon.min.css | css/marketing.css | css/responsive.css | css/style.css | css/vendors.min.css | https://fonts.googleapis.com | https://fonts.gstatic.com | https://www.google.com/recaptcha/api.js | https://www.googletagmanager.com/gtag/js?id=G-C5XTMKDPM3 | images/apple-touch-icon-114x114.png | images/apple-touch-icon-57x57.png | images/apple-touch-icon-72x72.png | images/favicon.png | js/jquery.js | js/main.js | js/vendors.min.js
q-silent-max-eagle-3-4-hp.php," [JS: ""Soluciones Residenciales""]"," [JS: ""Operadores para puertas abatibles""]",,[],css/business.css | css/custom.css | css/icon.min.css | css/marketing.css | css/responsive.css | css/style.css | css/vendors.min.css | https://fonts.googleapis.com | https://fonts.gstatic.com | https://www.google.com/recaptcha/api.js | https://www.googletagmanager.com/gtag/js?id=G-C5XTMKDPM3 | images/apple-touch-icon-114x114.png | images/apple-touch-icon-57x57.png | images/apple-touch-icon-72x72.png | images/favicon.png | js/jquery.js | js/main.js | js/vendors.min.js
qik-barreras-automaticas-de-hasta-58-m.php,," [JS: ""QIK – Barreras automaticas de hasta 5,8 m""]",,[],css/business.css | css/custom.css | css/icon.min.css | css/marketing.css | css/responsive.css | css/style.css | css/vendors.min.css | https://fonts.googleapis.com | https://fonts.gstatic.com | https://www.google.com/recaptcha/api.js | https://www.googletagmanager.com/gtag/js?id=G-C5XTMKDPM3 | images/apple-touch-icon-114x114.png | images/apple-touch-icon-57x57.png | images/apple-touch-icon-72x72.png | images/favicon.png | js/jquery.js | js/main.js | js/vendors.min.js
rampa-niveladora-mecanica-blue-giant.php," [JS: ""RAMPA NIVELADORA MECÁNICA""]"," [JS: ""BLUE GIANT""]",,[],css/business.css | css/custom.css | css/icon.min.css | css/marketing.css | css/responsive.css | css/style.css | css/vendors.min.css | https://fonts.googleapis.com | https://fonts.gstatic.com | https://www.google.com/recaptcha/api.js | https://www.googletagmanager.com/gtag/js?id=G-C5XTMKDPM3 | images/apple-touch-icon-114x114.png | images/apple-touch-icon-57x57.png | images/apple-touch-icon-72x72.png | images/favicon.png | js/jquery.js | js/main.js | js/vendors.min.js
rampa-niveladora.php," [JS: ""Equipos y Accesorios para Anden de Carga""]"," [JS: ""Rampa Niveladora""]",,[],css/business.css | css/custom.css | css/icon.min.css | css/marketing.css | css/responsive.css | css/style.css | css/vendors.min.css | https://fonts.googleapis.com | https://fonts.gstatic.com | https://www.google.com/recaptcha/api.js | https://www.googletagmanager.com/gtag/js?id=G-C5XTMKDPM3 | images/apple-touch-icon-114x114.png | images/apple-touch-icon-57x57.png | images/apple-touch-icon-72x72.png | images/favicon.png | js/jquery.js | js/main.js | js/vendors.min.js
rampas-de-anden-hidraulicas-kelley.php," [JS: ""Soluciones Industriales""]"," [JS: ""Rampas de Andén Hidráulicas Kelley""]",,[],css/business.css | css/custom.css | css/icon.min.css | css/marketing.css | css/responsive.css | css/style.css | css/vendors.min.css | https://fonts.googleapis.com | https://fonts.gstatic.com | https://www.google.com/recaptcha/api.js | https://www.googletagmanager.com/gtag/js?id=G-C5XTMKDPM3 | images/apple-touch-icon-114x114.png | images/apple-touch-icon-57x57.png | images/apple-touch-icon-72x72.png | images/favicon.png | js/jquery.js | js/main.js | js/vendors.min.js
rampas-de-anden-hidraulicas.php," [JS: ""Soluciones Industriales""]"," [JS: ""Rampas de Andén Hidráulicas Dockman""]",,[],css/business.css | css/custom.css | css/icon.min.css | css/marketing.css | css/responsive.css | css/style.css | css/vendors.min.css | https://fonts.googleapis.com | https://fonts.gstatic.com | https://www.google.com/recaptcha/api.js | https://www.googletagmanager.com/gtag/js?id=G-C5XTMKDPM3 | images/apple-touch-icon-114x114.png | images/apple-touch-icon-57x57.png | images/apple-touch-icon-72x72.png | images/favicon.png | js/jquery.js | js/main.js | js/vendors.min.js
rampas-de-anden-mecanicas.php," [JS: ""Soluciones Industriales""]"," [JS: ""Rampas de Andén Mecánicas Dockman""]",,[],css/business.css | css/custom.css | css/icon.min.css | css/marketing.css | css/responsive.css | css/style.css | css/vendors.min.css | https://fonts.googleapis.com | https://fonts.gstatic.com | https://www.google.com/recaptcha/api.js | https://www.googletagmanager.com/gtag/js?id=G-C5XTMKDPM3 | images/apple-touch-icon-114x114.png | images/apple-touch-icon-57x57.png | images/apple-touch-icon-72x72.png | images/favicon.png | js/jquery.js | js/main.js | js/vendors.min.js
rapida-apilable.php," [JS: ""Soluciones Industriales""]"," [JS: ""RÁPIDA ENROLLABLE INDUSTRIAL""]",,[],css/business.css | css/custom.css | css/icon.min.css | css/marketing.css | css/responsive.css | css/style.css | css/vendors.min.css | https://fonts.googleapis.com | https://fonts.gstatic.com | https://www.google.com/recaptcha/api.js | https://www.googletagmanager.com/gtag/js?id=G-C5XTMKDPM3 | images/apple-touch-icon-114x114.png | images/apple-touch-icon-57x57.png | images/apple-touch-icon-72x72.png | images/favicon.png | js/jquery.js | js/main.js | js/vendors.min.js
rapida-enrollable-industrial.php," [JS: ""Soluciones Industriales""]"," [JS: ""RÁPIDA ENROLLABLE INDUSTRIAL""]",,[],css/business.css | css/custom.css | css/icon.min.css | css/marketing.css | css/responsive.css | css/style.css | css/vendors.min.css | https://fonts.googleapis.com | https://fonts.gstatic.com | https://www.google.com/recaptcha/api.js | https://www.googletagmanager.com/gtag/js?id=G-C5XTMKDPM3 | images/apple-touch-icon-114x114.png | images/apple-touch-icon-57x57.png | images/apple-touch-icon-72x72.png | images/favicon.png | js/jquery.js | js/main.js | js/vendors.min.js
receptor-para-control-vehiculos.php," [JS: ""Soluciones Comerciales""]"," [JS: ""Receptor para control de paso de vehiculos""]",,[],css/business.css | css/custom.css | css/icon.min.css | css/marketing.css | css/responsive.css | css/style.css | css/vendors.min.css | https://fonts.googleapis.com | https://fonts.gstatic.com | https://www.google.com/recaptcha/api.js | https://www.googletagmanager.com/gtag/js?id=G-C5XTMKDPM3 | images/apple-touch-icon-114x114.png | images/apple-touch-icon-57x57.png | images/apple-touch-icon-72x72.png | images/favicon.png | js/jquery.js | js/main.js | js/vendors.min.js
residencial.php," [JS: ""Soluciones""]"," [JS: ""Residencial""]",,[],css/business.css | css/custom.css | css/icon.min.css | css/marketing.css | css/responsive.css | css/style.css | css/vendors.min.css | https://fonts.googleapis.com | https://fonts.gstatic.com | https://www.google.com/recaptcha/api.js | https://www.googletagmanager.com/gtag/js?id=G-C5XTMKDPM3 | images/apple-touch-icon-114x114.png | images/apple-touch-icon-57x57.png | images/apple-touch-icon-72x72.png | images/favicon.png | js/jquery.js | js/main.js | js/vendors.min.js
retenedor-de-vehiculos.php," [JS: ""RETENEDOR DE VEHICULOS ( electrico)""]"," [JS: ""MOD HVR303 StrongArm™""]",,[],css/business.css | css/custom.css | css/icon.min.css | css/marketing.css | css/responsive.css | css/style.css | css/vendors.min.css | https://fonts.googleapis.com | https://fonts.gstatic.com | https://www.google.com/recaptcha/api.js | https://www.googletagmanager.com/gtag/js?id=G-C5XTMKDPM3 | images/apple-touch-icon-114x114.png | images/apple-touch-icon-57x57.png | images/apple-touch-icon-72x72.png | images/favicon.png | js/jquery.js | js/main.js | js/vendors.min.js
retenedor-vehiculos-hvr303.php," [JS: ""RETENEDOR DE VEHICULOS ( eléctrico)""]"," [JS: ""MOD HVR303 StrongArm™""]",,[],css/business.css | css/custom.css | css/icon.min.css | css/marketing.css | css/responsive.css | css/style.css | css/vendors.min.css | https://fonts.googleapis.com | https://fonts.gstatic.com | https://www.google.com/recaptcha/api.js | https://www.googletagmanager.com/gtag/js?id=G-C5XTMKDPM3 | images/apple-touch-icon-114x114.png | images/apple-touch-icon-57x57.png | images/apple-touch-icon-72x72.png | images/favicon.png | js/jquery.js | js/main.js | js/vendors.min.js
retenedores-de-vehiculos-automatico.php," [JS: ""Soluciones Industriales""]"," [JS: ""RETENEDORES DE VEHICULOS AUTOMATICO TPR""]",,[],css/business.css | css/custom.css | css/icon.min.css | css/marketing.css | css/responsive.css | css/style.css | css/vendors.min.css | https://fonts.googleapis.com | https://fonts.gstatic.com | https://www.google.com/recaptcha/api.js | https://www.googletagmanager.com/gtag/js?id=G-C5XTMKDPM3 | images/apple-touch-icon-114x114.png | images/apple-touch-icon-57x57.png | images/apple-touch-icon-72x72.png | images/favicon.png | js/jquery.js | js/main.js | js/vendors.min.js
retenedores-de-vehiculos.php," [JS: ""Equipos y Accesorios para Anden de Carga""]"," [JS: ""Retenedores de Vehiculos""]",,[],css/business.css | css/custom.css | css/icon.min.css | css/marketing.css | css/responsive.css | css/style.css | css/vendors.min.css | https://fonts.googleapis.com | https://fonts.gstatic.com | https://www.google.com/recaptcha/api.js | https://www.googletagmanager.com/gtag/js?id=G-C5XTMKDPM3 | images/apple-touch-icon-114x114.png | images/apple-touch-icon-57x57.png | images/apple-touch-icon-72x72.png | images/favicon.png | js/jquery.js | js/main.js | js/vendors.min.js
rolli-zip.php," [JS: ""Soluciones Industriales""]"," [JS: ""ROLLI ZIP ""]",,[],css/business.css | css/custom.css | css/icon.min.css | css/marketing.css | css/responsive.css | css/style.css | css/vendors.min.css | https://fonts.googleapis.com | https://fonts.gstatic.com | https://www.google.com/recaptcha/api.js | https://www.googletagmanager.com/gtag/js?id=G-C5XTMKDPM3 | images/apple-touch-icon-114x114.png | images/apple-touch-icon-57x57.png | images/apple-touch-icon-72x72.png | images/favicon.png | js/jquery.js | js/main.js | js/vendors.min.js
rytec.php," [JS: ""Marcas""]"," [JS: ""Rytec""]",,[],css/business.css | css/custom.css | css/icon.min.css | css/marketing.css | css/responsive.css | css/style.css | css/vendors.min.css | https://fonts.googleapis.com | https://fonts.gstatic.com | https://www.google.com/recaptcha/api.js | https://www.googletagmanager.com/gtag/js?id=G-C5XTMKDPM3 | images/apple-touch-icon-114x114.png | images/apple-touch-icon-57x57.png | images/apple-touch-icon-72x72.png | images/favicon.png | js/jquery.js | js/main.js | js/vendors.min.js
sector-puertas-rapidas-enrollables-de-sectores-intercambiables-y-contrapesos.php," [JS: ""Soluciones Industriales""]"," [JS: ""Sector Plus""]",,[],css/business.css | css/custom.css | css/icon.min.css | css/marketing.css | css/responsive.css | css/style.css | css/vendors.min.css | https://fonts.googleapis.com | https://fonts.gstatic.com | https://www.google.com/recaptcha/api.js | https://www.googletagmanager.com/gtag/js?id=G-C5XTMKDPM3 | images/apple-touch-icon-114x114.png | images/apple-touch-icon-57x57.png | images/apple-touch-icon-72x72.png | images/favicon.png | js/jquery.js | js/main.js | js/vendors.min.js
sector-reset.php," [JS: ""Soluciones Industriales""]"," [JS: ""Sector Reset""]",,[],css/business.css | css/custom.css | css/icon.min.css | css/marketing.css | css/responsive.css | css/style.css | css/vendors.min.css | https://fonts.googleapis.com | https://fonts.gstatic.com | https://www.google.com/recaptcha/api.js | https://www.googletagmanager.com/gtag/js?id=G-C5XTMKDPM3 | images/apple-touch-icon-114x114.png | images/apple-touch-icon-57x57.png | images/apple-touch-icon-72x72.png | images/favicon.png | js/jquery.js | js/main.js | js/vendors.min.js
sellos-de-anden.php," [JS: ""Soluciones Industriales""]"," [JS: ""Sellos de Andén""]",,[],css/business.css | css/custom.css | css/icon.min.css | css/marketing.css | css/responsive.css | css/style.css | css/vendors.min.css | https://fonts.googleapis.com | https://fonts.gstatic.com | https://www.google.com/recaptcha/api.js | https://www.googletagmanager.com/gtag/js?id=G-C5XTMKDPM3 | images/apple-touch-icon-114x114.png | images/apple-touch-icon-57x57.png | images/apple-touch-icon-72x72.png | images/favicon.png | js/jquery.js | js/main.js | js/vendors.min.js
sellos-nacionales.php," [JS: ""Soluciones Industriales""]"," [JS: ""Sellos Nacionales""]",,[],css/business.css | css/custom.css | css/icon.min.css | css/marketing.css | css/responsive.css | css/style.css | css/vendors.min.css | https://fonts.googleapis.com | https://fonts.gstatic.com | https://www.google.com/recaptcha/api.js | https://www.googletagmanager.com/gtag/js?id=G-C5XTMKDPM3 | images/apple-touch-icon-114x114.png | images/apple-touch-icon-57x57.png | images/apple-touch-icon-72x72.png | images/favicon.png | js/jquery.js | js/main.js | js/vendors.min.js
sellos-para-anden-shelter-de-soporte-flexible.php," [JS: ""Soluciones Industriales""]"," [JS: ""SELLOS PARA ANDEN – SHELTER DE SOPORTE FLEXIBLE""]",,[],css/business.css | css/custom.css | css/icon.min.css | css/marketing.css | css/responsive.css | css/style.css | css/vendors.min.css | https://fonts.googleapis.com | https://fonts.gstatic.com | https://www.google.com/recaptcha/api.js | https://www.googletagmanager.com/gtag/js?id=G-C5XTMKDPM3 | images/apple-touch-icon-114x114.png | images/apple-touch-icon-57x57.png | images/apple-touch-icon-72x72.png | images/favicon.png | js/jquery.js | js/main.js | js/vendors.min.js
sellos-para-anden.php," [JS: ""Equipos y Accesorios para Anden de Carga""]"," [JS: ""Sellos para anden""]",,[],css/business.css | css/custom.css | css/icon.min.css | css/marketing.css | css/responsive.css | css/style.css | css/vendors.min.css | https://fonts.googleapis.com | https://fonts.gstatic.com | https://www.google.com/recaptcha/api.js | https://www.googletagmanager.com/gtag/js?id=G-C5XTMKDPM3 | images/apple-touch-icon-114x114.png | images/apple-touch-icon-57x57.png | images/apple-touch-icon-72x72.png | images/favicon.png | js/jquery.js | js/main.js | js/vendors.min.js
semaforos-senalizaciones-para-anden.php," [JS: ""Equipos y Accesorios para Anden de Carga""]"," [JS: ""Semaforos y señalizaciones para anden""]",,[],css/business.css | css/custom.css | css/icon.min.css | css/marketing.css | css/responsive.css | css/style.css | css/vendors.min.css | https://fonts.googleapis.com | https://fonts.gstatic.com | https://www.google.com/recaptcha/api.js | https://www.googletagmanager.com/gtag/js?id=G-C5XTMKDPM3 | images/apple-touch-icon-114x114.png | images/apple-touch-icon-57x57.png | images/apple-touch-icon-72x72.png | images/favicon.png | js/jquery.js | js/main.js | js/vendors.min.js
serie-620.php," [JS: ""Soluciones Industriales""]"," [JS: ""Cortina serie 620""]",,[],css/business.css | css/custom.css | css/icon.min.css | css/marketing.css | css/responsive.css | css/style.css | css/vendors.min.css | https://fonts.googleapis.com | https://fonts.gstatic.com | https://www.google.com/recaptcha/api.js | https://www.googletagmanager.com/gtag/js?id=G-C5XTMKDPM3 | images/apple-touch-icon-114x114.png | images/apple-touch-icon-57x57.png | images/apple-touch-icon-72x72.png | images/favicon.png | js/jquery.js | js/main.js | js/vendors.min.js
serie-x130-motor-para-cortina-oculto.php," [JS: ""Soluciones Industriales""]"," [JS: ""SERIE X130 Motor para cortina oculto""]",,[],css/business.css | css/custom.css | css/icon.min.css | css/marketing.css | css/responsive.css | css/style.css | css/vendors.min.css | https://fonts.googleapis.com | https://fonts.gstatic.com | https://www.google.com/recaptcha/api.js | https://www.googletagmanager.com/gtag/js?id=G-C5XTMKDPM3 | images/apple-touch-icon-114x114.png | images/apple-touch-icon-57x57.png | images/apple-touch-icon-72x72.png | images/favicon.png | js/jquery.js | js/main.js | js/vendors.min.js
sg-onixx-600.php," [JS: ""Soluciones Industriales""]"," [JS: ""Ditec Cross 18/19""]",,[],css/business.css | css/custom.css | css/icon.min.css | css/marketing.css | css/responsive.css | css/style.css | css/vendors.min.css | https://fonts.googleapis.com | https://fonts.gstatic.com | https://www.google.com/recaptcha/api.js | https://www.googletagmanager.com/gtag/js?id=G-C5XTMKDPM3 | images/apple-touch-icon-114x114.png | images/apple-touch-icon-57x57.png | images/apple-touch-icon-72x72.png | images/favicon.png | js/jquery.js | js/main.js | js/vendors.min.js
shelter-abrigo-estacionario-blue-giant.php," [JS: ""SHELTER ABRIGO ESTACIONARIO Blue Giant""]"," [JS: ""ABRIGO ESTACIONARIO BG400""]",,[],css/business.css | css/custom.css | css/icon.min.css | css/marketing.css | css/responsive.css | css/style.css | css/vendors.min.css | https://fonts.googleapis.com | https://fonts.gstatic.com | https://www.google.com/recaptcha/api.js | https://www.googletagmanager.com/gtag/js?id=G-C5XTMKDPM3 | images/apple-touch-icon-114x114.png | images/apple-touch-icon-57x57.png | images/apple-touch-icon-72x72.png | images/favicon.png | js/jquery.js | js/main.js | js/vendors.min.js
smart-puertas-rapidas-enrollables-de-sectores-intercambiables-con-motor-externo.php," [JS: ""Soluciones Industriales""]"," [JS: ""SMART – PLUS""]",,[],css/business.css | css/custom.css | css/icon.min.css | css/marketing.css | css/responsive.css | css/style.css | css/vendors.min.css | https://fonts.googleapis.com | https://fonts.gstatic.com | https://www.google.com/recaptcha/api.js | https://www.googletagmanager.com/gtag/js?id=G-C5XTMKDPM3 | images/apple-touch-icon-114x114.png | images/apple-touch-icon-57x57.png | images/apple-touch-icon-72x72.png | images/favicon.png | js/jquery.js | js/main.js | js/vendors.min.js
soluciones.php," [JS: ""Servicios""]"," [JS: ""Soluciones""]",,[],css/business.css | css/custom.css | css/icon.min.css | css/marketing.css | css/responsive.css | css/style.css | css/vendors.min.css | https://fonts.googleapis.com | https://fonts.gstatic.com | https://www.google.com/recaptcha/api.js | https://www.googletagmanager.com/gtag/js?id=G-C5XTMKDPM3 | images/apple-touch-icon-114x114.png | images/apple-touch-icon-57x57.png | images/apple-touch-icon-72x72.png | images/favicon.png | js/jquery.js | js/main.js | js/vendors.min.js
sprint-automatizaciones-para-puertas-peatonales-pequenas-dimensiones.php," [JS: ""SPRINT – Automatizaciónes para puertas ""]"," [JS: "" abatibles peatonales pequeñas dimensiones""]",,[],css/business.css | css/custom.css | css/icon.min.css | css/marketing.css | css/responsive.css | css/style.css | css/vendors.min.css | https://fonts.googleapis.com | https://fonts.gstatic.com | https://www.google.com/recaptcha/api.js | https://www.googletagmanager.com/gtag/js?id=G-C5XTMKDPM3 | images/apple-touch-icon-114x114.png | images/apple-touch-icon-57x57.png | images/apple-touch-icon-72x72.png | images/favicon.png | js/jquery.js | js/main.js | js/vendors.min.js
star1000-receptor-comercial.php," [JS: ""Productos Marca BFT""]"," [JS: ""STAR1000 Receptor comercial""]",,[],css/business.css | css/custom.css | css/icon.min.css | css/marketing.css | css/responsive.css | css/style.css | css/vendors.min.css | https://fonts.googleapis.com | https://fonts.gstatic.com | https://www.google.com/recaptcha/api.js | https://www.googletagmanager.com/gtag/js?id=G-C5XTMKDPM3 | images/apple-touch-icon-114x114.png | images/apple-touch-icon-57x57.png | images/apple-touch-icon-72x72.png | images/favicon.png | js/jquery.js | js/main.js | js/vendors.min.js
star4-vehicle-restraint.php," [JS: ""Soluciones Industriales""]"," [JS: ""RETENEDOR DE VEHICULOS STAR4""]",,[],css/business.css | css/custom.css | css/icon.min.css | css/marketing.css | css/responsive.css | css/style.css | css/vendors.min.css | https://fonts.googleapis.com | https://fonts.gstatic.com | https://www.google.com/recaptcha/api.js | https://www.googletagmanager.com/gtag/js?id=G-C5XTMKDPM3 | images/apple-touch-icon-114x114.png | images/apple-touch-icon-57x57.png | images/apple-touch-icon-72x72.png | images/favicon.png | js/jquery.js | js/main.js | js/vendors.min.js
tiras-plasticas-hawaianas.php,," [JS: ""Tiras Plasticas (Hawaianas)""]",,[],css/business.css | css/custom.css | css/icon.min.css | css/marketing.css | css/responsive.css | css/style.css | css/vendors.min.css | https://fonts.googleapis.com | https://fonts.gstatic.com | https://www.google.com/recaptcha/api.js | https://www.googletagmanager.com/gtag/js?id=G-C5XTMKDPM3 | images/apple-touch-icon-114x114.png | images/apple-touch-icon-57x57.png | images/apple-touch-icon-72x72.png | images/favicon.png | js/jquery.js | js/main.js | js/vendors.min.js
tiras-plasticas.php," [JS: ""Industrial""]"," [JS: ""Tiras plasticas""]",,[],css/business.css | css/custom.css | css/icon.min.css | css/marketing.css | css/responsive.css | css/style.css | css/vendors.min.css | https://fonts.googleapis.com | https://fonts.gstatic.com | https://www.google.com/recaptcha/api.js | https://www.googletagmanager.com/gtag/js?id=G-C5XTMKDPM3 | images/apple-touch-icon-114x114.png | images/apple-touch-icon-57x57.png | images/apple-touch-icon-72x72.png | images/favicon.png | js/jquery.js | js/main.js | js/vendors.min.js
traffic.php," [JS: ""Soluciones Industriales""]"," [JS: ""Traffic""]",,[],css/business.css | css/custom.css | css/icon.min.css | css/marketing.css | css/responsive.css | css/style.css | css/vendors.min.css | https://fonts.googleapis.com | https://fonts.gstatic.com | https://www.google.com/recaptcha/api.js | https://www.googletagmanager.com/gtag/js?id=G-C5XTMKDPM3 | images/apple-touch-icon-114x114.png | images/apple-touch-icon-57x57.png | images/apple-touch-icon-72x72.png | images/favicon.png | js/jquery.js | js/main.js | js/vendors.min.js
upper-up8e-barreras-automaticas-de-hasta-8-m.php,," [JS: ""UPPER UP8E – Barreras automaticas de hasta 8 m""]",,[],css/business.css | css/custom.css | css/icon.min.css | css/marketing.css | css/responsive.css | css/style.css | css/vendors.min.css | https://fonts.googleapis.com | https://fonts.gstatic.com | https://www.google.com/recaptcha/api.js | https://www.googletagmanager.com/gtag/js?id=G-C5XTMKDPM3 | images/apple-touch-icon-114x114.png | images/apple-touch-icon-57x57.png | images/apple-touch-icon-72x72.png | images/favicon.png | js/jquery.js | js/main.js | js/vendors.min.js
vertigo.php," [JS: ""Soluciones Industriales""]"," [JS: ""VertigGO""]",,[],css/business.css | css/custom.css | css/icon.min.css | css/marketing.css | css/responsive.css | css/style.css | css/vendors.min.css | https://fonts.googleapis.com | https://fonts.gstatic.com | https://www.google.com/recaptcha/api.js | https://www.googletagmanager.com/gtag/js?id=G-C5XTMKDPM3 | images/apple-touch-icon-114x114.png | images/apple-touch-icon-57x57.png | images/apple-touch-icon-72x72.png | images/favicon.png | js/jquery.js | js/main.js | js/vendors.min.js
wayne-dalton.php," [JS: ""Marcas""]"," [JS: "" Wayne Dalton""]",,[],css/business.css | css/custom.css | css/icon.min.css | css/marketing.css | css/responsive.css | css/style.css | css/vendors.min.css | https://fonts.googleapis.com | https://fonts.gstatic.com | https://www.google.com/recaptcha/api.js | https://www.googletagmanager.com/gtag/js?id=G-C5XTMKDPM3 | images/apple-touch-icon-114x114.png | images/apple-touch-icon-57x57.png | images/apple-touch-icon-72x72.png | images/favicon.png | js/jquery.js | js/main.js | js/vendors.min.js
wel-aotmatizacion-de-puertas-peatonales-pequena-y-robusta.php," [JS: ""DAB 105/205/305 Automatización de puertas ""]"," [JS: "" abatibles peatonales uso intensivo""]",,[],css/business.css | css/custom.css | css/icon.min.css | css/marketing.css | css/responsive.css | css/style.css | css/vendors.min.css | https://fonts.googleapis.com | https://fonts.gstatic.com | https://www.google.com/recaptcha/api.js | https://www.googletagmanager.com/gtag/js?id=G-C5XTMKDPM3 | images/apple-touch-icon-114x114.png | images/apple-touch-icon-57x57.png | images/apple-touch-icon-72x72.png | images/favicon.png | js/jquery.js | js/main.js | js/vendors.min.js
xel-5-selector-de-llave.php," [JS: ""Productos Marca BFT""]"," [JS: ""XEL 5 – Selector de llave""]",,[],css/business.css | css/custom.css | css/icon.min.css | css/marketing.css | css/responsive.css | css/style.css | css/vendors.min.css | https://fonts.googleapis.com | https://fonts.gstatic.com | https://www.google.com/recaptcha/api.js | https://www.googletagmanager.com/gtag/js?id=G-C5XTMKDPM3 | images/apple-touch-icon-114x114.png | images/apple-touch-icon-57x57.png | images/apple-touch-icon-72x72.png | images/favicon.png | js/jquery.js | js/main.js | js/vendors.min.js
