legacy_url,source_type,source_identity,wordpress_object_id,current_url,resolution,confidence,reason,classification,wp_type
https://puertasyserviciosindustriales.com/1500-revolving-door.php,page,php:1500-revolving-door.php,1155,,KEEP_PENDING,CONFIRMED,"EDITORIAL_MAPPING target (static:1500-revolving-door.php) exists but not published (draft); term/product still in review",PRODUCT_PAGE,psi_producto
https://puertasyserviciosindustriales.com/accesorios.php,page,php:accesorios.php,1121,,KEEP_PENDING,CONFIRMED,"EDITORIAL_MAPPING target (sql:productos:27) exists but not published (draft); term/product still in review",PRODUCT_PAGE,psi_producto
https://puertasyserviciosindustriales.com/accesspro-fs1000speed.php,page,php:accesspro-fs1000speed.php,,,KEEP_PENDING,STRONG_INFERENCE,"q01-q04-url-mapping.csv: KEEP_REVIEW, sin propietario aprobado todavía",PRODUCT_PAGE,
https://puertasyserviciosindustriales.com/automatismos-para-cancelas-cubic.php,page,php:automatismos-para-cancelas-cubic.php,133,,KEEP_PENDING,CONFIRMED,"EDITORIAL_MAPPING target (static:automatismos-para-cancelas-cubic.php) exists but not published (draft); term/product still in review",PRODUCT_PAGE,psi_producto
https://puertasyserviciosindustriales.com/back-seccionales.php,page,php:back-seccionales.php,,,INTENTIONALLY_GONE,CONFIRMED,"Clasificación LEGACY_INTERNAL: infraestructura interna del CMS legacy, nunca fue contenido público",LEGACY_INTERNAL,
https://puertasyserviciosindustriales.com/barreras-estacionamiento-moovi50rm.php,page,php:barreras-estacionamiento-moovi50rm.php,,,KEEP_PENDING,STRONG_INFERENCE,"q01-q04-url-mapping.csv: KEEP_REVIEW, sin propietario aprobado todavía",PRODUCT_PAGE,
https://puertasyserviciosindustriales.com/bft-resp.php,page,php:bft-resp.php,,,KEEP_PENDING,CONFIRMED,"q01-q04-url-mapping.csv: KEEP_REVIEW, sin propietario aprobado todavía",BRAND_PAGE,
https://puertasyserviciosindustriales.com/bft.php,page,php:bft.php,261,,KEEP_PENDING,CONFIRMED,"EDITORIAL_MAPPING target (brand:12) exists but not published (review); term/product still in review",BRAND_PAGE,psi_marca
https://puertasyserviciosindustriales.com/bix-al-antena-externa-433-mhz.php,page,php:bix-al-antena-externa-433-mhz.php,1156,,KEEP_PENDING,CONFIRMED,"EDITORIAL_MAPPING target (static:bix-al-antena-externa-433-mhz.php) exists but not published (draft); term/product still in review",PRODUCT_PAGE,psi_producto
https://puertasyserviciosindustriales.com/blindadas.php,page,php:blindadas.php,245,,KEEP_PENDING,CONFIRMED,"EDITORIAL_MAPPING target (category:32) exists but not published (review); term/product still in review",CATEGORY_PAGE,psi_categoria
https://puertasyserviciosindustriales.com/blue-giant.php,page,php:blue-giant.php,253,,KEEP_PENDING,CONFIRMED,"EDITORIAL_MAPPING target (brand:4) exists but not published (review); term/product still in review",BRAND_PAGE,psi_marca
https://puertasyserviciosindustriales.com/categorias.php,page,php:categorias.php,,,KEEP_PENDING,CONFIRMED,"Clasificación UTILITY (Q12, sin decisión editorial todavía): controlador/endpoint, no página de contenido fija",UTILITY,
https://puertasyserviciosindustriales.com/centros-comerciales.php,page,php:centros-comerciales.php,234,,KEEP_PENDING,CONFIRMED,"EDITORIAL_MAPPING target (category:19) exists but not published (review); term/product still in review",CATEGORY_PAGE,psi_categoria
https://puertasyserviciosindustriales.com/clopay.php,page,php:clopay.php,252,,KEEP_PENDING,CONFIRMED,"EDITORIAL_MAPPING target (brand:3) exists but not published (review); term/product still in review",BRAND_PAGE,psi_marca
https://puertasyserviciosindustriales.com/coleccion-classic.php,page,php:coleccion-classic.php,1110,,KEEP_PENDING,CONFIRMED,"EDITORIAL_MAPPING target (sql:productos:9) exists but not published (draft); term/product still in review",PRODUCT_PAGE,psi_producto
https://puertasyserviciosindustriales.com/coleccion-modern-steel.php,page,php:coleccion-modern-steel.php,,,KEEP_PENDING,STRONG_INFERENCE,"q01-q04-url-mapping.csv: KEEP_REVIEW, sin propietario aprobado todavía",PRODUCT_PAGE,
https://puertasyserviciosindustriales.com/com-programadores-digitales-y-rotativos.php,page,php:com-programadores-digitales-y-rotativos.php,1157,,KEEP_PENDING,CONFIRMED,"EDITORIAL_MAPPING target (static:com-programadores-digitales-y-rotativos.php) exists but not published (draft); term/product still in review",PRODUCT_PAGE,psi_producto
https://puertasyserviciosindustriales.com/comercial.php,page,php:comercial.php,219,,KEEP_PENDING,CONFIRMED,"EDITORIAL_MAPPING target (category:2) exists but not published (review); term/product still in review",CATEGORY_PAGE,psi_categoria
https://puertasyserviciosindustriales.com/contacto.php,page,php:contacto.php,1481,http://localhost/psindustrial-wordpress/wordpress/contacto/,EXACT,CONFIRMED,"EXPLICIT_EDITORIAL_MAPPING: docs/frontend/institutional-frontend.md: Contacto ID1481 creado/publicado fuera del importador; el borrador importado (1185) queda huérfano",CONTACT_PAGE,page
https://puertasyserviciosindustriales.com/contra-exposion.php,page,php:contra-exposion.php,244,,KEEP_PENDING,CONFIRMED,"EDITORIAL_MAPPING target (category:31) exists but not published (review); term/product still in review",CATEGORY_PAGE,psi_categoria
https://puertasyserviciosindustriales.com/contra-incendio.php,page,php:contra-incendio.php,,,KEEP_PENDING,CONFIRMED,"q01-q04-url-mapping.csv: KEEP_REVIEW, sin propietario aprobado todavía",CATEGORY_PAGE,
https://puertasyserviciosindustriales.com/cortina-de-seguridad-670.php,page,php:cortina-de-seguridad-670.php,1149,,KEEP_PENDING,CONFIRMED,"EDITORIAL_MAPPING target (sql:productos:97) exists but not published (draft); term/product still in review",PRODUCT_PAGE,psi_producto
https://puertasyserviciosindustriales.com/cortina-de-seguridad-671.php,page,php:cortina-de-seguridad-671.php,1150,,KEEP_PENDING,CONFIRMED,"EDITORIAL_MAPPING target (sql:productos:98) exists but not published (draft); term/product still in review",PRODUCT_PAGE,psi_producto
https://puertasyserviciosindustriales.com/cortina-en-aluminio-serie-511-521.php,page,php:cortina-en-aluminio-serie-511-521.php,,,KEEP_PENDING,STRONG_INFERENCE,"q01-q04-url-mapping.csv: KEEP_REVIEW, sin propietario aprobado todavía",PRODUCT_PAGE,
https://puertasyserviciosindustriales.com/cortina-europea.php,page,php:cortina-europea.php,,,KEEP_PENDING,STRONG_INFERENCE,"q01-q04-url-mapping.csv: KEEP_REVIEW, sin propietario aprobado todavía",PRODUCT_PAGE,
https://puertasyserviciosindustriales.com/cortina-plana.php,page,php:cortina-plana.php,,,KEEP_PENDING,STRONG_INFERENCE,"q01-q04-url-mapping.csv: KEEP_REVIEW, sin propietario aprobado todavía",PRODUCT_PAGE,
https://puertasyserviciosindustriales.com/cortina-serie-600.php,page,php:cortina-serie-600.php,,,KEEP_PENDING,STRONG_INFERENCE,"q01-q04-url-mapping.csv: KEEP_REVIEW, sin propietario aprobado todavía",PRODUCT_PAGE,
https://puertasyserviciosindustriales.com/cortina-serie-610.php,page,php:cortina-serie-610.php,1373,,KEEP_PENDING,CONFIRMED,"EDITORIAL_MAPPING target (sql:productos:95) exists but not published (draft); term/product still in review",PRODUCT_PAGE,psi_producto
https://puertasyserviciosindustriales.com/cortina-serie-620.php,page,php:cortina-serie-620.php,1367,,KEEP_PENDING,CONFIRMED,"EDITORIAL_MAPPING target (sql:productos:7) exists but not published (draft); term/product still in review",PRODUCT_PAGE,psi_producto
https://puertasyserviciosindustriales.com/cortina-serie-625.php,page,php:cortina-serie-625.php,1109,,KEEP_PENDING,CONFIRMED,"EDITORIAL_MAPPING target (sql:productos:4) exists but not published (draft); term/product still in review",PRODUCT_PAGE,psi_producto
https://puertasyserviciosindustriales.com/cortina-serie-630.php,page,php:cortina-serie-630.php,1112,,KEEP_PENDING,CONFIRMED,"EDITORIAL_MAPPING target (sql:productos:11) exists but not published (draft); term/product still in review",PRODUCT_PAGE,psi_producto
https://puertasyserviciosindustriales.com/cortina-serie-790-cw.php,page,php:cortina-serie-790-cw.php,1147,,KEEP_PENDING,CONFIRMED,"EDITORIAL_MAPPING target (sql:productos:92) exists but not published (draft); term/product still in review",PRODUCT_PAGE,psi_producto
https://puertasyserviciosindustriales.com/cortinas-enrollables-de-aluminio.php,page,php:cortinas-enrollables-de-aluminio.php,,,KEEP_PENDING,CONFIRMED,"LEGITIMATE_SLUG_CONFLICT: entidad en conflicto de slug preexistente (uno de los conflictos editoriales protegidos); requiere decisión humana antes de poder crear cualquier objeto, nunca se resuelve automáticamente",SEO_LANDING,
https://puertasyserviciosindustriales.com/cortinas-enrollables-industriales.php,page,php:cortinas-enrollables-industriales.php,230,,KEEP_PENDING,CONFIRMED,"EDITORIAL_MAPPING target (category:14) exists but not published (review); term/product still in review",CATEGORY_PAGE,psi_categoria
https://puertasyserviciosindustriales.com/cortinas-ventiladas-685.php,page,php:cortinas-ventiladas-685.php,,,KEEP_PENDING,STRONG_INFERENCE,"q01-q04-url-mapping.csv: KEEP_REVIEW, sin propietario aprobado todavía",PRODUCT_PAGE,
https://puertasyserviciosindustriales.com/cross-3e.php,page,php:cross-3e.php,1158,,KEEP_PENDING,CONFIRMED,"EDITORIAL_MAPPING target (static:cross-3e.php) exists but not published (draft); term/product still in review",PRODUCT_PAGE,psi_producto
https://puertasyserviciosindustriales.com/detector-de-masas-max-eagle.php,page,php:detector-de-masas-max-eagle.php,1159,,KEEP_PENDING,CONFIRMED,"EDITORIAL_MAPPING target (static:detector-de-masas-max-eagle.php) exists but not published (draft); term/product still in review",PRODUCT_PAGE,psi_producto
https://puertasyserviciosindustriales.com/ditec-neos-y-neos.php,page,php:ditec-neos-y-neos.php,1160,,KEEP_PENDING,CONFIRMED,"EDITORIAL_MAPPING target (static:ditec-neos-y-neos.php) exists but not published (draft); term/product still in review",PRODUCT_PAGE,psi_producto
https://puertasyserviciosindustriales.com/dockman.php,page,php:dockman.php,259,,KEEP_PENDING,CONFIRMED,"EDITORIAL_MAPPING target (brand:10) exists but not published (review); term/product still in review",BRAND_PAGE,psi_marca
https://puertasyserviciosindustriales.com/dod-automatizacion-compacto-y-potente-para-portones-seccionales-correderos-y-enrollables.php,page,php:dod-automatizacion-compacto-y-potente-para-portones-seccionales-correderos-y-enrollables.php,1161,,KEEP_PENDING,CONFIRMED,"EDITORIAL_MAPPING target (static:dod-automatizacion-compacto-y-potente-para-portones-seccionales-correderos-y-enrollables.php) exists but not published (draft); term/product still in review",PRODUCT_PAGE,psi_producto
https://puertasyserviciosindustriales.com/doorlock.php,page,php:doorlock.php,255,,KEEP_PENDING,CONFIRMED,"EDITORIAL_MAPPING target (brand:6) exists but not published (review); term/product still in review",BRAND_PAGE,psi_marca
https://puertasyserviciosindustriales.com/dura-glide-20003000-puerta.php,page,php:dura-glide-20003000-puerta.php,,,KEEP_PENDING,STRONG_INFERENCE,"q01-q04-url-mapping.csv: KEEP_REVIEW, sin propietario aprobado todavía",PRODUCT_PAGE,
https://puertasyserviciosindustriales.com/energy-series-with-intellicore-37171-3-4.php,page,php:energy-series-with-intellicore-37171-3-4.php,,,KEEP_PENDING,STRONG_INFERENCE,"q01-q04-url-mapping.csv: KEEP_REVIEW, sin propietario aprobado todavía",PRODUCT_PAGE,
https://puertasyserviciosindustriales.com/energy-series-with-intellicore-3720-3724-3722.php,page,php:energy-series-with-intellicore-3720-3724-3722.php,1356,,KEEP_PENDING,CONFIRMED,"EDITORIAL_MAPPING target (sql:productos:19) exists but not published (draft); term/product still in review",PRODUCT_PAGE,psi_producto
https://puertasyserviciosindustriales.com/enviaContacto.php,page,php:enviaContacto.php,,,KEEP_PENDING,CONFIRMED,"Clasificación UTILITY (Q12, sin decisión editorial todavía): controlador/endpoint, no página de contenido fija",UTILITY,
https://puertasyserviciosindustriales.com/equipos-y-accesorios-para-anden-de-carga.php,page,php:equipos-y-accesorios-para-anden-de-carga.php,220,,KEEP_PENDING,CONFIRMED,"EDITORIAL_MAPPING target (category:3) exists but not published (review); term/product still in review",CATEGORY_PAGE,psi_categoria
https://puertasyserviciosindustriales.com/estacionamientos.php,page,php:estacionamientos.php,233,,KEEP_PENDING,CONFIRMED,"EDITORIAL_MAPPING target (category:18) exists but not published (review); term/product still in review",CATEGORY_PAGE,psi_categoria
https://puertasyserviciosindustriales.com/fast-seal-high-performance-door.php,page,php:fast-seal-high-performance-door.php,,,KEEP_PENDING,STRONG_INFERENCE,"q01-q04-url-mapping.csv: KEEP_REVIEW, sin propietario aprobado todavía",PRODUCT_PAGE,
https://puertasyserviciosindustriales.com/fire-rated-doors-firestar-models-700-700c.php,page,php:fire-rated-doors-firestar-models-700-700c.php,1114,,KEEP_PENDING,CONFIRMED,"EDITORIAL_MAPPING target (sql:productos:13) exists but not published (draft); term/product still in review",PRODUCT_PAGE,psi_producto
https://puertasyserviciosindustriales.com/footer.php,page,php:footer.php,,,INTENTIONALLY_GONE,CONFIRMED,"Clasificación LEGACY_INTERNAL: infraestructura interna del CMS legacy, nunca fue contenido público",LEGACY_INTERNAL,
https://puertasyserviciosindustriales.com/footerv1.php,page,php:footerv1.php,,,INTENTIONALLY_GONE,CONFIRMED,"Clasificación LEGACY_INTERNAL: infraestructura interna del CMS legacy, nunca fue contenido público",LEGACY_INTERNAL,
https://puertasyserviciosindustriales.com/fotoceldas.php,page,php:fotoceldas.php,1163,,KEEP_PENDING,CONFIRMED,"EDITORIAL_MAPPING target (static:fotoceldas.php) exists but not published (draft); term/product still in review",PRODUCT_PAGE,psi_producto
https://puertasyserviciosindustriales.com/fraccionamientos-y-condominios.php,page,php:fraccionamientos-y-condominios.php,225,,KEEP_PENDING,CONFIRMED,"EDITORIAL_MAPPING target (category:9) exists but not published (review); term/product still in review",CATEGORY_PAGE,psi_categoria
https://puertasyserviciosindustriales.com/glg-porte-industriali.php,page,php:glg-porte-industriali.php,258,,KEEP_PENDING,CONFIRMED,"EDITORIAL_MAPPING target (brand:9) exists but not published (review); term/product still in review",BRAND_PAGE,psi_marca
https://puertasyserviciosindustriales.com/gol-transmisores-de-cuatro-canales.php,page,php:gol-transmisores-de-cuatro-canales.php,1164,,KEEP_PENDING,CONFIRMED,"EDITORIAL_MAPPING target (static:gol-transmisores-de-cuatro-canales.php) exists but not published (draft); term/product still in review",PRODUCT_PAGE,psi_producto
https://puertasyserviciosindustriales.com/header.php,page,php:header.php,,,INTENTIONALLY_GONE,CONFIRMED,"Clasificación LEGACY_INTERNAL: infraestructura interna del CMS legacy, nunca fue contenido público",LEGACY_INTERNAL,
https://puertasyserviciosindustriales.com/headerv1.php,page,php:headerv1.php,,,INTENTIONALLY_GONE,CONFIRMED,"Clasificación LEGACY_INTERNAL: infraestructura interna del CMS legacy, nunca fue contenido público",LEGACY_INTERNAL,
https://puertasyserviciosindustriales.com/icaro-smart.php,page,php:icaro-smart.php,,,KEEP_PENDING,STRONG_INFERENCE,"q01-q04-url-mapping.csv: KEEP_REVIEW, sin propietario aprobado todavía",PRODUCT_PAGE,
https://puertasyserviciosindustriales.com/iconos-marcas.php,page,php:iconos-marcas.php,,,INTENTIONALLY_GONE,CONFIRMED,"Clasificación LEGACY_INTERNAL: infraestructura interna del CMS legacy, nunca fue contenido público",LEGACY_INTERNAL,
https://puertasyserviciosindustriales.com/iconos-marcasv1.php,page,php:iconos-marcasv1.php,,,INTENTIONALLY_GONE,CONFIRMED,"Clasificación LEGACY_INTERNAL: infraestructura interna del CMS legacy, nunca fue contenido público",LEGACY_INTERNAL,
https://puertasyserviciosindustriales.com/index-estatico.php,page,php:index-estatico.php,,http://localhost/psindustrial-wordpress/wordpress/,REDIRECT_301,CONFIRMED,"EXPLICIT_EDITORIAL_MAPPING: content-master.csv: title y H1 idénticos a index.php (""Variante histórica aparente""); evidencia de contenido, no de nombre",INSTITUTIONAL_PAGE,site_root
https://puertasyserviciosindustriales.com/index-resp.php,page,php:index-resp.php,,http://localhost/psindustrial-wordpress/wordpress/,REDIRECT_301,CONFIRMED,"EXPLICIT_EDITORIAL_MAPPING: content-master.csv: title y H1 idénticos a index.php (""Variante histórica aparente""); evidencia de contenido, no de nombre",INSTITUTIONAL_PAGE,site_root
https://puertasyserviciosindustriales.com/index.php,page,php:index.php,,http://localhost/psindustrial-wordpress/wordpress/,EXACT,CONFIRMED,"EXPLICIT_EDITORIAL_MAPPING: front-page.php sirve la portada en la raíz; show_on_front=posts, page_on_front=0 confirmado en vivo",INSTITUTIONAL_PAGE,site_root
https://puertasyserviciosindustriales.com/industrial.php,page,php:industrial.php,66,,KEEP_PENDING,CONFIRMED,"EDITORIAL_MAPPING target (category:1) exists but not published (review); term/product still in review",CATEGORY_PAGE,psi_categoria
https://puertasyserviciosindustriales.com/infraca-quality-doors.php,page,php:infraca-quality-doors.php,257,,KEEP_PENDING,CONFIRMED,"EDITORIAL_MAPPING target (brand:8) exists but not published (review); term/product still in review",BRAND_PAGE,psi_marca
https://puertasyserviciosindustriales.com/kelley.php,page,php:kelley.php,254,,KEEP_PENDING,CONFIRMED,"EDITORIAL_MAPPING target (brand:5) exists but not published (review); term/product still in review",BRAND_PAGE,psi_marca
https://puertasyserviciosindustriales.com/kronos-puertas-rapidas-de-sectores-modulares-autorreparable.php,page,php:kronos-puertas-rapidas-de-sectores-modulares-autorreparable.php,1130,,KEEP_PENDING,CONFIRMED,"EDITORIAL_MAPPING target (sql:productos:41) exists but not published (draft); term/product still in review",PRODUCT_PAGE,psi_producto
https://puertasyserviciosindustriales.com/lab-4-fotocelulas-de-rayos-infrarrojos.php,page,php:lab-4-fotocelulas-de-rayos-infrarrojos.php,1165,,KEEP_PENDING,CONFIRMED,"EDITORIAL_MAPPING target (static:lab-4-fotocelulas-de-rayos-infrarrojos.php) exists but not published (draft); term/product still in review",PRODUCT_PAGE,psi_producto
https://puertasyserviciosindustriales.com/lab-9-detectores-de-volumen-de-metal-loop.php,page,php:lab-9-detectores-de-volumen-de-metal-loop.php,1166,,KEEP_PENDING,CONFIRMED,"EDITORIAL_MAPPING target (static:lab-9-detectores-de-volumen-de-metal-loop.php) exists but not published (draft); term/product still in review",PRODUCT_PAGE,psi_producto
https://puertasyserviciosindustriales.com/labio-de-elevacion-mecanico-dockman.php,page,php:labio-de-elevacion-mecanico-dockman.php,,,KEEP_PENDING,STRONG_INFERENCE,"q01-q04-url-mapping.csv: KEEP_REVIEW, sin propietario aprobado todavía",PRODUCT_PAGE,
https://puertasyserviciosindustriales.com/labio-elevacion-anden-carga.php,page,php:labio-elevacion-anden-carga.php,236,,KEEP_PENDING,CONFIRMED,"EDITORIAL_MAPPING target (category:21) exists but not published (review); term/product still in review",CATEGORY_PAGE,psi_categoria
https://puertasyserviciosindustriales.com/lan-4-sistema-de-teclado-con-combinacion-digital.php,page,php:lan-4-sistema-de-teclado-con-combinacion-digital.php,1167,,KEEP_PENDING,CONFIRMED,"EDITORIAL_MAPPING target (static:lan-4-sistema-de-teclado-con-combinacion-digital.php) exists but not published (draft); term/product still in review",PRODUCT_PAGE,psi_producto
https://puertasyserviciosindustriales.com/lan-7-sistema-de-mando-de-proximidad-de-tarjetas-con-tecnologia-transponder.php,page,php:lan-7-sistema-de-mando-de-proximidad-de-tarjetas-con-tecnologia-transponder.php,1168,,KEEP_PENDING,CONFIRMED,"EDITORIAL_MAPPING target (static:lan-7-sistema-de-mando-de-proximidad-de-tarjetas-con-tecnologia-transponder.php) exists but not published (draft); term/product still in review",PRODUCT_PAGE,psi_producto
https://puertasyserviciosindustriales.com/lift-master-mod-h.php,page,php:lift-master-mod-h.php,,,KEEP_PENDING,STRONG_INFERENCE,"q01-q04-url-mapping.csv: KEEP_REVIEW, sin propietario aprobado todavía",PRODUCT_PAGE,
https://puertasyserviciosindustriales.com/lift-master.php,page,php:lift-master.php,260,,KEEP_PENDING,CONFIRMED,"EDITORIAL_MAPPING target (brand:11) exists but not published (review); term/product still in review",BRAND_PAGE,psi_marca
https://puertasyserviciosindustriales.com/liftmaster-modh.php,page,php:liftmaster-modh.php,,,KEEP_PENDING,STRONG_INFERENCE,"q01-q04-url-mapping.csv: KEEP_REVIEW, sin propietario aprobado todavía",PRODUCT_PAGE,
https://puertasyserviciosindustriales.com/light-communication-system-lcs.php,page,php:light-communication-system-lcs.php,1169,,KEEP_PENDING,CONFIRMED,"EDITORIAL_MAPPING target (static:light-communication-system-lcs.php) exists but not published (draft); term/product still in review",PRODUCT_PAGE,psi_producto
https://puertasyserviciosindustriales.com/links-menu-marcas.php,page,php:links-menu-marcas.php,,,INTENTIONALLY_GONE,CONFIRMED,"Clasificación LEGACY_INTERNAL: infraestructura interna del CMS legacy, nunca fue contenido público",LEGACY_INTERNAL,
https://puertasyserviciosindustriales.com/links-menu-marcasv1.php,page,php:links-menu-marcasv1.php,,,INTENTIONALLY_GONE,CONFIRMED,"Clasificación LEGACY_INTERNAL: infraestructura interna del CMS legacy, nunca fue contenido público",LEGACY_INTERNAL,
https://puertasyserviciosindustriales.com/links-menu.php,page,php:links-menu.php,,,INTENTIONALLY_GONE,CONFIRMED,"Clasificación LEGACY_INTERNAL: infraestructura interna del CMS legacy, nunca fue contenido público",LEGACY_INTERNAL,
https://puertasyserviciosindustriales.com/links-menuv1.php,page,php:links-menuv1.php,,,INTENTIONALLY_GONE,CONFIRMED,"Clasificación LEGACY_INTERNAL: infraestructura interna del CMS legacy, nunca fue contenido público",LEGACY_INTERNAL,
https://puertasyserviciosindustriales.com/lux-2b-y-lux-gv-piston-hidraulico-para-puerta-abatible.php,page,php:lux-2b-y-lux-gv-piston-hidraulico-para-puerta-abatible.php,,,KEEP_PENDING,STRONG_INFERENCE,"q01-q04-url-mapping.csv: KEEP_REVIEW, sin propietario aprobado todavía",PRODUCT_PAGE,
https://puertasyserviciosindustriales.com/luxo-robusto-e-incansable-para-servicios-intensivos-para-hojas-de-hasta-5-m.php,page,php:luxo-robusto-e-incansable-para-servicios-intensivos-para-hojas-de-hasta-5-m.php,1170,,KEEP_PENDING,CONFIRMED,"EDITORIAL_MAPPING target (static:luxo-robusto-e-incansable-para-servicios-intensivos-para-hojas-de-hasta-5-m.php) exists but not published (draft); term/product still in review",PRODUCT_PAGE,psi_producto
https://puertasyserviciosindustriales.com/magic-fuerza-del-operador.php,page,php:magic-fuerza-del-operador.php,,,KEEP_PENDING,STRONG_INFERENCE,"q01-q04-url-mapping.csv: KEEP_REVIEW, sin propietario aprobado todavía",PRODUCT_PAGE,
https://puertasyserviciosindustriales.com/marcas.php,page,php:marcas.php,,,KEEP_PENDING,CONFIRMED,"q01-q04-url-mapping.csv: KEEP_REVIEW, sin propietario aprobado todavía",CATEGORY_PAGE,
https://puertasyserviciosindustriales.com/marcasv1.php,page,php:marcasv1.php,,,KEEP_PENDING,CONFIRMED,"q01-q04-url-mapping.csv: KEEP_REVIEW, sin propietario aprobado todavía",CATEGORY_PAGE,
https://puertasyserviciosindustriales.com/menu-marcas.php,page,php:menu-marcas.php,,,INTENTIONALLY_GONE,CONFIRMED,"Clasificación LEGACY_INTERNAL: infraestructura interna del CMS legacy, nunca fue contenido público",LEGACY_INTERNAL,
https://puertasyserviciosindustriales.com/menu-marcasv1.php,page,php:menu-marcasv1.php,,,INTENTIONALLY_GONE,CONFIRMED,"Clasificación LEGACY_INTERNAL: infraestructura interna del CMS legacy, nunca fue contenido público",LEGACY_INTERNAL,
https://puertasyserviciosindustriales.com/menu-seccionales.php,page,php:menu-seccionales.php,,,INTENTIONALLY_GONE,CONFIRMED,"Clasificación LEGACY_INTERNAL: infraestructura interna del CMS legacy, nunca fue contenido público",LEGACY_INTERNAL,
https://puertasyserviciosindustriales.com/menu-soluciones.php,page,php:menu-soluciones.php,,,INTENTIONALLY_GONE,CONFIRMED,"Clasificación LEGACY_INTERNAL: infraestructura interna del CMS legacy, nunca fue contenido público",LEGACY_INTERNAL,
https://puertasyserviciosindustriales.com/menu-solucionesv1.php,page,php:menu-solucionesv1.php,,,INTENTIONALLY_GONE,CONFIRMED,"Clasificación LEGACY_INTERNAL: infraestructura interna del CMS legacy, nunca fue contenido público",LEGACY_INTERNAL,
https://puertasyserviciosindustriales.com/nosotros.php,page,php:nosotros.php,134,http://localhost/psindustrial-wordpress/wordpress/nosotros/,EXACT,CONFIRMED,"IDENTITY_MAPPING: objeto propio publicado, entity_key=php:nosotros.php",INSTITUTIONAL_PAGE,page
https://puertasyserviciosindustriales.com/operador-comercial-rhx.php,page,php:operador-comercial-rhx.php,1113,,KEEP_PENDING,CONFIRMED,"EDITORIAL_MAPPING target (sql:productos:12) exists but not published (draft); term/product still in review",PRODUCT_PAGE,psi_producto
https://puertasyserviciosindustriales.com/operador-para-cortina-enrrollable-rsx.php,page,php:operador-para-cortina-enrrollable-rsx.php,1146,,KEEP_PENDING,CONFIRMED,"EDITORIAL_MAPPING target (sql:productos:86) exists but not published (draft); term/product still in review",PRODUCT_PAGE,psi_producto
https://puertasyserviciosindustriales.com/operador-para-perfilados-comerciales-jst.php,page,php:operador-para-perfilados-comerciales-jst.php,1372,,KEEP_PENDING,CONFIRMED,"EDITORIAL_MAPPING target (sql:productos:77) exists but not published (draft); term/product still in review",PRODUCT_PAGE,psi_producto
https://puertasyserviciosindustriales.com/operador-para-perfilados-comerciales-sel.php,page,php:operador-para-perfilados-comerciales-sel.php,,,KEEP_PENDING,STRONG_INFERENCE,"q01-q04-url-mapping.csv: KEEP_REVIEW, sin propietario aprobado todavía",PRODUCT_PAGE,
https://puertasyserviciosindustriales.com/operadores-para-puerta-abatible.php,page,php:operadores-para-puerta-abatible.php,,,KEEP_PENDING,CONFIRMED,"EDITORIAL_MAPPING target (category:38) has no real WordPress object yet",CATEGORY_PAGE,
https://puertasyserviciosindustriales.com/operadores-para-puerta-corrediza-industrial.php,page,php:operadores-para-puerta-corrediza-industrial.php,227,,KEEP_PENDING,CONFIRMED,"EDITORIAL_MAPPING target (category:11) exists but not published (review); term/product still in review",CATEGORY_PAGE,psi_categoria
https://puertasyserviciosindustriales.com/operadores-para-puertas-ascendentes.php,page,php:operadores-para-puertas-ascendentes.php,250,,KEEP_PENDING,CONFIRMED,"EDITORIAL_MAPPING target (category:39) exists but not published (review); term/product still in review",CATEGORY_PAGE,psi_categoria
https://puertasyserviciosindustriales.com/operadores-para-puertas-corredizas-residenciales.php,page,php:operadores-para-puertas-corredizas-residenciales.php,,,KEEP_PENDING,CONFIRMED,"EDITORIAL_MAPPING target (category:37) has no real WordPress object yet",CATEGORY_PAGE,
https://puertasyserviciosindustriales.com/operadores-para-puertas-de-mostrador-cdo.php,page,php:operadores-para-puertas-de-mostrador-cdo.php,1145,,KEEP_PENDING,CONFIRMED,"EDITORIAL_MAPPING target (sql:productos:85) exists but not published (draft); term/product still in review",PRODUCT_PAGE,psi_producto
https://puertasyserviciosindustriales.com/operadores-puerta-abatible-industrial.php,page,php:operadores-puerta-abatible-industrial.php,228,,KEEP_PENDING,CONFIRMED,"EDITORIAL_MAPPING target (category:12) exists but not published (review); term/product still in review",CATEGORY_PAGE,psi_categoria
https://puertasyserviciosindustriales.com/operadores-puerta-abatible.php,page,php:operadores-puerta-abatible.php,1186,,KEEP_PENDING,CONFIRMED,"IDENTITY_MAPPING: objeto propio existe pero no está publicado (draft); no se redirige a contenido no público",SEO_LANDING,page
https://puertasyserviciosindustriales.com/operadores-puerta-corrediza-residencial.php,page,php:operadores-puerta-corrediza-residencial.php,1187,,KEEP_PENDING,CONFIRMED,"IDENTITY_MAPPING: objeto propio existe pero no está publicado (draft); no se redirige a contenido no público",SEO_LANDING,page
https://puertasyserviciosindustriales.com/operadores-puertas-ascendentes.php,page,php:operadores-puertas-ascendentes.php,1188,,KEEP_PENDING,CONFIRMED,"IDENTITY_MAPPING: objeto propio existe pero no está publicado (draft); no se redirige a contenido no público",SEO_LANDING,page
https://puertasyserviciosindustriales.com/operadores-puertas-seccionales-cortinas.php,page,php:operadores-puertas-seccionales-cortinas.php,229,,KEEP_PENDING,CONFIRMED,"EDITORIAL_MAPPING target (category:13) exists but not published (review); term/product still in review",CATEGORY_PAGE,psi_categoria
https://puertasyserviciosindustriales.com/overhead-door.php,page,php:overhead-door.php,68,,KEEP_PENDING,CONFIRMED,"EDITORIAL_MAPPING target (brand:1) exists but not published (review); term/product still in review",BRAND_PAGE,psi_marca
https://puertasyserviciosindustriales.com/p45-7-piston-hidraulico-para-puerta-abatible.php,page,php:p45-7-piston-hidraulico-para-puerta-abatible.php,,,KEEP_PENDING,STRONG_INFERENCE,"q01-q04-url-mapping.csv: KEEP_REVIEW, sin propietario aprobado todavía",PRODUCT_PAGE,
https://puertasyserviciosindustriales.com/pas-sensores-volumetricos.php,page,php:pas-sensores-volumetricos.php,1172,,KEEP_PENDING,CONFIRMED,"EDITORIAL_MAPPING target (static:pas-sensores-volumetricos.php) exists but not published (draft); term/product still in review",PRODUCT_PAGE,psi_producto
https://puertasyserviciosindustriales.com/phobos-n-piston-electromecanico.php,page,php:phobos-n-piston-electromecanico.php,,,KEEP_PENDING,CONFIRMED,"EDITORIAL_MAPPING target (sql:productos:46) has no real WordPress object yet",PRODUCT_PAGE,
https://puertasyserviciosindustriales.com/politica-privacidad.php,page,php:politica-privacidad.php,1482,,KEEP_PENDING,CONFIRMED,"EXPLICIT_EDITORIAL_MAPPING: docs/frontend/institutional-frontend.md: Privacidad ID1482 creada fuera del importador, draft, LEGAL_CONTENT_PENDING",INSTITUTIONAL_PAGE,page
https://puertasyserviciosindustriales.com/predadoor-nxt-door.php,page,php:predadoor-nxt-door.php,1127,,KEEP_PENDING,CONFIRMED,"EDITORIAL_MAPPING target (sql:productos:37) exists but not published (draft); term/product still in review",PRODUCT_PAGE,psi_producto
https://puertasyserviciosindustriales.com/productos.php,page,php:productos.php,,,KEEP_PENDING,CONFIRMED,"Clasificación UTILITY (Q12, sin decisión editorial todavía): controlador/endpoint, no página de contenido fija",UTILITY,
https://puertasyserviciosindustriales.com/puert-seccional-de-acero-sin-aislamiento-430-uso-medio.php,page,php:puert-seccional-de-acero-sin-aislamiento-430-uso-medio.php,1363,,KEEP_PENDING,CONFIRMED,"EDITORIAL_MAPPING target (sql:productos:66) exists but not published (draft); term/product still in review",PRODUCT_PAGE,psi_producto
https://puertasyserviciosindustriales.com/puerta-contra-explosion.php,page,php:puerta-contra-explosion.php,1120,,KEEP_PENDING,CONFIRMED,"EDITORIAL_MAPPING target (sql:productos:26) exists but not published (draft); term/product still in review",PRODUCT_PAGE,psi_producto
https://puertasyserviciosindustriales.com/puerta-contra-incendio.php,page,php:puerta-contra-incendio.php,222,,KEEP_PENDING,CONFIRMED,"EDITORIAL_MAPPING target (category:5) exists but not published (review); term/product still in review",CATEGORY_PAGE,psi_categoria
https://puertasyserviciosindustriales.com/puerta-de-acero-acanalado-modelos-524.php,page,php:puerta-de-acero-acanalado-modelos-524.php,1355,,KEEP_PENDING,CONFIRMED,"EDITORIAL_MAPPING target (sql:productos:18) exists but not published (draft); term/product still in review",PRODUCT_PAGE,psi_producto
https://puertasyserviciosindustriales.com/puerta-de-acero-acanalado.php,page,php:puerta-de-acero-acanalado.php,1355,,KEEP_PENDING,CONFIRMED,"EDITORIAL_MAPPING target (sql:productos:18) exists but not published (draft); term/product still in review",PRODUCT_PAGE,psi_producto
https://puertasyserviciosindustriales.com/puerta-estandar-reforzada.php,page,php:puerta-estandar-reforzada.php,,,KEEP_PENDING,STRONG_INFERENCE,"q01-q04-url-mapping.csv: KEEP_REVIEW, sin propietario aprobado todavía",PRODUCT_PAGE,
https://puertasyserviciosindustriales.com/puerta-estandar.php,page,php:puerta-estandar.php,,,KEEP_PENDING,STRONG_INFERENCE,"q01-q04-url-mapping.csv: KEEP_REVIEW, sin propietario aprobado todavía",PRODUCT_PAGE,
https://puertasyserviciosindustriales.com/puerta-holandesa.php,page,php:puerta-holandesa.php,,,KEEP_PENDING,STRONG_INFERENCE,"q01-q04-url-mapping.csv: KEEP_REVIEW, sin propietario aprobado todavía",PRODUCT_PAGE,
https://puertasyserviciosindustriales.com/puerta-para-hospital.php,page,php:puerta-para-hospital.php,1125,,KEEP_PENDING,CONFIRMED,"EDITORIAL_MAPPING target (sql:productos:34) exists but not published (draft); term/product still in review",PRODUCT_PAGE,psi_producto
https://puertasyserviciosindustriales.com/puerta-seccionabl-acero-perfiles-422-uso-pesado.php,page,php:puerta-seccionabl-acero-perfiles-422-uso-pesado.php,1366,,KEEP_PENDING,CONFIRMED,"EDITORIAL_MAPPING target (sql:productos:69) exists but not published (draft); term/product still in review",PRODUCT_PAGE,psi_producto
https://puertasyserviciosindustriales.com/puerta-seccional-de-acero-perfiles-418.php,page,php:puerta-seccional-de-acero-perfiles-418.php,1365,,KEEP_PENDING,CONFIRMED,"EDITORIAL_MAPPING target (sql:productos:68) exists but not published (draft); term/product still in review",PRODUCT_PAGE,psi_producto
https://puertasyserviciosindustriales.com/puerta-seccional-de-acero-perfiles-432-uso-medio.php,page,php:puerta-seccional-de-acero-perfiles-432-uso-medio.php,1369,,KEEP_PENDING,CONFIRMED,"EDITORIAL_MAPPING target (sql:productos:71) exists but not published (draft); term/product still in review",PRODUCT_PAGE,psi_producto
https://puertasyserviciosindustriales.com/puerta-seccional-de-acero-sin-aislamiento-416-uso-muy-pesado.php,page,php:puerta-seccional-de-acero-sin-aislamiento-416-uso-muy-pesado.php,131,,KEEP_PENDING,CONFIRMED,"EDITORIAL_MAPPING target (sql:productos:63) exists but not published (draft); term/product still in review",PRODUCT_PAGE,psi_producto
https://puertasyserviciosindustriales.com/puerta-seccional-de-acero-sin-aislamiento-424-uso-pesado.php,page,php:puerta-seccional-de-acero-sin-aislamiento-424-uso-pesado.php,1362,,KEEP_PENDING,CONFIRMED,"EDITORIAL_MAPPING target (sql:productos:65) exists but not published (draft); term/product still in review",PRODUCT_PAGE,psi_producto
https://puertasyserviciosindustriales.com/puerta-seccional-de-acero-thermacore-593-uso-medio.php,page,php:puerta-seccional-de-acero-thermacore-593-uso-medio.php,1370,,KEEP_PENDING,CONFIRMED,"EDITORIAL_MAPPING target (sql:productos:72) exists but not published (draft); term/product still in review",PRODUCT_PAGE,psi_producto
https://puertasyserviciosindustriales.com/puerta-seccional-de-acero-thermacore-594-uso-medio.php,page,php:puerta-seccional-de-acero-thermacore-594-uso-medio.php,1371,http://localhost/psindustrial-wordpress/wordpress/producto/puerta-seccional-de-acero-thermacore-594-uso-medio/,REDIRECT_301,STRONG_INFERENCE,"EDITORIAL_MAPPING(Q01): Q01: contenido de puerta-seccional-de-acero-thermacore-594-uso-medio.php ya es propiedad de sql:productos:73; no se crea Page independiente.",PRODUCT_PAGE,psi_producto
https://puertasyserviciosindustriales.com/puerta-seccional-de-acero-thermacore-595-uso-pesado.php,page,php:puerta-seccional-de-acero-thermacore-595-uso-pesado.php,1374,,KEEP_PENDING,CONFIRMED,"EDITORIAL_MAPPING target (static:puerta-seccional-de-acero-thermacore-595-uso-pesado.php) exists but not published (draft); term/product still in review",PRODUCT_PAGE,psi_producto
https://puertasyserviciosindustriales.com/puerta-seccional-de-acero-thermacore-599-uso-muy-pesado.php,page,php:puerta-seccional-de-acero-thermacore-599-uso-muy-pesado.php,1143,,KEEP_PENDING,CONFIRMED,"EDITORIAL_MAPPING target (sql:productos:75) exists but not published (draft); term/product still in review",PRODUCT_PAGE,psi_producto
https://puertasyserviciosindustriales.com/puerta-seccional-de-acero-thermacore-serie-592.php,page,php:puerta-seccional-de-acero-thermacore-serie-592.php,,,KEEP_PENDING,STRONG_INFERENCE,"q01-q04-url-mapping.csv: KEEP_REVIEW, sin propietario aprobado todavía",PRODUCT_PAGE,
https://puertasyserviciosindustriales.com/puerta-y-fijos-louver.php,page,php:puerta-y-fijos-louver.php,,,KEEP_PENDING,STRONG_INFERENCE,"q01-q04-url-mapping.csv: KEEP_REVIEW, sin propietario aprobado todavía",PRODUCT_PAGE,
https://puertasyserviciosindustriales.com/puertas-blindadas.php,page,php:puertas-blindadas.php,,,KEEP_PENDING,STRONG_INFERENCE,"q01-q04-url-mapping.csv: KEEP_REVIEW, sin propietario aprobado todavía",PRODUCT_PAGE,
https://puertasyserviciosindustriales.com/puertas-contra-incendio.php,page,php:puertas-contra-incendio.php,,,KEEP_PENDING,STRONG_INFERENCE,"q01-q04-url-mapping.csv: KEEP_REVIEW, sin propietario aprobado todavía",PRODUCT_PAGE,
https://puertasyserviciosindustriales.com/puertas-contra-rayos-x.php,page,php:puertas-contra-rayos-x.php,1123,,KEEP_PENDING,CONFIRMED,"EDITORIAL_MAPPING target (sql:productos:30) exists but not published (draft); term/product still in review",PRODUCT_PAGE,psi_producto
https://puertasyserviciosindustriales.com/puertas-de-garaje-aisladas.php,page,php:puertas-de-garaje-aisladas.php,,,KEEP_PENDING,CONFIRMED,"LEGITIMATE_SLUG_CONFLICT: entidad en conflicto de slug preexistente (uno de los conflictos editoriales protegidos); requiere decisión humana antes de poder crear cualquier objeto, nunca se resuelve automáticamente",SEO_LANDING,
https://puertasyserviciosindustriales.com/puertas-enrollables-de-garage.php,page,php:puertas-enrollables-de-garage.php,,,KEEP_PENDING,CONFIRMED,"LEGITIMATE_SLUG_CONFLICT: entidad en conflicto de slug preexistente (uno de los conflictos editoriales protegidos); requiere decisión humana antes de poder crear cualquier objeto, nunca se resuelve automáticamente",SEO_LANDING,
https://puertasyserviciosindustriales.com/puertas-industriales-dockman.php,page,php:puertas-industriales-dockman.php,,,KEEP_PENDING,STRONG_INFERENCE,"q01-q04-url-mapping.csv: KEEP_REVIEW, sin propietario aprobado todavía",PRODUCT_PAGE,
https://puertasyserviciosindustriales.com/puertas-peatonales-estandar-y-reforzada.php,page,php:puertas-peatonales-estandar-y-reforzada.php,,,KEEP_PENDING,CONFIRMED,"q01-q04-url-mapping.csv: KEEP_REVIEW, sin propietario aprobado todavía",CATEGORY_PAGE,
https://puertasyserviciosindustriales.com/puertas-peatonales-hospitales.php,page,php:puertas-peatonales-hospitales.php,223,,KEEP_PENDING,CONFIRMED,"EDITORIAL_MAPPING target (category:6) exists but not published (review); term/product still in review",CATEGORY_PAGE,psi_categoria
https://puertasyserviciosindustriales.com/puertas-peatonales-rayos-x.php,page,php:puertas-peatonales-rayos-x.php,247,,KEEP_PENDING,CONFIRMED,"EDITORIAL_MAPPING target (category:34) exists but not published (review); term/product still in review",CATEGORY_PAGE,psi_categoria
https://puertasyserviciosindustriales.com/puertas-peatonales-tipo-holandesa.php,page,php:puertas-peatonales-tipo-holandesa.php,242,,KEEP_PENDING,CONFIRMED,"EDITORIAL_MAPPING target (category:29) exists but not published (review); term/product still in review",CATEGORY_PAGE,psi_categoria
https://puertasyserviciosindustriales.com/puertas-rapidas-enrollables.php,page,php:puertas-rapidas-enrollables.php,1189,,KEEP_PENDING,CONFIRMED,"IDENTITY_MAPPING: objeto propio existe pero no está publicado (draft); no se redirige a contenido no público",SEO_LANDING,page
https://puertasyserviciosindustriales.com/puertas-rapidas.php,page,php:puertas-rapidas.php,232,,KEEP_PENDING,CONFIRMED,"EDITORIAL_MAPPING target (category:17) exists but not published (review); term/product still in review",CATEGORY_PAGE,psi_categoria
https://puertasyserviciosindustriales.com/puertas-residenciales.php,page,php:puertas-residenciales.php,1190,,KEEP_PENDING,CONFIRMED,"IDENTITY_MAPPING: objeto propio existe pero no está publicado (draft); no se redirige a contenido no público",SEO_LANDING,page
https://puertasyserviciosindustriales.com/puertas-salida-emergencia.php,page,php:puertas-salida-emergencia.php,221,,KEEP_PENDING,CONFIRMED,"EDITORIAL_MAPPING target (category:4) exists but not published (review); term/product still in review",CATEGORY_PAGE,psi_categoria
https://puertasyserviciosindustriales.com/puertas-seccionales-de-acero-aisladas-thermospan-modelo-150.php,page,php:puertas-seccionales-de-acero-aisladas-thermospan-modelo-150.php,,,KEEP_PENDING,STRONG_INFERENCE,"q01-q04-url-mapping.csv: KEEP_REVIEW, sin propietario aprobado todavía",PRODUCT_PAGE,
https://puertasyserviciosindustriales.com/puertas-seccionales-de-acero-aisladas-thermospan.php,page,php:puertas-seccionales-de-acero-aisladas-thermospan.php,,,KEEP_PENDING,STRONG_INFERENCE,"q01-q04-url-mapping.csv: KEEP_REVIEW, sin propietario aprobado todavía",PRODUCT_PAGE,
https://puertasyserviciosindustriales.com/puertas-seccionales-de-acero-modelo-2415.php,page,php:puertas-seccionales-de-acero-modelo-2415.php,1116,,KEEP_PENDING,CONFIRMED,"EDITORIAL_MAPPING target (sql:productos:15) exists but not published (draft); term/product still in review",PRODUCT_PAGE,psi_producto
https://puertasyserviciosindustriales.com/puertas-seccionales-de-acero-perfiles-426.php,page,php:puertas-seccionales-de-acero-perfiles-426.php,1368,,KEEP_PENDING,CONFIRMED,"EDITORIAL_MAPPING target (sql:productos:70) exists but not published (draft); term/product still in review",PRODUCT_PAGE,psi_producto
https://puertasyserviciosindustriales.com/puertas-seccionales-de-acero-sin-aislamiento-420-uso-pesado.php,page,php:puertas-seccionales-de-acero-sin-aislamiento-420-uso-pesado.php,132,,KEEP_PENDING,CONFIRMED,"EDITORIAL_MAPPING target (sql:productos:64) exists but not published (draft); term/product still in review",PRODUCT_PAGE,psi_producto
https://puertasyserviciosindustriales.com/puertas-seccionales-de-acero-thermacore-598-uso-liviano.php,page,php:puertas-seccionales-de-acero-thermacore-598-uso-liviano.php,1142,,KEEP_PENDING,CONFIRMED,"EDITORIAL_MAPPING target (sql:productos:74) exists but not published (draft); term/product still in review",PRODUCT_PAGE,psi_producto
https://puertasyserviciosindustriales.com/puertas-seccionales-de-aluminio-521.php,page,php:puertas-seccionales-de-aluminio-521.php,,,KEEP_PENDING,STRONG_INFERENCE,"q01-q04-url-mapping.csv: KEEP_REVIEW, sin propietario aprobado todavía",PRODUCT_PAGE,
https://puertasyserviciosindustriales.com/puertas-seccionales-industriales.php,page,php:puertas-seccionales-industriales.php,67,,KEEP_PENDING,CONFIRMED,"EDITORIAL_MAPPING target (category:8) exists but not published (review); term/product still in review",CATEGORY_PAGE,psi_categoria
https://puertasyserviciosindustriales.com/puertas-y-fijos-louver.php,page,php:puertas-y-fijos-louver.php,243,,KEEP_PENDING,CONFIRMED,"EDITORIAL_MAPPING target (category:30) exists but not published (review); term/product still in review",CATEGORY_PAGE,psi_categoria
https://puertasyserviciosindustriales.com/puertasresidenciales.php,page,php:puertasresidenciales.php,249,,KEEP_PENDING,CONFIRMED,"EDITORIAL_MAPPING target (category:36) exists but not published (review); term/product still in review",CATEGORY_PAGE,psi_categoria
https://puertasyserviciosindustriales.com/q-silent-max-eagle-3-4-hp.php,page,php:q-silent-max-eagle-3-4-hp.php,,,KEEP_PENDING,STRONG_INFERENCE,"q01-q04-url-mapping.csv: KEEP_REVIEW, sin propietario aprobado todavía",PRODUCT_PAGE,
https://puertasyserviciosindustriales.com/qik-barreras-automaticas-de-hasta-58-m.php,page,php:qik-barreras-automaticas-de-hasta-58-m.php,1173,,KEEP_PENDING,CONFIRMED,"EDITORIAL_MAPPING target (static:qik-barreras-automaticas-de-hasta-58-m.php) exists but not published (draft); term/product still in review",PRODUCT_PAGE,psi_producto
https://puertasyserviciosindustriales.com/rampa-niveladora-mecanica-blue-giant.php,page,php:rampa-niveladora-mecanica-blue-giant.php,1118,,KEEP_PENDING,CONFIRMED,"EDITORIAL_MAPPING target (sql:productos:23) exists but not published (draft); term/product still in review",PRODUCT_PAGE,psi_producto
https://puertasyserviciosindustriales.com/rampa-niveladora.php,page,php:rampa-niveladora.php,226,,KEEP_PENDING,CONFIRMED,"EDITORIAL_MAPPING target (category:10) exists but not published (review); term/product still in review",CATEGORY_PAGE,psi_categoria
https://puertasyserviciosindustriales.com/rampas-de-anden-hidraulicas-kelley.php,page,php:rampas-de-anden-hidraulicas-kelley.php,,,KEEP_PENDING,STRONG_INFERENCE,"q01-q04-url-mapping.csv: KEEP_REVIEW, sin propietario aprobado todavía",PRODUCT_PAGE,
https://puertasyserviciosindustriales.com/rampas-de-anden-hidraulicas.php,page,php:rampas-de-anden-hidraulicas.php,1137,,KEEP_PENDING,CONFIRMED,"EDITORIAL_MAPPING target (sql:productos:53) exists but not published (draft); term/product still in review",PRODUCT_PAGE,psi_producto
https://puertasyserviciosindustriales.com/rampas-de-anden-mecanicas.php,page,php:rampas-de-anden-mecanicas.php,1140,,KEEP_PENDING,CONFIRMED,"EDITORIAL_MAPPING target (sql:productos:56) exists but not published (draft); term/product still in review",PRODUCT_PAGE,psi_producto
https://puertasyserviciosindustriales.com/rapida-apilable.php,page,php:rapida-apilable.php,,,KEEP_PENDING,STRONG_INFERENCE,"q01-q04-url-mapping.csv: KEEP_REVIEW, sin propietario aprobado todavía",PRODUCT_PAGE,
https://puertasyserviciosindustriales.com/rapida-enrollable-industrial.php,page,php:rapida-enrollable-industrial.php,1128,,KEEP_PENDING,CONFIRMED,"EDITORIAL_MAPPING target (sql:productos:38) exists but not published (draft); term/product still in review",PRODUCT_PAGE,psi_producto
https://puertasyserviciosindustriales.com/receptor-para-control-vehiculos.php,page,php:receptor-para-control-vehiculos.php,235,,KEEP_PENDING,CONFIRMED,"EDITORIAL_MAPPING target (category:20) exists but not published (review); term/product still in review",CATEGORY_PAGE,psi_categoria
https://puertasyserviciosindustriales.com/residencial.php,page,php:residencial.php,224,,KEEP_PENDING,CONFIRMED,"EDITORIAL_MAPPING target (category:7) exists but not published (review); term/product still in review",CATEGORY_PAGE,psi_categoria
https://puertasyserviciosindustriales.com/retenedor-de-vehiculos.php,page,php:retenedor-de-vehiculos.php,1357,,KEEP_PENDING,CONFIRMED,"EDITORIAL_MAPPING target (sql:productos:22) exists but not published (draft); term/product still in review",PRODUCT_PAGE,psi_producto
https://puertasyserviciosindustriales.com/retenedor-vehiculos-hvr303.php,page,php:retenedor-vehiculos-hvr303.php,1153,,KEEP_PENDING,CONFIRMED,"EDITORIAL_MAPPING target (sql:productos:146) exists but not published (draft); term/product still in review",PRODUCT_PAGE,psi_producto
https://puertasyserviciosindustriales.com/retenedores-de-vehiculos-automatico.php,page,php:retenedores-de-vehiculos-automatico.php,1174,,KEEP_PENDING,CONFIRMED,"EDITORIAL_MAPPING target (static:retenedores-de-vehiculos-automatico.php) exists but not published (draft); term/product still in review",PRODUCT_PAGE,psi_producto
https://puertasyserviciosindustriales.com/retenedores-de-vehiculos.php,page,php:retenedores-de-vehiculos.php,237,,KEEP_PENDING,CONFIRMED,"EDITORIAL_MAPPING target (category:22) exists but not published (review); term/product still in review",CATEGORY_PAGE,psi_categoria
https://puertasyserviciosindustriales.com/rolli-zip.php,page,php:rolli-zip.php,,,KEEP_PENDING,STRONG_INFERENCE,"q01-q04-url-mapping.csv: KEEP_REVIEW, sin propietario aprobado todavía",PRODUCT_PAGE,
https://puertasyserviciosindustriales.com/rytec.php,page,php:rytec.php,256,,KEEP_PENDING,CONFIRMED,"EDITORIAL_MAPPING target (brand:7) exists but not published (review); term/product still in review",BRAND_PAGE,psi_marca
https://puertasyserviciosindustriales.com/sector-puertas-rapidas-enrollables-de-sectores-intercambiables-y-contrapesos.php,page,php:sector-puertas-rapidas-enrollables-de-sectores-intercambiables-y-contrapesos.php,1175,,KEEP_PENDING,CONFIRMED,"EDITORIAL_MAPPING target (static:sector-puertas-rapidas-enrollables-de-sectores-intercambiables-y-contrapesos.php) exists but not published (draft); term/product still in review",PRODUCT_PAGE,psi_producto
https://puertasyserviciosindustriales.com/sector-reset.php,page,php:sector-reset.php,1176,,KEEP_PENDING,CONFIRMED,"EDITORIAL_MAPPING target (static:sector-reset.php) exists but not published (draft); term/product still in review",PRODUCT_PAGE,psi_producto
https://puertasyserviciosindustriales.com/sellos-de-anden.php,page,php:sellos-de-anden.php,1136,,KEEP_PENDING,CONFIRMED,"EDITORIAL_MAPPING target (sql:productos:52) exists but not published (draft); term/product still in review",PRODUCT_PAGE,psi_producto
https://puertasyserviciosindustriales.com/sellos-nacionales.php,page,php:sellos-nacionales.php,,,KEEP_PENDING,STRONG_INFERENCE,"q01-q04-url-mapping.csv: KEEP_REVIEW, sin propietario aprobado todavía",PRODUCT_PAGE,
https://puertasyserviciosindustriales.com/sellos-para-anden-shelter-de-soporte-flexible.php,page,php:sellos-para-anden-shelter-de-soporte-flexible.php,1154,,KEEP_PENDING,CONFIRMED,"EDITORIAL_MAPPING target (sql:productos:148) exists but not published (draft); term/product still in review",PRODUCT_PAGE,psi_producto
https://puertasyserviciosindustriales.com/sellos-para-anden.php,page,php:sellos-para-anden.php,238,,KEEP_PENDING,CONFIRMED,"EDITORIAL_MAPPING target (category:23) exists but not published (review); term/product still in review",CATEGORY_PAGE,psi_categoria
https://puertasyserviciosindustriales.com/semaforos-senalizaciones-para-anden.php,page,php:semaforos-senalizaciones-para-anden.php,239,,KEEP_PENDING,CONFIRMED,"EDITORIAL_MAPPING target (category:24) exists but not published (review); term/product still in review",CATEGORY_PAGE,psi_categoria
https://puertasyserviciosindustriales.com/serie-620.php,page,php:serie-620.php,1367,,KEEP_PENDING,CONFIRMED,"EDITORIAL_MAPPING target (sql:productos:7) exists but not published (draft); term/product still in review",PRODUCT_PAGE,psi_producto
https://puertasyserviciosindustriales.com/serie-x130-motor-para-cortina-oculto.php,page,php:serie-x130-motor-para-cortina-oculto.php,1133,,KEEP_PENDING,CONFIRMED,"EDITORIAL_MAPPING target (sql:productos:45) exists but not published (draft); term/product still in review",PRODUCT_PAGE,psi_producto
https://puertasyserviciosindustriales.com/sg-onixx-600.php,page,php:sg-onixx-600.php,1177,,KEEP_PENDING,CONFIRMED,"EDITORIAL_MAPPING target (static:sg-onixx-600.php) exists but not published (draft); term/product still in review",PRODUCT_PAGE,psi_producto
https://puertasyserviciosindustriales.com/shelter-abrigo-estacionario-blue-giant.php,page,php:shelter-abrigo-estacionario-blue-giant.php,1117,,KEEP_PENDING,CONFIRMED,"EDITORIAL_MAPPING target (sql:productos:21) exists but not published (draft); term/product still in review",PRODUCT_PAGE,psi_producto
https://puertasyserviciosindustriales.com/smart-puertas-rapidas-enrollables-de-sectores-intercambiables-con-motor-externo.php,page,php:smart-puertas-rapidas-enrollables-de-sectores-intercambiables-con-motor-externo.php,1178,,KEEP_PENDING,CONFIRMED,"EDITORIAL_MAPPING target (static:smart-puertas-rapidas-enrollables-de-sectores-intercambiables-con-motor-externo.php) exists but not published (draft); term/product still in review",PRODUCT_PAGE,psi_producto
https://puertasyserviciosindustriales.com/soluciones.php,page,php:soluciones.php,,,KEEP_PENDING,CONFIRMED,"q01-q04-url-mapping.csv: KEEP_REVIEW, sin propietario aprobado todavía",CATEGORY_PAGE,
https://puertasyserviciosindustriales.com/sprint-automatizaciones-para-puertas-peatonales-pequenas-dimensiones.php,page,php:sprint-automatizaciones-para-puertas-peatonales-pequenas-dimensiones.php,1179,,KEEP_PENDING,CONFIRMED,"EDITORIAL_MAPPING target (static:sprint-automatizaciones-para-puertas-peatonales-pequenas-dimensiones.php) exists but not published (draft); term/product still in review",PRODUCT_PAGE,psi_producto
https://puertasyserviciosindustriales.com/star1000-receptor-comercial.php,page,php:star1000-receptor-comercial.php,1180,,KEEP_PENDING,CONFIRMED,"EDITORIAL_MAPPING target (static:star1000-receptor-comercial.php) exists but not published (draft); term/product still in review",PRODUCT_PAGE,psi_producto
https://puertasyserviciosindustriales.com/star4-vehicle-restraint.php,page,php:star4-vehicle-restraint.php,1119,,KEEP_PENDING,CONFIRMED,"EDITORIAL_MAPPING target (sql:productos:25) exists but not published (draft); term/product still in review",PRODUCT_PAGE,psi_producto
https://puertasyserviciosindustriales.com/tiras-plasticas-hawaianas.php,page,php:tiras-plasticas-hawaianas.php,,,KEEP_PENDING,CONFIRMED,"LEGITIMATE_SLUG_CONFLICT: entidad en conflicto de slug preexistente (uno de los conflictos editoriales protegidos); requiere decisión humana antes de poder crear cualquier objeto, nunca se resuelve automáticamente",SEO_LANDING,
https://puertasyserviciosindustriales.com/tiras-plasticas.php,page,php:tiras-plasticas.php,231,,KEEP_PENDING,CONFIRMED,"EDITORIAL_MAPPING target (category:16) exists but not published (review); term/product still in review",CATEGORY_PAGE,psi_categoria
https://puertasyserviciosindustriales.com/traffic.php,page,php:traffic.php,1181,,KEEP_PENDING,CONFIRMED,"EDITORIAL_MAPPING target (static:traffic.php) exists but not published (draft); term/product still in review",PRODUCT_PAGE,psi_producto
https://puertasyserviciosindustriales.com/upper-up8e-barreras-automaticas-de-hasta-8-m.php,page,php:upper-up8e-barreras-automaticas-de-hasta-8-m.php,1182,,KEEP_PENDING,CONFIRMED,"EDITORIAL_MAPPING target (static:upper-up8e-barreras-automaticas-de-hasta-8-m.php) exists but not published (draft); term/product still in review",PRODUCT_PAGE,psi_producto
https://puertasyserviciosindustriales.com/vertigo.php,page,php:vertigo.php,1131,,KEEP_PENDING,CONFIRMED,"EDITORIAL_MAPPING target (sql:productos:42) exists but not published (draft); term/product still in review",PRODUCT_PAGE,psi_producto
https://puertasyserviciosindustriales.com/wayne-dalton.php,page,php:wayne-dalton.php,251,,KEEP_PENDING,CONFIRMED,"EDITORIAL_MAPPING target (brand:2) exists but not published (review); term/product still in review",BRAND_PAGE,psi_marca
https://puertasyserviciosindustriales.com/wel-aotmatizacion-de-puertas-peatonales-pequena-y-robusta.php,page,php:wel-aotmatizacion-de-puertas-peatonales-pequena-y-robusta.php,1183,,KEEP_PENDING,CONFIRMED,"EDITORIAL_MAPPING target (static:wel-aotmatizacion-de-puertas-peatonales-pequena-y-robusta.php) exists but not published (draft); term/product still in review",PRODUCT_PAGE,psi_producto
https://puertasyserviciosindustriales.com/xel-5-selector-de-llave.php,page,php:xel-5-selector-de-llave.php,1184,,KEEP_PENDING,CONFIRMED,"EDITORIAL_MAPPING target (static:xel-5-selector-de-llave.php) exists but not published (draft); term/product still in review",PRODUCT_PAGE,psi_producto
,page,php:PHPMailer/get_oauth_token.php,,,INTENTIONALLY_GONE,CONFIRMED,"Clasificación LEGACY_INTERNAL: infraestructura interna del CMS legacy, nunca fue contenido público",LEGACY_INTERNAL,
,page,php:PHPMailer/language/phpmailer.lang-af.php,,,INTENTIONALLY_GONE,CONFIRMED,"Clasificación LEGACY_INTERNAL: infraestructura interna del CMS legacy, nunca fue contenido público",LEGACY_INTERNAL,
,page,php:PHPMailer/language/phpmailer.lang-ar.php,,,INTENTIONALLY_GONE,CONFIRMED,"Clasificación LEGACY_INTERNAL: infraestructura interna del CMS legacy, nunca fue contenido público",LEGACY_INTERNAL,
,page,php:PHPMailer/language/phpmailer.lang-as.php,,,INTENTIONALLY_GONE,CONFIRMED,"Clasificación LEGACY_INTERNAL: infraestructura interna del CMS legacy, nunca fue contenido público",LEGACY_INTERNAL,
,page,php:PHPMailer/language/phpmailer.lang-az.php,,,INTENTIONALLY_GONE,CONFIRMED,"Clasificación LEGACY_INTERNAL: infraestructura interna del CMS legacy, nunca fue contenido público",LEGACY_INTERNAL,
,page,php:PHPMailer/language/phpmailer.lang-ba.php,,,INTENTIONALLY_GONE,CONFIRMED,"Clasificación LEGACY_INTERNAL: infraestructura interna del CMS legacy, nunca fue contenido público",LEGACY_INTERNAL,
,page,php:PHPMailer/language/phpmailer.lang-be.php,,,INTENTIONALLY_GONE,CONFIRMED,"Clasificación LEGACY_INTERNAL: infraestructura interna del CMS legacy, nunca fue contenido público",LEGACY_INTERNAL,
,page,php:PHPMailer/language/phpmailer.lang-bg.php,,,INTENTIONALLY_GONE,CONFIRMED,"Clasificación LEGACY_INTERNAL: infraestructura interna del CMS legacy, nunca fue contenido público",LEGACY_INTERNAL,
,page,php:PHPMailer/language/phpmailer.lang-bn.php,,,INTENTIONALLY_GONE,CONFIRMED,"Clasificación LEGACY_INTERNAL: infraestructura interna del CMS legacy, nunca fue contenido público",LEGACY_INTERNAL,
,page,php:PHPMailer/language/phpmailer.lang-ca.php,,,INTENTIONALLY_GONE,CONFIRMED,"Clasificación LEGACY_INTERNAL: infraestructura interna del CMS legacy, nunca fue contenido público",LEGACY_INTERNAL,
,page,php:PHPMailer/language/phpmailer.lang-cs.php,,,INTENTIONALLY_GONE,CONFIRMED,"Clasificación LEGACY_INTERNAL: infraestructura interna del CMS legacy, nunca fue contenido público",LEGACY_INTERNAL,
,page,php:PHPMailer/language/phpmailer.lang-da.php,,,INTENTIONALLY_GONE,CONFIRMED,"Clasificación LEGACY_INTERNAL: infraestructura interna del CMS legacy, nunca fue contenido público",LEGACY_INTERNAL,
,page,php:PHPMailer/language/phpmailer.lang-de.php,,,INTENTIONALLY_GONE,CONFIRMED,"Clasificación LEGACY_INTERNAL: infraestructura interna del CMS legacy, nunca fue contenido público",LEGACY_INTERNAL,
,page,php:PHPMailer/language/phpmailer.lang-el.php,,,INTENTIONALLY_GONE,CONFIRMED,"Clasificación LEGACY_INTERNAL: infraestructura interna del CMS legacy, nunca fue contenido público",LEGACY_INTERNAL,
,page,php:PHPMailer/language/phpmailer.lang-eo.php,,,INTENTIONALLY_GONE,CONFIRMED,"Clasificación LEGACY_INTERNAL: infraestructura interna del CMS legacy, nunca fue contenido público",LEGACY_INTERNAL,
,page,php:PHPMailer/language/phpmailer.lang-es.php,,,INTENTIONALLY_GONE,CONFIRMED,"Clasificación LEGACY_INTERNAL: infraestructura interna del CMS legacy, nunca fue contenido público",LEGACY_INTERNAL,
,page,php:PHPMailer/language/phpmailer.lang-et.php,,,INTENTIONALLY_GONE,CONFIRMED,"Clasificación LEGACY_INTERNAL: infraestructura interna del CMS legacy, nunca fue contenido público",LEGACY_INTERNAL,
,page,php:PHPMailer/language/phpmailer.lang-fa.php,,,INTENTIONALLY_GONE,CONFIRMED,"Clasificación LEGACY_INTERNAL: infraestructura interna del CMS legacy, nunca fue contenido público",LEGACY_INTERNAL,
,page,php:PHPMailer/language/phpmailer.lang-fi.php,,,INTENTIONALLY_GONE,CONFIRMED,"Clasificación LEGACY_INTERNAL: infraestructura interna del CMS legacy, nunca fue contenido público",LEGACY_INTERNAL,
,page,php:PHPMailer/language/phpmailer.lang-fo.php,,,INTENTIONALLY_GONE,CONFIRMED,"Clasificación LEGACY_INTERNAL: infraestructura interna del CMS legacy, nunca fue contenido público",LEGACY_INTERNAL,
,page,php:PHPMailer/language/phpmailer.lang-fr.php,,,INTENTIONALLY_GONE,CONFIRMED,"Clasificación LEGACY_INTERNAL: infraestructura interna del CMS legacy, nunca fue contenido público",LEGACY_INTERNAL,
,page,php:PHPMailer/language/phpmailer.lang-gl.php,,,INTENTIONALLY_GONE,CONFIRMED,"Clasificación LEGACY_INTERNAL: infraestructura interna del CMS legacy, nunca fue contenido público",LEGACY_INTERNAL,
,page,php:PHPMailer/language/phpmailer.lang-he.php,,,INTENTIONALLY_GONE,CONFIRMED,"Clasificación LEGACY_INTERNAL: infraestructura interna del CMS legacy, nunca fue contenido público",LEGACY_INTERNAL,
,page,php:PHPMailer/language/phpmailer.lang-hi.php,,,INTENTIONALLY_GONE,CONFIRMED,"Clasificación LEGACY_INTERNAL: infraestructura interna del CMS legacy, nunca fue contenido público",LEGACY_INTERNAL,
,page,php:PHPMailer/language/phpmailer.lang-hr.php,,,INTENTIONALLY_GONE,CONFIRMED,"Clasificación LEGACY_INTERNAL: infraestructura interna del CMS legacy, nunca fue contenido público",LEGACY_INTERNAL,
,page,php:PHPMailer/language/phpmailer.lang-hu.php,,,INTENTIONALLY_GONE,CONFIRMED,"Clasificación LEGACY_INTERNAL: infraestructura interna del CMS legacy, nunca fue contenido público",LEGACY_INTERNAL,
,page,php:PHPMailer/language/phpmailer.lang-hy.php,,,INTENTIONALLY_GONE,CONFIRMED,"Clasificación LEGACY_INTERNAL: infraestructura interna del CMS legacy, nunca fue contenido público",LEGACY_INTERNAL,
,page,php:PHPMailer/language/phpmailer.lang-id.php,,,INTENTIONALLY_GONE,CONFIRMED,"Clasificación LEGACY_INTERNAL: infraestructura interna del CMS legacy, nunca fue contenido público",LEGACY_INTERNAL,
,page,php:PHPMailer/language/phpmailer.lang-it.php,,,INTENTIONALLY_GONE,CONFIRMED,"Clasificación LEGACY_INTERNAL: infraestructura interna del CMS legacy, nunca fue contenido público",LEGACY_INTERNAL,
,page,php:PHPMailer/language/phpmailer.lang-ja.php,,,INTENTIONALLY_GONE,CONFIRMED,"Clasificación LEGACY_INTERNAL: infraestructura interna del CMS legacy, nunca fue contenido público",LEGACY_INTERNAL,
,page,php:PHPMailer/language/phpmailer.lang-ka.php,,,INTENTIONALLY_GONE,CONFIRMED,"Clasificación LEGACY_INTERNAL: infraestructura interna del CMS legacy, nunca fue contenido público",LEGACY_INTERNAL,
,page,php:PHPMailer/language/phpmailer.lang-ko.php,,,INTENTIONALLY_GONE,CONFIRMED,"Clasificación LEGACY_INTERNAL: infraestructura interna del CMS legacy, nunca fue contenido público",LEGACY_INTERNAL,
,page,php:PHPMailer/language/phpmailer.lang-lt.php,,,INTENTIONALLY_GONE,CONFIRMED,"Clasificación LEGACY_INTERNAL: infraestructura interna del CMS legacy, nunca fue contenido público",LEGACY_INTERNAL,
,page,php:PHPMailer/language/phpmailer.lang-lv.php,,,INTENTIONALLY_GONE,CONFIRMED,"Clasificación LEGACY_INTERNAL: infraestructura interna del CMS legacy, nunca fue contenido público",LEGACY_INTERNAL,
,page,php:PHPMailer/language/phpmailer.lang-mg.php,,,INTENTIONALLY_GONE,CONFIRMED,"Clasificación LEGACY_INTERNAL: infraestructura interna del CMS legacy, nunca fue contenido público",LEGACY_INTERNAL,
,page,php:PHPMailer/language/phpmailer.lang-mn.php,,,INTENTIONALLY_GONE,CONFIRMED,"Clasificación LEGACY_INTERNAL: infraestructura interna del CMS legacy, nunca fue contenido público",LEGACY_INTERNAL,
,page,php:PHPMailer/language/phpmailer.lang-ms.php,,,INTENTIONALLY_GONE,CONFIRMED,"Clasificación LEGACY_INTERNAL: infraestructura interna del CMS legacy, nunca fue contenido público",LEGACY_INTERNAL,
,page,php:PHPMailer/language/phpmailer.lang-nb.php,,,INTENTIONALLY_GONE,CONFIRMED,"Clasificación LEGACY_INTERNAL: infraestructura interna del CMS legacy, nunca fue contenido público",LEGACY_INTERNAL,
,page,php:PHPMailer/language/phpmailer.lang-nl.php,,,INTENTIONALLY_GONE,CONFIRMED,"Clasificación LEGACY_INTERNAL: infraestructura interna del CMS legacy, nunca fue contenido público",LEGACY_INTERNAL,
,page,php:PHPMailer/language/phpmailer.lang-pl.php,,,INTENTIONALLY_GONE,CONFIRMED,"Clasificación LEGACY_INTERNAL: infraestructura interna del CMS legacy, nunca fue contenido público",LEGACY_INTERNAL,
,page,php:PHPMailer/language/phpmailer.lang-pt.php,,,INTENTIONALLY_GONE,CONFIRMED,"Clasificación LEGACY_INTERNAL: infraestructura interna del CMS legacy, nunca fue contenido público",LEGACY_INTERNAL,
,page,php:PHPMailer/language/phpmailer.lang-pt_br.php,,,INTENTIONALLY_GONE,CONFIRMED,"Clasificación LEGACY_INTERNAL: infraestructura interna del CMS legacy, nunca fue contenido público",LEGACY_INTERNAL,
,page,php:PHPMailer/language/phpmailer.lang-ro.php,,,INTENTIONALLY_GONE,CONFIRMED,"Clasificación LEGACY_INTERNAL: infraestructura interna del CMS legacy, nunca fue contenido público",LEGACY_INTERNAL,
,page,php:PHPMailer/language/phpmailer.lang-ru.php,,,INTENTIONALLY_GONE,CONFIRMED,"Clasificación LEGACY_INTERNAL: infraestructura interna del CMS legacy, nunca fue contenido público",LEGACY_INTERNAL,
,page,php:PHPMailer/language/phpmailer.lang-si.php,,,INTENTIONALLY_GONE,CONFIRMED,"Clasificación LEGACY_INTERNAL: infraestructura interna del CMS legacy, nunca fue contenido público",LEGACY_INTERNAL,
,page,php:PHPMailer/language/phpmailer.lang-sk.php,,,INTENTIONALLY_GONE,CONFIRMED,"Clasificación LEGACY_INTERNAL: infraestructura interna del CMS legacy, nunca fue contenido público",LEGACY_INTERNAL,
,page,php:PHPMailer/language/phpmailer.lang-sl.php,,,INTENTIONALLY_GONE,CONFIRMED,"Clasificación LEGACY_INTERNAL: infraestructura interna del CMS legacy, nunca fue contenido público",LEGACY_INTERNAL,
,page,php:PHPMailer/language/phpmailer.lang-sr.php,,,INTENTIONALLY_GONE,CONFIRMED,"Clasificación LEGACY_INTERNAL: infraestructura interna del CMS legacy, nunca fue contenido público",LEGACY_INTERNAL,
,page,php:PHPMailer/language/phpmailer.lang-sr_latn.php,,,INTENTIONALLY_GONE,CONFIRMED,"Clasificación LEGACY_INTERNAL: infraestructura interna del CMS legacy, nunca fue contenido público",LEGACY_INTERNAL,
,page,php:PHPMailer/language/phpmailer.lang-sv.php,,,INTENTIONALLY_GONE,CONFIRMED,"Clasificación LEGACY_INTERNAL: infraestructura interna del CMS legacy, nunca fue contenido público",LEGACY_INTERNAL,
,page,php:PHPMailer/language/phpmailer.lang-tl.php,,,INTENTIONALLY_GONE,CONFIRMED,"Clasificación LEGACY_INTERNAL: infraestructura interna del CMS legacy, nunca fue contenido público",LEGACY_INTERNAL,
,page,php:PHPMailer/language/phpmailer.lang-tr.php,,,INTENTIONALLY_GONE,CONFIRMED,"Clasificación LEGACY_INTERNAL: infraestructura interna del CMS legacy, nunca fue contenido público",LEGACY_INTERNAL,
,page,php:PHPMailer/language/phpmailer.lang-uk.php,,,INTENTIONALLY_GONE,CONFIRMED,"Clasificación LEGACY_INTERNAL: infraestructura interna del CMS legacy, nunca fue contenido público",LEGACY_INTERNAL,
,page,php:PHPMailer/language/phpmailer.lang-ur.php,,,INTENTIONALLY_GONE,CONFIRMED,"Clasificación LEGACY_INTERNAL: infraestructura interna del CMS legacy, nunca fue contenido público",LEGACY_INTERNAL,
,page,php:PHPMailer/language/phpmailer.lang-vi.php,,,INTENTIONALLY_GONE,CONFIRMED,"Clasificación LEGACY_INTERNAL: infraestructura interna del CMS legacy, nunca fue contenido público",LEGACY_INTERNAL,
,page,php:PHPMailer/language/phpmailer.lang-zh.php,,,INTENTIONALLY_GONE,CONFIRMED,"Clasificación LEGACY_INTERNAL: infraestructura interna del CMS legacy, nunca fue contenido público",LEGACY_INTERNAL,
,page,php:PHPMailer/language/phpmailer.lang-zh_cn.php,,,INTENTIONALLY_GONE,CONFIRMED,"Clasificación LEGACY_INTERNAL: infraestructura interna del CMS legacy, nunca fue contenido público",LEGACY_INTERNAL,
,page,php:PHPMailer/src/DSNConfigurator.php,,,INTENTIONALLY_GONE,CONFIRMED,"Clasificación LEGACY_INTERNAL: infraestructura interna del CMS legacy, nunca fue contenido público",LEGACY_INTERNAL,
,page,php:PHPMailer/src/Exception.php,,,INTENTIONALLY_GONE,CONFIRMED,"Clasificación LEGACY_INTERNAL: infraestructura interna del CMS legacy, nunca fue contenido público",LEGACY_INTERNAL,
,page,php:PHPMailer/src/OAuth.php,,,INTENTIONALLY_GONE,CONFIRMED,"Clasificación LEGACY_INTERNAL: infraestructura interna del CMS legacy, nunca fue contenido público",LEGACY_INTERNAL,
,page,php:PHPMailer/src/OAuthTokenProvider.php,,,INTENTIONALLY_GONE,CONFIRMED,"Clasificación LEGACY_INTERNAL: infraestructura interna del CMS legacy, nunca fue contenido público",LEGACY_INTERNAL,
,page,php:PHPMailer/src/PHPMailer.php,,,INTENTIONALLY_GONE,CONFIRMED,"Clasificación LEGACY_INTERNAL: infraestructura interna del CMS legacy, nunca fue contenido público",LEGACY_INTERNAL,
,page,php:PHPMailer/src/POP3.php,,,INTENTIONALLY_GONE,CONFIRMED,"Clasificación LEGACY_INTERNAL: infraestructura interna del CMS legacy, nunca fue contenido público",LEGACY_INTERNAL,
,page,php:PHPMailer/src/SMTP.php,,,INTENTIONALLY_GONE,CONFIRMED,"Clasificación LEGACY_INTERNAL: infraestructura interna del CMS legacy, nunca fue contenido público",LEGACY_INTERNAL,
,page,php:sendMail/sendMail.php,,,INTENTIONALLY_GONE,CONFIRMED,"Clasificación LEGACY_INTERNAL: infraestructura interna del CMS legacy, nunca fue contenido público",LEGACY_INTERNAL,
,page,php:system/ajax/CreateStateSelect.php,,,INTENTIONALLY_GONE,CONFIRMED,"Clasificación LEGACY_INTERNAL: infraestructura interna del CMS legacy, nunca fue contenido público",LEGACY_INTERNAL,
,page,php:system/backoffice/Categorias/edit.php,,,INTENTIONALLY_GONE,CONFIRMED,"Clasificación LEGACY_INTERNAL: infraestructura interna del CMS legacy, nunca fue contenido público",LEGACY_INTERNAL,
,page,php:system/backoffice/Categorias/list.php,,,INTENTIONALLY_GONE,CONFIRMED,"Clasificación LEGACY_INTERNAL: infraestructura interna del CMS legacy, nunca fue contenido público",LEGACY_INTERNAL,
,page,php:system/backoffice/Categorias.php,,,INTENTIONALLY_GONE,CONFIRMED,"Clasificación LEGACY_INTERNAL: infraestructura interna del CMS legacy, nunca fue contenido público",LEGACY_INTERNAL,
,page,php:system/backoffice/footer.php,,,INTENTIONALLY_GONE,CONFIRMED,"Clasificación LEGACY_INTERNAL: infraestructura interna del CMS legacy, nunca fue contenido público",LEGACY_INTERNAL,
,page,php:system/backoffice/footer_iframe.php,,,INTENTIONALLY_GONE,CONFIRMED,"Clasificación LEGACY_INTERNAL: infraestructura interna del CMS legacy, nunca fue contenido público",LEGACY_INTERNAL,
,page,php:system/backoffice/google_mapper.php,,,INTENTIONALLY_GONE,CONFIRMED,"Clasificación LEGACY_INTERNAL: infraestructura interna del CMS legacy, nunca fue contenido público",LEGACY_INTERNAL,
,page,php:system/backoffice/header.php,,,INTENTIONALLY_GONE,CONFIRMED,"Clasificación LEGACY_INTERNAL: infraestructura interna del CMS legacy, nunca fue contenido público",LEGACY_INTERNAL,
,page,php:system/backoffice/header_iframe.php,,,INTENTIONALLY_GONE,CONFIRMED,"Clasificación LEGACY_INTERNAL: infraestructura interna del CMS legacy, nunca fue contenido público",LEGACY_INTERNAL,
,page,php:system/backoffice/includes/footer.php,,,INTENTIONALLY_GONE,CONFIRMED,"Clasificación LEGACY_INTERNAL: infraestructura interna del CMS legacy, nunca fue contenido público",LEGACY_INTERNAL,
,page,php:system/backoffice/includes/header.php,,,INTENTIONALLY_GONE,CONFIRMED,"Clasificación LEGACY_INTERNAL: infraestructura interna del CMS legacy, nunca fue contenido público",LEGACY_INTERNAL,
,page,php:system/backoffice/includes/plugins/datatables/extensions/Scroller/examples/data/ssp.php,,,INTENTIONALLY_GONE,CONFIRMED,"Clasificación LEGACY_INTERNAL: infraestructura interna del CMS legacy, nunca fue contenido público",LEGACY_INTERNAL,
,page,php:system/backoffice/index.php,,,INTENTIONALLY_GONE,CONFIRMED,"Clasificación LEGACY_INTERNAL: infraestructura interna del CMS legacy, nunca fue contenido público",LEGACY_INTERNAL,
,page,php:system/backoffice/main.php,,,INTENTIONALLY_GONE,CONFIRMED,"Clasificación LEGACY_INTERNAL: infraestructura interna del CMS legacy, nunca fue contenido público",LEGACY_INTERNAL,
,page,php:system/backoffice/Marcas/edit.php,,,INTENTIONALLY_GONE,CONFIRMED,"Clasificación LEGACY_INTERNAL: infraestructura interna del CMS legacy, nunca fue contenido público",LEGACY_INTERNAL,
,page,php:system/backoffice/Marcas/list.php,,,INTENTIONALLY_GONE,CONFIRMED,"Clasificación LEGACY_INTERNAL: infraestructura interna del CMS legacy, nunca fue contenido público",LEGACY_INTERNAL,
,page,php:system/backoffice/Marcas.php,,,INTENTIONALLY_GONE,CONFIRMED,"Clasificación LEGACY_INTERNAL: infraestructura interna del CMS legacy, nunca fue contenido público",LEGACY_INTERNAL,
,page,php:system/backoffice/menu.php,,,INTENTIONALLY_GONE,CONFIRMED,"Clasificación LEGACY_INTERNAL: infraestructura interna del CMS legacy, nunca fue contenido público",LEGACY_INTERNAL,
,page,php:system/backoffice/Productos/edit.php,,,INTENTIONALLY_GONE,CONFIRMED,"Clasificación LEGACY_INTERNAL: infraestructura interna del CMS legacy, nunca fue contenido público",LEGACY_INTERNAL,
,page,php:system/backoffice/Productos/list.php,,,INTENTIONALLY_GONE,CONFIRMED,"Clasificación LEGACY_INTERNAL: infraestructura interna del CMS legacy, nunca fue contenido público",LEGACY_INTERNAL,
,page,php:system/backoffice/Productos.php,,,INTENTIONALLY_GONE,CONFIRMED,"Clasificación LEGACY_INTERNAL: infraestructura interna del CMS legacy, nunca fue contenido público",LEGACY_INTERNAL,
,page,php:system/backoffice/user/edit.php,,,INTENTIONALLY_GONE,CONFIRMED,"Clasificación LEGACY_INTERNAL: infraestructura interna del CMS legacy, nunca fue contenido público",LEGACY_INTERNAL,
,page,php:system/backoffice/user/list.php,,,INTENTIONALLY_GONE,CONFIRMED,"Clasificación LEGACY_INTERNAL: infraestructura interna del CMS legacy, nunca fue contenido público",LEGACY_INTERNAL,
,page,php:system/backoffice/user/user_login.php,,,INTENTIONALLY_GONE,CONFIRMED,"Clasificación LEGACY_INTERNAL: infraestructura interna del CMS legacy, nunca fue contenido público",LEGACY_INTERNAL,
,page,php:system/backoffice/user.php,,,INTENTIONALLY_GONE,CONFIRMED,"Clasificación LEGACY_INTERNAL: infraestructura interna del CMS legacy, nunca fue contenido público",LEGACY_INTERNAL,
,page,php:system/Categorias.php,,,INTENTIONALLY_GONE,CONFIRMED,"Clasificación LEGACY_INTERNAL: infraestructura interna del CMS legacy, nunca fue contenido público",LEGACY_INTERNAL,
,page,php:system/common.php,,,INTENTIONALLY_GONE,CONFIRMED,"Clasificación LEGACY_INTERNAL: infraestructura interna del CMS legacy, nunca fue contenido público",LEGACY_INTERNAL,
,page,php:system/debug.php,,,INTENTIONALLY_GONE,CONFIRMED,"Clasificación LEGACY_INTERNAL: infraestructura interna del CMS legacy, nunca fue contenido público",LEGACY_INTERNAL,
,page,php:system/file.php,,,INTENTIONALLY_GONE,CONFIRMED,"Clasificación LEGACY_INTERNAL: infraestructura interna del CMS legacy, nunca fue contenido público",LEGACY_INTERNAL,
,page,php:system/index.php,,,INTENTIONALLY_GONE,CONFIRMED,"Clasificación LEGACY_INTERNAL: infraestructura interna del CMS legacy, nunca fue contenido público",LEGACY_INTERNAL,
,page,php:system/libs/CoreLibrary/_DB.class.php,,,INTENTIONALLY_GONE,CONFIRMED,"Clasificación LEGACY_INTERNAL: infraestructura interna del CMS legacy, nunca fue contenido público",LEGACY_INTERNAL,
,page,php:system/libs/CoreLibrary/Application.class.php,,,INTENTIONALLY_GONE,CONFIRMED,"Clasificación LEGACY_INTERNAL: infraestructura interna del CMS legacy, nunca fue contenido público",LEGACY_INTERNAL,
,page,php:system/libs/CoreLibrary/Authentification.class.php,,,INTENTIONALLY_GONE,CONFIRMED,"Clasificación LEGACY_INTERNAL: infraestructura interna del CMS legacy, nunca fue contenido público",LEGACY_INTERNAL,
,page,php:system/libs/CoreLibrary/Banamex.class.php,,,INTENTIONALLY_GONE,CONFIRMED,"Clasificación LEGACY_INTERNAL: infraestructura interna del CMS legacy, nunca fue contenido público",LEGACY_INTERNAL,
,page,php:system/libs/CoreLibrary/Config.class.php,,,INTENTIONALLY_GONE,CONFIRMED,"Clasificación LEGACY_INTERNAL: infraestructura interna del CMS legacy, nunca fue contenido público",LEGACY_INTERNAL,
,page,php:system/libs/CoreLibrary/DB/Connections/LocalHostDB.class.php,,,INTENTIONALLY_GONE,CONFIRMED,"Clasificación LEGACY_INTERNAL: infraestructura interna del CMS legacy, nunca fue contenido público",LEGACY_INTERNAL,
,page,php:system/libs/CoreLibrary/DB/DAO/_AdvancedDAO.class.php,,,INTENTIONALLY_GONE,CONFIRMED,"Clasificación LEGACY_INTERNAL: infraestructura interna del CMS legacy, nunca fue contenido público",LEGACY_INTERNAL,
,page,php:system/libs/CoreLibrary/DB/DAO/_FileDAO.class.php,,,INTENTIONALLY_GONE,CONFIRMED,"Clasificación LEGACY_INTERNAL: infraestructura interna del CMS legacy, nunca fue contenido público",LEGACY_INTERNAL,
,page,php:system/libs/CoreLibrary/DB/DAO/_GenericDAO.class.php,,,INTENTIONALLY_GONE,CONFIRMED,"Clasificación LEGACY_INTERNAL: infraestructura interna del CMS legacy, nunca fue contenido público",LEGACY_INTERNAL,
,page,php:system/libs/CoreLibrary/DB/DAO/AdvancedDAO.class.php,,,INTENTIONALLY_GONE,CONFIRMED,"Clasificación LEGACY_INTERNAL: infraestructura interna del CMS legacy, nunca fue contenido público",LEGACY_INTERNAL,
,page,php:system/libs/CoreLibrary/DB/DAO/FileDAO.class.php,,,INTENTIONALLY_GONE,CONFIRMED,"Clasificación LEGACY_INTERNAL: infraestructura interna del CMS legacy, nunca fue contenido público",LEGACY_INTERNAL,
,page,php:system/libs/CoreLibrary/DB/DAO/GenericDAO.class.php,,,INTENTIONALLY_GONE,CONFIRMED,"Clasificación LEGACY_INTERNAL: infraestructura interna del CMS legacy, nunca fue contenido público",LEGACY_INTERNAL,
,page,php:system/libs/CoreLibrary/DB/DAO/Timestampable.class.php,,,INTENTIONALLY_GONE,CONFIRMED,"Clasificación LEGACY_INTERNAL: infraestructura interna del CMS legacy, nunca fue contenido público",LEGACY_INTERNAL,
,page,php:system/libs/CoreLibrary/DB/DBConnection.class.php,,,INTENTIONALLY_GONE,CONFIRMED,"Clasificación LEGACY_INTERNAL: infraestructura interna del CMS legacy, nunca fue contenido público",LEGACY_INTERNAL,
,page,php:system/libs/CoreLibrary/DB/DBStrategy.class.php,,,INTENTIONALLY_GONE,CONFIRMED,"Clasificación LEGACY_INTERNAL: infraestructura interna del CMS legacy, nunca fue contenido público",LEGACY_INTERNAL,
,page,php:system/libs/CoreLibrary/DB/MySQLStrategy.class.php,,,INTENTIONALLY_GONE,CONFIRMED,"Clasificación LEGACY_INTERNAL: infraestructura interna del CMS legacy, nunca fue contenido público",LEGACY_INTERNAL,
,page,php:system/libs/CoreLibrary/DB.class.php,,,INTENTIONALLY_GONE,CONFIRMED,"Clasificación LEGACY_INTERNAL: infraestructura interna del CMS legacy, nunca fue contenido público",LEGACY_INTERNAL,
,page,php:system/libs/CoreLibrary/DBPEAR.class.php,,,INTENTIONALLY_GONE,CONFIRMED,"Clasificación LEGACY_INTERNAL: infraestructura interna del CMS legacy, nunca fue contenido público",LEGACY_INTERNAL,
,page,php:system/libs/CoreLibrary/ExcelWriter.class.php,,,INTENTIONALLY_GONE,CONFIRMED,"Clasificación LEGACY_INTERNAL: infraestructura interna del CMS legacy, nunca fue contenido público",LEGACY_INTERNAL,
,page,php:system/libs/CoreLibrary/ExceptionHandler.class.php,,,INTENTIONALLY_GONE,CONFIRMED,"Clasificación LEGACY_INTERNAL: infraestructura interna del CMS legacy, nunca fue contenido público",LEGACY_INTERNAL,
,page,php:system/libs/CoreLibrary/Exceptions/ClassNotFoundException.class.php,,,INTENTIONALLY_GONE,CONFIRMED,"Clasificación LEGACY_INTERNAL: infraestructura interna del CMS legacy, nunca fue contenido público",LEGACY_INTERNAL,
,page,php:system/libs/CoreLibrary/Exceptions/ErrorException2.class.php,,,INTENTIONALLY_GONE,CONFIRMED,"Clasificación LEGACY_INTERNAL: infraestructura interna del CMS legacy, nunca fue contenido público",LEGACY_INTERNAL,
,page,php:system/libs/CoreLibrary/Exceptions/MySQLException.class.php,,,INTENTIONALLY_GONE,CONFIRMED,"Clasificación LEGACY_INTERNAL: infraestructura interna del CMS legacy, nunca fue contenido público",LEGACY_INTERNAL,
,page,php:system/libs/CoreLibrary/Exceptions/SQLException.class.php,,,INTENTIONALLY_GONE,CONFIRMED,"Clasificación LEGACY_INTERNAL: infraestructura interna del CMS legacy, nunca fue contenido público",LEGACY_INTERNAL,
,page,php:system/libs/CoreLibrary/Exceptions/WrongDataTypeException.class.php,,,INTENTIONALLY_GONE,CONFIRMED,"Clasificación LEGACY_INTERNAL: infraestructura interna del CMS legacy, nunca fue contenido público",LEGACY_INTERNAL,
,page,php:system/libs/CoreLibrary/GUI/Calendar/CalendarApplication.class.php,,,INTENTIONALLY_GONE,CONFIRMED,"Clasificación LEGACY_INTERNAL: infraestructura interna del CMS legacy, nunca fue contenido público",LEGACY_INTERNAL,
,page,php:system/libs/CoreLibrary/GUI/Calendar/CalendarLanguage.class.php,,,INTENTIONALLY_GONE,CONFIRMED,"Clasificación LEGACY_INTERNAL: infraestructura interna del CMS legacy, nunca fue contenido público",LEGACY_INTERNAL,
,page,php:system/libs/CoreLibrary/GUI/Calendar/CalendarLanguageSpanish.class.php,,,INTENTIONALLY_GONE,CONFIRMED,"Clasificación LEGACY_INTERNAL: infraestructura interna del CMS legacy, nunca fue contenido público",LEGACY_INTERNAL,
,page,php:system/libs/CoreLibrary/GUI/Calendar/CalendarMonthDayColoring.class.php,,,INTENTIONALLY_GONE,CONFIRMED,"Clasificación LEGACY_INTERNAL: infraestructura interna del CMS legacy, nunca fue contenido público",LEGACY_INTERNAL,
,page,php:system/libs/CoreLibrary/GUI/Calendar/CalendarMonthDayView.class.php,,,INTENTIONALLY_GONE,CONFIRMED,"Clasificación LEGACY_INTERNAL: infraestructura interna del CMS legacy, nunca fue contenido público",LEGACY_INTERNAL,
,page,php:system/libs/CoreLibrary/GUI/Calendar/CalendarMonthSmallView.class.php,,,INTENTIONALLY_GONE,CONFIRMED,"Clasificación LEGACY_INTERNAL: infraestructura interna del CMS legacy, nunca fue contenido público",LEGACY_INTERNAL,
,page,php:system/libs/CoreLibrary/GUI/Calendar/CalendarMonthView.class.php,,,INTENTIONALLY_GONE,CONFIRMED,"Clasificación LEGACY_INTERNAL: infraestructura interna del CMS legacy, nunca fue contenido público",LEGACY_INTERNAL,
,page,php:system/libs/CoreLibrary/GUI/Calendar/CalendarTools.class.php,,,INTENTIONALLY_GONE,CONFIRMED,"Clasificación LEGACY_INTERNAL: infraestructura interna del CMS legacy, nunca fue contenido público",LEGACY_INTERNAL,
,page,php:system/libs/CoreLibrary/GUI/Calendar/CalendarView.class.php,,,INTENTIONALLY_GONE,CONFIRMED,"Clasificación LEGACY_INTERNAL: infraestructura interna del CMS legacy, nunca fue contenido público",LEGACY_INTERNAL,
,page,php:system/libs/CoreLibrary/GUI/Calendar/DB/CalendarEventsDAO.class.php,,,INTENTIONALLY_GONE,CONFIRMED,"Clasificación LEGACY_INTERNAL: infraestructura interna del CMS legacy, nunca fue contenido público",LEGACY_INTERNAL,
,page,php:system/libs/CoreLibrary/GUI/ListPanel/Action.class.php,,,INTENTIONALLY_GONE,CONFIRMED,"Clasificación LEGACY_INTERNAL: infraestructura interna del CMS legacy, nunca fue contenido público",LEGACY_INTERNAL,
,page,php:system/libs/CoreLibrary/GUI/ListPanel/Decorator/Decorator.class.php,,,INTENTIONALLY_GONE,CONFIRMED,"Clasificación LEGACY_INTERNAL: infraestructura interna del CMS legacy, nunca fue contenido público",LEGACY_INTERNAL,
,page,php:system/libs/CoreLibrary/GUI/ListPanel/Decorator/Pager.class.php,,,INTENTIONALLY_GONE,CONFIRMED,"Clasificación LEGACY_INTERNAL: infraestructura interna del CMS legacy, nunca fue contenido público",LEGACY_INTERNAL,
,page,php:system/libs/CoreLibrary/GUI/ListPanel/Decorator/PagerTemplate.class.php,,,INTENTIONALLY_GONE,CONFIRMED,"Clasificación LEGACY_INTERNAL: infraestructura interna del CMS legacy, nunca fue contenido público",LEGACY_INTERNAL,
,page,php:system/libs/CoreLibrary/GUI/ListPanel/Decorator/RowActions.class.php,,,INTENTIONALLY_GONE,CONFIRMED,"Clasificación LEGACY_INTERNAL: infraestructura interna del CMS legacy, nunca fue contenido público",LEGACY_INTERNAL,
,page,php:system/libs/CoreLibrary/GUI/ListPanel/Decorator/RowActionsTemplate.class.php,,,INTENTIONALLY_GONE,CONFIRMED,"Clasificación LEGACY_INTERNAL: infraestructura interna del CMS legacy, nunca fue contenido público",LEGACY_INTERNAL,
,page,php:system/libs/CoreLibrary/GUI/ListPanel/Decorator/Searcher.class.php,,,INTENTIONALLY_GONE,CONFIRMED,"Clasificación LEGACY_INTERNAL: infraestructura interna del CMS legacy, nunca fue contenido público",LEGACY_INTERNAL,
,page,php:system/libs/CoreLibrary/GUI/ListPanel/Decorator/SearcherTemplate.class.php,,,INTENTIONALLY_GONE,CONFIRMED,"Clasificación LEGACY_INTERNAL: infraestructura interna del CMS legacy, nunca fue contenido público",LEGACY_INTERNAL,
,page,php:system/libs/CoreLibrary/GUI/ListPanel/Decorator/Sorter.class.php,,,INTENTIONALLY_GONE,CONFIRMED,"Clasificación LEGACY_INTERNAL: infraestructura interna del CMS legacy, nunca fue contenido público",LEGACY_INTERNAL,
,page,php:system/libs/CoreLibrary/GUI/ListPanel/Decorator/SorterTemplate.class.php,,,INTENTIONALLY_GONE,CONFIRMED,"Clasificación LEGACY_INTERNAL: infraestructura interna del CMS legacy, nunca fue contenido público",LEGACY_INTERNAL,
,page,php:system/libs/CoreLibrary/GUI/ListPanel/Decorator/TemplateDecorator.class.php,,,INTENTIONALLY_GONE,CONFIRMED,"Clasificación LEGACY_INTERNAL: infraestructura interna del CMS legacy, nunca fue contenido público",LEGACY_INTERNAL,
,page,php:system/libs/CoreLibrary/GUI/ListPanel/ListPanel.class.php,,,INTENTIONALLY_GONE,CONFIRMED,"Clasificación LEGACY_INTERNAL: infraestructura interna del CMS legacy, nunca fue contenido público",LEGACY_INTERNAL,
,page,php:system/libs/CoreLibrary/GUI/ListPanel/Template.class.php,,,INTENTIONALLY_GONE,CONFIRMED,"Clasificación LEGACY_INTERNAL: infraestructura interna del CMS legacy, nunca fue contenido público",LEGACY_INTERNAL,
,page,php:system/libs/CoreLibrary/IO/FileApplication.class.php,,,INTENTIONALLY_GONE,CONFIRMED,"Clasificación LEGACY_INTERNAL: infraestructura interna del CMS legacy, nunca fue contenido público",LEGACY_INTERNAL,
,page,php:system/libs/CoreLibrary/IO/FileSaver.class.php,,,INTENTIONALLY_GONE,CONFIRMED,"Clasificación LEGACY_INTERNAL: infraestructura interna del CMS legacy, nunca fue contenido público",LEGACY_INTERNAL,
,page,php:system/libs/CoreLibrary/IO/FileViewer.class.php,,,INTENTIONALLY_GONE,CONFIRMED,"Clasificación LEGACY_INTERNAL: infraestructura interna del CMS legacy, nunca fue contenido público",LEGACY_INTERNAL,
,page,php:system/libs/CoreLibrary/IO/ImageFileApplication.class.php,,,INTENTIONALLY_GONE,CONFIRMED,"Clasificación LEGACY_INTERNAL: infraestructura interna del CMS legacy, nunca fue contenido público",LEGACY_INTERNAL,
,page,php:system/libs/CoreLibrary/IO/ImageFileViewer.class.php,,,INTENTIONALLY_GONE,CONFIRMED,"Clasificación LEGACY_INTERNAL: infraestructura interna del CMS legacy, nunca fue contenido público",LEGACY_INTERNAL,
,page,php:system/libs/CoreLibrary/LoginApplication.class.php,,,INTENTIONALLY_GONE,CONFIRMED,"Clasificación LEGACY_INTERNAL: infraestructura interna del CMS legacy, nunca fue contenido público",LEGACY_INTERNAL,
,page,php:system/libs/CoreLibrary/Mailer.class.php,,,INTENTIONALLY_GONE,CONFIRMED,"Clasificación LEGACY_INTERNAL: infraestructura interna del CMS legacy, nunca fue contenido público",LEGACY_INTERNAL,
,page,php:system/libs/CoreLibrary/NestedException.class.php,,,INTENTIONALLY_GONE,CONFIRMED,"Clasificación LEGACY_INTERNAL: infraestructura interna del CMS legacy, nunca fue contenido público",LEGACY_INTERNAL,
,page,php:system/libs/CoreLibrary/Objeto.class.php,,,INTENTIONALLY_GONE,CONFIRMED,"Clasificación LEGACY_INTERNAL: infraestructura interna del CMS legacy, nunca fue contenido público",LEGACY_INTERNAL,
,page,php:system/libs/CoreLibrary/PaymentGateway/PayFlow/Exception.class.php,,,INTENTIONALLY_GONE,CONFIRMED,"Clasificación LEGACY_INTERNAL: infraestructura interna del CMS legacy, nunca fue contenido público",LEGACY_INTERNAL,
,page,php:system/libs/CoreLibrary/PaymentGateway/PayFlow/Pro/Result/Approved.class.php,,,INTENTIONALLY_GONE,CONFIRMED,"Clasificación LEGACY_INTERNAL: infraestructura interna del CMS legacy, nunca fue contenido público",LEGACY_INTERNAL,
,page,php:system/libs/CoreLibrary/PaymentGateway/PayFlow/Pro/Result/Declined.class.php,,,INTENTIONALLY_GONE,CONFIRMED,"Clasificación LEGACY_INTERNAL: infraestructura interna del CMS legacy, nunca fue contenido público",LEGACY_INTERNAL,
,page,php:system/libs/CoreLibrary/PaymentGateway/PayFlow/Pro/Transaction/RecurrentBilling.class.php,,,INTENTIONALLY_GONE,CONFIRMED,"Clasificación LEGACY_INTERNAL: infraestructura interna del CMS legacy, nunca fue contenido público",LEGACY_INTERNAL,
,page,php:system/libs/CoreLibrary/PaymentGateway/PayFlow/Pro/Transaction.class.php,,,INTENTIONALLY_GONE,CONFIRMED,"Clasificación LEGACY_INTERNAL: infraestructura interna del CMS legacy, nunca fue contenido público",LEGACY_INTERNAL,
,page,php:system/libs/CoreLibrary/PaymentGateway/PayFlow/Pro.class.php,,,INTENTIONALLY_GONE,CONFIRMED,"Clasificación LEGACY_INTERNAL: infraestructura interna del CMS legacy, nunca fue contenido público",LEGACY_INTERNAL,
,page,php:system/libs/CoreLibrary/PaymentGateway/PayFlow.php,,,INTENTIONALLY_GONE,CONFIRMED,"Clasificación LEGACY_INTERNAL: infraestructura interna del CMS legacy, nunca fue contenido público",LEGACY_INTERNAL,
,page,php:system/libs/CoreLibrary/PaymentGateway/USAePay/Check.class.php,,,INTENTIONALLY_GONE,CONFIRMED,"Clasificación LEGACY_INTERNAL: infraestructura interna del CMS legacy, nunca fue contenido público",LEGACY_INTERNAL,
,page,php:system/libs/CoreLibrary/PaymentGateway/USAePay/CreditCard.class.php,,,INTENTIONALLY_GONE,CONFIRMED,"Clasificación LEGACY_INTERNAL: infraestructura interna del CMS legacy, nunca fue contenido público",LEGACY_INTERNAL,
,page,php:system/libs/CoreLibrary/PaymentGateway/USAePay/RecurrentBilling.class.php,,,INTENTIONALLY_GONE,CONFIRMED,"Clasificación LEGACY_INTERNAL: infraestructura interna del CMS legacy, nunca fue contenido público",LEGACY_INTERNAL,
,page,php:system/libs/CoreLibrary/PaymentGateway/USAePay/Result/Approved.class.php,,,INTENTIONALLY_GONE,CONFIRMED,"Clasificación LEGACY_INTERNAL: infraestructura interna del CMS legacy, nunca fue contenido público",LEGACY_INTERNAL,
,page,php:system/libs/CoreLibrary/PaymentGateway/USAePay/Result/Declined.class.php,,,INTENTIONALLY_GONE,CONFIRMED,"Clasificación LEGACY_INTERNAL: infraestructura interna del CMS legacy, nunca fue contenido público",LEGACY_INTERNAL,
,page,php:system/libs/CoreLibrary/PaymentGateway/USAePay.class.php,,,INTENTIONALLY_GONE,CONFIRMED,"Clasificación LEGACY_INTERNAL: infraestructura interna del CMS legacy, nunca fue contenido público",LEGACY_INTERNAL,
,page,php:system/libs/CoreLibrary/PayPalPro.class.php,,,INTENTIONALLY_GONE,CONFIRMED,"Clasificación LEGACY_INTERNAL: infraestructura interna del CMS legacy, nunca fue contenido público",LEGACY_INTERNAL,
,page,php:system/libs/CoreLibrary/PermissionStrategy.class.php,,,INTENTIONALLY_GONE,CONFIRMED,"Clasificación LEGACY_INTERNAL: infraestructura interna del CMS legacy, nunca fue contenido público",LEGACY_INTERNAL,
,page,php:system/libs/CoreLibrary/RestHTTP.class.php,,,INTENTIONALLY_GONE,CONFIRMED,"Clasificación LEGACY_INTERNAL: infraestructura interna del CMS legacy, nunca fue contenido público",LEGACY_INTERNAL,
,page,php:system/libs/CoreLibrary/Security/Authentification.class.php,,,INTENTIONALLY_GONE,CONFIRMED,"Clasificación LEGACY_INTERNAL: infraestructura interna del CMS legacy, nunca fue contenido público",LEGACY_INTERNAL,
,page,php:system/libs/CoreLibrary/Security/CaptchaSecurityImage.class.php,,,INTENTIONALLY_GONE,CONFIRMED,"Clasificación LEGACY_INTERNAL: infraestructura interna del CMS legacy, nunca fue contenido público",LEGACY_INTERNAL,
,page,php:system/libs/CoreLibrary/Util/CountryISOCodes.class.php,,,INTENTIONALLY_GONE,CONFIRMED,"Clasificación LEGACY_INTERNAL: infraestructura interna del CMS legacy, nunca fue contenido público",LEGACY_INTERNAL,
,page,php:system/libs/CoreLibrary/Util/Date.class.php,,,INTENTIONALLY_GONE,CONFIRMED,"Clasificación LEGACY_INTERNAL: infraestructura interna del CMS legacy, nunca fue contenido público",LEGACY_INTERNAL,
,page,php:system/libs/CoreLibrary/Util/Email.class.php,,,INTENTIONALLY_GONE,CONFIRMED,"Clasificación LEGACY_INTERNAL: infraestructura interna del CMS legacy, nunca fue contenido público",LEGACY_INTERNAL,
,page,php:system/libs/CoreLibrary/Util/FriendlyURL.class.php,,,INTENTIONALLY_GONE,CONFIRMED,"Clasificación LEGACY_INTERNAL: infraestructura interna del CMS legacy, nunca fue contenido público",LEGACY_INTERNAL,
,page,php:system/libs/CoreLibrary/Util/HTML.class.php,,,INTENTIONALLY_GONE,CONFIRMED,"Clasificación LEGACY_INTERNAL: infraestructura interna del CMS legacy, nunca fue contenido público",LEGACY_INTERNAL,
,page,php:system/libs/CoreLibrary/Util/Server.class.php,,,INTENTIONALLY_GONE,CONFIRMED,"Clasificación LEGACY_INTERNAL: infraestructura interna del CMS legacy, nunca fue contenido público",LEGACY_INTERNAL,
,page,php:system/libs/CoreLibrary/Util/SocialNetwork.class.php,,,INTENTIONALLY_GONE,CONFIRMED,"Clasificación LEGACY_INTERNAL: infraestructura interna del CMS legacy, nunca fue contenido público",LEGACY_INTERNAL,
,page,php:system/libs/CoreLibrary/Util/State/MXState.class.php,,,INTENTIONALLY_GONE,CONFIRMED,"Clasificación LEGACY_INTERNAL: infraestructura interna del CMS legacy, nunca fue contenido público",LEGACY_INTERNAL,
,page,php:system/libs/CoreLibrary/Util/State/USState.class.php,,,INTENTIONALLY_GONE,CONFIRMED,"Clasificación LEGACY_INTERNAL: infraestructura interna del CMS legacy, nunca fue contenido público",LEGACY_INTERNAL,
,page,php:system/libs/CoreLibrary/Util/State.class.php,,,INTENTIONALLY_GONE,CONFIRMED,"Clasificación LEGACY_INTERNAL: infraestructura interna del CMS legacy, nunca fue contenido público",LEGACY_INTERNAL,
,page,php:system/libs/CoreLibrary/Util/String.class.php,,,INTENTIONALLY_GONE,CONFIRMED,"Clasificación LEGACY_INTERNAL: infraestructura interna del CMS legacy, nunca fue contenido público",LEGACY_INTERNAL,
,page,php:system/libs/CoreLibrary/Util/USStates.class.php,,,INTENTIONALLY_GONE,CONFIRMED,"Clasificación LEGACY_INTERNAL: infraestructura interna del CMS legacy, nunca fue contenido público",LEGACY_INTERNAL,
,page,php:system/libs/CoreLibrary/Validator/ErrorHandler.class.php,,,INTENTIONALLY_GONE,CONFIRMED,"Clasificación LEGACY_INTERNAL: infraestructura interna del CMS legacy, nunca fue contenido público",LEGACY_INTERNAL,
,page,php:system/libs/CoreLibrary/Validator/Exception.class.php,,,INTENTIONALLY_GONE,CONFIRMED,"Clasificación LEGACY_INTERNAL: infraestructura interna del CMS legacy, nunca fue contenido público",LEGACY_INTERNAL,
,page,php:system/libs/CoreLibrary/Validator/FileTester.class.php,,,INTENTIONALLY_GONE,CONFIRMED,"Clasificación LEGACY_INTERNAL: infraestructura interna del CMS legacy, nunca fue contenido público",LEGACY_INTERNAL,
,page,php:system/libs/CoreLibrary/Validator/Test/Address/CountryCode.class.php,,,INTENTIONALLY_GONE,CONFIRMED,"Clasificación LEGACY_INTERNAL: infraestructura interna del CMS legacy, nunca fue contenido público",LEGACY_INTERNAL,
,page,php:system/libs/CoreLibrary/Validator/Test/Address/ZipCode.class.php,,,INTENTIONALLY_GONE,CONFIRMED,"Clasificación LEGACY_INTERNAL: infraestructura interna del CMS legacy, nunca fue contenido público",LEGACY_INTERNAL,
,page,php:system/libs/CoreLibrary/Validator/Test/AlwaysNotValid.class.php,,,INTENTIONALLY_GONE,CONFIRMED,"Clasificación LEGACY_INTERNAL: infraestructura interna del CMS legacy, nunca fue contenido público",LEGACY_INTERNAL,
,page,php:system/libs/CoreLibrary/Validator/Test/Date/YYYYMMDD.class.php,,,INTENTIONALLY_GONE,CONFIRMED,"Clasificación LEGACY_INTERNAL: infraestructura interna del CMS legacy, nunca fue contenido público",LEGACY_INTERNAL,
,page,php:system/libs/CoreLibrary/Validator/Test/Date.class.php,,,INTENTIONALLY_GONE,CONFIRMED,"Clasificación LEGACY_INTERNAL: infraestructura interna del CMS legacy, nunca fue contenido público",LEGACY_INTERNAL,
,page,php:system/libs/CoreLibrary/Validator/Test/Email.class.php,,,INTENTIONALLY_GONE,CONFIRMED,"Clasificación LEGACY_INTERNAL: infraestructura interna del CMS legacy, nunca fue contenido público",LEGACY_INTERNAL,
,page,php:system/libs/CoreLibrary/Validator/Test/Equal.class.php,,,INTENTIONALLY_GONE,CONFIRMED,"Clasificación LEGACY_INTERNAL: infraestructura interna del CMS legacy, nunca fue contenido público",LEGACY_INTERNAL,
,page,php:system/libs/CoreLibrary/Validator/Test/FileUpload/Excel.class.php,,,INTENTIONALLY_GONE,CONFIRMED,"Clasificación LEGACY_INTERNAL: infraestructura interna del CMS legacy, nunca fue contenido público",LEGACY_INTERNAL,
,page,php:system/libs/CoreLibrary/Validator/Test/FileUpload/FLV.class.php,,,INTENTIONALLY_GONE,CONFIRMED,"Clasificación LEGACY_INTERNAL: infraestructura interna del CMS legacy, nunca fue contenido público",LEGACY_INTERNAL,
,page,php:system/libs/CoreLibrary/Validator/Test/FileUpload/Image.class.php,,,INTENTIONALLY_GONE,CONFIRMED,"Clasificación LEGACY_INTERNAL: infraestructura interna del CMS legacy, nunca fue contenido público",LEGACY_INTERNAL,
,page,php:system/libs/CoreLibrary/Validator/Test/FileUpload/iPodM4V.class.php,,,INTENTIONALLY_GONE,CONFIRMED,"Clasificación LEGACY_INTERNAL: infraestructura interna del CMS legacy, nunca fue contenido público",LEGACY_INTERNAL,
,page,php:system/libs/CoreLibrary/Validator/Test/FileUpload/MPG4.class.php,,,INTENTIONALLY_GONE,CONFIRMED,"Clasificación LEGACY_INTERNAL: infraestructura interna del CMS legacy, nunca fue contenido público",LEGACY_INTERNAL,
,page,php:system/libs/CoreLibrary/Validator/Test/FileUpload/PDF.class.php,,,INTENTIONALLY_GONE,CONFIRMED,"Clasificación LEGACY_INTERNAL: infraestructura interna del CMS legacy, nunca fue contenido público",LEGACY_INTERNAL,
,page,php:system/libs/CoreLibrary/Validator/Test/FileUpload/PPT.class.php,,,INTENTIONALLY_GONE,CONFIRMED,"Clasificación LEGACY_INTERNAL: infraestructura interna del CMS legacy, nunca fue contenido público",LEGACY_INTERNAL,
,page,php:system/libs/CoreLibrary/Validator/Test/FileUpload/Word.class.php,,,INTENTIONALLY_GONE,CONFIRMED,"Clasificación LEGACY_INTERNAL: infraestructura interna del CMS legacy, nunca fue contenido público",LEGACY_INTERNAL,
,page,php:system/libs/CoreLibrary/Validator/Test/FileUpload.class.php,,,INTENTIONALLY_GONE,CONFIRMED,"Clasificación LEGACY_INTERNAL: infraestructura interna del CMS legacy, nunca fue contenido público",LEGACY_INTERNAL,
,page,php:system/libs/CoreLibrary/Validator/Test/NotEmpty.class.php,,,INTENTIONALLY_GONE,CONFIRMED,"Clasificación LEGACY_INTERNAL: infraestructura interna del CMS legacy, nunca fue contenido público",LEGACY_INTERNAL,
,page,php:system/libs/CoreLibrary/Validator/Test/NotEqual.class.php,,,INTENTIONALLY_GONE,CONFIRMED,"Clasificación LEGACY_INTERNAL: infraestructura interna del CMS legacy, nunca fue contenido público",LEGACY_INTERNAL,
,page,php:system/libs/CoreLibrary/Validator/Test/Numeric/Between.class.php,,,INTENTIONALLY_GONE,CONFIRMED,"Clasificación LEGACY_INTERNAL: infraestructura interna del CMS legacy, nunca fue contenido público",LEGACY_INTERNAL,
,page,php:system/libs/CoreLibrary/Validator/Test/Numeric/Float.class.php,,,INTENTIONALLY_GONE,CONFIRMED,"Clasificación LEGACY_INTERNAL: infraestructura interna del CMS legacy, nunca fue contenido público",LEGACY_INTERNAL,
,page,php:system/libs/CoreLibrary/Validator/Test/Numeric/Integer.class.php,,,INTENTIONALLY_GONE,CONFIRMED,"Clasificación LEGACY_INTERNAL: infraestructura interna del CMS legacy, nunca fue contenido público",LEGACY_INTERNAL,
,page,php:system/libs/CoreLibrary/Validator/Test/Numeric/Unsigned.class.php,,,INTENTIONALLY_GONE,CONFIRMED,"Clasificación LEGACY_INTERNAL: infraestructura interna del CMS legacy, nunca fue contenido público",LEGACY_INTERNAL,
,page,php:system/libs/CoreLibrary/Validator/Test/Numeric/UnsignedFloat.class.php,,,INTENTIONALLY_GONE,CONFIRMED,"Clasificación LEGACY_INTERNAL: infraestructura interna del CMS legacy, nunca fue contenido público",LEGACY_INTERNAL,
,page,php:system/libs/CoreLibrary/Validator/Test/Numeric/UnsignedInteger.class.php,,,INTENTIONALLY_GONE,CONFIRMED,"Clasificación LEGACY_INTERNAL: infraestructura interna del CMS legacy, nunca fue contenido público",LEGACY_INTERNAL,
,page,php:system/libs/CoreLibrary/Validator/Test/Numeric.class.php,,,INTENTIONALLY_GONE,CONFIRMED,"Clasificación LEGACY_INTERNAL: infraestructura interna del CMS legacy, nunca fue contenido público",LEGACY_INTERNAL,
,page,php:system/libs/CoreLibrary/Validator/Test/RegEx.class.php,,,INTENTIONALLY_GONE,CONFIRMED,"Clasificación LEGACY_INTERNAL: infraestructura interna del CMS legacy, nunca fue contenido público",LEGACY_INTERNAL,
,page,php:system/libs/CoreLibrary/Validator/Test/ReturnFalse.class.php,,,INTENTIONALLY_GONE,CONFIRMED,"Clasificación LEGACY_INTERNAL: infraestructura interna del CMS legacy, nunca fue contenido público",LEGACY_INTERNAL,
,page,php:system/libs/CoreLibrary/Validator/Test/String/NoHTML.class.php,,,INTENTIONALLY_GONE,CONFIRMED,"Clasificación LEGACY_INTERNAL: infraestructura interna del CMS legacy, nunca fue contenido público",LEGACY_INTERNAL,
,page,php:system/libs/CoreLibrary/Validator/Test/String.class.php,,,INTENTIONALLY_GONE,CONFIRMED,"Clasificación LEGACY_INTERNAL: infraestructura interna del CMS legacy, nunca fue contenido público",LEGACY_INTERNAL,
,page,php:system/libs/CoreLibrary/Validator/Test.class.php,,,INTENTIONALLY_GONE,CONFIRMED,"Clasificación LEGACY_INTERNAL: infraestructura interna del CMS legacy, nunca fue contenido público",LEGACY_INTERNAL,
,page,php:system/libs/CoreLibrary/Validator/Tester.class.php,,,INTENTIONALLY_GONE,CONFIRMED,"Clasificación LEGACY_INTERNAL: infraestructura interna del CMS legacy, nunca fue contenido público",LEGACY_INTERNAL,
,page,php:system/libs/CoreLibrary/Validator/TestException.class.php,,,INTENTIONALLY_GONE,CONFIRMED,"Clasificación LEGACY_INTERNAL: infraestructura interna del CMS legacy, nunca fue contenido público",LEGACY_INTERNAL,
,page,php:system/libs/CoreLibrary/Validator.class.php,,,INTENTIONALLY_GONE,CONFIRMED,"Clasificación LEGACY_INTERNAL: infraestructura interna del CMS legacy, nunca fue contenido público",LEGACY_INTERNAL,
,page,php:system/libs/Entity/Search/Result/Video.class.php,,,INTENTIONALLY_GONE,CONFIRMED,"Clasificación LEGACY_INTERNAL: infraestructura interna del CMS legacy, nunca fue contenido público",LEGACY_INTERNAL,
,page,php:system/libs/Entity/Util/VideoArray.class.php,,,INTENTIONALLY_GONE,CONFIRMED,"Clasificación LEGACY_INTERNAL: infraestructura interna del CMS legacy, nunca fue contenido público",LEGACY_INTERNAL,
,page,php:system/libs/Entity/Video.class.php,,,INTENTIONALLY_GONE,CONFIRMED,"Clasificación LEGACY_INTERNAL: infraestructura interna del CMS legacy, nunca fue contenido público",LEGACY_INTERNAL,
,page,php:system/libs/HTTP/Net/URL2.php,,,INTENTIONALLY_GONE,CONFIRMED,"Clasificación LEGACY_INTERNAL: infraestructura interna del CMS legacy, nunca fue contenido público",LEGACY_INTERNAL,
,page,php:system/libs/HTTP/Request2/Adapter/Curl.php,,,INTENTIONALLY_GONE,CONFIRMED,"Clasificación LEGACY_INTERNAL: infraestructura interna del CMS legacy, nunca fue contenido público",LEGACY_INTERNAL,
,page,php:system/libs/HTTP/Request2/Adapter/Mock.php,,,INTENTIONALLY_GONE,CONFIRMED,"Clasificación LEGACY_INTERNAL: infraestructura interna del CMS legacy, nunca fue contenido público",LEGACY_INTERNAL,
,page,php:system/libs/HTTP/Request2/Adapter/Socket.php,,,INTENTIONALLY_GONE,CONFIRMED,"Clasificación LEGACY_INTERNAL: infraestructura interna del CMS legacy, nunca fue contenido público",LEGACY_INTERNAL,
,page,php:system/libs/HTTP/Request2/Adapter.php,,,INTENTIONALLY_GONE,CONFIRMED,"Clasificación LEGACY_INTERNAL: infraestructura interna del CMS legacy, nunca fue contenido público",LEGACY_INTERNAL,
,page,php:system/libs/HTTP/Request2/ConnectionException.php,,,INTENTIONALLY_GONE,CONFIRMED,"Clasificación LEGACY_INTERNAL: infraestructura interna del CMS legacy, nunca fue contenido público",LEGACY_INTERNAL,
,page,php:system/libs/HTTP/Request2/CookieJar.php,,,INTENTIONALLY_GONE,CONFIRMED,"Clasificación LEGACY_INTERNAL: infraestructura interna del CMS legacy, nunca fue contenido público",LEGACY_INTERNAL,
,page,php:system/libs/HTTP/Request2/Exception.php,,,INTENTIONALLY_GONE,CONFIRMED,"Clasificación LEGACY_INTERNAL: infraestructura interna del CMS legacy, nunca fue contenido público",LEGACY_INTERNAL,
,page,php:system/libs/HTTP/Request2/LogicException.php,,,INTENTIONALLY_GONE,CONFIRMED,"Clasificación LEGACY_INTERNAL: infraestructura interna del CMS legacy, nunca fue contenido público",LEGACY_INTERNAL,
,page,php:system/libs/HTTP/Request2/MessageException.php,,,INTENTIONALLY_GONE,CONFIRMED,"Clasificación LEGACY_INTERNAL: infraestructura interna del CMS legacy, nunca fue contenido público",LEGACY_INTERNAL,
,page,php:system/libs/HTTP/Request2/MultipartBody.php,,,INTENTIONALLY_GONE,CONFIRMED,"Clasificación LEGACY_INTERNAL: infraestructura interna del CMS legacy, nunca fue contenido público",LEGACY_INTERNAL,
,page,php:system/libs/HTTP/Request2/NotImplementedException.php,,,INTENTIONALLY_GONE,CONFIRMED,"Clasificación LEGACY_INTERNAL: infraestructura interna del CMS legacy, nunca fue contenido público",LEGACY_INTERNAL,
,page,php:system/libs/HTTP/Request2/Observer/Log.php,,,INTENTIONALLY_GONE,CONFIRMED,"Clasificación LEGACY_INTERNAL: infraestructura interna del CMS legacy, nunca fue contenido público",LEGACY_INTERNAL,
,page,php:system/libs/HTTP/Request2/Observer/UncompressingDownload.php,,,INTENTIONALLY_GONE,CONFIRMED,"Clasificación LEGACY_INTERNAL: infraestructura interna del CMS legacy, nunca fue contenido público",LEGACY_INTERNAL,
,page,php:system/libs/HTTP/Request2/Response.php,,,INTENTIONALLY_GONE,CONFIRMED,"Clasificación LEGACY_INTERNAL: infraestructura interna del CMS legacy, nunca fue contenido público",LEGACY_INTERNAL,
,page,php:system/libs/HTTP/Request2/SocketWrapper.php,,,INTENTIONALLY_GONE,CONFIRMED,"Clasificación LEGACY_INTERNAL: infraestructura interna del CMS legacy, nunca fue contenido público",LEGACY_INTERNAL,
,page,php:system/libs/HTTP/Request2/SOCKS5.php,,,INTENTIONALLY_GONE,CONFIRMED,"Clasificación LEGACY_INTERNAL: infraestructura interna del CMS legacy, nunca fue contenido público",LEGACY_INTERNAL,
,page,php:system/libs/HTTP/Request2.php,,,INTENTIONALLY_GONE,CONFIRMED,"Clasificación LEGACY_INTERNAL: infraestructura interna del CMS legacy, nunca fue contenido público",LEGACY_INTERNAL,
,page,php:system/libs/Nusoap/nusoap-respaldo.php,,,INTENTIONALLY_GONE,CONFIRMED,"Clasificación LEGACY_INTERNAL: infraestructura interna del CMS legacy, nunca fue contenido público",LEGACY_INTERNAL,
,page,php:system/libs/Nusoap/nusoap.php,,,INTENTIONALLY_GONE,CONFIRMED,"Clasificación LEGACY_INTERNAL: infraestructura interna del CMS legacy, nunca fue contenido público",LEGACY_INTERNAL,
,page,php:system/libs/Nusoap/nusoap0.7.3.php,,,INTENTIONALLY_GONE,CONFIRMED,"Clasificación LEGACY_INTERNAL: infraestructura interna del CMS legacy, nunca fue contenido público",LEGACY_INTERNAL,
,page,php:system/libs/PEAR/DB/common.php,,,INTENTIONALLY_GONE,CONFIRMED,"Clasificación LEGACY_INTERNAL: infraestructura interna del CMS legacy, nunca fue contenido público",LEGACY_INTERNAL,
,page,php:system/libs/PEAR/DB/dbase.php,,,INTENTIONALLY_GONE,CONFIRMED,"Clasificación LEGACY_INTERNAL: infraestructura interna del CMS legacy, nunca fue contenido público",LEGACY_INTERNAL,
,page,php:system/libs/PEAR/DB/fbsql.php,,,INTENTIONALLY_GONE,CONFIRMED,"Clasificación LEGACY_INTERNAL: infraestructura interna del CMS legacy, nunca fue contenido público",LEGACY_INTERNAL,
,page,php:system/libs/PEAR/DB/ibase.php,,,INTENTIONALLY_GONE,CONFIRMED,"Clasificación LEGACY_INTERNAL: infraestructura interna del CMS legacy, nunca fue contenido público",LEGACY_INTERNAL,
,page,php:system/libs/PEAR/DB/ifx.php,,,INTENTIONALLY_GONE,CONFIRMED,"Clasificación LEGACY_INTERNAL: infraestructura interna del CMS legacy, nunca fue contenido público",LEGACY_INTERNAL,
,page,php:system/libs/PEAR/DB/msql.php,,,INTENTIONALLY_GONE,CONFIRMED,"Clasificación LEGACY_INTERNAL: infraestructura interna del CMS legacy, nunca fue contenido público",LEGACY_INTERNAL,
,page,php:system/libs/PEAR/DB/mssql.php,,,INTENTIONALLY_GONE,CONFIRMED,"Clasificación LEGACY_INTERNAL: infraestructura interna del CMS legacy, nunca fue contenido público",LEGACY_INTERNAL,
,page,php:system/libs/PEAR/DB/mysql.php,,,INTENTIONALLY_GONE,CONFIRMED,"Clasificación LEGACY_INTERNAL: infraestructura interna del CMS legacy, nunca fue contenido público",LEGACY_INTERNAL,
,page,php:system/libs/PEAR/DB/mysqli.php,,,INTENTIONALLY_GONE,CONFIRMED,"Clasificación LEGACY_INTERNAL: infraestructura interna del CMS legacy, nunca fue contenido público",LEGACY_INTERNAL,
,page,php:system/libs/PEAR/DB/oci8.php,,,INTENTIONALLY_GONE,CONFIRMED,"Clasificación LEGACY_INTERNAL: infraestructura interna del CMS legacy, nunca fue contenido público",LEGACY_INTERNAL,
,page,php:system/libs/PEAR/DB/odbc.php,,,INTENTIONALLY_GONE,CONFIRMED,"Clasificación LEGACY_INTERNAL: infraestructura interna del CMS legacy, nunca fue contenido público",LEGACY_INTERNAL,
,page,php:system/libs/PEAR/DB/pgsql.php,,,INTENTIONALLY_GONE,CONFIRMED,"Clasificación LEGACY_INTERNAL: infraestructura interna del CMS legacy, nunca fue contenido público",LEGACY_INTERNAL,
,page,php:system/libs/PEAR/DB/sqlite.php,,,INTENTIONALLY_GONE,CONFIRMED,"Clasificación LEGACY_INTERNAL: infraestructura interna del CMS legacy, nunca fue contenido público",LEGACY_INTERNAL,
,page,php:system/libs/PEAR/DB/storage.php,,,INTENTIONALLY_GONE,CONFIRMED,"Clasificación LEGACY_INTERNAL: infraestructura interna del CMS legacy, nunca fue contenido público",LEGACY_INTERNAL,
,page,php:system/libs/PEAR/DB/sybase.php,,,INTENTIONALLY_GONE,CONFIRMED,"Clasificación LEGACY_INTERNAL: infraestructura interna del CMS legacy, nunca fue contenido público",LEGACY_INTERNAL,
,page,php:system/libs/PEAR/DB.php,,,INTENTIONALLY_GONE,CONFIRMED,"Clasificación LEGACY_INTERNAL: infraestructura interna del CMS legacy, nunca fue contenido público",LEGACY_INTERNAL,
,page,php:system/libs/PEAR/PEAR.php,,,INTENTIONALLY_GONE,CONFIRMED,"Clasificación LEGACY_INTERNAL: infraestructura interna del CMS legacy, nunca fue contenido público",LEGACY_INTERNAL,
,page,php:system/libs/PEAR/Savant3/Error.php,,,INTENTIONALLY_GONE,CONFIRMED,"Clasificación LEGACY_INTERNAL: infraestructura interna del CMS legacy, nunca fue contenido público",LEGACY_INTERNAL,
,page,php:system/libs/PEAR/Savant3/Exception.php,,,INTENTIONALLY_GONE,CONFIRMED,"Clasificación LEGACY_INTERNAL: infraestructura interna del CMS legacy, nunca fue contenido público",LEGACY_INTERNAL,
,page,php:system/libs/PEAR/Savant3/Filter.php,,,INTENTIONALLY_GONE,CONFIRMED,"Clasificación LEGACY_INTERNAL: infraestructura interna del CMS legacy, nunca fue contenido público",LEGACY_INTERNAL,
,page,php:system/libs/PEAR/Savant3/Plugin.php,,,INTENTIONALLY_GONE,CONFIRMED,"Clasificación LEGACY_INTERNAL: infraestructura interna del CMS legacy, nunca fue contenido público",LEGACY_INTERNAL,
,page,php:system/libs/PEAR/Savant3/resources/Savant3_Filter_trimwhitespace.php,,,INTENTIONALLY_GONE,CONFIRMED,"Clasificación LEGACY_INTERNAL: infraestructura interna del CMS legacy, nunca fue contenido público",LEGACY_INTERNAL,
,page,php:system/libs/PEAR/Savant3/resources/Savant3_Plugin_ahref.php,,,INTENTIONALLY_GONE,CONFIRMED,"Clasificación LEGACY_INTERNAL: infraestructura interna del CMS legacy, nunca fue contenido público",LEGACY_INTERNAL,
,page,php:system/libs/PEAR/Savant3/resources/Savant3_Plugin_date.php,,,INTENTIONALLY_GONE,CONFIRMED,"Clasificación LEGACY_INTERNAL: infraestructura interna del CMS legacy, nunca fue contenido público",LEGACY_INTERNAL,
,page,php:system/libs/PEAR/Savant3/resources/Savant3_Plugin_htmlAttribs.php,,,INTENTIONALLY_GONE,CONFIRMED,"Clasificación LEGACY_INTERNAL: infraestructura interna del CMS legacy, nunca fue contenido público",LEGACY_INTERNAL,
,page,php:system/libs/PEAR/Savant3/resources/Savant3_Plugin_image.php,,,INTENTIONALLY_GONE,CONFIRMED,"Clasificación LEGACY_INTERNAL: infraestructura interna del CMS legacy, nunca fue contenido público",LEGACY_INTERNAL,
,page,php:system/libs/PEAR/Savant3.php,,,INTENTIONALLY_GONE,CONFIRMED,"Clasificación LEGACY_INTERNAL: infraestructura interna del CMS legacy, nunca fue contenido público",LEGACY_INTERNAL,
,page,php:system/libs/PhpMailer/class.PHPMailer.php,,,INTENTIONALLY_GONE,CONFIRMED,"Clasificación LEGACY_INTERNAL: infraestructura interna del CMS legacy, nunca fue contenido público",LEGACY_INTERNAL,
,page,php:system/libs/PhpMailer/class.pop3.php,,,INTENTIONALLY_GONE,CONFIRMED,"Clasificación LEGACY_INTERNAL: infraestructura interna del CMS legacy, nunca fue contenido público",LEGACY_INTERNAL,
,page,php:system/libs/PhpMailer/class.smtp.php,,,INTENTIONALLY_GONE,CONFIRMED,"Clasificación LEGACY_INTERNAL: infraestructura interna del CMS legacy, nunca fue contenido público",LEGACY_INTERNAL,
,page,php:system/libs/PhpMailer/language/phpmailer.lang-en.php,,,INTENTIONALLY_GONE,CONFIRMED,"Clasificación LEGACY_INTERNAL: infraestructura interna del CMS legacy, nunca fue contenido público",LEGACY_INTERNAL,
,page,php:system/libs/PhpMailer/language/phpmailer.lang-es.php,,,INTENTIONALLY_GONE,CONFIRMED,"Clasificación LEGACY_INTERNAL: infraestructura interna del CMS legacy, nunca fue contenido público",LEGACY_INTERNAL,
,page,php:system/libs/ProjectLibrary/Access/Categorias.class.php,,,INTENTIONALLY_GONE,CONFIRMED,"Clasificación LEGACY_INTERNAL: infraestructura interna del CMS legacy, nunca fue contenido público",LEGACY_INTERNAL,
,page,php:system/libs/ProjectLibrary/Access/Marcas.class.php,,,INTENTIONALLY_GONE,CONFIRMED,"Clasificación LEGACY_INTERNAL: infraestructura interna del CMS legacy, nunca fue contenido público",LEGACY_INTERNAL,
,page,php:system/libs/ProjectLibrary/Access/Productos.class.php,,,INTENTIONALLY_GONE,CONFIRMED,"Clasificación LEGACY_INTERNAL: infraestructura interna del CMS legacy, nunca fue contenido público",LEGACY_INTERNAL,
,page,php:system/libs/ProjectLibrary/Access/User.class.php,,,INTENTIONALLY_GONE,CONFIRMED,"Clasificación LEGACY_INTERNAL: infraestructura interna del CMS legacy, nunca fue contenido público",LEGACY_INTERNAL,
,page,php:system/libs/ProjectLibrary/Access.class.php,,,INTENTIONALLY_GONE,CONFIRMED,"Clasificación LEGACY_INTERNAL: infraestructura interna del CMS legacy, nunca fue contenido público",LEGACY_INTERNAL,
,page,php:system/libs/ProjectLibrary/Entity/Categorias.class.php,,,INTENTIONALLY_GONE,CONFIRMED,"Clasificación LEGACY_INTERNAL: infraestructura interna del CMS legacy, nunca fue contenido público",LEGACY_INTERNAL,
,page,php:system/libs/ProjectLibrary/Entity/IdsHandler.class.php,,,INTENTIONALLY_GONE,CONFIRMED,"Clasificación LEGACY_INTERNAL: infraestructura interna del CMS legacy, nunca fue contenido público",LEGACY_INTERNAL,
,page,php:system/libs/ProjectLibrary/Entity/ImageHandler.class.php,,,INTENTIONALLY_GONE,CONFIRMED,"Clasificación LEGACY_INTERNAL: infraestructura interna del CMS legacy, nunca fue contenido público",LEGACY_INTERNAL,
,page,php:system/libs/ProjectLibrary/Entity/Marcas.class.php,,,INTENTIONALLY_GONE,CONFIRMED,"Clasificación LEGACY_INTERNAL: infraestructura interna del CMS legacy, nunca fue contenido público",LEGACY_INTERNAL,
,page,php:system/libs/ProjectLibrary/Entity/Productos.class.php,,,INTENTIONALLY_GONE,CONFIRMED,"Clasificación LEGACY_INTERNAL: infraestructura interna del CMS legacy, nunca fue contenido público",LEGACY_INTERNAL,
,page,php:system/libs/ProjectLibrary/Entity/Search/Result/Categorias.class.php,,,INTENTIONALLY_GONE,CONFIRMED,"Clasificación LEGACY_INTERNAL: infraestructura interna del CMS legacy, nunca fue contenido público",LEGACY_INTERNAL,
,page,php:system/libs/ProjectLibrary/Entity/Search/Result/fileManagment.class.php,,,INTENTIONALLY_GONE,CONFIRMED,"Clasificación LEGACY_INTERNAL: infraestructura interna del CMS legacy, nunca fue contenido público",LEGACY_INTERNAL,
,page,php:system/libs/ProjectLibrary/Entity/Search/Result/Marcas.class.php,,,INTENTIONALLY_GONE,CONFIRMED,"Clasificación LEGACY_INTERNAL: infraestructura interna del CMS legacy, nunca fue contenido público",LEGACY_INTERNAL,
,page,php:system/libs/ProjectLibrary/Entity/Search/Result/Productos.class.php,,,INTENTIONALLY_GONE,CONFIRMED,"Clasificación LEGACY_INTERNAL: infraestructura interna del CMS legacy, nunca fue contenido público",LEGACY_INTERNAL,
,page,php:system/libs/ProjectLibrary/Entity/Search/Result/User.class.php,,,INTENTIONALLY_GONE,CONFIRMED,"Clasificación LEGACY_INTERNAL: infraestructura interna del CMS legacy, nunca fue contenido público",LEGACY_INTERNAL,
,page,php:system/libs/ProjectLibrary/Entity/Search/Result.class.php,,,INTENTIONALLY_GONE,CONFIRMED,"Clasificación LEGACY_INTERNAL: infraestructura interna del CMS legacy, nunca fue contenido público",LEGACY_INTERNAL,
,page,php:system/libs/ProjectLibrary/Entity/Search.class.php,,,INTENTIONALLY_GONE,CONFIRMED,"Clasificación LEGACY_INTERNAL: infraestructura interna del CMS legacy, nunca fue contenido público",LEGACY_INTERNAL,
,page,php:system/libs/ProjectLibrary/Entity/User.class.php,,,INTENTIONALLY_GONE,CONFIRMED,"Clasificación LEGACY_INTERNAL: infraestructura interna del CMS legacy, nunca fue contenido público",LEGACY_INTERNAL,
,page,php:system/libs/ProjectLibrary/Entity/Util/CategoriasArray.class.php,,,INTENTIONALLY_GONE,CONFIRMED,"Clasificación LEGACY_INTERNAL: infraestructura interna del CMS legacy, nunca fue contenido público",LEGACY_INTERNAL,
,page,php:system/libs/ProjectLibrary/Entity/Util/CategoriasIterator.class.php,,,INTENTIONALLY_GONE,CONFIRMED,"Clasificación LEGACY_INTERNAL: infraestructura interna del CMS legacy, nunca fue contenido público",LEGACY_INTERNAL,
,page,php:system/libs/ProjectLibrary/Entity/Util/File.class.php,,,INTENTIONALLY_GONE,CONFIRMED,"Clasificación LEGACY_INTERNAL: infraestructura interna del CMS legacy, nunca fue contenido público",LEGACY_INTERNAL,
,page,php:system/libs/ProjectLibrary/Entity/Util/fileManagmentArray.class.php,,,INTENTIONALLY_GONE,CONFIRMED,"Clasificación LEGACY_INTERNAL: infraestructura interna del CMS legacy, nunca fue contenido público",LEGACY_INTERNAL,
,page,php:system/libs/ProjectLibrary/Entity/Util/fileManagmentIterator.class.php,,,INTENTIONALLY_GONE,CONFIRMED,"Clasificación LEGACY_INTERNAL: infraestructura interna del CMS legacy, nunca fue contenido público",LEGACY_INTERNAL,
,page,php:system/libs/ProjectLibrary/Entity/Util/FileUpload.class.php,,,INTENTIONALLY_GONE,CONFIRMED,"Clasificación LEGACY_INTERNAL: infraestructura interna del CMS legacy, nunca fue contenido público",LEGACY_INTERNAL,
,page,php:system/libs/ProjectLibrary/Entity/Util/MarcasArray.class.php,,,INTENTIONALLY_GONE,CONFIRMED,"Clasificación LEGACY_INTERNAL: infraestructura interna del CMS legacy, nunca fue contenido público",LEGACY_INTERNAL,
,page,php:system/libs/ProjectLibrary/Entity/Util/MarcasIterator.class.php,,,INTENTIONALLY_GONE,CONFIRMED,"Clasificación LEGACY_INTERNAL: infraestructura interna del CMS legacy, nunca fue contenido público",LEGACY_INTERNAL,
,page,php:system/libs/ProjectLibrary/Entity/Util/ProductosArray.class.php,,,INTENTIONALLY_GONE,CONFIRMED,"Clasificación LEGACY_INTERNAL: infraestructura interna del CMS legacy, nunca fue contenido público",LEGACY_INTERNAL,
,page,php:system/libs/ProjectLibrary/Entity/Util/ProductosIterator.class.php,,,INTENTIONALLY_GONE,CONFIRMED,"Clasificación LEGACY_INTERNAL: infraestructura interna del CMS legacy, nunca fue contenido público",LEGACY_INTERNAL,
,page,php:system/libs/ProjectLibrary/Entity/Util/UserArray.class.php,,,INTENTIONALLY_GONE,CONFIRMED,"Clasificación LEGACY_INTERNAL: infraestructura interna del CMS legacy, nunca fue contenido público",LEGACY_INTERNAL,
,page,php:system/libs/ProjectLibrary/Entity/Util/UserIterator.class.php,,,INTENTIONALLY_GONE,CONFIRMED,"Clasificación LEGACY_INTERNAL: infraestructura interna del CMS legacy, nunca fue contenido público",LEGACY_INTERNAL,
,page,php:system/libs/ProjectLibrary/Entity.class.php,,,INTENTIONALLY_GONE,CONFIRMED,"Clasificación LEGACY_INTERNAL: infraestructura interna del CMS legacy, nunca fue contenido público",LEGACY_INTERNAL,
,page,php:system/libs/ProjectLibrary/FrontEnd/BO/Authentification.class.php,,,INTENTIONALLY_GONE,CONFIRMED,"Clasificación LEGACY_INTERNAL: infraestructura interna del CMS legacy, nunca fue contenido público",LEGACY_INTERNAL,
,page,php:system/libs/ProjectLibrary/FrontEnd/BO/Categorias.class.php,,,INTENTIONALLY_GONE,CONFIRMED,"Clasificación LEGACY_INTERNAL: infraestructura interna del CMS legacy, nunca fue contenido público",LEGACY_INTERNAL,
,page,php:system/libs/ProjectLibrary/FrontEnd/BO/Marcas.class.php,,,INTENTIONALLY_GONE,CONFIRMED,"Clasificación LEGACY_INTERNAL: infraestructura interna del CMS legacy, nunca fue contenido público",LEGACY_INTERNAL,
,page,php:system/libs/ProjectLibrary/FrontEnd/BO/Productos.class.php,,,INTENTIONALLY_GONE,CONFIRMED,"Clasificación LEGACY_INTERNAL: infraestructura interna del CMS legacy, nunca fue contenido público",LEGACY_INTERNAL,
,page,php:system/libs/ProjectLibrary/FrontEnd/BO/User.class.php,,,INTENTIONALLY_GONE,CONFIRMED,"Clasificación LEGACY_INTERNAL: infraestructura interna del CMS legacy, nunca fue contenido público",LEGACY_INTERNAL,
,page,php:system/libs/ProjectLibrary/FrontEnd/BO.class.php,,,INTENTIONALLY_GONE,CONFIRMED,"Clasificación LEGACY_INTERNAL: infraestructura interna del CMS legacy, nunca fue contenido público",LEGACY_INTERNAL,
,page,php:system/libs/ProjectLibrary/FrontEnd/FO/Authentification.class.php,,,INTENTIONALLY_GONE,CONFIRMED,"Clasificación LEGACY_INTERNAL: infraestructura interna del CMS legacy, nunca fue contenido público",LEGACY_INTERNAL,
,page,php:system/libs/ProjectLibrary/FrontEnd/FO/Categorias.class.php,,,INTENTIONALLY_GONE,CONFIRMED,"Clasificación LEGACY_INTERNAL: infraestructura interna del CMS legacy, nunca fue contenido público",LEGACY_INTERNAL,
,page,php:system/libs/ProjectLibrary/FrontEnd/FO/Marcas.class.php,,,INTENTIONALLY_GONE,CONFIRMED,"Clasificación LEGACY_INTERNAL: infraestructura interna del CMS legacy, nunca fue contenido público",LEGACY_INTERNAL,
,page,php:system/libs/ProjectLibrary/FrontEnd/FO/Productos.class.php,,,INTENTIONALLY_GONE,CONFIRMED,"Clasificación LEGACY_INTERNAL: infraestructura interna del CMS legacy, nunca fue contenido público",LEGACY_INTERNAL,
,page,php:system/libs/ProjectLibrary/FrontEnd/FO.class.php,,,INTENTIONALLY_GONE,CONFIRMED,"Clasificación LEGACY_INTERNAL: infraestructura interna del CMS legacy, nunca fue contenido público",LEGACY_INTERNAL,
,page,php:system/libs/ProjectLibrary/FrontEnd/Util/Session.class.php,,,INTENTIONALLY_GONE,CONFIRMED,"Clasificación LEGACY_INTERNAL: infraestructura interna del CMS legacy, nunca fue contenido público",LEGACY_INTERNAL,
,page,php:system/libs/ProjectLibrary/FrontEnd/Util/UserSession.class.php,,,INTENTIONALLY_GONE,CONFIRMED,"Clasificación LEGACY_INTERNAL: infraestructura interna del CMS legacy, nunca fue contenido público",LEGACY_INTERNAL,
,page,php:system/libs/ProjectLibrary/Savant.class.php,,,INTENTIONALLY_GONE,CONFIRMED,"Clasificación LEGACY_INTERNAL: infraestructura interna del CMS legacy, nunca fue contenido público",LEGACY_INTERNAL,
,page,php:system/libs/ProjectLibrary/Savant_php2.class.php,,,INTENTIONALLY_GONE,CONFIRMED,"Clasificación LEGACY_INTERNAL: infraestructura interna del CMS legacy, nunca fue contenido público",LEGACY_INTERNAL,
,page,php:system/libs/ProjectLibrary/SDO/Categorias.class.php,,,INTENTIONALLY_GONE,CONFIRMED,"Clasificación LEGACY_INTERNAL: infraestructura interna del CMS legacy, nunca fue contenido público",LEGACY_INTERNAL,
,page,php:system/libs/ProjectLibrary/SDO/Core/Application/Categorias.class.php,,,INTENTIONALLY_GONE,CONFIRMED,"Clasificación LEGACY_INTERNAL: infraestructura interna del CMS legacy, nunca fue contenido público",LEGACY_INTERNAL,
,page,php:system/libs/ProjectLibrary/SDO/Core/Application/Exception.class.php,,,INTENTIONALLY_GONE,CONFIRMED,"Clasificación LEGACY_INTERNAL: infraestructura interna del CMS legacy, nunca fue contenido público",LEGACY_INTERNAL,
,page,php:system/libs/ProjectLibrary/SDO/Core/Application/FileManagement.class.php,,,INTENTIONALLY_GONE,CONFIRMED,"Clasificación LEGACY_INTERNAL: infraestructura interna del CMS legacy, nunca fue contenido público",LEGACY_INTERNAL,
,page,php:system/libs/ProjectLibrary/SDO/Core/Application/Form.class.php,,,INTENTIONALLY_GONE,CONFIRMED,"Clasificación LEGACY_INTERNAL: infraestructura interna del CMS legacy, nunca fue contenido público",LEGACY_INTERNAL,
,page,php:system/libs/ProjectLibrary/SDO/Core/Application/IdsHandler.class.php,,,INTENTIONALLY_GONE,CONFIRMED,"Clasificación LEGACY_INTERNAL: infraestructura interna del CMS legacy, nunca fue contenido público",LEGACY_INTERNAL,
,page,php:system/libs/ProjectLibrary/SDO/Core/Application/ImageHandler.class.php,,,INTENTIONALLY_GONE,CONFIRMED,"Clasificación LEGACY_INTERNAL: infraestructura interna del CMS legacy, nunca fue contenido público",LEGACY_INTERNAL,
,page,php:system/libs/ProjectLibrary/SDO/Core/Application/LanguageManager.class.php,,,INTENTIONALLY_GONE,CONFIRMED,"Clasificación LEGACY_INTERNAL: infraestructura interna del CMS legacy, nunca fue contenido público",LEGACY_INTERNAL,
,page,php:system/libs/ProjectLibrary/SDO/Core/Application/Marcas.class.php,,,INTENTIONALLY_GONE,CONFIRMED,"Clasificación LEGACY_INTERNAL: infraestructura interna del CMS legacy, nunca fue contenido público",LEGACY_INTERNAL,
,page,php:system/libs/ProjectLibrary/SDO/Core/Application/Productos.class.php,,,INTENTIONALLY_GONE,CONFIRMED,"Clasificación LEGACY_INTERNAL: infraestructura interna del CMS legacy, nunca fue contenido público",LEGACY_INTERNAL,
,page,php:system/libs/ProjectLibrary/SDO/Core/Application/Security/Authentication.class.php,,,INTENTIONALLY_GONE,CONFIRMED,"Clasificación LEGACY_INTERNAL: infraestructura interna del CMS legacy, nunca fue contenido público",LEGACY_INTERNAL,
,page,php:system/libs/ProjectLibrary/SDO/Core/Application/Security/Exception.class.php,,,INTENTIONALLY_GONE,CONFIRMED,"Clasificación LEGACY_INTERNAL: infraestructura interna del CMS legacy, nunca fue contenido público",LEGACY_INTERNAL,
,page,php:system/libs/ProjectLibrary/SDO/Core/Application/User.class.php,,,INTENTIONALLY_GONE,CONFIRMED,"Clasificación LEGACY_INTERNAL: infraestructura interna del CMS legacy, nunca fue contenido público",LEGACY_INTERNAL,
,page,php:system/libs/ProjectLibrary/SDO/Core/Application.class.php,,,INTENTIONALLY_GONE,CONFIRMED,"Clasificación LEGACY_INTERNAL: infraestructura interna del CMS legacy, nunca fue contenido público",LEGACY_INTERNAL,
,page,php:system/libs/ProjectLibrary/SDO/Core/DAO/Categorias.class.php,,,INTENTIONALLY_GONE,CONFIRMED,"Clasificación LEGACY_INTERNAL: infraestructura interna del CMS legacy, nunca fue contenido público",LEGACY_INTERNAL,
,page,php:system/libs/ProjectLibrary/SDO/Core/DAO/File.class.php,,,INTENTIONALLY_GONE,CONFIRMED,"Clasificación LEGACY_INTERNAL: infraestructura interna del CMS legacy, nunca fue contenido público",LEGACY_INTERNAL,
,page,php:system/libs/ProjectLibrary/SDO/Core/DAO/Marcas.class.php,,,INTENTIONALLY_GONE,CONFIRMED,"Clasificación LEGACY_INTERNAL: infraestructura interna del CMS legacy, nunca fue contenido público",LEGACY_INTERNAL,
,page,php:system/libs/ProjectLibrary/SDO/Core/DAO/Permission.class.php,,,INTENTIONALLY_GONE,CONFIRMED,"Clasificación LEGACY_INTERNAL: infraestructura interna del CMS legacy, nunca fue contenido público",LEGACY_INTERNAL,
,page,php:system/libs/ProjectLibrary/SDO/Core/DAO/Productos.class.php,,,INTENTIONALLY_GONE,CONFIRMED,"Clasificación LEGACY_INTERNAL: infraestructura interna del CMS legacy, nunca fue contenido público",LEGACY_INTERNAL,
,page,php:system/libs/ProjectLibrary/SDO/Core/DAO/User.class.php,,,INTENTIONALLY_GONE,CONFIRMED,"Clasificación LEGACY_INTERNAL: infraestructura interna del CMS legacy, nunca fue contenido público",LEGACY_INTERNAL,
,page,php:system/libs/ProjectLibrary/SDO/Core/DAO.class.php,,,INTENTIONALLY_GONE,CONFIRMED,"Clasificación LEGACY_INTERNAL: infraestructura interna del CMS legacy, nunca fue contenido público",LEGACY_INTERNAL,
,page,php:system/libs/ProjectLibrary/SDO/Core/DB/Exception.class.php,,,INTENTIONALLY_GONE,CONFIRMED,"Clasificación LEGACY_INTERNAL: infraestructura interna del CMS legacy, nunca fue contenido público",LEGACY_INTERNAL,
,page,php:system/libs/ProjectLibrary/SDO/Core/DB.class.php,,,INTENTIONALLY_GONE,CONFIRMED,"Clasificación LEGACY_INTERNAL: infraestructura interna del CMS legacy, nunca fue contenido público",LEGACY_INTERNAL,
,page,php:system/libs/ProjectLibrary/SDO/Core/IO/FileApplication.class.php,,,INTENTIONALLY_GONE,CONFIRMED,"Clasificación LEGACY_INTERNAL: infraestructura interna del CMS legacy, nunca fue contenido público",LEGACY_INTERNAL,
,page,php:system/libs/ProjectLibrary/SDO/Core/Util/EntityManager.class.php,,,INTENTIONALLY_GONE,CONFIRMED,"Clasificación LEGACY_INTERNAL: infraestructura interna del CMS legacy, nunca fue contenido público",LEGACY_INTERNAL,
,page,php:system/libs/ProjectLibrary/SDO/Core/Validator/Categorias.class.php,,,INTENTIONALLY_GONE,CONFIRMED,"Clasificación LEGACY_INTERNAL: infraestructura interna del CMS legacy, nunca fue contenido público",LEGACY_INTERNAL,
,page,php:system/libs/ProjectLibrary/SDO/Core/Validator/Exception.class.php,,,INTENTIONALLY_GONE,CONFIRMED,"Clasificación LEGACY_INTERNAL: infraestructura interna del CMS legacy, nunca fue contenido público",LEGACY_INTERNAL,
,page,php:system/libs/ProjectLibrary/SDO/Core/Validator/File/Excel.class.php,,,INTENTIONALLY_GONE,CONFIRMED,"Clasificación LEGACY_INTERNAL: infraestructura interna del CMS legacy, nunca fue contenido público",LEGACY_INTERNAL,
,page,php:system/libs/ProjectLibrary/SDO/Core/Validator/File/Image.class.php,,,INTENTIONALLY_GONE,CONFIRMED,"Clasificación LEGACY_INTERNAL: infraestructura interna del CMS legacy, nunca fue contenido público",LEGACY_INTERNAL,
,page,php:system/libs/ProjectLibrary/SDO/Core/Validator/File/MP3.class.php,,,INTENTIONALLY_GONE,CONFIRMED,"Clasificación LEGACY_INTERNAL: infraestructura interna del CMS legacy, nunca fue contenido público",LEGACY_INTERNAL,
,page,php:system/libs/ProjectLibrary/SDO/Core/Validator/File/Pdf.class.php,,,INTENTIONALLY_GONE,CONFIRMED,"Clasificación LEGACY_INTERNAL: infraestructura interna del CMS legacy, nunca fue contenido público",LEGACY_INTERNAL,
,page,php:system/libs/ProjectLibrary/SDO/Core/Validator/File/Word.class.php,,,INTENTIONALLY_GONE,CONFIRMED,"Clasificación LEGACY_INTERNAL: infraestructura interna del CMS legacy, nunca fue contenido público",LEGACY_INTERNAL,
,page,php:system/libs/ProjectLibrary/SDO/Core/Validator/File.class.php,,,INTENTIONALLY_GONE,CONFIRMED,"Clasificación LEGACY_INTERNAL: infraestructura interna del CMS legacy, nunca fue contenido público",LEGACY_INTERNAL,
,page,php:system/libs/ProjectLibrary/SDO/Core/Validator/Marcas.class.php,,,INTENTIONALLY_GONE,CONFIRMED,"Clasificación LEGACY_INTERNAL: infraestructura interna del CMS legacy, nunca fue contenido público",LEGACY_INTERNAL,
,page,php:system/libs/ProjectLibrary/SDO/Core/Validator/Productos.class.php,,,INTENTIONALLY_GONE,CONFIRMED,"Clasificación LEGACY_INTERNAL: infraestructura interna del CMS legacy, nunca fue contenido público",LEGACY_INTERNAL,
,page,php:system/libs/ProjectLibrary/SDO/Core/Validator/Test/UniqueClusterEmail.class.php,,,INTENTIONALLY_GONE,CONFIRMED,"Clasificación LEGACY_INTERNAL: infraestructura interna del CMS legacy, nunca fue contenido público",LEGACY_INTERNAL,
,page,php:system/libs/ProjectLibrary/SDO/Core/Validator/Test/UniqueProfileEmail.class.php,,,INTENTIONALLY_GONE,CONFIRMED,"Clasificación LEGACY_INTERNAL: infraestructura interna del CMS legacy, nunca fue contenido público",LEGACY_INTERNAL,
,page,php:system/libs/ProjectLibrary/SDO/Core/Validator/User.class.php,,,INTENTIONALLY_GONE,CONFIRMED,"Clasificación LEGACY_INTERNAL: infraestructura interna del CMS legacy, nunca fue contenido público",LEGACY_INTERNAL,
,page,php:system/libs/ProjectLibrary/SDO/Core/Validator.class.php,,,INTENTIONALLY_GONE,CONFIRMED,"Clasificación LEGACY_INTERNAL: infraestructura interna del CMS legacy, nunca fue contenido público",LEGACY_INTERNAL,
,page,php:system/libs/ProjectLibrary/SDO/IdHandler.class.php,,,INTENTIONALLY_GONE,CONFIRMED,"Clasificación LEGACY_INTERNAL: infraestructura interna del CMS legacy, nunca fue contenido público",LEGACY_INTERNAL,
,page,php:system/libs/ProjectLibrary/SDO/ImageHandler.class.php,,,INTENTIONALLY_GONE,CONFIRMED,"Clasificación LEGACY_INTERNAL: infraestructura interna del CMS legacy, nunca fue contenido público",LEGACY_INTERNAL,
,page,php:system/libs/ProjectLibrary/SDO/Marcas.class.php,,,INTENTIONALLY_GONE,CONFIRMED,"Clasificación LEGACY_INTERNAL: infraestructura interna del CMS legacy, nunca fue contenido público",LEGACY_INTERNAL,
,page,php:system/libs/ProjectLibrary/SDO/Productos.class.php,,,INTENTIONALLY_GONE,CONFIRMED,"Clasificación LEGACY_INTERNAL: infraestructura interna del CMS legacy, nunca fue contenido público",LEGACY_INTERNAL,
,page,php:system/libs/ProjectLibrary/SDO/Security.class.php,,,INTENTIONALLY_GONE,CONFIRMED,"Clasificación LEGACY_INTERNAL: infraestructura interna del CMS legacy, nunca fue contenido público",LEGACY_INTERNAL,
,page,php:system/libs/ProjectLibrary/SDO/User.class.php,,,INTENTIONALLY_GONE,CONFIRMED,"Clasificación LEGACY_INTERNAL: infraestructura interna del CMS legacy, nunca fue contenido público",LEGACY_INTERNAL,
,page,php:system/libs/Zend/Exception.php,,,INTENTIONALLY_GONE,CONFIRMED,"Clasificación LEGACY_INTERNAL: infraestructura interna del CMS legacy, nunca fue contenido público",LEGACY_INTERNAL,
,page,php:system/libs/Zend/Loader/Exception.php,,,INTENTIONALLY_GONE,CONFIRMED,"Clasificación LEGACY_INTERNAL: infraestructura interna del CMS legacy, nunca fue contenido público",LEGACY_INTERNAL,
,page,php:system/libs/Zend/Loader/PluginLoader/Exception.php,,,INTENTIONALLY_GONE,CONFIRMED,"Clasificación LEGACY_INTERNAL: infraestructura interna del CMS legacy, nunca fue contenido público",LEGACY_INTERNAL,
,page,php:system/libs/Zend/Loader/PluginLoader/Interface.php,,,INTENTIONALLY_GONE,CONFIRMED,"Clasificación LEGACY_INTERNAL: infraestructura interna del CMS legacy, nunca fue contenido público",LEGACY_INTERNAL,
,page,php:system/libs/Zend/Loader/PluginLoader.php,,,INTENTIONALLY_GONE,CONFIRMED,"Clasificación LEGACY_INTERNAL: infraestructura interna del CMS legacy, nunca fue contenido público",LEGACY_INTERNAL,
,page,php:system/libs/Zend/Loader.php,,,INTENTIONALLY_GONE,CONFIRMED,"Clasificación LEGACY_INTERNAL: infraestructura interna del CMS legacy, nunca fue contenido público",LEGACY_INTERNAL,
,page,php:system/libs/Zend/Locale/Data/Translation.php,,,INTENTIONALLY_GONE,CONFIRMED,"Clasificación LEGACY_INTERNAL: infraestructura interna del CMS legacy, nunca fue contenido público",LEGACY_INTERNAL,
,page,php:system/libs/Zend/Locale/Data.php,,,INTENTIONALLY_GONE,CONFIRMED,"Clasificación LEGACY_INTERNAL: infraestructura interna del CMS legacy, nunca fue contenido público",LEGACY_INTERNAL,
,page,php:system/libs/Zend/Locale/Exception.php,,,INTENTIONALLY_GONE,CONFIRMED,"Clasificación LEGACY_INTERNAL: infraestructura interna del CMS legacy, nunca fue contenido público",LEGACY_INTERNAL,
,page,php:system/libs/Zend/Locale/Format.php,,,INTENTIONALLY_GONE,CONFIRMED,"Clasificación LEGACY_INTERNAL: infraestructura interna del CMS legacy, nunca fue contenido público",LEGACY_INTERNAL,
,page,php:system/libs/Zend/Locale/Math/Exception.php,,,INTENTIONALLY_GONE,CONFIRMED,"Clasificación LEGACY_INTERNAL: infraestructura interna del CMS legacy, nunca fue contenido público",LEGACY_INTERNAL,
,page,php:system/libs/Zend/Locale/Math/PhpMath.php,,,INTENTIONALLY_GONE,CONFIRMED,"Clasificación LEGACY_INTERNAL: infraestructura interna del CMS legacy, nunca fue contenido público",LEGACY_INTERNAL,
,page,php:system/libs/Zend/Locale/Math.php,,,INTENTIONALLY_GONE,CONFIRMED,"Clasificación LEGACY_INTERNAL: infraestructura interna del CMS legacy, nunca fue contenido público",LEGACY_INTERNAL,
,page,php:system/libs/Zend/Locale.php,,,INTENTIONALLY_GONE,CONFIRMED,"Clasificación LEGACY_INTERNAL: infraestructura interna del CMS legacy, nunca fue contenido público",LEGACY_INTERNAL,
,page,php:system/libs/Zend/Translate/Adapter/Array.php,,,INTENTIONALLY_GONE,CONFIRMED,"Clasificación LEGACY_INTERNAL: infraestructura interna del CMS legacy, nunca fue contenido público",LEGACY_INTERNAL,
,page,php:system/libs/Zend/Translate/Adapter/Csv.php,,,INTENTIONALLY_GONE,CONFIRMED,"Clasificación LEGACY_INTERNAL: infraestructura interna del CMS legacy, nunca fue contenido público",LEGACY_INTERNAL,
,page,php:system/libs/Zend/Translate/Adapter/Gettext.php,,,INTENTIONALLY_GONE,CONFIRMED,"Clasificación LEGACY_INTERNAL: infraestructura interna del CMS legacy, nunca fue contenido público",LEGACY_INTERNAL,
,page,php:system/libs/Zend/Translate/Adapter/Qt.php,,,INTENTIONALLY_GONE,CONFIRMED,"Clasificación LEGACY_INTERNAL: infraestructura interna del CMS legacy, nunca fue contenido público",LEGACY_INTERNAL,
,page,php:system/libs/Zend/Translate/Adapter/Tbx.php,,,INTENTIONALLY_GONE,CONFIRMED,"Clasificación LEGACY_INTERNAL: infraestructura interna del CMS legacy, nunca fue contenido público",LEGACY_INTERNAL,
,page,php:system/libs/Zend/Translate/Adapter/Tmx.php,,,INTENTIONALLY_GONE,CONFIRMED,"Clasificación LEGACY_INTERNAL: infraestructura interna del CMS legacy, nunca fue contenido público",LEGACY_INTERNAL,
,page,php:system/libs/Zend/Translate/Adapter/Xliff.php,,,INTENTIONALLY_GONE,CONFIRMED,"Clasificación LEGACY_INTERNAL: infraestructura interna del CMS legacy, nunca fue contenido público",LEGACY_INTERNAL,
,page,php:system/libs/Zend/Translate/Adapter/XmlTm.php,,,INTENTIONALLY_GONE,CONFIRMED,"Clasificación LEGACY_INTERNAL: infraestructura interna del CMS legacy, nunca fue contenido público",LEGACY_INTERNAL,
,page,php:system/libs/Zend/Translate/Adapter.php,,,INTENTIONALLY_GONE,CONFIRMED,"Clasificación LEGACY_INTERNAL: infraestructura interna del CMS legacy, nunca fue contenido público",LEGACY_INTERNAL,
,page,php:system/libs/Zend/Translate/Exception.php,,,INTENTIONALLY_GONE,CONFIRMED,"Clasificación LEGACY_INTERNAL: infraestructura interna del CMS legacy, nunca fue contenido público",LEGACY_INTERNAL,
,page,php:system/libs/Zend/Translate.php,,,INTENTIONALLY_GONE,CONFIRMED,"Clasificación LEGACY_INTERNAL: infraestructura interna del CMS legacy, nunca fue contenido público",LEGACY_INTERNAL,
,page,php:system/Marcas.php,,,INTENTIONALLY_GONE,CONFIRMED,"Clasificación LEGACY_INTERNAL: infraestructura interna del CMS legacy, nunca fue contenido público",LEGACY_INTERNAL,
,page,php:system/Productos.php,,,INTENTIONALLY_GONE,CONFIRMED,"Clasificación LEGACY_INTERNAL: infraestructura interna del CMS legacy, nunca fue contenido público",LEGACY_INTERNAL,
,page,php:system/view/AudioMain.php,,,INTENTIONALLY_GONE,CONFIRMED,"Clasificación LEGACY_INTERNAL: infraestructura interna del CMS legacy, nunca fue contenido público",LEGACY_INTERNAL,
,page,php:system/view/AudioMultimedia.php,,,INTENTIONALLY_GONE,CONFIRMED,"Clasificación LEGACY_INTERNAL: infraestructura interna del CMS legacy, nunca fue contenido público",LEGACY_INTERNAL,
,page,php:system/view/AudioView.php,,,INTENTIONALLY_GONE,CONFIRMED,"Clasificación LEGACY_INTERNAL: infraestructura interna del CMS legacy, nunca fue contenido público",LEGACY_INTERNAL,
,page,php:system/view/BenefitsMain.php,,,INTENTIONALLY_GONE,CONFIRMED,"Clasificación LEGACY_INTERNAL: infraestructura interna del CMS legacy, nunca fue contenido público",LEGACY_INTERNAL,
,page,php:system/view/BenefitsView.php,,,INTENTIONALLY_GONE,CONFIRMED,"Clasificación LEGACY_INTERNAL: infraestructura interna del CMS legacy, nunca fue contenido público",LEGACY_INTERNAL,
,page,php:system/view/CategoriasMain.php,,,INTENTIONALLY_GONE,CONFIRMED,"Clasificación LEGACY_INTERNAL: infraestructura interna del CMS legacy, nunca fue contenido público",LEGACY_INTERNAL,
,page,php:system/view/CategoriasView.php,,,INTENTIONALLY_GONE,CONFIRMED,"Clasificación LEGACY_INTERNAL: infraestructura interna del CMS legacy, nunca fue contenido público",LEGACY_INTERNAL,
,page,php:system/view/ClusterMain.php,,,INTENTIONALLY_GONE,CONFIRMED,"Clasificación LEGACY_INTERNAL: infraestructura interna del CMS legacy, nunca fue contenido público",LEGACY_INTERNAL,
,page,php:system/view/ClusterView.php,,,INTENTIONALLY_GONE,CONFIRMED,"Clasificación LEGACY_INTERNAL: infraestructura interna del CMS legacy, nunca fue contenido público",LEGACY_INTERNAL,
,page,php:system/view/InventarioLogMain.php,,,INTENTIONALLY_GONE,CONFIRMED,"Clasificación LEGACY_INTERNAL: infraestructura interna del CMS legacy, nunca fue contenido público",LEGACY_INTERNAL,
,page,php:system/view/InventarioLogView.php,,,INTENTIONALLY_GONE,CONFIRMED,"Clasificación LEGACY_INTERNAL: infraestructura interna del CMS legacy, nunca fue contenido público",LEGACY_INTERNAL,
,page,php:system/view/InventarioMain.php,,,INTENTIONALLY_GONE,CONFIRMED,"Clasificación LEGACY_INTERNAL: infraestructura interna del CMS legacy, nunca fue contenido público",LEGACY_INTERNAL,
,page,php:system/view/InventarioSucursalMain.php,,,INTENTIONALLY_GONE,CONFIRMED,"Clasificación LEGACY_INTERNAL: infraestructura interna del CMS legacy, nunca fue contenido público",LEGACY_INTERNAL,
,page,php:system/view/InventarioSucursalView.php,,,INTENTIONALLY_GONE,CONFIRMED,"Clasificación LEGACY_INTERNAL: infraestructura interna del CMS legacy, nunca fue contenido público",LEGACY_INTERNAL,
,page,php:system/view/InventarioView.php,,,INTENTIONALLY_GONE,CONFIRMED,"Clasificación LEGACY_INTERNAL: infraestructura interna del CMS legacy, nunca fue contenido público",LEGACY_INTERNAL,
,page,php:system/view/LogMain.php,,,INTENTIONALLY_GONE,CONFIRMED,"Clasificación LEGACY_INTERNAL: infraestructura interna del CMS legacy, nunca fue contenido público",LEGACY_INTERNAL,
,page,php:system/view/LogView.php,,,INTENTIONALLY_GONE,CONFIRMED,"Clasificación LEGACY_INTERNAL: infraestructura interna del CMS legacy, nunca fue contenido público",LEGACY_INTERNAL,
,page,php:system/view/MarcasMain.php,,,INTENTIONALLY_GONE,CONFIRMED,"Clasificación LEGACY_INTERNAL: infraestructura interna del CMS legacy, nunca fue contenido público",LEGACY_INTERNAL,
,page,php:system/view/MarcasView.php,,,INTENTIONALLY_GONE,CONFIRMED,"Clasificación LEGACY_INTERNAL: infraestructura interna del CMS legacy, nunca fue contenido público",LEGACY_INTERNAL,
,page,php:system/view/ProductosMain.php,,,INTENTIONALLY_GONE,CONFIRMED,"Clasificación LEGACY_INTERNAL: infraestructura interna del CMS legacy, nunca fue contenido público",LEGACY_INTERNAL,
,page,php:system/view/ProductosView.php,,,INTENTIONALLY_GONE,CONFIRMED,"Clasificación LEGACY_INTERNAL: infraestructura interna del CMS legacy, nunca fue contenido público",LEGACY_INTERNAL,
,page,php:system/view/ReporteMain.php,,,INTENTIONALLY_GONE,CONFIRMED,"Clasificación LEGACY_INTERNAL: infraestructura interna del CMS legacy, nunca fue contenido público",LEGACY_INTERNAL,
,page,php:system/view/ReporteView.php,,,INTENTIONALLY_GONE,CONFIRMED,"Clasificación LEGACY_INTERNAL: infraestructura interna del CMS legacy, nunca fue contenido público",LEGACY_INTERNAL,
,page,php:system/view/RequisicionesMain.php,,,INTENTIONALLY_GONE,CONFIRMED,"Clasificación LEGACY_INTERNAL: infraestructura interna del CMS legacy, nunca fue contenido público",LEGACY_INTERNAL,
,page,php:system/view/RequisicionesView.php,,,INTENTIONALLY_GONE,CONFIRMED,"Clasificación LEGACY_INTERNAL: infraestructura interna del CMS legacy, nunca fue contenido público",LEGACY_INTERNAL,
,page,php:system/view/SucursalesMain.php,,,INTENTIONALLY_GONE,CONFIRMED,"Clasificación LEGACY_INTERNAL: infraestructura interna del CMS legacy, nunca fue contenido público",LEGACY_INTERNAL,
,page,php:system/view/SucursalesView.php,,,INTENTIONALLY_GONE,CONFIRMED,"Clasificación LEGACY_INTERNAL: infraestructura interna del CMS legacy, nunca fue contenido público",LEGACY_INTERNAL,
