url,source,source_file,content_type,corresponding_content,confidence,target_strategy,notes
https://puertasyserviciosindustriales.com/1500-revolving-door.php,DIRECT_FILE,1500-revolving-door.php,PRODUCT_PAGE,1500-revolving-door.php,CONFIRMED,PRESERVE,"Análisis estático; HTTP e indexación real UNKNOWN; title genérico heredado; CONFIRMED prueba evidencia local, no respuesta HTTP"
https://puertasyserviciosindustriales.com/accesorios.php,DIRECT_FILE,accesorios.php,PRODUCT_PAGE,accesorios.php,CONFIRMED,PRESERVE,"Análisis estático; HTTP e indexación real UNKNOWN; CONFIRMED prueba evidencia local, no respuesta HTTP; Otra evidencia: INTERNAL_LINK doorlock.php:56; Otra evidencia: INTERNAL_LINK doorlock.php:61; Otra evidencia: INTERNAL_LINK doorlock.php:65; Otra evidencia: INTERNAL_LINK receptor-para-control-vehiculos.php:91; Otra evidencia: INTERNAL_LINK receptor-para-control-vehiculos.php:96; Otra evidencia: INTERNAL_LINK receptor-para-control-vehiculos.php:100"
https://puertasyserviciosindustriales.com/accesspro-fs1000speed.php,DIRECT_FILE,accesspro-fs1000speed.php,PRODUCT_PAGE,accesspro-fs1000speed.php,CONFIRMED,PRESERVE,"Análisis estático; HTTP e indexación real UNKNOWN; CONFIRMED prueba evidencia local, no respuesta HTTP; Otra evidencia: INTERNAL_LINK operadores-para-puerta-abatible.php:33; Otra evidencia: INTERNAL_LINK operadores-para-puerta-abatible.php:38; Otra evidencia: INTERNAL_LINK operadores-para-puerta-abatible.php:42; Otra evidencia: INTERNAL_LINK operadores-para-puertas-ascendentes.php:33; Otra evidencia: INTERNAL_LINK operadores-para-puertas-ascendentes.php:38; Otra evidencia: INTERNAL_LINK operadores-para-puertas-ascendentes.php:42; Otra evidencia: INTERNAL_LINK operadores-para-puertas-corredizas-residenciales.php:33; Otra evidencia: INTERNAL_LINK operadores-para-puertas-corredizas-residenciales.php:38; Otra evidencia: INTERNAL_LINK operadores-para-puertas-corredizas-residenciales.php:42"
https://puertasyserviciosindustriales.com/automatismos-para-cancelas-cubic.php,DIRECT_FILE,automatismos-para-cancelas-cubic.php,PRODUCT_PAGE,automatismos-para-cancelas-cubic.php,CONFIRMED,PRESERVE,"Análisis estático; HTTP e indexación real UNKNOWN; title genérico heredado; CONFIRMED prueba evidencia local, no respuesta HTTP"
https://puertasyserviciosindustriales.com/barreras-estacionamiento-moovi50rm.php,DIRECT_FILE,barreras-estacionamiento-moovi50rm.php,PRODUCT_PAGE,barreras-estacionamiento-moovi50rm.php,CONFIRMED,PRESERVE,"Análisis estático; HTTP e indexación real UNKNOWN; CONFIRMED prueba evidencia local, no respuesta HTTP; Otra evidencia: INTERNAL_LINK bft-resp.php:30; Otra evidencia: INTERNAL_LINK bft-resp.php:35; Otra evidencia: INTERNAL_LINK bft-resp.php:39; Otra evidencia: INTERNAL_LINK bft.php:37; Otra evidencia: INTERNAL_LINK bft.php:42; Otra evidencia: INTERNAL_LINK bft.php:46; Otra evidencia: INTERNAL_LINK blue-giant.php:126; Otra evidencia: INTERNAL_LINK blue-giant.php:131; Otra evidencia: INTERNAL_LINK blue-giant.php:135; Otra evidencia: INTERNAL_LINK centros-comerciales.php:323; Otra evidencia: INTERNAL_LINK centros-comerciales.php:328; Otra evidencia: INTERNAL_LINK centros-comerciales.php:332; Otra evidencia: INTERNAL_LINK estacionamientos.php:107; Otra evidencia: INTERNAL_LINK estacionamientos.php:112; Otra evidencia: INTERNAL_LINK estacionamientos.php:116; Otra evidencia: INTERNAL_LINK fraccionamientos-y-condominios.php:107; Otra evidencia: INTERNAL_LINK fraccionamientos-y-condominios.php:112; Otra evidencia: INTERNAL_LINK fraccionamientos-y-condominios.php:116"
https://puertasyserviciosindustriales.com/bft-resp.php,DIRECT_FILE,bft-resp.php,BRAND_PAGE,bft-resp.php,CONFIRMED,PRESERVE,"Análisis estático; HTTP e indexación real UNKNOWN; title genérico heredado; CONFIRMED prueba evidencia local, no respuesta HTTP"
https://puertasyserviciosindustriales.com/bft.php,DIRECT_FILE,bft.php,BRAND_PAGE,bft.php,CONFIRMED,PRESERVE,"Análisis estático; HTTP e indexación real UNKNOWN; CONFIRMED prueba evidencia local, no respuesta HTTP; Otra evidencia: INTERNAL_LINK iconos-marcas.php:106; Otra evidencia: INTERNAL_LINK index-resp.php:86; Otra evidencia: INTERNAL_LINK links-menu-marcas.php:15; Otra evidencia: INTERNAL_LINK marcas.php:133"
https://puertasyserviciosindustriales.com/bix-al-antena-externa-433-mhz.php,DIRECT_FILE,bix-al-antena-externa-433-mhz.php,PRODUCT_PAGE,bix-al-antena-externa-433-mhz.php,CONFIRMED,PRESERVE,"Análisis estático; HTTP e indexación real UNKNOWN; title genérico heredado; CONFIRMED prueba evidencia local, no respuesta HTTP"
https://puertasyserviciosindustriales.com/blindadas.php,DIRECT_FILE,blindadas.php,CATEGORY_PAGE,blindadas.php,CONFIRMED,PRESERVE,"Análisis estático; HTTP e indexación real UNKNOWN; CONFIRMED prueba evidencia local, no respuesta HTTP; Otra evidencia: INTERNAL_LINK index-estatico.php:252"
https://puertasyserviciosindustriales.com/blue-giant.php,DIRECT_FILE,blue-giant.php,BRAND_PAGE,blue-giant.php,CONFIRMED,PRESERVE,"Análisis estático; HTTP e indexación real UNKNOWN; CONFIRMED prueba evidencia local, no respuesta HTTP; Otra evidencia: INTERNAL_LINK iconos-marcas.php:34; Otra evidencia: INTERNAL_LINK links-menu-marcas.php:7; Otra evidencia: INTERNAL_LINK marcas.php:61"
https://puertasyserviciosindustriales.com/categorias.php,DIRECT_FILE,categorias.php,UTILITY,categorias.php,CONFIRMED,PRESERVE,"Análisis estático; HTTP e indexación real UNKNOWN; Controlador; metadatos según parámetros; código posterior a die excluido; CONFIRMED prueba evidencia local, no respuesta HTTP"
https://puertasyserviciosindustriales.com/centros-comerciales.php,DIRECT_FILE,centros-comerciales.php,CATEGORY_PAGE,centros-comerciales.php,CONFIRMED,PRESERVE,"Análisis estático; HTTP e indexación real UNKNOWN; CONFIRMED prueba evidencia local, no respuesta HTTP; Otra evidencia: INTERNAL_LINK comercial.php:69; Otra evidencia: INTERNAL_LINK comercial.php:74; Otra evidencia: INTERNAL_LINK comercial.php:78; Otra evidencia: INTERNAL_LINK index-estatico.php:168"
https://puertasyserviciosindustriales.com/clopay.php,DIRECT_FILE,clopay.php,BRAND_PAGE,clopay.php,CONFIRMED,PRESERVE,"Análisis estático; HTTP e indexación real UNKNOWN; CONFIRMED prueba evidencia local, no respuesta HTTP; Otra evidencia: INTERNAL_LINK iconos-marcas.php:25; Otra evidencia: INTERNAL_LINK links-menu-marcas.php:6; Otra evidencia: INTERNAL_LINK marcas.php:52"
https://puertasyserviciosindustriales.com/coleccion-classic.php,DIRECT_FILE,coleccion-classic.php,PRODUCT_PAGE,coleccion-classic.php,CONFIRMED,PRESERVE,"Análisis estático; HTTP e indexación real UNKNOWN; CONFIRMED prueba evidencia local, no respuesta HTTP; Otra evidencia: INTERNAL_LINK overhead-door.php:148; Otra evidencia: INTERNAL_LINK overhead-door.php:153; Otra evidencia: INTERNAL_LINK overhead-door.php:157; Otra evidencia: INTERNAL_LINK puertasresidenciales.php:51; Otra evidencia: INTERNAL_LINK puertasresidenciales.php:56; Otra evidencia: INTERNAL_LINK puertasresidenciales.php:60"
https://puertasyserviciosindustriales.com/coleccion-modern-steel.php,DIRECT_FILE,coleccion-modern-steel.php,PRODUCT_PAGE,coleccion-modern-steel.php,CONFIRMED,PRESERVE,"Análisis estático; HTTP e indexación real UNKNOWN; CONFIRMED prueba evidencia local, no respuesta HTTP; Otra evidencia: INTERNAL_LINK clopay.php:92; Otra evidencia: INTERNAL_LINK clopay.php:97; Otra evidencia: INTERNAL_LINK clopay.php:101; Otra evidencia: INTERNAL_LINK overhead-door.php:94; Otra evidencia: INTERNAL_LINK overhead-door.php:99; Otra evidencia: INTERNAL_LINK overhead-door.php:103; Otra evidencia: INTERNAL_LINK puertasresidenciales.php:33; Otra evidencia: INTERNAL_LINK puertasresidenciales.php:38; Otra evidencia: INTERNAL_LINK puertasresidenciales.php:42; Otra evidencia: INTERNAL_LINK wayne-dalton.php:94; Otra evidencia: INTERNAL_LINK wayne-dalton.php:99; Otra evidencia: INTERNAL_LINK wayne-dalton.php:103"
https://puertasyserviciosindustriales.com/com-programadores-digitales-y-rotativos.php,DIRECT_FILE,com-programadores-digitales-y-rotativos.php,PRODUCT_PAGE,com-programadores-digitales-y-rotativos.php,CONFIRMED,PRESERVE,"Análisis estático; HTTP e indexación real UNKNOWN; title genérico heredado; CONFIRMED prueba evidencia local, no respuesta HTTP"
https://puertasyserviciosindustriales.com/comercial.php,DIRECT_FILE,comercial.php,CATEGORY_PAGE,comercial.php,CONFIRMED,PRESERVE,"Análisis estático; HTTP e indexación real UNKNOWN; CONFIRMED prueba evidencia local, no respuesta HTTP; Otra evidencia: INTERNAL_LINK footer.php:41; Otra evidencia: INTERNAL_LINK header.php:85; Otra evidencia: INTERNAL_LINK index-estatico.php:172; Otra evidencia: INTERNAL_LINK links-menu.php:4"
https://puertasyserviciosindustriales.com/contacto.php,DIRECT_FILE,contacto.php,CONTACT_PAGE,contacto.php,CONFIRMED,PRESERVE,"Análisis estático; HTTP e indexación real UNKNOWN; title genérico heredado; CONFIRMED prueba evidencia local, no respuesta HTTP; Otra evidencia: INTERNAL_LINK header.php:137; Otra evidencia: INTERNAL_LINK headerv1.php:93; Otra evidencia: INTERNAL_LINK links-menu-marcas.php:21; Otra evidencia: INTERNAL_LINK links-menu-marcasv1.php:18; Otra evidencia: INTERNAL_LINK links-menu.php:16"
https://puertasyserviciosindustriales.com/contra-exposion.php,DIRECT_FILE,contra-exposion.php,CATEGORY_PAGE,contra-exposion.php,CONFIRMED,PRESERVE,"Análisis estático; HTTP e indexación real UNKNOWN; CONFIRMED prueba evidencia local, no respuesta HTTP; Otra evidencia: INTERNAL_LINK index-estatico.php:251"
https://puertasyserviciosindustriales.com/contra-incendio.php,DIRECT_FILE,contra-incendio.php,CATEGORY_PAGE,contra-incendio.php,CONFIRMED,PRESERVE,"Análisis estático; HTTP e indexación real UNKNOWN; CONFIRMED prueba evidencia local, no respuesta HTTP; Otra evidencia: INTERNAL_LINK index-estatico.php:250"
https://puertasyserviciosindustriales.com/cortina-de-seguridad-670.php,DIRECT_FILE,cortina-de-seguridad-670.php,PRODUCT_PAGE,cortina-de-seguridad-670.php,CONFIRMED,PRESERVE,"Análisis estático; HTTP e indexación real UNKNOWN; CONFIRMED prueba evidencia local, no respuesta HTTP; Otra evidencia: INTERNAL_LINK cortinas-enrollables-industriales.php:232; Otra evidencia: INTERNAL_LINK cortinas-enrollables-industriales.php:237; Otra evidencia: INTERNAL_LINK cortinas-enrollables-industriales.php:241"
https://puertasyserviciosindustriales.com/cortina-de-seguridad-671.php,DIRECT_FILE,cortina-de-seguridad-671.php,PRODUCT_PAGE,cortina-de-seguridad-671.php,CONFIRMED,PRESERVE,"Análisis estático; HTTP e indexación real UNKNOWN; CONFIRMED prueba evidencia local, no respuesta HTTP; Otra evidencia: INTERNAL_LINK cortinas-enrollables-industriales.php:250; Otra evidencia: INTERNAL_LINK cortinas-enrollables-industriales.php:255; Otra evidencia: INTERNAL_LINK cortinas-enrollables-industriales.php:259"
https://puertasyserviciosindustriales.com/cortina-en-aluminio-serie-511-521.php,DIRECT_FILE,cortina-en-aluminio-serie-511-521.php,PRODUCT_PAGE,cortina-en-aluminio-serie-511-521.php,CONFIRMED,PRESERVE,"Análisis estático; HTTP e indexación real UNKNOWN; CONFIRMED prueba evidencia local, no respuesta HTTP; Otra evidencia: INTERNAL_LINK cortinas-enrollables-industriales.php:70; Otra evidencia: INTERNAL_LINK cortinas-enrollables-industriales.php:75; Otra evidencia: INTERNAL_LINK cortinas-enrollables-industriales.php:79; Otra evidencia: INTERNAL_LINK overhead-door.php:76; Otra evidencia: INTERNAL_LINK overhead-door.php:81; Otra evidencia: INTERNAL_LINK overhead-door.php:85"
https://puertasyserviciosindustriales.com/cortina-europea.php,DIRECT_FILE,cortina-europea.php,PRODUCT_PAGE,cortina-europea.php,CONFIRMED,PRESERVE,"Análisis estático; HTTP e indexación real UNKNOWN; CONFIRMED prueba evidencia local, no respuesta HTTP; Otra evidencia: INTERNAL_LINK centros-comerciales.php:359; Otra evidencia: INTERNAL_LINK centros-comerciales.php:364; Otra evidencia: INTERNAL_LINK centros-comerciales.php:368; Otra evidencia: INTERNAL_LINK cortinas-enrollables-industriales.php:106; Otra evidencia: INTERNAL_LINK cortinas-enrollables-industriales.php:111; Otra evidencia: INTERNAL_LINK cortinas-enrollables-industriales.php:115; Otra evidencia: INTERNAL_LINK dockman.php:147; Otra evidencia: INTERNAL_LINK dockman.php:152; Otra evidencia: INTERNAL_LINK dockman.php:156"
https://puertasyserviciosindustriales.com/cortina-plana.php,DIRECT_FILE,cortina-plana.php,PRODUCT_PAGE,cortina-plana.php,CONFIRMED,PRESERVE,"Análisis estático; HTTP e indexación real UNKNOWN; CONFIRMED prueba evidencia local, no respuesta HTTP; Otra evidencia: INTERNAL_LINK centros-comerciales.php:341; Otra evidencia: INTERNAL_LINK centros-comerciales.php:346; Otra evidencia: INTERNAL_LINK centros-comerciales.php:350; Otra evidencia: INTERNAL_LINK cortinas-enrollables-industriales.php:88; Otra evidencia: INTERNAL_LINK cortinas-enrollables-industriales.php:93; Otra evidencia: INTERNAL_LINK cortinas-enrollables-industriales.php:97; Otra evidencia: INTERNAL_LINK dockman.php:128; Otra evidencia: INTERNAL_LINK dockman.php:133; Otra evidencia: INTERNAL_LINK dockman.php:137"
https://puertasyserviciosindustriales.com/cortina-serie-600.php,DIRECT_FILE,cortina-serie-600.php,PRODUCT_PAGE,cortina-serie-600.php,CONFIRMED,PRESERVE,"Análisis estático; HTTP e indexación real UNKNOWN; CONFIRMED prueba evidencia local, no respuesta HTTP; Otra evidencia: INTERNAL_LINK centros-comerciales.php:107; Otra evidencia: INTERNAL_LINK centros-comerciales.php:112; Otra evidencia: INTERNAL_LINK centros-comerciales.php:116; Otra evidencia: INTERNAL_LINK cortinas-enrollables-industriales.php:160; Otra evidencia: INTERNAL_LINK cortinas-enrollables-industriales.php:165; Otra evidencia: INTERNAL_LINK cortinas-enrollables-industriales.php:169; Otra evidencia: INTERNAL_LINK overhead-door.php:166; Otra evidencia: INTERNAL_LINK overhead-door.php:171; Otra evidencia: INTERNAL_LINK overhead-door.php:175"
https://puertasyserviciosindustriales.com/cortina-serie-610.php,DIRECT_FILE,cortina-serie-610.php,PRODUCT_PAGE,cortina-serie-610.php,CONFIRMED,PRESERVE,"Análisis estático; HTTP e indexación real UNKNOWN; CONFIRMED prueba evidencia local, no respuesta HTTP; Otra evidencia: INTERNAL_LINK cortinas-enrollables-industriales.php:196; Otra evidencia: INTERNAL_LINK cortinas-enrollables-industriales.php:201; Otra evidencia: INTERNAL_LINK cortinas-enrollables-industriales.php:205"
https://puertasyserviciosindustriales.com/cortina-serie-620.php,DIRECT_FILE,cortina-serie-620.php,PRODUCT_PAGE,cortina-serie-620.php,CONFIRMED,PRESERVE,"Análisis estático; HTTP e indexación real UNKNOWN; CONFIRMED prueba evidencia local, no respuesta HTTP; Otra evidencia: INTERNAL_LINK cortinas-enrollables-industriales.php:124; Otra evidencia: INTERNAL_LINK cortinas-enrollables-industriales.php:129; Otra evidencia: INTERNAL_LINK cortinas-enrollables-industriales.php:133; Otra evidencia: INTERNAL_LINK overhead-door.php:112; Otra evidencia: INTERNAL_LINK overhead-door.php:117; Otra evidencia: INTERNAL_LINK overhead-door.php:121"
https://puertasyserviciosindustriales.com/cortina-serie-625.php,DIRECT_FILE,cortina-serie-625.php,PRODUCT_PAGE,cortina-serie-625.php,CONFIRMED,PRESERVE,"Análisis estático; HTTP e indexación real UNKNOWN; CONFIRMED prueba evidencia local, no respuesta HTTP; Otra evidencia: INTERNAL_LINK cortinas-enrollables-industriales.php:52; Otra evidencia: INTERNAL_LINK cortinas-enrollables-industriales.php:57; Otra evidencia: INTERNAL_LINK cortinas-enrollables-industriales.php:61; Otra evidencia: INTERNAL_LINK overhead-door.php:57; Otra evidencia: INTERNAL_LINK overhead-door.php:62; Otra evidencia: INTERNAL_LINK overhead-door.php:66"
https://puertasyserviciosindustriales.com/cortina-serie-630.php,DIRECT_FILE,cortina-serie-630.php,PRODUCT_PAGE,cortina-serie-630.php,CONFIRMED,PRESERVE,"Análisis estático; HTTP e indexación real UNKNOWN; CONFIRMED prueba evidencia local, no respuesta HTTP; Otra evidencia: INTERNAL_LINK cortinas-enrollables-industriales.php:178; Otra evidencia: INTERNAL_LINK cortinas-enrollables-industriales.php:183; Otra evidencia: INTERNAL_LINK cortinas-enrollables-industriales.php:187; Otra evidencia: INTERNAL_LINK overhead-door.php:184; Otra evidencia: INTERNAL_LINK overhead-door.php:189; Otra evidencia: INTERNAL_LINK overhead-door.php:193"
https://puertasyserviciosindustriales.com/cortina-serie-790-cw.php,DIRECT_FILE,cortina-serie-790-cw.php,PRODUCT_PAGE,cortina-serie-790-cw.php,CONFIRMED,PRESERVE,"Análisis estático; HTTP e indexación real UNKNOWN; CONFIRMED prueba evidencia local, no respuesta HTTP; Otra evidencia: INTERNAL_LINK cortinas-enrollables-industriales.php:142; Otra evidencia: INTERNAL_LINK cortinas-enrollables-industriales.php:147; Otra evidencia: INTERNAL_LINK cortinas-enrollables-industriales.php:151"
https://puertasyserviciosindustriales.com/cortinas-enrollables-de-aluminio.php,DIRECT_FILE,cortinas-enrollables-de-aluminio.php,SEO_LANDING,cortinas-enrollables-de-aluminio.php,CONFIRMED,PRESERVE,"Análisis estático; HTTP e indexación real UNKNOWN; title genérico heredado; CONFIRMED prueba evidencia local, no respuesta HTTP"
https://puertasyserviciosindustriales.com/cortinas-enrollables-industriales.php,DIRECT_FILE,cortinas-enrollables-industriales.php,CATEGORY_PAGE,cortinas-enrollables-industriales.php,CONFIRMED,PRESERVE,"Análisis estático; HTTP e indexación real UNKNOWN; CONFIRMED prueba evidencia local, no respuesta HTTP; Otra evidencia: INTERNAL_LINK bft-resp.php:48; Otra evidencia: INTERNAL_LINK bft-resp.php:53; Otra evidencia: INTERNAL_LINK bft-resp.php:57; Otra evidencia: INTERNAL_LINK blue-giant.php:144; Otra evidencia: INTERNAL_LINK blue-giant.php:149; Otra evidencia: INTERNAL_LINK blue-giant.php:153; Otra evidencia: INTERNAL_LINK index-estatico.php:135; Otra evidencia: INTERNAL_LINK industrial.php:105; Otra evidencia: INTERNAL_LINK industrial.php:110; Otra evidencia: INTERNAL_LINK industrial.php:114"
https://puertasyserviciosindustriales.com/cortinas-ventiladas-685.php,DIRECT_FILE,cortinas-ventiladas-685.php,PRODUCT_PAGE,cortinas-ventiladas-685.php,CONFIRMED,PRESERVE,"Análisis estático; HTTP e indexación real UNKNOWN; CONFIRMED prueba evidencia local, no respuesta HTTP; Otra evidencia: INTERNAL_LINK centros-comerciales.php:125; Otra evidencia: INTERNAL_LINK centros-comerciales.php:130; Otra evidencia: INTERNAL_LINK centros-comerciales.php:134; Otra evidencia: INTERNAL_LINK cortinas-enrollables-industriales.php:214; Otra evidencia: INTERNAL_LINK cortinas-enrollables-industriales.php:219; Otra evidencia: INTERNAL_LINK cortinas-enrollables-industriales.php:223"
https://puertasyserviciosindustriales.com/cross-3e.php,DIRECT_FILE,cross-3e.php,PRODUCT_PAGE,cross-3e.php,CONFIRMED,PRESERVE,"Análisis estático; HTTP e indexación real UNKNOWN; title genérico heredado; CONFIRMED prueba evidencia local, no respuesta HTTP"
https://puertasyserviciosindustriales.com/detector-de-masas-max-eagle.php,DIRECT_FILE,detector-de-masas-max-eagle.php,PRODUCT_PAGE,detector-de-masas-max-eagle.php,CONFIRMED,PRESERVE,"Análisis estático; HTTP e indexación real UNKNOWN; title genérico heredado; CONFIRMED prueba evidencia local, no respuesta HTTP"
https://puertasyserviciosindustriales.com/ditec-neos-y-neos.php,DIRECT_FILE,ditec-neos-y-neos.php,PRODUCT_PAGE,ditec-neos-y-neos.php,CONFIRMED,PRESERVE,"Análisis estático; HTTP e indexación real UNKNOWN; title genérico heredado; CONFIRMED prueba evidencia local, no respuesta HTTP"
https://puertasyserviciosindustriales.com/dockman.php,DIRECT_FILE,dockman.php,BRAND_PAGE,dockman.php,CONFIRMED,PRESERVE,"Análisis estático; HTTP e indexación real UNKNOWN; CONFIRMED prueba evidencia local, no respuesta HTTP; Otra evidencia: INTERNAL_LINK iconos-marcas.php:88; Otra evidencia: INTERNAL_LINK links-menu-marcas.php:13; Otra evidencia: INTERNAL_LINK marcas.php:115"
https://puertasyserviciosindustriales.com/dod-automatizacion-compacto-y-potente-para-portones-seccionales-correderos-y-enrollables.php,DIRECT_FILE,dod-automatizacion-compacto-y-potente-para-portones-seccionales-correderos-y-enrollables.php,PRODUCT_PAGE,dod-automatizacion-compacto-y-potente-para-portones-seccionales-correderos-y-enrollables.php,CONFIRMED,PRESERVE,"Análisis estático; HTTP e indexación real UNKNOWN; title genérico heredado; CONFIRMED prueba evidencia local, no respuesta HTTP"
https://puertasyserviciosindustriales.com/doorlock.php,DIRECT_FILE,doorlock.php,BRAND_PAGE,doorlock.php,CONFIRMED,PRESERVE,"Análisis estático; HTTP e indexación real UNKNOWN; CONFIRMED prueba evidencia local, no respuesta HTTP; Otra evidencia: INTERNAL_LINK iconos-marcas.php:52; Otra evidencia: INTERNAL_LINK links-menu-marcas.php:9; Otra evidencia: INTERNAL_LINK marcas.php:79"
https://puertasyserviciosindustriales.com/dura-glide-20003000-puerta.php,DIRECT_FILE,dura-glide-20003000-puerta.php,PRODUCT_PAGE,dura-glide-20003000-puerta.php,CONFIRMED,PRESERVE,"Análisis estático; HTTP e indexación real UNKNOWN; title genérico heredado; CONFIRMED prueba evidencia local, no respuesta HTTP"
https://puertasyserviciosindustriales.com/energy-series-with-intellicore-37171-3-4.php,DIRECT_FILE,energy-series-with-intellicore-37171-3-4.php,PRODUCT_PAGE,energy-series-with-intellicore-37171-3-4.php,CONFIRMED,PRESERVE,"Análisis estático; HTTP e indexación real UNKNOWN; CONFIRMED prueba evidencia local, no respuesta HTTP; Otra evidencia: INTERNAL_LINK clopay.php:37; Otra evidencia: INTERNAL_LINK clopay.php:42; Otra evidencia: INTERNAL_LINK clopay.php:46; Otra evidencia: INTERNAL_LINK puertas-seccionales-industriales.php:37; Otra evidencia: INTERNAL_LINK puertas-seccionales-industriales.php:42; Otra evidencia: INTERNAL_LINK puertas-seccionales-industriales.php:46"
https://puertasyserviciosindustriales.com/energy-series-with-intellicore-3720-3724-3722.php,DIRECT_FILE,energy-series-with-intellicore-3720-3724-3722.php,PRODUCT_PAGE,energy-series-with-intellicore-3720-3724-3722.php,CONFIRMED,PRESERVE,"Análisis estático; HTTP e indexación real UNKNOWN; CONFIRMED prueba evidencia local, no respuesta HTTP; Otra evidencia: INTERNAL_LINK clopay.php:74; Otra evidencia: INTERNAL_LINK clopay.php:79; Otra evidencia: INTERNAL_LINK clopay.php:83; Otra evidencia: INTERNAL_LINK puertas-seccionales-industriales.php:127; Otra evidencia: INTERNAL_LINK puertas-seccionales-industriales.php:132; Otra evidencia: INTERNAL_LINK puertas-seccionales-industriales.php:136"
https://puertasyserviciosindustriales.com/equipos-y-accesorios-para-anden-de-carga.php,DIRECT_FILE,equipos-y-accesorios-para-anden-de-carga.php,CATEGORY_PAGE,equipos-y-accesorios-para-anden-de-carga.php,CONFIRMED,PRESERVE,"Análisis estático; HTTP e indexación real UNKNOWN; CONFIRMED prueba evidencia local, no respuesta HTTP; Otra evidencia: INTERNAL_LINK footer.php:42; Otra evidencia: INTERNAL_LINK header.php:92; Otra evidencia: INTERNAL_LINK index-estatico.php:199; Otra evidencia: INTERNAL_LINK links-menu.php:5"
https://puertasyserviciosindustriales.com/estacionamientos.php,DIRECT_FILE,estacionamientos.php,CATEGORY_PAGE,estacionamientos.php,CONFIRMED,PRESERVE,"Análisis estático; HTTP e indexación real UNKNOWN; CONFIRMED prueba evidencia local, no respuesta HTTP; Otra evidencia: INTERNAL_LINK comercial.php:51; Otra evidencia: INTERNAL_LINK comercial.php:56; Otra evidencia: INTERNAL_LINK comercial.php:60; Otra evidencia: INTERNAL_LINK index-estatico.php:167"
https://puertasyserviciosindustriales.com/fast-seal-high-performance-door.php,DIRECT_FILE,fast-seal-high-performance-door.php,PRODUCT_PAGE,fast-seal-high-performance-door.php,CONFIRMED,PRESERVE,"Análisis estático; HTTP e indexación real UNKNOWN; CONFIRMED prueba evidencia local, no respuesta HTTP; Otra evidencia: INTERNAL_LINK puertas-rapidas.php:29; Otra evidencia: INTERNAL_LINK puertas-rapidas.php:34; Otra evidencia: INTERNAL_LINK puertas-rapidas.php:38; Otra evidencia: INTERNAL_LINK rytec.php:37; Otra evidencia: INTERNAL_LINK rytec.php:42; Otra evidencia: INTERNAL_LINK rytec.php:46"
https://puertasyserviciosindustriales.com/fire-rated-doors-firestar-models-700-700c.php,DIRECT_FILE,fire-rated-doors-firestar-models-700-700c.php,PRODUCT_PAGE,fire-rated-doors-firestar-models-700-700c.php,CONFIRMED,PRESERVE,"Análisis estático; HTTP e indexación real UNKNOWN; CONFIRMED prueba evidencia local, no respuesta HTTP; Otra evidencia: INTERNAL_LINK cortinas-enrollables-industriales.php:286; Otra evidencia: INTERNAL_LINK cortinas-enrollables-industriales.php:291; Otra evidencia: INTERNAL_LINK cortinas-enrollables-industriales.php:295; Otra evidencia: INTERNAL_LINK wayne-dalton.php:37; Otra evidencia: INTERNAL_LINK wayne-dalton.php:42; Otra evidencia: INTERNAL_LINK wayne-dalton.php:46"
https://puertasyserviciosindustriales.com/fotoceldas.php,DIRECT_FILE,fotoceldas.php,PRODUCT_PAGE,fotoceldas.php,CONFIRMED,PRESERVE,"Análisis estático; HTTP e indexación real UNKNOWN; title genérico heredado; CONFIRMED prueba evidencia local, no respuesta HTTP"
https://puertasyserviciosindustriales.com/fraccionamientos-y-condominios.php,DIRECT_FILE,fraccionamientos-y-condominios.php,CATEGORY_PAGE,fraccionamientos-y-condominios.php,CONFIRMED,PRESERVE,"Análisis estático; HTTP e indexación real UNKNOWN; CONFIRMED prueba evidencia local, no respuesta HTTP; Otra evidencia: INTERNAL_LINK comercial.php:33; Otra evidencia: INTERNAL_LINK comercial.php:38; Otra evidencia: INTERNAL_LINK comercial.php:42; Otra evidencia: INTERNAL_LINK index-estatico.php:166"
https://puertasyserviciosindustriales.com/glg-porte-industriali.php,DIRECT_FILE,glg-porte-industriali.php,BRAND_PAGE,glg-porte-industriali.php,CONFIRMED,PRESERVE,"Análisis estático; HTTP e indexación real UNKNOWN; CONFIRMED prueba evidencia local, no respuesta HTTP; Otra evidencia: INTERNAL_LINK iconos-marcas.php:79; Otra evidencia: INTERNAL_LINK links-menu-marcas.php:12; Otra evidencia: INTERNAL_LINK marcas.php:106"
https://puertasyserviciosindustriales.com/gol-transmisores-de-cuatro-canales.php,DIRECT_FILE,gol-transmisores-de-cuatro-canales.php,PRODUCT_PAGE,gol-transmisores-de-cuatro-canales.php,CONFIRMED,PRESERVE,"Análisis estático; HTTP e indexación real UNKNOWN; title genérico heredado; CONFIRMED prueba evidencia local, no respuesta HTTP"
https://puertasyserviciosindustriales.com/icaro-smart.php,DIRECT_FILE,icaro-smart.php,PRODUCT_PAGE,icaro-smart.php,CONFIRMED,PRESERVE,"Análisis estático; HTTP e indexación real UNKNOWN; CONFIRMED prueba evidencia local, no respuesta HTTP; Otra evidencia: INTERNAL_LINK bft.php:109; Otra evidencia: INTERNAL_LINK bft.php:114; Otra evidencia: INTERNAL_LINK bft.php:118; Otra evidencia: INTERNAL_LINK estacionamientos.php:125; Otra evidencia: INTERNAL_LINK estacionamientos.php:130; Otra evidencia: INTERNAL_LINK estacionamientos.php:134; Otra evidencia: INTERNAL_LINK fraccionamientos-y-condominios.php:125; Otra evidencia: INTERNAL_LINK fraccionamientos-y-condominios.php:130; Otra evidencia: INTERNAL_LINK fraccionamientos-y-condominios.php:134; Otra evidencia: INTERNAL_LINK operadores-para-puerta-corrediza-industrial.php:69; Otra evidencia: INTERNAL_LINK operadores-para-puerta-corrediza-industrial.php:74; Otra evidencia: INTERNAL_LINK operadores-para-puerta-corrediza-industrial.php:78"
https://puertasyserviciosindustriales.com/index-estatico.php,DIRECT_FILE,index-estatico.php,INSTITUTIONAL_PAGE,index-estatico.php,CONFIRMED,PRESERVE,"Análisis estático; HTTP e indexación real UNKNOWN; title genérico heredado; CONFIRMED prueba evidencia local, no respuesta HTTP"
https://puertasyserviciosindustriales.com/index-resp.php,DIRECT_FILE,index-resp.php,INSTITUTIONAL_PAGE,index-resp.php,CONFIRMED,PRESERVE,"Análisis estático; HTTP e indexación real UNKNOWN; title genérico heredado; CONFIRMED prueba evidencia local, no respuesta HTTP"
https://puertasyserviciosindustriales.com/index.php,DIRECT_FILE,index.php,INSTITUTIONAL_PAGE,index.php,CONFIRMED,PRESERVE,"Análisis estático; HTTP e indexación real UNKNOWN; title genérico heredado; CONFIRMED prueba evidencia local, no respuesta HTTP; Otra evidencia: INTERNAL_LINK header.php:55; Otra evidencia: INTERNAL_LINK header.php:70"
https://puertasyserviciosindustriales.com/industrial.php,DIRECT_FILE,industrial.php,CATEGORY_PAGE,industrial.php,CONFIRMED,PRESERVE,"Análisis estático; HTTP e indexación real UNKNOWN; CONFIRMED prueba evidencia local, no respuesta HTTP; Otra evidencia: INTERNAL_LINK footer.php:40; Otra evidencia: INTERNAL_LINK header.php:77; Otra evidencia: INTERNAL_LINK index-estatico.php:140; Otra evidencia: INTERNAL_LINK links-menu.php:3; Otra evidencia: INTERNAL_LINK soluciones.php:34; Otra evidencia: INTERNAL_LINK soluciones.php:37"
https://puertasyserviciosindustriales.com/infraca-quality-doors.php,DIRECT_FILE,infraca-quality-doors.php,BRAND_PAGE,infraca-quality-doors.php,CONFIRMED,PRESERVE,"Análisis estático; HTTP e indexación real UNKNOWN; CONFIRMED prueba evidencia local, no respuesta HTTP; Otra evidencia: INTERNAL_LINK iconos-marcas.php:70; Otra evidencia: INTERNAL_LINK links-menu-marcas.php:11; Otra evidencia: INTERNAL_LINK marcas.php:97"
https://puertasyserviciosindustriales.com/kelley.php,DIRECT_FILE,kelley.php,BRAND_PAGE,kelley.php,CONFIRMED,PRESERVE,"Análisis estático; HTTP e indexación real UNKNOWN; CONFIRMED prueba evidencia local, no respuesta HTTP; Otra evidencia: INTERNAL_LINK iconos-marcas.php:43; Otra evidencia: INTERNAL_LINK links-menu-marcas.php:8; Otra evidencia: INTERNAL_LINK marcas.php:70"
https://puertasyserviciosindustriales.com/kronos-puertas-rapidas-de-sectores-modulares-autorreparable.php,DIRECT_FILE,kronos-puertas-rapidas-de-sectores-modulares-autorreparable.php,PRODUCT_PAGE,kronos-puertas-rapidas-de-sectores-modulares-autorreparable.php,CONFIRMED,PRESERVE,"Análisis estático; HTTP e indexación real UNKNOWN; CONFIRMED prueba evidencia local, no respuesta HTTP; Otra evidencia: INTERNAL_LINK glg-porte-industriali.php:56; Otra evidencia: INTERNAL_LINK glg-porte-industriali.php:61; Otra evidencia: INTERNAL_LINK glg-porte-industriali.php:65; Otra evidencia: INTERNAL_LINK puertas-rapidas.php:159; Otra evidencia: INTERNAL_LINK puertas-rapidas.php:164; Otra evidencia: INTERNAL_LINK puertas-rapidas.php:168"
https://puertasyserviciosindustriales.com/lab-4-fotocelulas-de-rayos-infrarrojos.php,DIRECT_FILE,lab-4-fotocelulas-de-rayos-infrarrojos.php,PRODUCT_PAGE,lab-4-fotocelulas-de-rayos-infrarrojos.php,CONFIRMED,PRESERVE,"Análisis estático; HTTP e indexación real UNKNOWN; title genérico heredado; CONFIRMED prueba evidencia local, no respuesta HTTP"
https://puertasyserviciosindustriales.com/lab-9-detectores-de-volumen-de-metal-loop.php,DIRECT_FILE,lab-9-detectores-de-volumen-de-metal-loop.php,PRODUCT_PAGE,lab-9-detectores-de-volumen-de-metal-loop.php,CONFIRMED,PRESERVE,"Análisis estático; HTTP e indexación real UNKNOWN; title genérico heredado; CONFIRMED prueba evidencia local, no respuesta HTTP"
https://puertasyserviciosindustriales.com/labio-de-elevacion-mecanico-dockman.php,DIRECT_FILE,labio-de-elevacion-mecanico-dockman.php,PRODUCT_PAGE,labio-de-elevacion-mecanico-dockman.php,CONFIRMED,PRESERVE,"Análisis estático; HTTP e indexación real UNKNOWN; CONFIRMED prueba evidencia local, no respuesta HTTP; Otra evidencia: INTERNAL_LINK dockman.php:92; Otra evidencia: INTERNAL_LINK dockman.php:97; Otra evidencia: INTERNAL_LINK dockman.php:101; Otra evidencia: INTERNAL_LINK labio-elevacion-anden-carga.php:33; Otra evidencia: INTERNAL_LINK labio-elevacion-anden-carga.php:38; Otra evidencia: INTERNAL_LINK labio-elevacion-anden-carga.php:42"
https://puertasyserviciosindustriales.com/labio-elevacion-anden-carga.php,DIRECT_FILE,labio-elevacion-anden-carga.php,CATEGORY_PAGE,labio-elevacion-anden-carga.php,CONFIRMED,PRESERVE,"Análisis estático; HTTP e indexación real UNKNOWN; CONFIRMED prueba evidencia local, no respuesta HTTP; Otra evidencia: INTERNAL_LINK equipos-y-accesorios-para-anden-de-carga.php:55; Otra evidencia: INTERNAL_LINK equipos-y-accesorios-para-anden-de-carga.php:60; Otra evidencia: INTERNAL_LINK equipos-y-accesorios-para-anden-de-carga.php:64; Otra evidencia: INTERNAL_LINK index-estatico.php:193"
https://puertasyserviciosindustriales.com/lan-4-sistema-de-teclado-con-combinacion-digital.php,DIRECT_FILE,lan-4-sistema-de-teclado-con-combinacion-digital.php,PRODUCT_PAGE,lan-4-sistema-de-teclado-con-combinacion-digital.php,CONFIRMED,PRESERVE,"Análisis estático; HTTP e indexación real UNKNOWN; title genérico heredado; CONFIRMED prueba evidencia local, no respuesta HTTP"
https://puertasyserviciosindustriales.com/lan-7-sistema-de-mando-de-proximidad-de-tarjetas-con-tecnologia-transponder.php,DIRECT_FILE,lan-7-sistema-de-mando-de-proximidad-de-tarjetas-con-tecnologia-transponder.php,PRODUCT_PAGE,lan-7-sistema-de-mando-de-proximidad-de-tarjetas-con-tecnologia-transponder.php,CONFIRMED,PRESERVE,"Análisis estático; HTTP e indexación real UNKNOWN; title genérico heredado; CONFIRMED prueba evidencia local, no respuesta HTTP"
https://puertasyserviciosindustriales.com/lift-master-mod-h.php,DIRECT_FILE,lift-master-mod-h.php,PRODUCT_PAGE,lift-master-mod-h.php,CONFIRMED,PRESERVE,"Análisis estático; HTTP e indexación real UNKNOWN; CONFIRMED prueba evidencia local, no respuesta HTTP; Otra evidencia: INTERNAL_LINK lift-master.php:37; Otra evidencia: INTERNAL_LINK lift-master.php:42; Otra evidencia: INTERNAL_LINK lift-master.php:46; Otra evidencia: INTERNAL_LINK operadores-puertas-seccionales-cortinas.php:33; Otra evidencia: INTERNAL_LINK operadores-puertas-seccionales-cortinas.php:38; Otra evidencia: INTERNAL_LINK operadores-puertas-seccionales-cortinas.php:42"
https://puertasyserviciosindustriales.com/lift-master.php,DIRECT_FILE,lift-master.php,BRAND_PAGE,lift-master.php,CONFIRMED,PRESERVE,"Análisis estático; HTTP e indexación real UNKNOWN; CONFIRMED prueba evidencia local, no respuesta HTTP; Otra evidencia: INTERNAL_LINK iconos-marcas.php:97; Otra evidencia: INTERNAL_LINK links-menu-marcas.php:14; Otra evidencia: INTERNAL_LINK marcas.php:124"
https://puertasyserviciosindustriales.com/liftmaster-modh.php,DIRECT_FILE,liftmaster-modh.php,PRODUCT_PAGE,liftmaster-modh.php,CONFIRMED,PRESERVE,"Análisis estático; HTTP e indexación real UNKNOWN; title genérico heredado; CONFIRMED prueba evidencia local, no respuesta HTTP"
https://puertasyserviciosindustriales.com/light-communication-system-lcs.php,DIRECT_FILE,light-communication-system-lcs.php,PRODUCT_PAGE,light-communication-system-lcs.php,CONFIRMED,PRESERVE,"Análisis estático; HTTP e indexación real UNKNOWN; title genérico heredado; CONFIRMED prueba evidencia local, no respuesta HTTP"
https://puertasyserviciosindustriales.com/lux-2b-y-lux-gv-piston-hidraulico-para-puerta-abatible.php,DIRECT_FILE,lux-2b-y-lux-gv-piston-hidraulico-para-puerta-abatible.php,PRODUCT_PAGE,lux-2b-y-lux-gv-piston-hidraulico-para-puerta-abatible.php,CONFIRMED,PRESERVE,"Análisis estático; HTTP e indexación real UNKNOWN; CONFIRMED prueba evidencia local, no respuesta HTTP; Otra evidencia: INTERNAL_LINK bft.php:91; Otra evidencia: INTERNAL_LINK bft.php:96; Otra evidencia: INTERNAL_LINK bft.php:100; Otra evidencia: INTERNAL_LINK operadores-para-puerta-abatible.php:69; Otra evidencia: INTERNAL_LINK operadores-para-puerta-abatible.php:74; Otra evidencia: INTERNAL_LINK operadores-para-puerta-abatible.php:78; Otra evidencia: INTERNAL_LINK operadores-puerta-abatible-industrial.php:105; Otra evidencia: INTERNAL_LINK operadores-puerta-abatible-industrial.php:110; Otra evidencia: INTERNAL_LINK operadores-puerta-abatible-industrial.php:114"
https://puertasyserviciosindustriales.com/luxo-robusto-e-incansable-para-servicios-intensivos-para-hojas-de-hasta-5-m.php,DIRECT_FILE,luxo-robusto-e-incansable-para-servicios-intensivos-para-hojas-de-hasta-5-m.php,PRODUCT_PAGE,luxo-robusto-e-incansable-para-servicios-intensivos-para-hojas-de-hasta-5-m.php,CONFIRMED,PRESERVE,"Análisis estático; HTTP e indexación real UNKNOWN; title genérico heredado; CONFIRMED prueba evidencia local, no respuesta HTTP"
https://puertasyserviciosindustriales.com/magic-fuerza-del-operador.php,DIRECT_FILE,magic-fuerza-del-operador.php,PRODUCT_PAGE,magic-fuerza-del-operador.php,CONFIRMED,PRESERVE,"Análisis estático; HTTP e indexación real UNKNOWN; title genérico heredado; CONFIRMED prueba evidencia local, no respuesta HTTP"
https://puertasyserviciosindustriales.com/marcas.php,DIRECT_FILE,marcas.php,CATEGORY_PAGE,marcas.php,CONFIRMED,PRESERVE,"Análisis estático; HTTP e indexación real UNKNOWN; title genérico heredado; CONFIRMED prueba evidencia local, no respuesta HTTP; Otra evidencia: INTERNAL_LINK footer.php:47; Otra evidencia: INTERNAL_LINK links-menu.php:10; Otra evidencia: INTERNAL_LINK soluciones.php:61; Otra evidencia: INTERNAL_LINK soluciones.php:64"
https://puertasyserviciosindustriales.com/marcasv1.php,DIRECT_FILE,marcasv1.php,CATEGORY_PAGE,marcasv1.php,CONFIRMED,PRESERVE,"Análisis estático; HTTP e indexación real UNKNOWN; title genérico heredado; CONFIRMED prueba evidencia local, no respuesta HTTP; Otra evidencia: INTERNAL_LINK links-menuv1.php:12"
https://puertasyserviciosindustriales.com/nosotros.php,DIRECT_FILE,nosotros.php,INSTITUTIONAL_PAGE,nosotros.php,CONFIRMED,PRESERVE,"Análisis estático; HTTP e indexación real UNKNOWN; CONFIRMED prueba evidencia local, no respuesta HTTP; Otra evidencia: INTERNAL_LINK footer.php:27; Otra evidencia: INTERNAL_LINK header.php:71; Otra evidencia: INTERNAL_LINK index-estatico.php:344; Otra evidencia: INTERNAL_LINK index-resp.php:211; Otra evidencia: INTERNAL_LINK index.php:366"
https://puertasyserviciosindustriales.com/operador-comercial-rhx.php,DIRECT_FILE,operador-comercial-rhx.php,PRODUCT_PAGE,operador-comercial-rhx.php,CONFIRMED,PRESERVE,"Análisis estático; HTTP e indexación real UNKNOWN; CONFIRMED prueba evidencia local, no respuesta HTTP; Otra evidencia: INTERNAL_LINK operadores-puertas-seccionales-cortinas.php:51; Otra evidencia: INTERNAL_LINK operadores-puertas-seccionales-cortinas.php:56; Otra evidencia: INTERNAL_LINK operadores-puertas-seccionales-cortinas.php:60; Otra evidencia: INTERNAL_LINK overhead-door.php:202; Otra evidencia: INTERNAL_LINK overhead-door.php:207; Otra evidencia: INTERNAL_LINK overhead-door.php:211"
https://puertasyserviciosindustriales.com/operador-para-cortina-enrrollable-rsx.php,DIRECT_FILE,operador-para-cortina-enrrollable-rsx.php,PRODUCT_PAGE,operador-para-cortina-enrrollable-rsx.php,CONFIRMED,PRESERVE,"Análisis estático; HTTP e indexación real UNKNOWN; CONFIRMED prueba evidencia local, no respuesta HTTP; Otra evidencia: INTERNAL_LINK operadores-puertas-seccionales-cortinas.php:141; Otra evidencia: INTERNAL_LINK operadores-puertas-seccionales-cortinas.php:146; Otra evidencia: INTERNAL_LINK operadores-puertas-seccionales-cortinas.php:150"
https://puertasyserviciosindustriales.com/operador-para-perfilados-comerciales-jst.php,DIRECT_FILE,operador-para-perfilados-comerciales-jst.php,PRODUCT_PAGE,operador-para-perfilados-comerciales-jst.php,CONFIRMED,PRESERVE,"Análisis estático; HTTP e indexación real UNKNOWN; CONFIRMED prueba evidencia local, no respuesta HTTP; Otra evidencia: INTERNAL_LINK operadores-para-puerta-corrediza-industrial.php:105; Otra evidencia: INTERNAL_LINK operadores-para-puerta-corrediza-industrial.php:110; Otra evidencia: INTERNAL_LINK operadores-para-puerta-corrediza-industrial.php:114"
https://puertasyserviciosindustriales.com/operador-para-perfilados-comerciales-sel.php,DIRECT_FILE,operador-para-perfilados-comerciales-sel.php,PRODUCT_PAGE,operador-para-perfilados-comerciales-sel.php,CONFIRMED,PRESERVE,"Análisis estático; HTTP e indexación real UNKNOWN; CONFIRMED prueba evidencia local, no respuesta HTTP; Otra evidencia: INTERNAL_LINK operadores-para-puerta-corrediza-industrial.php:123; Otra evidencia: INTERNAL_LINK operadores-para-puerta-corrediza-industrial.php:128; Otra evidencia: INTERNAL_LINK operadores-para-puerta-corrediza-industrial.php:132; Otra evidencia: INTERNAL_LINK operadores-puertas-seccionales-cortinas.php:105; Otra evidencia: INTERNAL_LINK operadores-puertas-seccionales-cortinas.php:110; Otra evidencia: INTERNAL_LINK operadores-puertas-seccionales-cortinas.php:114"
https://puertasyserviciosindustriales.com/operadores-para-puerta-abatible.php,DIRECT_FILE,operadores-para-puerta-abatible.php,CATEGORY_PAGE,operadores-para-puerta-abatible.php,CONFIRMED,PRESERVE,"Análisis estático; HTTP e indexación real UNKNOWN; CONFIRMED prueba evidencia local, no respuesta HTTP; Otra evidencia: INTERNAL_LINK index-estatico.php:307; Otra evidencia: INTERNAL_LINK residencial.php:69; Otra evidencia: INTERNAL_LINK residencial.php:74; Otra evidencia: INTERNAL_LINK residencial.php:78"
https://puertasyserviciosindustriales.com/operadores-para-puerta-corrediza-industrial.php,DIRECT_FILE,operadores-para-puerta-corrediza-industrial.php,CATEGORY_PAGE,operadores-para-puerta-corrediza-industrial.php,CONFIRMED,PRESERVE,"Análisis estático; HTTP e indexación real UNKNOWN; CONFIRMED prueba evidencia local, no respuesta HTTP; Otra evidencia: INTERNAL_LINK index-estatico.php:132; Otra evidencia: INTERNAL_LINK industrial.php:51; Otra evidencia: INTERNAL_LINK industrial.php:56; Otra evidencia: INTERNAL_LINK industrial.php:60"
https://puertasyserviciosindustriales.com/operadores-para-puertas-ascendentes.php,DIRECT_FILE,operadores-para-puertas-ascendentes.php,CATEGORY_PAGE,operadores-para-puertas-ascendentes.php,CONFIRMED,PRESERVE,"Análisis estático; HTTP e indexación real UNKNOWN; CONFIRMED prueba evidencia local, no respuesta HTTP; Otra evidencia: INTERNAL_LINK index-estatico.php:308; Otra evidencia: INTERNAL_LINK residencial.php:87; Otra evidencia: INTERNAL_LINK residencial.php:92; Otra evidencia: INTERNAL_LINK residencial.php:96"
https://puertasyserviciosindustriales.com/operadores-para-puertas-corredizas-residenciales.php,DIRECT_FILE,operadores-para-puertas-corredizas-residenciales.php,CATEGORY_PAGE,operadores-para-puertas-corredizas-residenciales.php,CONFIRMED,PRESERVE,"Análisis estático; HTTP e indexación real UNKNOWN; CONFIRMED prueba evidencia local, no respuesta HTTP; Otra evidencia: INTERNAL_LINK index-estatico.php:306; Otra evidencia: INTERNAL_LINK residencial.php:51; Otra evidencia: INTERNAL_LINK residencial.php:56; Otra evidencia: INTERNAL_LINK residencial.php:60"
https://puertasyserviciosindustriales.com/operadores-para-puertas-de-mostrador-cdo.php,DIRECT_FILE,operadores-para-puertas-de-mostrador-cdo.php,PRODUCT_PAGE,operadores-para-puertas-de-mostrador-cdo.php,CONFIRMED,PRESERVE,"Análisis estático; HTTP e indexación real UNKNOWN; CONFIRMED prueba evidencia local, no respuesta HTTP; Otra evidencia: INTERNAL_LINK operadores-puertas-seccionales-cortinas.php:123; Otra evidencia: INTERNAL_LINK operadores-puertas-seccionales-cortinas.php:128; Otra evidencia: INTERNAL_LINK operadores-puertas-seccionales-cortinas.php:132"
https://puertasyserviciosindustriales.com/operadores-puerta-abatible-industrial.php,DIRECT_FILE,operadores-puerta-abatible-industrial.php,CATEGORY_PAGE,operadores-puerta-abatible-industrial.php,CONFIRMED,PRESERVE,"Análisis estático; HTTP e indexación real UNKNOWN; CONFIRMED prueba evidencia local, no respuesta HTTP; Otra evidencia: INTERNAL_LINK index-estatico.php:133; Otra evidencia: INTERNAL_LINK industrial.php:69; Otra evidencia: INTERNAL_LINK industrial.php:74; Otra evidencia: INTERNAL_LINK industrial.php:78"
https://puertasyserviciosindustriales.com/operadores-puerta-abatible.php,DIRECT_FILE,operadores-puerta-abatible.php,SEO_LANDING,operadores-puerta-abatible.php,CONFIRMED,PRESERVE,"Análisis estático; HTTP e indexación real UNKNOWN; CONFIRMED prueba evidencia local, no respuesta HTTP"
https://puertasyserviciosindustriales.com/operadores-puerta-corrediza-residencial.php,DIRECT_FILE,operadores-puerta-corrediza-residencial.php,SEO_LANDING,operadores-puerta-corrediza-residencial.php,CONFIRMED,PRESERVE,"Análisis estático; HTTP e indexación real UNKNOWN; CONFIRMED prueba evidencia local, no respuesta HTTP"
https://puertasyserviciosindustriales.com/operadores-puertas-ascendentes.php,DIRECT_FILE,operadores-puertas-ascendentes.php,SEO_LANDING,operadores-puertas-ascendentes.php,CONFIRMED,PRESERVE,"Análisis estático; HTTP e indexación real UNKNOWN; CONFIRMED prueba evidencia local, no respuesta HTTP"
https://puertasyserviciosindustriales.com/operadores-puertas-seccionales-cortinas.php,DIRECT_FILE,operadores-puertas-seccionales-cortinas.php,CATEGORY_PAGE,operadores-puertas-seccionales-cortinas.php,CONFIRMED,PRESERVE,"Análisis estático; HTTP e indexación real UNKNOWN; CONFIRMED prueba evidencia local, no respuesta HTTP; Otra evidencia: INTERNAL_LINK index-estatico.php:134; Otra evidencia: INTERNAL_LINK industrial.php:87; Otra evidencia: INTERNAL_LINK industrial.php:92; Otra evidencia: INTERNAL_LINK industrial.php:96"
https://puertasyserviciosindustriales.com/overhead-door.php,DIRECT_FILE,overhead-door.php,BRAND_PAGE,overhead-door.php,CONFIRMED,PRESERVE,"Análisis estático; HTTP e indexación real UNKNOWN; CONFIRMED prueba evidencia local, no respuesta HTTP; Otra evidencia: INTERNAL_LINK iconos-marcas.php:7; Otra evidencia: INTERNAL_LINK links-menu-marcas.php:4; Otra evidencia: INTERNAL_LINK marcas.php:34"
https://puertasyserviciosindustriales.com/p45-7-piston-hidraulico-para-puerta-abatible.php,DIRECT_FILE,p45-7-piston-hidraulico-para-puerta-abatible.php,PRODUCT_PAGE,p45-7-piston-hidraulico-para-puerta-abatible.php,CONFIRMED,PRESERVE,"Análisis estático; HTTP e indexación real UNKNOWN; CONFIRMED prueba evidencia local, no respuesta HTTP; Otra evidencia: INTERNAL_LINK bft.php:127; Otra evidencia: INTERNAL_LINK bft.php:132; Otra evidencia: INTERNAL_LINK bft.php:136; Otra evidencia: INTERNAL_LINK operadores-para-puerta-abatible.php:87; Otra evidencia: INTERNAL_LINK operadores-para-puerta-abatible.php:92; Otra evidencia: INTERNAL_LINK operadores-para-puerta-abatible.php:96; Otra evidencia: INTERNAL_LINK operadores-puerta-abatible-industrial.php:123; Otra evidencia: INTERNAL_LINK operadores-puerta-abatible-industrial.php:128; Otra evidencia: INTERNAL_LINK operadores-puerta-abatible-industrial.php:132"
https://puertasyserviciosindustriales.com/pas-sensores-volumetricos.php,DIRECT_FILE,pas-sensores-volumetricos.php,PRODUCT_PAGE,pas-sensores-volumetricos.php,CONFIRMED,PRESERVE,"Análisis estático; HTTP e indexación real UNKNOWN; title genérico heredado; CONFIRMED prueba evidencia local, no respuesta HTTP"
https://puertasyserviciosindustriales.com/phobos-n-piston-electromecanico.php,DIRECT_FILE,phobos-n-piston-electromecanico.php,PRODUCT_PAGE,phobos-n-piston-electromecanico.php,CONFIRMED,PRESERVE,"Análisis estático; HTTP e indexación real UNKNOWN; CONFIRMED prueba evidencia local, no respuesta HTTP; Otra evidencia: INTERNAL_LINK bft.php:73; Otra evidencia: INTERNAL_LINK bft.php:78; Otra evidencia: INTERNAL_LINK bft.php:82; Otra evidencia: INTERNAL_LINK operadores-para-puerta-abatible.php:51; Otra evidencia: INTERNAL_LINK operadores-para-puerta-abatible.php:56; Otra evidencia: INTERNAL_LINK operadores-para-puerta-abatible.php:60"
https://puertasyserviciosindustriales.com/politica-privacidad.php,DIRECT_FILE,politica-privacidad.php,INSTITUTIONAL_PAGE,politica-privacidad.php,CONFIRMED,PRESERVE,"Análisis estático; HTTP e indexación real UNKNOWN; title genérico heredado; CONFIRMED prueba evidencia local, no respuesta HTTP; Otra evidencia: INTERNAL_LINK contacto.php:96; Otra evidencia: INTERNAL_LINK footer.php:60"
https://puertasyserviciosindustriales.com/predadoor-nxt-door.php,DIRECT_FILE,predadoor-nxt-door.php,PRODUCT_PAGE,predadoor-nxt-door.php,CONFIRMED,PRESERVE,"Análisis estático; HTTP e indexación real UNKNOWN; CONFIRMED prueba evidencia local, no respuesta HTTP; Otra evidencia: INTERNAL_LINK puertas-rapidas.php:47; Otra evidencia: INTERNAL_LINK puertas-rapidas.php:52; Otra evidencia: INTERNAL_LINK puertas-rapidas.php:56; Otra evidencia: INTERNAL_LINK rytec.php:56; Otra evidencia: INTERNAL_LINK rytec.php:61; Otra evidencia: INTERNAL_LINK rytec.php:65"
https://puertasyserviciosindustriales.com/productos.php,DIRECT_FILE,productos.php,UTILITY,productos.php,CONFIRMED,PRESERVE,"Análisis estático; HTTP e indexación real UNKNOWN; Controlador; metadatos según parámetros; código posterior a die excluido; CONFIRMED prueba evidencia local, no respuesta HTTP"
https://puertasyserviciosindustriales.com/puert-seccional-de-acero-sin-aislamiento-430-uso-medio.php,DIRECT_FILE,puert-seccional-de-acero-sin-aislamiento-430-uso-medio.php,PRODUCT_PAGE,puert-seccional-de-acero-sin-aislamiento-430-uso-medio.php,CONFIRMED,PRESERVE,"Análisis estático; HTTP e indexación real UNKNOWN; CONFIRMED prueba evidencia local, no respuesta HTTP; Otra evidencia: INTERNAL_LINK puertas-seccionales-industriales.php:217; Otra evidencia: INTERNAL_LINK puertas-seccionales-industriales.php:222; Otra evidencia: INTERNAL_LINK puertas-seccionales-industriales.php:226"
https://puertasyserviciosindustriales.com/puerta-contra-explosion.php,DIRECT_FILE,puerta-contra-explosion.php,PRODUCT_PAGE,puerta-contra-explosion.php,CONFIRMED,PRESERVE,"Análisis estático; HTTP e indexación real UNKNOWN; CONFIRMED prueba evidencia local, no respuesta HTTP; Otra evidencia: INTERNAL_LINK contra-exposion.php:33; Otra evidencia: INTERNAL_LINK contra-exposion.php:38; Otra evidencia: INTERNAL_LINK contra-exposion.php:42; Otra evidencia: INTERNAL_LINK doorlock.php:37; Otra evidencia: INTERNAL_LINK doorlock.php:42; Otra evidencia: INTERNAL_LINK doorlock.php:46; Otra evidencia: INTERNAL_LINK puerta-contra-incendio.php:33; Otra evidencia: INTERNAL_LINK puerta-contra-incendio.php:38; Otra evidencia: INTERNAL_LINK puerta-contra-incendio.php:42"
https://puertasyserviciosindustriales.com/puerta-contra-incendio.php,DIRECT_FILE,puerta-contra-incendio.php,CATEGORY_PAGE,puerta-contra-incendio.php,CONFIRMED,PRESERVE,"Análisis estático; HTTP e indexación real UNKNOWN; CONFIRMED prueba evidencia local, no respuesta HTTP; Otra evidencia: INTERNAL_LINK footer.php:44; Otra evidencia: INTERNAL_LINK header.php:106; Otra evidencia: INTERNAL_LINK index-estatico.php:255; Otra evidencia: INTERNAL_LINK links-menu.php:7"
https://puertasyserviciosindustriales.com/puerta-de-acero-acanalado-modelos-524.php,DIRECT_FILE,puerta-de-acero-acanalado-modelos-524.php,PRODUCT_PAGE,puerta-de-acero-acanalado-modelos-524.php,CONFIRMED,PRESERVE,"Análisis estático; HTTP e indexación real UNKNOWN; CONFIRMED prueba evidencia local, no respuesta HTTP; Otra evidencia: INTERNAL_LINK clopay.php:56; Otra evidencia: INTERNAL_LINK clopay.php:61; Otra evidencia: INTERNAL_LINK clopay.php:65; Otra evidencia: INTERNAL_LINK puertas-seccionales-industriales.php:73; Otra evidencia: INTERNAL_LINK puertas-seccionales-industriales.php:78; Otra evidencia: INTERNAL_LINK puertas-seccionales-industriales.php:82"
https://puertasyserviciosindustriales.com/puerta-de-acero-acanalado.php,DIRECT_FILE,puerta-de-acero-acanalado.php,PRODUCT_PAGE,puerta-de-acero-acanalado.php,CONFIRMED,PRESERVE,"Análisis estático; HTTP e indexación real UNKNOWN; title genérico heredado; CONFIRMED prueba evidencia local, no respuesta HTTP"
https://puertasyserviciosindustriales.com/puerta-estandar-reforzada.php,DIRECT_FILE,puerta-estandar-reforzada.php,PRODUCT_PAGE,puerta-estandar-reforzada.php,CONFIRMED,PRESERVE,"Análisis estático; HTTP e indexación real UNKNOWN; CONFIRMED prueba evidencia local, no respuesta HTTP; Otra evidencia: INTERNAL_LINK centros-comerciales.php:197; Otra evidencia: INTERNAL_LINK centros-comerciales.php:202; Otra evidencia: INTERNAL_LINK centros-comerciales.php:206; Otra evidencia: INTERNAL_LINK doorlock.php:147; Otra evidencia: INTERNAL_LINK doorlock.php:152; Otra evidencia: INTERNAL_LINK doorlock.php:156; Otra evidencia: INTERNAL_LINK puertas-peatonales-estandar-y-reforzada.php:51; Otra evidencia: INTERNAL_LINK puertas-peatonales-estandar-y-reforzada.php:56; Otra evidencia: INTERNAL_LINK puertas-peatonales-estandar-y-reforzada.php:60; Otra evidencia: INTERNAL_LINK puertas-salida-emergencia.php:69; Otra evidencia: INTERNAL_LINK puertas-salida-emergencia.php:74; Otra evidencia: INTERNAL_LINK puertas-salida-emergencia.php:78"
https://puertasyserviciosindustriales.com/puerta-estandar.php,DIRECT_FILE,puerta-estandar.php,PRODUCT_PAGE,puerta-estandar.php,CONFIRMED,PRESERVE,"Análisis estático; HTTP e indexación real UNKNOWN; CONFIRMED prueba evidencia local, no respuesta HTTP; Otra evidencia: INTERNAL_LINK centros-comerciales.php:179; Otra evidencia: INTERNAL_LINK centros-comerciales.php:184; Otra evidencia: INTERNAL_LINK centros-comerciales.php:188; Otra evidencia: INTERNAL_LINK doorlock.php:128; Otra evidencia: INTERNAL_LINK doorlock.php:133; Otra evidencia: INTERNAL_LINK doorlock.php:137; Otra evidencia: INTERNAL_LINK puertas-peatonales-estandar-y-reforzada.php:33; Otra evidencia: INTERNAL_LINK puertas-peatonales-estandar-y-reforzada.php:38; Otra evidencia: INTERNAL_LINK puertas-peatonales-estandar-y-reforzada.php:42; Otra evidencia: INTERNAL_LINK puertas-salida-emergencia.php:51; Otra evidencia: INTERNAL_LINK puertas-salida-emergencia.php:56; Otra evidencia: INTERNAL_LINK puertas-salida-emergencia.php:60"
https://puertasyserviciosindustriales.com/puerta-holandesa.php,DIRECT_FILE,puerta-holandesa.php,PRODUCT_PAGE,puerta-holandesa.php,CONFIRMED,PRESERVE,"Análisis estático; HTTP e indexación real UNKNOWN; CONFIRMED prueba evidencia local, no respuesta HTTP; Otra evidencia: INTERNAL_LINK centros-comerciales.php:215; Otra evidencia: INTERNAL_LINK centros-comerciales.php:220; Otra evidencia: INTERNAL_LINK centros-comerciales.php:224; Otra evidencia: INTERNAL_LINK doorlock.php:166; Otra evidencia: INTERNAL_LINK doorlock.php:171; Otra evidencia: INTERNAL_LINK doorlock.php:175; Otra evidencia: INTERNAL_LINK puertas-peatonales-tipo-holandesa.php:33; Otra evidencia: INTERNAL_LINK puertas-peatonales-tipo-holandesa.php:38; Otra evidencia: INTERNAL_LINK puertas-peatonales-tipo-holandesa.php:42; Otra evidencia: INTERNAL_LINK puertas-salida-emergencia.php:87; Otra evidencia: INTERNAL_LINK puertas-salida-emergencia.php:92; Otra evidencia: INTERNAL_LINK puertas-salida-emergencia.php:96; Otra evidencia: INTERNAL_LINK puertas-y-fijos-louver.php:51; Otra evidencia: INTERNAL_LINK puertas-y-fijos-louver.php:56; Otra evidencia: INTERNAL_LINK puertas-y-fijos-louver.php:60"
https://puertasyserviciosindustriales.com/puerta-para-hospital.php,DIRECT_FILE,puerta-para-hospital.php,PRODUCT_PAGE,puerta-para-hospital.php,CONFIRMED,PRESERVE,"Análisis estático; HTTP e indexación real UNKNOWN; CONFIRMED prueba evidencia local, no respuesta HTTP; Otra evidencia: INTERNAL_LINK doorlock.php:184; Otra evidencia: INTERNAL_LINK doorlock.php:189; Otra evidencia: INTERNAL_LINK doorlock.php:193; Otra evidencia: INTERNAL_LINK puertas-peatonales-hospitales.php:51; Otra evidencia: INTERNAL_LINK puertas-peatonales-hospitales.php:56; Otra evidencia: INTERNAL_LINK puertas-peatonales-hospitales.php:60"
https://puertasyserviciosindustriales.com/puerta-seccionabl-acero-perfiles-422-uso-pesado.php,DIRECT_FILE,puerta-seccionabl-acero-perfiles-422-uso-pesado.php,PRODUCT_PAGE,puerta-seccionabl-acero-perfiles-422-uso-pesado.php,CONFIRMED,PRESERVE,"Análisis estático; HTTP e indexación real UNKNOWN; CONFIRMED prueba evidencia local, no respuesta HTTP; Otra evidencia: INTERNAL_LINK puertas-seccionales-industriales.php:272; Otra evidencia: INTERNAL_LINK puertas-seccionales-industriales.php:277; Otra evidencia: INTERNAL_LINK puertas-seccionales-industriales.php:281"
https://puertasyserviciosindustriales.com/puerta-seccional-de-acero-perfiles-418.php,DIRECT_FILE,puerta-seccional-de-acero-perfiles-418.php,PRODUCT_PAGE,puerta-seccional-de-acero-perfiles-418.php,CONFIRMED,PRESERVE,"Análisis estático; HTTP e indexación real UNKNOWN; CONFIRMED prueba evidencia local, no respuesta HTTP; Otra evidencia: INTERNAL_LINK puertas-seccionales-industriales.php:254; Otra evidencia: INTERNAL_LINK puertas-seccionales-industriales.php:259; Otra evidencia: INTERNAL_LINK puertas-seccionales-industriales.php:263"
https://puertasyserviciosindustriales.com/puerta-seccional-de-acero-perfiles-432-uso-medio.php,DIRECT_FILE,puerta-seccional-de-acero-perfiles-432-uso-medio.php,PRODUCT_PAGE,puerta-seccional-de-acero-perfiles-432-uso-medio.php,CONFIRMED,PRESERVE,"Análisis estático; HTTP e indexación real UNKNOWN; CONFIRMED prueba evidencia local, no respuesta HTTP; Otra evidencia: INTERNAL_LINK puertas-seccionales-industriales.php:310; Otra evidencia: INTERNAL_LINK puertas-seccionales-industriales.php:315; Otra evidencia: INTERNAL_LINK puertas-seccionales-industriales.php:319"
https://puertasyserviciosindustriales.com/puerta-seccional-de-acero-sin-aislamiento-416-uso-muy-pesado.php,DIRECT_FILE,puerta-seccional-de-acero-sin-aislamiento-416-uso-muy-pesado.php,PRODUCT_PAGE,puerta-seccional-de-acero-sin-aislamiento-416-uso-muy-pesado.php,CONFIRMED,PRESERVE,"Análisis estático; HTTP e indexación real UNKNOWN; CONFIRMED prueba evidencia local, no respuesta HTTP; Otra evidencia: INTERNAL_LINK puertas-seccionales-industriales.php:163; Otra evidencia: INTERNAL_LINK puertas-seccionales-industriales.php:168; Otra evidencia: INTERNAL_LINK puertas-seccionales-industriales.php:172"
https://puertasyserviciosindustriales.com/puerta-seccional-de-acero-sin-aislamiento-424-uso-pesado.php,DIRECT_FILE,puerta-seccional-de-acero-sin-aislamiento-424-uso-pesado.php,PRODUCT_PAGE,puerta-seccional-de-acero-sin-aislamiento-424-uso-pesado.php,CONFIRMED,PRESERVE,"Análisis estático; HTTP e indexación real UNKNOWN; CONFIRMED prueba evidencia local, no respuesta HTTP; Otra evidencia: INTERNAL_LINK puertas-seccionales-industriales.php:199; Otra evidencia: INTERNAL_LINK puertas-seccionales-industriales.php:204; Otra evidencia: INTERNAL_LINK puertas-seccionales-industriales.php:208"
https://puertasyserviciosindustriales.com/puerta-seccional-de-acero-thermacore-593-uso-medio.php,DIRECT_FILE,puerta-seccional-de-acero-thermacore-593-uso-medio.php,PRODUCT_PAGE,puerta-seccional-de-acero-thermacore-593-uso-medio.php,CONFIRMED,PRESERVE,"Análisis estático; HTTP e indexación real UNKNOWN; CONFIRMED prueba evidencia local, no respuesta HTTP; Otra evidencia: INTERNAL_LINK puertas-seccionales-industriales.php:328; Otra evidencia: INTERNAL_LINK puertas-seccionales-industriales.php:333; Otra evidencia: INTERNAL_LINK puertas-seccionales-industriales.php:337"
https://puertasyserviciosindustriales.com/puerta-seccional-de-acero-thermacore-594-uso-medio.php,DIRECT_FILE,puerta-seccional-de-acero-thermacore-594-uso-medio.php,PRODUCT_PAGE,puerta-seccional-de-acero-thermacore-594-uso-medio.php,CONFIRMED,PRESERVE,"Análisis estático; HTTP e indexación real UNKNOWN; CONFIRMED prueba evidencia local, no respuesta HTTP; Otra evidencia: INTERNAL_LINK puertas-seccionales-industriales.php:347; Otra evidencia: INTERNAL_LINK puertas-seccionales-industriales.php:352; Otra evidencia: INTERNAL_LINK puertas-seccionales-industriales.php:356"
https://puertasyserviciosindustriales.com/puerta-seccional-de-acero-thermacore-595-uso-pesado.php,DIRECT_FILE,puerta-seccional-de-acero-thermacore-595-uso-pesado.php,PRODUCT_PAGE,puerta-seccional-de-acero-thermacore-595-uso-pesado.php,CONFIRMED,PRESERVE,"Análisis estático; HTTP e indexación real UNKNOWN; CONFIRMED prueba evidencia local, no respuesta HTTP"
https://puertasyserviciosindustriales.com/puerta-seccional-de-acero-thermacore-599-uso-muy-pesado.php,DIRECT_FILE,puerta-seccional-de-acero-thermacore-599-uso-muy-pesado.php,PRODUCT_PAGE,puerta-seccional-de-acero-thermacore-599-uso-muy-pesado.php,CONFIRMED,PRESERVE,"Análisis estático; HTTP e indexación real UNKNOWN; CONFIRMED prueba evidencia local, no respuesta HTTP; Otra evidencia: INTERNAL_LINK puertas-seccionales-industriales.php:402; Otra evidencia: INTERNAL_LINK puertas-seccionales-industriales.php:407; Otra evidencia: INTERNAL_LINK puertas-seccionales-industriales.php:411"
https://puertasyserviciosindustriales.com/puerta-seccional-de-acero-thermacore-serie-592.php,DIRECT_FILE,puerta-seccional-de-acero-thermacore-serie-592.php,PRODUCT_PAGE,puerta-seccional-de-acero-thermacore-serie-592.php,CONFIRMED,PRESERVE,"Análisis estático; HTTP e indexación real UNKNOWN; CONFIRMED prueba evidencia local, no respuesta HTTP; Otra evidencia: INTERNAL_LINK overhead-door.php:130; Otra evidencia: INTERNAL_LINK overhead-door.php:135; Otra evidencia: INTERNAL_LINK overhead-door.php:139; Otra evidencia: INTERNAL_LINK puertas-seccionales-industriales.php:145; Otra evidencia: INTERNAL_LINK puertas-seccionales-industriales.php:150; Otra evidencia: INTERNAL_LINK puertas-seccionales-industriales.php:154"
https://puertasyserviciosindustriales.com/puerta-y-fijos-louver.php,DIRECT_FILE,puerta-y-fijos-louver.php,PRODUCT_PAGE,puerta-y-fijos-louver.php,CONFIRMED,PRESERVE,"Análisis estático; HTTP e indexación real UNKNOWN; CONFIRMED prueba evidencia local, no respuesta HTTP; Otra evidencia: INTERNAL_LINK centros-comerciales.php:233; Otra evidencia: INTERNAL_LINK centros-comerciales.php:238; Otra evidencia: INTERNAL_LINK centros-comerciales.php:242; Otra evidencia: INTERNAL_LINK doorlock.php:202; Otra evidencia: INTERNAL_LINK doorlock.php:207; Otra evidencia: INTERNAL_LINK doorlock.php:211; Otra evidencia: INTERNAL_LINK puertas-salida-emergencia.php:105; Otra evidencia: INTERNAL_LINK puertas-salida-emergencia.php:110; Otra evidencia: INTERNAL_LINK puertas-salida-emergencia.php:114; Otra evidencia: INTERNAL_LINK puertas-y-fijos-louver.php:33; Otra evidencia: INTERNAL_LINK puertas-y-fijos-louver.php:38; Otra evidencia: INTERNAL_LINK puertas-y-fijos-louver.php:42"
https://puertasyserviciosindustriales.com/puertas-blindadas.php,DIRECT_FILE,puertas-blindadas.php,PRODUCT_PAGE,puertas-blindadas.php,CONFIRMED,PRESERVE,"Análisis estático; HTTP e indexación real UNKNOWN; CONFIRMED prueba evidencia local, no respuesta HTTP; Otra evidencia: INTERNAL_LINK blindadas.php:33; Otra evidencia: INTERNAL_LINK blindadas.php:38; Otra evidencia: INTERNAL_LINK blindadas.php:42; Otra evidencia: INTERNAL_LINK centros-comerciales.php:143; Otra evidencia: INTERNAL_LINK centros-comerciales.php:148; Otra evidencia: INTERNAL_LINK centros-comerciales.php:152; Otra evidencia: INTERNAL_LINK doorlock.php:74; Otra evidencia: INTERNAL_LINK doorlock.php:79; Otra evidencia: INTERNAL_LINK doorlock.php:83; Otra evidencia: INTERNAL_LINK puerta-contra-incendio.php:51; Otra evidencia: INTERNAL_LINK puerta-contra-incendio.php:56; Otra evidencia: INTERNAL_LINK puerta-contra-incendio.php:60"
https://puertasyserviciosindustriales.com/puertas-contra-incendio.php,DIRECT_FILE,puertas-contra-incendio.php,PRODUCT_PAGE,puertas-contra-incendio.php,CONFIRMED,PRESERVE,"Análisis estático; HTTP e indexación real UNKNOWN; CONFIRMED prueba evidencia local, no respuesta HTTP; Otra evidencia: INTERNAL_LINK centros-comerciales.php:161; Otra evidencia: INTERNAL_LINK centros-comerciales.php:166; Otra evidencia: INTERNAL_LINK centros-comerciales.php:170; Otra evidencia: INTERNAL_LINK contra-incendio.php:33; Otra evidencia: INTERNAL_LINK contra-incendio.php:38; Otra evidencia: INTERNAL_LINK contra-incendio.php:42; Otra evidencia: INTERNAL_LINK doorlock.php:92; Otra evidencia: INTERNAL_LINK doorlock.php:97; Otra evidencia: INTERNAL_LINK doorlock.php:101; Otra evidencia: INTERNAL_LINK puerta-contra-incendio.php:69; Otra evidencia: INTERNAL_LINK puerta-contra-incendio.php:74; Otra evidencia: INTERNAL_LINK puerta-contra-incendio.php:78; Otra evidencia: INTERNAL_LINK puertas-salida-emergencia.php:33; Otra evidencia: INTERNAL_LINK puertas-salida-emergencia.php:38; Otra evidencia: INTERNAL_LINK puertas-salida-emergencia.php:42"
https://puertasyserviciosindustriales.com/puertas-contra-rayos-x.php,DIRECT_FILE,puertas-contra-rayos-x.php,PRODUCT_PAGE,puertas-contra-rayos-x.php,CONFIRMED,PRESERVE,"Análisis estático; HTTP e indexación real UNKNOWN; CONFIRMED prueba evidencia local, no respuesta HTTP; Otra evidencia: INTERNAL_LINK doorlock.php:110; Otra evidencia: INTERNAL_LINK doorlock.php:115; Otra evidencia: INTERNAL_LINK doorlock.php:119; Otra evidencia: INTERNAL_LINK puertas-peatonales-hospitales.php:33; Otra evidencia: INTERNAL_LINK puertas-peatonales-hospitales.php:38; Otra evidencia: INTERNAL_LINK puertas-peatonales-hospitales.php:42; Otra evidencia: INTERNAL_LINK puertas-peatonales-rayos-x.php:33; Otra evidencia: INTERNAL_LINK puertas-peatonales-rayos-x.php:38; Otra evidencia: INTERNAL_LINK puertas-peatonales-rayos-x.php:42"
https://puertasyserviciosindustriales.com/puertas-de-garaje-aisladas.php,DIRECT_FILE,puertas-de-garaje-aisladas.php,SEO_LANDING,puertas-de-garaje-aisladas.php,CONFIRMED,PRESERVE,"Análisis estático; HTTP e indexación real UNKNOWN; title genérico heredado; CONFIRMED prueba evidencia local, no respuesta HTTP"
https://puertasyserviciosindustriales.com/puertas-enrollables-de-garage.php,DIRECT_FILE,puertas-enrollables-de-garage.php,SEO_LANDING,puertas-enrollables-de-garage.php,CONFIRMED,PRESERVE,"Análisis estático; HTTP e indexación real UNKNOWN; title genérico heredado; CONFIRMED prueba evidencia local, no respuesta HTTP"
https://puertasyserviciosindustriales.com/puertas-industriales-dockman.php,DIRECT_FILE,puertas-industriales-dockman.php,PRODUCT_PAGE,puertas-industriales-dockman.php,CONFIRMED,PRESERVE,"Análisis estático; HTTP e indexación real UNKNOWN; CONFIRMED prueba evidencia local, no respuesta HTTP; Otra evidencia: INTERNAL_LINK dockman.php:37; Otra evidencia: INTERNAL_LINK dockman.php:42; Otra evidencia: INTERNAL_LINK dockman.php:46; Otra evidencia: INTERNAL_LINK puertas-seccionales-industriales.php:91; Otra evidencia: INTERNAL_LINK puertas-seccionales-industriales.php:96; Otra evidencia: INTERNAL_LINK puertas-seccionales-industriales.php:100"
https://puertasyserviciosindustriales.com/puertas-peatonales-estandar-y-reforzada.php,DIRECT_FILE,puertas-peatonales-estandar-y-reforzada.php,CATEGORY_PAGE,puertas-peatonales-estandar-y-reforzada.php,CONFIRMED,PRESERVE,"Análisis estático; HTTP e indexación real UNKNOWN; CONFIRMED prueba evidencia local, no respuesta HTTP; Otra evidencia: INTERNAL_LINK index-estatico.php:225"
https://puertasyserviciosindustriales.com/puertas-peatonales-hospitales.php,DIRECT_FILE,puertas-peatonales-hospitales.php,CATEGORY_PAGE,puertas-peatonales-hospitales.php,CONFIRMED,PRESERVE,"Análisis estático; HTTP e indexación real UNKNOWN; CONFIRMED prueba evidencia local, no respuesta HTTP; Otra evidencia: INTERNAL_LINK footer.php:45; Otra evidencia: INTERNAL_LINK header.php:113; Otra evidencia: INTERNAL_LINK index-estatico.php:285; Otra evidencia: INTERNAL_LINK links-menu.php:8"
https://puertasyserviciosindustriales.com/puertas-peatonales-rayos-x.php,DIRECT_FILE,puertas-peatonales-rayos-x.php,CATEGORY_PAGE,puertas-peatonales-rayos-x.php,CONFIRMED,PRESERVE,"Análisis estático; HTTP e indexación real UNKNOWN; CONFIRMED prueba evidencia local, no respuesta HTTP; Otra evidencia: INTERNAL_LINK index-estatico.php:282"
https://puertasyserviciosindustriales.com/puertas-peatonales-tipo-holandesa.php,DIRECT_FILE,puertas-peatonales-tipo-holandesa.php,CATEGORY_PAGE,puertas-peatonales-tipo-holandesa.php,CONFIRMED,PRESERVE,"Análisis estático; HTTP e indexación real UNKNOWN; CONFIRMED prueba evidencia local, no respuesta HTTP"
https://puertasyserviciosindustriales.com/puertas-rapidas-enrollables.php,DIRECT_FILE,puertas-rapidas-enrollables.php,SEO_LANDING,puertas-rapidas-enrollables.php,CONFIRMED,PRESERVE,"Análisis estático; HTTP e indexación real UNKNOWN; CONFIRMED prueba evidencia local, no respuesta HTTP; Otra evidencia: INTERNAL_LINK bft-resp.php:66; Otra evidencia: INTERNAL_LINK bft-resp.php:71; Otra evidencia: INTERNAL_LINK bft-resp.php:75; Otra evidencia: INTERNAL_LINK bft-resp.php:85; Otra evidencia: INTERNAL_LINK bft-resp.php:90; Otra evidencia: INTERNAL_LINK bft-resp.php:94; Otra evidencia: INTERNAL_LINK bft-resp.php:103; Otra evidencia: INTERNAL_LINK bft-resp.php:108; Otra evidencia: INTERNAL_LINK bft-resp.php:112; Otra evidencia: INTERNAL_LINK bft-resp.php:121; Otra evidencia: INTERNAL_LINK bft-resp.php:126; Otra evidencia: INTERNAL_LINK bft-resp.php:130; Otra evidencia: INTERNAL_LINK blue-giant.php:162; Otra evidencia: INTERNAL_LINK blue-giant.php:167; Otra evidencia: INTERNAL_LINK blue-giant.php:171; Otra evidencia: INTERNAL_LINK blue-giant.php:181; Otra evidencia: INTERNAL_LINK blue-giant.php:186; Otra evidencia: INTERNAL_LINK blue-giant.php:190; Otra evidencia: INTERNAL_LINK blue-giant.php:199; Otra evidencia: INTERNAL_LINK blue-giant.php:204; Otra evidencia: INTERNAL_LINK blue-giant.php:208; Otra evidencia: INTERNAL_LINK blue-giant.php:217; Otra evidencia: INTERNAL_LINK blue-giant.php:222; Otra evidencia: INTERNAL_LINK blue-giant.php:226"
https://puertasyserviciosindustriales.com/puertas-rapidas.php,DIRECT_FILE,puertas-rapidas.php,CATEGORY_PAGE,puertas-rapidas.php,CONFIRMED,PRESERVE,"Análisis estático; HTTP e indexación real UNKNOWN; CONFIRMED prueba evidencia local, no respuesta HTTP; Otra evidencia: INTERNAL_LINK index-estatico.php:136; Otra evidencia: INTERNAL_LINK industrial.php:123; Otra evidencia: INTERNAL_LINK industrial.php:128; Otra evidencia: INTERNAL_LINK industrial.php:132"
https://puertasyserviciosindustriales.com/puertas-residenciales.php,DIRECT_FILE,puertas-residenciales.php,SEO_LANDING,puertas-residenciales.php,CONFIRMED,PRESERVE,"Análisis estático; HTTP e indexación real UNKNOWN; CONFIRMED prueba evidencia local, no respuesta HTTP"
https://puertasyserviciosindustriales.com/puertas-salida-emergencia.php,DIRECT_FILE,puertas-salida-emergencia.php,CATEGORY_PAGE,puertas-salida-emergencia.php,CONFIRMED,PRESERVE,"Análisis estático; HTTP e indexación real UNKNOWN; CONFIRMED prueba evidencia local, no respuesta HTTP; Otra evidencia: INTERNAL_LINK footer.php:43; Otra evidencia: INTERNAL_LINK header.php:99; Otra evidencia: INTERNAL_LINK index-estatico.php:230; Otra evidencia: INTERNAL_LINK links-menu.php:6"
https://puertasyserviciosindustriales.com/puertas-seccionales-de-acero-aisladas-thermospan-modelo-150.php,DIRECT_FILE,puertas-seccionales-de-acero-aisladas-thermospan-modelo-150.php,PRODUCT_PAGE,puertas-seccionales-de-acero-aisladas-thermospan-modelo-150.php,CONFIRMED,PRESERVE,"Análisis estático; HTTP e indexación real UNKNOWN; CONFIRMED prueba evidencia local, no respuesta HTTP; Otra evidencia: INTERNAL_LINK wayne-dalton.php:56; Otra evidencia: INTERNAL_LINK wayne-dalton.php:61; Otra evidencia: INTERNAL_LINK wayne-dalton.php:65"
https://puertasyserviciosindustriales.com/puertas-seccionales-de-acero-aisladas-thermospan.php,DIRECT_FILE,puertas-seccionales-de-acero-aisladas-thermospan.php,PRODUCT_PAGE,puertas-seccionales-de-acero-aisladas-thermospan.php,CONFIRMED,PRESERVE,"Análisis estático; HTTP e indexación real UNKNOWN; CONFIRMED prueba evidencia local, no respuesta HTTP; Otra evidencia: INTERNAL_LINK puertas-seccionales-industriales.php:55; Otra evidencia: INTERNAL_LINK puertas-seccionales-industriales.php:60; Otra evidencia: INTERNAL_LINK puertas-seccionales-industriales.php:64"
https://puertasyserviciosindustriales.com/puertas-seccionales-de-acero-modelo-2415.php,DIRECT_FILE,puertas-seccionales-de-acero-modelo-2415.php,PRODUCT_PAGE,puertas-seccionales-de-acero-modelo-2415.php,CONFIRMED,PRESERVE,"Análisis estático; HTTP e indexación real UNKNOWN; CONFIRMED prueba evidencia local, no respuesta HTTP; Otra evidencia: INTERNAL_LINK puertas-seccionales-industriales.php:109; Otra evidencia: INTERNAL_LINK puertas-seccionales-industriales.php:114; Otra evidencia: INTERNAL_LINK puertas-seccionales-industriales.php:118; Otra evidencia: INTERNAL_LINK wayne-dalton.php:75; Otra evidencia: INTERNAL_LINK wayne-dalton.php:80; Otra evidencia: INTERNAL_LINK wayne-dalton.php:84"
https://puertasyserviciosindustriales.com/puertas-seccionales-de-acero-perfiles-426.php,DIRECT_FILE,puertas-seccionales-de-acero-perfiles-426.php,PRODUCT_PAGE,puertas-seccionales-de-acero-perfiles-426.php,CONFIRMED,PRESERVE,"Análisis estático; HTTP e indexación real UNKNOWN; CONFIRMED prueba evidencia local, no respuesta HTTP; Otra evidencia: INTERNAL_LINK puertas-seccionales-industriales.php:290; Otra evidencia: INTERNAL_LINK puertas-seccionales-industriales.php:295; Otra evidencia: INTERNAL_LINK puertas-seccionales-industriales.php:299"
https://puertasyserviciosindustriales.com/puertas-seccionales-de-acero-sin-aislamiento-420-uso-pesado.php,DIRECT_FILE,puertas-seccionales-de-acero-sin-aislamiento-420-uso-pesado.php,PRODUCT_PAGE,puertas-seccionales-de-acero-sin-aislamiento-420-uso-pesado.php,CONFIRMED,PRESERVE,"Análisis estático; HTTP e indexación real UNKNOWN; CONFIRMED prueba evidencia local, no respuesta HTTP; Otra evidencia: INTERNAL_LINK puertas-seccionales-industriales.php:181; Otra evidencia: INTERNAL_LINK puertas-seccionales-industriales.php:186; Otra evidencia: INTERNAL_LINK puertas-seccionales-industriales.php:190"
https://puertasyserviciosindustriales.com/puertas-seccionales-de-acero-thermacore-598-uso-liviano.php,DIRECT_FILE,puertas-seccionales-de-acero-thermacore-598-uso-liviano.php,PRODUCT_PAGE,puertas-seccionales-de-acero-thermacore-598-uso-liviano.php,CONFIRMED,PRESERVE,"Análisis estático; HTTP e indexación real UNKNOWN; CONFIRMED prueba evidencia local, no respuesta HTTP; Otra evidencia: INTERNAL_LINK puertas-seccionales-industriales.php:384; Otra evidencia: INTERNAL_LINK puertas-seccionales-industriales.php:389; Otra evidencia: INTERNAL_LINK puertas-seccionales-industriales.php:393"
https://puertasyserviciosindustriales.com/puertas-seccionales-de-aluminio-521.php,DIRECT_FILE,puertas-seccionales-de-aluminio-521.php,PRODUCT_PAGE,puertas-seccionales-de-aluminio-521.php,CONFIRMED,PRESERVE,"Análisis estático; HTTP e indexación real UNKNOWN; CONFIRMED prueba evidencia local, no respuesta HTTP; Otra evidencia: INTERNAL_LINK puertas-seccionales-industriales.php:236; Otra evidencia: INTERNAL_LINK puertas-seccionales-industriales.php:241; Otra evidencia: INTERNAL_LINK puertas-seccionales-industriales.php:245"
https://puertasyserviciosindustriales.com/puertas-seccionales-industriales.php,DIRECT_FILE,puertas-seccionales-industriales.php,CATEGORY_PAGE,puertas-seccionales-industriales.php,CONFIRMED,PRESERVE,"Análisis estático; HTTP e indexación real UNKNOWN; CONFIRMED prueba evidencia local, no respuesta HTTP; Otra evidencia: INTERNAL_LINK back-seccionales.php:2; Otra evidencia: INTERNAL_LINK index-estatico.php:131; Otra evidencia: INTERNAL_LINK index-resp.php:317; Otra evidencia: INTERNAL_LINK index-resp.php:320; Otra evidencia: INTERNAL_LINK industrial.php:33; Otra evidencia: INTERNAL_LINK industrial.php:38; Otra evidencia: INTERNAL_LINK industrial.php:42"
https://puertasyserviciosindustriales.com/puertas-y-fijos-louver.php,DIRECT_FILE,puertas-y-fijos-louver.php,CATEGORY_PAGE,puertas-y-fijos-louver.php,CONFIRMED,PRESERVE,"Análisis estático; HTTP e indexación real UNKNOWN; CONFIRMED prueba evidencia local, no respuesta HTTP; Otra evidencia: INTERNAL_LINK index-estatico.php:226"
https://puertasyserviciosindustriales.com/puertasresidenciales.php,DIRECT_FILE,puertasresidenciales.php,CATEGORY_PAGE,puertasresidenciales.php,CONFIRMED,PRESERVE,"Análisis estático; HTTP e indexación real UNKNOWN; CONFIRMED prueba evidencia local, no respuesta HTTP; Otra evidencia: INTERNAL_LINK index-estatico.php:305; Otra evidencia: INTERNAL_LINK residencial.php:33; Otra evidencia: INTERNAL_LINK residencial.php:38; Otra evidencia: INTERNAL_LINK residencial.php:42"
https://puertasyserviciosindustriales.com/q-silent-max-eagle-3-4-hp.php,DIRECT_FILE,q-silent-max-eagle-3-4-hp.php,PRODUCT_PAGE,q-silent-max-eagle-3-4-hp.php,CONFIRMED,PRESERVE,"Análisis estático; HTTP e indexación real UNKNOWN; CONFIRMED prueba evidencia local, no respuesta HTTP; Otra evidencia: INTERNAL_LINK overhead-door.php:37; Otra evidencia: INTERNAL_LINK overhead-door.php:42; Otra evidencia: INTERNAL_LINK overhead-door.php:46"
https://puertasyserviciosindustriales.com/qik-barreras-automaticas-de-hasta-58-m.php,DIRECT_FILE,qik-barreras-automaticas-de-hasta-58-m.php,PRODUCT_PAGE,qik-barreras-automaticas-de-hasta-58-m.php,CONFIRMED,PRESERVE,"Análisis estático; HTTP e indexación real UNKNOWN; title genérico heredado; CONFIRMED prueba evidencia local, no respuesta HTTP"
https://puertasyserviciosindustriales.com/rampa-niveladora-mecanica-blue-giant.php,DIRECT_FILE,rampa-niveladora-mecanica-blue-giant.php,PRODUCT_PAGE,rampa-niveladora-mecanica-blue-giant.php,CONFIRMED,PRESERVE,"Análisis estático; HTTP e indexación real UNKNOWN; CONFIRMED prueba evidencia local, no respuesta HTTP; Otra evidencia: INTERNAL_LINK blue-giant.php:73; Otra evidencia: INTERNAL_LINK blue-giant.php:78; Otra evidencia: INTERNAL_LINK blue-giant.php:82; Otra evidencia: INTERNAL_LINK rampa-niveladora.php:51; Otra evidencia: INTERNAL_LINK rampa-niveladora.php:56; Otra evidencia: INTERNAL_LINK rampa-niveladora.php:60"
https://puertasyserviciosindustriales.com/rampa-niveladora.php,DIRECT_FILE,rampa-niveladora.php,CATEGORY_PAGE,rampa-niveladora.php,CONFIRMED,PRESERVE,"Análisis estático; HTTP e indexación real UNKNOWN; CONFIRMED prueba evidencia local, no respuesta HTTP; Otra evidencia: INTERNAL_LINK equipos-y-accesorios-para-anden-de-carga.php:37; Otra evidencia: INTERNAL_LINK equipos-y-accesorios-para-anden-de-carga.php:42; Otra evidencia: INTERNAL_LINK equipos-y-accesorios-para-anden-de-carga.php:46; Otra evidencia: INTERNAL_LINK index-estatico.php:192"
https://puertasyserviciosindustriales.com/rampas-de-anden-hidraulicas-kelley.php,DIRECT_FILE,rampas-de-anden-hidraulicas-kelley.php,PRODUCT_PAGE,rampas-de-anden-hidraulicas-kelley.php,CONFIRMED,PRESERVE,"Análisis estático; HTTP e indexación real UNKNOWN; CONFIRMED prueba evidencia local, no respuesta HTTP; Otra evidencia: INTERNAL_LINK kelley.php:37; Otra evidencia: INTERNAL_LINK kelley.php:42; Otra evidencia: INTERNAL_LINK kelley.php:46; Otra evidencia: INTERNAL_LINK rampa-niveladora.php:33; Otra evidencia: INTERNAL_LINK rampa-niveladora.php:38; Otra evidencia: INTERNAL_LINK rampa-niveladora.php:42"
https://puertasyserviciosindustriales.com/rampas-de-anden-hidraulicas.php,DIRECT_FILE,rampas-de-anden-hidraulicas.php,PRODUCT_PAGE,rampas-de-anden-hidraulicas.php,CONFIRMED,PRESERVE,"Análisis estático; HTTP e indexación real UNKNOWN; CONFIRMED prueba evidencia local, no respuesta HTTP; Otra evidencia: INTERNAL_LINK dockman.php:166; Otra evidencia: INTERNAL_LINK dockman.php:171; Otra evidencia: INTERNAL_LINK dockman.php:175; Otra evidencia: INTERNAL_LINK rampa-niveladora.php:69; Otra evidencia: INTERNAL_LINK rampa-niveladora.php:74; Otra evidencia: INTERNAL_LINK rampa-niveladora.php:78"
https://puertasyserviciosindustriales.com/rampas-de-anden-mecanicas.php,DIRECT_FILE,rampas-de-anden-mecanicas.php,PRODUCT_PAGE,rampas-de-anden-mecanicas.php,CONFIRMED,PRESERVE,"Análisis estático; HTTP e indexación real UNKNOWN; CONFIRMED prueba evidencia local, no respuesta HTTP; Otra evidencia: INTERNAL_LINK dockman.php:184; Otra evidencia: INTERNAL_LINK dockman.php:189; Otra evidencia: INTERNAL_LINK dockman.php:193; Otra evidencia: INTERNAL_LINK rampa-niveladora.php:87; Otra evidencia: INTERNAL_LINK rampa-niveladora.php:92; Otra evidencia: INTERNAL_LINK rampa-niveladora.php:96"
https://puertasyserviciosindustriales.com/rapida-apilable.php,DIRECT_FILE,rapida-apilable.php,PRODUCT_PAGE,rapida-apilable.php,CONFIRMED,PRESERVE,"Análisis estático; HTTP e indexación real UNKNOWN; CONFIRMED prueba evidencia local, no respuesta HTTP; Otra evidencia: INTERNAL_LINK infraca-quality-doors.php:56; Otra evidencia: INTERNAL_LINK infraca-quality-doors.php:61; Otra evidencia: INTERNAL_LINK infraca-quality-doors.php:65; Otra evidencia: INTERNAL_LINK puertas-rapidas.php:83; Otra evidencia: INTERNAL_LINK puertas-rapidas.php:88; Otra evidencia: INTERNAL_LINK puertas-rapidas.php:92"
https://puertasyserviciosindustriales.com/rapida-enrollable-industrial.php,DIRECT_FILE,rapida-enrollable-industrial.php,PRODUCT_PAGE,rapida-enrollable-industrial.php,CONFIRMED,PRESERVE,"Análisis estático; HTTP e indexación real UNKNOWN; CONFIRMED prueba evidencia local, no respuesta HTTP; Otra evidencia: INTERNAL_LINK infraca-quality-doors.php:37; Otra evidencia: INTERNAL_LINK infraca-quality-doors.php:42; Otra evidencia: INTERNAL_LINK infraca-quality-doors.php:46; Otra evidencia: INTERNAL_LINK puertas-rapidas.php:65; Otra evidencia: INTERNAL_LINK puertas-rapidas.php:70; Otra evidencia: INTERNAL_LINK puertas-rapidas.php:74"
https://puertasyserviciosindustriales.com/receptor-para-control-vehiculos.php,DIRECT_FILE,receptor-para-control-vehiculos.php,CATEGORY_PAGE,receptor-para-control-vehiculos.php,CONFIRMED,PRESERVE,"Análisis estático; HTTP e indexación real UNKNOWN; CONFIRMED prueba evidencia local, no respuesta HTTP; Otra evidencia: INTERNAL_LINK comercial.php:87; Otra evidencia: INTERNAL_LINK comercial.php:92; Otra evidencia: INTERNAL_LINK comercial.php:96; Otra evidencia: INTERNAL_LINK index-estatico.php:169"
https://puertasyserviciosindustriales.com/residencial.php,DIRECT_FILE,residencial.php,CATEGORY_PAGE,residencial.php,CONFIRMED,PRESERVE,"Análisis estático; HTTP e indexación real UNKNOWN; CONFIRMED prueba evidencia local, no respuesta HTTP; Otra evidencia: INTERNAL_LINK footer.php:46; Otra evidencia: INTERNAL_LINK header.php:128; Otra evidencia: INTERNAL_LINK index-estatico.php:312; Otra evidencia: INTERNAL_LINK index-resp.php:260; Otra evidencia: INTERNAL_LINK index-resp.php:263; Otra evidencia: INTERNAL_LINK links-menu.php:9; Otra evidencia: INTERNAL_LINK soluciones.php:47; Otra evidencia: INTERNAL_LINK soluciones.php:50"
https://puertasyserviciosindustriales.com/retenedor-de-vehiculos.php,DIRECT_FILE,retenedor-de-vehiculos.php,PRODUCT_PAGE,retenedor-de-vehiculos.php,CONFIRMED,PRESERVE,"Análisis estático; HTTP e indexación real UNKNOWN; CONFIRMED prueba evidencia local, no respuesta HTTP; Otra evidencia: INTERNAL_LINK blue-giant.php:55; Otra evidencia: INTERNAL_LINK blue-giant.php:60; Otra evidencia: INTERNAL_LINK blue-giant.php:64; Otra evidencia: INTERNAL_LINK retenedores-de-vehiculos.php:33; Otra evidencia: INTERNAL_LINK retenedores-de-vehiculos.php:38; Otra evidencia: INTERNAL_LINK retenedores-de-vehiculos.php:42"
https://puertasyserviciosindustriales.com/retenedor-vehiculos-hvr303.php,DIRECT_FILE,retenedor-vehiculos-hvr303.php,PRODUCT_PAGE,retenedor-vehiculos-hvr303.php,CONFIRMED,PRESERVE,"Análisis estático; HTTP e indexación real UNKNOWN; title genérico heredado; CONFIRMED prueba evidencia local, no respuesta HTTP; Otra evidencia: INTERNAL_LINK retenedores-de-vehiculos.php:69; Otra evidencia: INTERNAL_LINK retenedores-de-vehiculos.php:74; Otra evidencia: INTERNAL_LINK retenedores-de-vehiculos.php:78"
https://puertasyserviciosindustriales.com/retenedores-de-vehiculos-automatico.php,DIRECT_FILE,retenedores-de-vehiculos-automatico.php,PRODUCT_PAGE,retenedores-de-vehiculos-automatico.php,CONFIRMED,PRESERVE,"Análisis estático; HTTP e indexación real UNKNOWN; CONFIRMED prueba evidencia local, no respuesta HTTP"
https://puertasyserviciosindustriales.com/retenedores-de-vehiculos.php,DIRECT_FILE,retenedores-de-vehiculos.php,CATEGORY_PAGE,retenedores-de-vehiculos.php,CONFIRMED,PRESERVE,"Análisis estático; HTTP e indexación real UNKNOWN; CONFIRMED prueba evidencia local, no respuesta HTTP; Otra evidencia: INTERNAL_LINK equipos-y-accesorios-para-anden-de-carga.php:73; Otra evidencia: INTERNAL_LINK equipos-y-accesorios-para-anden-de-carga.php:78; Otra evidencia: INTERNAL_LINK equipos-y-accesorios-para-anden-de-carga.php:82; Otra evidencia: INTERNAL_LINK index-estatico.php:194"
https://puertasyserviciosindustriales.com/rolli-zip.php,DIRECT_FILE,rolli-zip.php,PRODUCT_PAGE,rolli-zip.php,CONFIRMED,PRESERVE,"Análisis estático; HTTP e indexación real UNKNOWN; CONFIRMED prueba evidencia local, no respuesta HTTP; Otra evidencia: INTERNAL_LINK glg-porte-industriali.php:37; Otra evidencia: INTERNAL_LINK glg-porte-industriali.php:42; Otra evidencia: INTERNAL_LINK glg-porte-industriali.php:46; Otra evidencia: INTERNAL_LINK puertas-rapidas.php:123; Otra evidencia: INTERNAL_LINK puertas-rapidas.php:128; Otra evidencia: INTERNAL_LINK puertas-rapidas.php:132"
https://puertasyserviciosindustriales.com/rytec.php,DIRECT_FILE,rytec.php,BRAND_PAGE,rytec.php,CONFIRMED,PRESERVE,"Análisis estático; HTTP e indexación real UNKNOWN; CONFIRMED prueba evidencia local, no respuesta HTTP; Otra evidencia: INTERNAL_LINK iconos-marcas.php:61; Otra evidencia: INTERNAL_LINK links-menu-marcas.php:10; Otra evidencia: INTERNAL_LINK marcas.php:88"
https://puertasyserviciosindustriales.com/sector-puertas-rapidas-enrollables-de-sectores-intercambiables-y-contrapesos.php,DIRECT_FILE,sector-puertas-rapidas-enrollables-de-sectores-intercambiables-y-contrapesos.php,PRODUCT_PAGE,sector-puertas-rapidas-enrollables-de-sectores-intercambiables-y-contrapesos.php,CONFIRMED,PRESERVE,"Análisis estático; HTTP e indexación real UNKNOWN; title genérico heredado; CONFIRMED prueba evidencia local, no respuesta HTTP"
https://puertasyserviciosindustriales.com/sector-reset.php,DIRECT_FILE,sector-reset.php,PRODUCT_PAGE,sector-reset.php,CONFIRMED,PRESERVE,"Análisis estático; HTTP e indexación real UNKNOWN; title genérico heredado; CONFIRMED prueba evidencia local, no respuesta HTTP"
https://puertasyserviciosindustriales.com/sellos-de-anden.php,DIRECT_FILE,sellos-de-anden.php,PRODUCT_PAGE,sellos-de-anden.php,CONFIRMED,PRESERVE,"Análisis estático; HTTP e indexación real UNKNOWN; CONFIRMED prueba evidencia local, no respuesta HTTP; Otra evidencia: INTERNAL_LINK dockman.php:110; Otra evidencia: INTERNAL_LINK dockman.php:115; Otra evidencia: INTERNAL_LINK dockman.php:119; Otra evidencia: INTERNAL_LINK sellos-para-anden.php:70; Otra evidencia: INTERNAL_LINK sellos-para-anden.php:75; Otra evidencia: INTERNAL_LINK sellos-para-anden.php:79"
https://puertasyserviciosindustriales.com/sellos-nacionales.php,DIRECT_FILE,sellos-nacionales.php,PRODUCT_PAGE,sellos-nacionales.php,CONFIRMED,PRESERVE,"Análisis estático; HTTP e indexación real UNKNOWN; CONFIRMED prueba evidencia local, no respuesta HTTP; Otra evidencia: INTERNAL_LINK sellos-para-anden.php:88; Otra evidencia: INTERNAL_LINK sellos-para-anden.php:93; Otra evidencia: INTERNAL_LINK sellos-para-anden.php:97"
https://puertasyserviciosindustriales.com/sellos-para-anden-shelter-de-soporte-flexible.php,DIRECT_FILE,sellos-para-anden-shelter-de-soporte-flexible.php,PRODUCT_PAGE,sellos-para-anden-shelter-de-soporte-flexible.php,CONFIRMED,PRESERVE,"Análisis estático; HTTP e indexación real UNKNOWN; CONFIRMED prueba evidencia local, no respuesta HTTP; Otra evidencia: INTERNAL_LINK sellos-para-anden.php:51; Otra evidencia: INTERNAL_LINK sellos-para-anden.php:56; Otra evidencia: INTERNAL_LINK sellos-para-anden.php:60"
https://puertasyserviciosindustriales.com/sellos-para-anden.php,DIRECT_FILE,sellos-para-anden.php,CATEGORY_PAGE,sellos-para-anden.php,CONFIRMED,PRESERVE,"Análisis estático; HTTP e indexación real UNKNOWN; CONFIRMED prueba evidencia local, no respuesta HTTP; Otra evidencia: INTERNAL_LINK equipos-y-accesorios-para-anden-de-carga.php:91; Otra evidencia: INTERNAL_LINK equipos-y-accesorios-para-anden-de-carga.php:96; Otra evidencia: INTERNAL_LINK equipos-y-accesorios-para-anden-de-carga.php:100; Otra evidencia: INTERNAL_LINK index-estatico.php:195"
https://puertasyserviciosindustriales.com/semaforos-senalizaciones-para-anden.php,DIRECT_FILE,semaforos-senalizaciones-para-anden.php,CATEGORY_PAGE,semaforos-senalizaciones-para-anden.php,CONFIRMED,PRESERVE,"Análisis estático; HTTP e indexación real UNKNOWN; CONFIRMED prueba evidencia local, no respuesta HTTP; Otra evidencia: INTERNAL_LINK equipos-y-accesorios-para-anden-de-carga.php:110; Otra evidencia: INTERNAL_LINK equipos-y-accesorios-para-anden-de-carga.php:115; Otra evidencia: INTERNAL_LINK equipos-y-accesorios-para-anden-de-carga.php:119; Otra evidencia: INTERNAL_LINK index-estatico.php:196"
https://puertasyserviciosindustriales.com/serie-620.php,DIRECT_FILE,serie-620.php,PRODUCT_PAGE,serie-620.php,CONFIRMED,PRESERVE,"Análisis estático; HTTP e indexación real UNKNOWN; title genérico heredado; CONFIRMED prueba evidencia local, no respuesta HTTP"
https://puertasyserviciosindustriales.com/serie-x130-motor-para-cortina-oculto.php,DIRECT_FILE,serie-x130-motor-para-cortina-oculto.php,PRODUCT_PAGE,serie-x130-motor-para-cortina-oculto.php,CONFIRMED,PRESERVE,"Análisis estático; HTTP e indexación real UNKNOWN; CONFIRMED prueba evidencia local, no respuesta HTTP; Otra evidencia: INTERNAL_LINK bft.php:55; Otra evidencia: INTERNAL_LINK bft.php:60; Otra evidencia: INTERNAL_LINK bft.php:64; Otra evidencia: INTERNAL_LINK operadores-puertas-seccionales-cortinas.php:87; Otra evidencia: INTERNAL_LINK operadores-puertas-seccionales-cortinas.php:92; Otra evidencia: INTERNAL_LINK operadores-puertas-seccionales-cortinas.php:96"
https://puertasyserviciosindustriales.com/sg-onixx-600.php,DIRECT_FILE,sg-onixx-600.php,PRODUCT_PAGE,sg-onixx-600.php,CONFIRMED,PRESERVE,"Análisis estático; HTTP e indexación real UNKNOWN; title genérico heredado; CONFIRMED prueba evidencia local, no respuesta HTTP"
https://puertasyserviciosindustriales.com/shelter-abrigo-estacionario-blue-giant.php,DIRECT_FILE,shelter-abrigo-estacionario-blue-giant.php,PRODUCT_PAGE,shelter-abrigo-estacionario-blue-giant.php,CONFIRMED,PRESERVE,"Análisis estático; HTTP e indexación real UNKNOWN; CONFIRMED prueba evidencia local, no respuesta HTTP; Otra evidencia: INTERNAL_LINK blue-giant.php:37; Otra evidencia: INTERNAL_LINK blue-giant.php:42; Otra evidencia: INTERNAL_LINK blue-giant.php:46; Otra evidencia: INTERNAL_LINK sellos-para-anden.php:33; Otra evidencia: INTERNAL_LINK sellos-para-anden.php:38; Otra evidencia: INTERNAL_LINK sellos-para-anden.php:42"
https://puertasyserviciosindustriales.com/smart-puertas-rapidas-enrollables-de-sectores-intercambiables-con-motor-externo.php,DIRECT_FILE,smart-puertas-rapidas-enrollables-de-sectores-intercambiables-con-motor-externo.php,PRODUCT_PAGE,smart-puertas-rapidas-enrollables-de-sectores-intercambiables-con-motor-externo.php,CONFIRMED,PRESERVE,"Análisis estático; HTTP e indexación real UNKNOWN; title genérico heredado; CONFIRMED prueba evidencia local, no respuesta HTTP"
https://puertasyserviciosindustriales.com/soluciones.php,DIRECT_FILE,soluciones.php,CATEGORY_PAGE,soluciones.php,CONFIRMED,PRESERVE,"Análisis estático; HTTP e indexación real UNKNOWN; CONFIRMED prueba evidencia local, no respuesta HTTP; Otra evidencia: INTERNAL_LINK index-estatico.php:17; Otra evidencia: INTERNAL_LINK index-estatico.php:351; Otra evidencia: INTERNAL_LINK index-resp.php:17; Otra evidencia: INTERNAL_LINK index-resp.php:218; Otra evidencia: INTERNAL_LINK index.php:25; Otra evidencia: INTERNAL_LINK index.php:373; Otra evidencia: INTERNAL_LINK nosotros.php:30"
https://puertasyserviciosindustriales.com/sprint-automatizaciones-para-puertas-peatonales-pequenas-dimensiones.php,DIRECT_FILE,sprint-automatizaciones-para-puertas-peatonales-pequenas-dimensiones.php,PRODUCT_PAGE,sprint-automatizaciones-para-puertas-peatonales-pequenas-dimensiones.php,CONFIRMED,PRESERVE,"Análisis estático; HTTP e indexación real UNKNOWN; title genérico heredado; CONFIRMED prueba evidencia local, no respuesta HTTP"
https://puertasyserviciosindustriales.com/star1000-receptor-comercial.php,DIRECT_FILE,star1000-receptor-comercial.php,PRODUCT_PAGE,star1000-receptor-comercial.php,CONFIRMED,PRESERVE,"Análisis estático; HTTP e indexación real UNKNOWN; title genérico heredado; CONFIRMED prueba evidencia local, no respuesta HTTP"
https://puertasyserviciosindustriales.com/star4-vehicle-restraint.php,DIRECT_FILE,star4-vehicle-restraint.php,PRODUCT_PAGE,star4-vehicle-restraint.php,CONFIRMED,PRESERVE,"Análisis estático; HTTP e indexación real UNKNOWN; CONFIRMED prueba evidencia local, no respuesta HTTP; Otra evidencia: INTERNAL_LINK kelley.php:56; Otra evidencia: INTERNAL_LINK kelley.php:61; Otra evidencia: INTERNAL_LINK kelley.php:65; Otra evidencia: INTERNAL_LINK retenedores-de-vehiculos.php:51; Otra evidencia: INTERNAL_LINK retenedores-de-vehiculos.php:56; Otra evidencia: INTERNAL_LINK retenedores-de-vehiculos.php:60"
https://puertasyserviciosindustriales.com/tiras-plasticas-hawaianas.php,DIRECT_FILE,tiras-plasticas-hawaianas.php,SEO_LANDING,tiras-plasticas-hawaianas.php,CONFIRMED,PRESERVE,"Análisis estático; HTTP e indexación real UNKNOWN; title genérico heredado; CONFIRMED prueba evidencia local, no respuesta HTTP"
https://puertasyserviciosindustriales.com/tiras-plasticas.php,DIRECT_FILE,tiras-plasticas.php,CATEGORY_PAGE,tiras-plasticas.php,CONFIRMED,PRESERVE,"Análisis estático; HTTP e indexación real UNKNOWN; CONFIRMED prueba evidencia local, no respuesta HTTP; Otra evidencia: INTERNAL_LINK index-estatico.php:137; Otra evidencia: INTERNAL_LINK industrial.php:141; Otra evidencia: INTERNAL_LINK industrial.php:146; Otra evidencia: INTERNAL_LINK industrial.php:150"
https://puertasyserviciosindustriales.com/traffic.php,DIRECT_FILE,traffic.php,PRODUCT_PAGE,traffic.php,CONFIRMED,PRESERVE,"Análisis estático; HTTP e indexación real UNKNOWN; title genérico heredado; CONFIRMED prueba evidencia local, no respuesta HTTP"
https://puertasyserviciosindustriales.com/upper-up8e-barreras-automaticas-de-hasta-8-m.php,DIRECT_FILE,upper-up8e-barreras-automaticas-de-hasta-8-m.php,PRODUCT_PAGE,upper-up8e-barreras-automaticas-de-hasta-8-m.php,CONFIRMED,PRESERVE,"Análisis estático; HTTP e indexación real UNKNOWN; title genérico heredado; CONFIRMED prueba evidencia local, no respuesta HTTP"
https://puertasyserviciosindustriales.com/vertigo.php,DIRECT_FILE,vertigo.php,PRODUCT_PAGE,vertigo.php,CONFIRMED,PRESERVE,"Análisis estático; HTTP e indexación real UNKNOWN; CONFIRMED prueba evidencia local, no respuesta HTTP; Otra evidencia: INTERNAL_LINK cortinas-enrollables-industriales.php:304; Otra evidencia: INTERNAL_LINK cortinas-enrollables-industriales.php:309; Otra evidencia: INTERNAL_LINK cortinas-enrollables-industriales.php:313; Otra evidencia: INTERNAL_LINK glg-porte-industriali.php:74; Otra evidencia: INTERNAL_LINK glg-porte-industriali.php:79; Otra evidencia: INTERNAL_LINK glg-porte-industriali.php:83"
https://puertasyserviciosindustriales.com/wayne-dalton.php,DIRECT_FILE,wayne-dalton.php,BRAND_PAGE,wayne-dalton.php,CONFIRMED,PRESERVE,"Análisis estático; HTTP e indexación real UNKNOWN; CONFIRMED prueba evidencia local, no respuesta HTTP; Otra evidencia: INTERNAL_LINK iconos-marcas.php:16; Otra evidencia: INTERNAL_LINK links-menu-marcas.php:5; Otra evidencia: INTERNAL_LINK marcas.php:43"
https://puertasyserviciosindustriales.com/wel-aotmatizacion-de-puertas-peatonales-pequena-y-robusta.php,DIRECT_FILE,wel-aotmatizacion-de-puertas-peatonales-pequena-y-robusta.php,PRODUCT_PAGE,wel-aotmatizacion-de-puertas-peatonales-pequena-y-robusta.php,CONFIRMED,PRESERVE,"Análisis estático; HTTP e indexación real UNKNOWN; title genérico heredado; CONFIRMED prueba evidencia local, no respuesta HTTP"
https://puertasyserviciosindustriales.com/xel-5-selector-de-llave.php,DIRECT_FILE,xel-5-selector-de-llave.php,PRODUCT_PAGE,xel-5-selector-de-llave.php,CONFIRMED,PRESERVE,"Análisis estático; HTTP e indexación real UNKNOWN; title genérico heredado; CONFIRMED prueba evidencia local, no respuesta HTTP"
https://puertasyserviciosindustriales.com/,INTERNAL_LINK,sitemap.xml,URL sitemap,index.php,CONFIRMED,PRESERVE,"Literal de sitemap.xml; existencia pública sin verificar; CONFIRMED prueba evidencia local, no respuesta HTTP"
https://puertasyserviciosindustriales.com/fichas/Puerta-incendio-Door-Loock.pdf,DIRECT_FILE,sitemap.xml,URL sitemap,fichas/Puerta-incendio-Door-Loock.pdf,CONFIRMED,PRESERVE,"Literal de sitemap.xml; existencia pública sin verificar; referencia adicional: Archivo local existente; no se infiere indexación; CONFIRMED prueba evidencia local, no respuesta HTTP; Otra evidencia: INTERNAL_LINK puertas-contra-incendio.php:32; Otra evidencia: DIRECT_FILE fichas/Puerta-incendio-Door-Loock.pdf"
https://puertasyserviciosindustriales.com/fichas/Puertas-contra-incendio.pdf,DIRECT_FILE,sitemap.xml,URL sitemap,fichas/Puertas-contra-incendio.pdf,CONFIRMED,PRESERVE,"Literal de sitemap.xml; existencia pública sin verificar; referencia adicional: Archivo local existente; no se infiere indexación; CONFIRMED prueba evidencia local, no respuesta HTTP; Otra evidencia: INTERNAL_LINK puertas-contra-incendio.php:33; Otra evidencia: DIRECT_FILE fichas/Puertas-contra-incendio.pdf"
https://puertasyserviciosindustriales.com/fichas/Puerta_Estandar_Door-Lock.pdf,DIRECT_FILE,sitemap.xml,URL sitemap,fichas/Puerta_Estandar_Door-Lock.pdf,CONFIRMED,PRESERVE,"Literal de sitemap.xml; existencia pública sin verificar; referencia adicional: Archivo local existente; no se infiere indexación; CONFIRMED prueba evidencia local, no respuesta HTTP; Otra evidencia: INTERNAL_LINK puerta-estandar.php:32; Otra evidencia: DIRECT_FILE fichas/Puerta_Estandar_Door-Lock.pdf"
https://puertasyserviciosindustriales.com/fichas/Puerta-Standar-Folleto.pdf,DIRECT_FILE,sitemap.xml,URL sitemap,fichas/Puerta-Standar-Folleto.pdf,CONFIRMED,PRESERVE,"Literal de sitemap.xml; existencia pública sin verificar; referencia adicional: Archivo local existente; no se infiere indexación; CONFIRMED prueba evidencia local, no respuesta HTTP; Otra evidencia: INTERNAL_LINK puerta-estandar.php:33; Otra evidencia: DIRECT_FILE fichas/Puerta-Standar-Folleto.pdf"
https://puertasyserviciosindustriales.com/fichas/Puerta-Estandar-Reforzada-Door-Lock.pdf,DIRECT_FILE,sitemap.xml,URL sitemap,fichas/Puerta-Estandar-Reforzada-Door-Lock.pdf,CONFIRMED,PRESERVE,"Literal de sitemap.xml; existencia pública sin verificar; referencia adicional: Archivo local existente; no se infiere indexación; CONFIRMED prueba evidencia local, no respuesta HTTP; Otra evidencia: INTERNAL_LINK puerta-estandar-reforzada.php:32; Otra evidencia: DIRECT_FILE fichas/Puerta-Estandar-Reforzada-Door-Lock.pdf"
https://puertasyserviciosindustriales.com/fichas/Puerta-Standar-Reforzada-folleto.pdf,DIRECT_FILE,sitemap.xml,URL sitemap,fichas/Puerta-Standar-Reforzada-folleto.pdf,CONFIRMED,PRESERVE,"Literal de sitemap.xml; existencia pública sin verificar; referencia adicional: Archivo local existente; no se infiere indexación; CONFIRMED prueba evidencia local, no respuesta HTTP; Otra evidencia: INTERNAL_LINK puerta-estandar-reforzada.php:33; Otra evidencia: DIRECT_FILE fichas/Puerta-Standar-Reforzada-folleto.pdf"
https://puertasyserviciosindustriales.com/fichas/Puerta-Holandesa-Door-Lock.pdf,DIRECT_FILE,sitemap.xml,URL sitemap,fichas/Puerta-Holandesa-Door-Lock.pdf,CONFIRMED,PRESERVE,"Literal de sitemap.xml; existencia pública sin verificar; referencia adicional: Archivo local existente; no se infiere indexación; CONFIRMED prueba evidencia local, no respuesta HTTP; Otra evidencia: INTERNAL_LINK puerta-holandesa.php:32; Otra evidencia: DIRECT_FILE fichas/Puerta-Holandesa-Door-Lock.pdf"
https://puertasyserviciosindustriales.com/fichas/CONTRA_EXPLOSION.pdf,DIRECT_FILE,sitemap.xml,URL sitemap,fichas/CONTRA_EXPLOSION.pdf,CONFIRMED,PRESERVE,"Literal de sitemap.xml; existencia pública sin verificar; referencia adicional: Archivo local existente; no se infiere indexación; CONFIRMED prueba evidencia local, no respuesta HTTP; Otra evidencia: INTERNAL_LINK puerta-contra-explosion.php:31; Otra evidencia: DIRECT_FILE fichas/CONTRA_EXPLOSION.pdf"
https://puertasyserviciosindustriales.com/fichas/Puerta-Blindada1.pdf,DIRECT_FILE,sitemap.xml,URL sitemap,fichas/Puerta-Blindada1.pdf,CONFIRMED,PRESERVE,"Literal de sitemap.xml; existencia pública sin verificar; referencia adicional: Archivo local existente; no se infiere indexación; CONFIRMED prueba evidencia local, no respuesta HTTP; Otra evidencia: INTERNAL_LINK puertas-blindadas.php:32; Otra evidencia: DIRECT_FILE fichas/Puerta-Blindada1.pdf"
https://puertasyserviciosindustriales.com/fichas/Ventana-blindad-y-pasa-documentos.pdf,DIRECT_FILE,sitemap.xml,URL sitemap,fichas/Ventana-blindad-y-pasa-documentos.pdf,CONFIRMED,PRESERVE,"Literal de sitemap.xml; existencia pública sin verificar; referencia adicional: Archivo local existente; no se infiere indexación; CONFIRMED prueba evidencia local, no respuesta HTTP; Otra evidencia: INTERNAL_LINK puertas-blindadas.php:33; Otra evidencia: DIRECT_FILE fichas/Ventana-blindad-y-pasa-documentos.pdf"
https://puertasyserviciosindustriales.com/fichas/Puertas-Rayosx-folleto.pdf,DIRECT_FILE,sitemap.xml,URL sitemap,fichas/Puertas-Rayosx-folleto.pdf,CONFIRMED,PRESERVE,"Literal de sitemap.xml; existencia pública sin verificar; referencia adicional: Archivo local existente; no se infiere indexación; CONFIRMED prueba evidencia local, no respuesta HTTP; Otra evidencia: INTERNAL_LINK puertas-contra-rayos-x.php:32; Otra evidencia: DIRECT_FILE fichas/Puertas-Rayosx-folleto.pdf"
https://puertasyserviciosindustriales.com/fichas/Puerta-Rayos-X-fabricaci%C3%B3n.pdf,DIRECT_FILE,sitemap.xml,URL sitemap,fichas/Puerta-Rayos-X-fabricación.pdf,CONFIRMED,PRESERVE,"Literal de sitemap.xml; existencia pública sin verificar; CONFIRMED prueba evidencia local, no respuesta HTTP"
https://puertasyserviciosindustriales.com/fichas/13.0.Folleto-Operador-AccessPRO-FS1000-SPEED-hoja-tecnica.pdf,DIRECT_FILE,sitemap.xml,URL sitemap,fichas/13.0.Folleto-Operador-AccessPRO-FS1000-SPEED-hoja-tecnica.pdf,CONFIRMED,PRESERVE,"Literal de sitemap.xml; existencia pública sin verificar; referencia adicional: Archivo local existente; no se infiere indexación; CONFIRMED prueba evidencia local, no respuesta HTTP; Otra evidencia: INTERNAL_LINK accesspro-fs1000speed.php:32; Otra evidencia: INTERNAL_LINK operadores-puerta-abatible.php:31; Otra evidencia: INTERNAL_LINK operadores-puerta-corrediza-residencial.php:31; Otra evidencia: INTERNAL_LINK operadores-puertas-ascendentes.php:31; Otra evidencia: INTERNAL_LINK q-silent-max-eagle-3-4-hp.php:32; Otra evidencia: DIRECT_FILE fichas/13.0.Folleto-Operador-AccessPRO-FS1000-SPEED-hoja-tecnica.pdf"
https://puertasyserviciosindustriales.com/fichas/rolling-service-doors-625-brochure.pdf,DIRECT_FILE,sitemap.xml,URL sitemap,fichas/rolling-service-doors-625-brochure.pdf,CONFIRMED,PRESERVE,"Literal de sitemap.xml; existencia pública sin verificar; referencia adicional: Archivo local existente; no se infiere indexación; CONFIRMED prueba evidencia local, no respuesta HTTP; Otra evidencia: INTERNAL_LINK cortina-serie-625.php:31; Otra evidencia: DIRECT_FILE fichas/rolling-service-doors-625-brochure.pdf"
https://puertasyserviciosindustriales.com/fichas/commercial-aluminum-door-systems-brochure.pdf,DIRECT_FILE,sitemap.xml,URL sitemap,fichas/commercial-aluminum-door-systems-brochure.pdf,CONFIRMED,PRESERVE,"Literal de sitemap.xml; existencia pública sin verificar; referencia adicional: Archivo local existente; no se infiere indexación; CONFIRMED prueba evidencia local, no respuesta HTTP; Otra evidencia: INTERNAL_LINK cortina-en-aluminio-serie-511-521.php:31; Otra evidencia: DIRECT_FILE fichas/commercial-aluminum-door-systems-brochure.pdf"
https://puertasyserviciosindustriales.com/fichas/lisos.pdf,DIRECT_FILE,sitemap.xml,URL sitemap,fichas/lisos.pdf,CONFIRMED,PRESERVE,"Literal de sitemap.xml; existencia pública sin verificar; referencia adicional: Archivo local existente; no se infiere indexación; CONFIRMED prueba evidencia local, no respuesta HTTP; Otra evidencia: INTERNAL_LINK coleccion-modern-steel.php:36; Otra evidencia: DIRECT_FILE fichas/lisos.pdf"
https://puertasyserviciosindustriales.com/fichas/rolling-steel-doors-610-620-brochure.pdf,DIRECT_FILE,sitemap.xml,URL sitemap,fichas/rolling-steel-doors-610-620-brochure.pdf,CONFIRMED,PRESERVE,"Literal de sitemap.xml; existencia pública sin verificar; referencia adicional: Archivo local existente; no se infiere indexación; CONFIRMED prueba evidencia local, no respuesta HTTP; Otra evidencia: INTERNAL_LINK cortina-serie-620.php:31; Otra evidencia: DIRECT_FILE fichas/rolling-steel-doors-610-620-brochure.pdf"
https://puertasyserviciosindustriales.com/fichas/sectional-thermacore-doors-592-599-brochure.pdf,DIRECT_FILE,sitemap.xml,URL sitemap,fichas/sectional-thermacore-doors-592-599-brochure.pdf,CONFIRMED,PRESERVE,"Literal de sitemap.xml; existencia pública sin verificar; referencia adicional: Archivo local existente; no se infiere indexación; CONFIRMED prueba evidencia local, no respuesta HTTP; Otra evidencia: INTERNAL_LINK puerta-seccional-de-acero-thermacore-serie-592.php:36; Otra evidencia: DIRECT_FILE fichas/sectional-thermacore-doors-592-599-brochure.pdf"
https://puertasyserviciosindustriales.com/fichas/RSIDENCIAL-SERIE-PREMIUM.pdf,DIRECT_FILE,sitemap.xml,URL sitemap,fichas/RSIDENCIAL-SERIE-PREMIUM.pdf,CONFIRMED,PRESERVE,"Literal de sitemap.xml; existencia pública sin verificar; referencia adicional: Archivo local existente; no se infiere indexación; CONFIRMED prueba evidencia local, no respuesta HTTP; Otra evidencia: INTERNAL_LINK coleccion-classic.php:27; Otra evidencia: DIRECT_FILE fichas/RSIDENCIAL-SERIE-PREMIUM.pdf"
https://puertasyserviciosindustriales.com/fichas/rolling-service-doors-600-brochure.pdf,DIRECT_FILE,sitemap.xml,URL sitemap,fichas/rolling-service-doors-600-brochure.pdf,CONFIRMED,PRESERVE,"Literal de sitemap.xml; existencia pública sin verificar; referencia adicional: Archivo local existente; no se infiere indexación; CONFIRMED prueba evidencia local, no respuesta HTTP; Otra evidencia: INTERNAL_LINK cortina-serie-600.php:31; Otra evidencia: DIRECT_FILE fichas/rolling-service-doors-600-brochure.pdf"
https://puertasyserviciosindustriales.com/fichas/fireking-fire-door-systems-brochure.pdf,DIRECT_FILE,sitemap.xml,URL sitemap,fichas/fireking-fire-door-systems-brochure.pdf,CONFIRMED,PRESERVE,"Literal de sitemap.xml; existencia pública sin verificar; referencia adicional: Archivo local existente; no se infiere indexación; CONFIRMED prueba evidencia local, no respuesta HTTP; Otra evidencia: INTERNAL_LINK cortina-serie-630.php:31; Otra evidencia: DIRECT_FILE fichas/fireking-fire-door-systems-brochure.pdf"
https://puertasyserviciosindustriales.com/fichas/Operador-RHX-Folleto-comercial-para-cortina.pdf,DIRECT_FILE,sitemap.xml,URL sitemap,fichas/Operador-RHX-Folleto-comercial-para-cortina.pdf,CONFIRMED,PRESERVE,"Literal de sitemap.xml; existencia pública sin verificar; referencia adicional: Archivo local existente; no se infiere indexación; CONFIRMED prueba evidencia local, no respuesta HTTP; Otra evidencia: INTERNAL_LINK operador-comercial-rhx.php:31; Otra evidencia: DIRECT_FILE fichas/Operador-RHX-Folleto-comercial-para-cortina.pdf"
https://puertasyserviciosindustriales.com/fichas/Folleto-de-Cortina-Enrollable-Wayne-Dalton-Firestar-700-2.pdf,DIRECT_FILE,sitemap.xml,URL sitemap,fichas/Folleto-de-Cortina-Enrollable-Wayne-Dalton-Firestar-700-2.pdf,CONFIRMED,PRESERVE,"Literal de sitemap.xml; existencia pública sin verificar; referencia adicional: Archivo local existente; no se infiere indexación; CONFIRMED prueba evidencia local, no respuesta HTTP; Otra evidencia: INTERNAL_LINK fire-rated-doors-firestar-models-700-700c.php:31; Otra evidencia: DIRECT_FILE fichas/Folleto-de-Cortina-Enrollable-Wayne-Dalton-Firestar-700-2.pdf"
https://puertasyserviciosindustriales.com/fichas/sectional-steel-door-model-150-brochure.pdf,DIRECT_FILE,sitemap.xml,URL sitemap,fichas/sectional-steel-door-model-150-brochure.pdf,CONFIRMED,PRESERVE,"Literal de sitemap.xml; existencia pública sin verificar; referencia adicional: Archivo local existente; no se infiere indexación; CONFIRMED prueba evidencia local, no respuesta HTTP; Otra evidencia: INTERNAL_LINK puertas-seccionales-de-acero-aisladas-thermospan-modelo-150.php:31; Otra evidencia: INTERNAL_LINK puertas-seccionales-de-acero-aisladas-thermospan.php:32; Otra evidencia: DIRECT_FILE fichas/sectional-steel-door-model-150-brochure.pdf"
https://puertasyserviciosindustriales.com/fichas/sectional-steel-door-2415-brochure.pdf,DIRECT_FILE,sitemap.xml,URL sitemap,fichas/sectional-steel-door-2415-brochure.pdf,CONFIRMED,PRESERVE,"Literal de sitemap.xml; existencia pública sin verificar; referencia adicional: Archivo local existente; no se infiere indexación; CONFIRMED prueba evidencia local, no respuesta HTTP; Otra evidencia: INTERNAL_LINK puertas-seccionales-de-acero-modelo-2415.php:36; Otra evidencia: DIRECT_FILE fichas/sectional-steel-door-2415-brochure.pdf"
https://puertasyserviciosindustriales.com/fichas/CMDC-3717-3718-11.pdf,DIRECT_FILE,sitemap.xml,URL sitemap,fichas/CMDC-3717-3718-11.pdf,CONFIRMED,PRESERVE,"Literal de sitemap.xml; existencia pública sin verificar; referencia adicional: Archivo local existente; no se infiere indexación; CONFIRMED prueba evidencia local, no respuesta HTTP; Otra evidencia: INTERNAL_LINK energy-series-with-intellicore-37171-3-4.php:31; Otra evidencia: DIRECT_FILE fichas/CMDC-3717-3718-11.pdf"
https://puertasyserviciosindustriales.com/fichas/M-28R.pdf,DIRECT_FILE,sitemap.xml,URL sitemap,fichas/M-28R.pdf,CONFIRMED,PRESERVE,"Literal de sitemap.xml; existencia pública sin verificar; referencia adicional: Archivo local existente; no se infiere indexación; CONFIRMED prueba evidencia local, no respuesta HTTP; Otra evidencia: INTERNAL_LINK energy-series-with-intellicore-37171-3-4.php:32; Otra evidencia: DIRECT_FILE fichas/M-28R.pdf"
https://puertasyserviciosindustriales.com/fichas/CMDC-0524SP-14-1.pdf,DIRECT_FILE,sitemap.xml,URL sitemap,fichas/CMDC-0524SP-14-1.pdf,CONFIRMED,PRESERVE,"Literal de sitemap.xml; existencia pública sin verificar; referencia adicional: Archivo local existente; no se infiere indexación; CONFIRMED prueba evidencia local, no respuesta HTTP; Otra evidencia: INTERNAL_LINK puerta-de-acero-acanalado-modelos-524.php:31; Otra evidencia: DIRECT_FILE fichas/CMDC-0524SP-14-1.pdf"
https://puertasyserviciosindustriales.com/fichas/Clopay-3720-07.pdf,DIRECT_FILE,sitemap.xml,URL sitemap,fichas/Clopay-3720-07.pdf,CONFIRMED,PRESERVE,"Literal de sitemap.xml; existencia pública sin verificar; referencia adicional: Archivo local existente; no se infiere indexación; CONFIRMED prueba evidencia local, no respuesta HTTP; Otra evidencia: INTERNAL_LINK energy-series-with-intellicore-3720-3724-3722.php:31; Otra evidencia: DIRECT_FILE fichas/Clopay-3720-07.pdf"
https://puertasyserviciosindustriales.com/fichas/BGDSHS_Brochure_Sept2014_WEB.pdf,DIRECT_FILE,sitemap.xml,URL sitemap,fichas/BGDSHS_Brochure_Sept2014_WEB.pdf,CONFIRMED,PRESERVE,"Literal de sitemap.xml; existencia pública sin verificar; referencia adicional: Archivo local existente; no se infiere indexación; CONFIRMED prueba evidencia local, no respuesta HTTP; Otra evidencia: INTERNAL_LINK shelter-abrigo-estacionario-blue-giant.php:34; Otra evidencia: DIRECT_FILE fichas/BGDSHS_Brochure_Sept2014_WEB.pdf"
https://puertasyserviciosindustriales.com/fichas/Abrigo-de-anden-BG400.pdf,DIRECT_FILE,sitemap.xml,URL sitemap,fichas/Abrigo-de-anden-BG400.pdf,CONFIRMED,PRESERVE,"Literal de sitemap.xml; existencia pública sin verificar; referencia adicional: Archivo local existente; no se infiere indexación; CONFIRMED prueba evidencia local, no respuesta HTTP; Otra evidencia: INTERNAL_LINK shelter-abrigo-estacionario-blue-giant.php:35; Otra evidencia: DIRECT_FILE fichas/Abrigo-de-anden-BG400.pdf"
https://puertasyserviciosindustriales.com/fichas/StrongArm_HVR303_Brochure_Spanish.pdf,DIRECT_FILE,sitemap.xml,URL sitemap,fichas/StrongArm_HVR303_Brochure_Spanish.pdf,CONFIRMED,PRESERVE,"Literal de sitemap.xml; existencia pública sin verificar; referencia adicional: Archivo local existente; no se infiere indexación; CONFIRMED prueba evidencia local, no respuesta HTTP; Otra evidencia: INTERNAL_LINK retenedor-de-vehiculos.php:36; Otra evidencia: DIRECT_FILE fichas/StrongArm_HVR303_Brochure_Spanish.pdf"
https://puertasyserviciosindustriales.com/fichas/SPA_U-Series_Mechanical_Dock_Leveler.pdf,DIRECT_FILE,sitemap.xml,URL sitemap,fichas/SPA_U-Series_Mechanical_Dock_Leveler.pdf,CONFIRMED,PRESERVE,"Literal de sitemap.xml; existencia pública sin verificar; referencia adicional: Archivo local existente; no se infiere indexación; CONFIRMED prueba evidencia local, no respuesta HTTP; Otra evidencia: INTERNAL_LINK rampa-niveladora-mecanica-blue-giant.php:30; Otra evidencia: DIRECT_FILE fichas/SPA_U-Series_Mechanical_Dock_Leveler.pdf"
https://puertasyserviciosindustriales.com/fichas/moovi50rm.pdf,DIRECT_FILE,sitemap.xml,URL sitemap,fichas/moovi50rm.pdf,CONFIRMED,PRESERVE,"Literal de sitemap.xml; existencia pública sin verificar; referencia adicional: Archivo local existente; no se infiere indexación; CONFIRMED prueba evidencia local, no respuesta HTTP; Otra evidencia: INTERNAL_LINK barreras-estacionamiento-moovi50rm.php:29; Otra evidencia: DIRECT_FILE fichas/moovi50rm.pdf"
https://puertasyserviciosindustriales.com/fichas/Kelley-Hydraulic-Dock-Leveler-Brochure_web.pdf,DIRECT_FILE,sitemap.xml,URL sitemap,fichas/Kelley-Hydraulic-Dock-Leveler-Brochure_web.pdf,CONFIRMED,PRESERVE,"Literal de sitemap.xml; existencia pública sin verificar; referencia adicional: Archivo local existente; no se infiere indexación; CONFIRMED prueba evidencia local, no respuesta HTTP; Otra evidencia: INTERNAL_LINK rampas-de-anden-hidraulicas-kelley.php:31; Otra evidencia: DIRECT_FILE fichas/Kelley-Hydraulic-Dock-Leveler-Brochure_web.pdf"
https://puertasyserviciosindustriales.com/fichas/Kelley-Vehicle-Restraint-Brochure_web.pdf,DIRECT_FILE,sitemap.xml,URL sitemap,fichas/Kelley-Vehicle-Restraint-Brochure_web.pdf,CONFIRMED,PRESERVE,"Literal de sitemap.xml; existencia pública sin verificar; referencia adicional: Archivo local existente; no se infiere indexación; CONFIRMED prueba evidencia local, no respuesta HTTP; Otra evidencia: INTERNAL_LINK star4-vehicle-restraint.php:31; Otra evidencia: DIRECT_FILE fichas/Kelley-Vehicle-Restraint-Brochure_web.pdf"
https://puertasyserviciosindustriales.com/fichas/accesorios-doorlock.pdf,DIRECT_FILE,sitemap.xml,URL sitemap,fichas/accesorios-doorlock.pdf,CONFIRMED,PRESERVE,"Literal de sitemap.xml; existencia pública sin verificar; referencia adicional: Archivo local existente; no se infiere indexación; CONFIRMED prueba evidencia local, no respuesta HTTP; Otra evidencia: INTERNAL_LINK accesorios.php:31; Otra evidencia: DIRECT_FILE fichas/accesorios-doorlock.pdf"
https://puertasyserviciosindustriales.com/fichas/Fast-Seal_LIT020520_ES-2.pdf,DIRECT_FILE,sitemap.xml,URL sitemap,fichas/Fast-Seal_LIT020520_ES-2.pdf,CONFIRMED,PRESERVE,"Literal de sitemap.xml; existencia pública sin verificar; referencia adicional: Archivo local existente; no se infiere indexación; CONFIRMED prueba evidencia local, no respuesta HTTP; Otra evidencia: INTERNAL_LINK fast-seal-high-performance-door.php:32; Otra evidencia: DIRECT_FILE fichas/Fast-Seal_LIT020520_ES-2.pdf"
https://puertasyserviciosindustriales.com/fichas/Predadoor_NXT_LIT020720_ES.pdf,DIRECT_FILE,sitemap.xml,URL sitemap,fichas/Predadoor_NXT_LIT020720_ES.pdf,CONFIRMED,PRESERVE,"Literal de sitemap.xml; existencia pública sin verificar; referencia adicional: Archivo local existente; no se infiere indexación; CONFIRMED prueba evidencia local, no respuesta HTTP; Otra evidencia: INTERNAL_LINK predadoor-nxt-door.php:32; Otra evidencia: DIRECT_FILE fichas/Predadoor_NXT_LIT020720_ES.pdf"
https://puertasyserviciosindustriales.com/fichas/INFRACA-RAPIDA-ENROLLABLE.pdf,DIRECT_FILE,sitemap.xml,URL sitemap,fichas/INFRACA-RAPIDA-ENROLLABLE.pdf,CONFIRMED,PRESERVE,"Literal de sitemap.xml; existencia pública sin verificar; referencia adicional: Archivo local existente; no se infiere indexación; CONFIRMED prueba evidencia local, no respuesta HTTP; Otra evidencia: INTERNAL_LINK rapida-enrollable-industrial.php:32; Otra evidencia: DIRECT_FILE fichas/INFRACA-RAPIDA-ENROLLABLE.pdf"
https://puertasyserviciosindustriales.com/fichas/INFRACA-RA%CC%81PIDA-APILABLE.pdf,INTERNAL_LINK,sitemap.xml,URL sitemap,UNKNOWN,CONFIRMED,PRESERVE,"Literal de sitemap.xml; existencia pública sin verificar; CONFIRMED prueba evidencia local, no respuesta HTTP"
https://puertasyserviciosindustriales.com/fichas/Rollizip-Technical-Specifications-15.pdf,DIRECT_FILE,sitemap.xml,URL sitemap,fichas/Rollizip-Technical-Specifications-15.pdf,CONFIRMED,PRESERVE,"Literal de sitemap.xml; existencia pública sin verificar; referencia adicional: Archivo local existente; no se infiere indexación; CONFIRMED prueba evidencia local, no respuesta HTTP; Otra evidencia: INTERNAL_LINK rolli-zip.php:32; Otra evidencia: DIRECT_FILE fichas/Rollizip-Technical-Specifications-15.pdf"
https://puertasyserviciosindustriales.com/fichas/Alumina-Technical-Specifications-15.pdf,DIRECT_FILE,sitemap.xml,URL sitemap,fichas/Alumina-Technical-Specifications-15.pdf,CONFIRMED,PRESERVE,"Literal de sitemap.xml; existencia pública sin verificar; referencia adicional: Archivo local existente; no se infiere indexación; CONFIRMED prueba evidencia local, no respuesta HTTP; Otra evidencia: INTERNAL_LINK kronos-puertas-rapidas-de-sectores-modulares-autorreparable.php:32; Otra evidencia: DIRECT_FILE fichas/Alumina-Technical-Specifications-15.pdf"
https://puertasyserviciosindustriales.com/fichas/PUERTAS-INDUSTRIALES-DOCKMAN-1.pdf,DIRECT_FILE,sitemap.xml,URL sitemap,fichas/PUERTAS-INDUSTRIALES-DOCKMAN-1.pdf,CONFIRMED,PRESERVE,"Literal de sitemap.xml; existencia pública sin verificar; referencia adicional: Archivo local existente; no se infiere indexación; CONFIRMED prueba evidencia local, no respuesta HTTP; Otra evidencia: INTERNAL_LINK puertas-industriales-dockman.php:32; Otra evidencia: DIRECT_FILE fichas/PUERTAS-INDUSTRIALES-DOCKMAN-1.pdf"
https://puertasyserviciosindustriales.com/fichas/Minidock.pdf,DIRECT_FILE,sitemap.xml,URL sitemap,fichas/Minidock.pdf,CONFIRMED,PRESERVE,"Literal de sitemap.xml; existencia pública sin verificar; referencia adicional: Archivo local existente; no se infiere indexación; CONFIRMED prueba evidencia local, no respuesta HTTP; Otra evidencia: INTERNAL_LINK labio-de-elevacion-mecanico-dockman.php:32; Otra evidencia: DIRECT_FILE fichas/Minidock.pdf"
https://puertasyserviciosindustriales.com/fichas/Sellos-de-anden-BrochureW.pdf,DIRECT_FILE,sitemap.xml,URL sitemap,fichas/Sellos-de-anden-BrochureW.pdf,CONFIRMED,PRESERVE,"Literal de sitemap.xml; existencia pública sin verificar; referencia adicional: Archivo local existente; no se infiere indexación; CONFIRMED prueba evidencia local, no respuesta HTTP; Otra evidencia: INTERNAL_LINK sellos-de-anden.php:32; Otra evidencia: DIRECT_FILE fichas/Sellos-de-anden-BrochureW.pdf"
https://puertasyserviciosindustriales.com/fichas/CORTINA-PLANA.pdf,DIRECT_FILE,sitemap.xml,URL sitemap,fichas/CORTINA-PLANA.pdf,CONFIRMED,PRESERVE,"Literal de sitemap.xml; existencia pública sin verificar; referencia adicional: Archivo local existente; no se infiere indexación; CONFIRMED prueba evidencia local, no respuesta HTTP; Otra evidencia: INTERNAL_LINK cortina-plana.php:29; Otra evidencia: DIRECT_FILE fichas/CORTINA-PLANA.pdf"
https://puertasyserviciosindustriales.com/fichas/CORTINA-EUROPEA.pdf,DIRECT_FILE,sitemap.xml,URL sitemap,fichas/CORTINA-EUROPEA.pdf,CONFIRMED,PRESERVE,"Literal de sitemap.xml; existencia pública sin verificar; referencia adicional: Archivo local existente; no se infiere indexación; CONFIRMED prueba evidencia local, no respuesta HTTP; Otra evidencia: INTERNAL_LINK cortina-europea.php:32; Otra evidencia: DIRECT_FILE fichas/CORTINA-EUROPEA.pdf"
https://puertasyserviciosindustriales.com/fichas/Rampas-Hidraulicas.pdf,DIRECT_FILE,sitemap.xml,URL sitemap,fichas/Rampas-Hidraulicas.pdf,CONFIRMED,PRESERVE,"Literal de sitemap.xml; existencia pública sin verificar; referencia adicional: Archivo local existente; no se infiere indexación; CONFIRMED prueba evidencia local, no respuesta HTTP; Otra evidencia: INTERNAL_LINK rampas-de-anden-hidraulicas.php:32; Otra evidencia: DIRECT_FILE fichas/Rampas-Hidraulicas.pdf"
https://puertasyserviciosindustriales.com/fichas/Rampas-mec%C3%A1nicas.pdf,DIRECT_FILE,sitemap.xml,URL sitemap,fichas/Rampas-mecánicas.pdf,CONFIRMED,PRESERVE,"Literal de sitemap.xml; existencia pública sin verificar; CONFIRMED prueba evidencia local, no respuesta HTTP"
https://puertasyserviciosindustriales.com/fichas/Lift-Master-H-Sell-Sheet-Spanish.pdf,DIRECT_FILE,sitemap.xml,URL sitemap,fichas/Lift-Master-H-Sell-Sheet-Spanish.pdf,CONFIRMED,PRESERVE,"Literal de sitemap.xml; existencia pública sin verificar; referencia adicional: Archivo local existente; no se infiere indexación; CONFIRMED prueba evidencia local, no respuesta HTTP; Otra evidencia: INTERNAL_LINK lift-master-mod-h.php:36; Otra evidencia: DIRECT_FILE fichas/Lift-Master-H-Sell-Sheet-Spanish.pdf"
https://puertasyserviciosindustriales.com/fichas/SERIE-X130.pdf,DIRECT_FILE,sitemap.xml,URL sitemap,fichas/SERIE-X130.pdf,CONFIRMED,PRESERVE,"Literal de sitemap.xml; existencia pública sin verificar; referencia adicional: Archivo local existente; no se infiere indexación; CONFIRMED prueba evidencia local, no respuesta HTTP; Otra evidencia: INTERNAL_LINK serie-x130-motor-para-cortina-oculto.php:32; Otra evidencia: DIRECT_FILE fichas/SERIE-X130.pdf"
https://puertasyserviciosindustriales.com/fichas/pistones-electromecanicos-phobos.pdf,DIRECT_FILE,sitemap.xml,URL sitemap,fichas/pistones-electromecanicos-phobos.pdf,CONFIRMED,PRESERVE,"Literal de sitemap.xml; existencia pública sin verificar; referencia adicional: Archivo local existente; no se infiere indexación; CONFIRMED prueba evidencia local, no respuesta HTTP; Otra evidencia: INTERNAL_LINK phobos-n-piston-electromecanico.php:32; Otra evidencia: DIRECT_FILE fichas/pistones-electromecanicos-phobos.pdf"
https://puertasyserviciosindustriales.com/fichas/pistones-hidraulicos-lux.pdf,DIRECT_FILE,sitemap.xml,URL sitemap,fichas/pistones-hidraulicos-lux.pdf,CONFIRMED,PRESERVE,"Literal de sitemap.xml; existencia pública sin verificar; referencia adicional: Archivo local existente; no se infiere indexación; CONFIRMED prueba evidencia local, no respuesta HTTP; Otra evidencia: INTERNAL_LINK icaro-smart.php:32; Otra evidencia: INTERNAL_LINK lux-2b-y-lux-gv-piston-hidraulico-para-puerta-abatible.php:32; Otra evidencia: DIRECT_FILE fichas/pistones-hidraulicos-lux.pdf"
https://puertasyserviciosindustriales.com/fichas/pistones-hidraulicos-p457.pdf,DIRECT_FILE,sitemap.xml,URL sitemap,fichas/pistones-hidraulicos-p457.pdf,CONFIRMED,PRESERVE,"Literal de sitemap.xml; existencia pública sin verificar; referencia adicional: Archivo local existente; no se infiere indexación; CONFIRMED prueba evidencia local, no respuesta HTTP; Otra evidencia: INTERNAL_LINK p45-7-piston-hidraulico-para-puerta-abatible.php:32; Otra evidencia: DIRECT_FILE fichas/pistones-hidraulicos-p457.pdf"
https://puertasyserviciosindustriales.com/fichas/puerta-420.pdf,DIRECT_FILE,sitemap.xml,URL sitemap,fichas/puerta-420.pdf,CONFIRMED,PRESERVE,"Literal de sitemap.xml; existencia pública sin verificar; referencia adicional: Archivo local existente; no se infiere indexación; CONFIRMED prueba evidencia local, no respuesta HTTP; Otra evidencia: INTERNAL_LINK puertas-seccionales-de-acero-sin-aislamiento-420-uso-pesado.php:36; Otra evidencia: DIRECT_FILE fichas/puerta-420.pdf"
https://puertasyserviciosindustriales.com/fichas/puerta-424.pdf,DIRECT_FILE,sitemap.xml,URL sitemap,fichas/puerta-424.pdf,CONFIRMED,PRESERVE,"Literal de sitemap.xml; existencia pública sin verificar; referencia adicional: Archivo local existente; no se infiere indexación; CONFIRMED prueba evidencia local, no respuesta HTTP; Otra evidencia: INTERNAL_LINK puerta-seccional-de-acero-sin-aislamiento-424-uso-pesado.php:36; Otra evidencia: DIRECT_FILE fichas/puerta-424.pdf"
https://puertasyserviciosindustriales.com/fichas/puerta-430.pdf,DIRECT_FILE,sitemap.xml,URL sitemap,fichas/puerta-430.pdf,CONFIRMED,PRESERVE,"Literal de sitemap.xml; existencia pública sin verificar; referencia adicional: Archivo local existente; no se infiere indexación; CONFIRMED prueba evidencia local, no respuesta HTTP; Otra evidencia: INTERNAL_LINK puert-seccional-de-acero-sin-aislamiento-430-uso-medio.php:36; Otra evidencia: DIRECT_FILE fichas/puerta-430.pdf"
https://puertasyserviciosindustriales.com/fichas/puerta-521.pdf,DIRECT_FILE,sitemap.xml,URL sitemap,fichas/puerta-521.pdf,CONFIRMED,PRESERVE,"Literal de sitemap.xml; existencia pública sin verificar; referencia adicional: Archivo local existente; no se infiere indexación; CONFIRMED prueba evidencia local, no respuesta HTTP; Otra evidencia: INTERNAL_LINK puertas-seccionales-de-aluminio-521.php:36; Otra evidencia: DIRECT_FILE fichas/puerta-521.pdf"
https://puertasyserviciosindustriales.com/fichas/puerta-seccional-418.pdf,DIRECT_FILE,sitemap.xml,URL sitemap,fichas/puerta-seccional-418.pdf,CONFIRMED,PRESERVE,"Literal de sitemap.xml; existencia pública sin verificar; referencia adicional: Archivo local existente; no se infiere indexación; CONFIRMED prueba evidencia local, no respuesta HTTP; Otra evidencia: INTERNAL_LINK puerta-seccional-de-acero-perfiles-418.php:36; Otra evidencia: DIRECT_FILE fichas/puerta-seccional-418.pdf"
https://puertasyserviciosindustriales.com/fichas/puerta-seccional-422.pdf,DIRECT_FILE,sitemap.xml,URL sitemap,fichas/puerta-seccional-422.pdf,CONFIRMED,PRESERVE,"Literal de sitemap.xml; existencia pública sin verificar; referencia adicional: Archivo local existente; no se infiere indexación; CONFIRMED prueba evidencia local, no respuesta HTTP; Otra evidencia: INTERNAL_LINK puerta-seccionabl-acero-perfiles-422-uso-pesado.php:36; Otra evidencia: DIRECT_FILE fichas/puerta-seccional-422.pdf"
https://puertasyserviciosindustriales.com/fichas/puerta-seccional-426.pdf,DIRECT_FILE,sitemap.xml,URL sitemap,fichas/puerta-seccional-426.pdf,CONFIRMED,PRESERVE,"Literal de sitemap.xml; existencia pública sin verificar; referencia adicional: Archivo local existente; no se infiere indexación; CONFIRMED prueba evidencia local, no respuesta HTTP; Otra evidencia: INTERNAL_LINK puertas-seccionales-de-acero-perfiles-426.php:36; Otra evidencia: DIRECT_FILE fichas/puerta-seccional-426.pdf"
https://puertasyserviciosindustriales.com/fichas/puerta-seccional-432.pdf,DIRECT_FILE,sitemap.xml,URL sitemap,fichas/puerta-seccional-432.pdf,CONFIRMED,PRESERVE,"Literal de sitemap.xml; existencia pública sin verificar; referencia adicional: Archivo local existente; no se infiere indexación; CONFIRMED prueba evidencia local, no respuesta HTTP; Otra evidencia: INTERNAL_LINK puerta-seccional-de-acero-perfiles-432-uso-medio.php:36; Otra evidencia: DIRECT_FILE fichas/puerta-seccional-432.pdf"
https://puertasyserviciosindustriales.com/fichas/puerta-thermacore-593.pdf,DIRECT_FILE,sitemap.xml,URL sitemap,fichas/puerta-thermacore-593.pdf,CONFIRMED,PRESERVE,"Literal de sitemap.xml; existencia pública sin verificar; referencia adicional: Archivo local existente; no se infiere indexación; CONFIRMED prueba evidencia local, no respuesta HTTP; Otra evidencia: INTERNAL_LINK puerta-seccional-de-acero-thermacore-593-uso-medio.php:36; Otra evidencia: DIRECT_FILE fichas/puerta-thermacore-593.pdf"
https://puertasyserviciosindustriales.com/fichas/puerta-thermacore-594.pdf,DIRECT_FILE,sitemap.xml,URL sitemap,fichas/puerta-thermacore-594.pdf,CONFIRMED,PRESERVE,"Literal de sitemap.xml; existencia pública sin verificar; referencia adicional: Archivo local existente; no se infiere indexación; CONFIRMED prueba evidencia local, no respuesta HTTP; Otra evidencia: INTERNAL_LINK puerta-seccional-de-acero-thermacore-594-uso-medio.php:36; Otra evidencia: DIRECT_FILE fichas/puerta-thermacore-594.pdf"
https://puertasyserviciosindustriales.com/fichas/rhx-commercial-operator-brochure.pdf,DIRECT_FILE,sitemap.xml,URL sitemap,fichas/rhx-commercial-operator-brochure.pdf,CONFIRMED,PRESERVE,"Literal de sitemap.xml; existencia pública sin verificar; referencia adicional: Archivo local existente; no se infiere indexación; CONFIRMED prueba evidencia local, no respuesta HTTP; Otra evidencia: INTERNAL_LINK operador-para-perfilados-comerciales-jst.php:32; Otra evidencia: DIRECT_FILE fichas/rhx-commercial-operator-brochure.pdf"
https://puertasyserviciosindustriales.com/fichas/rmx-commercial-operator-brochure.pdf,DIRECT_FILE,sitemap.xml,URL sitemap,fichas/rmx-commercial-operator-brochure.pdf,CONFIRMED,PRESERVE,"Literal de sitemap.xml; existencia pública sin verificar; referencia adicional: Archivo local existente; no se infiere indexación; CONFIRMED prueba evidencia local, no respuesta HTTP; Otra evidencia: INTERNAL_LINK operador-para-perfilados-comerciales-sel.php:32; Otra evidencia: DIRECT_FILE fichas/rmx-commercial-operator-brochure.pdf"
https://puertasyserviciosindustriales.com/fichas/cdx-commercial-operator-sellsheet.pdf,DIRECT_FILE,sitemap.xml,URL sitemap,fichas/cdx-commercial-operator-sellsheet.pdf,CONFIRMED,PRESERVE,"Literal de sitemap.xml; existencia pública sin verificar; referencia adicional: Archivo local existente; no se infiere indexación; CONFIRMED prueba evidencia local, no respuesta HTTP; Otra evidencia: INTERNAL_LINK operadores-para-puertas-de-mostrador-cdo.php:31; Otra evidencia: DIRECT_FILE fichas/cdx-commercial-operator-sellsheet.pdf"
https://puertasyserviciosindustriales.com/fichas/operador-cortina.pdf,DIRECT_FILE,sitemap.xml,URL sitemap,fichas/operador-cortina.pdf,CONFIRMED,PRESERVE,"Literal de sitemap.xml; existencia pública sin verificar; referencia adicional: Archivo local existente; no se infiere indexación; CONFIRMED prueba evidencia local, no respuesta HTTP; Otra evidencia: INTERNAL_LINK operador-para-cortina-enrrollable-rsx.php:31; Otra evidencia: DIRECT_FILE fichas/operador-cortina.pdf"
https://puertasyserviciosindustriales.com/fichas/rolling-sheet-doors-790-780-770-brochure.pdf,DIRECT_FILE,sitemap.xml,URL sitemap,fichas/rolling-sheet-doors-790-780-770-brochure.pdf,CONFIRMED,PRESERVE,"Literal de sitemap.xml; existencia pública sin verificar; referencia adicional: Archivo local existente; no se infiere indexación; CONFIRMED prueba evidencia local, no respuesta HTTP; Otra evidencia: INTERNAL_LINK cortina-serie-790-cw.php:31; Otra evidencia: DIRECT_FILE fichas/rolling-sheet-doors-790-780-770-brochure.pdf"
https://puertasyserviciosindustriales.com/fichas/Cortina-serie-610-620.pdf,DIRECT_FILE,sitemap.xml,URL sitemap,fichas/Cortina-serie-610-620.pdf,CONFIRMED,PRESERVE,"Literal de sitemap.xml; existencia pública sin verificar; referencia adicional: Archivo local existente; no se infiere indexación; CONFIRMED prueba evidencia local, no respuesta HTTP; Otra evidencia: INTERNAL_LINK cortina-serie-610.php:31; Otra evidencia: DIRECT_FILE fichas/Cortina-serie-610-620.pdf"
https://puertasyserviciosindustriales.com/fichas/security-grilles-681-685-brochure.pdf,DIRECT_FILE,sitemap.xml,URL sitemap,fichas/security-grilles-681-685-brochure.pdf,CONFIRMED,PRESERVE,"Literal de sitemap.xml; existencia pública sin verificar; referencia adicional: Archivo local existente; no se infiere indexación; CONFIRMED prueba evidencia local, no respuesta HTTP; Otra evidencia: INTERNAL_LINK cortinas-ventiladas-685.php:31; Otra evidencia: DIRECT_FILE fichas/security-grilles-681-685-brochure.pdf"
https://puertasyserviciosindustriales.com/fichas/security-grilles-670-671-brochure.pdf,DIRECT_FILE,sitemap.xml,URL sitemap,fichas/security-grilles-670-671-brochure.pdf,CONFIRMED,PRESERVE,"Literal de sitemap.xml; existencia pública sin verificar; referencia adicional: Archivo local existente; no se infiere indexación; CONFIRMED prueba evidencia local, no respuesta HTTP; Otra evidencia: INTERNAL_LINK cortina-de-seguridad-670.php:31; Otra evidencia: DIRECT_FILE fichas/security-grilles-670-671-brochure.pdf"
https://puertasyserviciosindustriales.com/fichas/security-grilles-670-671-brochure1.pdf,DIRECT_FILE,sitemap.xml,URL sitemap,fichas/security-grilles-670-671-brochure1.pdf,CONFIRMED,PRESERVE,"Literal de sitemap.xml; existencia pública sin verificar; referencia adicional: Archivo local existente; no se infiere indexación; CONFIRMED prueba evidencia local, no respuesta HTTP; Otra evidencia: INTERNAL_LINK cortina-de-seguridad-671.php:31; Otra evidencia: DIRECT_FILE fichas/security-grilles-670-671-brochure1.pdf"
https://puertasyserviciosindustriales.com/fichas/SELLOSSOLMMER.pdf,DIRECT_FILE,sitemap.xml,URL sitemap,fichas/SELLOSSOLMMER.pdf,CONFIRMED,PRESERVE,"Literal de sitemap.xml; existencia pública sin verificar; referencia adicional: Archivo local existente; no se infiere indexación; CONFIRMED prueba evidencia local, no respuesta HTTP; Otra evidencia: INTERNAL_LINK sellos-nacionales.php:32; Otra evidencia: DIRECT_FILE fichas/SELLOSSOLMMER.pdf"
https://puertasyserviciosindustriales.com/productos.php?cmd=loadProductos&productId=1,DATABASE_DERIVED,productos.php,producto dinámico,productos.php,STRONG_INFERENCE,INVESTIGATE,"ID demostrado por dump público; alias /1/producto/{getFriendlyName()}/; slug exacto pendiente de validar codificación; relación 0 impide certificar metadatos del detalle; CONFIRMED prueba evidencia local, no respuesta HTTP"
https://puertasyserviciosindustriales.com/productos.php?cmd=loadProductos&productId=2,DATABASE_DERIVED,productos.php,producto dinámico,productos.php,STRONG_INFERENCE,INVESTIGATE,"ID demostrado por dump público; alias /2/producto/{getFriendlyName()}/; slug exacto pendiente de validar codificación; relación 0 impide certificar metadatos del detalle; CONFIRMED prueba evidencia local, no respuesta HTTP"
https://puertasyserviciosindustriales.com/productos.php?cmd=loadProductos&productId=3,DATABASE_DERIVED,productos.php,producto dinámico,productos.php,STRONG_INFERENCE,INVESTIGATE,"ID demostrado por dump público; alias /3/producto/{getFriendlyName()}/; slug exacto pendiente de validar codificación; relación 0 impide certificar metadatos del detalle; CONFIRMED prueba evidencia local, no respuesta HTTP"
https://puertasyserviciosindustriales.com/productos.php?cmd=loadProductos&productId=4,DATABASE_DERIVED,productos.php,producto dinámico,productos.php,STRONG_INFERENCE,INVESTIGATE,"ID demostrado por dump público; alias /4/producto/{getFriendlyName()}/; slug exacto pendiente de validar codificación; relación 0 impide certificar metadatos del detalle; CONFIRMED prueba evidencia local, no respuesta HTTP"
https://puertasyserviciosindustriales.com/productos.php?cmd=loadProductos&productId=5,DATABASE_DERIVED,productos.php,producto dinámico,productos.php,STRONG_INFERENCE,INVESTIGATE,"ID demostrado por dump público; alias /5/producto/{getFriendlyName()}/; slug exacto pendiente de validar codificación; relación 0 impide certificar metadatos del detalle; CONFIRMED prueba evidencia local, no respuesta HTTP"
https://puertasyserviciosindustriales.com/productos.php?cmd=loadProductos&productId=6,DATABASE_DERIVED,productos.php,producto dinámico,productos.php,STRONG_INFERENCE,INVESTIGATE,"ID demostrado por dump público; alias /6/producto/{getFriendlyName()}/; slug exacto pendiente de validar codificación; relación 0 impide certificar metadatos del detalle; CONFIRMED prueba evidencia local, no respuesta HTTP"
https://puertasyserviciosindustriales.com/productos.php?cmd=loadProductos&productId=7,DATABASE_DERIVED,productos.php,producto dinámico,productos.php,STRONG_INFERENCE,INVESTIGATE,"ID demostrado por dump público; alias /7/producto/{getFriendlyName()}/; slug exacto pendiente de validar codificación; relación 0 impide certificar metadatos del detalle; CONFIRMED prueba evidencia local, no respuesta HTTP"
https://puertasyserviciosindustriales.com/productos.php?cmd=loadProductos&productId=8,DATABASE_DERIVED,productos.php,producto dinámico,productos.php,STRONG_INFERENCE,INVESTIGATE,"ID demostrado por dump público; alias /8/producto/{getFriendlyName()}/; slug exacto pendiente de validar codificación; relación 0 impide certificar metadatos del detalle; CONFIRMED prueba evidencia local, no respuesta HTTP"
https://puertasyserviciosindustriales.com/productos.php?cmd=loadProductos&productId=9,DATABASE_DERIVED,productos.php,producto dinámico,productos.php,STRONG_INFERENCE,INVESTIGATE,"ID demostrado por dump público; alias /9/producto/{getFriendlyName()}/; slug exacto pendiente de validar codificación; relación 0 impide certificar metadatos del detalle; CONFIRMED prueba evidencia local, no respuesta HTTP"
https://puertasyserviciosindustriales.com/productos.php?cmd=loadProductos&productId=10,DATABASE_DERIVED,productos.php,producto dinámico,productos.php,STRONG_INFERENCE,INVESTIGATE,"ID demostrado por dump público; alias /10/producto/{getFriendlyName()}/; slug exacto pendiente de validar codificación; relación 0 impide certificar metadatos del detalle; CONFIRMED prueba evidencia local, no respuesta HTTP"
https://puertasyserviciosindustriales.com/productos.php?cmd=loadProductos&productId=11,DATABASE_DERIVED,productos.php,producto dinámico,productos.php,STRONG_INFERENCE,INVESTIGATE,"ID demostrado por dump público; alias /11/producto/{getFriendlyName()}/; slug exacto pendiente de validar codificación; relación 0 impide certificar metadatos del detalle; CONFIRMED prueba evidencia local, no respuesta HTTP"
https://puertasyserviciosindustriales.com/productos.php?cmd=loadProductos&productId=12,DATABASE_DERIVED,productos.php,producto dinámico,productos.php,STRONG_INFERENCE,INVESTIGATE,"ID demostrado por dump público; alias /12/producto/{getFriendlyName()}/; slug exacto pendiente de validar codificación; relación 0 impide certificar metadatos del detalle; CONFIRMED prueba evidencia local, no respuesta HTTP"
https://puertasyserviciosindustriales.com/productos.php?cmd=loadProductos&productId=13,DATABASE_DERIVED,productos.php,producto dinámico,productos.php,STRONG_INFERENCE,INVESTIGATE,"ID demostrado por dump público; alias /13/producto/{getFriendlyName()}/; slug exacto pendiente de validar codificación; relación 0 impide certificar metadatos del detalle; CONFIRMED prueba evidencia local, no respuesta HTTP"
https://puertasyserviciosindustriales.com/productos.php?cmd=loadProductos&productId=14,DATABASE_DERIVED,productos.php,producto dinámico,productos.php,STRONG_INFERENCE,INVESTIGATE,"ID demostrado por dump público; alias /14/producto/{getFriendlyName()}/; slug exacto pendiente de validar codificación; relación 0 impide certificar metadatos del detalle; CONFIRMED prueba evidencia local, no respuesta HTTP"
https://puertasyserviciosindustriales.com/productos.php?cmd=loadProductos&productId=15,DATABASE_DERIVED,productos.php,producto dinámico,productos.php,STRONG_INFERENCE,INVESTIGATE,"ID demostrado por dump público; alias /15/producto/{getFriendlyName()}/; slug exacto pendiente de validar codificación; relación 0 impide certificar metadatos del detalle; CONFIRMED prueba evidencia local, no respuesta HTTP"
https://puertasyserviciosindustriales.com/productos.php?cmd=loadProductos&productId=16,DATABASE_DERIVED,productos.php,producto dinámico,productos.php,STRONG_INFERENCE,INVESTIGATE,"ID demostrado por dump público; alias /16/producto/{getFriendlyName()}/; slug exacto pendiente de validar codificación; relación 0 impide certificar metadatos del detalle; CONFIRMED prueba evidencia local, no respuesta HTTP"
https://puertasyserviciosindustriales.com/productos.php?cmd=loadProductos&productId=17,DATABASE_DERIVED,productos.php,producto dinámico,productos.php,STRONG_INFERENCE,INVESTIGATE,"ID demostrado por dump público; alias /17/producto/{getFriendlyName()}/; slug exacto pendiente de validar codificación; relación 0 impide certificar metadatos del detalle; CONFIRMED prueba evidencia local, no respuesta HTTP"
https://puertasyserviciosindustriales.com/productos.php?cmd=loadProductos&productId=18,DATABASE_DERIVED,productos.php,producto dinámico,productos.php,STRONG_INFERENCE,INVESTIGATE,"ID demostrado por dump público; alias /18/producto/{getFriendlyName()}/; slug exacto pendiente de validar codificación; relación 0 impide certificar metadatos del detalle; CONFIRMED prueba evidencia local, no respuesta HTTP"
https://puertasyserviciosindustriales.com/productos.php?cmd=loadProductos&productId=19,DATABASE_DERIVED,productos.php,producto dinámico,productos.php,STRONG_INFERENCE,INVESTIGATE,"ID demostrado por dump público; alias /19/producto/{getFriendlyName()}/; slug exacto pendiente de validar codificación; relación 0 impide certificar metadatos del detalle; CONFIRMED prueba evidencia local, no respuesta HTTP"
https://puertasyserviciosindustriales.com/productos.php?cmd=loadProductos&productId=20,DATABASE_DERIVED,productos.php,producto dinámico,productos.php,STRONG_INFERENCE,INVESTIGATE,"ID demostrado por dump público; alias /20/producto/{getFriendlyName()}/; slug exacto pendiente de validar codificación; relación 0 impide certificar metadatos del detalle; CONFIRMED prueba evidencia local, no respuesta HTTP"
https://puertasyserviciosindustriales.com/productos.php?cmd=loadProductos&productId=21,DATABASE_DERIVED,productos.php,producto dinámico,productos.php,STRONG_INFERENCE,INVESTIGATE,"ID demostrado por dump público; alias /21/producto/{getFriendlyName()}/; slug exacto pendiente de validar codificación; relación 0 impide certificar metadatos del detalle; CONFIRMED prueba evidencia local, no respuesta HTTP"
https://puertasyserviciosindustriales.com/productos.php?cmd=loadProductos&productId=22,DATABASE_DERIVED,productos.php,producto dinámico,productos.php,STRONG_INFERENCE,INVESTIGATE,"ID demostrado por dump público; alias /22/producto/{getFriendlyName()}/; slug exacto pendiente de validar codificación; relación 0 impide certificar metadatos del detalle; CONFIRMED prueba evidencia local, no respuesta HTTP"
https://puertasyserviciosindustriales.com/productos.php?cmd=loadProductos&productId=23,DATABASE_DERIVED,productos.php,producto dinámico,productos.php,STRONG_INFERENCE,INVESTIGATE,"ID demostrado por dump público; alias /23/producto/{getFriendlyName()}/; slug exacto pendiente de validar codificación; relación 0 impide certificar metadatos del detalle; CONFIRMED prueba evidencia local, no respuesta HTTP"
https://puertasyserviciosindustriales.com/productos.php?cmd=loadProductos&productId=24,DATABASE_DERIVED,productos.php,producto dinámico,productos.php,STRONG_INFERENCE,INVESTIGATE,"ID demostrado por dump público; alias /24/producto/{getFriendlyName()}/; slug exacto pendiente de validar codificación; relación 0 impide certificar metadatos del detalle; CONFIRMED prueba evidencia local, no respuesta HTTP"
https://puertasyserviciosindustriales.com/productos.php?cmd=loadProductos&productId=25,DATABASE_DERIVED,productos.php,producto dinámico,productos.php,STRONG_INFERENCE,INVESTIGATE,"ID demostrado por dump público; alias /25/producto/{getFriendlyName()}/; slug exacto pendiente de validar codificación; relación 0 impide certificar metadatos del detalle; CONFIRMED prueba evidencia local, no respuesta HTTP"
https://puertasyserviciosindustriales.com/productos.php?cmd=loadProductos&productId=26,DATABASE_DERIVED,productos.php,producto dinámico,productos.php,STRONG_INFERENCE,INVESTIGATE,"ID demostrado por dump público; alias /26/producto/{getFriendlyName()}/; slug exacto pendiente de validar codificación; relación 0 impide certificar metadatos del detalle; CONFIRMED prueba evidencia local, no respuesta HTTP"
https://puertasyserviciosindustriales.com/productos.php?cmd=loadProductos&productId=27,DATABASE_DERIVED,productos.php,producto dinámico,productos.php,STRONG_INFERENCE,INVESTIGATE,"ID demostrado por dump público; alias /27/producto/{getFriendlyName()}/; slug exacto pendiente de validar codificación; relación 0 impide certificar metadatos del detalle; CONFIRMED prueba evidencia local, no respuesta HTTP"
https://puertasyserviciosindustriales.com/productos.php?cmd=loadProductos&productId=28,DATABASE_DERIVED,productos.php,producto dinámico,productos.php,STRONG_INFERENCE,INVESTIGATE,"ID demostrado por dump público; alias /28/producto/{getFriendlyName()}/; slug exacto pendiente de validar codificación; relación 0 impide certificar metadatos del detalle; CONFIRMED prueba evidencia local, no respuesta HTTP"
https://puertasyserviciosindustriales.com/productos.php?cmd=loadProductos&productId=29,DATABASE_DERIVED,productos.php,producto dinámico,productos.php,STRONG_INFERENCE,INVESTIGATE,"ID demostrado por dump público; alias /29/producto/{getFriendlyName()}/; slug exacto pendiente de validar codificación; relación 0 impide certificar metadatos del detalle; CONFIRMED prueba evidencia local, no respuesta HTTP"
https://puertasyserviciosindustriales.com/productos.php?cmd=loadProductos&productId=30,DATABASE_DERIVED,productos.php,producto dinámico,productos.php,STRONG_INFERENCE,INVESTIGATE,"ID demostrado por dump público; alias /30/producto/{getFriendlyName()}/; slug exacto pendiente de validar codificación; relación 0 impide certificar metadatos del detalle; CONFIRMED prueba evidencia local, no respuesta HTTP"
https://puertasyserviciosindustriales.com/productos.php?cmd=loadProductos&productId=31,DATABASE_DERIVED,productos.php,producto dinámico,productos.php,STRONG_INFERENCE,INVESTIGATE,"ID demostrado por dump público; alias /31/producto/{getFriendlyName()}/; slug exacto pendiente de validar codificación; relación 0 impide certificar metadatos del detalle; CONFIRMED prueba evidencia local, no respuesta HTTP"
https://puertasyserviciosindustriales.com/productos.php?cmd=loadProductos&productId=32,DATABASE_DERIVED,productos.php,producto dinámico,productos.php,STRONG_INFERENCE,INVESTIGATE,"ID demostrado por dump público; alias /32/producto/{getFriendlyName()}/; slug exacto pendiente de validar codificación; relación 0 impide certificar metadatos del detalle; CONFIRMED prueba evidencia local, no respuesta HTTP"
https://puertasyserviciosindustriales.com/productos.php?cmd=loadProductos&productId=33,DATABASE_DERIVED,productos.php,producto dinámico,productos.php,STRONG_INFERENCE,INVESTIGATE,"ID demostrado por dump público; alias /33/producto/{getFriendlyName()}/; slug exacto pendiente de validar codificación; relación 0 impide certificar metadatos del detalle; CONFIRMED prueba evidencia local, no respuesta HTTP"
https://puertasyserviciosindustriales.com/productos.php?cmd=loadProductos&productId=34,DATABASE_DERIVED,productos.php,producto dinámico,productos.php,STRONG_INFERENCE,INVESTIGATE,"ID demostrado por dump público; alias /34/producto/{getFriendlyName()}/; slug exacto pendiente de validar codificación; relación 0 impide certificar metadatos del detalle; CONFIRMED prueba evidencia local, no respuesta HTTP"
https://puertasyserviciosindustriales.com/productos.php?cmd=loadProductos&productId=35,DATABASE_DERIVED,productos.php,producto dinámico,productos.php,STRONG_INFERENCE,INVESTIGATE,"ID demostrado por dump público; alias /35/producto/{getFriendlyName()}/; slug exacto pendiente de validar codificación; relación 0 impide certificar metadatos del detalle; CONFIRMED prueba evidencia local, no respuesta HTTP"
https://puertasyserviciosindustriales.com/productos.php?cmd=loadProductos&productId=36,DATABASE_DERIVED,productos.php,producto dinámico,productos.php,STRONG_INFERENCE,INVESTIGATE,"ID demostrado por dump público; alias /36/producto/{getFriendlyName()}/; slug exacto pendiente de validar codificación; relación 0 impide certificar metadatos del detalle; CONFIRMED prueba evidencia local, no respuesta HTTP"
https://puertasyserviciosindustriales.com/productos.php?cmd=loadProductos&productId=37,DATABASE_DERIVED,productos.php,producto dinámico,productos.php,STRONG_INFERENCE,INVESTIGATE,"ID demostrado por dump público; alias /37/producto/{getFriendlyName()}/; slug exacto pendiente de validar codificación; relación 0 impide certificar metadatos del detalle; CONFIRMED prueba evidencia local, no respuesta HTTP"
https://puertasyserviciosindustriales.com/productos.php?cmd=loadProductos&productId=38,DATABASE_DERIVED,productos.php,producto dinámico,productos.php,STRONG_INFERENCE,INVESTIGATE,"ID demostrado por dump público; alias /38/producto/{getFriendlyName()}/; slug exacto pendiente de validar codificación; relación 0 impide certificar metadatos del detalle; CONFIRMED prueba evidencia local, no respuesta HTTP"
https://puertasyserviciosindustriales.com/productos.php?cmd=loadProductos&productId=39,DATABASE_DERIVED,productos.php,producto dinámico,productos.php,STRONG_INFERENCE,INVESTIGATE,"ID demostrado por dump público; alias /39/producto/{getFriendlyName()}/; slug exacto pendiente de validar codificación; relación 0 impide certificar metadatos del detalle; CONFIRMED prueba evidencia local, no respuesta HTTP"
https://puertasyserviciosindustriales.com/productos.php?cmd=loadProductos&productId=40,DATABASE_DERIVED,productos.php,producto dinámico,productos.php,STRONG_INFERENCE,INVESTIGATE,"ID demostrado por dump público; alias /40/producto/{getFriendlyName()}/; slug exacto pendiente de validar codificación; relación 0 impide certificar metadatos del detalle; CONFIRMED prueba evidencia local, no respuesta HTTP"
https://puertasyserviciosindustriales.com/productos.php?cmd=loadProductos&productId=41,DATABASE_DERIVED,productos.php,producto dinámico,productos.php,STRONG_INFERENCE,INVESTIGATE,"ID demostrado por dump público; alias /41/producto/{getFriendlyName()}/; slug exacto pendiente de validar codificación; relación 0 impide certificar metadatos del detalle; CONFIRMED prueba evidencia local, no respuesta HTTP"
https://puertasyserviciosindustriales.com/productos.php?cmd=loadProductos&productId=42,DATABASE_DERIVED,productos.php,producto dinámico,productos.php,STRONG_INFERENCE,INVESTIGATE,"ID demostrado por dump público; alias /42/producto/{getFriendlyName()}/; slug exacto pendiente de validar codificación; relación 0 impide certificar metadatos del detalle; CONFIRMED prueba evidencia local, no respuesta HTTP"
https://puertasyserviciosindustriales.com/productos.php?cmd=loadProductos&productId=43,DATABASE_DERIVED,productos.php,producto dinámico,productos.php,STRONG_INFERENCE,INVESTIGATE,"ID demostrado por dump público; alias /43/producto/{getFriendlyName()}/; slug exacto pendiente de validar codificación; relación 0 impide certificar metadatos del detalle; CONFIRMED prueba evidencia local, no respuesta HTTP"
https://puertasyserviciosindustriales.com/productos.php?cmd=loadProductos&productId=44,DATABASE_DERIVED,productos.php,producto dinámico,productos.php,STRONG_INFERENCE,INVESTIGATE,"ID demostrado por dump público; alias /44/producto/{getFriendlyName()}/; slug exacto pendiente de validar codificación; relación 0 impide certificar metadatos del detalle; CONFIRMED prueba evidencia local, no respuesta HTTP"
https://puertasyserviciosindustriales.com/productos.php?cmd=loadProductos&productId=45,DATABASE_DERIVED,productos.php,producto dinámico,productos.php,STRONG_INFERENCE,INVESTIGATE,"ID demostrado por dump público; alias /45/producto/{getFriendlyName()}/; slug exacto pendiente de validar codificación; relación 0 impide certificar metadatos del detalle; CONFIRMED prueba evidencia local, no respuesta HTTP"
https://puertasyserviciosindustriales.com/productos.php?cmd=loadProductos&productId=46,DATABASE_DERIVED,productos.php,producto dinámico,productos.php,STRONG_INFERENCE,INVESTIGATE,"ID demostrado por dump público; alias /46/producto/{getFriendlyName()}/; slug exacto pendiente de validar codificación; relación 0 impide certificar metadatos del detalle; CONFIRMED prueba evidencia local, no respuesta HTTP"
https://puertasyserviciosindustriales.com/productos.php?cmd=loadProductos&productId=47,DATABASE_DERIVED,productos.php,producto dinámico,productos.php,STRONG_INFERENCE,INVESTIGATE,"ID demostrado por dump público; alias /47/producto/{getFriendlyName()}/; slug exacto pendiente de validar codificación; relación 0 impide certificar metadatos del detalle; CONFIRMED prueba evidencia local, no respuesta HTTP"
https://puertasyserviciosindustriales.com/productos.php?cmd=loadProductos&productId=48,DATABASE_DERIVED,productos.php,producto dinámico,productos.php,STRONG_INFERENCE,INVESTIGATE,"ID demostrado por dump público; alias /48/producto/{getFriendlyName()}/; slug exacto pendiente de validar codificación; relación 0 impide certificar metadatos del detalle; CONFIRMED prueba evidencia local, no respuesta HTTP"
https://puertasyserviciosindustriales.com/productos.php?cmd=loadProductos&productId=49,DATABASE_DERIVED,productos.php,producto dinámico,productos.php,STRONG_INFERENCE,INVESTIGATE,"ID demostrado por dump público; alias /49/producto/{getFriendlyName()}/; slug exacto pendiente de validar codificación; relación 0 impide certificar metadatos del detalle; CONFIRMED prueba evidencia local, no respuesta HTTP"
https://puertasyserviciosindustriales.com/productos.php?cmd=loadProductos&productId=50,DATABASE_DERIVED,productos.php,producto dinámico,productos.php,STRONG_INFERENCE,INVESTIGATE,"ID demostrado por dump público; alias /50/producto/{getFriendlyName()}/; slug exacto pendiente de validar codificación; relación 0 impide certificar metadatos del detalle; CONFIRMED prueba evidencia local, no respuesta HTTP"
https://puertasyserviciosindustriales.com/productos.php?cmd=loadProductos&productId=51,DATABASE_DERIVED,productos.php,producto dinámico,productos.php,STRONG_INFERENCE,INVESTIGATE,"ID demostrado por dump público; alias /51/producto/{getFriendlyName()}/; slug exacto pendiente de validar codificación; relación 0 impide certificar metadatos del detalle; CONFIRMED prueba evidencia local, no respuesta HTTP"
https://puertasyserviciosindustriales.com/productos.php?cmd=loadProductos&productId=52,DATABASE_DERIVED,productos.php,producto dinámico,productos.php,STRONG_INFERENCE,INVESTIGATE,"ID demostrado por dump público; alias /52/producto/{getFriendlyName()}/; slug exacto pendiente de validar codificación; relación 0 impide certificar metadatos del detalle; CONFIRMED prueba evidencia local, no respuesta HTTP"
https://puertasyserviciosindustriales.com/productos.php?cmd=loadProductos&productId=53,DATABASE_DERIVED,productos.php,producto dinámico,productos.php,STRONG_INFERENCE,INVESTIGATE,"ID demostrado por dump público; alias /53/producto/{getFriendlyName()}/; slug exacto pendiente de validar codificación; relación 0 impide certificar metadatos del detalle; CONFIRMED prueba evidencia local, no respuesta HTTP"
https://puertasyserviciosindustriales.com/productos.php?cmd=loadProductos&productId=54,DATABASE_DERIVED,productos.php,producto dinámico,productos.php,STRONG_INFERENCE,INVESTIGATE,"ID demostrado por dump público; alias /54/producto/{getFriendlyName()}/; slug exacto pendiente de validar codificación; relación 0 impide certificar metadatos del detalle; CONFIRMED prueba evidencia local, no respuesta HTTP"
https://puertasyserviciosindustriales.com/productos.php?cmd=loadProductos&productId=55,DATABASE_DERIVED,productos.php,producto dinámico,productos.php,STRONG_INFERENCE,INVESTIGATE,"ID demostrado por dump público; alias /55/producto/{getFriendlyName()}/; slug exacto pendiente de validar codificación; relación 0 impide certificar metadatos del detalle; CONFIRMED prueba evidencia local, no respuesta HTTP"
https://puertasyserviciosindustriales.com/productos.php?cmd=loadProductos&productId=56,DATABASE_DERIVED,productos.php,producto dinámico,productos.php,STRONG_INFERENCE,INVESTIGATE,"ID demostrado por dump público; alias /56/producto/{getFriendlyName()}/; slug exacto pendiente de validar codificación; relación 0 impide certificar metadatos del detalle; CONFIRMED prueba evidencia local, no respuesta HTTP"
https://puertasyserviciosindustriales.com/productos.php?cmd=loadProductos&productId=57,DATABASE_DERIVED,productos.php,producto dinámico,productos.php,STRONG_INFERENCE,INVESTIGATE,"ID demostrado por dump público; alias /57/producto/{getFriendlyName()}/; slug exacto pendiente de validar codificación; relación 0 impide certificar metadatos del detalle; CONFIRMED prueba evidencia local, no respuesta HTTP"
https://puertasyserviciosindustriales.com/productos.php?cmd=loadProductos&productId=58,DATABASE_DERIVED,productos.php,producto dinámico,productos.php,STRONG_INFERENCE,INVESTIGATE,"ID demostrado por dump público; alias /58/producto/{getFriendlyName()}/; slug exacto pendiente de validar codificación; relación 0 impide certificar metadatos del detalle; CONFIRMED prueba evidencia local, no respuesta HTTP"
https://puertasyserviciosindustriales.com/productos.php?cmd=loadProductos&productId=59,DATABASE_DERIVED,productos.php,producto dinámico,productos.php,STRONG_INFERENCE,INVESTIGATE,"ID demostrado por dump público; alias /59/producto/{getFriendlyName()}/; slug exacto pendiente de validar codificación; relación 0 impide certificar metadatos del detalle; CONFIRMED prueba evidencia local, no respuesta HTTP"
https://puertasyserviciosindustriales.com/productos.php?cmd=loadProductos&productId=60,DATABASE_DERIVED,productos.php,producto dinámico,productos.php,STRONG_INFERENCE,INVESTIGATE,"ID demostrado por dump público; alias /60/producto/{getFriendlyName()}/; slug exacto pendiente de validar codificación; relación 0 impide certificar metadatos del detalle; CONFIRMED prueba evidencia local, no respuesta HTTP"
https://puertasyserviciosindustriales.com/productos.php?cmd=loadProductos&productId=61,DATABASE_DERIVED,productos.php,producto dinámico,productos.php,STRONG_INFERENCE,INVESTIGATE,"ID demostrado por dump público; alias /61/producto/{getFriendlyName()}/; slug exacto pendiente de validar codificación; relación 0 impide certificar metadatos del detalle; CONFIRMED prueba evidencia local, no respuesta HTTP"
https://puertasyserviciosindustriales.com/productos.php?cmd=loadProductos&productId=62,DATABASE_DERIVED,productos.php,producto dinámico,productos.php,STRONG_INFERENCE,INVESTIGATE,"ID demostrado por dump público; alias /62/producto/{getFriendlyName()}/; slug exacto pendiente de validar codificación; relación 0 impide certificar metadatos del detalle; CONFIRMED prueba evidencia local, no respuesta HTTP"
https://puertasyserviciosindustriales.com/productos.php?cmd=loadProductos&productId=63,DATABASE_DERIVED,productos.php,producto dinámico,productos.php,STRONG_INFERENCE,INVESTIGATE,"ID demostrado por dump público; alias /63/producto/{getFriendlyName()}/; slug exacto pendiente de validar codificación; relación 0 impide certificar metadatos del detalle; CONFIRMED prueba evidencia local, no respuesta HTTP"
https://puertasyserviciosindustriales.com/productos.php?cmd=loadProductos&productId=64,DATABASE_DERIVED,productos.php,producto dinámico,productos.php,STRONG_INFERENCE,INVESTIGATE,"ID demostrado por dump público; alias /64/producto/{getFriendlyName()}/; slug exacto pendiente de validar codificación; relación 0 impide certificar metadatos del detalle; CONFIRMED prueba evidencia local, no respuesta HTTP"
https://puertasyserviciosindustriales.com/productos.php?cmd=loadProductos&productId=65,DATABASE_DERIVED,productos.php,producto dinámico,productos.php,STRONG_INFERENCE,INVESTIGATE,"ID demostrado por dump público; alias /65/producto/{getFriendlyName()}/; slug exacto pendiente de validar codificación; relación 0 impide certificar metadatos del detalle; CONFIRMED prueba evidencia local, no respuesta HTTP"
https://puertasyserviciosindustriales.com/productos.php?cmd=loadProductos&productId=66,DATABASE_DERIVED,productos.php,producto dinámico,productos.php,STRONG_INFERENCE,INVESTIGATE,"ID demostrado por dump público; alias /66/producto/{getFriendlyName()}/; slug exacto pendiente de validar codificación; relación 0 impide certificar metadatos del detalle; CONFIRMED prueba evidencia local, no respuesta HTTP"
https://puertasyserviciosindustriales.com/productos.php?cmd=loadProductos&productId=67,DATABASE_DERIVED,productos.php,producto dinámico,productos.php,STRONG_INFERENCE,INVESTIGATE,"ID demostrado por dump público; alias /67/producto/{getFriendlyName()}/; slug exacto pendiente de validar codificación; relación 0 impide certificar metadatos del detalle; CONFIRMED prueba evidencia local, no respuesta HTTP"
https://puertasyserviciosindustriales.com/productos.php?cmd=loadProductos&productId=68,DATABASE_DERIVED,productos.php,producto dinámico,productos.php,STRONG_INFERENCE,INVESTIGATE,"ID demostrado por dump público; alias /68/producto/{getFriendlyName()}/; slug exacto pendiente de validar codificación; relación 0 impide certificar metadatos del detalle; CONFIRMED prueba evidencia local, no respuesta HTTP"
https://puertasyserviciosindustriales.com/productos.php?cmd=loadProductos&productId=69,DATABASE_DERIVED,productos.php,producto dinámico,productos.php,STRONG_INFERENCE,INVESTIGATE,"ID demostrado por dump público; alias /69/producto/{getFriendlyName()}/; slug exacto pendiente de validar codificación; relación 0 impide certificar metadatos del detalle; CONFIRMED prueba evidencia local, no respuesta HTTP"
https://puertasyserviciosindustriales.com/productos.php?cmd=loadProductos&productId=70,DATABASE_DERIVED,productos.php,producto dinámico,productos.php,STRONG_INFERENCE,INVESTIGATE,"ID demostrado por dump público; alias /70/producto/{getFriendlyName()}/; slug exacto pendiente de validar codificación; relación 0 impide certificar metadatos del detalle; CONFIRMED prueba evidencia local, no respuesta HTTP"
https://puertasyserviciosindustriales.com/productos.php?cmd=loadProductos&productId=71,DATABASE_DERIVED,productos.php,producto dinámico,productos.php,STRONG_INFERENCE,INVESTIGATE,"ID demostrado por dump público; alias /71/producto/{getFriendlyName()}/; slug exacto pendiente de validar codificación; relación 0 impide certificar metadatos del detalle; CONFIRMED prueba evidencia local, no respuesta HTTP"
https://puertasyserviciosindustriales.com/productos.php?cmd=loadProductos&productId=72,DATABASE_DERIVED,productos.php,producto dinámico,productos.php,STRONG_INFERENCE,INVESTIGATE,"ID demostrado por dump público; alias /72/producto/{getFriendlyName()}/; slug exacto pendiente de validar codificación; relación 0 impide certificar metadatos del detalle; CONFIRMED prueba evidencia local, no respuesta HTTP"
https://puertasyserviciosindustriales.com/productos.php?cmd=loadProductos&productId=73,DATABASE_DERIVED,productos.php,producto dinámico,productos.php,STRONG_INFERENCE,INVESTIGATE,"ID demostrado por dump público; alias /73/producto/{getFriendlyName()}/; slug exacto pendiente de validar codificación; relación 0 impide certificar metadatos del detalle; CONFIRMED prueba evidencia local, no respuesta HTTP"
https://puertasyserviciosindustriales.com/productos.php?cmd=loadProductos&productId=74,DATABASE_DERIVED,productos.php,producto dinámico,productos.php,STRONG_INFERENCE,INVESTIGATE,"ID demostrado por dump público; alias /74/producto/{getFriendlyName()}/; slug exacto pendiente de validar codificación; relación 0 impide certificar metadatos del detalle; CONFIRMED prueba evidencia local, no respuesta HTTP"
https://puertasyserviciosindustriales.com/productos.php?cmd=loadProductos&productId=75,DATABASE_DERIVED,productos.php,producto dinámico,productos.php,STRONG_INFERENCE,INVESTIGATE,"ID demostrado por dump público; alias /75/producto/{getFriendlyName()}/; slug exacto pendiente de validar codificación; relación 0 impide certificar metadatos del detalle; CONFIRMED prueba evidencia local, no respuesta HTTP"
https://puertasyserviciosindustriales.com/productos.php?cmd=loadProductos&productId=76,DATABASE_DERIVED,productos.php,producto dinámico,productos.php,STRONG_INFERENCE,INVESTIGATE,"ID demostrado por dump público; alias /76/producto/{getFriendlyName()}/; slug exacto pendiente de validar codificación; relación 0 impide certificar metadatos del detalle; CONFIRMED prueba evidencia local, no respuesta HTTP"
https://puertasyserviciosindustriales.com/productos.php?cmd=loadProductos&productId=77,DATABASE_DERIVED,productos.php,producto dinámico,productos.php,STRONG_INFERENCE,INVESTIGATE,"ID demostrado por dump público; alias /77/producto/{getFriendlyName()}/; slug exacto pendiente de validar codificación; relación 0 impide certificar metadatos del detalle; CONFIRMED prueba evidencia local, no respuesta HTTP"
https://puertasyserviciosindustriales.com/productos.php?cmd=loadProductos&productId=78,DATABASE_DERIVED,productos.php,producto dinámico,productos.php,STRONG_INFERENCE,INVESTIGATE,"ID demostrado por dump público; alias /78/producto/{getFriendlyName()}/; slug exacto pendiente de validar codificación; relación 0 impide certificar metadatos del detalle; CONFIRMED prueba evidencia local, no respuesta HTTP"
https://puertasyserviciosindustriales.com/productos.php?cmd=loadProductos&productId=79,DATABASE_DERIVED,productos.php,producto dinámico,productos.php,STRONG_INFERENCE,INVESTIGATE,"ID demostrado por dump público; alias /79/producto/{getFriendlyName()}/; slug exacto pendiente de validar codificación; relación 0 impide certificar metadatos del detalle; CONFIRMED prueba evidencia local, no respuesta HTTP"
https://puertasyserviciosindustriales.com/productos.php?cmd=loadProductos&productId=80,DATABASE_DERIVED,productos.php,producto dinámico,productos.php,STRONG_INFERENCE,INVESTIGATE,"ID demostrado por dump público; alias /80/producto/{getFriendlyName()}/; slug exacto pendiente de validar codificación; relación 0 impide certificar metadatos del detalle; CONFIRMED prueba evidencia local, no respuesta HTTP"
https://puertasyserviciosindustriales.com/productos.php?cmd=loadProductos&productId=81,DATABASE_DERIVED,productos.php,producto dinámico,productos.php,STRONG_INFERENCE,INVESTIGATE,"ID demostrado por dump público; alias /81/producto/{getFriendlyName()}/; slug exacto pendiente de validar codificación; relación 0 impide certificar metadatos del detalle; CONFIRMED prueba evidencia local, no respuesta HTTP"
https://puertasyserviciosindustriales.com/productos.php?cmd=loadProductos&productId=82,DATABASE_DERIVED,productos.php,producto dinámico,productos.php,STRONG_INFERENCE,INVESTIGATE,"ID demostrado por dump público; alias /82/producto/{getFriendlyName()}/; slug exacto pendiente de validar codificación; relación 0 impide certificar metadatos del detalle; CONFIRMED prueba evidencia local, no respuesta HTTP"
https://puertasyserviciosindustriales.com/productos.php?cmd=loadProductos&productId=83,DATABASE_DERIVED,productos.php,producto dinámico,productos.php,STRONG_INFERENCE,INVESTIGATE,"ID demostrado por dump público; alias /83/producto/{getFriendlyName()}/; slug exacto pendiente de validar codificación; relación 0 impide certificar metadatos del detalle; CONFIRMED prueba evidencia local, no respuesta HTTP"
https://puertasyserviciosindustriales.com/productos.php?cmd=loadProductos&productId=84,DATABASE_DERIVED,productos.php,producto dinámico,productos.php,STRONG_INFERENCE,INVESTIGATE,"ID demostrado por dump público; alias /84/producto/{getFriendlyName()}/; slug exacto pendiente de validar codificación; relación 0 impide certificar metadatos del detalle; CONFIRMED prueba evidencia local, no respuesta HTTP"
https://puertasyserviciosindustriales.com/productos.php?cmd=loadProductos&productId=85,DATABASE_DERIVED,productos.php,producto dinámico,productos.php,STRONG_INFERENCE,INVESTIGATE,"ID demostrado por dump público; alias /85/producto/{getFriendlyName()}/; slug exacto pendiente de validar codificación; relación 0 impide certificar metadatos del detalle; CONFIRMED prueba evidencia local, no respuesta HTTP"
https://puertasyserviciosindustriales.com/productos.php?cmd=loadProductos&productId=86,DATABASE_DERIVED,productos.php,producto dinámico,productos.php,STRONG_INFERENCE,INVESTIGATE,"ID demostrado por dump público; alias /86/producto/{getFriendlyName()}/; slug exacto pendiente de validar codificación; relación 0 impide certificar metadatos del detalle; CONFIRMED prueba evidencia local, no respuesta HTTP"
https://puertasyserviciosindustriales.com/productos.php?cmd=loadProductos&productId=87,DATABASE_DERIVED,productos.php,producto dinámico,productos.php,STRONG_INFERENCE,INVESTIGATE,"ID demostrado por dump público; alias /87/producto/{getFriendlyName()}/; slug exacto pendiente de validar codificación; relación 0 impide certificar metadatos del detalle; CONFIRMED prueba evidencia local, no respuesta HTTP"
https://puertasyserviciosindustriales.com/productos.php?cmd=loadProductos&productId=88,DATABASE_DERIVED,productos.php,producto dinámico,productos.php,STRONG_INFERENCE,INVESTIGATE,"ID demostrado por dump público; alias /88/producto/{getFriendlyName()}/; slug exacto pendiente de validar codificación; relación 0 impide certificar metadatos del detalle; CONFIRMED prueba evidencia local, no respuesta HTTP"
https://puertasyserviciosindustriales.com/productos.php?cmd=loadProductos&productId=89,DATABASE_DERIVED,productos.php,producto dinámico,productos.php,STRONG_INFERENCE,INVESTIGATE,"ID demostrado por dump público; alias /89/producto/{getFriendlyName()}/; slug exacto pendiente de validar codificación; relación 0 impide certificar metadatos del detalle; CONFIRMED prueba evidencia local, no respuesta HTTP"
https://puertasyserviciosindustriales.com/productos.php?cmd=loadProductos&productId=90,DATABASE_DERIVED,productos.php,producto dinámico,productos.php,STRONG_INFERENCE,INVESTIGATE,"ID demostrado por dump público; alias /90/producto/{getFriendlyName()}/; slug exacto pendiente de validar codificación; relación 0 impide certificar metadatos del detalle; CONFIRMED prueba evidencia local, no respuesta HTTP"
https://puertasyserviciosindustriales.com/productos.php?cmd=loadProductos&productId=91,DATABASE_DERIVED,productos.php,producto dinámico,productos.php,STRONG_INFERENCE,INVESTIGATE,"ID demostrado por dump público; alias /91/producto/{getFriendlyName()}/; slug exacto pendiente de validar codificación; relación 0 impide certificar metadatos del detalle; CONFIRMED prueba evidencia local, no respuesta HTTP"
https://puertasyserviciosindustriales.com/productos.php?cmd=loadProductos&productId=92,DATABASE_DERIVED,productos.php,producto dinámico,productos.php,STRONG_INFERENCE,INVESTIGATE,"ID demostrado por dump público; alias /92/producto/{getFriendlyName()}/; slug exacto pendiente de validar codificación; relación 0 impide certificar metadatos del detalle; CONFIRMED prueba evidencia local, no respuesta HTTP"
https://puertasyserviciosindustriales.com/productos.php?cmd=loadProductos&productId=93,DATABASE_DERIVED,productos.php,producto dinámico,productos.php,STRONG_INFERENCE,INVESTIGATE,"ID demostrado por dump público; alias /93/producto/{getFriendlyName()}/; slug exacto pendiente de validar codificación; relación 0 impide certificar metadatos del detalle; CONFIRMED prueba evidencia local, no respuesta HTTP"
https://puertasyserviciosindustriales.com/productos.php?cmd=loadProductos&productId=94,DATABASE_DERIVED,productos.php,producto dinámico,productos.php,STRONG_INFERENCE,INVESTIGATE,"ID demostrado por dump público; alias /94/producto/{getFriendlyName()}/; slug exacto pendiente de validar codificación; relación 0 impide certificar metadatos del detalle; CONFIRMED prueba evidencia local, no respuesta HTTP"
https://puertasyserviciosindustriales.com/productos.php?cmd=loadProductos&productId=95,DATABASE_DERIVED,productos.php,producto dinámico,productos.php,STRONG_INFERENCE,INVESTIGATE,"ID demostrado por dump público; alias /95/producto/{getFriendlyName()}/; slug exacto pendiente de validar codificación; relación 0 impide certificar metadatos del detalle; CONFIRMED prueba evidencia local, no respuesta HTTP"
https://puertasyserviciosindustriales.com/productos.php?cmd=loadProductos&productId=96,DATABASE_DERIVED,productos.php,producto dinámico,productos.php,STRONG_INFERENCE,INVESTIGATE,"ID demostrado por dump público; alias /96/producto/{getFriendlyName()}/; slug exacto pendiente de validar codificación; relación 0 impide certificar metadatos del detalle; CONFIRMED prueba evidencia local, no respuesta HTTP"
https://puertasyserviciosindustriales.com/productos.php?cmd=loadProductos&productId=97,DATABASE_DERIVED,productos.php,producto dinámico,productos.php,STRONG_INFERENCE,INVESTIGATE,"ID demostrado por dump público; alias /97/producto/{getFriendlyName()}/; slug exacto pendiente de validar codificación; relación 0 impide certificar metadatos del detalle; CONFIRMED prueba evidencia local, no respuesta HTTP"
https://puertasyserviciosindustriales.com/productos.php?cmd=loadProductos&productId=98,DATABASE_DERIVED,productos.php,producto dinámico,productos.php,STRONG_INFERENCE,INVESTIGATE,"ID demostrado por dump público; alias /98/producto/{getFriendlyName()}/; slug exacto pendiente de validar codificación; relación 0 impide certificar metadatos del detalle; CONFIRMED prueba evidencia local, no respuesta HTTP"
https://puertasyserviciosindustriales.com/productos.php?cmd=loadProductos&productId=99,DATABASE_DERIVED,productos.php,producto dinámico,productos.php,STRONG_INFERENCE,INVESTIGATE,"ID demostrado por dump público; alias /99/producto/{getFriendlyName()}/; slug exacto pendiente de validar codificación; relación 0 impide certificar metadatos del detalle; CONFIRMED prueba evidencia local, no respuesta HTTP"
https://puertasyserviciosindustriales.com/productos.php?cmd=loadProductos&productId=100,DATABASE_DERIVED,productos.php,producto dinámico,productos.php,STRONG_INFERENCE,INVESTIGATE,"ID demostrado por dump público; alias /100/producto/{getFriendlyName()}/; slug exacto pendiente de validar codificación; relación 0 impide certificar metadatos del detalle; CONFIRMED prueba evidencia local, no respuesta HTTP"
https://puertasyserviciosindustriales.com/productos.php?cmd=loadProductos&productId=101,DATABASE_DERIVED,productos.php,producto dinámico,productos.php,STRONG_INFERENCE,INVESTIGATE,"ID demostrado por dump público; alias /101/producto/{getFriendlyName()}/; slug exacto pendiente de validar codificación; relación 0 impide certificar metadatos del detalle; CONFIRMED prueba evidencia local, no respuesta HTTP"
https://puertasyserviciosindustriales.com/productos.php?cmd=loadProductos&productId=102,DATABASE_DERIVED,productos.php,producto dinámico,productos.php,STRONG_INFERENCE,INVESTIGATE,"ID demostrado por dump público; alias /102/producto/{getFriendlyName()}/; slug exacto pendiente de validar codificación; relación 0 impide certificar metadatos del detalle; CONFIRMED prueba evidencia local, no respuesta HTTP"
https://puertasyserviciosindustriales.com/productos.php?cmd=loadProductos&productId=103,DATABASE_DERIVED,productos.php,producto dinámico,productos.php,STRONG_INFERENCE,INVESTIGATE,"ID demostrado por dump público; alias /103/producto/{getFriendlyName()}/; slug exacto pendiente de validar codificación; relación 0 impide certificar metadatos del detalle; CONFIRMED prueba evidencia local, no respuesta HTTP"
https://puertasyserviciosindustriales.com/productos.php?cmd=loadProductos&productId=104,DATABASE_DERIVED,productos.php,producto dinámico,productos.php,STRONG_INFERENCE,INVESTIGATE,"ID demostrado por dump público; alias /104/producto/{getFriendlyName()}/; slug exacto pendiente de validar codificación; relación 0 impide certificar metadatos del detalle; CONFIRMED prueba evidencia local, no respuesta HTTP"
https://puertasyserviciosindustriales.com/productos.php?cmd=loadProductos&productId=105,DATABASE_DERIVED,productos.php,producto dinámico,productos.php,STRONG_INFERENCE,INVESTIGATE,"ID demostrado por dump público; alias /105/producto/{getFriendlyName()}/; slug exacto pendiente de validar codificación; relación 0 impide certificar metadatos del detalle; CONFIRMED prueba evidencia local, no respuesta HTTP"
https://puertasyserviciosindustriales.com/productos.php?cmd=loadProductos&productId=106,DATABASE_DERIVED,productos.php,producto dinámico,productos.php,STRONG_INFERENCE,INVESTIGATE,"ID demostrado por dump público; alias /106/producto/{getFriendlyName()}/; slug exacto pendiente de validar codificación; relación 0 impide certificar metadatos del detalle; CONFIRMED prueba evidencia local, no respuesta HTTP"
https://puertasyserviciosindustriales.com/productos.php?cmd=loadProductos&productId=107,DATABASE_DERIVED,productos.php,producto dinámico,productos.php,STRONG_INFERENCE,INVESTIGATE,"ID demostrado por dump público; alias /107/producto/{getFriendlyName()}/; slug exacto pendiente de validar codificación; relación 0 impide certificar metadatos del detalle; CONFIRMED prueba evidencia local, no respuesta HTTP"
https://puertasyserviciosindustriales.com/productos.php?cmd=loadProductos&productId=108,DATABASE_DERIVED,productos.php,producto dinámico,productos.php,STRONG_INFERENCE,INVESTIGATE,"ID demostrado por dump público; alias /108/producto/{getFriendlyName()}/; slug exacto pendiente de validar codificación; relación 0 impide certificar metadatos del detalle; CONFIRMED prueba evidencia local, no respuesta HTTP"
https://puertasyserviciosindustriales.com/productos.php?cmd=loadProductos&productId=109,DATABASE_DERIVED,productos.php,producto dinámico,productos.php,STRONG_INFERENCE,INVESTIGATE,"ID demostrado por dump público; alias /109/producto/{getFriendlyName()}/; slug exacto pendiente de validar codificación; relación 0 impide certificar metadatos del detalle; CONFIRMED prueba evidencia local, no respuesta HTTP"
https://puertasyserviciosindustriales.com/productos.php?cmd=loadProductos&productId=110,DATABASE_DERIVED,productos.php,producto dinámico,productos.php,STRONG_INFERENCE,INVESTIGATE,"ID demostrado por dump público; alias /110/producto/{getFriendlyName()}/; slug exacto pendiente de validar codificación; relación 0 impide certificar metadatos del detalle; CONFIRMED prueba evidencia local, no respuesta HTTP"
https://puertasyserviciosindustriales.com/productos.php?cmd=loadProductos&productId=111,DATABASE_DERIVED,productos.php,producto dinámico,productos.php,STRONG_INFERENCE,INVESTIGATE,"ID demostrado por dump público; alias /111/producto/{getFriendlyName()}/; slug exacto pendiente de validar codificación; relación 0 impide certificar metadatos del detalle; CONFIRMED prueba evidencia local, no respuesta HTTP"
https://puertasyserviciosindustriales.com/productos.php?cmd=loadProductos&productId=112,DATABASE_DERIVED,productos.php,producto dinámico,productos.php,STRONG_INFERENCE,INVESTIGATE,"ID demostrado por dump público; alias /112/producto/{getFriendlyName()}/; slug exacto pendiente de validar codificación; relación 0 impide certificar metadatos del detalle; CONFIRMED prueba evidencia local, no respuesta HTTP"
https://puertasyserviciosindustriales.com/productos.php?cmd=loadProductos&productId=113,DATABASE_DERIVED,productos.php,producto dinámico,productos.php,STRONG_INFERENCE,INVESTIGATE,"ID demostrado por dump público; alias /113/producto/{getFriendlyName()}/; slug exacto pendiente de validar codificación; relación 0 impide certificar metadatos del detalle; CONFIRMED prueba evidencia local, no respuesta HTTP"
https://puertasyserviciosindustriales.com/productos.php?cmd=loadProductos&productId=114,DATABASE_DERIVED,productos.php,producto dinámico,productos.php,STRONG_INFERENCE,INVESTIGATE,"ID demostrado por dump público; alias /114/producto/{getFriendlyName()}/; slug exacto pendiente de validar codificación; relación 0 impide certificar metadatos del detalle; CONFIRMED prueba evidencia local, no respuesta HTTP"
https://puertasyserviciosindustriales.com/productos.php?cmd=loadProductos&productId=115,DATABASE_DERIVED,productos.php,producto dinámico,productos.php,STRONG_INFERENCE,INVESTIGATE,"ID demostrado por dump público; alias /115/producto/{getFriendlyName()}/; slug exacto pendiente de validar codificación; relación 0 impide certificar metadatos del detalle; CONFIRMED prueba evidencia local, no respuesta HTTP"
https://puertasyserviciosindustriales.com/productos.php?cmd=loadProductos&productId=116,DATABASE_DERIVED,productos.php,producto dinámico,productos.php,STRONG_INFERENCE,INVESTIGATE,"ID demostrado por dump público; alias /116/producto/{getFriendlyName()}/; slug exacto pendiente de validar codificación; relación 0 impide certificar metadatos del detalle; CONFIRMED prueba evidencia local, no respuesta HTTP"
https://puertasyserviciosindustriales.com/productos.php?cmd=loadProductos&productId=117,DATABASE_DERIVED,productos.php,producto dinámico,productos.php,STRONG_INFERENCE,INVESTIGATE,"ID demostrado por dump público; alias /117/producto/{getFriendlyName()}/; slug exacto pendiente de validar codificación; relación 0 impide certificar metadatos del detalle; CONFIRMED prueba evidencia local, no respuesta HTTP"
https://puertasyserviciosindustriales.com/productos.php?cmd=loadProductos&productId=118,DATABASE_DERIVED,productos.php,producto dinámico,productos.php,STRONG_INFERENCE,INVESTIGATE,"ID demostrado por dump público; alias /118/producto/{getFriendlyName()}/; slug exacto pendiente de validar codificación; relación 0 impide certificar metadatos del detalle; CONFIRMED prueba evidencia local, no respuesta HTTP"
https://puertasyserviciosindustriales.com/productos.php?cmd=loadProductos&productId=119,DATABASE_DERIVED,productos.php,producto dinámico,productos.php,STRONG_INFERENCE,INVESTIGATE,"ID demostrado por dump público; alias /119/producto/{getFriendlyName()}/; slug exacto pendiente de validar codificación; relación 0 impide certificar metadatos del detalle; CONFIRMED prueba evidencia local, no respuesta HTTP"
https://puertasyserviciosindustriales.com/productos.php?cmd=loadProductos&productId=120,DATABASE_DERIVED,productos.php,producto dinámico,productos.php,STRONG_INFERENCE,INVESTIGATE,"ID demostrado por dump público; alias /120/producto/{getFriendlyName()}/; slug exacto pendiente de validar codificación; relación 0 impide certificar metadatos del detalle; CONFIRMED prueba evidencia local, no respuesta HTTP"
https://puertasyserviciosindustriales.com/productos.php?cmd=loadProductos&productId=121,DATABASE_DERIVED,productos.php,producto dinámico,productos.php,STRONG_INFERENCE,INVESTIGATE,"ID demostrado por dump público; alias /121/producto/{getFriendlyName()}/; slug exacto pendiente de validar codificación; relación 0 impide certificar metadatos del detalle; CONFIRMED prueba evidencia local, no respuesta HTTP"
https://puertasyserviciosindustriales.com/productos.php?cmd=loadProductos&productId=122,DATABASE_DERIVED,productos.php,producto dinámico,productos.php,STRONG_INFERENCE,INVESTIGATE,"ID demostrado por dump público; alias /122/producto/{getFriendlyName()}/; slug exacto pendiente de validar codificación; relación 0 impide certificar metadatos del detalle; CONFIRMED prueba evidencia local, no respuesta HTTP"
https://puertasyserviciosindustriales.com/productos.php?cmd=loadProductos&productId=123,DATABASE_DERIVED,productos.php,producto dinámico,productos.php,STRONG_INFERENCE,INVESTIGATE,"ID demostrado por dump público; alias /123/producto/{getFriendlyName()}/; slug exacto pendiente de validar codificación; relación 0 impide certificar metadatos del detalle; CONFIRMED prueba evidencia local, no respuesta HTTP"
https://puertasyserviciosindustriales.com/productos.php?cmd=loadProductos&productId=124,DATABASE_DERIVED,productos.php,producto dinámico,productos.php,STRONG_INFERENCE,INVESTIGATE,"ID demostrado por dump público; alias /124/producto/{getFriendlyName()}/; slug exacto pendiente de validar codificación; relación 0 impide certificar metadatos del detalle; CONFIRMED prueba evidencia local, no respuesta HTTP"
https://puertasyserviciosindustriales.com/productos.php?cmd=loadProductos&productId=125,DATABASE_DERIVED,productos.php,producto dinámico,productos.php,STRONG_INFERENCE,INVESTIGATE,"ID demostrado por dump público; alias /125/producto/{getFriendlyName()}/; slug exacto pendiente de validar codificación; relación 0 impide certificar metadatos del detalle; CONFIRMED prueba evidencia local, no respuesta HTTP"
https://puertasyserviciosindustriales.com/productos.php?cmd=loadProductos&productId=126,DATABASE_DERIVED,productos.php,producto dinámico,productos.php,STRONG_INFERENCE,INVESTIGATE,"ID demostrado por dump público; alias /126/producto/{getFriendlyName()}/; slug exacto pendiente de validar codificación; relación 0 impide certificar metadatos del detalle; CONFIRMED prueba evidencia local, no respuesta HTTP"
https://puertasyserviciosindustriales.com/productos.php?cmd=loadProductos&productId=127,DATABASE_DERIVED,productos.php,producto dinámico,productos.php,STRONG_INFERENCE,INVESTIGATE,"ID demostrado por dump público; alias /127/producto/{getFriendlyName()}/; slug exacto pendiente de validar codificación; relación 0 impide certificar metadatos del detalle; CONFIRMED prueba evidencia local, no respuesta HTTP"
https://puertasyserviciosindustriales.com/productos.php?cmd=loadProductos&productId=128,DATABASE_DERIVED,productos.php,producto dinámico,productos.php,STRONG_INFERENCE,INVESTIGATE,"ID demostrado por dump público; alias /128/producto/{getFriendlyName()}/; slug exacto pendiente de validar codificación; relación 0 impide certificar metadatos del detalle; CONFIRMED prueba evidencia local, no respuesta HTTP"
https://puertasyserviciosindustriales.com/productos.php?cmd=loadProductos&productId=129,DATABASE_DERIVED,productos.php,producto dinámico,productos.php,STRONG_INFERENCE,INVESTIGATE,"ID demostrado por dump público; alias /129/producto/{getFriendlyName()}/; slug exacto pendiente de validar codificación; relación 0 impide certificar metadatos del detalle; CONFIRMED prueba evidencia local, no respuesta HTTP"
https://puertasyserviciosindustriales.com/productos.php?cmd=loadProductos&productId=130,DATABASE_DERIVED,productos.php,producto dinámico,productos.php,STRONG_INFERENCE,INVESTIGATE,"ID demostrado por dump público; alias /130/producto/{getFriendlyName()}/; slug exacto pendiente de validar codificación; relación 0 impide certificar metadatos del detalle; CONFIRMED prueba evidencia local, no respuesta HTTP"
https://puertasyserviciosindustriales.com/productos.php?cmd=loadProductos&productId=131,DATABASE_DERIVED,productos.php,producto dinámico,productos.php,STRONG_INFERENCE,INVESTIGATE,"ID demostrado por dump público; alias /131/producto/{getFriendlyName()}/; slug exacto pendiente de validar codificación; relación 0 impide certificar metadatos del detalle; CONFIRMED prueba evidencia local, no respuesta HTTP"
https://puertasyserviciosindustriales.com/productos.php?cmd=loadProductos&productId=132,DATABASE_DERIVED,productos.php,producto dinámico,productos.php,STRONG_INFERENCE,INVESTIGATE,"ID demostrado por dump público; alias /132/producto/{getFriendlyName()}/; slug exacto pendiente de validar codificación; relación 0 impide certificar metadatos del detalle; CONFIRMED prueba evidencia local, no respuesta HTTP"
https://puertasyserviciosindustriales.com/productos.php?cmd=loadProductos&productId=133,DATABASE_DERIVED,productos.php,producto dinámico,productos.php,STRONG_INFERENCE,INVESTIGATE,"ID demostrado por dump público; alias /133/producto/{getFriendlyName()}/; slug exacto pendiente de validar codificación; relación 0 impide certificar metadatos del detalle; CONFIRMED prueba evidencia local, no respuesta HTTP"
https://puertasyserviciosindustriales.com/productos.php?cmd=loadProductos&productId=134,DATABASE_DERIVED,productos.php,producto dinámico,productos.php,STRONG_INFERENCE,INVESTIGATE,"ID demostrado por dump público; alias /134/producto/{getFriendlyName()}/; slug exacto pendiente de validar codificación; relación 0 impide certificar metadatos del detalle; CONFIRMED prueba evidencia local, no respuesta HTTP"
https://puertasyserviciosindustriales.com/productos.php?cmd=loadProductos&productId=135,DATABASE_DERIVED,productos.php,producto dinámico,productos.php,STRONG_INFERENCE,INVESTIGATE,"ID demostrado por dump público; alias /135/producto/{getFriendlyName()}/; slug exacto pendiente de validar codificación; relación 0 impide certificar metadatos del detalle; CONFIRMED prueba evidencia local, no respuesta HTTP"
https://puertasyserviciosindustriales.com/productos.php?cmd=loadProductos&productId=136,DATABASE_DERIVED,productos.php,producto dinámico,productos.php,STRONG_INFERENCE,INVESTIGATE,"ID demostrado por dump público; alias /136/producto/{getFriendlyName()}/; slug exacto pendiente de validar codificación; relación 0 impide certificar metadatos del detalle; CONFIRMED prueba evidencia local, no respuesta HTTP"
https://puertasyserviciosindustriales.com/productos.php?cmd=loadProductos&productId=137,DATABASE_DERIVED,productos.php,producto dinámico,productos.php,STRONG_INFERENCE,INVESTIGATE,"ID demostrado por dump público; alias /137/producto/{getFriendlyName()}/; slug exacto pendiente de validar codificación; relación 0 impide certificar metadatos del detalle; CONFIRMED prueba evidencia local, no respuesta HTTP"
https://puertasyserviciosindustriales.com/productos.php?cmd=loadProductos&productId=138,DATABASE_DERIVED,productos.php,producto dinámico,productos.php,STRONG_INFERENCE,INVESTIGATE,"ID demostrado por dump público; alias /138/producto/{getFriendlyName()}/; slug exacto pendiente de validar codificación; relación 0 impide certificar metadatos del detalle; CONFIRMED prueba evidencia local, no respuesta HTTP"
https://puertasyserviciosindustriales.com/productos.php?cmd=loadProductos&productId=139,DATABASE_DERIVED,productos.php,producto dinámico,productos.php,STRONG_INFERENCE,INVESTIGATE,"ID demostrado por dump público; alias /139/producto/{getFriendlyName()}/; slug exacto pendiente de validar codificación; relación 0 impide certificar metadatos del detalle; CONFIRMED prueba evidencia local, no respuesta HTTP"
https://puertasyserviciosindustriales.com/productos.php?cmd=loadProductos&productId=140,DATABASE_DERIVED,productos.php,producto dinámico,productos.php,STRONG_INFERENCE,INVESTIGATE,"ID demostrado por dump público; alias /140/producto/{getFriendlyName()}/; slug exacto pendiente de validar codificación; relación 0 impide certificar metadatos del detalle; CONFIRMED prueba evidencia local, no respuesta HTTP"
https://puertasyserviciosindustriales.com/productos.php?cmd=loadProductos&productId=141,DATABASE_DERIVED,productos.php,producto dinámico,productos.php,STRONG_INFERENCE,INVESTIGATE,"ID demostrado por dump público; alias /141/producto/{getFriendlyName()}/; slug exacto pendiente de validar codificación; relación 0 impide certificar metadatos del detalle; CONFIRMED prueba evidencia local, no respuesta HTTP"
https://puertasyserviciosindustriales.com/productos.php?cmd=loadProductos&productId=142,DATABASE_DERIVED,productos.php,producto dinámico,productos.php,STRONG_INFERENCE,INVESTIGATE,"ID demostrado por dump público; alias /142/producto/{getFriendlyName()}/; slug exacto pendiente de validar codificación; relación 0 impide certificar metadatos del detalle; CONFIRMED prueba evidencia local, no respuesta HTTP"
https://puertasyserviciosindustriales.com/productos.php?cmd=loadProductos&productId=143,DATABASE_DERIVED,productos.php,producto dinámico,productos.php,STRONG_INFERENCE,INVESTIGATE,"ID demostrado por dump público; alias /143/producto/{getFriendlyName()}/; slug exacto pendiente de validar codificación; relación 0 impide certificar metadatos del detalle; CONFIRMED prueba evidencia local, no respuesta HTTP"
https://puertasyserviciosindustriales.com/productos.php?cmd=loadProductos&productId=144,DATABASE_DERIVED,productos.php,producto dinámico,productos.php,STRONG_INFERENCE,INVESTIGATE,"ID demostrado por dump público; alias /144/producto/{getFriendlyName()}/; slug exacto pendiente de validar codificación; relación 0 impide certificar metadatos del detalle; CONFIRMED prueba evidencia local, no respuesta HTTP"
https://puertasyserviciosindustriales.com/productos.php?cmd=loadProductos&productId=145,DATABASE_DERIVED,productos.php,producto dinámico,productos.php,STRONG_INFERENCE,INVESTIGATE,"ID demostrado por dump público; alias /145/producto/{getFriendlyName()}/; slug exacto pendiente de validar codificación; relación 0 impide certificar metadatos del detalle; CONFIRMED prueba evidencia local, no respuesta HTTP"
https://puertasyserviciosindustriales.com/productos.php?cmd=loadProductos&productId=146,DATABASE_DERIVED,productos.php,producto dinámico,productos.php,STRONG_INFERENCE,INVESTIGATE,"ID demostrado por dump público; alias /146/producto/{getFriendlyName()}/; slug exacto pendiente de validar codificación; relación 0 impide certificar metadatos del detalle; CONFIRMED prueba evidencia local, no respuesta HTTP"
https://puertasyserviciosindustriales.com/productos.php?cmd=loadProductos&productId=147,DATABASE_DERIVED,productos.php,producto dinámico,productos.php,STRONG_INFERENCE,INVESTIGATE,"ID demostrado por dump público; alias /147/producto/{getFriendlyName()}/; slug exacto pendiente de validar codificación; relación 0 impide certificar metadatos del detalle; CONFIRMED prueba evidencia local, no respuesta HTTP"
https://puertasyserviciosindustriales.com/productos.php?cmd=loadProductos&productId=148,DATABASE_DERIVED,productos.php,producto dinámico,productos.php,STRONG_INFERENCE,INVESTIGATE,"ID demostrado por dump público; alias /148/producto/{getFriendlyName()}/; slug exacto pendiente de validar codificación; relación 0 impide certificar metadatos del detalle; CONFIRMED prueba evidencia local, no respuesta HTTP"
https://puertasyserviciosindustriales.com/productos.php?cmd=loadProductos&productId=149,DATABASE_DERIVED,productos.php,producto dinámico,productos.php,STRONG_INFERENCE,INVESTIGATE,"ID demostrado por dump público; alias /149/producto/{getFriendlyName()}/; slug exacto pendiente de validar codificación; relación 0 impide certificar metadatos del detalle; CONFIRMED prueba evidencia local, no respuesta HTTP"
https://puertasyserviciosindustriales.com/productos.php?cmd=loadProductos&productId=150,DATABASE_DERIVED,productos.php,producto dinámico,productos.php,STRONG_INFERENCE,INVESTIGATE,"ID demostrado por dump público; alias /150/producto/{getFriendlyName()}/; slug exacto pendiente de validar codificación; relación 0 impide certificar metadatos del detalle; CONFIRMED prueba evidencia local, no respuesta HTTP"
https://puertasyserviciosindustriales.com/productos.php?cmd=loadProductos&productId=151,DATABASE_DERIVED,productos.php,producto dinámico,productos.php,STRONG_INFERENCE,INVESTIGATE,"ID demostrado por dump público; alias /151/producto/{getFriendlyName()}/; slug exacto pendiente de validar codificación; relación 0 impide certificar metadatos del detalle; CONFIRMED prueba evidencia local, no respuesta HTTP"
https://puertasyserviciosindustriales.com/productos.php?cmd=loadProductos&productId=152,DATABASE_DERIVED,productos.php,producto dinámico,productos.php,STRONG_INFERENCE,INVESTIGATE,"ID demostrado por dump público; alias /152/producto/{getFriendlyName()}/; slug exacto pendiente de validar codificación; relación 0 impide certificar metadatos del detalle; CONFIRMED prueba evidencia local, no respuesta HTTP"
https://puertasyserviciosindustriales.com/productos.php?cmd=loadProductos&productId=153,DATABASE_DERIVED,productos.php,producto dinámico,productos.php,STRONG_INFERENCE,INVESTIGATE,"ID demostrado por dump público; alias /153/producto/{getFriendlyName()}/; slug exacto pendiente de validar codificación; relación 0 impide certificar metadatos del detalle; CONFIRMED prueba evidencia local, no respuesta HTTP"
https://puertasyserviciosindustriales.com/productos.php?cmd=loadProductos&productId=154,DATABASE_DERIVED,productos.php,producto dinámico,productos.php,STRONG_INFERENCE,INVESTIGATE,"ID demostrado por dump público; alias /154/producto/{getFriendlyName()}/; slug exacto pendiente de validar codificación; relación 0 impide certificar metadatos del detalle; CONFIRMED prueba evidencia local, no respuesta HTTP"
https://puertasyserviciosindustriales.com/productos.php?cmd=loadProductos&productId=155,DATABASE_DERIVED,productos.php,producto dinámico,productos.php,STRONG_INFERENCE,INVESTIGATE,"ID demostrado por dump público; alias /155/producto/{getFriendlyName()}/; slug exacto pendiente de validar codificación; relación 0 impide certificar metadatos del detalle; CONFIRMED prueba evidencia local, no respuesta HTTP"
https://puertasyserviciosindustriales.com/productos.php?cmd=loadProductos&productId=156,DATABASE_DERIVED,productos.php,producto dinámico,productos.php,STRONG_INFERENCE,INVESTIGATE,"ID demostrado por dump público; alias /156/producto/{getFriendlyName()}/; slug exacto pendiente de validar codificación; relación 0 impide certificar metadatos del detalle; CONFIRMED prueba evidencia local, no respuesta HTTP"
https://puertasyserviciosindustriales.com/productos.php?cmd=loadProductos&productId=157,DATABASE_DERIVED,productos.php,producto dinámico,productos.php,STRONG_INFERENCE,INVESTIGATE,"ID demostrado por dump público; alias /157/producto/{getFriendlyName()}/; slug exacto pendiente de validar codificación; relación 0 impide certificar metadatos del detalle; CONFIRMED prueba evidencia local, no respuesta HTTP"
https://puertasyserviciosindustriales.com/productos.php?cmd=loadProductos&productId=158,DATABASE_DERIVED,productos.php,producto dinámico,productos.php,STRONG_INFERENCE,INVESTIGATE,"ID demostrado por dump público; alias /158/producto/{getFriendlyName()}/; slug exacto pendiente de validar codificación; relación 0 impide certificar metadatos del detalle; CONFIRMED prueba evidencia local, no respuesta HTTP"
https://puertasyserviciosindustriales.com/productos.php?cmd=loadProductos&productId=159,DATABASE_DERIVED,productos.php,producto dinámico,productos.php,STRONG_INFERENCE,INVESTIGATE,"ID demostrado por dump público; alias /159/producto/{getFriendlyName()}/; slug exacto pendiente de validar codificación; relación 0 impide certificar metadatos del detalle; CONFIRMED prueba evidencia local, no respuesta HTTP"
https://puertasyserviciosindustriales.com/productos.php?cmd=loadProductos&productId=160,DATABASE_DERIVED,productos.php,producto dinámico,productos.php,STRONG_INFERENCE,INVESTIGATE,"ID demostrado por dump público; alias /160/producto/{getFriendlyName()}/; slug exacto pendiente de validar codificación; relación 0 impide certificar metadatos del detalle; CONFIRMED prueba evidencia local, no respuesta HTTP"
https://puertasyserviciosindustriales.com/productos.php?cmd=loadProductos&productId=161,DATABASE_DERIVED,productos.php,producto dinámico,productos.php,STRONG_INFERENCE,INVESTIGATE,"ID demostrado por dump público; alias /161/producto/{getFriendlyName()}/; slug exacto pendiente de validar codificación; relación 0 impide certificar metadatos del detalle; CONFIRMED prueba evidencia local, no respuesta HTTP"
https://puertasyserviciosindustriales.com/productos.php?cmd=loadProductos&productId=162,DATABASE_DERIVED,productos.php,producto dinámico,productos.php,STRONG_INFERENCE,INVESTIGATE,"ID demostrado por dump público; alias /162/producto/{getFriendlyName()}/; slug exacto pendiente de validar codificación; relación 0 impide certificar metadatos del detalle; CONFIRMED prueba evidencia local, no respuesta HTTP"
https://puertasyserviciosindustriales.com/productos.php?cmd=loadProductos&productId=163,DATABASE_DERIVED,productos.php,producto dinámico,productos.php,STRONG_INFERENCE,INVESTIGATE,"ID demostrado por dump público; alias /163/producto/{getFriendlyName()}/; slug exacto pendiente de validar codificación; relación 0 impide certificar metadatos del detalle; CONFIRMED prueba evidencia local, no respuesta HTTP"
https://puertasyserviciosindustriales.com/productos.php?cmd=loadProductos&productId=164,DATABASE_DERIVED,productos.php,producto dinámico,productos.php,STRONG_INFERENCE,INVESTIGATE,"ID demostrado por dump público; alias /164/producto/{getFriendlyName()}/; slug exacto pendiente de validar codificación; relación 0 impide certificar metadatos del detalle; CONFIRMED prueba evidencia local, no respuesta HTTP"
https://puertasyserviciosindustriales.com/productos.php?cmd=loadProductos&productId=165,DATABASE_DERIVED,productos.php,producto dinámico,productos.php,STRONG_INFERENCE,INVESTIGATE,"ID demostrado por dump público; alias /165/producto/{getFriendlyName()}/; slug exacto pendiente de validar codificación; CONFIRMED prueba evidencia local, no respuesta HTTP"
https://puertasyserviciosindustriales.com/productos.php?cmd=search&CategoriaId=1,DATABASE_DERIVED,productos.php,listado categoría,productos.php,STRONG_INFERENCE,INVESTIGATE,"URL por parámetros demostrados; ver fórmulas amigables en seo-inventory.md; CONFIRMED prueba evidencia local, no respuesta HTTP"
https://puertasyserviciosindustriales.com/categorias.php?cmd=search&categoriaId=1,DATABASE_DERIVED,categorias.php,categoría padre,categorias.php,STRONG_INFERENCE,INVESTIGATE,"URL por parámetros demostrados; ver fórmulas amigables en seo-inventory.md; CONFIRMED prueba evidencia local, no respuesta HTTP"
https://puertasyserviciosindustriales.com/productos.php?cmd=search&CategoriaId=2,DATABASE_DERIVED,productos.php,listado categoría,productos.php,STRONG_INFERENCE,INVESTIGATE,"URL por parámetros demostrados; ver fórmulas amigables en seo-inventory.md; CONFIRMED prueba evidencia local, no respuesta HTTP"
https://puertasyserviciosindustriales.com/categorias.php?cmd=search&categoriaId=2,DATABASE_DERIVED,categorias.php,categoría padre,categorias.php,STRONG_INFERENCE,INVESTIGATE,"URL por parámetros demostrados; ver fórmulas amigables en seo-inventory.md; CONFIRMED prueba evidencia local, no respuesta HTTP"
https://puertasyserviciosindustriales.com/productos.php?cmd=search&CategoriaId=3,DATABASE_DERIVED,productos.php,listado categoría,productos.php,STRONG_INFERENCE,INVESTIGATE,"URL por parámetros demostrados; ver fórmulas amigables en seo-inventory.md; CONFIRMED prueba evidencia local, no respuesta HTTP"
https://puertasyserviciosindustriales.com/categorias.php?cmd=search&categoriaId=3,DATABASE_DERIVED,categorias.php,categoría padre,categorias.php,STRONG_INFERENCE,INVESTIGATE,"URL por parámetros demostrados; ver fórmulas amigables en seo-inventory.md; CONFIRMED prueba evidencia local, no respuesta HTTP"
https://puertasyserviciosindustriales.com/productos.php?cmd=search&CategoriaId=4,DATABASE_DERIVED,productos.php,listado categoría,productos.php,STRONG_INFERENCE,INVESTIGATE,"URL por parámetros demostrados; ver fórmulas amigables en seo-inventory.md; CONFIRMED prueba evidencia local, no respuesta HTTP"
https://puertasyserviciosindustriales.com/categorias.php?cmd=search&categoriaId=4,DATABASE_DERIVED,categorias.php,categoría padre,categorias.php,STRONG_INFERENCE,INVESTIGATE,"URL por parámetros demostrados; ver fórmulas amigables en seo-inventory.md; CONFIRMED prueba evidencia local, no respuesta HTTP"
https://puertasyserviciosindustriales.com/productos.php?cmd=search&CategoriaId=5,DATABASE_DERIVED,productos.php,listado categoría,productos.php,STRONG_INFERENCE,INVESTIGATE,"URL por parámetros demostrados; ver fórmulas amigables en seo-inventory.md; CONFIRMED prueba evidencia local, no respuesta HTTP"
https://puertasyserviciosindustriales.com/categorias.php?cmd=search&categoriaId=5,DATABASE_DERIVED,categorias.php,categoría padre,categorias.php,STRONG_INFERENCE,INVESTIGATE,"URL por parámetros demostrados; ver fórmulas amigables en seo-inventory.md; CONFIRMED prueba evidencia local, no respuesta HTTP"
https://puertasyserviciosindustriales.com/productos.php?cmd=search&CategoriaId=6,DATABASE_DERIVED,productos.php,listado categoría,productos.php,STRONG_INFERENCE,INVESTIGATE,"URL por parámetros demostrados; ver fórmulas amigables en seo-inventory.md; CONFIRMED prueba evidencia local, no respuesta HTTP"
https://puertasyserviciosindustriales.com/categorias.php?cmd=search&categoriaId=6,DATABASE_DERIVED,categorias.php,categoría padre,categorias.php,STRONG_INFERENCE,INVESTIGATE,"URL por parámetros demostrados; ver fórmulas amigables en seo-inventory.md; CONFIRMED prueba evidencia local, no respuesta HTTP"
https://puertasyserviciosindustriales.com/productos.php?cmd=search&CategoriaId=7,DATABASE_DERIVED,productos.php,listado categoría,productos.php,STRONG_INFERENCE,INVESTIGATE,"URL por parámetros demostrados; ver fórmulas amigables en seo-inventory.md; CONFIRMED prueba evidencia local, no respuesta HTTP"
https://puertasyserviciosindustriales.com/categorias.php?cmd=search&categoriaId=7,DATABASE_DERIVED,categorias.php,categoría padre,categorias.php,STRONG_INFERENCE,INVESTIGATE,"URL por parámetros demostrados; ver fórmulas amigables en seo-inventory.md; CONFIRMED prueba evidencia local, no respuesta HTTP"
https://puertasyserviciosindustriales.com/productos.php?cmd=search&CategoriaId=8,DATABASE_DERIVED,productos.php,listado categoría,productos.php,STRONG_INFERENCE,INVESTIGATE,"URL por parámetros demostrados; ver fórmulas amigables en seo-inventory.md; CONFIRMED prueba evidencia local, no respuesta HTTP"
https://puertasyserviciosindustriales.com/productos.php?cmd=search&CategoriaId=9,DATABASE_DERIVED,productos.php,listado categoría,productos.php,STRONG_INFERENCE,INVESTIGATE,"URL por parámetros demostrados; ver fórmulas amigables en seo-inventory.md; CONFIRMED prueba evidencia local, no respuesta HTTP"
https://puertasyserviciosindustriales.com/productos.php?cmd=search&CategoriaId=10,DATABASE_DERIVED,productos.php,listado categoría,productos.php,STRONG_INFERENCE,INVESTIGATE,"URL por parámetros demostrados; ver fórmulas amigables en seo-inventory.md; CONFIRMED prueba evidencia local, no respuesta HTTP"
https://puertasyserviciosindustriales.com/productos.php?cmd=search&CategoriaId=11,DATABASE_DERIVED,productos.php,listado categoría,productos.php,STRONG_INFERENCE,INVESTIGATE,"URL por parámetros demostrados; ver fórmulas amigables en seo-inventory.md; CONFIRMED prueba evidencia local, no respuesta HTTP"
https://puertasyserviciosindustriales.com/productos.php?cmd=search&CategoriaId=12,DATABASE_DERIVED,productos.php,listado categoría,productos.php,STRONG_INFERENCE,INVESTIGATE,"URL por parámetros demostrados; ver fórmulas amigables en seo-inventory.md; CONFIRMED prueba evidencia local, no respuesta HTTP"
https://puertasyserviciosindustriales.com/productos.php?cmd=search&CategoriaId=13,DATABASE_DERIVED,productos.php,listado categoría,productos.php,STRONG_INFERENCE,INVESTIGATE,"URL por parámetros demostrados; ver fórmulas amigables en seo-inventory.md; CONFIRMED prueba evidencia local, no respuesta HTTP"
https://puertasyserviciosindustriales.com/productos.php?cmd=search&CategoriaId=14,DATABASE_DERIVED,productos.php,listado categoría,productos.php,STRONG_INFERENCE,INVESTIGATE,"URL por parámetros demostrados; ver fórmulas amigables en seo-inventory.md; CONFIRMED prueba evidencia local, no respuesta HTTP"
https://puertasyserviciosindustriales.com/productos.php?cmd=search&CategoriaId=16,DATABASE_DERIVED,productos.php,listado categoría,productos.php,STRONG_INFERENCE,INVESTIGATE,"URL por parámetros demostrados; ver fórmulas amigables en seo-inventory.md; CONFIRMED prueba evidencia local, no respuesta HTTP"
https://puertasyserviciosindustriales.com/productos.php?cmd=search&CategoriaId=17,DATABASE_DERIVED,productos.php,listado categoría,productos.php,STRONG_INFERENCE,INVESTIGATE,"URL por parámetros demostrados; ver fórmulas amigables en seo-inventory.md; CONFIRMED prueba evidencia local, no respuesta HTTP"
https://puertasyserviciosindustriales.com/productos.php?cmd=search&CategoriaId=18,DATABASE_DERIVED,productos.php,listado categoría,productos.php,STRONG_INFERENCE,INVESTIGATE,"URL por parámetros demostrados; ver fórmulas amigables en seo-inventory.md; CONFIRMED prueba evidencia local, no respuesta HTTP"
https://puertasyserviciosindustriales.com/productos.php?cmd=search&CategoriaId=19,DATABASE_DERIVED,productos.php,listado categoría,productos.php,STRONG_INFERENCE,INVESTIGATE,"URL por parámetros demostrados; ver fórmulas amigables en seo-inventory.md; CONFIRMED prueba evidencia local, no respuesta HTTP"
https://puertasyserviciosindustriales.com/productos.php?cmd=search&CategoriaId=20,DATABASE_DERIVED,productos.php,listado categoría,productos.php,STRONG_INFERENCE,INVESTIGATE,"URL por parámetros demostrados; ver fórmulas amigables en seo-inventory.md; CONFIRMED prueba evidencia local, no respuesta HTTP"
https://puertasyserviciosindustriales.com/productos.php?cmd=search&CategoriaId=21,DATABASE_DERIVED,productos.php,listado categoría,productos.php,STRONG_INFERENCE,INVESTIGATE,"URL por parámetros demostrados; ver fórmulas amigables en seo-inventory.md; CONFIRMED prueba evidencia local, no respuesta HTTP"
https://puertasyserviciosindustriales.com/productos.php?cmd=search&CategoriaId=22,DATABASE_DERIVED,productos.php,listado categoría,productos.php,STRONG_INFERENCE,INVESTIGATE,"URL por parámetros demostrados; ver fórmulas amigables en seo-inventory.md; CONFIRMED prueba evidencia local, no respuesta HTTP"
https://puertasyserviciosindustriales.com/productos.php?cmd=search&CategoriaId=23,DATABASE_DERIVED,productos.php,listado categoría,productos.php,STRONG_INFERENCE,INVESTIGATE,"URL por parámetros demostrados; ver fórmulas amigables en seo-inventory.md; CONFIRMED prueba evidencia local, no respuesta HTTP"
https://puertasyserviciosindustriales.com/productos.php?cmd=search&CategoriaId=24,DATABASE_DERIVED,productos.php,listado categoría,productos.php,STRONG_INFERENCE,INVESTIGATE,"URL por parámetros demostrados; ver fórmulas amigables en seo-inventory.md; CONFIRMED prueba evidencia local, no respuesta HTTP"
https://puertasyserviciosindustriales.com/productos.php?cmd=search&CategoriaId=25,DATABASE_DERIVED,productos.php,listado categoría,productos.php,STRONG_INFERENCE,INVESTIGATE,"URL por parámetros demostrados; ver fórmulas amigables en seo-inventory.md; CONFIRMED prueba evidencia local, no respuesta HTTP"
https://puertasyserviciosindustriales.com/productos.php?cmd=search&CategoriaId=26,DATABASE_DERIVED,productos.php,listado categoría,productos.php,STRONG_INFERENCE,INVESTIGATE,"URL por parámetros demostrados; ver fórmulas amigables en seo-inventory.md; CONFIRMED prueba evidencia local, no respuesta HTTP"
https://puertasyserviciosindustriales.com/categorias.php?cmd=search&categoriaId=26,DATABASE_DERIVED,categorias.php,categoría padre,categorias.php,STRONG_INFERENCE,INVESTIGATE,"URL por parámetros demostrados; ver fórmulas amigables en seo-inventory.md; CONFIRMED prueba evidencia local, no respuesta HTTP"
https://puertasyserviciosindustriales.com/productos.php?cmd=search&CategoriaId=27,DATABASE_DERIVED,productos.php,listado categoría,productos.php,STRONG_INFERENCE,INVESTIGATE,"URL por parámetros demostrados; ver fórmulas amigables en seo-inventory.md; CONFIRMED prueba evidencia local, no respuesta HTTP"
https://puertasyserviciosindustriales.com/productos.php?cmd=search&CategoriaId=28,DATABASE_DERIVED,productos.php,listado categoría,productos.php,STRONG_INFERENCE,INVESTIGATE,"URL por parámetros demostrados; ver fórmulas amigables en seo-inventory.md; CONFIRMED prueba evidencia local, no respuesta HTTP"
https://puertasyserviciosindustriales.com/productos.php?cmd=search&CategoriaId=29,DATABASE_DERIVED,productos.php,listado categoría,productos.php,STRONG_INFERENCE,INVESTIGATE,"URL por parámetros demostrados; ver fórmulas amigables en seo-inventory.md; CONFIRMED prueba evidencia local, no respuesta HTTP"
https://puertasyserviciosindustriales.com/productos.php?cmd=search&CategoriaId=30,DATABASE_DERIVED,productos.php,listado categoría,productos.php,STRONG_INFERENCE,INVESTIGATE,"URL por parámetros demostrados; ver fórmulas amigables en seo-inventory.md; CONFIRMED prueba evidencia local, no respuesta HTTP"
https://puertasyserviciosindustriales.com/productos.php?cmd=search&CategoriaId=31,DATABASE_DERIVED,productos.php,listado categoría,productos.php,STRONG_INFERENCE,INVESTIGATE,"URL por parámetros demostrados; ver fórmulas amigables en seo-inventory.md; CONFIRMED prueba evidencia local, no respuesta HTTP"
https://puertasyserviciosindustriales.com/productos.php?cmd=search&CategoriaId=32,DATABASE_DERIVED,productos.php,listado categoría,productos.php,STRONG_INFERENCE,INVESTIGATE,"URL por parámetros demostrados; ver fórmulas amigables en seo-inventory.md; CONFIRMED prueba evidencia local, no respuesta HTTP"
https://puertasyserviciosindustriales.com/productos.php?cmd=search&CategoriaId=33,DATABASE_DERIVED,productos.php,listado categoría,productos.php,STRONG_INFERENCE,INVESTIGATE,"URL por parámetros demostrados; ver fórmulas amigables en seo-inventory.md; CONFIRMED prueba evidencia local, no respuesta HTTP"
https://puertasyserviciosindustriales.com/productos.php?cmd=search&CategoriaId=34,DATABASE_DERIVED,productos.php,listado categoría,productos.php,STRONG_INFERENCE,INVESTIGATE,"URL por parámetros demostrados; ver fórmulas amigables en seo-inventory.md; CONFIRMED prueba evidencia local, no respuesta HTTP"
https://puertasyserviciosindustriales.com/productos.php?cmd=search&CategoriaId=35,DATABASE_DERIVED,productos.php,listado categoría,productos.php,STRONG_INFERENCE,INVESTIGATE,"URL por parámetros demostrados; ver fórmulas amigables en seo-inventory.md; CONFIRMED prueba evidencia local, no respuesta HTTP"
https://puertasyserviciosindustriales.com/productos.php?cmd=search&CategoriaId=36,DATABASE_DERIVED,productos.php,listado categoría,productos.php,STRONG_INFERENCE,INVESTIGATE,"URL por parámetros demostrados; ver fórmulas amigables en seo-inventory.md; CONFIRMED prueba evidencia local, no respuesta HTTP"
https://puertasyserviciosindustriales.com/productos.php?cmd=search&CategoriaId=37,DATABASE_DERIVED,productos.php,listado categoría,productos.php,STRONG_INFERENCE,INVESTIGATE,"URL por parámetros demostrados; ver fórmulas amigables en seo-inventory.md; CONFIRMED prueba evidencia local, no respuesta HTTP"
https://puertasyserviciosindustriales.com/productos.php?cmd=search&CategoriaId=38,DATABASE_DERIVED,productos.php,listado categoría,productos.php,STRONG_INFERENCE,INVESTIGATE,"URL por parámetros demostrados; ver fórmulas amigables en seo-inventory.md; CONFIRMED prueba evidencia local, no respuesta HTTP"
https://puertasyserviciosindustriales.com/productos.php?cmd=search&CategoriaId=39,DATABASE_DERIVED,productos.php,listado categoría,productos.php,STRONG_INFERENCE,INVESTIGATE,"URL por parámetros demostrados; ver fórmulas amigables en seo-inventory.md; CONFIRMED prueba evidencia local, no respuesta HTTP"
https://puertasyserviciosindustriales.com/productos.php?cmd=search&MarcaId=1,DATABASE_DERIVED,productos.php,listado marca,productos.php,STRONG_INFERENCE,INVESTIGATE,"URL por parámetros demostrados; ver fórmulas amigables en seo-inventory.md; CONFIRMED prueba evidencia local, no respuesta HTTP"
https://puertasyserviciosindustriales.com/productos.php?cmd=search&MarcaId=2,DATABASE_DERIVED,productos.php,listado marca,productos.php,STRONG_INFERENCE,INVESTIGATE,"URL por parámetros demostrados; ver fórmulas amigables en seo-inventory.md; CONFIRMED prueba evidencia local, no respuesta HTTP"
https://puertasyserviciosindustriales.com/productos.php?cmd=search&MarcaId=3,DATABASE_DERIVED,productos.php,listado marca,productos.php,STRONG_INFERENCE,INVESTIGATE,"URL por parámetros demostrados; ver fórmulas amigables en seo-inventory.md; CONFIRMED prueba evidencia local, no respuesta HTTP"
https://puertasyserviciosindustriales.com/productos.php?cmd=search&MarcaId=4,DATABASE_DERIVED,productos.php,listado marca,productos.php,STRONG_INFERENCE,INVESTIGATE,"URL por parámetros demostrados; ver fórmulas amigables en seo-inventory.md; CONFIRMED prueba evidencia local, no respuesta HTTP"
https://puertasyserviciosindustriales.com/productos.php?cmd=search&MarcaId=5,DATABASE_DERIVED,productos.php,listado marca,productos.php,STRONG_INFERENCE,INVESTIGATE,"URL por parámetros demostrados; ver fórmulas amigables en seo-inventory.md; CONFIRMED prueba evidencia local, no respuesta HTTP"
https://puertasyserviciosindustriales.com/productos.php?cmd=search&MarcaId=6,DATABASE_DERIVED,productos.php,listado marca,productos.php,STRONG_INFERENCE,INVESTIGATE,"URL por parámetros demostrados; ver fórmulas amigables en seo-inventory.md; CONFIRMED prueba evidencia local, no respuesta HTTP"
https://puertasyserviciosindustriales.com/productos.php?cmd=search&MarcaId=7,DATABASE_DERIVED,productos.php,listado marca,productos.php,STRONG_INFERENCE,INVESTIGATE,"URL por parámetros demostrados; ver fórmulas amigables en seo-inventory.md; CONFIRMED prueba evidencia local, no respuesta HTTP"
https://puertasyserviciosindustriales.com/productos.php?cmd=search&MarcaId=8,DATABASE_DERIVED,productos.php,listado marca,productos.php,STRONG_INFERENCE,INVESTIGATE,"URL por parámetros demostrados; ver fórmulas amigables en seo-inventory.md; CONFIRMED prueba evidencia local, no respuesta HTTP"
https://puertasyserviciosindustriales.com/productos.php?cmd=search&MarcaId=9,DATABASE_DERIVED,productos.php,listado marca,productos.php,STRONG_INFERENCE,INVESTIGATE,"URL por parámetros demostrados; ver fórmulas amigables en seo-inventory.md; CONFIRMED prueba evidencia local, no respuesta HTTP"
https://puertasyserviciosindustriales.com/productos.php?cmd=search&MarcaId=10,DATABASE_DERIVED,productos.php,listado marca,productos.php,STRONG_INFERENCE,INVESTIGATE,"URL por parámetros demostrados; ver fórmulas amigables en seo-inventory.md; CONFIRMED prueba evidencia local, no respuesta HTTP"
https://puertasyserviciosindustriales.com/productos.php?cmd=search&MarcaId=11,DATABASE_DERIVED,productos.php,listado marca,productos.php,STRONG_INFERENCE,INVESTIGATE,"URL por parámetros demostrados; ver fórmulas amigables en seo-inventory.md; CONFIRMED prueba evidencia local, no respuesta HTTP"
https://puertasyserviciosindustriales.com/productos.php?cmd=search&MarcaId=12,DATABASE_DERIVED,productos.php,listado marca,productos.php,STRONG_INFERENCE,INVESTIGATE,"URL por parámetros demostrados; ver fórmulas amigables en seo-inventory.md; CONFIRMED prueba evidencia local, no respuesta HTTP"
https://puertasyserviciosindustriales.com/1/categoria/industrial/,INTERNAL_LINK,index.php,ruta amigable literal,index.php,CONFIRMED,PRESERVE,"Enlace literal en index.php; referencia adicional: URL probable de getFriendlyNameUrlPadre; verificar codificación y respuesta HTTP; CONFIRMED prueba evidencia local, no respuesta HTTP"
https://puertasyserviciosindustriales.com/2/categoria/comercial/,INTERNAL_LINK,index.php,ruta amigable literal,index.php,CONFIRMED,PRESERVE,"Enlace literal en index.php; referencia adicional: URL probable de getFriendlyNameUrlPadre; verificar codificación y respuesta HTTP; CONFIRMED prueba evidencia local, no respuesta HTTP"
https://puertasyserviciosindustriales.com/3/categoria/equipos-y-accesorios-para-anden-de-carga/,INTERNAL_LINK,index.php,ruta amigable literal,index.php,CONFIRMED,PRESERVE,"Enlace literal en index.php; referencia adicional: URL probable de getFriendlyNameUrlPadre; verificar codificación y respuesta HTTP; CONFIRMED prueba evidencia local, no respuesta HTTP"
https://puertasyserviciosindustriales.com/4/categoria/puertas-peatonales-de-salida-de-emergencia/,INTERNAL_LINK,index.php,ruta amigable literal,index.php,CONFIRMED,PRESERVE,"Enlace literal en index.php; referencia adicional: URL probable de getFriendlyNameUrlPadre; verificar codificación y respuesta HTTP; CONFIRMED prueba evidencia local, no respuesta HTTP"
https://puertasyserviciosindustriales.com/5/categoria/puertas-peatonales-contra-incendio-contra-explosion-y-blindadas/,INTERNAL_LINK,index.php,ruta amigable literal,index.php,CONFIRMED,PRESERVE,"Enlace literal en index.php; CONFIRMED prueba evidencia local, no respuesta HTTP"
https://puertasyserviciosindustriales.com/6/categoria/puertas-peatonales-para-hospitales/,INTERNAL_LINK,index.php,ruta amigable literal,index.php,CONFIRMED,PRESERVE,"Enlace literal en index.php; referencia adicional: URL probable de getFriendlyNameUrlPadre; verificar codificación y respuesta HTTP; CONFIRMED prueba evidencia local, no respuesta HTTP"
https://puertasyserviciosindustriales.com/7/categoria/residenciales/,INTERNAL_LINK,index.php,ruta amigable literal,index.php,CONFIRMED,PRESERVE,"Enlace literal en index.php; referencia adicional: URL probable de getFriendlyNameUrlPadre; verificar codificación y respuesta HTTP; CONFIRMED prueba evidencia local, no respuesta HTTP"
https://puertasyserviciosindustriales.com/fichas/13.0.Folleto-Operador-AccessPRO-FS1000-SPEED-hoja-tecnica (1).pdf,DIRECT_FILE,fichas/13.0.Folleto-Operador-AccessPRO-FS1000-SPEED-hoja-tecnica (1).pdf,PDF físico,fichas/13.0.Folleto-Operador-AccessPRO-FS1000-SPEED-hoja-tecnica (1).pdf,CONFIRMED,PRESERVE,"Archivo local existente; no se infiere indexación; CONFIRMED prueba evidencia local, no respuesta HTTP"
https://puertasyserviciosindustriales.com/fichas/FICHATECNICASELLOSSOLMMER S.pdf,DIRECT_FILE,fichas/FICHATECNICASELLOSSOLMMER S.pdf,PDF físico,fichas/FICHATECNICASELLOSSOLMMER S.pdf,CONFIRMED,PRESERVE,"Archivo local existente; no se infiere indexación; CONFIRMED prueba evidencia local, no respuesta HTTP"
https://puertasyserviciosindustriales.com/fichas/Icaro-smart-AC-Aes.pdf,DIRECT_FILE,fichas/Icaro-smart-AC-Aes.pdf,PDF físico,fichas/Icaro-smart-AC-Aes.pdf,CONFIRMED,PRESERVE,"Archivo local existente; no se infiere indexación; CONFIRMED prueba evidencia local, no respuesta HTTP"
https://puertasyserviciosindustriales.com/fichas/INFRACA-RÁPIDA-APILABLE.pdf,DIRECT_FILE,fichas/INFRACA-RÁPIDA-APILABLE.pdf,PDF físico,fichas/INFRACA-RÁPIDA-APILABLE.pdf,CONFIRMED,PRESERVE,"Archivo local existente; no se infiere indexación; CONFIRMED prueba evidencia local, no respuesta HTTP"
https://puertasyserviciosindustriales.com/fichas/Puerta-Rayos-X-fabricación.pdf,DIRECT_FILE,fichas/Puerta-Rayos-X-fabricación.pdf,PDF físico,fichas/Puerta-Rayos-X-fabricación.pdf,CONFIRMED,PRESERVE,"Archivo local existente; no se infiere indexación; CONFIRMED prueba evidencia local, no respuesta HTTP; Otra evidencia: INTERNAL_LINK puertas-contra-rayos-x.php:33"
https://puertasyserviciosindustriales.com/fichas/puerta-thermacore-595.pdf,DIRECT_FILE,fichas/puerta-thermacore-595.pdf,PDF físico,fichas/puerta-thermacore-595.pdf,CONFIRMED,PRESERVE,"Archivo local existente; no se infiere indexación; CONFIRMED prueba evidencia local, no respuesta HTTP; Otra evidencia: INTERNAL_LINK puerta-seccional-de-acero-thermacore-595-uso-pesado.php:36"
https://puertasyserviciosindustriales.com/fichas/Rampas-mecánicas.pdf,DIRECT_FILE,fichas/Rampas-mecánicas.pdf,PDF físico,fichas/Rampas-mecánicas.pdf,CONFIRMED,PRESERVE,"Archivo local existente; no se infiere indexación; CONFIRMED prueba evidencia local, no respuesta HTTP; Otra evidencia: INTERNAL_LINK rampas-de-anden-mecanicas.php:32"
https://puertasyserviciosindustriales.com/fichas/Retenedor-de-vehiculos-automatico.pdf,DIRECT_FILE,fichas/Retenedor-de-vehiculos-automatico.pdf,PDF físico,fichas/Retenedor-de-vehiculos-automatico.pdf,CONFIRMED,PRESERVE,"Archivo local existente; no se infiere indexación; CONFIRMED prueba evidencia local, no respuesta HTTP; Otra evidencia: INTERNAL_LINK retenedores-de-vehiculos-automatico.php:32"
https://puertasyserviciosindustriales.com/system/Productos.php,DIRECT_FILE,system/Productos.php,LEGACY_INTERNAL,system/Productos.php,CONFIRMED,INTERNAL_ONLY,"No equiparar a página independiente; parámetros o redirección; ver flujo; CONFIRMED prueba evidencia local, no respuesta HTTP"
https://puertasyserviciosindustriales.com/system/Categorias.php,DIRECT_FILE,system/Categorias.php,LEGACY_INTERNAL,system/Categorias.php,CONFIRMED,INTERNAL_ONLY,"No equiparar a página independiente; parámetros o redirección; ver flujo; CONFIRMED prueba evidencia local, no respuesta HTTP"
https://puertasyserviciosindustriales.com/system/Marcas.php,DIRECT_FILE,system/Marcas.php,LEGACY_INTERNAL,system/Marcas.php,CONFIRMED,INTERNAL_ONLY,"No equiparar a página independiente; parámetros o redirección; ver flujo; CONFIRMED prueba evidencia local, no respuesta HTTP"
https://puertasyserviciosindustriales.com/system/index.php,DIRECT_FILE,system/index.php,LEGACY_INTERNAL,system/index.php,CONFIRMED,INTERNAL_ONLY,"No equiparar a página independiente; parámetros o redirección; ver flujo; CONFIRMED prueba evidencia local, no respuesta HTTP"
https://puertasyserviciosindustriales.com/system/file.php,DIRECT_FILE,system/file.php,LEGACY_INTERNAL,system/file.php,CONFIRMED,INTERNAL_ONLY,"No equiparar a página independiente; parámetros o redirección; ver flujo; CONFIRMED prueba evidencia local, no respuesta HTTP"
https://puertasyserviciosindustriales.com/enviaContacto.php,DIRECT_FILE,enviaContacto.php,UTILITY,enviaContacto.php,CONFIRMED,PRESERVE,"No equiparar a página independiente; parámetros o redirección; ver flujo; CONFIRMED prueba evidencia local, no respuesta HTTP"
https://puertasyserviciosindustriales.com/system/file.php?id=9&type=application/pdf,DATABASE_DERIVED,system/file.php,ficha PDF dinámica,system/file.php,STRONG_INFERENCE,INVESTIGATE,"ID file demostrado; binario sin extensión localizado; cmd=download fuerza attachment; CONFIRMED prueba evidencia local, no respuesta HTTP"
https://puertasyserviciosindustriales.com/system/file.php?id=10&type=application/pdf,DATABASE_DERIVED,system/file.php,ficha PDF dinámica,system/file.php,STRONG_INFERENCE,INVESTIGATE,"ID file demostrado; binario sin extensión localizado; cmd=download fuerza attachment; CONFIRMED prueba evidencia local, no respuesta HTTP"
https://puertasyserviciosindustriales.com/system/file.php?id=35&type=application/pdf,DATABASE_DERIVED,system/file.php,ficha PDF dinámica,system/file.php,STRONG_INFERENCE,INVESTIGATE,"ID file demostrado; binario sin extensión localizado; cmd=download fuerza attachment; CONFIRMED prueba evidencia local, no respuesta HTTP"
https://puertasyserviciosindustriales.com/system/file.php?id=164&type=application/pdf,DATABASE_DERIVED,system/file.php,ficha PDF dinámica,system/file.php,STRONG_INFERENCE,INVESTIGATE,"ID file demostrado; binario sin extensión localizado; cmd=download fuerza attachment; CONFIRMED prueba evidencia local, no respuesta HTTP"
https://puertasyserviciosindustriales.com/system/file.php?id=173&type=application/pdf,DATABASE_DERIVED,system/file.php,ficha PDF dinámica,system/file.php,STRONG_INFERENCE,INVESTIGATE,"ID file demostrado; binario sin extensión localizado; cmd=download fuerza attachment; CONFIRMED prueba evidencia local, no respuesta HTTP"
https://puertasyserviciosindustriales.com/system/file.php?id=178&type=application/pdf,DATABASE_DERIVED,system/file.php,ficha PDF dinámica,system/file.php,STRONG_INFERENCE,INVESTIGATE,"ID file demostrado; binario sin extensión localizado; cmd=download fuerza attachment; CONFIRMED prueba evidencia local, no respuesta HTTP"
https://puertasyserviciosindustriales.com/system/file.php?id=195&type=application/pdf,DATABASE_DERIVED,system/file.php,ficha PDF dinámica,system/file.php,STRONG_INFERENCE,INVESTIGATE,"ID file demostrado; binario sin extensión localizado; cmd=download fuerza attachment; CONFIRMED prueba evidencia local, no respuesta HTTP"
https://puertasyserviciosindustriales.com/system/file.php?id=200&type=application/pdf,DATABASE_DERIVED,system/file.php,ficha PDF dinámica,system/file.php,STRONG_INFERENCE,INVESTIGATE,"ID file demostrado; binario sin extensión localizado; cmd=download fuerza attachment; CONFIRMED prueba evidencia local, no respuesta HTTP"
https://puertasyserviciosindustriales.com/system/file.php?id=205&type=application/pdf,DATABASE_DERIVED,system/file.php,ficha PDF dinámica,system/file.php,STRONG_INFERENCE,INVESTIGATE,"ID file demostrado; binario sin extensión localizado; cmd=download fuerza attachment; CONFIRMED prueba evidencia local, no respuesta HTTP"
https://puertasyserviciosindustriales.com/system/file.php?id=226&type=application/pdf,DATABASE_DERIVED,system/file.php,ficha PDF dinámica,system/file.php,STRONG_INFERENCE,INVESTIGATE,"ID file demostrado; binario sin extensión localizado; cmd=download fuerza attachment; CONFIRMED prueba evidencia local, no respuesta HTTP"
https://puertasyserviciosindustriales.com/system/file.php?id=235&type=application/pdf,DATABASE_DERIVED,system/file.php,ficha PDF dinámica,system/file.php,STRONG_INFERENCE,INVESTIGATE,"ID file demostrado; binario sin extensión localizado; cmd=download fuerza attachment; CONFIRMED prueba evidencia local, no respuesta HTTP"
https://puertasyserviciosindustriales.com/system/file.php?id=240&type=application/pdf,DATABASE_DERIVED,system/file.php,ficha PDF dinámica,system/file.php,STRONG_INFERENCE,INVESTIGATE,"ID file demostrado; binario sin extensión localizado; cmd=download fuerza attachment; CONFIRMED prueba evidencia local, no respuesta HTTP"
https://puertasyserviciosindustriales.com/system/file.php?id=245&type=application/pdf,DATABASE_DERIVED,system/file.php,ficha PDF dinámica,system/file.php,STRONG_INFERENCE,INVESTIGATE,"ID file demostrado; binario sin extensión localizado; cmd=download fuerza attachment; CONFIRMED prueba evidencia local, no respuesta HTTP"
https://puertasyserviciosindustriales.com/system/file.php?id=250&type=application/pdf,DATABASE_DERIVED,system/file.php,ficha PDF dinámica,system/file.php,STRONG_INFERENCE,INVESTIGATE,"ID file demostrado; binario sin extensión localizado; cmd=download fuerza attachment; CONFIRMED prueba evidencia local, no respuesta HTTP"
https://puertasyserviciosindustriales.com/system/file.php?id=259&type=application/pdf,DATABASE_DERIVED,system/file.php,ficha PDF dinámica,system/file.php,STRONG_INFERENCE,INVESTIGATE,"ID file demostrado; binario sin extensión localizado; cmd=download fuerza attachment; CONFIRMED prueba evidencia local, no respuesta HTTP"
https://puertasyserviciosindustriales.com/system/file.php?id=268&type=application/pdf,DATABASE_DERIVED,system/file.php,ficha PDF dinámica,system/file.php,STRONG_INFERENCE,INVESTIGATE,"ID file demostrado; binario sin extensión localizado; cmd=download fuerza attachment; CONFIRMED prueba evidencia local, no respuesta HTTP"
https://puertasyserviciosindustriales.com/system/file.php?id=285&type=application/pdf,DATABASE_DERIVED,system/file.php,ficha PDF dinámica,system/file.php,STRONG_INFERENCE,INVESTIGATE,"ID file demostrado; binario sin extensión localizado; cmd=download fuerza attachment; CONFIRMED prueba evidencia local, no respuesta HTTP"
https://puertasyserviciosindustriales.com/system/file.php?id=294&type=application/pdf,DATABASE_DERIVED,system/file.php,ficha PDF dinámica,system/file.php,STRONG_INFERENCE,INVESTIGATE,"ID file demostrado; binario sin extensión localizado; cmd=download fuerza attachment; CONFIRMED prueba evidencia local, no respuesta HTTP"
https://puertasyserviciosindustriales.com/system/file.php?id=295&type=application/pdf,DATABASE_DERIVED,system/file.php,ficha PDF dinámica,system/file.php,STRONG_INFERENCE,INVESTIGATE,"ID file demostrado; binario sin extensión localizado; cmd=download fuerza attachment; CONFIRMED prueba evidencia local, no respuesta HTTP"
https://puertasyserviciosindustriales.com/system/file.php?id=304&type=application/pdf,DATABASE_DERIVED,system/file.php,ficha PDF dinámica,system/file.php,STRONG_INFERENCE,INVESTIGATE,"ID file demostrado; binario sin extensión localizado; cmd=download fuerza attachment; CONFIRMED prueba evidencia local, no respuesta HTTP"
https://puertasyserviciosindustriales.com/system/file.php?id=313&type=application/pdf,DATABASE_DERIVED,system/file.php,ficha PDF dinámica,system/file.php,STRONG_INFERENCE,INVESTIGATE,"ID file demostrado; binario sin extensión localizado; cmd=download fuerza attachment; CONFIRMED prueba evidencia local, no respuesta HTTP"
https://puertasyserviciosindustriales.com/system/file.php?id=330&type=application/pdf,DATABASE_DERIVED,system/file.php,ficha PDF dinámica,system/file.php,STRONG_INFERENCE,INVESTIGATE,"ID file demostrado; binario sin extensión localizado; cmd=download fuerza attachment; CONFIRMED prueba evidencia local, no respuesta HTTP"
https://puertasyserviciosindustriales.com/system/file.php?id=335&type=application/pdf,DATABASE_DERIVED,system/file.php,ficha PDF dinámica,system/file.php,STRONG_INFERENCE,INVESTIGATE,"ID file demostrado; binario sin extensión localizado; cmd=download fuerza attachment; CONFIRMED prueba evidencia local, no respuesta HTTP"
https://puertasyserviciosindustriales.com/system/file.php?id=336&type=application/pdf,DATABASE_DERIVED,system/file.php,ficha PDF dinámica,system/file.php,STRONG_INFERENCE,INVESTIGATE,"ID file demostrado; binario sin extensión localizado; cmd=download fuerza attachment; CONFIRMED prueba evidencia local, no respuesta HTTP"
https://puertasyserviciosindustriales.com/system/file.php?id=341&type=application/pdf,DATABASE_DERIVED,system/file.php,ficha PDF dinámica,system/file.php,STRONG_INFERENCE,INVESTIGATE,"ID file demostrado; binario sin extensión localizado; cmd=download fuerza attachment; CONFIRMED prueba evidencia local, no respuesta HTTP"
https://puertasyserviciosindustriales.com/system/file.php?id=346&type=application/pdf,DATABASE_DERIVED,system/file.php,ficha PDF dinámica,system/file.php,STRONG_INFERENCE,INVESTIGATE,"ID file demostrado; binario sin extensión localizado; cmd=download fuerza attachment; CONFIRMED prueba evidencia local, no respuesta HTTP"
https://puertasyserviciosindustriales.com/system/file.php?id=355&type=application/pdf,DATABASE_DERIVED,system/file.php,ficha PDF dinámica,system/file.php,STRONG_INFERENCE,INVESTIGATE,"ID file demostrado; binario sin extensión localizado; cmd=download fuerza attachment; CONFIRMED prueba evidencia local, no respuesta HTTP"
https://puertasyserviciosindustriales.com/system/file.php?id=360&type=application/pdf,DATABASE_DERIVED,system/file.php,ficha PDF dinámica,system/file.php,STRONG_INFERENCE,INVESTIGATE,"ID file demostrado; binario sin extensión localizado; cmd=download fuerza attachment; CONFIRMED prueba evidencia local, no respuesta HTTP"
https://puertasyserviciosindustriales.com/system/file.php?id=369&type=application/pdf,DATABASE_DERIVED,system/file.php,ficha PDF dinámica,system/file.php,STRONG_INFERENCE,INVESTIGATE,"ID file demostrado; binario sin extensión localizado; cmd=download fuerza attachment; CONFIRMED prueba evidencia local, no respuesta HTTP"
https://puertasyserviciosindustriales.com/system/file.php?id=378&type=application/pdf,DATABASE_DERIVED,system/file.php,ficha PDF dinámica,system/file.php,STRONG_INFERENCE,INVESTIGATE,"ID file demostrado; binario sin extensión localizado; cmd=download fuerza attachment; CONFIRMED prueba evidencia local, no respuesta HTTP"
https://puertasyserviciosindustriales.com/system/file.php?id=387&type=application/pdf,DATABASE_DERIVED,system/file.php,ficha PDF dinámica,system/file.php,STRONG_INFERENCE,INVESTIGATE,"ID file demostrado; binario sin extensión localizado; cmd=download fuerza attachment; CONFIRMED prueba evidencia local, no respuesta HTTP"
https://puertasyserviciosindustriales.com/system/file.php?id=388&type=application/pdf,DATABASE_DERIVED,system/file.php,ficha PDF dinámica,system/file.php,STRONG_INFERENCE,INVESTIGATE,"ID file demostrado; binario sin extensión localizado; cmd=download fuerza attachment; CONFIRMED prueba evidencia local, no respuesta HTTP"
https://puertasyserviciosindustriales.com/system/file.php?id=397&type=application/pdf,DATABASE_DERIVED,system/file.php,ficha PDF dinámica,system/file.php,STRONG_INFERENCE,INVESTIGATE,"ID file demostrado; binario sin extensión localizado; cmd=download fuerza attachment; CONFIRMED prueba evidencia local, no respuesta HTTP"
https://puertasyserviciosindustriales.com/system/file.php?id=398&type=application/pdf,DATABASE_DERIVED,system/file.php,ficha PDF dinámica,system/file.php,STRONG_INFERENCE,INVESTIGATE,"ID file demostrado; binario sin extensión localizado; cmd=download fuerza attachment; CONFIRMED prueba evidencia local, no respuesta HTTP"
https://puertasyserviciosindustriales.com/system/file.php?id=407&type=application/pdf,DATABASE_DERIVED,system/file.php,ficha PDF dinámica,system/file.php,STRONG_INFERENCE,INVESTIGATE,"ID file demostrado; binario sin extensión localizado; cmd=download fuerza attachment; CONFIRMED prueba evidencia local, no respuesta HTTP"
https://puertasyserviciosindustriales.com/system/file.php?id=408&type=application/pdf,DATABASE_DERIVED,system/file.php,ficha PDF dinámica,system/file.php,STRONG_INFERENCE,INVESTIGATE,"ID file demostrado; binario sin extensión localizado; cmd=download fuerza attachment; CONFIRMED prueba evidencia local, no respuesta HTTP"
https://puertasyserviciosindustriales.com/system/file.php?id=417&type=application/pdf,DATABASE_DERIVED,system/file.php,ficha PDF dinámica,system/file.php,STRONG_INFERENCE,INVESTIGATE,"ID file demostrado; binario sin extensión localizado; cmd=download fuerza attachment; CONFIRMED prueba evidencia local, no respuesta HTTP"
https://puertasyserviciosindustriales.com/system/file.php?id=418&type=application/pdf,DATABASE_DERIVED,system/file.php,ficha PDF dinámica,system/file.php,STRONG_INFERENCE,INVESTIGATE,"ID file demostrado; binario sin extensión localizado; cmd=download fuerza attachment; CONFIRMED prueba evidencia local, no respuesta HTTP"
https://puertasyserviciosindustriales.com/system/file.php?id=427&type=application/pdf,DATABASE_DERIVED,system/file.php,ficha PDF dinámica,system/file.php,STRONG_INFERENCE,INVESTIGATE,"ID file demostrado; binario sin extensión localizado; cmd=download fuerza attachment; CONFIRMED prueba evidencia local, no respuesta HTTP"
https://puertasyserviciosindustriales.com/system/file.php?id=428&type=application/pdf,DATABASE_DERIVED,system/file.php,ficha PDF dinámica,system/file.php,STRONG_INFERENCE,INVESTIGATE,"ID file demostrado; binario sin extensión localizado; cmd=download fuerza attachment; CONFIRMED prueba evidencia local, no respuesta HTTP"
https://puertasyserviciosindustriales.com/system/file.php?id=437&type=application/pdf,DATABASE_DERIVED,system/file.php,ficha PDF dinámica,system/file.php,STRONG_INFERENCE,INVESTIGATE,"ID file demostrado; binario sin extensión localizado; cmd=download fuerza attachment; CONFIRMED prueba evidencia local, no respuesta HTTP"
https://puertasyserviciosindustriales.com/system/file.php?id=462&type=application/pdf,DATABASE_DERIVED,system/file.php,ficha PDF dinámica,system/file.php,STRONG_INFERENCE,INVESTIGATE,"ID file demostrado; binario sin extensión localizado; cmd=download fuerza attachment; CONFIRMED prueba evidencia local, no respuesta HTTP"
https://puertasyserviciosindustriales.com/system/file.php?id=467&type=application/pdf,DATABASE_DERIVED,system/file.php,ficha PDF dinámica,system/file.php,STRONG_INFERENCE,INVESTIGATE,"ID file demostrado; binario sin extensión localizado; cmd=download fuerza attachment; CONFIRMED prueba evidencia local, no respuesta HTTP"
https://puertasyserviciosindustriales.com/system/file.php?id=480&type=application/pdf,DATABASE_DERIVED,system/file.php,ficha PDF dinámica,system/file.php,STRONG_INFERENCE,INVESTIGATE,"ID file demostrado; binario sin extensión localizado; cmd=download fuerza attachment; CONFIRMED prueba evidencia local, no respuesta HTTP"
https://puertasyserviciosindustriales.com/system/file.php?id=489&type=application/pdf,DATABASE_DERIVED,system/file.php,ficha PDF dinámica,system/file.php,STRONG_INFERENCE,INVESTIGATE,"ID file demostrado; binario sin extensión localizado; cmd=download fuerza attachment; CONFIRMED prueba evidencia local, no respuesta HTTP"
https://puertasyserviciosindustriales.com/system/file.php?id=498&type=application/pdf,DATABASE_DERIVED,system/file.php,ficha PDF dinámica,system/file.php,STRONG_INFERENCE,INVESTIGATE,"ID file demostrado; binario sin extensión localizado; cmd=download fuerza attachment; CONFIRMED prueba evidencia local, no respuesta HTTP"
https://puertasyserviciosindustriales.com/system/file.php?id=503&type=application/pdf,DATABASE_DERIVED,system/file.php,ficha PDF dinámica,system/file.php,STRONG_INFERENCE,INVESTIGATE,"ID file demostrado; binario sin extensión localizado; cmd=download fuerza attachment; CONFIRMED prueba evidencia local, no respuesta HTTP"
https://puertasyserviciosindustriales.com/system/file.php?id=512&type=application/pdf,DATABASE_DERIVED,system/file.php,ficha PDF dinámica,system/file.php,STRONG_INFERENCE,INVESTIGATE,"ID file demostrado; binario sin extensión localizado; cmd=download fuerza attachment; CONFIRMED prueba evidencia local, no respuesta HTTP"
https://puertasyserviciosindustriales.com/system/file.php?id=517&type=application/pdf,DATABASE_DERIVED,system/file.php,ficha PDF dinámica,system/file.php,STRONG_INFERENCE,INVESTIGATE,"ID file demostrado; binario sin extensión localizado; cmd=download fuerza attachment; CONFIRMED prueba evidencia local, no respuesta HTTP"
https://puertasyserviciosindustriales.com/system/file.php?id=522&type=application/pdf,DATABASE_DERIVED,system/file.php,ficha PDF dinámica,system/file.php,STRONG_INFERENCE,INVESTIGATE,"ID file demostrado; binario sin extensión localizado; cmd=download fuerza attachment; CONFIRMED prueba evidencia local, no respuesta HTTP"
https://puertasyserviciosindustriales.com/system/file.php?id=527&type=application/pdf,DATABASE_DERIVED,system/file.php,ficha PDF dinámica,system/file.php,STRONG_INFERENCE,INVESTIGATE,"ID file demostrado; binario sin extensión localizado; cmd=download fuerza attachment; CONFIRMED prueba evidencia local, no respuesta HTTP"
https://puertasyserviciosindustriales.com/system/file.php?id=532&type=application/pdf,DATABASE_DERIVED,system/file.php,ficha PDF dinámica,system/file.php,STRONG_INFERENCE,INVESTIGATE,"ID file demostrado; binario sin extensión localizado; cmd=download fuerza attachment; CONFIRMED prueba evidencia local, no respuesta HTTP"
https://puertasyserviciosindustriales.com/system/file.php?id=537&type=application/pdf,DATABASE_DERIVED,system/file.php,ficha PDF dinámica,system/file.php,STRONG_INFERENCE,INVESTIGATE,"ID file demostrado; binario sin extensión localizado; cmd=download fuerza attachment; CONFIRMED prueba evidencia local, no respuesta HTTP"
https://puertasyserviciosindustriales.com/system/file.php?id=542&type=application/pdf,DATABASE_DERIVED,system/file.php,ficha PDF dinámica,system/file.php,STRONG_INFERENCE,INVESTIGATE,"ID file demostrado; binario sin extensión localizado; cmd=download fuerza attachment; CONFIRMED prueba evidencia local, no respuesta HTTP"
https://puertasyserviciosindustriales.com/system/file.php?id=551&type=application/pdf,DATABASE_DERIVED,system/file.php,ficha PDF dinámica,system/file.php,STRONG_INFERENCE,INVESTIGATE,"ID file demostrado; binario sin extensión localizado; cmd=download fuerza attachment; CONFIRMED prueba evidencia local, no respuesta HTTP"
https://puertasyserviciosindustriales.com/system/file.php?id=560&type=application/pdf,DATABASE_DERIVED,system/file.php,ficha PDF dinámica,system/file.php,STRONG_INFERENCE,INVESTIGATE,"ID file demostrado; binario sin extensión localizado; cmd=download fuerza attachment; CONFIRMED prueba evidencia local, no respuesta HTTP"
https://puertasyserviciosindustriales.com/system/file.php?id=573&type=application/pdf,DATABASE_DERIVED,system/file.php,ficha PDF dinámica,system/file.php,STRONG_INFERENCE,INVESTIGATE,"ID file demostrado; binario sin extensión localizado; cmd=download fuerza attachment; CONFIRMED prueba evidencia local, no respuesta HTTP"
https://puertasyserviciosindustriales.com/system/file.php?id=578&type=application/pdf,DATABASE_DERIVED,system/file.php,ficha PDF dinámica,system/file.php,STRONG_INFERENCE,INVESTIGATE,"ID file demostrado; binario sin extensión localizado; cmd=download fuerza attachment; CONFIRMED prueba evidencia local, no respuesta HTTP"
https://puertasyserviciosindustriales.com/system/file.php?id=595&type=application/pdf,DATABASE_DERIVED,system/file.php,ficha PDF dinámica,system/file.php,STRONG_INFERENCE,INVESTIGATE,"ID file demostrado; binario sin extensión localizado; cmd=download fuerza attachment; CONFIRMED prueba evidencia local, no respuesta HTTP"
https://puertasyserviciosindustriales.com/system/file.php?id=612&type=application/pdf,DATABASE_DERIVED,system/file.php,ficha PDF dinámica,system/file.php,STRONG_INFERENCE,INVESTIGATE,"ID file demostrado; binario sin extensión localizado; cmd=download fuerza attachment; CONFIRMED prueba evidencia local, no respuesta HTTP"
https://puertasyserviciosindustriales.com/system/file.php?id=621&type=application/pdf,DATABASE_DERIVED,system/file.php,ficha PDF dinámica,system/file.php,STRONG_INFERENCE,INVESTIGATE,"ID file demostrado; binario sin extensión localizado; cmd=download fuerza attachment; CONFIRMED prueba evidencia local, no respuesta HTTP"
https://puertasyserviciosindustriales.com/system/file.php?id=626&type=application/pdf,DATABASE_DERIVED,system/file.php,ficha PDF dinámica,system/file.php,STRONG_INFERENCE,INVESTIGATE,"ID file demostrado; binario sin extensión localizado; cmd=download fuerza attachment; CONFIRMED prueba evidencia local, no respuesta HTTP"
https://puertasyserviciosindustriales.com/system/file.php?id=635&type=application/pdf,DATABASE_DERIVED,system/file.php,ficha PDF dinámica,system/file.php,STRONG_INFERENCE,INVESTIGATE,"ID file demostrado; binario sin extensión localizado; cmd=download fuerza attachment; CONFIRMED prueba evidencia local, no respuesta HTTP"
https://puertasyserviciosindustriales.com/system/file.php?id=644&type=application/pdf,DATABASE_DERIVED,system/file.php,ficha PDF dinámica,system/file.php,STRONG_INFERENCE,INVESTIGATE,"ID file demostrado; binario sin extensión localizado; cmd=download fuerza attachment; CONFIRMED prueba evidencia local, no respuesta HTTP"
https://puertasyserviciosindustriales.com/system/file.php?id=653&type=application/pdf,DATABASE_DERIVED,system/file.php,ficha PDF dinámica,system/file.php,STRONG_INFERENCE,INVESTIGATE,"ID file demostrado; binario sin extensión localizado; cmd=download fuerza attachment; CONFIRMED prueba evidencia local, no respuesta HTTP"
https://puertasyserviciosindustriales.com/system/file.php?id=662&type=application/pdf,DATABASE_DERIVED,system/file.php,ficha PDF dinámica,system/file.php,STRONG_INFERENCE,INVESTIGATE,"ID file demostrado; binario sin extensión localizado; cmd=download fuerza attachment; CONFIRMED prueba evidencia local, no respuesta HTTP"
https://puertasyserviciosindustriales.com/system/file.php?id=667&type=application/pdf,DATABASE_DERIVED,system/file.php,ficha PDF dinámica,system/file.php,STRONG_INFERENCE,INVESTIGATE,"ID file demostrado; binario sin extensión localizado; cmd=download fuerza attachment; CONFIRMED prueba evidencia local, no respuesta HTTP"
https://puertasyserviciosindustriales.com/system/file.php?id=676&type=application/pdf,DATABASE_DERIVED,system/file.php,ficha PDF dinámica,system/file.php,STRONG_INFERENCE,INVESTIGATE,"ID file demostrado; binario sin extensión localizado; cmd=download fuerza attachment; CONFIRMED prueba evidencia local, no respuesta HTTP"
https://puertasyserviciosindustriales.com/system/file.php?id=681&type=application/pdf,DATABASE_DERIVED,system/file.php,ficha PDF dinámica,system/file.php,STRONG_INFERENCE,INVESTIGATE,"ID file demostrado; binario sin extensión localizado; cmd=download fuerza attachment; CONFIRMED prueba evidencia local, no respuesta HTTP"
https://puertasyserviciosindustriales.com/system/file.php?id=686&type=application/pdf,DATABASE_DERIVED,system/file.php,ficha PDF dinámica,system/file.php,STRONG_INFERENCE,INVESTIGATE,"ID file demostrado; binario sin extensión localizado; cmd=download fuerza attachment; CONFIRMED prueba evidencia local, no respuesta HTTP"
https://puertasyserviciosindustriales.com/system/file.php?id=691&type=application/pdf,DATABASE_DERIVED,system/file.php,ficha PDF dinámica,system/file.php,STRONG_INFERENCE,INVESTIGATE,"ID file demostrado; binario sin extensión localizado; cmd=download fuerza attachment; CONFIRMED prueba evidencia local, no respuesta HTTP"
https://puertasyserviciosindustriales.com/system/file.php?id=696&type=application/pdf,DATABASE_DERIVED,system/file.php,ficha PDF dinámica,system/file.php,STRONG_INFERENCE,INVESTIGATE,"ID file demostrado; binario sin extensión localizado; cmd=download fuerza attachment; CONFIRMED prueba evidencia local, no respuesta HTTP"
https://puertasyserviciosindustriales.com/system/file.php?id=701&type=application/pdf,DATABASE_DERIVED,system/file.php,ficha PDF dinámica,system/file.php,STRONG_INFERENCE,INVESTIGATE,"ID file demostrado; binario sin extensión localizado; cmd=download fuerza attachment; CONFIRMED prueba evidencia local, no respuesta HTTP"
https://puertasyserviciosindustriales.com/system/file.php?id=706&type=application/pdf,DATABASE_DERIVED,system/file.php,ficha PDF dinámica,system/file.php,STRONG_INFERENCE,INVESTIGATE,"ID file demostrado; binario sin extensión localizado; cmd=download fuerza attachment; CONFIRMED prueba evidencia local, no respuesta HTTP"
https://puertasyserviciosindustriales.com/system/file.php?id=711&type=application/pdf,DATABASE_DERIVED,system/file.php,ficha PDF dinámica,system/file.php,STRONG_INFERENCE,INVESTIGATE,"ID file demostrado; binario sin extensión localizado; cmd=download fuerza attachment; CONFIRMED prueba evidencia local, no respuesta HTTP"
https://puertasyserviciosindustriales.com/system/file.php?id=716&type=application/pdf,DATABASE_DERIVED,system/file.php,ficha PDF dinámica,system/file.php,STRONG_INFERENCE,INVESTIGATE,"ID file demostrado; binario sin extensión localizado; cmd=download fuerza attachment; CONFIRMED prueba evidencia local, no respuesta HTTP"
https://puertasyserviciosindustriales.com/system/file.php?id=721&type=application/pdf,DATABASE_DERIVED,system/file.php,ficha PDF dinámica,system/file.php,STRONG_INFERENCE,INVESTIGATE,"ID file demostrado; binario sin extensión localizado; cmd=download fuerza attachment; CONFIRMED prueba evidencia local, no respuesta HTTP"
https://puertasyserviciosindustriales.com/system/file.php?id=734&type=application/pdf,DATABASE_DERIVED,system/file.php,ficha PDF dinámica,system/file.php,STRONG_INFERENCE,INVESTIGATE,"ID file demostrado; binario sin extensión localizado; cmd=download fuerza attachment; CONFIRMED prueba evidencia local, no respuesta HTTP"
https://puertasyserviciosindustriales.com/system/file.php?id=739&type=application/pdf,DATABASE_DERIVED,system/file.php,ficha PDF dinámica,system/file.php,STRONG_INFERENCE,INVESTIGATE,"ID file demostrado; binario sin extensión localizado; cmd=download fuerza attachment; CONFIRMED prueba evidencia local, no respuesta HTTP"
https://puertasyserviciosindustriales.com/system/file.php?id=744&type=application/pdf,DATABASE_DERIVED,system/file.php,ficha PDF dinámica,system/file.php,STRONG_INFERENCE,INVESTIGATE,"ID file demostrado; binario sin extensión localizado; cmd=download fuerza attachment; CONFIRMED prueba evidencia local, no respuesta HTTP"
https://puertasyserviciosindustriales.com/system/file.php?id=749&type=application/pdf,DATABASE_DERIVED,system/file.php,ficha PDF dinámica,system/file.php,STRONG_INFERENCE,INVESTIGATE,"ID file demostrado; binario sin extensión localizado; cmd=download fuerza attachment; CONFIRMED prueba evidencia local, no respuesta HTTP"
https://puertasyserviciosindustriales.com/system/file.php?id=754&type=application/pdf,DATABASE_DERIVED,system/file.php,ficha PDF dinámica,system/file.php,STRONG_INFERENCE,INVESTIGATE,"ID file demostrado; binario sin extensión localizado; cmd=download fuerza attachment; CONFIRMED prueba evidencia local, no respuesta HTTP"
https://puertasyserviciosindustriales.com/system/file.php?id=759&type=application/pdf,DATABASE_DERIVED,system/file.php,ficha PDF dinámica,system/file.php,STRONG_INFERENCE,INVESTIGATE,"ID file demostrado; binario sin extensión localizado; cmd=download fuerza attachment; CONFIRMED prueba evidencia local, no respuesta HTTP"
https://puertasyserviciosindustriales.com/system/file.php?id=764&type=application/pdf,DATABASE_DERIVED,system/file.php,ficha PDF dinámica,system/file.php,STRONG_INFERENCE,INVESTIGATE,"ID file demostrado; binario sin extensión localizado; cmd=download fuerza attachment; CONFIRMED prueba evidencia local, no respuesta HTTP"
https://puertasyserviciosindustriales.com/system/file.php?id=769&type=application/pdf,DATABASE_DERIVED,system/file.php,ficha PDF dinámica,system/file.php,STRONG_INFERENCE,INVESTIGATE,"ID file demostrado; binario sin extensión localizado; cmd=download fuerza attachment; CONFIRMED prueba evidencia local, no respuesta HTTP"
https://puertasyserviciosindustriales.com/system/file.php?id=774&type=application/pdf,DATABASE_DERIVED,system/file.php,ficha PDF dinámica,system/file.php,STRONG_INFERENCE,INVESTIGATE,"ID file demostrado; binario sin extensión localizado; cmd=download fuerza attachment; CONFIRMED prueba evidencia local, no respuesta HTTP"
https://puertasyserviciosindustriales.com/system/file.php?id=779&type=application/pdf,DATABASE_DERIVED,system/file.php,ficha PDF dinámica,system/file.php,STRONG_INFERENCE,INVESTIGATE,"ID file demostrado; binario sin extensión localizado; cmd=download fuerza attachment; CONFIRMED prueba evidencia local, no respuesta HTTP"
https://puertasyserviciosindustriales.com/system/file.php?id=784&type=application/pdf,DATABASE_DERIVED,system/file.php,ficha PDF dinámica,system/file.php,STRONG_INFERENCE,INVESTIGATE,"ID file demostrado; binario sin extensión localizado; cmd=download fuerza attachment; CONFIRMED prueba evidencia local, no respuesta HTTP"
https://puertasyserviciosindustriales.com/system/file.php?id=789&type=application/pdf,DATABASE_DERIVED,system/file.php,ficha PDF dinámica,system/file.php,STRONG_INFERENCE,INVESTIGATE,"ID file demostrado; binario sin extensión localizado; cmd=download fuerza attachment; CONFIRMED prueba evidencia local, no respuesta HTTP"
https://puertasyserviciosindustriales.com/system/file.php?id=794&type=application/pdf,DATABASE_DERIVED,system/file.php,ficha PDF dinámica,system/file.php,STRONG_INFERENCE,INVESTIGATE,"ID file demostrado; binario sin extensión localizado; cmd=download fuerza attachment; CONFIRMED prueba evidencia local, no respuesta HTTP"
https://puertasyserviciosindustriales.com/system/file.php?id=807&type=application/pdf,DATABASE_DERIVED,system/file.php,ficha PDF dinámica,system/file.php,STRONG_INFERENCE,INVESTIGATE,"ID file demostrado; binario sin extensión localizado; cmd=download fuerza attachment; CONFIRMED prueba evidencia local, no respuesta HTTP"
https://puertasyserviciosindustriales.com/system/file.php?id=820&type=application/pdf,DATABASE_DERIVED,system/file.php,ficha PDF dinámica,system/file.php,STRONG_INFERENCE,INVESTIGATE,"ID file demostrado; binario sin extensión localizado; cmd=download fuerza attachment; CONFIRMED prueba evidencia local, no respuesta HTTP"
https://puertasyserviciosindustriales.com/system/file.php?id=829&type=application/pdf,DATABASE_DERIVED,system/file.php,ficha PDF dinámica,system/file.php,STRONG_INFERENCE,INVESTIGATE,"ID file demostrado; binario sin extensión localizado; cmd=download fuerza attachment; CONFIRMED prueba evidencia local, no respuesta HTTP"
https://puertasyserviciosindustriales.com/system/file.php?id=838&type=application/pdf,DATABASE_DERIVED,system/file.php,ficha PDF dinámica,system/file.php,STRONG_INFERENCE,INVESTIGATE,"ID file demostrado; binario sin extensión localizado; cmd=download fuerza attachment; CONFIRMED prueba evidencia local, no respuesta HTTP"
https://puertasyserviciosindustriales.com/system/file.php?id=843&type=application/pdf,DATABASE_DERIVED,system/file.php,ficha PDF dinámica,system/file.php,STRONG_INFERENCE,INVESTIGATE,"ID file demostrado; binario sin extensión localizado; cmd=download fuerza attachment; CONFIRMED prueba evidencia local, no respuesta HTTP"
https://puertasyserviciosindustriales.com/system/file.php?id=848&type=application/pdf,DATABASE_DERIVED,system/file.php,ficha PDF dinámica,system/file.php,STRONG_INFERENCE,INVESTIGATE,"ID file demostrado; binario sin extensión localizado; cmd=download fuerza attachment; CONFIRMED prueba evidencia local, no respuesta HTTP"
https://puertasyserviciosindustriales.com/system/file.php?id=853&type=application/pdf,DATABASE_DERIVED,system/file.php,ficha PDF dinámica,system/file.php,STRONG_INFERENCE,INVESTIGATE,"ID file demostrado; binario sin extensión localizado; cmd=download fuerza attachment; CONFIRMED prueba evidencia local, no respuesta HTTP"
https://puertasyserviciosindustriales.com/system/file.php?id=858&type=application/pdf,DATABASE_DERIVED,system/file.php,ficha PDF dinámica,system/file.php,STRONG_INFERENCE,INVESTIGATE,"ID file demostrado; binario sin extensión localizado; cmd=download fuerza attachment; CONFIRMED prueba evidencia local, no respuesta HTTP"
https://puertasyserviciosindustriales.com/system/file.php?id=863&type=application/pdf,DATABASE_DERIVED,system/file.php,ficha PDF dinámica,system/file.php,STRONG_INFERENCE,INVESTIGATE,"ID file demostrado; binario sin extensión localizado; cmd=download fuerza attachment; CONFIRMED prueba evidencia local, no respuesta HTTP"
https://puertasyserviciosindustriales.com/system/file.php?id=868&type=application/pdf,DATABASE_DERIVED,system/file.php,ficha PDF dinámica,system/file.php,STRONG_INFERENCE,INVESTIGATE,"ID file demostrado; binario sin extensión localizado; cmd=download fuerza attachment; CONFIRMED prueba evidencia local, no respuesta HTTP"
https://puertasyserviciosindustriales.com/system/file.php?id=873&type=application/pdf,DATABASE_DERIVED,system/file.php,ficha PDF dinámica,system/file.php,STRONG_INFERENCE,INVESTIGATE,"ID file demostrado; binario sin extensión localizado; cmd=download fuerza attachment; CONFIRMED prueba evidencia local, no respuesta HTTP"
https://puertasyserviciosindustriales.com/system/file.php?id=882&type=application/pdf,DATABASE_DERIVED,system/file.php,ficha PDF dinámica,system/file.php,STRONG_INFERENCE,INVESTIGATE,"ID file demostrado; binario sin extensión localizado; cmd=download fuerza attachment; CONFIRMED prueba evidencia local, no respuesta HTTP"
https://puertasyserviciosindustriales.com/system/file.php?id=887&type=application/pdf,DATABASE_DERIVED,system/file.php,ficha PDF dinámica,system/file.php,STRONG_INFERENCE,INVESTIGATE,"ID file demostrado; binario sin extensión localizado; cmd=download fuerza attachment; CONFIRMED prueba evidencia local, no respuesta HTTP"
https://puertasyserviciosindustriales.com/system/file.php?id=896&type=application/pdf,DATABASE_DERIVED,system/file.php,ficha PDF dinámica,system/file.php,STRONG_INFERENCE,INVESTIGATE,"ID file demostrado; binario sin extensión localizado; cmd=download fuerza attachment; CONFIRMED prueba evidencia local, no respuesta HTTP"
https://puertasyserviciosindustriales.com/system/file.php?id=909&type=application/pdf,DATABASE_DERIVED,system/file.php,ficha PDF dinámica,system/file.php,STRONG_INFERENCE,INVESTIGATE,"ID file demostrado; binario sin extensión localizado; cmd=download fuerza attachment; CONFIRMED prueba evidencia local, no respuesta HTTP"
https://puertasyserviciosindustriales.com/system/file.php?id=918&type=application/pdf,DATABASE_DERIVED,system/file.php,ficha PDF dinámica,system/file.php,STRONG_INFERENCE,INVESTIGATE,"ID file demostrado; binario sin extensión localizado; cmd=download fuerza attachment; CONFIRMED prueba evidencia local, no respuesta HTTP"
https://puertasyserviciosindustriales.com/system/file.php?id=923&type=application/pdf,DATABASE_DERIVED,system/file.php,ficha PDF dinámica,system/file.php,STRONG_INFERENCE,INVESTIGATE,"ID file demostrado; binario sin extensión localizado; cmd=download fuerza attachment; CONFIRMED prueba evidencia local, no respuesta HTTP"
https://puertasyserviciosindustriales.com/system/file.php?id=940&type=application/pdf,DATABASE_DERIVED,system/file.php,ficha PDF dinámica,system/file.php,STRONG_INFERENCE,INVESTIGATE,"ID file demostrado; binario sin extensión localizado; cmd=download fuerza attachment; CONFIRMED prueba evidencia local, no respuesta HTTP"
https://puertasyserviciosindustriales.com/system/file.php?id=961&type=application/pdf,DATABASE_DERIVED,system/file.php,ficha PDF dinámica,system/file.php,STRONG_INFERENCE,INVESTIGATE,"ID file demostrado; binario sin extensión localizado; cmd=download fuerza attachment; CONFIRMED prueba evidencia local, no respuesta HTTP"
https://puertasyserviciosindustriales.com/system/file.php?id=970&type=application/pdf,DATABASE_DERIVED,system/file.php,ficha PDF dinámica,system/file.php,STRONG_INFERENCE,INVESTIGATE,"ID file demostrado; binario sin extensión localizado; cmd=download fuerza attachment; CONFIRMED prueba evidencia local, no respuesta HTTP"
https://puertasyserviciosindustriales.com/system/file.php?id=979&type=application/pdf,DATABASE_DERIVED,system/file.php,ficha PDF dinámica,system/file.php,STRONG_INFERENCE,INVESTIGATE,"ID file demostrado; binario sin extensión localizado; cmd=download fuerza attachment; CONFIRMED prueba evidencia local, no respuesta HTTP"
https://puertasyserviciosindustriales.com/system/file.php?id=984&type=application/pdf,DATABASE_DERIVED,system/file.php,ficha PDF dinámica,system/file.php,STRONG_INFERENCE,INVESTIGATE,"ID file demostrado; binario sin extensión localizado; cmd=download fuerza attachment; CONFIRMED prueba evidencia local, no respuesta HTTP"
https://puertasyserviciosindustriales.com/system/file.php?id=989&type=application/pdf,DATABASE_DERIVED,system/file.php,ficha PDF dinámica,system/file.php,STRONG_INFERENCE,INVESTIGATE,"ID file demostrado; binario sin extensión localizado; cmd=download fuerza attachment; CONFIRMED prueba evidencia local, no respuesta HTTP"
https://puertasyserviciosindustriales.com/system/file.php?id=994&type=application/pdf,DATABASE_DERIVED,system/file.php,ficha PDF dinámica,system/file.php,STRONG_INFERENCE,INVESTIGATE,"ID file demostrado; binario sin extensión localizado; cmd=download fuerza attachment; CONFIRMED prueba evidencia local, no respuesta HTTP"
https://puertasyserviciosindustriales.com/system/file.php?id=1003&type=application/pdf,DATABASE_DERIVED,system/file.php,ficha PDF dinámica,system/file.php,STRONG_INFERENCE,INVESTIGATE,"ID file demostrado; binario sin extensión localizado; cmd=download fuerza attachment; CONFIRMED prueba evidencia local, no respuesta HTTP"
https://puertasyserviciosindustriales.com/system/file.php?id=1012&type=application/pdf,DATABASE_DERIVED,system/file.php,ficha PDF dinámica,system/file.php,STRONG_INFERENCE,INVESTIGATE,"ID file demostrado; binario sin extensión localizado; cmd=download fuerza attachment; CONFIRMED prueba evidencia local, no respuesta HTTP"
https://puertasyserviciosindustriales.com/system/file.php?id=1013&type=application/pdf,DATABASE_DERIVED,system/file.php,ficha PDF dinámica,system/file.php,STRONG_INFERENCE,INVESTIGATE,"ID file demostrado; binario sin extensión localizado; cmd=download fuerza attachment; CONFIRMED prueba evidencia local, no respuesta HTTP"
https://puertasyserviciosindustriales.com/system/file.php?id=1018&type=application/pdf,DATABASE_DERIVED,system/file.php,ficha PDF dinámica,system/file.php,STRONG_INFERENCE,INVESTIGATE,"ID file demostrado; binario sin extensión localizado; cmd=download fuerza attachment; CONFIRMED prueba evidencia local, no respuesta HTTP"
https://puertasyserviciosindustriales.com/system/file.php?id=1019&type=application/pdf,DATABASE_DERIVED,system/file.php,ficha PDF dinámica,system/file.php,STRONG_INFERENCE,INVESTIGATE,"ID file demostrado; binario sin extensión localizado; cmd=download fuerza attachment; CONFIRMED prueba evidencia local, no respuesta HTTP"
https://puertasyserviciosindustriales.com/system/file.php?id=1028&type=application/pdf,DATABASE_DERIVED,system/file.php,ficha PDF dinámica,system/file.php,STRONG_INFERENCE,INVESTIGATE,"ID file demostrado; binario sin extensión localizado; cmd=download fuerza attachment; CONFIRMED prueba evidencia local, no respuesta HTTP"
https://puertasyserviciosindustriales.com/system/file.php?id=1037&type=application/pdf,DATABASE_DERIVED,system/file.php,ficha PDF dinámica,system/file.php,STRONG_INFERENCE,INVESTIGATE,"ID file demostrado; binario sin extensión localizado; cmd=download fuerza attachment; CONFIRMED prueba evidencia local, no respuesta HTTP"
https://puertasyserviciosindustriales.com/system/file.php?id=1038&type=application/pdf,DATABASE_DERIVED,system/file.php,ficha PDF dinámica,system/file.php,STRONG_INFERENCE,INVESTIGATE,"ID file demostrado; binario sin extensión localizado; cmd=download fuerza attachment; CONFIRMED prueba evidencia local, no respuesta HTTP"
https://puertasyserviciosindustriales.com/system/file.php?id=1043&type=application/pdf,DATABASE_DERIVED,system/file.php,ficha PDF dinámica,system/file.php,STRONG_INFERENCE,INVESTIGATE,"ID file demostrado; binario sin extensión localizado; cmd=download fuerza attachment; CONFIRMED prueba evidencia local, no respuesta HTTP"
https://puertasyserviciosindustriales.com/system/file.php?id=1044&type=application/pdf,DATABASE_DERIVED,system/file.php,ficha PDF dinámica,system/file.php,STRONG_INFERENCE,INVESTIGATE,"ID file demostrado; binario sin extensión localizado; cmd=download fuerza attachment; CONFIRMED prueba evidencia local, no respuesta HTTP"
https://puertasyserviciosindustriales.com/system/file.php?id=1049&type=application/pdf,DATABASE_DERIVED,system/file.php,ficha PDF dinámica,system/file.php,STRONG_INFERENCE,INVESTIGATE,"ID file demostrado; binario sin extensión localizado; cmd=download fuerza attachment; CONFIRMED prueba evidencia local, no respuesta HTTP"
https://puertasyserviciosindustriales.com/system/file.php?id=1050&type=application/pdf,DATABASE_DERIVED,system/file.php,ficha PDF dinámica,system/file.php,STRONG_INFERENCE,INVESTIGATE,"ID file demostrado; binario sin extensión localizado; cmd=download fuerza attachment; CONFIRMED prueba evidencia local, no respuesta HTTP"
https://puertasyserviciosindustriales.com/system/file.php?id=1071&type=application/pdf,DATABASE_DERIVED,system/file.php,ficha PDF dinámica,system/file.php,STRONG_INFERENCE,INVESTIGATE,"ID file demostrado; binario sin extensión localizado; cmd=download fuerza attachment; CONFIRMED prueba evidencia local, no respuesta HTTP"
https://puertasyserviciosindustriales.com/system/file.php?id=1076&type=application/pdf,DATABASE_DERIVED,system/file.php,ficha PDF dinámica,system/file.php,STRONG_INFERENCE,INVESTIGATE,"ID file demostrado; binario sin extensión localizado; cmd=download fuerza attachment; CONFIRMED prueba evidencia local, no respuesta HTTP"
https://puertasyserviciosindustriales.com/system/file.php?id=1081&type=application/pdf,DATABASE_DERIVED,system/file.php,ficha PDF dinámica,system/file.php,STRONG_INFERENCE,INVESTIGATE,"ID file demostrado; binario sin extensión localizado; cmd=download fuerza attachment; CONFIRMED prueba evidencia local, no respuesta HTTP"
https://puertasyserviciosindustriales.com/system/file.php?id=1086&type=application/pdf,DATABASE_DERIVED,system/file.php,ficha PDF dinámica,system/file.php,STRONG_INFERENCE,INVESTIGATE,"ID file demostrado; binario sin extensión localizado; cmd=download fuerza attachment; CONFIRMED prueba evidencia local, no respuesta HTTP"
https://puertasyserviciosindustriales.com/system/file.php?id=1091&type=application/pdf,DATABASE_DERIVED,system/file.php,ficha PDF dinámica,system/file.php,STRONG_INFERENCE,INVESTIGATE,"ID file demostrado; binario sin extensión localizado; cmd=download fuerza attachment; CONFIRMED prueba evidencia local, no respuesta HTTP"
https://puertasyserviciosindustriales.com/system/file.php?id=1100&type=application/pdf,DATABASE_DERIVED,system/file.php,ficha PDF dinámica,system/file.php,STRONG_INFERENCE,INVESTIGATE,"ID file demostrado; binario sin extensión localizado; cmd=download fuerza attachment; CONFIRMED prueba evidencia local, no respuesta HTTP"
https://puertasyserviciosindustriales.com/system/file.php?id=1105&type=application/pdf,DATABASE_DERIVED,system/file.php,ficha PDF dinámica,system/file.php,STRONG_INFERENCE,INVESTIGATE,"ID file demostrado; binario sin extensión localizado; cmd=download fuerza attachment; CONFIRMED prueba evidencia local, no respuesta HTTP"
https://puertasyserviciosindustriales.com/system/file.php?id=1118&type=application/pdf,DATABASE_DERIVED,system/file.php,ficha PDF dinámica,system/file.php,STRONG_INFERENCE,INVESTIGATE,"ID file demostrado; binario sin extensión localizado; cmd=download fuerza attachment; CONFIRMED prueba evidencia local, no respuesta HTTP"
https://puertasyserviciosindustriales.com/system/file.php?id=1119&type=application/pdf,DATABASE_DERIVED,system/file.php,ficha PDF dinámica,system/file.php,STRONG_INFERENCE,INVESTIGATE,"ID file demostrado; binario sin extensión localizado; cmd=download fuerza attachment; CONFIRMED prueba evidencia local, no respuesta HTTP"
https://puertasyserviciosindustriales.com/system/file.php?id=1124&type=application/pdf,DATABASE_DERIVED,system/file.php,ficha PDF dinámica,system/file.php,STRONG_INFERENCE,INVESTIGATE,"ID file demostrado; binario sin extensión localizado; cmd=download fuerza attachment; CONFIRMED prueba evidencia local, no respuesta HTTP"
https://puertasyserviciosindustriales.com/system/file.php?id=1125&type=application/pdf,DATABASE_DERIVED,system/file.php,ficha PDF dinámica,system/file.php,STRONG_INFERENCE,INVESTIGATE,"ID file demostrado; binario sin extensión localizado; cmd=download fuerza attachment; CONFIRMED prueba evidencia local, no respuesta HTTP"
https://puertasyserviciosindustriales.com/system/file.php?id=1130&type=application/pdf,DATABASE_DERIVED,system/file.php,ficha PDF dinámica,system/file.php,STRONG_INFERENCE,INVESTIGATE,"ID file demostrado; binario sin extensión localizado; cmd=download fuerza attachment; CONFIRMED prueba evidencia local, no respuesta HTTP"
https://puertasyserviciosindustriales.com/system/file.php?id=1131&type=application/pdf,DATABASE_DERIVED,system/file.php,ficha PDF dinámica,system/file.php,STRONG_INFERENCE,INVESTIGATE,"ID file demostrado; binario sin extensión localizado; cmd=download fuerza attachment; CONFIRMED prueba evidencia local, no respuesta HTTP"
https://puertasyserviciosindustriales.com/system/file.php?id=1136&type=application/pdf,DATABASE_DERIVED,system/file.php,ficha PDF dinámica,system/file.php,STRONG_INFERENCE,INVESTIGATE,"ID file demostrado; binario sin extensión localizado; cmd=download fuerza attachment; CONFIRMED prueba evidencia local, no respuesta HTTP"
https://puertasyserviciosindustriales.com/system/file.php?id=1137&type=application/pdf,DATABASE_DERIVED,system/file.php,ficha PDF dinámica,system/file.php,STRONG_INFERENCE,INVESTIGATE,"ID file demostrado; binario sin extensión localizado; cmd=download fuerza attachment; CONFIRMED prueba evidencia local, no respuesta HTTP"
https://puertasyserviciosindustriales.com/system/file.php?id=1146&type=application/pdf,DATABASE_DERIVED,system/file.php,ficha PDF dinámica,system/file.php,STRONG_INFERENCE,INVESTIGATE,"ID file demostrado; binario sin extensión localizado; cmd=download fuerza attachment; CONFIRMED prueba evidencia local, no respuesta HTTP"
https://puertasyserviciosindustriales.com/system/file.php?id=1163&type=application/pdf,DATABASE_DERIVED,system/file.php,ficha PDF dinámica,system/file.php,STRONG_INFERENCE,INVESTIGATE,"ID file demostrado; binario sin extensión localizado; cmd=download fuerza attachment; CONFIRMED prueba evidencia local, no respuesta HTTP"
https://puertasyserviciosindustriales.com/system/file.php?id=1176&type=application/pdf,DATABASE_DERIVED,system/file.php,ficha PDF dinámica,system/file.php,STRONG_INFERENCE,INVESTIGATE,"ID file demostrado; binario sin extensión localizado; cmd=download fuerza attachment; CONFIRMED prueba evidencia local, no respuesta HTTP"
https://puertasyserviciosindustriales.com/system/file.php?id=1189&type=application/pdf,DATABASE_DERIVED,system/file.php,ficha PDF dinámica,system/file.php,STRONG_INFERENCE,INVESTIGATE,"ID file demostrado; binario sin extensión localizado; cmd=download fuerza attachment; CONFIRMED prueba evidencia local, no respuesta HTTP"
https://puertasyserviciosindustriales.com/system/file.php?id=1198&type=application/pdf,DATABASE_DERIVED,system/file.php,ficha PDF dinámica,system/file.php,STRONG_INFERENCE,INVESTIGATE,"ID file demostrado; binario sin extensión localizado; cmd=download fuerza attachment; CONFIRMED prueba evidencia local, no respuesta HTTP"
https://puertasyserviciosindustriales.com/system/file.php?id=1203&type=application/pdf,DATABASE_DERIVED,system/file.php,ficha PDF dinámica,system/file.php,STRONG_INFERENCE,INVESTIGATE,"ID file demostrado; binario sin extensión localizado; cmd=download fuerza attachment; CONFIRMED prueba evidencia local, no respuesta HTTP"
https://puertasyserviciosindustriales.com/system/file.php?id=1208&type=application/pdf,DATABASE_DERIVED,system/file.php,ficha PDF dinámica,system/file.php,STRONG_INFERENCE,INVESTIGATE,"ID file demostrado; binario sin extensión localizado; cmd=download fuerza attachment; CONFIRMED prueba evidencia local, no respuesta HTTP"
https://puertasyserviciosindustriales.com/system/file.php?id=1213&type=application/pdf,DATABASE_DERIVED,system/file.php,ficha PDF dinámica,system/file.php,STRONG_INFERENCE,INVESTIGATE,"ID file demostrado; binario sin extensión localizado; cmd=download fuerza attachment; CONFIRMED prueba evidencia local, no respuesta HTTP"
https://puertasyserviciosindustriales.com/system/file.php?id=1222&type=application/pdf,DATABASE_DERIVED,system/file.php,ficha PDF dinámica,system/file.php,STRONG_INFERENCE,INVESTIGATE,"ID file demostrado; binario sin extensión localizado; cmd=download fuerza attachment; CONFIRMED prueba evidencia local, no respuesta HTTP"
https://puertasyserviciosindustriales.com/system/file.php?id=1231&type=application/pdf,DATABASE_DERIVED,system/file.php,ficha PDF dinámica,system/file.php,STRONG_INFERENCE,INVESTIGATE,"ID file demostrado; binario sin extensión localizado; cmd=download fuerza attachment; CONFIRMED prueba evidencia local, no respuesta HTTP"
https://puertasyserviciosindustriales.com/system/file.php?id=1236&type=application/pdf,DATABASE_DERIVED,system/file.php,ficha PDF dinámica,system/file.php,STRONG_INFERENCE,INVESTIGATE,"ID file demostrado; binario sin extensión localizado; cmd=download fuerza attachment; CONFIRMED prueba evidencia local, no respuesta HTTP"
https://puertasyserviciosindustriales.com/system/file.php?id=1241&type=application/pdf,DATABASE_DERIVED,system/file.php,ficha PDF dinámica,system/file.php,STRONG_INFERENCE,INVESTIGATE,"ID file demostrado; binario sin extensión localizado; cmd=download fuerza attachment; CONFIRMED prueba evidencia local, no respuesta HTTP"
https://puertasyserviciosindustriales.com/system/file.php?id=1254&type=application/pdf,DATABASE_DERIVED,system/file.php,ficha PDF dinámica,system/file.php,STRONG_INFERENCE,INVESTIGATE,"ID file demostrado; binario sin extensión localizado; cmd=download fuerza attachment; CONFIRMED prueba evidencia local, no respuesta HTTP"
https://puertasyserviciosindustriales.com/system/file.php?id=1255&type=application/pdf,DATABASE_DERIVED,system/file.php,ficha PDF dinámica,system/file.php,STRONG_INFERENCE,INVESTIGATE,"ID file demostrado; binario sin extensión localizado; cmd=download fuerza attachment; CONFIRMED prueba evidencia local, no respuesta HTTP"
https://puertasyserviciosindustriales.com/system/file.php?id=1272&type=application/pdf,DATABASE_DERIVED,system/file.php,ficha PDF dinámica,system/file.php,STRONG_INFERENCE,INVESTIGATE,"ID file demostrado; binario sin extensión localizado; cmd=download fuerza attachment; CONFIRMED prueba evidencia local, no respuesta HTTP"
https://puertasyserviciosindustriales.com/system/file.php?id=1293&type=application/pdf,DATABASE_DERIVED,system/file.php,ficha PDF dinámica,system/file.php,STRONG_INFERENCE,INVESTIGATE,"ID file demostrado; binario sin extensión localizado; cmd=download fuerza attachment; CONFIRMED prueba evidencia local, no respuesta HTTP"
https://puertasyserviciosindustriales.com/system/file.php?id=1294&type=application/pdf,DATABASE_DERIVED,system/file.php,ficha PDF dinámica,system/file.php,STRONG_INFERENCE,INVESTIGATE,"ID file demostrado; binario sin extensión localizado; cmd=download fuerza attachment; CONFIRMED prueba evidencia local, no respuesta HTTP"
https://puertasyserviciosindustriales.com/system/file.php?id=1355&type=application/pdf,DATABASE_DERIVED,system/file.php,ficha PDF dinámica,system/file.php,STRONG_INFERENCE,INVESTIGATE,"ID file demostrado; binario sin extensión localizado; cmd=download fuerza attachment; CONFIRMED prueba evidencia local, no respuesta HTTP"
https://puertasyserviciosindustriales.com/1/producto/accesspro-fs1000speed/,DATABASE_DERIVED,productos.php,producto dinámico,productos.php,STRONG_INFERENCE,INVESTIGATE,"URL probable derivada del dump y validStringForUrl; no observada por HTTP; revisar bytes/codificación. ID demostrado por dump público; alias /1/producto/{getFriendlyName()}/; slug exacto pendiente de validar codificación; relación 0 impide certificar metadatos del detalle; CONFIRMED prueba evidencia local, no respuesta HTTP"
https://puertasyserviciosindustriales.com/2/producto/energy-series-with-intellicorea®-3717-1-34/,DATABASE_DERIVED,productos.php,producto dinámico,productos.php,STRONG_INFERENCE,INVESTIGATE,"URL probable derivada del dump y validStringForUrl; no observada por HTTP; revisar bytes/codificación. ID demostrado por dump público; alias /2/producto/{getFriendlyName()}/; slug exacto pendiente de validar codificación; relación 0 impide certificar metadatos del detalle; CONFIRMED prueba evidencia local, no respuesta HTTP"
https://puertasyserviciosindustriales.com/3/producto/nivelador-de-anda‰n-hidraulico-serie-hp/,DATABASE_DERIVED,productos.php,producto dinámico,productos.php,STRONG_INFERENCE,INVESTIGATE,"URL probable derivada del dump y validStringForUrl; no observada por HTTP; revisar bytes/codificación. ID demostrado por dump público; alias /3/producto/{getFriendlyName()}/; slug exacto pendiente de validar codificación; relación 0 impide certificar metadatos del detalle; CONFIRMED prueba evidencia local, no respuesta HTTP"
https://puertasyserviciosindustriales.com/4/producto/cortina-serie-625/,DATABASE_DERIVED,productos.php,producto dinámico,productos.php,STRONG_INFERENCE,INVESTIGATE,"URL probable derivada del dump y validStringForUrl; no observada por HTTP; revisar bytes/codificación. ID demostrado por dump público; alias /4/producto/{getFriendlyName()}/; slug exacto pendiente de validar codificación; relación 0 impide certificar metadatos del detalle; CONFIRMED prueba evidencia local, no respuesta HTTP"
https://puertasyserviciosindustriales.com/5/producto/cortina-en-aluminio-serie-511521/,DATABASE_DERIVED,productos.php,producto dinámico,productos.php,STRONG_INFERENCE,INVESTIGATE,"URL probable derivada del dump y validStringForUrl; no observada por HTTP; revisar bytes/codificación. ID demostrado por dump público; alias /5/producto/{getFriendlyName()}/; slug exacto pendiente de validar codificación; relación 0 impide certificar metadatos del detalle; CONFIRMED prueba evidencia local, no respuesta HTTP"
https://puertasyserviciosindustriales.com/6/producto/coleccia³n-modern-steela„¢/,DATABASE_DERIVED,productos.php,producto dinámico,productos.php,STRONG_INFERENCE,INVESTIGATE,"URL probable derivada del dump y validStringForUrl; no observada por HTTP; revisar bytes/codificación. ID demostrado por dump público; alias /6/producto/{getFriendlyName()}/; slug exacto pendiente de validar codificación; relación 0 impide certificar metadatos del detalle; CONFIRMED prueba evidencia local, no respuesta HTTP"
https://puertasyserviciosindustriales.com/7/producto/cortina-serie-620/,DATABASE_DERIVED,productos.php,producto dinámico,productos.php,STRONG_INFERENCE,INVESTIGATE,"URL probable derivada del dump y validStringForUrl; no observada por HTTP; revisar bytes/codificación. ID demostrado por dump público; alias /7/producto/{getFriendlyName()}/; slug exacto pendiente de validar codificación; relación 0 impide certificar metadatos del detalle; CONFIRMED prueba evidencia local, no respuesta HTTP"
https://puertasyserviciosindustriales.com/8/producto/thermacore-serie-592/,DATABASE_DERIVED,productos.php,producto dinámico,productos.php,STRONG_INFERENCE,INVESTIGATE,"URL probable derivada del dump y validStringForUrl; no observada por HTTP; revisar bytes/codificación. ID demostrado por dump público; alias /8/producto/{getFriendlyName()}/; slug exacto pendiente de validar codificación; relación 0 impide certificar metadatos del detalle; CONFIRMED prueba evidencia local, no respuesta HTTP"
https://puertasyserviciosindustriales.com/9/producto/coleccia³n-classica„¢-a€“-serie-premium/,DATABASE_DERIVED,productos.php,producto dinámico,productos.php,STRONG_INFERENCE,INVESTIGATE,"URL probable derivada del dump y validStringForUrl; no observada por HTTP; revisar bytes/codificación. ID demostrado por dump público; alias /9/producto/{getFriendlyName()}/; slug exacto pendiente de validar codificación; relación 0 impide certificar metadatos del detalle; CONFIRMED prueba evidencia local, no respuesta HTTP"
https://puertasyserviciosindustriales.com/10/producto/cortina-serie-600/,DATABASE_DERIVED,productos.php,producto dinámico,productos.php,STRONG_INFERENCE,INVESTIGATE,"URL probable derivada del dump y validStringForUrl; no observada por HTTP; revisar bytes/codificación. ID demostrado por dump público; alias /10/producto/{getFriendlyName()}/; slug exacto pendiente de validar codificación; relación 0 impide certificar metadatos del detalle; CONFIRMED prueba evidencia local, no respuesta HTTP"
https://puertasyserviciosindustriales.com/11/producto/cortina-serie-630-631-634-635/,DATABASE_DERIVED,productos.php,producto dinámico,productos.php,STRONG_INFERENCE,INVESTIGATE,"URL probable derivada del dump y validStringForUrl; no observada por HTTP; revisar bytes/codificación. ID demostrado por dump público; alias /11/producto/{getFriendlyName()}/; slug exacto pendiente de validar codificación; relación 0 impide certificar metadatos del detalle; CONFIRMED prueba evidencia local, no respuesta HTTP"
https://puertasyserviciosindustriales.com/12/producto/operador-comercial-rhx/,DATABASE_DERIVED,productos.php,producto dinámico,productos.php,STRONG_INFERENCE,INVESTIGATE,"URL probable derivada del dump y validStringForUrl; no observada por HTTP; revisar bytes/codificación. ID demostrado por dump público; alias /12/producto/{getFriendlyName()}/; slug exacto pendiente de validar codificación; relación 0 impide certificar metadatos del detalle; CONFIRMED prueba evidencia local, no respuesta HTTP"
https://puertasyserviciosindustriales.com/13/producto/fire-rated-doors-firestara®-models-700-&-700c/,DATABASE_DERIVED,productos.php,producto dinámico,productos.php,STRONG_INFERENCE,INVESTIGATE,"URL probable derivada del dump y validStringForUrl; no observada por HTTP; revisar bytes/codificación. ID demostrado por dump público; alias /13/producto/{getFriendlyName()}/; slug exacto pendiente de validar codificación; relación 0 impide certificar metadatos del detalle; CONFIRMED prueba evidencia local, no respuesta HTTP"
https://puertasyserviciosindustriales.com/14/producto/puertas-seccionales-de-acero-aisladas-thermospan-a®-modelo-150/,DATABASE_DERIVED,productos.php,producto dinámico,productos.php,STRONG_INFERENCE,INVESTIGATE,"URL probable derivada del dump y validStringForUrl; no observada por HTTP; revisar bytes/codificación. ID demostrado por dump público; alias /14/producto/{getFriendlyName()}/; slug exacto pendiente de validar codificación; relación 0 impide certificar metadatos del detalle; CONFIRMED prueba evidencia local, no respuesta HTTP"
https://puertasyserviciosindustriales.com/15/producto/puertas-seccionales-de-acero-modelo-2415/,DATABASE_DERIVED,productos.php,producto dinámico,productos.php,STRONG_INFERENCE,INVESTIGATE,"URL probable derivada del dump y validStringForUrl; no observada por HTTP; revisar bytes/codificación. ID demostrado por dump público; alias /15/producto/{getFriendlyName()}/; slug exacto pendiente de validar codificación; relación 0 impide certificar metadatos del detalle; CONFIRMED prueba evidencia local, no respuesta HTTP"
https://puertasyserviciosindustriales.com/16/producto/coleccia³n-modern-steela„¢/,DATABASE_DERIVED,productos.php,producto dinámico,productos.php,STRONG_INFERENCE,INVESTIGATE,"URL probable derivada del dump y validStringForUrl; no observada por HTTP; revisar bytes/codificación. ID demostrado por dump público; alias /16/producto/{getFriendlyName()}/; slug exacto pendiente de validar codificación; relación 0 impide certificar metadatos del detalle; CONFIRMED prueba evidencia local, no respuesta HTTP"
https://puertasyserviciosindustriales.com/17/producto/energy-series-with-intellicorea®-3717-1-34a€³-3720-3724--3722/,DATABASE_DERIVED,productos.php,producto dinámico,productos.php,STRONG_INFERENCE,INVESTIGATE,"URL probable derivada del dump y validStringForUrl; no observada por HTTP; revisar bytes/codificación. ID demostrado por dump público; alias /17/producto/{getFriendlyName()}/; slug exacto pendiente de validar codificación; relación 0 impide certificar metadatos del detalle; CONFIRMED prueba evidencia local, no respuesta HTTP"
https://puertasyserviciosindustriales.com/18/producto/puertas-de-acero-acanalado-modelos-524-524v-524s/,DATABASE_DERIVED,productos.php,producto dinámico,productos.php,STRONG_INFERENCE,INVESTIGATE,"URL probable derivada del dump y validStringForUrl; no observada por HTTP; revisar bytes/codificación. ID demostrado por dump público; alias /18/producto/{getFriendlyName()}/; slug exacto pendiente de validar codificación; relación 0 impide certificar metadatos del detalle; CONFIRMED prueba evidencia local, no respuesta HTTP"
https://puertasyserviciosindustriales.com/19/producto/energy-series-with-intellicorea®-3720-3724--3722/,DATABASE_DERIVED,productos.php,producto dinámico,productos.php,STRONG_INFERENCE,INVESTIGATE,"URL probable derivada del dump y validStringForUrl; no observada por HTTP; revisar bytes/codificación. ID demostrado por dump público; alias /19/producto/{getFriendlyName()}/; slug exacto pendiente de validar codificación; relación 0 impide certificar metadatos del detalle; CONFIRMED prueba evidencia local, no respuesta HTTP"
https://puertasyserviciosindustriales.com/20/producto/coleccia³n-modern-steela„¢/,DATABASE_DERIVED,productos.php,producto dinámico,productos.php,STRONG_INFERENCE,INVESTIGATE,"URL probable derivada del dump y validStringForUrl; no observada por HTTP; revisar bytes/codificación. ID demostrado por dump público; alias /20/producto/{getFriendlyName()}/; slug exacto pendiente de validar codificación; relación 0 impide certificar metadatos del detalle; CONFIRMED prueba evidencia local, no respuesta HTTP"
https://puertasyserviciosindustriales.com/21/producto/shelter-abrigo-estacionario-blue-giant/,DATABASE_DERIVED,productos.php,producto dinámico,productos.php,STRONG_INFERENCE,INVESTIGATE,"URL probable derivada del dump y validStringForUrl; no observada por HTTP; revisar bytes/codificación. ID demostrado por dump público; alias /21/producto/{getFriendlyName()}/; slug exacto pendiente de validar codificación; relación 0 impide certificar metadatos del detalle; CONFIRMED prueba evidencia local, no respuesta HTTP"
https://puertasyserviciosindustriales.com/22/producto/retenedor-de-vehiculos-(-electrico)-mod-hvr303-strongarma„¢/,DATABASE_DERIVED,productos.php,producto dinámico,productos.php,STRONG_INFERENCE,INVESTIGATE,"URL probable derivada del dump y validStringForUrl; no observada por HTTP; revisar bytes/codificación. ID demostrado por dump público; alias /22/producto/{getFriendlyName()}/; slug exacto pendiente de validar codificación; relación 0 impide certificar metadatos del detalle; CONFIRMED prueba evidencia local, no respuesta HTTP"
https://puertasyserviciosindustriales.com/23/producto/rampa-niveladora-mecanica-blue-giant/,DATABASE_DERIVED,productos.php,producto dinámico,productos.php,STRONG_INFERENCE,INVESTIGATE,"URL probable derivada del dump y validStringForUrl; no observada por HTTP; revisar bytes/codificación. ID demostrado por dump público; alias /23/producto/{getFriendlyName()}/; slug exacto pendiente de validar codificación; relación 0 impide certificar metadatos del detalle; CONFIRMED prueba evidencia local, no respuesta HTTP"
https://puertasyserviciosindustriales.com/24/producto/rampas-de-anda©n-hidra¡ulicas/,DATABASE_DERIVED,productos.php,producto dinámico,productos.php,STRONG_INFERENCE,INVESTIGATE,"URL probable derivada del dump y validStringForUrl; no observada por HTTP; revisar bytes/codificación. ID demostrado por dump público; alias /24/producto/{getFriendlyName()}/; slug exacto pendiente de validar codificación; relación 0 impide certificar metadatos del detalle; CONFIRMED prueba evidencia local, no respuesta HTTP"
https://puertasyserviciosindustriales.com/25/producto/retenedor-de-vehiculos-star4/,DATABASE_DERIVED,productos.php,producto dinámico,productos.php,STRONG_INFERENCE,INVESTIGATE,"URL probable derivada del dump y validStringForUrl; no observada por HTTP; revisar bytes/codificación. ID demostrado por dump público; alias /25/producto/{getFriendlyName()}/; slug exacto pendiente de validar codificación; relación 0 impide certificar metadatos del detalle; CONFIRMED prueba evidencia local, no respuesta HTTP"
https://puertasyserviciosindustriales.com/26/producto/puerta-contra-explosion/,DATABASE_DERIVED,productos.php,producto dinámico,productos.php,STRONG_INFERENCE,INVESTIGATE,"URL probable derivada del dump y validStringForUrl; no observada por HTTP; revisar bytes/codificación. ID demostrado por dump público; alias /26/producto/{getFriendlyName()}/; slug exacto pendiente de validar codificación; relación 0 impide certificar metadatos del detalle; CONFIRMED prueba evidencia local, no respuesta HTTP"
https://puertasyserviciosindustriales.com/27/producto/accesorios/,DATABASE_DERIVED,productos.php,producto dinámico,productos.php,STRONG_INFERENCE,INVESTIGATE,"URL probable derivada del dump y validStringForUrl; no observada por HTTP; revisar bytes/codificación. ID demostrado por dump público; alias /27/producto/{getFriendlyName()}/; slug exacto pendiente de validar codificación; relación 0 impide certificar metadatos del detalle; CONFIRMED prueba evidencia local, no respuesta HTTP"
https://puertasyserviciosindustriales.com/28/producto/puertas-blindadas/,DATABASE_DERIVED,productos.php,producto dinámico,productos.php,STRONG_INFERENCE,INVESTIGATE,"URL probable derivada del dump y validStringForUrl; no observada por HTTP; revisar bytes/codificación. ID demostrado por dump público; alias /28/producto/{getFriendlyName()}/; slug exacto pendiente de validar codificación; relación 0 impide certificar metadatos del detalle; CONFIRMED prueba evidencia local, no respuesta HTTP"
https://puertasyserviciosindustriales.com/29/producto/puertas-contra-incendio/,DATABASE_DERIVED,productos.php,producto dinámico,productos.php,STRONG_INFERENCE,INVESTIGATE,"URL probable derivada del dump y validStringForUrl; no observada por HTTP; revisar bytes/codificación. ID demostrado por dump público; alias /29/producto/{getFriendlyName()}/; slug exacto pendiente de validar codificación; relación 0 impide certificar metadatos del detalle; CONFIRMED prueba evidencia local, no respuesta HTTP"
https://puertasyserviciosindustriales.com/30/producto/puertas-contra-rayos-x/,DATABASE_DERIVED,productos.php,producto dinámico,productos.php,STRONG_INFERENCE,INVESTIGATE,"URL probable derivada del dump y validStringForUrl; no observada por HTTP; revisar bytes/codificación. ID demostrado por dump público; alias /30/producto/{getFriendlyName()}/; slug exacto pendiente de validar codificación; relación 0 impide certificar metadatos del detalle; CONFIRMED prueba evidencia local, no respuesta HTTP"
https://puertasyserviciosindustriales.com/31/producto/puerta-esta¡ndar/,DATABASE_DERIVED,productos.php,producto dinámico,productos.php,STRONG_INFERENCE,INVESTIGATE,"URL probable derivada del dump y validStringForUrl; no observada por HTTP; revisar bytes/codificación. ID demostrado por dump público; alias /31/producto/{getFriendlyName()}/; slug exacto pendiente de validar codificación; relación 0 impide certificar metadatos del detalle; CONFIRMED prueba evidencia local, no respuesta HTTP"
https://puertasyserviciosindustriales.com/32/producto/puerta-esta¡ndar-reforzada/,DATABASE_DERIVED,productos.php,producto dinámico,productos.php,STRONG_INFERENCE,INVESTIGATE,"URL probable derivada del dump y validStringForUrl; no observada por HTTP; revisar bytes/codificación. ID demostrado por dump público; alias /32/producto/{getFriendlyName()}/; slug exacto pendiente de validar codificación; relación 0 impide certificar metadatos del detalle; CONFIRMED prueba evidencia local, no respuesta HTTP"
https://puertasyserviciosindustriales.com/33/producto/puerta-holandesa/,DATABASE_DERIVED,productos.php,producto dinámico,productos.php,STRONG_INFERENCE,INVESTIGATE,"URL probable derivada del dump y validStringForUrl; no observada por HTTP; revisar bytes/codificación. ID demostrado por dump público; alias /33/producto/{getFriendlyName()}/; slug exacto pendiente de validar codificación; relación 0 impide certificar metadatos del detalle; CONFIRMED prueba evidencia local, no respuesta HTTP"
https://puertasyserviciosindustriales.com/34/producto/puerta-para-hospital/,DATABASE_DERIVED,productos.php,producto dinámico,productos.php,STRONG_INFERENCE,INVESTIGATE,"URL probable derivada del dump y validStringForUrl; no observada por HTTP; revisar bytes/codificación. ID demostrado por dump público; alias /34/producto/{getFriendlyName()}/; slug exacto pendiente de validar codificación; relación 0 impide certificar metadatos del detalle; CONFIRMED prueba evidencia local, no respuesta HTTP"
https://puertasyserviciosindustriales.com/35/producto/puerta-y-fijos-louver/,DATABASE_DERIVED,productos.php,producto dinámico,productos.php,STRONG_INFERENCE,INVESTIGATE,"URL probable derivada del dump y validStringForUrl; no observada por HTTP; revisar bytes/codificación. ID demostrado por dump público; alias /35/producto/{getFriendlyName()}/; slug exacto pendiente de validar codificación; relación 0 impide certificar metadatos del detalle; CONFIRMED prueba evidencia local, no respuesta HTTP"
https://puertasyserviciosindustriales.com/36/producto/fast-seal-a®/,DATABASE_DERIVED,productos.php,producto dinámico,productos.php,STRONG_INFERENCE,INVESTIGATE,"URL probable derivada del dump y validStringForUrl; no observada por HTTP; revisar bytes/codificación. ID demostrado por dump público; alias /36/producto/{getFriendlyName()}/; slug exacto pendiente de validar codificación; relación 0 impide certificar metadatos del detalle; CONFIRMED prueba evidencia local, no respuesta HTTP"
https://puertasyserviciosindustriales.com/37/producto/predadoora®-nxta®-door/,DATABASE_DERIVED,productos.php,producto dinámico,productos.php,STRONG_INFERENCE,INVESTIGATE,"URL probable derivada del dump y validStringForUrl; no observada por HTTP; revisar bytes/codificación. ID demostrado por dump público; alias /37/producto/{getFriendlyName()}/; slug exacto pendiente de validar codificación; relación 0 impide certificar metadatos del detalle; CONFIRMED prueba evidencia local, no respuesta HTTP"
https://puertasyserviciosindustriales.com/38/producto/rapida-enrollable-industrial/,DATABASE_DERIVED,productos.php,producto dinámico,productos.php,STRONG_INFERENCE,INVESTIGATE,"URL probable derivada del dump y validStringForUrl; no observada por HTTP; revisar bytes/codificación. ID demostrado por dump público; alias /38/producto/{getFriendlyName()}/; slug exacto pendiente de validar codificación; relación 0 impide certificar metadatos del detalle; CONFIRMED prueba evidencia local, no respuesta HTTP"
https://puertasyserviciosindustriales.com/39/producto/puerta-ra¡pida-apilable/,DATABASE_DERIVED,productos.php,producto dinámico,productos.php,STRONG_INFERENCE,INVESTIGATE,"URL probable derivada del dump y validStringForUrl; no observada por HTTP; revisar bytes/codificación. ID demostrado por dump público; alias /39/producto/{getFriendlyName()}/; slug exacto pendiente de validar codificación; relación 0 impide certificar metadatos del detalle; CONFIRMED prueba evidencia local, no respuesta HTTP"
https://puertasyserviciosindustriales.com/40/producto/rolli-zip-puertas-ra¡pidas-enrollables-autorreparabale/,DATABASE_DERIVED,productos.php,producto dinámico,productos.php,STRONG_INFERENCE,INVESTIGATE,"URL probable derivada del dump y validStringForUrl; no observada por HTTP; revisar bytes/codificación. ID demostrado por dump público; alias /40/producto/{getFriendlyName()}/; slug exacto pendiente de validar codificación; relación 0 impide certificar metadatos del detalle; CONFIRMED prueba evidencia local, no respuesta HTTP"
https://puertasyserviciosindustriales.com/41/producto/alumina-a€“-puertas-ra¡pidas-autorreparable/,DATABASE_DERIVED,productos.php,producto dinámico,productos.php,STRONG_INFERENCE,INVESTIGATE,"URL probable derivada del dump y validStringForUrl; no observada por HTTP; revisar bytes/codificación. ID demostrado por dump público; alias /41/producto/{getFriendlyName()}/; slug exacto pendiente de validar codificación; relación 0 impide certificar metadatos del detalle; CONFIRMED prueba evidencia local, no respuesta HTTP"
https://puertasyserviciosindustriales.com/42/producto/vertigo/,DATABASE_DERIVED,productos.php,producto dinámico,productos.php,STRONG_INFERENCE,INVESTIGATE,"URL probable derivada del dump y validStringForUrl; no observada por HTTP; revisar bytes/codificación. ID demostrado por dump público; alias /42/producto/{getFriendlyName()}/; slug exacto pendiente de validar codificación; relación 0 impide certificar metadatos del detalle; CONFIRMED prueba evidencia local, no respuesta HTTP"
https://puertasyserviciosindustriales.com/43/producto/lift-master-mod-h/,DATABASE_DERIVED,productos.php,producto dinámico,productos.php,STRONG_INFERENCE,INVESTIGATE,"URL probable derivada del dump y validStringForUrl; no observada por HTTP; revisar bytes/codificación. ID demostrado por dump público; alias /43/producto/{getFriendlyName()}/; slug exacto pendiente de validar codificación; relación 0 impide certificar metadatos del detalle; CONFIRMED prueba evidencia local, no respuesta HTTP"
https://puertasyserviciosindustriales.com/44/producto/barreras-de-estacionamiento-moovi50rm/,DATABASE_DERIVED,productos.php,producto dinámico,productos.php,STRONG_INFERENCE,INVESTIGATE,"URL probable derivada del dump y validStringForUrl; no observada por HTTP; revisar bytes/codificación. ID demostrado por dump público; alias /44/producto/{getFriendlyName()}/; slug exacto pendiente de validar codificación; relación 0 impide certificar metadatos del detalle; CONFIRMED prueba evidencia local, no respuesta HTTP"
https://puertasyserviciosindustriales.com/45/producto/serie-x130-motor-para-cortina-oculto/,DATABASE_DERIVED,productos.php,producto dinámico,productos.php,STRONG_INFERENCE,INVESTIGATE,"URL probable derivada del dump y validStringForUrl; no observada por HTTP; revisar bytes/codificación. ID demostrado por dump público; alias /45/producto/{getFriendlyName()}/; slug exacto pendiente de validar codificación; relación 0 impide certificar metadatos del detalle; CONFIRMED prueba evidencia local, no respuesta HTTP"
https://puertasyserviciosindustriales.com/46/producto/phobos-n-piston-electromecanico/,DATABASE_DERIVED,productos.php,producto dinámico,productos.php,STRONG_INFERENCE,INVESTIGATE,"URL probable derivada del dump y validStringForUrl; no observada por HTTP; revisar bytes/codificación. ID demostrado por dump público; alias /46/producto/{getFriendlyName()}/; slug exacto pendiente de validar codificación; relación 0 impide certificar metadatos del detalle; CONFIRMED prueba evidencia local, no respuesta HTTP"
https://puertasyserviciosindustriales.com/47/producto/p45-7-piston-hidraulico-para-puerta-abatible/,DATABASE_DERIVED,productos.php,producto dinámico,productos.php,STRONG_INFERENCE,INVESTIGATE,"URL probable derivada del dump y validStringForUrl; no observada por HTTP; revisar bytes/codificación. ID demostrado por dump público; alias /47/producto/{getFriendlyName()}/; slug exacto pendiente de validar codificación; relación 0 impide certificar metadatos del detalle; CONFIRMED prueba evidencia local, no respuesta HTTP"
https://puertasyserviciosindustriales.com/48/producto/lux-2b-y-lux-gv-piston-hidraulico-para-puerta-abatible/,DATABASE_DERIVED,productos.php,producto dinámico,productos.php,STRONG_INFERENCE,INVESTIGATE,"URL probable derivada del dump y validStringForUrl; no observada por HTTP; revisar bytes/codificación. ID demostrado por dump público; alias /48/producto/{getFriendlyName()}/; slug exacto pendiente de validar codificación; relación 0 impide certificar metadatos del detalle; CONFIRMED prueba evidencia local, no respuesta HTTP"
https://puertasyserviciosindustriales.com/49/producto/icaro-smart-ac-a2000-120/,DATABASE_DERIVED,productos.php,producto dinámico,productos.php,STRONG_INFERENCE,INVESTIGATE,"URL probable derivada del dump y validStringForUrl; no observada por HTTP; revisar bytes/codificación. ID demostrado por dump público; alias /49/producto/{getFriendlyName()}/; slug exacto pendiente de validar codificación; relación 0 impide certificar metadatos del detalle; CONFIRMED prueba evidencia local, no respuesta HTTP"
https://puertasyserviciosindustriales.com/50/producto/puertas-industriales-dockman/,DATABASE_DERIVED,productos.php,producto dinámico,productos.php,STRONG_INFERENCE,INVESTIGATE,"URL probable derivada del dump y validStringForUrl; no observada por HTTP; revisar bytes/codificación. ID demostrado por dump público; alias /50/producto/{getFriendlyName()}/; slug exacto pendiente de validar codificación; relación 0 impide certificar metadatos del detalle; CONFIRMED prueba evidencia local, no respuesta HTTP"
https://puertasyserviciosindustriales.com/51/producto/labio-de-elevacia³n-meca¡nico/,DATABASE_DERIVED,productos.php,producto dinámico,productos.php,STRONG_INFERENCE,INVESTIGATE,"URL probable derivada del dump y validStringForUrl; no observada por HTTP; revisar bytes/codificación. ID demostrado por dump público; alias /51/producto/{getFriendlyName()}/; slug exacto pendiente de validar codificación; relación 0 impide certificar metadatos del detalle; CONFIRMED prueba evidencia local, no respuesta HTTP"
https://puertasyserviciosindustriales.com/52/producto/sellos-de-anda©n/,DATABASE_DERIVED,productos.php,producto dinámico,productos.php,STRONG_INFERENCE,INVESTIGATE,"URL probable derivada del dump y validStringForUrl; no observada por HTTP; revisar bytes/codificación. ID demostrado por dump público; alias /52/producto/{getFriendlyName()}/; slug exacto pendiente de validar codificación; relación 0 impide certificar metadatos del detalle; CONFIRMED prueba evidencia local, no respuesta HTTP"
https://puertasyserviciosindustriales.com/53/producto/rampas-de-anda©n-hidra¡ulicas/,DATABASE_DERIVED,productos.php,producto dinámico,productos.php,STRONG_INFERENCE,INVESTIGATE,"URL probable derivada del dump y validStringForUrl; no observada por HTTP; revisar bytes/codificación. ID demostrado por dump público; alias /53/producto/{getFriendlyName()}/; slug exacto pendiente de validar codificación; relación 0 impide certificar metadatos del detalle; CONFIRMED prueba evidencia local, no respuesta HTTP"
https://puertasyserviciosindustriales.com/54/producto/cortina-plana/,DATABASE_DERIVED,productos.php,producto dinámico,productos.php,STRONG_INFERENCE,INVESTIGATE,"URL probable derivada del dump y validStringForUrl; no observada por HTTP; revisar bytes/codificación. ID demostrado por dump público; alias /54/producto/{getFriendlyName()}/; slug exacto pendiente de validar codificación; relación 0 impide certificar metadatos del detalle; CONFIRMED prueba evidencia local, no respuesta HTTP"
https://puertasyserviciosindustriales.com/55/producto/cortina-europea/,DATABASE_DERIVED,productos.php,producto dinámico,productos.php,STRONG_INFERENCE,INVESTIGATE,"URL probable derivada del dump y validStringForUrl; no observada por HTTP; revisar bytes/codificación. ID demostrado por dump público; alias /55/producto/{getFriendlyName()}/; slug exacto pendiente de validar codificación; relación 0 impide certificar metadatos del detalle; CONFIRMED prueba evidencia local, no respuesta HTTP"
https://puertasyserviciosindustriales.com/56/producto/rampas-de-anda©n-meca¡nicas/,DATABASE_DERIVED,productos.php,producto dinámico,productos.php,STRONG_INFERENCE,INVESTIGATE,"URL probable derivada del dump y validStringForUrl; no observada por HTTP; revisar bytes/codificación. ID demostrado por dump público; alias /56/producto/{getFriendlyName()}/; slug exacto pendiente de validar codificación; relación 0 impide certificar metadatos del detalle; CONFIRMED prueba evidencia local, no respuesta HTTP"
https://puertasyserviciosindustriales.com/57/producto/puertas-seccionales-de-acero-aisladas-thermospana®-modelo-150/,DATABASE_DERIVED,productos.php,producto dinámico,productos.php,STRONG_INFERENCE,INVESTIGATE,"URL probable derivada del dump y validStringForUrl; no observada por HTTP; revisar bytes/codificación. ID demostrado por dump público; alias /57/producto/{getFriendlyName()}/; slug exacto pendiente de validar codificación; relación 0 impide certificar metadatos del detalle; CONFIRMED prueba evidencia local, no respuesta HTTP"
https://puertasyserviciosindustriales.com/58/producto/puertas-de-acero-acanalado-modelos-524-524v-524s/,DATABASE_DERIVED,productos.php,producto dinámico,productos.php,STRONG_INFERENCE,INVESTIGATE,"URL probable derivada del dump y validStringForUrl; no observada por HTTP; revisar bytes/codificación. ID demostrado por dump público; alias /58/producto/{getFriendlyName()}/; slug exacto pendiente de validar codificación; relación 0 impide certificar metadatos del detalle; CONFIRMED prueba evidencia local, no respuesta HTTP"
https://puertasyserviciosindustriales.com/59/producto/puertas-industriales-dockman/,DATABASE_DERIVED,productos.php,producto dinámico,productos.php,STRONG_INFERENCE,INVESTIGATE,"URL probable derivada del dump y validStringForUrl; no observada por HTTP; revisar bytes/codificación. ID demostrado por dump público; alias /59/producto/{getFriendlyName()}/; slug exacto pendiente de validar codificación; relación 0 impide certificar metadatos del detalle; CONFIRMED prueba evidencia local, no respuesta HTTP"
https://puertasyserviciosindustriales.com/60/producto/puertas-seccionales-de-acero-modelo-2415/,DATABASE_DERIVED,productos.php,producto dinámico,productos.php,STRONG_INFERENCE,INVESTIGATE,"URL probable derivada del dump y validStringForUrl; no observada por HTTP; revisar bytes/codificación. ID demostrado por dump público; alias /60/producto/{getFriendlyName()}/; slug exacto pendiente de validar codificación; relación 0 impide certificar metadatos del detalle; CONFIRMED prueba evidencia local, no respuesta HTTP"
https://puertasyserviciosindustriales.com/61/producto/energy-series-with-intellicorea®-3720-3724--3722/,DATABASE_DERIVED,productos.php,producto dinámico,productos.php,STRONG_INFERENCE,INVESTIGATE,"URL probable derivada del dump y validStringForUrl; no observada por HTTP; revisar bytes/codificación. ID demostrado por dump público; alias /61/producto/{getFriendlyName()}/; slug exacto pendiente de validar codificación; relación 0 impide certificar metadatos del detalle; CONFIRMED prueba evidencia local, no respuesta HTTP"
https://puertasyserviciosindustriales.com/62/producto/puerta-seccional-de-acero-thermacore-serie-592/,DATABASE_DERIVED,productos.php,producto dinámico,productos.php,STRONG_INFERENCE,INVESTIGATE,"URL probable derivada del dump y validStringForUrl; no observada por HTTP; revisar bytes/codificación. ID demostrado por dump público; alias /62/producto/{getFriendlyName()}/; slug exacto pendiente de validar codificación; relación 0 impide certificar metadatos del detalle; CONFIRMED prueba evidencia local, no respuesta HTTP"
https://puertasyserviciosindustriales.com/63/producto/puerta-seccional-de-acero-sin-aislamiento-416-(uso-muy-pesado)/,DATABASE_DERIVED,productos.php,producto dinámico,productos.php,STRONG_INFERENCE,INVESTIGATE,"URL probable derivada del dump y validStringForUrl; no observada por HTTP; revisar bytes/codificación. ID demostrado por dump público; alias /63/producto/{getFriendlyName()}/; slug exacto pendiente de validar codificación; relación 0 impide certificar metadatos del detalle; CONFIRMED prueba evidencia local, no respuesta HTTP"
https://puertasyserviciosindustriales.com/64/producto/puertas-seccionales-de-acero-sin-aislamiento-420(uso-pesado)/,DATABASE_DERIVED,productos.php,producto dinámico,productos.php,STRONG_INFERENCE,INVESTIGATE,"URL probable derivada del dump y validStringForUrl; no observada por HTTP; revisar bytes/codificación. ID demostrado por dump público; alias /64/producto/{getFriendlyName()}/; slug exacto pendiente de validar codificación; relación 0 impide certificar metadatos del detalle; CONFIRMED prueba evidencia local, no respuesta HTTP"
https://puertasyserviciosindustriales.com/65/producto/puerta-seccional-de-acero-sin-aislamiento-424-(uso-pesado)/,DATABASE_DERIVED,productos.php,producto dinámico,productos.php,STRONG_INFERENCE,INVESTIGATE,"URL probable derivada del dump y validStringForUrl; no observada por HTTP; revisar bytes/codificación. ID demostrado por dump público; alias /65/producto/{getFriendlyName()}/; slug exacto pendiente de validar codificación; relación 0 impide certificar metadatos del detalle; CONFIRMED prueba evidencia local, no respuesta HTTP"
https://puertasyserviciosindustriales.com/66/producto/puerta-seccional-de-acero-sin-aislamiento-430-(uso-medio)/,DATABASE_DERIVED,productos.php,producto dinámico,productos.php,STRONG_INFERENCE,INVESTIGATE,"URL probable derivada del dump y validStringForUrl; no observada por HTTP; revisar bytes/codificación. ID demostrado por dump público; alias /66/producto/{getFriendlyName()}/; slug exacto pendiente de validar codificación; relación 0 impide certificar metadatos del detalle; CONFIRMED prueba evidencia local, no respuesta HTTP"
https://puertasyserviciosindustriales.com/67/producto/puertas-seccionales-de-aluminio-521/,DATABASE_DERIVED,productos.php,producto dinámico,productos.php,STRONG_INFERENCE,INVESTIGATE,"URL probable derivada del dump y validStringForUrl; no observada por HTTP; revisar bytes/codificación. ID demostrado por dump público; alias /67/producto/{getFriendlyName()}/; slug exacto pendiente de validar codificación; relación 0 impide certificar metadatos del detalle; CONFIRMED prueba evidencia local, no respuesta HTTP"
https://puertasyserviciosindustriales.com/68/producto/puerta-seccional-de-acero-perfiles-418/,DATABASE_DERIVED,productos.php,producto dinámico,productos.php,STRONG_INFERENCE,INVESTIGATE,"URL probable derivada del dump y validStringForUrl; no observada por HTTP; revisar bytes/codificación. ID demostrado por dump público; alias /68/producto/{getFriendlyName()}/; slug exacto pendiente de validar codificación; relación 0 impide certificar metadatos del detalle; CONFIRMED prueba evidencia local, no respuesta HTTP"
https://puertasyserviciosindustriales.com/69/producto/puerta-seccionable-acero-perfiles-422-(uso-pesado)/,DATABASE_DERIVED,productos.php,producto dinámico,productos.php,STRONG_INFERENCE,INVESTIGATE,"URL probable derivada del dump y validStringForUrl; no observada por HTTP; revisar bytes/codificación. ID demostrado por dump público; alias /69/producto/{getFriendlyName()}/; slug exacto pendiente de validar codificación; relación 0 impide certificar metadatos del detalle; CONFIRMED prueba evidencia local, no respuesta HTTP"
https://puertasyserviciosindustriales.com/70/producto/puertas-seccionales-de-acero-perfiles-426/,DATABASE_DERIVED,productos.php,producto dinámico,productos.php,STRONG_INFERENCE,INVESTIGATE,"URL probable derivada del dump y validStringForUrl; no observada por HTTP; revisar bytes/codificación. ID demostrado por dump público; alias /70/producto/{getFriendlyName()}/; slug exacto pendiente de validar codificación; relación 0 impide certificar metadatos del detalle; CONFIRMED prueba evidencia local, no respuesta HTTP"
https://puertasyserviciosindustriales.com/71/producto/puerta-seccional-de-acero-perfiles-432-(uso-medio)/,DATABASE_DERIVED,productos.php,producto dinámico,productos.php,STRONG_INFERENCE,INVESTIGATE,"URL probable derivada del dump y validStringForUrl; no observada por HTTP; revisar bytes/codificación. ID demostrado por dump público; alias /71/producto/{getFriendlyName()}/; slug exacto pendiente de validar codificación; relación 0 impide certificar metadatos del detalle; CONFIRMED prueba evidencia local, no respuesta HTTP"
https://puertasyserviciosindustriales.com/72/producto/puerta-seccional-de-acero-thermacore-593-(uso-medio)/,DATABASE_DERIVED,productos.php,producto dinámico,productos.php,STRONG_INFERENCE,INVESTIGATE,"URL probable derivada del dump y validStringForUrl; no observada por HTTP; revisar bytes/codificación. ID demostrado por dump público; alias /72/producto/{getFriendlyName()}/; slug exacto pendiente de validar codificación; relación 0 impide certificar metadatos del detalle; CONFIRMED prueba evidencia local, no respuesta HTTP"
https://puertasyserviciosindustriales.com/73/producto/puerta-seccional-de-acero-thermacore-594-(uso-medio)/,DATABASE_DERIVED,productos.php,producto dinámico,productos.php,STRONG_INFERENCE,INVESTIGATE,"URL probable derivada del dump y validStringForUrl; no observada por HTTP; revisar bytes/codificación. ID demostrado por dump público; alias /73/producto/{getFriendlyName()}/; slug exacto pendiente de validar codificación; relación 0 impide certificar metadatos del detalle; CONFIRMED prueba evidencia local, no respuesta HTTP"
https://puertasyserviciosindustriales.com/74/producto/puerta-seccional-de-acero-thermacore-525-(uso-liviano)/,DATABASE_DERIVED,productos.php,producto dinámico,productos.php,STRONG_INFERENCE,INVESTIGATE,"URL probable derivada del dump y validStringForUrl; no observada por HTTP; revisar bytes/codificación. ID demostrado por dump público; alias /74/producto/{getFriendlyName()}/; slug exacto pendiente de validar codificación; relación 0 impide certificar metadatos del detalle; CONFIRMED prueba evidencia local, no respuesta HTTP"
https://puertasyserviciosindustriales.com/75/producto/puerta-seccional-de-acero-thermacore-599-(uso-muy-pesado)/,DATABASE_DERIVED,productos.php,producto dinámico,productos.php,STRONG_INFERENCE,INVESTIGATE,"URL probable derivada del dump y validStringForUrl; no observada por HTTP; revisar bytes/codificación. ID demostrado por dump público; alias /75/producto/{getFriendlyName()}/; slug exacto pendiente de validar codificación; relación 0 impide certificar metadatos del detalle; CONFIRMED prueba evidencia local, no respuesta HTTP"
https://puertasyserviciosindustriales.com/76/producto/icaro-smart-ac-a2000-120/,DATABASE_DERIVED,productos.php,producto dinámico,productos.php,STRONG_INFERENCE,INVESTIGATE,"URL probable derivada del dump y validStringForUrl; no observada por HTTP; revisar bytes/codificación. ID demostrado por dump público; alias /76/producto/{getFriendlyName()}/; slug exacto pendiente de validar codificación; relación 0 impide certificar metadatos del detalle; CONFIRMED prueba evidencia local, no respuesta HTTP"
https://puertasyserviciosindustriales.com/77/producto/operador-de-puerta-comercial-rhx-a®/,DATABASE_DERIVED,productos.php,producto dinámico,productos.php,STRONG_INFERENCE,INVESTIGATE,"URL probable derivada del dump y validStringForUrl; no observada por HTTP; revisar bytes/codificación. ID demostrado por dump público; alias /77/producto/{getFriendlyName()}/; slug exacto pendiente de validar codificación; relación 0 impide certificar metadatos del detalle; CONFIRMED prueba evidencia local, no respuesta HTTP"
https://puertasyserviciosindustriales.com/78/producto/operador-de-puerta-comercial-rmx-a®/,DATABASE_DERIVED,productos.php,producto dinámico,productos.php,STRONG_INFERENCE,INVESTIGATE,"URL probable derivada del dump y validStringForUrl; no observada por HTTP; revisar bytes/codificación. ID demostrado por dump público; alias /78/producto/{getFriendlyName()}/; slug exacto pendiente de validar codificación; relación 0 impide certificar metadatos del detalle; CONFIRMED prueba evidencia local, no respuesta HTTP"
https://puertasyserviciosindustriales.com/79/producto/lux-2b-y-lux-gv-piston-hidraulico-para-puerta-abatible/,DATABASE_DERIVED,productos.php,producto dinámico,productos.php,STRONG_INFERENCE,INVESTIGATE,"URL probable derivada del dump y validStringForUrl; no observada por HTTP; revisar bytes/codificación. ID demostrado por dump público; alias /79/producto/{getFriendlyName()}/; slug exacto pendiente de validar codificación; relación 0 impide certificar metadatos del detalle; CONFIRMED prueba evidencia local, no respuesta HTTP"
https://puertasyserviciosindustriales.com/80/producto/p45-7-piston-hidraulico-para-puerta-abatible/,DATABASE_DERIVED,productos.php,producto dinámico,productos.php,STRONG_INFERENCE,INVESTIGATE,"URL probable derivada del dump y validStringForUrl; no observada por HTTP; revisar bytes/codificación. ID demostrado por dump público; alias /80/producto/{getFriendlyName()}/; slug exacto pendiente de validar codificación; relación 0 impide certificar metadatos del detalle; CONFIRMED prueba evidencia local, no respuesta HTTP"
https://puertasyserviciosindustriales.com/81/producto/lift-master-mod-h/,DATABASE_DERIVED,productos.php,producto dinámico,productos.php,STRONG_INFERENCE,INVESTIGATE,"URL probable derivada del dump y validStringForUrl; no observada por HTTP; revisar bytes/codificación. ID demostrado por dump público; alias /81/producto/{getFriendlyName()}/; slug exacto pendiente de validar codificación; relación 0 impide certificar metadatos del detalle; CONFIRMED prueba evidencia local, no respuesta HTTP"
https://puertasyserviciosindustriales.com/82/producto/operador-comercial-rhx/,DATABASE_DERIVED,productos.php,producto dinámico,productos.php,STRONG_INFERENCE,INVESTIGATE,"URL probable derivada del dump y validStringForUrl; no observada por HTTP; revisar bytes/codificación. ID demostrado por dump público; alias /82/producto/{getFriendlyName()}/; slug exacto pendiente de validar codificación; relación 0 impide certificar metadatos del detalle; CONFIRMED prueba evidencia local, no respuesta HTTP"
https://puertasyserviciosindustriales.com/83/producto/serie-x130-motor-para-cortina-oculto/,DATABASE_DERIVED,productos.php,producto dinámico,productos.php,STRONG_INFERENCE,INVESTIGATE,"URL probable derivada del dump y validStringForUrl; no observada por HTTP; revisar bytes/codificación. ID demostrado por dump público; alias /83/producto/{getFriendlyName()}/; slug exacto pendiente de validar codificación; relación 0 impide certificar metadatos del detalle; CONFIRMED prueba evidencia local, no respuesta HTTP"
https://puertasyserviciosindustriales.com/84/producto/operador-de-puerta-comercial-rmx-a®/,DATABASE_DERIVED,productos.php,producto dinámico,productos.php,STRONG_INFERENCE,INVESTIGATE,"URL probable derivada del dump y validStringForUrl; no observada por HTTP; revisar bytes/codificación. ID demostrado por dump público; alias /84/producto/{getFriendlyName()}/; slug exacto pendiente de validar codificación; relación 0 impide certificar metadatos del detalle; CONFIRMED prueba evidencia local, no respuesta HTTP"
https://puertasyserviciosindustriales.com/85/producto/operador-de-puerta-comercial-cdx-a®/,DATABASE_DERIVED,productos.php,producto dinámico,productos.php,STRONG_INFERENCE,INVESTIGATE,"URL probable derivada del dump y validStringForUrl; no observada por HTTP; revisar bytes/codificación. ID demostrado por dump público; alias /85/producto/{getFriendlyName()}/; slug exacto pendiente de validar codificación; relación 0 impide certificar metadatos del detalle; CONFIRMED prueba evidencia local, no respuesta HTTP"
https://puertasyserviciosindustriales.com/86/producto/operador-para-cortina-enrrollable-rsx/,DATABASE_DERIVED,productos.php,producto dinámico,productos.php,STRONG_INFERENCE,INVESTIGATE,"URL probable derivada del dump y validStringForUrl; no observada por HTTP; revisar bytes/codificación. ID demostrado por dump público; alias /86/producto/{getFriendlyName()}/; slug exacto pendiente de validar codificación; relación 0 impide certificar metadatos del detalle; CONFIRMED prueba evidencia local, no respuesta HTTP"
https://puertasyserviciosindustriales.com/87/producto/cortina-serie-625/,DATABASE_DERIVED,productos.php,producto dinámico,productos.php,STRONG_INFERENCE,INVESTIGATE,"URL probable derivada del dump y validStringForUrl; no observada por HTTP; revisar bytes/codificación. ID demostrado por dump público; alias /87/producto/{getFriendlyName()}/; slug exacto pendiente de validar codificación; relación 0 impide certificar metadatos del detalle; CONFIRMED prueba evidencia local, no respuesta HTTP"
https://puertasyserviciosindustriales.com/88/producto/cortina-en-aluminio-serie-511--521/,DATABASE_DERIVED,productos.php,producto dinámico,productos.php,STRONG_INFERENCE,INVESTIGATE,"URL probable derivada del dump y validStringForUrl; no observada por HTTP; revisar bytes/codificación. ID demostrado por dump público; alias /88/producto/{getFriendlyName()}/; slug exacto pendiente de validar codificación; relación 0 impide certificar metadatos del detalle; CONFIRMED prueba evidencia local, no respuesta HTTP"
https://puertasyserviciosindustriales.com/89/producto/cortina-plana/,DATABASE_DERIVED,productos.php,producto dinámico,productos.php,STRONG_INFERENCE,INVESTIGATE,"URL probable derivada del dump y validStringForUrl; no observada por HTTP; revisar bytes/codificación. ID demostrado por dump público; alias /89/producto/{getFriendlyName()}/; slug exacto pendiente de validar codificación; relación 0 impide certificar metadatos del detalle; CONFIRMED prueba evidencia local, no respuesta HTTP"
https://puertasyserviciosindustriales.com/90/producto/cortina-europea/,DATABASE_DERIVED,productos.php,producto dinámico,productos.php,STRONG_INFERENCE,INVESTIGATE,"URL probable derivada del dump y validStringForUrl; no observada por HTTP; revisar bytes/codificación. ID demostrado por dump público; alias /90/producto/{getFriendlyName()}/; slug exacto pendiente de validar codificación; relación 0 impide certificar metadatos del detalle; CONFIRMED prueba evidencia local, no respuesta HTTP"
https://puertasyserviciosindustriales.com/91/producto/cortina-serie-620/,DATABASE_DERIVED,productos.php,producto dinámico,productos.php,STRONG_INFERENCE,INVESTIGATE,"URL probable derivada del dump y validStringForUrl; no observada por HTTP; revisar bytes/codificación. ID demostrado por dump público; alias /91/producto/{getFriendlyName()}/; slug exacto pendiente de validar codificación; relación 0 impide certificar metadatos del detalle; CONFIRMED prueba evidencia local, no respuesta HTTP"
https://puertasyserviciosindustriales.com/92/producto/cortina-serie-790-cw/,DATABASE_DERIVED,productos.php,producto dinámico,productos.php,STRONG_INFERENCE,INVESTIGATE,"URL probable derivada del dump y validStringForUrl; no observada por HTTP; revisar bytes/codificación. ID demostrado por dump público; alias /92/producto/{getFriendlyName()}/; slug exacto pendiente de validar codificación; relación 0 impide certificar metadatos del detalle; CONFIRMED prueba evidencia local, no respuesta HTTP"
https://puertasyserviciosindustriales.com/93/producto/cortina-serie-600/,DATABASE_DERIVED,productos.php,producto dinámico,productos.php,STRONG_INFERENCE,INVESTIGATE,"URL probable derivada del dump y validStringForUrl; no observada por HTTP; revisar bytes/codificación. ID demostrado por dump público; alias /93/producto/{getFriendlyName()}/; slug exacto pendiente de validar codificación; relación 0 impide certificar metadatos del detalle; CONFIRMED prueba evidencia local, no respuesta HTTP"
https://puertasyserviciosindustriales.com/94/producto/cortina-serie-630-631-634-635/,DATABASE_DERIVED,productos.php,producto dinámico,productos.php,STRONG_INFERENCE,INVESTIGATE,"URL probable derivada del dump y validStringForUrl; no observada por HTTP; revisar bytes/codificación. ID demostrado por dump público; alias /94/producto/{getFriendlyName()}/; slug exacto pendiente de validar codificación; relación 0 impide certificar metadatos del detalle; CONFIRMED prueba evidencia local, no respuesta HTTP"
https://puertasyserviciosindustriales.com/95/producto/cortina-serie-610/,DATABASE_DERIVED,productos.php,producto dinámico,productos.php,STRONG_INFERENCE,INVESTIGATE,"URL probable derivada del dump y validStringForUrl; no observada por HTTP; revisar bytes/codificación. ID demostrado por dump público; alias /95/producto/{getFriendlyName()}/; slug exacto pendiente de validar codificación; relación 0 impide certificar metadatos del detalle; CONFIRMED prueba evidencia local, no respuesta HTTP"
https://puertasyserviciosindustriales.com/96/producto/cortinas-ventiladas-685/,DATABASE_DERIVED,productos.php,producto dinámico,productos.php,STRONG_INFERENCE,INVESTIGATE,"URL probable derivada del dump y validStringForUrl; no observada por HTTP; revisar bytes/codificación. ID demostrado por dump público; alias /96/producto/{getFriendlyName()}/; slug exacto pendiente de validar codificación; relación 0 impide certificar metadatos del detalle; CONFIRMED prueba evidencia local, no respuesta HTTP"
https://puertasyserviciosindustriales.com/97/producto/cortina-de-seguridad-670/,DATABASE_DERIVED,productos.php,producto dinámico,productos.php,STRONG_INFERENCE,INVESTIGATE,"URL probable derivada del dump y validStringForUrl; no observada por HTTP; revisar bytes/codificación. ID demostrado por dump público; alias /97/producto/{getFriendlyName()}/; slug exacto pendiente de validar codificación; relación 0 impide certificar metadatos del detalle; CONFIRMED prueba evidencia local, no respuesta HTTP"
https://puertasyserviciosindustriales.com/98/producto/cortina-de-seguridad-671/,DATABASE_DERIVED,productos.php,producto dinámico,productos.php,STRONG_INFERENCE,INVESTIGATE,"URL probable derivada del dump y validStringForUrl; no observada por HTTP; revisar bytes/codificación. ID demostrado por dump público; alias /98/producto/{getFriendlyName()}/; slug exacto pendiente de validar codificación; relación 0 impide certificar metadatos del detalle; CONFIRMED prueba evidencia local, no respuesta HTTP"
https://puertasyserviciosindustriales.com/99/producto/fire-rated-doors-firestara®-models-700-&-700c/,DATABASE_DERIVED,productos.php,producto dinámico,productos.php,STRONG_INFERENCE,INVESTIGATE,"URL probable derivada del dump y validStringForUrl; no observada por HTTP; revisar bytes/codificación. ID demostrado por dump público; alias /99/producto/{getFriendlyName()}/; slug exacto pendiente de validar codificación; relación 0 impide certificar metadatos del detalle; CONFIRMED prueba evidencia local, no respuesta HTTP"
https://puertasyserviciosindustriales.com/100/producto/vertigo/,DATABASE_DERIVED,productos.php,producto dinámico,productos.php,STRONG_INFERENCE,INVESTIGATE,"URL probable derivada del dump y validStringForUrl; no observada por HTTP; revisar bytes/codificación. ID demostrado por dump público; alias /100/producto/{getFriendlyName()}/; slug exacto pendiente de validar codificación; relación 0 impide certificar metadatos del detalle; CONFIRMED prueba evidencia local, no respuesta HTTP"
https://puertasyserviciosindustriales.com/101/producto/fast-seala®-high-performance-door/,DATABASE_DERIVED,productos.php,producto dinámico,productos.php,STRONG_INFERENCE,INVESTIGATE,"URL probable derivada del dump y validStringForUrl; no observada por HTTP; revisar bytes/codificación. ID demostrado por dump público; alias /101/producto/{getFriendlyName()}/; slug exacto pendiente de validar codificación; relación 0 impide certificar metadatos del detalle; CONFIRMED prueba evidencia local, no respuesta HTTP"
https://puertasyserviciosindustriales.com/102/producto/predadoora®-nxta®-door/,DATABASE_DERIVED,productos.php,producto dinámico,productos.php,STRONG_INFERENCE,INVESTIGATE,"URL probable derivada del dump y validStringForUrl; no observada por HTTP; revisar bytes/codificación. ID demostrado por dump público; alias /102/producto/{getFriendlyName()}/; slug exacto pendiente de validar codificación; relación 0 impide certificar metadatos del detalle; CONFIRMED prueba evidencia local, no respuesta HTTP"
https://puertasyserviciosindustriales.com/103/producto/rapida-enrollable-industrial/,DATABASE_DERIVED,productos.php,producto dinámico,productos.php,STRONG_INFERENCE,INVESTIGATE,"URL probable derivada del dump y validStringForUrl; no observada por HTTP; revisar bytes/codificación. ID demostrado por dump público; alias /103/producto/{getFriendlyName()}/; slug exacto pendiente de validar codificación; relación 0 impide certificar metadatos del detalle; CONFIRMED prueba evidencia local, no respuesta HTTP"
https://puertasyserviciosindustriales.com/104/producto/rapida-apilable/,DATABASE_DERIVED,productos.php,producto dinámico,productos.php,STRONG_INFERENCE,INVESTIGATE,"URL probable derivada del dump y validStringForUrl; no observada por HTTP; revisar bytes/codificación. ID demostrado por dump público; alias /104/producto/{getFriendlyName()}/; slug exacto pendiente de validar codificación; relación 0 impide certificar metadatos del detalle; CONFIRMED prueba evidencia local, no respuesta HTTP"
https://puertasyserviciosindustriales.com/105/producto/rolli-zip-puertas-ra¡pidas-enrollables-autorreparable/,DATABASE_DERIVED,productos.php,producto dinámico,productos.php,STRONG_INFERENCE,INVESTIGATE,"URL probable derivada del dump y validStringForUrl; no observada por HTTP; revisar bytes/codificación. ID demostrado por dump público; alias /105/producto/{getFriendlyName()}/; slug exacto pendiente de validar codificación; relación 0 impide certificar metadatos del detalle; CONFIRMED prueba evidencia local, no respuesta HTTP"
https://puertasyserviciosindustriales.com/106/producto/alumina-a€“-puertas-ra¡pidas-autorreparable/,DATABASE_DERIVED,productos.php,producto dinámico,productos.php,STRONG_INFERENCE,INVESTIGATE,"URL probable derivada del dump y validStringForUrl; no observada por HTTP; revisar bytes/codificación. ID demostrado por dump público; alias /106/producto/{getFriendlyName()}/; slug exacto pendiente de validar codificación; relación 0 impide certificar metadatos del detalle; CONFIRMED prueba evidencia local, no respuesta HTTP"
https://puertasyserviciosindustriales.com/107/producto/coleccia³n-modern-steela„¢/,DATABASE_DERIVED,productos.php,producto dinámico,productos.php,STRONG_INFERENCE,INVESTIGATE,"URL probable derivada del dump y validStringForUrl; no observada por HTTP; revisar bytes/codificación. ID demostrado por dump público; alias /107/producto/{getFriendlyName()}/; slug exacto pendiente de validar codificación; relación 0 impide certificar metadatos del detalle; CONFIRMED prueba evidencia local, no respuesta HTTP"
https://puertasyserviciosindustriales.com/108/producto/coleccia³n-classica„¢-a€“-serie-premium/,DATABASE_DERIVED,productos.php,producto dinámico,productos.php,STRONG_INFERENCE,INVESTIGATE,"URL probable derivada del dump y validStringForUrl; no observada por HTTP; revisar bytes/codificación. ID demostrado por dump público; alias /108/producto/{getFriendlyName()}/; slug exacto pendiente de validar codificación; relación 0 impide certificar metadatos del detalle; CONFIRMED prueba evidencia local, no respuesta HTTP"
https://puertasyserviciosindustriales.com/109/producto/accesspro-fs1000speed/,DATABASE_DERIVED,productos.php,producto dinámico,productos.php,STRONG_INFERENCE,INVESTIGATE,"URL probable derivada del dump y validStringForUrl; no observada por HTTP; revisar bytes/codificación. ID demostrado por dump público; alias /109/producto/{getFriendlyName()}/; slug exacto pendiente de validar codificación; relación 0 impide certificar metadatos del detalle; CONFIRMED prueba evidencia local, no respuesta HTTP"
https://puertasyserviciosindustriales.com/110/producto/accesspro-fs1000speed/,DATABASE_DERIVED,productos.php,producto dinámico,productos.php,STRONG_INFERENCE,INVESTIGATE,"URL probable derivada del dump y validStringForUrl; no observada por HTTP; revisar bytes/codificación. ID demostrado por dump público; alias /110/producto/{getFriendlyName()}/; slug exacto pendiente de validar codificación; relación 0 impide certificar metadatos del detalle; CONFIRMED prueba evidencia local, no respuesta HTTP"
https://puertasyserviciosindustriales.com/111/producto/phobos-n-piston-electromecanico/,DATABASE_DERIVED,productos.php,producto dinámico,productos.php,STRONG_INFERENCE,INVESTIGATE,"URL probable derivada del dump y validStringForUrl; no observada por HTTP; revisar bytes/codificación. ID demostrado por dump público; alias /111/producto/{getFriendlyName()}/; slug exacto pendiente de validar codificación; relación 0 impide certificar metadatos del detalle; CONFIRMED prueba evidencia local, no respuesta HTTP"
https://puertasyserviciosindustriales.com/112/producto/lux-2b-y-lux-gv-piston-hidraulico-para-puerta-abatible/,DATABASE_DERIVED,productos.php,producto dinámico,productos.php,STRONG_INFERENCE,INVESTIGATE,"URL probable derivada del dump y validStringForUrl; no observada por HTTP; revisar bytes/codificación. ID demostrado por dump público; alias /112/producto/{getFriendlyName()}/; slug exacto pendiente de validar codificación; relación 0 impide certificar metadatos del detalle; CONFIRMED prueba evidencia local, no respuesta HTTP"
https://puertasyserviciosindustriales.com/113/producto/p45-7-piston-hidraulico-para-puerta-abatible/,DATABASE_DERIVED,productos.php,producto dinámico,productos.php,STRONG_INFERENCE,INVESTIGATE,"URL probable derivada del dump y validStringForUrl; no observada por HTTP; revisar bytes/codificación. ID demostrado por dump público; alias /113/producto/{getFriendlyName()}/; slug exacto pendiente de validar codificación; relación 0 impide certificar metadatos del detalle; CONFIRMED prueba evidencia local, no respuesta HTTP"
https://puertasyserviciosindustriales.com/114/producto/accesspro-fs1000speed/,DATABASE_DERIVED,productos.php,producto dinámico,productos.php,STRONG_INFERENCE,INVESTIGATE,"URL probable derivada del dump y validStringForUrl; no observada por HTTP; revisar bytes/codificación. ID demostrado por dump público; alias /114/producto/{getFriendlyName()}/; slug exacto pendiente de validar codificación; relación 0 impide certificar metadatos del detalle; CONFIRMED prueba evidencia local, no respuesta HTTP"
https://puertasyserviciosindustriales.com/115/producto/puertas-contra-rayos-x/,DATABASE_DERIVED,productos.php,producto dinámico,productos.php,STRONG_INFERENCE,INVESTIGATE,"URL probable derivada del dump y validStringForUrl; no observada por HTTP; revisar bytes/codificación. ID demostrado por dump público; alias /115/producto/{getFriendlyName()}/; slug exacto pendiente de validar codificación; relación 0 impide certificar metadatos del detalle; CONFIRMED prueba evidencia local, no respuesta HTTP"
https://puertasyserviciosindustriales.com/116/producto/puertas-contra-incendio/,DATABASE_DERIVED,productos.php,producto dinámico,productos.php,STRONG_INFERENCE,INVESTIGATE,"URL probable derivada del dump y validStringForUrl; no observada por HTTP; revisar bytes/codificación. ID demostrado por dump público; alias /116/producto/{getFriendlyName()}/; slug exacto pendiente de validar codificación; relación 0 impide certificar metadatos del detalle; CONFIRMED prueba evidencia local, no respuesta HTTP"
https://puertasyserviciosindustriales.com/117/producto/puerta-contra-explosion/,DATABASE_DERIVED,productos.php,producto dinámico,productos.php,STRONG_INFERENCE,INVESTIGATE,"URL probable derivada del dump y validStringForUrl; no observada por HTTP; revisar bytes/codificación. ID demostrado por dump público; alias /117/producto/{getFriendlyName()}/; slug exacto pendiente de validar codificación; relación 0 impide certificar metadatos del detalle; CONFIRMED prueba evidencia local, no respuesta HTTP"
https://puertasyserviciosindustriales.com/118/producto/puerta-blindada/,DATABASE_DERIVED,productos.php,producto dinámico,productos.php,STRONG_INFERENCE,INVESTIGATE,"URL probable derivada del dump y validStringForUrl; no observada por HTTP; revisar bytes/codificación. ID demostrado por dump público; alias /118/producto/{getFriendlyName()}/; slug exacto pendiente de validar codificación; relación 0 impide certificar metadatos del detalle; CONFIRMED prueba evidencia local, no respuesta HTTP"
https://puertasyserviciosindustriales.com/119/producto/puerta-esta¡ndar/,DATABASE_DERIVED,productos.php,producto dinámico,productos.php,STRONG_INFERENCE,INVESTIGATE,"URL probable derivada del dump y validStringForUrl; no observada por HTTP; revisar bytes/codificación. ID demostrado por dump público; alias /119/producto/{getFriendlyName()}/; slug exacto pendiente de validar codificación; relación 0 impide certificar metadatos del detalle; CONFIRMED prueba evidencia local, no respuesta HTTP"
https://puertasyserviciosindustriales.com/120/producto/puerta-esta¡ndar-reforzada/,DATABASE_DERIVED,productos.php,producto dinámico,productos.php,STRONG_INFERENCE,INVESTIGATE,"URL probable derivada del dump y validStringForUrl; no observada por HTTP; revisar bytes/codificación. ID demostrado por dump público; alias /120/producto/{getFriendlyName()}/; slug exacto pendiente de validar codificación; relación 0 impide certificar metadatos del detalle; CONFIRMED prueba evidencia local, no respuesta HTTP"
https://puertasyserviciosindustriales.com/121/producto/puerta-y-fijos-louver/,DATABASE_DERIVED,productos.php,producto dinámico,productos.php,STRONG_INFERENCE,INVESTIGATE,"URL probable derivada del dump y validStringForUrl; no observada por HTTP; revisar bytes/codificación. ID demostrado por dump público; alias /121/producto/{getFriendlyName()}/; slug exacto pendiente de validar codificación; relación 0 impide certificar metadatos del detalle; CONFIRMED prueba evidencia local, no respuesta HTTP"
https://puertasyserviciosindustriales.com/122/producto/puerta-holandesa/,DATABASE_DERIVED,productos.php,producto dinámico,productos.php,STRONG_INFERENCE,INVESTIGATE,"URL probable derivada del dump y validStringForUrl; no observada por HTTP; revisar bytes/codificación. ID demostrado por dump público; alias /122/producto/{getFriendlyName()}/; slug exacto pendiente de validar codificación; relación 0 impide certificar metadatos del detalle; CONFIRMED prueba evidencia local, no respuesta HTTP"
https://puertasyserviciosindustriales.com/123/producto/barreras-de-estacionamiento-moovi50rm/,DATABASE_DERIVED,productos.php,producto dinámico,productos.php,STRONG_INFERENCE,INVESTIGATE,"URL probable derivada del dump y validStringForUrl; no observada por HTTP; revisar bytes/codificación. ID demostrado por dump público; alias /123/producto/{getFriendlyName()}/; slug exacto pendiente de validar codificación; relación 0 impide certificar metadatos del detalle; CONFIRMED prueba evidencia local, no respuesta HTTP"
https://puertasyserviciosindustriales.com/124/producto/icaro-smart-ac-a2000-120/,DATABASE_DERIVED,productos.php,producto dinámico,productos.php,STRONG_INFERENCE,INVESTIGATE,"URL probable derivada del dump y validStringForUrl; no observada por HTTP; revisar bytes/codificación. ID demostrado por dump público; alias /124/producto/{getFriendlyName()}/; slug exacto pendiente de validar codificación; relación 0 impide certificar metadatos del detalle; CONFIRMED prueba evidencia local, no respuesta HTTP"
https://puertasyserviciosindustriales.com/125/producto/barreras-de-estacionamiento-moovi50rm/,DATABASE_DERIVED,productos.php,producto dinámico,productos.php,STRONG_INFERENCE,INVESTIGATE,"URL probable derivada del dump y validStringForUrl; no observada por HTTP; revisar bytes/codificación. ID demostrado por dump público; alias /125/producto/{getFriendlyName()}/; slug exacto pendiente de validar codificación; relación 0 impide certificar metadatos del detalle; CONFIRMED prueba evidencia local, no respuesta HTTP"
https://puertasyserviciosindustriales.com/126/producto/icaro-smart-ac-a2000-120/,DATABASE_DERIVED,productos.php,producto dinámico,productos.php,STRONG_INFERENCE,INVESTIGATE,"URL probable derivada del dump y validStringForUrl; no observada por HTTP; revisar bytes/codificación. ID demostrado por dump público; alias /126/producto/{getFriendlyName()}/; slug exacto pendiente de validar codificación; relación 0 impide certificar metadatos del detalle; CONFIRMED prueba evidencia local, no respuesta HTTP"
https://puertasyserviciosindustriales.com/127/producto/cortina-serie-600/,DATABASE_DERIVED,productos.php,producto dinámico,productos.php,STRONG_INFERENCE,INVESTIGATE,"URL probable derivada del dump y validStringForUrl; no observada por HTTP; revisar bytes/codificación. ID demostrado por dump público; alias /127/producto/{getFriendlyName()}/; slug exacto pendiente de validar codificación; relación 0 impide certificar metadatos del detalle; CONFIRMED prueba evidencia local, no respuesta HTTP"
https://puertasyserviciosindustriales.com/128/producto/cortinas-ventiladas-685/,DATABASE_DERIVED,productos.php,producto dinámico,productos.php,STRONG_INFERENCE,INVESTIGATE,"URL probable derivada del dump y validStringForUrl; no observada por HTTP; revisar bytes/codificación. ID demostrado por dump público; alias /128/producto/{getFriendlyName()}/; slug exacto pendiente de validar codificación; relación 0 impide certificar metadatos del detalle; CONFIRMED prueba evidencia local, no respuesta HTTP"
https://puertasyserviciosindustriales.com/129/producto/puertas-blindadas/,DATABASE_DERIVED,productos.php,producto dinámico,productos.php,STRONG_INFERENCE,INVESTIGATE,"URL probable derivada del dump y validStringForUrl; no observada por HTTP; revisar bytes/codificación. ID demostrado por dump público; alias /129/producto/{getFriendlyName()}/; slug exacto pendiente de validar codificación; relación 0 impide certificar metadatos del detalle; CONFIRMED prueba evidencia local, no respuesta HTTP"
https://puertasyserviciosindustriales.com/130/producto/puertas-contra-incendio/,DATABASE_DERIVED,productos.php,producto dinámico,productos.php,STRONG_INFERENCE,INVESTIGATE,"URL probable derivada del dump y validStringForUrl; no observada por HTTP; revisar bytes/codificación. ID demostrado por dump público; alias /130/producto/{getFriendlyName()}/; slug exacto pendiente de validar codificación; relación 0 impide certificar metadatos del detalle; CONFIRMED prueba evidencia local, no respuesta HTTP"
https://puertasyserviciosindustriales.com/131/producto/puerta-esta¡ndar/,DATABASE_DERIVED,productos.php,producto dinámico,productos.php,STRONG_INFERENCE,INVESTIGATE,"URL probable derivada del dump y validStringForUrl; no observada por HTTP; revisar bytes/codificación. ID demostrado por dump público; alias /131/producto/{getFriendlyName()}/; slug exacto pendiente de validar codificación; relación 0 impide certificar metadatos del detalle; CONFIRMED prueba evidencia local, no respuesta HTTP"
https://puertasyserviciosindustriales.com/132/producto/puerta-esta¡ndar-reforzada/,DATABASE_DERIVED,productos.php,producto dinámico,productos.php,STRONG_INFERENCE,INVESTIGATE,"URL probable derivada del dump y validStringForUrl; no observada por HTTP; revisar bytes/codificación. ID demostrado por dump público; alias /132/producto/{getFriendlyName()}/; slug exacto pendiente de validar codificación; relación 0 impide certificar metadatos del detalle; CONFIRMED prueba evidencia local, no respuesta HTTP"
https://puertasyserviciosindustriales.com/133/producto/puerta-holandesa/,DATABASE_DERIVED,productos.php,producto dinámico,productos.php,STRONG_INFERENCE,INVESTIGATE,"URL probable derivada del dump y validStringForUrl; no observada por HTTP; revisar bytes/codificación. ID demostrado por dump público; alias /133/producto/{getFriendlyName()}/; slug exacto pendiente de validar codificación; relación 0 impide certificar metadatos del detalle; CONFIRMED prueba evidencia local, no respuesta HTTP"
https://puertasyserviciosindustriales.com/134/producto/puerta-y-fijos-louver/,DATABASE_DERIVED,productos.php,producto dinámico,productos.php,STRONG_INFERENCE,INVESTIGATE,"URL probable derivada del dump y validStringForUrl; no observada por HTTP; revisar bytes/codificación. ID demostrado por dump público; alias /134/producto/{getFriendlyName()}/; slug exacto pendiente de validar codificación; relación 0 impide certificar metadatos del detalle; CONFIRMED prueba evidencia local, no respuesta HTTP"
https://puertasyserviciosindustriales.com/135/producto/barreras-de-estacionamiento-moovi50rm/,DATABASE_DERIVED,productos.php,producto dinámico,productos.php,STRONG_INFERENCE,INVESTIGATE,"URL probable derivada del dump y validStringForUrl; no observada por HTTP; revisar bytes/codificación. ID demostrado por dump público; alias /135/producto/{getFriendlyName()}/; slug exacto pendiente de validar codificación; relación 0 impide certificar metadatos del detalle; CONFIRMED prueba evidencia local, no respuesta HTTP"
https://puertasyserviciosindustriales.com/136/producto/cortina-plana/,DATABASE_DERIVED,productos.php,producto dinámico,productos.php,STRONG_INFERENCE,INVESTIGATE,"URL probable derivada del dump y validStringForUrl; no observada por HTTP; revisar bytes/codificación. ID demostrado por dump público; alias /136/producto/{getFriendlyName()}/; slug exacto pendiente de validar codificación; relación 0 impide certificar metadatos del detalle; CONFIRMED prueba evidencia local, no respuesta HTTP"
https://puertasyserviciosindustriales.com/137/producto/cortina-europea/,DATABASE_DERIVED,productos.php,producto dinámico,productos.php,STRONG_INFERENCE,INVESTIGATE,"URL probable derivada del dump y validStringForUrl; no observada por HTTP; revisar bytes/codificación. ID demostrado por dump público; alias /137/producto/{getFriendlyName()}/; slug exacto pendiente de validar codificación; relación 0 impide certificar metadatos del detalle; CONFIRMED prueba evidencia local, no respuesta HTTP"
https://puertasyserviciosindustriales.com/138/producto/accesorios/,DATABASE_DERIVED,productos.php,producto dinámico,productos.php,STRONG_INFERENCE,INVESTIGATE,"URL probable derivada del dump y validStringForUrl; no observada por HTTP; revisar bytes/codificación. ID demostrado por dump público; alias /138/producto/{getFriendlyName()}/; slug exacto pendiente de validar codificación; relación 0 impide certificar metadatos del detalle; CONFIRMED prueba evidencia local, no respuesta HTTP"
https://puertasyserviciosindustriales.com/139/producto/rampas-de-anda©n-hidra¡ulicas-kelley-rampa-niveladora-mecanica-blue-giant/,DATABASE_DERIVED,productos.php,producto dinámico,productos.php,STRONG_INFERENCE,INVESTIGATE,"URL probable derivada del dump y validStringForUrl; no observada por HTTP; revisar bytes/codificación. ID demostrado por dump público; alias /139/producto/{getFriendlyName()}/; slug exacto pendiente de validar codificación; relación 0 impide certificar metadatos del detalle; CONFIRMED prueba evidencia local, no respuesta HTTP"
https://puertasyserviciosindustriales.com/140/producto/rampa-niveladora-mecanica-blue-giant/,DATABASE_DERIVED,productos.php,producto dinámico,productos.php,STRONG_INFERENCE,INVESTIGATE,"URL probable derivada del dump y validStringForUrl; no observada por HTTP; revisar bytes/codificación. ID demostrado por dump público; alias /140/producto/{getFriendlyName()}/; slug exacto pendiente de validar codificación; relación 0 impide certificar metadatos del detalle; CONFIRMED prueba evidencia local, no respuesta HTTP"
https://puertasyserviciosindustriales.com/141/producto/rampas-de-anda©n-hidra¡ulicas/,DATABASE_DERIVED,productos.php,producto dinámico,productos.php,STRONG_INFERENCE,INVESTIGATE,"URL probable derivada del dump y validStringForUrl; no observada por HTTP; revisar bytes/codificación. ID demostrado por dump público; alias /141/producto/{getFriendlyName()}/; slug exacto pendiente de validar codificación; relación 0 impide certificar metadatos del detalle; CONFIRMED prueba evidencia local, no respuesta HTTP"
https://puertasyserviciosindustriales.com/142/producto/rampas-de-anda©n-meca¡nicas/,DATABASE_DERIVED,productos.php,producto dinámico,productos.php,STRONG_INFERENCE,INVESTIGATE,"URL probable derivada del dump y validStringForUrl; no observada por HTTP; revisar bytes/codificación. ID demostrado por dump público; alias /142/producto/{getFriendlyName()}/; slug exacto pendiente de validar codificación; relación 0 impide certificar metadatos del detalle; CONFIRMED prueba evidencia local, no respuesta HTTP"
https://puertasyserviciosindustriales.com/143/producto/labio-de-elevacia³n-meca¡nico-dockman/,DATABASE_DERIVED,productos.php,producto dinámico,productos.php,STRONG_INFERENCE,INVESTIGATE,"URL probable derivada del dump y validStringForUrl; no observada por HTTP; revisar bytes/codificación. ID demostrado por dump público; alias /143/producto/{getFriendlyName()}/; slug exacto pendiente de validar codificación; relación 0 impide certificar metadatos del detalle; CONFIRMED prueba evidencia local, no respuesta HTTP"
https://puertasyserviciosindustriales.com/144/producto/retenedor-de-vehiculos-(-electrico)-mod-hvr303-strongarma„¢/,DATABASE_DERIVED,productos.php,producto dinámico,productos.php,STRONG_INFERENCE,INVESTIGATE,"URL probable derivada del dump y validStringForUrl; no observada por HTTP; revisar bytes/codificación. ID demostrado por dump público; alias /144/producto/{getFriendlyName()}/; slug exacto pendiente de validar codificación; relación 0 impide certificar metadatos del detalle; CONFIRMED prueba evidencia local, no respuesta HTTP"
https://puertasyserviciosindustriales.com/145/producto/retenedor-de-vehiculos-star4/,DATABASE_DERIVED,productos.php,producto dinámico,productos.php,STRONG_INFERENCE,INVESTIGATE,"URL probable derivada del dump y validStringForUrl; no observada por HTTP; revisar bytes/codificación. ID demostrado por dump público; alias /145/producto/{getFriendlyName()}/; slug exacto pendiente de validar codificación; relación 0 impide certificar metadatos del detalle; CONFIRMED prueba evidencia local, no respuesta HTTP"
https://puertasyserviciosindustriales.com/146/producto/retenedores-de-vehiculos-automatico-strongarma„¢-hvr303/,DATABASE_DERIVED,productos.php,producto dinámico,productos.php,STRONG_INFERENCE,INVESTIGATE,"URL probable derivada del dump y validStringForUrl; no observada por HTTP; revisar bytes/codificación. ID demostrado por dump público; alias /146/producto/{getFriendlyName()}/; slug exacto pendiente de validar codificación; relación 0 impide certificar metadatos del detalle; CONFIRMED prueba evidencia local, no respuesta HTTP"
https://puertasyserviciosindustriales.com/147/producto/shelter-abrigo-estacionario-blue-giant/,DATABASE_DERIVED,productos.php,producto dinámico,productos.php,STRONG_INFERENCE,INVESTIGATE,"URL probable derivada del dump y validStringForUrl; no observada por HTTP; revisar bytes/codificación. ID demostrado por dump público; alias /147/producto/{getFriendlyName()}/; slug exacto pendiente de validar codificación; relación 0 impide certificar metadatos del detalle; CONFIRMED prueba evidencia local, no respuesta HTTP"
https://puertasyserviciosindustriales.com/148/producto/sellos-para-anden-a€“-shelter-de-soporte-flexible/,DATABASE_DERIVED,productos.php,producto dinámico,productos.php,STRONG_INFERENCE,INVESTIGATE,"URL probable derivada del dump y validStringForUrl; no observada por HTTP; revisar bytes/codificación. ID demostrado por dump público; alias /148/producto/{getFriendlyName()}/; slug exacto pendiente de validar codificación; relación 0 impide certificar metadatos del detalle; CONFIRMED prueba evidencia local, no respuesta HTTP"
https://puertasyserviciosindustriales.com/149/producto/sellos-de-anda©n/,DATABASE_DERIVED,productos.php,producto dinámico,productos.php,STRONG_INFERENCE,INVESTIGATE,"URL probable derivada del dump y validStringForUrl; no observada por HTTP; revisar bytes/codificación. ID demostrado por dump público; alias /149/producto/{getFriendlyName()}/; slug exacto pendiente de validar codificación; relación 0 impide certificar metadatos del detalle; CONFIRMED prueba evidencia local, no respuesta HTTP"
https://puertasyserviciosindustriales.com/150/producto/sellos-nacionales/,DATABASE_DERIVED,productos.php,producto dinámico,productos.php,STRONG_INFERENCE,INVESTIGATE,"URL probable derivada del dump y validStringForUrl; no observada por HTTP; revisar bytes/codificación. ID demostrado por dump público; alias /150/producto/{getFriendlyName()}/; slug exacto pendiente de validar codificación; relación 0 impide certificar metadatos del detalle; CONFIRMED prueba evidencia local, no respuesta HTTP"
https://puertasyserviciosindustriales.com/151/producto/sintitulo/,DATABASE_DERIVED,productos.php,producto dinámico,productos.php,STRONG_INFERENCE,INVESTIGATE,"URL probable derivada del dump y validStringForUrl; no observada por HTTP; revisar bytes/codificación. ID demostrado por dump público; alias /151/producto/{getFriendlyName()}/; slug exacto pendiente de validar codificación; relación 0 impide certificar metadatos del detalle; CONFIRMED prueba evidencia local, no respuesta HTTP"
https://puertasyserviciosindustriales.com/152/producto/sintitulo/,DATABASE_DERIVED,productos.php,producto dinámico,productos.php,STRONG_INFERENCE,INVESTIGATE,"URL probable derivada del dump y validStringForUrl; no observada por HTTP; revisar bytes/codificación. ID demostrado por dump público; alias /152/producto/{getFriendlyName()}/; slug exacto pendiente de validar codificación; relación 0 impide certificar metadatos del detalle; CONFIRMED prueba evidencia local, no respuesta HTTP"
https://puertasyserviciosindustriales.com/153/producto/sintitulo/,DATABASE_DERIVED,productos.php,producto dinámico,productos.php,STRONG_INFERENCE,INVESTIGATE,"URL probable derivada del dump y validStringForUrl; no observada por HTTP; revisar bytes/codificación. ID demostrado por dump público; alias /153/producto/{getFriendlyName()}/; slug exacto pendiente de validar codificación; relación 0 impide certificar metadatos del detalle; CONFIRMED prueba evidencia local, no respuesta HTTP"
https://puertasyserviciosindustriales.com/154/producto/sintitulo/,DATABASE_DERIVED,productos.php,producto dinámico,productos.php,STRONG_INFERENCE,INVESTIGATE,"URL probable derivada del dump y validStringForUrl; no observada por HTTP; revisar bytes/codificación. ID demostrado por dump público; alias /154/producto/{getFriendlyName()}/; slug exacto pendiente de validar codificación; relación 0 impide certificar metadatos del detalle; CONFIRMED prueba evidencia local, no respuesta HTTP"
https://puertasyserviciosindustriales.com/155/producto/sintitulo/,DATABASE_DERIVED,productos.php,producto dinámico,productos.php,STRONG_INFERENCE,INVESTIGATE,"URL probable derivada del dump y validStringForUrl; no observada por HTTP; revisar bytes/codificación. ID demostrado por dump público; alias /155/producto/{getFriendlyName()}/; slug exacto pendiente de validar codificación; relación 0 impide certificar metadatos del detalle; CONFIRMED prueba evidencia local, no respuesta HTTP"
https://puertasyserviciosindustriales.com/156/producto/sintitulo/,DATABASE_DERIVED,productos.php,producto dinámico,productos.php,STRONG_INFERENCE,INVESTIGATE,"URL probable derivada del dump y validStringForUrl; no observada por HTTP; revisar bytes/codificación. ID demostrado por dump público; alias /156/producto/{getFriendlyName()}/; slug exacto pendiente de validar codificación; relación 0 impide certificar metadatos del detalle; CONFIRMED prueba evidencia local, no respuesta HTTP"
https://puertasyserviciosindustriales.com/157/producto/sintitulo/,DATABASE_DERIVED,productos.php,producto dinámico,productos.php,STRONG_INFERENCE,INVESTIGATE,"URL probable derivada del dump y validStringForUrl; no observada por HTTP; revisar bytes/codificación. ID demostrado por dump público; alias /157/producto/{getFriendlyName()}/; slug exacto pendiente de validar codificación; relación 0 impide certificar metadatos del detalle; CONFIRMED prueba evidencia local, no respuesta HTTP"
https://puertasyserviciosindustriales.com/158/producto/sintitulo/,DATABASE_DERIVED,productos.php,producto dinámico,productos.php,STRONG_INFERENCE,INVESTIGATE,"URL probable derivada del dump y validStringForUrl; no observada por HTTP; revisar bytes/codificación. ID demostrado por dump público; alias /158/producto/{getFriendlyName()}/; slug exacto pendiente de validar codificación; relación 0 impide certificar metadatos del detalle; CONFIRMED prueba evidencia local, no respuesta HTTP"
https://puertasyserviciosindustriales.com/159/producto/sintitulo/,DATABASE_DERIVED,productos.php,producto dinámico,productos.php,STRONG_INFERENCE,INVESTIGATE,"URL probable derivada del dump y validStringForUrl; no observada por HTTP; revisar bytes/codificación. ID demostrado por dump público; alias /159/producto/{getFriendlyName()}/; slug exacto pendiente de validar codificación; relación 0 impide certificar metadatos del detalle; CONFIRMED prueba evidencia local, no respuesta HTTP"
https://puertasyserviciosindustriales.com/160/producto/sintitulo/,DATABASE_DERIVED,productos.php,producto dinámico,productos.php,STRONG_INFERENCE,INVESTIGATE,"URL probable derivada del dump y validStringForUrl; no observada por HTTP; revisar bytes/codificación. ID demostrado por dump público; alias /160/producto/{getFriendlyName()}/; slug exacto pendiente de validar codificación; relación 0 impide certificar metadatos del detalle; CONFIRMED prueba evidencia local, no respuesta HTTP"
https://puertasyserviciosindustriales.com/161/producto/sintitulo/,DATABASE_DERIVED,productos.php,producto dinámico,productos.php,STRONG_INFERENCE,INVESTIGATE,"URL probable derivada del dump y validStringForUrl; no observada por HTTP; revisar bytes/codificación. ID demostrado por dump público; alias /161/producto/{getFriendlyName()}/; slug exacto pendiente de validar codificación; relación 0 impide certificar metadatos del detalle; CONFIRMED prueba evidencia local, no respuesta HTTP"
https://puertasyserviciosindustriales.com/162/producto/sintitulo/,DATABASE_DERIVED,productos.php,producto dinámico,productos.php,STRONG_INFERENCE,INVESTIGATE,"URL probable derivada del dump y validStringForUrl; no observada por HTTP; revisar bytes/codificación. ID demostrado por dump público; alias /162/producto/{getFriendlyName()}/; slug exacto pendiente de validar codificación; relación 0 impide certificar metadatos del detalle; CONFIRMED prueba evidencia local, no respuesta HTTP"
https://puertasyserviciosindustriales.com/163/producto/sintitulo/,DATABASE_DERIVED,productos.php,producto dinámico,productos.php,STRONG_INFERENCE,INVESTIGATE,"URL probable derivada del dump y validStringForUrl; no observada por HTTP; revisar bytes/codificación. ID demostrado por dump público; alias /163/producto/{getFriendlyName()}/; slug exacto pendiente de validar codificación; relación 0 impide certificar metadatos del detalle; CONFIRMED prueba evidencia local, no respuesta HTTP"
https://puertasyserviciosindustriales.com/164/producto/sintitulo/,DATABASE_DERIVED,productos.php,producto dinámico,productos.php,STRONG_INFERENCE,INVESTIGATE,"URL probable derivada del dump y validStringForUrl; no observada por HTTP; revisar bytes/codificación. ID demostrado por dump público; alias /164/producto/{getFriendlyName()}/; slug exacto pendiente de validar codificación; relación 0 impide certificar metadatos del detalle; CONFIRMED prueba evidencia local, no respuesta HTTP"
https://puertasyserviciosindustriales.com/165/producto/prueba/,DATABASE_DERIVED,productos.php,producto dinámico,productos.php,STRONG_INFERENCE,INVESTIGATE,"URL probable derivada del dump y validStringForUrl; no observada por HTTP; revisar bytes/codificación. ID demostrado por dump público; alias /165/producto/{getFriendlyName()}/; slug exacto pendiente de validar codificación; CONFIRMED prueba evidencia local, no respuesta HTTP"
https://puertasyserviciosindustriales.com/productos/categoria/1/industrial/,DATABASE_DERIVED,productos.php,listado categoría,productos.php,STRONG_INFERENCE,INVESTIGATE,"URL probable derivada del dump y validStringForUrl; no observada por HTTP; revisar bytes/codificación. URL por parámetros demostrados; ver fórmulas amigables en seo-inventory.md; CONFIRMED prueba evidencia local, no respuesta HTTP"
https://puertasyserviciosindustriales.com/productos/categoria/2/comercial/,DATABASE_DERIVED,productos.php,listado categoría,productos.php,STRONG_INFERENCE,INVESTIGATE,"URL probable derivada del dump y validStringForUrl; no observada por HTTP; revisar bytes/codificación. URL por parámetros demostrados; ver fórmulas amigables en seo-inventory.md; CONFIRMED prueba evidencia local, no respuesta HTTP"
https://puertasyserviciosindustriales.com/productos/categoria/3/equipos-y-accesorios-para-anden-de-carga/,DATABASE_DERIVED,productos.php,listado categoría,productos.php,STRONG_INFERENCE,INVESTIGATE,"URL probable derivada del dump y validStringForUrl; no observada por HTTP; revisar bytes/codificación. URL por parámetros demostrados; ver fórmulas amigables en seo-inventory.md; CONFIRMED prueba evidencia local, no respuesta HTTP"
https://puertasyserviciosindustriales.com/productos/categoria/4/puertas-peatonales-de-salida-de-emergencia/,DATABASE_DERIVED,productos.php,listado categoría,productos.php,STRONG_INFERENCE,INVESTIGATE,"URL probable derivada del dump y validStringForUrl; no observada por HTTP; revisar bytes/codificación. URL por parámetros demostrados; ver fórmulas amigables en seo-inventory.md; CONFIRMED prueba evidencia local, no respuesta HTTP"
https://puertasyserviciosindustriales.com/productos/categoria/5/puertas-peatonales-contra-incendio-contra-explosia³n-y-blindadas/,DATABASE_DERIVED,productos.php,listado categoría,productos.php,STRONG_INFERENCE,INVESTIGATE,"URL probable derivada del dump y validStringForUrl; no observada por HTTP; revisar bytes/codificación. URL por parámetros demostrados; ver fórmulas amigables en seo-inventory.md; CONFIRMED prueba evidencia local, no respuesta HTTP"
https://puertasyserviciosindustriales.com/5/categoria/puertas-peatonales-contra-incendio-contra-explosia³n-y-blindadas/,DATABASE_DERIVED,categorias.php,categoría padre,categorias.php,STRONG_INFERENCE,INVESTIGATE,"URL probable de getFriendlyNameUrlPadre; verificar codificación y respuesta HTTP; CONFIRMED prueba evidencia local, no respuesta HTTP"
https://puertasyserviciosindustriales.com/productos/categoria/6/puertas-peatonales-para-hospitales/,DATABASE_DERIVED,productos.php,listado categoría,productos.php,STRONG_INFERENCE,INVESTIGATE,"URL probable derivada del dump y validStringForUrl; no observada por HTTP; revisar bytes/codificación. URL por parámetros demostrados; ver fórmulas amigables en seo-inventory.md; CONFIRMED prueba evidencia local, no respuesta HTTP"
https://puertasyserviciosindustriales.com/productos/categoria/7/residenciales/,DATABASE_DERIVED,productos.php,listado categoría,productos.php,STRONG_INFERENCE,INVESTIGATE,"URL probable derivada del dump y validStringForUrl; no observada por HTTP; revisar bytes/codificación. URL por parámetros demostrados; ver fórmulas amigables en seo-inventory.md; CONFIRMED prueba evidencia local, no respuesta HTTP"
https://puertasyserviciosindustriales.com/productos/categoria/8/puertas-seccionales/,DATABASE_DERIVED,productos.php,listado categoría,productos.php,STRONG_INFERENCE,INVESTIGATE,"URL probable derivada del dump y validStringForUrl; no observada por HTTP; revisar bytes/codificación. URL por parámetros demostrados; ver fórmulas amigables en seo-inventory.md; CONFIRMED prueba evidencia local, no respuesta HTTP"
https://puertasyserviciosindustriales.com/productos/categoria/9/fraccionamientos-y-condominios/,DATABASE_DERIVED,productos.php,listado categoría,productos.php,STRONG_INFERENCE,INVESTIGATE,"URL probable derivada del dump y validStringForUrl; no observada por HTTP; revisar bytes/codificación. URL por parámetros demostrados; ver fórmulas amigables en seo-inventory.md; CONFIRMED prueba evidencia local, no respuesta HTTP"
https://puertasyserviciosindustriales.com/productos/categoria/10/rampa-niveladora/,DATABASE_DERIVED,productos.php,listado categoría,productos.php,STRONG_INFERENCE,INVESTIGATE,"URL probable derivada del dump y validStringForUrl; no observada por HTTP; revisar bytes/codificación. URL por parámetros demostrados; ver fórmulas amigables en seo-inventory.md; CONFIRMED prueba evidencia local, no respuesta HTTP"
https://puertasyserviciosindustriales.com/productos/categoria/11/operadores-para-puerta-corrediza/,DATABASE_DERIVED,productos.php,listado categoría,productos.php,STRONG_INFERENCE,INVESTIGATE,"URL probable derivada del dump y validStringForUrl; no observada por HTTP; revisar bytes/codificación. URL por parámetros demostrados; ver fórmulas amigables en seo-inventory.md; CONFIRMED prueba evidencia local, no respuesta HTTP"
https://puertasyserviciosindustriales.com/productos/categoria/12/operadores-para-puerta-abatible/,DATABASE_DERIVED,productos.php,listado categoría,productos.php,STRONG_INFERENCE,INVESTIGATE,"URL probable derivada del dump y validStringForUrl; no observada por HTTP; revisar bytes/codificación. URL por parámetros demostrados; ver fórmulas amigables en seo-inventory.md; CONFIRMED prueba evidencia local, no respuesta HTTP"
https://puertasyserviciosindustriales.com/productos/categoria/13/operadores-para-puertas-seccionales-y-cortinas-enrollables/,DATABASE_DERIVED,productos.php,listado categoría,productos.php,STRONG_INFERENCE,INVESTIGATE,"URL probable derivada del dump y validStringForUrl; no observada por HTTP; revisar bytes/codificación. URL por parámetros demostrados; ver fórmulas amigables en seo-inventory.md; CONFIRMED prueba evidencia local, no respuesta HTTP"
https://puertasyserviciosindustriales.com/productos/categoria/14/cortinas-enrollables/,DATABASE_DERIVED,productos.php,listado categoría,productos.php,STRONG_INFERENCE,INVESTIGATE,"URL probable derivada del dump y validStringForUrl; no observada por HTTP; revisar bytes/codificación. URL por parámetros demostrados; ver fórmulas amigables en seo-inventory.md; CONFIRMED prueba evidencia local, no respuesta HTTP"
https://puertasyserviciosindustriales.com/productos/categoria/16/tiras-pla¡sticas/,DATABASE_DERIVED,productos.php,listado categoría,productos.php,STRONG_INFERENCE,INVESTIGATE,"URL probable derivada del dump y validStringForUrl; no observada por HTTP; revisar bytes/codificación. URL por parámetros demostrados; ver fórmulas amigables en seo-inventory.md; CONFIRMED prueba evidencia local, no respuesta HTTP"
https://puertasyserviciosindustriales.com/productos/categoria/17/puertas-ra¡pidas/,DATABASE_DERIVED,productos.php,listado categoría,productos.php,STRONG_INFERENCE,INVESTIGATE,"URL probable derivada del dump y validStringForUrl; no observada por HTTP; revisar bytes/codificación. URL por parámetros demostrados; ver fórmulas amigables en seo-inventory.md; CONFIRMED prueba evidencia local, no respuesta HTTP"
https://puertasyserviciosindustriales.com/productos/categoria/18/estacionamientos/,DATABASE_DERIVED,productos.php,listado categoría,productos.php,STRONG_INFERENCE,INVESTIGATE,"URL probable derivada del dump y validStringForUrl; no observada por HTTP; revisar bytes/codificación. URL por parámetros demostrados; ver fórmulas amigables en seo-inventory.md; CONFIRMED prueba evidencia local, no respuesta HTTP"
https://puertasyserviciosindustriales.com/productos/categoria/19/centros-comerciales-y-hoteles/,DATABASE_DERIVED,productos.php,listado categoría,productos.php,STRONG_INFERENCE,INVESTIGATE,"URL probable derivada del dump y validStringForUrl; no observada por HTTP; revisar bytes/codificación. URL por parámetros demostrados; ver fórmulas amigables en seo-inventory.md; CONFIRMED prueba evidencia local, no respuesta HTTP"
https://puertasyserviciosindustriales.com/productos/categoria/20/accesorios-y-dispositivos-de-control-de-acceso-y-seguridad/,DATABASE_DERIVED,productos.php,listado categoría,productos.php,STRONG_INFERENCE,INVESTIGATE,"URL probable derivada del dump y validStringForUrl; no observada por HTTP; revisar bytes/codificación. URL por parámetros demostrados; ver fórmulas amigables en seo-inventory.md; CONFIRMED prueba evidencia local, no respuesta HTTP"
https://puertasyserviciosindustriales.com/productos/categoria/21/labio-de-elevacia³n-para-anden-de-carga/,DATABASE_DERIVED,productos.php,listado categoría,productos.php,STRONG_INFERENCE,INVESTIGATE,"URL probable derivada del dump y validStringForUrl; no observada por HTTP; revisar bytes/codificación. URL por parámetros demostrados; ver fórmulas amigables en seo-inventory.md; CONFIRMED prueba evidencia local, no respuesta HTTP"
https://puertasyserviciosindustriales.com/productos/categoria/22/retenedores-de-vehiculos/,DATABASE_DERIVED,productos.php,listado categoría,productos.php,STRONG_INFERENCE,INVESTIGATE,"URL probable derivada del dump y validStringForUrl; no observada por HTTP; revisar bytes/codificación. URL por parámetros demostrados; ver fórmulas amigables en seo-inventory.md; CONFIRMED prueba evidencia local, no respuesta HTTP"
https://puertasyserviciosindustriales.com/productos/categoria/23/sellos-para-anden/,DATABASE_DERIVED,productos.php,listado categoría,productos.php,STRONG_INFERENCE,INVESTIGATE,"URL probable derivada del dump y validStringForUrl; no observada por HTTP; revisar bytes/codificación. URL por parámetros demostrados; ver fórmulas amigables en seo-inventory.md; CONFIRMED prueba evidencia local, no respuesta HTTP"
https://puertasyserviciosindustriales.com/productos/categoria/24/semaforos-y-sea±alizaciones-para-anden/,DATABASE_DERIVED,productos.php,listado categoría,productos.php,STRONG_INFERENCE,INVESTIGATE,"URL probable derivada del dump y validStringForUrl; no observada por HTTP; revisar bytes/codificación. URL por parámetros demostrados; ver fórmulas amigables en seo-inventory.md; CONFIRMED prueba evidencia local, no respuesta HTTP"
https://puertasyserviciosindustriales.com/productos/categoria/25/bumpers-semaforos-y-cepillos-para-rampa-niveladora/,DATABASE_DERIVED,productos.php,listado categoría,productos.php,STRONG_INFERENCE,INVESTIGATE,"URL probable derivada del dump y validStringForUrl; no observada por HTTP; revisar bytes/codificación. URL por parámetros demostrados; ver fórmulas amigables en seo-inventory.md; CONFIRMED prueba evidencia local, no respuesta HTTP"
https://puertasyserviciosindustriales.com/productos/categoria/26/puertas-contra-incendio/,DATABASE_DERIVED,productos.php,listado categoría,productos.php,STRONG_INFERENCE,INVESTIGATE,"URL probable derivada del dump y validStringForUrl; no observada por HTTP; revisar bytes/codificación. URL por parámetros demostrados; ver fórmulas amigables en seo-inventory.md; CONFIRMED prueba evidencia local, no respuesta HTTP"
https://puertasyserviciosindustriales.com/26/categoria/puertas-contra-incendio/,DATABASE_DERIVED,categorias.php,categoría padre,categorias.php,STRONG_INFERENCE,INVESTIGATE,"URL probable de getFriendlyNameUrlPadre; verificar codificación y respuesta HTTP; CONFIRMED prueba evidencia local, no respuesta HTTP"
https://puertasyserviciosindustriales.com/productos/categoria/27/puerta-esta¡ndar/,DATABASE_DERIVED,productos.php,listado categoría,productos.php,STRONG_INFERENCE,INVESTIGATE,"URL probable derivada del dump y validStringForUrl; no observada por HTTP; revisar bytes/codificación. URL por parámetros demostrados; ver fórmulas amigables en seo-inventory.md; CONFIRMED prueba evidencia local, no respuesta HTTP"
https://puertasyserviciosindustriales.com/productos/categoria/28/puerta-esta¡ndar-reforzada/,DATABASE_DERIVED,productos.php,listado categoría,productos.php,STRONG_INFERENCE,INVESTIGATE,"URL probable derivada del dump y validStringForUrl; no observada por HTTP; revisar bytes/codificación. URL por parámetros demostrados; ver fórmulas amigables en seo-inventory.md; CONFIRMED prueba evidencia local, no respuesta HTTP"
https://puertasyserviciosindustriales.com/productos/categoria/29/puerta-holandesa/,DATABASE_DERIVED,productos.php,listado categoría,productos.php,STRONG_INFERENCE,INVESTIGATE,"URL probable derivada del dump y validStringForUrl; no observada por HTTP; revisar bytes/codificación. URL por parámetros demostrados; ver fórmulas amigables en seo-inventory.md; CONFIRMED prueba evidencia local, no respuesta HTTP"
https://puertasyserviciosindustriales.com/productos/categoria/30/puerta-y-fijos-louver/,DATABASE_DERIVED,productos.php,listado categoría,productos.php,STRONG_INFERENCE,INVESTIGATE,"URL probable derivada del dump y validStringForUrl; no observada por HTTP; revisar bytes/codificación. URL por parámetros demostrados; ver fórmulas amigables en seo-inventory.md; CONFIRMED prueba evidencia local, no respuesta HTTP"
https://puertasyserviciosindustriales.com/productos/categoria/31/puerta-contra-explosion/,DATABASE_DERIVED,productos.php,listado categoría,productos.php,STRONG_INFERENCE,INVESTIGATE,"URL probable derivada del dump y validStringForUrl; no observada por HTTP; revisar bytes/codificación. URL por parámetros demostrados; ver fórmulas amigables en seo-inventory.md; CONFIRMED prueba evidencia local, no respuesta HTTP"
https://puertasyserviciosindustriales.com/productos/categoria/32/puertas-blindadas/,DATABASE_DERIVED,productos.php,listado categoría,productos.php,STRONG_INFERENCE,INVESTIGATE,"URL probable derivada del dump y validStringForUrl; no observada por HTTP; revisar bytes/codificación. URL por parámetros demostrados; ver fórmulas amigables en seo-inventory.md; CONFIRMED prueba evidencia local, no respuesta HTTP"
https://puertasyserviciosindustriales.com/productos/categoria/33/puertas-contra-incendio/,DATABASE_DERIVED,productos.php,listado categoría,productos.php,STRONG_INFERENCE,INVESTIGATE,"URL probable derivada del dump y validStringForUrl; no observada por HTTP; revisar bytes/codificación. URL por parámetros demostrados; ver fórmulas amigables en seo-inventory.md; CONFIRMED prueba evidencia local, no respuesta HTTP"
https://puertasyserviciosindustriales.com/productos/categoria/34/puertas-contra-rayos-x/,DATABASE_DERIVED,productos.php,listado categoría,productos.php,STRONG_INFERENCE,INVESTIGATE,"URL probable derivada del dump y validStringForUrl; no observada por HTTP; revisar bytes/codificación. URL por parámetros demostrados; ver fórmulas amigables en seo-inventory.md; CONFIRMED prueba evidencia local, no respuesta HTTP"
https://puertasyserviciosindustriales.com/productos/categoria/35/puerta-para-hospital/,DATABASE_DERIVED,productos.php,listado categoría,productos.php,STRONG_INFERENCE,INVESTIGATE,"URL probable derivada del dump y validStringForUrl; no observada por HTTP; revisar bytes/codificación. URL por parámetros demostrados; ver fórmulas amigables en seo-inventory.md; CONFIRMED prueba evidencia local, no respuesta HTTP"
https://puertasyserviciosindustriales.com/productos/categoria/36/puertas-residenciales/,DATABASE_DERIVED,productos.php,listado categoría,productos.php,STRONG_INFERENCE,INVESTIGATE,"URL probable derivada del dump y validStringForUrl; no observada por HTTP; revisar bytes/codificación. URL por parámetros demostrados; ver fórmulas amigables en seo-inventory.md; CONFIRMED prueba evidencia local, no respuesta HTTP"
https://puertasyserviciosindustriales.com/productos/categoria/37/operadores-para-puerta-corrediza/,DATABASE_DERIVED,productos.php,listado categoría,productos.php,STRONG_INFERENCE,INVESTIGATE,"URL probable derivada del dump y validStringForUrl; no observada por HTTP; revisar bytes/codificación. URL por parámetros demostrados; ver fórmulas amigables en seo-inventory.md; CONFIRMED prueba evidencia local, no respuesta HTTP"
https://puertasyserviciosindustriales.com/productos/categoria/38/operadores-para-puerta-abatible/,DATABASE_DERIVED,productos.php,listado categoría,productos.php,STRONG_INFERENCE,INVESTIGATE,"URL probable derivada del dump y validStringForUrl; no observada por HTTP; revisar bytes/codificación. URL por parámetros demostrados; ver fórmulas amigables en seo-inventory.md; CONFIRMED prueba evidencia local, no respuesta HTTP"
https://puertasyserviciosindustriales.com/productos/categoria/39/operadores-para-puertas-ascendentes/,DATABASE_DERIVED,productos.php,listado categoría,productos.php,STRONG_INFERENCE,INVESTIGATE,"URL probable derivada del dump y validStringForUrl; no observada por HTTP; revisar bytes/codificación. URL por parámetros demostrados; ver fórmulas amigables en seo-inventory.md; CONFIRMED prueba evidencia local, no respuesta HTTP"
https://puertasyserviciosindustriales.com/productos/marca/1/overhead-door/,DATABASE_DERIVED,productos.php,listado marca,productos.php,STRONG_INFERENCE,INVESTIGATE,"URL probable derivada del dump y validStringForUrl; no observada por HTTP; revisar bytes/codificación. URL por parámetros demostrados; ver fórmulas amigables en seo-inventory.md; CONFIRMED prueba evidencia local, no respuesta HTTP"
https://puertasyserviciosindustriales.com/productos/marca/2/wayne-dalton/,DATABASE_DERIVED,productos.php,listado marca,productos.php,STRONG_INFERENCE,INVESTIGATE,"URL probable derivada del dump y validStringForUrl; no observada por HTTP; revisar bytes/codificación. URL por parámetros demostrados; ver fórmulas amigables en seo-inventory.md; CONFIRMED prueba evidencia local, no respuesta HTTP"
https://puertasyserviciosindustriales.com/productos/marca/3/clopay/,DATABASE_DERIVED,productos.php,listado marca,productos.php,STRONG_INFERENCE,INVESTIGATE,"URL probable derivada del dump y validStringForUrl; no observada por HTTP; revisar bytes/codificación. URL por parámetros demostrados; ver fórmulas amigables en seo-inventory.md; CONFIRMED prueba evidencia local, no respuesta HTTP"
https://puertasyserviciosindustriales.com/productos/marca/4/blue-giant/,DATABASE_DERIVED,productos.php,listado marca,productos.php,STRONG_INFERENCE,INVESTIGATE,"URL probable derivada del dump y validStringForUrl; no observada por HTTP; revisar bytes/codificación. URL por parámetros demostrados; ver fórmulas amigables en seo-inventory.md; CONFIRMED prueba evidencia local, no respuesta HTTP"
https://puertasyserviciosindustriales.com/productos/marca/5/kelley/,DATABASE_DERIVED,productos.php,listado marca,productos.php,STRONG_INFERENCE,INVESTIGATE,"URL probable derivada del dump y validStringForUrl; no observada por HTTP; revisar bytes/codificación. URL por parámetros demostrados; ver fórmulas amigables en seo-inventory.md; CONFIRMED prueba evidencia local, no respuesta HTTP"
https://puertasyserviciosindustriales.com/productos/marca/6/doorlock/,DATABASE_DERIVED,productos.php,listado marca,productos.php,STRONG_INFERENCE,INVESTIGATE,"URL probable derivada del dump y validStringForUrl; no observada por HTTP; revisar bytes/codificación. URL por parámetros demostrados; ver fórmulas amigables en seo-inventory.md; CONFIRMED prueba evidencia local, no respuesta HTTP"
https://puertasyserviciosindustriales.com/productos/marca/7/rytec/,DATABASE_DERIVED,productos.php,listado marca,productos.php,STRONG_INFERENCE,INVESTIGATE,"URL probable derivada del dump y validStringForUrl; no observada por HTTP; revisar bytes/codificación. URL por parámetros demostrados; ver fórmulas amigables en seo-inventory.md; CONFIRMED prueba evidencia local, no respuesta HTTP"
https://puertasyserviciosindustriales.com/productos/marca/8/infraca-quality-doors/,DATABASE_DERIVED,productos.php,listado marca,productos.php,STRONG_INFERENCE,INVESTIGATE,"URL probable derivada del dump y validStringForUrl; no observada por HTTP; revisar bytes/codificación. URL por parámetros demostrados; ver fórmulas amigables en seo-inventory.md; CONFIRMED prueba evidencia local, no respuesta HTTP"
https://puertasyserviciosindustriales.com/productos/marca/9/glg-porter-industriali/,DATABASE_DERIVED,productos.php,listado marca,productos.php,STRONG_INFERENCE,INVESTIGATE,"URL probable derivada del dump y validStringForUrl; no observada por HTTP; revisar bytes/codificación. URL por parámetros demostrados; ver fórmulas amigables en seo-inventory.md; CONFIRMED prueba evidencia local, no respuesta HTTP"
https://puertasyserviciosindustriales.com/productos/marca/10/dockman/,DATABASE_DERIVED,productos.php,listado marca,productos.php,STRONG_INFERENCE,INVESTIGATE,"URL probable derivada del dump y validStringForUrl; no observada por HTTP; revisar bytes/codificación. URL por parámetros demostrados; ver fórmulas amigables en seo-inventory.md; CONFIRMED prueba evidencia local, no respuesta HTTP"
https://puertasyserviciosindustriales.com/productos/marca/11/liftmaster/,DATABASE_DERIVED,productos.php,listado marca,productos.php,STRONG_INFERENCE,INVESTIGATE,"URL probable derivada del dump y validStringForUrl; no observada por HTTP; revisar bytes/codificación. URL por parámetros demostrados; ver fórmulas amigables en seo-inventory.md; CONFIRMED prueba evidencia local, no respuesta HTTP"
https://puertasyserviciosindustriales.com/productos/marca/12/bft/,DATABASE_DERIVED,productos.php,listado marca,productos.php,STRONG_INFERENCE,INVESTIGATE,"URL probable derivada del dump y validStringForUrl; no observada por HTTP; revisar bytes/codificación. URL por parámetros demostrados; ver fórmulas amigables en seo-inventory.md; CONFIRMED prueba evidencia local, no respuesta HTTP"
https://puertasyserviciosindustriales.com/back-seccionales.php,DIRECT_FILE,back-seccionales.php,LEGACY_INTERNAL,back-seccionales.php,CONFIRMED,INTERNAL_ONLY,Archivo local; no demuestra trafico ni codigo HTTP
https://puertasyserviciosindustriales.com/footer.php,DIRECT_FILE,footer.php,LEGACY_INTERNAL,footer.php,CONFIRMED,INTERNAL_ONLY,Archivo local; no demuestra trafico ni codigo HTTP
https://puertasyserviciosindustriales.com/footerv1.php,DIRECT_FILE,footerv1.php,LEGACY_INTERNAL,footerv1.php,CONFIRMED,INTERNAL_ONLY,Archivo local; no demuestra trafico ni codigo HTTP
https://puertasyserviciosindustriales.com/header.php,DIRECT_FILE,header.php,LEGACY_INTERNAL,header.php,CONFIRMED,INTERNAL_ONLY,Archivo local; no demuestra trafico ni codigo HTTP
https://puertasyserviciosindustriales.com/headerv1.php,DIRECT_FILE,headerv1.php,LEGACY_INTERNAL,headerv1.php,CONFIRMED,INTERNAL_ONLY,Archivo local; no demuestra trafico ni codigo HTTP
https://puertasyserviciosindustriales.com/iconos-marcas.php,DIRECT_FILE,iconos-marcas.php,LEGACY_INTERNAL,iconos-marcas.php,CONFIRMED,INTERNAL_ONLY,Archivo local; no demuestra trafico ni codigo HTTP
https://puertasyserviciosindustriales.com/iconos-marcasv1.php,DIRECT_FILE,iconos-marcasv1.php,LEGACY_INTERNAL,iconos-marcasv1.php,CONFIRMED,INTERNAL_ONLY,Archivo local; no demuestra trafico ni codigo HTTP
https://puertasyserviciosindustriales.com/links-menu-marcas.php,DIRECT_FILE,links-menu-marcas.php,LEGACY_INTERNAL,links-menu-marcas.php,CONFIRMED,INTERNAL_ONLY,Archivo local; no demuestra trafico ni codigo HTTP
https://puertasyserviciosindustriales.com/links-menu-marcasv1.php,DIRECT_FILE,links-menu-marcasv1.php,LEGACY_INTERNAL,links-menu-marcasv1.php,CONFIRMED,INTERNAL_ONLY,Archivo local; no demuestra trafico ni codigo HTTP
https://puertasyserviciosindustriales.com/links-menu.php,DIRECT_FILE,links-menu.php,LEGACY_INTERNAL,links-menu.php,CONFIRMED,INTERNAL_ONLY,Archivo local; no demuestra trafico ni codigo HTTP
https://puertasyserviciosindustriales.com/links-menuv1.php,DIRECT_FILE,links-menuv1.php,LEGACY_INTERNAL,links-menuv1.php,CONFIRMED,INTERNAL_ONLY,Archivo local; no demuestra trafico ni codigo HTTP
https://puertasyserviciosindustriales.com/menu-marcas.php,DIRECT_FILE,menu-marcas.php,LEGACY_INTERNAL,menu-marcas.php,CONFIRMED,INTERNAL_ONLY,Archivo local; no demuestra trafico ni codigo HTTP
https://puertasyserviciosindustriales.com/menu-marcasv1.php,DIRECT_FILE,menu-marcasv1.php,LEGACY_INTERNAL,menu-marcasv1.php,CONFIRMED,INTERNAL_ONLY,Archivo local; no demuestra trafico ni codigo HTTP
https://puertasyserviciosindustriales.com/menu-seccionales.php,DIRECT_FILE,menu-seccionales.php,LEGACY_INTERNAL,menu-seccionales.php,CONFIRMED,INTERNAL_ONLY,Archivo local; no demuestra trafico ni codigo HTTP
https://puertasyserviciosindustriales.com/menu-soluciones.php,DIRECT_FILE,menu-soluciones.php,LEGACY_INTERNAL,menu-soluciones.php,CONFIRMED,INTERNAL_ONLY,Archivo local; no demuestra trafico ni codigo HTTP
https://puertasyserviciosindustriales.com/menu-solucionesv1.php,DIRECT_FILE,menu-solucionesv1.php,LEGACY_INTERNAL,menu-solucionesv1.php,CONFIRMED,INTERNAL_ONLY,Archivo local; no demuestra trafico ni codigo HTTP
https://puertasyserviciosindustriales.com/industial.php,INTERNAL_LINK,index-resp.php:273,UNKNOWN,industial.php,CONFIRMED,INVESTIGATE,Enlace literal activo; destino no localizado como archivo; ruta dinamica o ausente; Otra evidencia: INTERNAL_LINK index-resp.php:276
https://puertasyserviciosindustriales.com/fichas/INFRACA-RÁPIDA-APILABLE.pdf,INTERNAL_LINK,rapida-apilable.php:32,PDF,fichas/INFRACA-RÁPIDA-APILABLE.pdf,CONFIRMED,INVESTIGATE,Enlace literal activo; destino no localizado como archivo; ruta dinamica o ausente
https://puertasyserviciosindustriales.com/fichas/FICHATECNICASELLOSSOLMMERS.pdf,INTERNAL_LINK,sellos-nacionales.php:33,PDF,fichas/FICHATECNICASELLOSSOLMMERS.pdf,CONFIRMED,INVESTIGATE,Enlace literal activo; destino no localizado como archivo; ruta dinamica o ausente
PATTERN:^productos/([\d]+)/([\d]+)/(.*)/$,HTACCESS_RULE,.htaccess:2,ROUTE_PATTERN,productos.php?cmd=search&CategoriaId=$1&MarcaId=$2,CONFIRMED,INVESTIGATE,"Patron, NO URL concreta ni prueba de respuesta; rewrite interno, no redirect HTTP"
PATTERN:^productos/categoria/([\d]+)/(.*)/$,HTACCESS_RULE,.htaccess:3,ROUTE_PATTERN,productos.php?cmd=search&CategoriaId=$1,CONFIRMED,INVESTIGATE,"Patron, NO URL concreta ni prueba de respuesta; rewrite interno, no redirect HTTP"
PATTERN:^productos/marca/([\d]+)/(.*)/$,HTACCESS_RULE,.htaccess:4,ROUTE_PATTERN,productos.php?cmd=search&MarcaId=$1,CONFIRMED,INVESTIGATE,"Patron, NO URL concreta ni prueba de respuesta; rewrite interno, no redirect HTTP"
PATTERN:^([\d]+)/producto/(.*)/$,HTACCESS_RULE,.htaccess:5,ROUTE_PATTERN,productos.php?cmd=loadProductos&productId=$1,CONFIRMED,INVESTIGATE,"Patron, NO URL concreta ni prueba de respuesta; rewrite interno, no redirect HTTP"
PATTERN:^([\d]+)/categoria/(.*)/$,HTACCESS_RULE,.htaccess:6,ROUTE_PATTERN,categorias.php?cmd=search&categoriaId=$1,CONFIRMED,INVESTIGATE,"Patron, NO URL concreta ni prueba de respuesta; rewrite interno, no redirect HTTP"
