legacy_file,legacy_url,content_type,title,meta_description,canonical,h1,template_pattern,category,brand,pdf,indexable,notes
1500-revolving-door.php,https://puertasyserviciosindustriales.com/1500-revolving-door.php,producto (probable por estructura),PSI | Puertas y Servicios Industriales,"Venta, instalación y mantenimiento de puertas automáticas para diferentes sectores de la industria",," [JS: ""Soluciones Industriales""]",detalle-estatico,,,,UNKNOWN,Análisis estático; HTTP e indexación real UNKNOWN; title genérico heredado
accesorios.php,https://puertasyserviciosindustriales.com/accesorios.php,producto (probable),Accesorios | Doorlock | Marcas | PSI | Puertas y Servicios Industriales,"Productos Accesorios Marca Doorlock | Venta, instalación y mantenimiento de puertas automáticas para diferentes sectores de la industria",," [JS: ""Soluciones Industriales""]",detalle-estatico,,,fichas/accesorios-doorlock.pdf,UNKNOWN,Análisis estático; HTTP e indexación real UNKNOWN
accesspro-fs1000speed.php,https://puertasyserviciosindustriales.com/accesspro-fs1000speed.php,producto (probable),AccessPRO FS1000SPEED | Overhead Door | Marcas | PSI | Puertas y Servicios Industriales,"Productos AccessPRO FS1000SPEED Marca Overhead Door | Venta, instalación y mantenimiento de puertas automáticas para diferentes sectores de la industria",," [JS: ""Soluciones Residenciales""]",detalle-estatico,,,fichas/13.0.Folleto-Operador-AccessPRO-FS1000-SPEED-hoja-tecnica.pdf,UNKNOWN,Análisis estático; HTTP e indexación real UNKNOWN
automatismos-para-cancelas-cubic.php,https://puertasyserviciosindustriales.com/automatismos-para-cancelas-cubic.php,producto (probable por estructura),PSI | Puertas y Servicios Industriales,"Venta, instalación y mantenimiento de puertas automáticas para diferentes sectores de la industria",," [JS: ""CUBIC Automatismos ocultos al piso.""]",detalle-estatico,,,,UNKNOWN,Análisis estático; HTTP e indexación real UNKNOWN; title genérico heredado
barreras-estacionamiento-moovi50rm.php,https://puertasyserviciosindustriales.com/barreras-estacionamiento-moovi50rm.php,producto (probable),Barreras de estacionamiento MOOVI50RM | BFT | Marcas | PSI | Puertas y Servicios Industriales,"Productos Barreras de estacionamiento MOOVI50RM Marca BFT | Venta, instalación y mantenimiento de puertas automáticas para diferentes sectores de la industria",," [JS: ""Productos Marca BFT""]",detalle-estatico,,,fichas/moovi50rm.pdf,UNKNOWN,Análisis estático; HTTP e indexación real UNKNOWN
bft-resp.php,https://puertasyserviciosindustriales.com/bft-resp.php,categoría / landing SEO (probable),PSI | Puertas y Servicios Industriales,"Venta, instalación y mantenimiento de puertas automáticas para diferentes sectores de la industria",," [JS: ""Productos""]",listado-estatico,,,,UNKNOWN,Análisis estático; HTTP e indexación real UNKNOWN; title genérico heredado
bft.php,https://puertasyserviciosindustriales.com/bft.php,marca,BTF | Marcas | PSI | Puertas y Servicios Industriales,"Productos Marca BTF | Venta, instalación y mantenimiento de puertas automáticas para diferentes sectores de la industria",," [JS: ""Marcas""]",listado-marca,,,,UNKNOWN,Análisis estático; HTTP e indexación real UNKNOWN
bix-al-antena-externa-433-mhz.php,https://puertasyserviciosindustriales.com/bix-al-antena-externa-433-mhz.php,producto (probable por estructura),PSI | Puertas y Servicios Industriales,"Venta, instalación y mantenimiento de puertas automáticas para diferentes sectores de la industria",," [JS: ""Productos Marca BFT""]",detalle-estatico,,,,UNKNOWN,Análisis estático; HTTP e indexación real UNKNOWN; title genérico heredado
blindadas.php,https://puertasyserviciosindustriales.com/blindadas.php,categoría / landing SEO (probable),Puerta blindada | Puertas Blindadas | PSI | Puertas y Servicios Industriales,"Puerta blindada | Venta, instalación y mantenimiento de puertas automáticas para diferentes sectores de la industria",," [JS: ""Puertas Blindadas""]",listado-estatico,,,,UNKNOWN,Análisis estático; HTTP e indexación real UNKNOWN
blue-giant.php,https://puertasyserviciosindustriales.com/blue-giant.php,marca,Blue Giant | Marcas | PSI | Puertas y Servicios Industriales,"Productos Marca Blue Giant | Venta, instalación y mantenimiento de puertas automáticas para diferentes sectores de la industria",," [JS: ""Marcas""] |  [JS: ""Productos""]",listado-marca,,,,UNKNOWN,Análisis estático; HTTP e indexación real UNKNOWN
categorias.php,https://puertasyserviciosindustriales.com/categorias.php,endpoint público / controlador,,,,,controlador-categorias,,,,UNKNOWN,Análisis estático; HTTP e indexación real UNKNOWN; Controlador; metadatos según parámetros; código posterior a die excluido
centros-comerciales.php,https://puertasyserviciosindustriales.com/centros-comerciales.php,categoría / landing SEO (probable),Puertas automáticas peatonales para centro comercial | Soluciones comerciales | PSI | Puertas y Servicios Industriales,"Soluciones comerciales de Puertas automáticas peatonales para centro comercial | Venta, instalación y mantenimiento de puertas automáticas para diferentes sectores de la industria",," [JS: ""Soluciones Comerciales""]",listado-estatico,,,,UNKNOWN,Análisis estático; HTTP e indexación real UNKNOWN
clopay.php,https://puertasyserviciosindustriales.com/clopay.php,marca,Clopay | Marcas | PSI | Puertas y Servicios Industriales,"Productos Marca Clopay | Venta, instalación y mantenimiento de puertas automáticas para diferentes sectores de la industria",," [JS: ""Marcas""]",listado-marca,,,,UNKNOWN,Análisis estático; HTTP e indexación real UNKNOWN
coleccion-classic.php,https://puertasyserviciosindustriales.com/coleccion-classic.php,producto (probable),Colección Classic - Serie Premium | Overhead Door | Marcas | PSI | Puertas y Servicios Industriales,"Productos Colección Classic - Serie Premium Marca Overhead Door | Venta, instalación y mantenimiento de puertas automáticas para diferentes sectores de la industria",," [JS: ""Soluciones Residenciales""]",detalle-estatico,,,fichas/RSIDENCIAL-SERIE-PREMIUM.pdf,UNKNOWN,Análisis estático; HTTP e indexación real UNKNOWN
coleccion-modern-steel.php,https://puertasyserviciosindustriales.com/coleccion-modern-steel.php,producto (probable),Puertas de garage Colección Modern Steel™ | Overhead Door | Marcas | PSI | Puertas y Servicios Industriales,"Productos Puertas de garage Colección Modern Steel™ Marca Overhead Door | Venta, instalación y mantenimiento de puertas automáticas para diferentes sectores de la industria",," [JS: ""Puertas de garage ""]",detalle-estatico,,,fichas/lisos.pdf,UNKNOWN,Análisis estático; HTTP e indexación real UNKNOWN
com-programadores-digitales-y-rotativos.php,https://puertasyserviciosindustriales.com/com-programadores-digitales-y-rotativos.php,producto (probable por estructura),PSI | Puertas y Servicios Industriales,"Venta, instalación y mantenimiento de puertas automáticas para diferentes sectores de la industria",," [JS: ""Productos Marca BFT""]",detalle-estatico,,,,UNKNOWN,Análisis estático; HTTP e indexación real UNKNOWN; title genérico heredado
comercial.php,https://puertasyserviciosindustriales.com/comercial.php,categoría / landing SEO (probable),Comerciales | Soluciones | PSI | Puertas y Servicios Industriales,"Soluciones de Productos Comerciales | Venta, instalación y mantenimiento de puertas automáticas para diferentes sectores de la industria",," [JS: ""Soluciones""]",listado-estatico,,,,UNKNOWN,Análisis estático; HTTP e indexación real UNKNOWN
contacto.php,https://puertasyserviciosindustriales.com/contacto.php,página institucional / formulario,PSI | Puertas y Servicios Industriales,"Venta, instalación y mantenimiento de puertas automáticas para diferentes sectores de la industria",," [JS: ""Contacto""]",contacto,,,,UNKNOWN,Análisis estático; HTTP e indexación real UNKNOWN; title genérico heredado
contra-exposion.php,https://puertasyserviciosindustriales.com/contra-exposion.php,categoría / landing SEO (probable),Puerta contra explosion | Contra explosion | PSI | Puertas y Servicios Industriales,"Puerta contra explosion | Venta, instalación y mantenimiento de puertas automáticas para diferentes sectores de la industria",," [JS: ""Contra explosion""]",listado-estatico,,,,UNKNOWN,Análisis estático; HTTP e indexación real UNKNOWN
contra-incendio.php,https://puertasyserviciosindustriales.com/contra-incendio.php,categoría / landing SEO (probable),Puertas contra incendio | Contra incendio | PSI | Puertas y Servicios Industriales,"Puertas para salidas de emergencia | Venta, instalación y mantenimiento de puertas automáticas para diferentes sectores de la industria",," [JS: ""Contra incendio""]",listado-estatico,,,,UNKNOWN,Análisis estático; HTTP e indexación real UNKNOWN
cortina-de-seguridad-670.php,https://puertasyserviciosindustriales.com/cortina-de-seguridad-670.php,producto (probable),Cortina de seguridad 670 | Overhead Door | Marcas | PSI | Puertas y Servicios Industriales,"Productos Cortina de seguridad 670 Marca Overhead Door | Venta, instalación y mantenimiento de puertas automáticas para diferentes sectores de la industria",," [JS: ""Soluciones Industriales""]",detalle-estatico,,,fichas/security-grilles-670-671-brochure.pdf,UNKNOWN,Análisis estático; HTTP e indexación real UNKNOWN
cortina-de-seguridad-671.php,https://puertasyserviciosindustriales.com/cortina-de-seguridad-671.php,producto (probable),Cortina de seguridad 671 | Overhead Door | Marcas | PSI | Puertas y Servicios Industriales,"Productos Cortina de seguridad 671 Marca Overhead Door | Venta, instalación y mantenimiento de puertas automáticas para diferentes sectores de la industria",," [JS: ""Soluciones Industriales""]",detalle-estatico,,,fichas/security-grilles-670-671-brochure1.pdf,UNKNOWN,Análisis estático; HTTP e indexación real UNKNOWN
cortina-en-aluminio-serie-511-521.php,https://puertasyserviciosindustriales.com/cortina-en-aluminio-serie-511-521.php,producto (probable),Cortina en aluminio serie 511 / 521 | Overhead Door | Marcas | PSI | Puertas y Servicios Industriales,"Productos Cortina en aluminio serie 511 / 521 Marca Overhead Door | Venta, instalación y mantenimiento de puertas automáticas para diferentes sectores de la industria",," [JS: ""Soluciones Industriales""]",detalle-estatico,,,fichas/commercial-aluminum-door-systems-brochure.pdf,UNKNOWN,Análisis estático; HTTP e indexación real UNKNOWN
cortina-europea.php,https://puertasyserviciosindustriales.com/cortina-europea.php,producto (probable),Cortina Europea | Dockman | Marcas | PSI | Puertas y Servicios Industriales,"Productos Cortina Europea Marca Dockman | Venta, instalación y mantenimiento de puertas automáticas para diferentes sectores de la industria",," [JS: ""Soluciones Industriales""]",detalle-estatico,,,fichas/CORTINA-EUROPEA.pdf,UNKNOWN,Análisis estático; HTTP e indexación real UNKNOWN
cortina-plana.php,https://puertasyserviciosindustriales.com/cortina-plana.php,producto (probable),Cortinas enrollables industriales | Dockman | Marcas | PSI | Puertas y Servicios Industriales,"Productos Cortinas enrollables industriales Marca Dockman | Venta, instalación y mantenimiento de puertas automáticas para diferentes sectores de la industria",," [JS: ""Soluciones Residenciales""]",detalle-estatico,,,fichas/CORTINA-PLANA.pdf,UNKNOWN,Análisis estático; HTTP e indexación real UNKNOWN
cortina-serie-600.php,https://puertasyserviciosindustriales.com/cortina-serie-600.php,producto (probable),Cortina serie 600 | Overhead Door | Marcas | PSI | Puertas y Servicios Industriales,"Productos Cortina serie 600 Marca Overhead Door | Venta, instalación y mantenimiento de puertas automáticas para diferentes sectores de la industria",," [JS: ""Soluciones Industriales""]",detalle-estatico,,,fichas/rolling-service-doors-600-brochure.pdf,UNKNOWN,Análisis estático; HTTP e indexación real UNKNOWN
cortina-serie-610.php,https://puertasyserviciosindustriales.com/cortina-serie-610.php,producto (probable),Cortina serie 610 | Overhead Door | Marcas | PSI | Puertas y Servicios Industriales,"Productos Cortina serie 610 Marca Overhead Door | Venta, instalación y mantenimiento de puertas automáticas para diferentes sectores de la industria",," [JS: ""Soluciones Industriales""]",detalle-estatico,,,fichas/Cortina-serie-610-620.pdf,UNKNOWN,Análisis estático; HTTP e indexación real UNKNOWN
cortina-serie-620.php,https://puertasyserviciosindustriales.com/cortina-serie-620.php,producto (probable),Cortina serie 620 | Overhead Door | Marcas | PSI | Puertas y Servicios Industriales,"Productos Cortina serie 620 Marca Overhead Door | Venta, instalación y mantenimiento de puertas automáticas para diferentes sectores de la industria",," [JS: ""Soluciones Industriales""]",detalle-estatico,,,fichas/rolling-steel-doors-610-620-brochure.pdf,UNKNOWN,Análisis estático; HTTP e indexación real UNKNOWN
cortina-serie-625.php,https://puertasyserviciosindustriales.com/cortina-serie-625.php,producto (probable),Cortina serie 625 | Overhead Door | Marcas | PSI | Puertas y Servicios Industriales,"Productos Cortina serie 625 Marca Overhead Door | Venta, instalación y mantenimiento de puertas automáticas para diferentes sectores de la industria",," [JS: ""Soluciones Industriales""]",detalle-estatico,,,fichas/rolling-service-doors-625-brochure.pdf,UNKNOWN,Análisis estático; HTTP e indexación real UNKNOWN
cortina-serie-630.php,https://puertasyserviciosindustriales.com/cortina-serie-630.php,producto (probable),Cortina serie 630-631-634-635 | Overhead Door | Marcas | PSI | Puertas y Servicios Industriales,"Productos Cortina serie 630-631-634-635 Marca Overhead Door | Venta, instalación y mantenimiento de puertas automáticas para diferentes sectores de la industria",," [JS: ""Soluciones Industriales""]",detalle-estatico,,,fichas/fireking-fire-door-systems-brochure.pdf,UNKNOWN,Análisis estático; HTTP e indexación real UNKNOWN
cortina-serie-790-cw.php,https://puertasyserviciosindustriales.com/cortina-serie-790-cw.php,producto (probable),Cortina serie 790 CW | Overhead Door | Marcas | PSI | Puertas y Servicios Industriales,"Productos Cortina serie 790 CW Marca Overhead Door | Venta, instalación y mantenimiento de puertas automáticas para diferentes sectores de la industria",," [JS: ""Soluciones Industriales""]",detalle-estatico,,,fichas/rolling-sheet-doors-790-780-770-brochure.pdf,UNKNOWN,Análisis estático; HTTP e indexación real UNKNOWN
cortinas-enrollables-de-aluminio.php,https://puertasyserviciosindustriales.com/cortinas-enrollables-de-aluminio.php,producto (probable por estructura),PSI | Puertas y Servicios Industriales,"Venta, instalación y mantenimiento de puertas automáticas para diferentes sectores de la industria",," [JS: ""Soluciones Residenciales""]",detalle-estatico,,,,UNKNOWN,Análisis estático; HTTP e indexación real UNKNOWN; title genérico heredado
cortinas-enrollables-industriales.php,https://puertasyserviciosindustriales.com/cortinas-enrollables-industriales.php,categoría / landing SEO (probable),Cortinas enrollables industriales | Soluciones | PSI | Puertas y Servicios Industriales,"Soluciones de Productos Cortinas enrollables industriales | Venta, instalación y mantenimiento de puertas automáticas para diferentes sectores de la industria",," [JS: ""Soluciones Residenciales""]",listado-estatico,,,,UNKNOWN,Análisis estático; HTTP e indexación real UNKNOWN
cortinas-ventiladas-685.php,https://puertasyserviciosindustriales.com/cortinas-ventiladas-685.php,producto (probable),Cortinas ventiladas 685 | Overhead Door | Marcas | PSI | Puertas y Servicios Industriales,"Productos Cortinas ventiladas 685 Marca Overhead Door | Venta, instalación y mantenimiento de puertas automáticas para diferentes sectores de la industria",," [JS: ""Soluciones Industriales""]",detalle-estatico,,,fichas/security-grilles-681-685-brochure.pdf,UNKNOWN,Análisis estático; HTTP e indexación real UNKNOWN
cross-3e.php,https://puertasyserviciosindustriales.com/cross-3e.php,producto (probable por estructura),PSI | Puertas y Servicios Industriales,"Venta, instalación y mantenimiento de puertas automáticas para diferentes sectores de la industria",," [JS: ""Soluciones Industriales""]",detalle-estatico,,,,UNKNOWN,Análisis estático; HTTP e indexación real UNKNOWN; title genérico heredado
detector-de-masas-max-eagle.php,https://puertasyserviciosindustriales.com/detector-de-masas-max-eagle.php,producto (probable por estructura),PSI | Puertas y Servicios Industriales,"Venta, instalación y mantenimiento de puertas automáticas para diferentes sectores de la industria",," [JS: ""Productos Marca BFT""]",detalle-estatico,,,,UNKNOWN,Análisis estático; HTTP e indexación real UNKNOWN; title genérico heredado
ditec-neos-y-neos.php,https://puertasyserviciosindustriales.com/ditec-neos-y-neos.php,producto (probable por estructura),PSI | Puertas y Servicios Industriales,"Venta, instalación y mantenimiento de puertas automáticas para diferentes sectores de la industria",," [JS: ""Soluciones Industriales""]",detalle-estatico,,,,UNKNOWN,Análisis estático; HTTP e indexación real UNKNOWN; title genérico heredado
dockman.php,https://puertasyserviciosindustriales.com/dockman.php,marca,Dockman | Marcas | PSI | Puertas y Servicios Industriales,"Productos Marca Dockman | Venta, instalación y mantenimiento de puertas automáticas para diferentes sectores de la industria",," [JS: ""Marcas""]",listado-marca,,,,UNKNOWN,Análisis estático; HTTP e indexación real UNKNOWN
dod-automatizacion-compacto-y-potente-para-portones-seccionales-correderos-y-enrollables.php,https://puertasyserviciosindustriales.com/dod-automatizacion-compacto-y-potente-para-portones-seccionales-correderos-y-enrollables.php,producto (probable por estructura),PSI | Puertas y Servicios Industriales,"Venta, instalación y mantenimiento de puertas automáticas para diferentes sectores de la industria",," [JS: ""DOD – Automatización compacto y potente para portones seccionales, correderos y enrollables""]",detalle-estatico,,,,UNKNOWN,Análisis estático; HTTP e indexación real UNKNOWN; title genérico heredado
doorlock.php,https://puertasyserviciosindustriales.com/doorlock.php,marca,Doorlock | Marcas | PSI | Puertas y Servicios Industriales,"Productos Marca Doorlock | Venta, instalación y mantenimiento de puertas automáticas para diferentes sectores de la industria",," [JS: ""Marcas""]",listado-marca,,,,UNKNOWN,Análisis estático; HTTP e indexación real UNKNOWN
dura-glide-20003000-puerta.php,https://puertasyserviciosindustriales.com/dura-glide-20003000-puerta.php,producto (probable por estructura),PSI | Puertas y Servicios Industriales,"Venta, instalación y mantenimiento de puertas automáticas para diferentes sectores de la industria",," [JS: ""Soluciones Industriales""]",detalle-estatico,,,,UNKNOWN,Análisis estático; HTTP e indexación real UNKNOWN; title genérico heredado
energy-series-with-intellicore-37171-3-4.php,https://puertasyserviciosindustriales.com/energy-series-with-intellicore-37171-3-4.php,producto (probable),ENERGY SERIES WITH INTELLICORE® 3717 1 3/4″ | Clopay | Marcas | PSI | Puertas y Servicios Industriales,"Productos ENERGY SERIES WITH INTELLICORE® 3717 1 3/4″ Marca Clopay | Venta, instalación y mantenimiento de puertas automáticas para diferentes sectores de la industria",," [JS: ""Soluciones Residenciales""]",detalle-estatico,,,fichas/CMDC-3717-3718-11.pdf | fichas/M-28R.pdf,UNKNOWN,Análisis estático; HTTP e indexación real UNKNOWN
energy-series-with-intellicore-3720-3724-3722.php,https://puertasyserviciosindustriales.com/energy-series-with-intellicore-3720-3724-3722.php,producto (probable),ENERGY SERIES WITH INTELLICORE® 3720 /3724 / 3722 | Clopay | Marcas | PSI | Puertas y Servicios Industriales,"Productos ENERGY SERIES WITH INTELLICORE® 3720 /3724 / 3722 Marca Clopay | Venta, instalación y mantenimiento de puertas automáticas para diferentes sectores de la industria",," [JS: ""Soluciones Residenciales""]",detalle-estatico,,,fichas/Clopay-3720-07.pdf,UNKNOWN,Análisis estático; HTTP e indexación real UNKNOWN
equipos-y-accesorios-para-anden-de-carga.php,https://puertasyserviciosindustriales.com/equipos-y-accesorios-para-anden-de-carga.php,categoría / landing SEO (probable),Equipos y Accesorios para Anden de Carga | Soluciones comerciales | PSI | Puertas y Servicios Industriales,"Equipos y Accesorios para Anden de Carga | Venta, instalación y mantenimiento de puertas automáticas para diferentes sectores de la industria",," [JS: ""EQUIPOS Y ACCESORIOS PARA""]",listado-estatico,,,,UNKNOWN,Análisis estático; HTTP e indexación real UNKNOWN
estacionamientos.php,https://puertasyserviciosindustriales.com/estacionamientos.php,categoría / landing SEO (probable),Estacionamientos | Soluciones comerciales | PSI | Puertas y Servicios Industriales,"Solucione comerciales de Estacionamientos | Venta, instalación y mantenimiento de puertas automáticas para diferentes sectores de la industria",," [JS: ""Soluciones Comerciales""]",listado-estatico,,,,UNKNOWN,Análisis estático; HTTP e indexación real UNKNOWN
fast-seal-high-performance-door.php,https://puertasyserviciosindustriales.com/fast-seal-high-performance-door.php,producto (probable),Fast-Seal® High Performance Door | Rytec | Marcas | PSI | Puertas y Servicios Industriales,"Productos Fast-Seal® High Performance Door Marca Rytec | Venta, instalación y mantenimiento de puertas automáticas para diferentes sectores de la industria",," [JS: ""Soluciones Industriales""]",detalle-estatico,,,fichas/Fast-Seal_LIT020520_ES-2.pdf,UNKNOWN,Análisis estático; HTTP e indexación real UNKNOWN
fire-rated-doors-firestar-models-700-700c.php,https://puertasyserviciosindustriales.com/fire-rated-doors-firestar-models-700-700c.php,producto (probable),Fire Rated Doors FireStar® Models 700 & 700c | Wayne Dalton | Marcas | PSI | Puertas y Servicios Industriales,"Productos Fire Rated Doors FireStar® Models 700 & 700c Marca Wayne Dalton | Venta, instalación y mantenimiento de puertas automáticas para diferentes sectores de la industria",," [JS: ""Soluciones Industriales""]",detalle-estatico,,,fichas/Folleto-de-Cortina-Enrollable-Wayne-Dalton-Firestar-700-2.pdf,UNKNOWN,Análisis estático; HTTP e indexación real UNKNOWN
fotoceldas.php,https://puertasyserviciosindustriales.com/fotoceldas.php,producto (probable por estructura),PSI | Puertas y Servicios Industriales,"Venta, instalación y mantenimiento de puertas automáticas para diferentes sectores de la industria",," [JS: ""Productos Marca BFT""]",detalle-estatico,,,,UNKNOWN,Análisis estático; HTTP e indexación real UNKNOWN; title genérico heredado
fraccionamientos-y-condominios.php,https://puertasyserviciosindustriales.com/fraccionamientos-y-condominios.php,categoría / landing SEO (probable),Fraccionamientos y Condominios | Soluciones | PSI | Puertas y Servicios Industriales,"Soluciones de Productos Fraccionamientos y Condominios | Venta, instalación y mantenimiento de puertas automáticas para diferentes sectores de la industria",," [JS: ""Soluciones Comerciales""]",listado-estatico,,,,UNKNOWN,Análisis estático; HTTP e indexación real UNKNOWN
glg-porte-industriali.php,https://puertasyserviciosindustriales.com/glg-porte-industriali.php,marca,GLG Porte Industriali | Marcas | PSI | Puertas y Servicios Industriales,"Productos Marca GLG Porte Industriali | Venta, instalación y mantenimiento de puertas automáticas para diferentes sectores de la industria",," [JS: ""Marcas""]",listado-marca,,,,UNKNOWN,Análisis estático; HTTP e indexación real UNKNOWN
gol-transmisores-de-cuatro-canales.php,https://puertasyserviciosindustriales.com/gol-transmisores-de-cuatro-canales.php,producto (probable por estructura),PSI | Puertas y Servicios Industriales,"Venta, instalación y mantenimiento de puertas automáticas para diferentes sectores de la industria",," [JS: ""Productos Marca BFT""]",detalle-estatico,,,,UNKNOWN,Análisis estático; HTTP e indexación real UNKNOWN; title genérico heredado
icaro-smart.php,https://puertasyserviciosindustriales.com/icaro-smart.php,producto (probable),ICARO SMART AC A2000 120 | BFT | Marcas | PSI | Puertas y Servicios Industriales,"Productos ICARO SMART AC A2000 120 Marca BFT | Venta, instalación y mantenimiento de puertas automáticas para diferentes sectores de la industria",," [JS: ""Soluciones Industriales""]",detalle-estatico,,,fichas/pistones-hidraulicos-lux.pdf,UNKNOWN,Análisis estático; HTTP e indexación real UNKNOWN
index-estatico.php,https://puertasyserviciosindustriales.com/index-estatico.php,página pública,PSI | Puertas y Servicios Industriales,"Venta, instalación y mantenimiento de puertas automáticas para diferentes sectores de la industria",,"Bienvenidos a nuestro sitio web . | Venta, instalación y mantenimiento de puertas automáticas | Venta, instalación y mantenimiento de rampas para Taller o Niveladoras de Andén | Venta, instalación y mantenimiento de rampas para Taller o Niveladoras de Andén",inicio,,,,UNKNOWN,Análisis estático; HTTP e indexación real UNKNOWN; title genérico heredado
index-resp.php,https://puertasyserviciosindustriales.com/index-resp.php,página pública,PSI | Puertas y Servicios Industriales,"Venta, instalación y mantenimiento de puertas automáticas para diferentes sectores de la industria",,"Bienvenidos a nuestro sitio web . | Venta, instalación y mantenimiento de puertas automáticas | Venta, instalación y mantenimiento de rampas para Taller o Niveladoras de Andén",inicio,,,,UNKNOWN,Análisis estático; HTTP e indexación real UNKNOWN; title genérico heredado
index.php,https://puertasyserviciosindustriales.com/index.php,página pública,PSI | Puertas y Servicios Industriales,"Venta, instalación y mantenimiento de puertas automáticas para diferentes sectores de la industria",,"Bienvenidos a nuestro sitio web . | Venta, instalación y mantenimiento de puertas automáticas | Venta, instalación y mantenimiento de rampas para Taller o Niveladoras de Andén | Venta, instalación y mantenimiento de rampas para Taller o Niveladoras de Andén",inicio,,,,UNKNOWN,Análisis estático; HTTP e indexación real UNKNOWN; title genérico heredado
industrial.php,https://puertasyserviciosindustriales.com/industrial.php,categoría / landing SEO (probable),Industriales | Soluciones | PSI | Puertas y Servicios Industriales,"Soluciones de Productos Industriales | Venta, instalación y mantenimiento de puertas automáticas para diferentes sectores de la industria",," [JS: ""Soluciones""]",listado-estatico,,,,UNKNOWN,Análisis estático; HTTP e indexación real UNKNOWN
infraca-quality-doors.php,https://puertasyserviciosindustriales.com/infraca-quality-doors.php,marca,Infraca Quality Doors | Marcas | PSI | Puertas y Servicios Industriales,"Productos Marca Infraca Quality Doors | Venta, instalación y mantenimiento de puertas automáticas para diferentes sectores de la industria",," [JS: ""Marcas""]",listado-marca,,,,UNKNOWN,Análisis estático; HTTP e indexación real UNKNOWN
kelley.php,https://puertasyserviciosindustriales.com/kelley.php,marca,Kelley | Marcas | PSI | Puertas y Servicios Industriales,"Productos Marca Kelley | Venta, instalación y mantenimiento de puertas automáticas para diferentes sectores de la industria",," [JS: ""Marcas""]",listado-marca,,,,UNKNOWN,Análisis estático; HTTP e indexación real UNKNOWN
kronos-puertas-rapidas-de-sectores-modulares-autorreparable.php,https://puertasyserviciosindustriales.com/kronos-puertas-rapidas-de-sectores-modulares-autorreparable.php,producto (probable),ALUMINA – Puertas rápidas autorreparable | GLG Porte Industriali | Marcas | PSI | Puertas y Servicios Industriales,"Productos ALUMINA – Puertas rápidas autorreparable Marca GLG Porte Industriali | Venta, instalación y mantenimiento de puertas automáticas para diferentes sectores de la industria",," [JS: ""Soluciones Industriales""]",detalle-estatico,,,fichas/Alumina-Technical-Specifications-15.pdf,UNKNOWN,Análisis estático; HTTP e indexación real UNKNOWN
lab-4-fotocelulas-de-rayos-infrarrojos.php,https://puertasyserviciosindustriales.com/lab-4-fotocelulas-de-rayos-infrarrojos.php,producto (probable por estructura),PSI | Puertas y Servicios Industriales,"Venta, instalación y mantenimiento de puertas automáticas para diferentes sectores de la industria",," [JS: ""Productos Marca BFT""]",detalle-estatico,,,,UNKNOWN,Análisis estático; HTTP e indexación real UNKNOWN; title genérico heredado
lab-9-detectores-de-volumen-de-metal-loop.php,https://puertasyserviciosindustriales.com/lab-9-detectores-de-volumen-de-metal-loop.php,producto (probable por estructura),PSI | Puertas y Servicios Industriales,"Venta, instalación y mantenimiento de puertas automáticas para diferentes sectores de la industria",," [JS: ""Productos Marca BFT""]",detalle-estatico,,,,UNKNOWN,Análisis estático; HTTP e indexación real UNKNOWN; title genérico heredado
labio-de-elevacion-mecanico-dockman.php,https://puertasyserviciosindustriales.com/labio-de-elevacion-mecanico-dockman.php,producto (probable),Labio de elevación mecánico | Dockman | Marcas | PSI | Puertas y Servicios Industriales,"Productos Labio de elevación mecánico Marca Dockman | Venta, instalación y mantenimiento de puertas automáticas para diferentes sectores de la industria",," [JS: ""Soluciones Industriales""]",detalle-estatico,,,fichas/Minidock.pdf,UNKNOWN,Análisis estático; HTTP e indexación real UNKNOWN
labio-elevacion-anden-carga.php,https://puertasyserviciosindustriales.com/labio-elevacion-anden-carga.php,categoría / landing SEO (probable),Labio de elevación | Equipos y Accesorios para Anden de Carga | PSI | Puertas y Servicios Industriales,"Labio de elevación para anden de carga | Venta, instalación y mantenimiento de puertas automáticas para diferentes sectores de la industria",," [JS: ""Equipos y Accesorios para Anden de Carga""]",listado-estatico,,,,UNKNOWN,Análisis estático; HTTP e indexación real UNKNOWN
lan-4-sistema-de-teclado-con-combinacion-digital.php,https://puertasyserviciosindustriales.com/lan-4-sistema-de-teclado-con-combinacion-digital.php,producto (probable por estructura),PSI | Puertas y Servicios Industriales,"Venta, instalación y mantenimiento de puertas automáticas para diferentes sectores de la industria",," [JS: ""Productos Marca BFT""]",detalle-estatico,,,,UNKNOWN,Análisis estático; HTTP e indexación real UNKNOWN; title genérico heredado
lan-7-sistema-de-mando-de-proximidad-de-tarjetas-con-tecnologia-transponder.php,https://puertasyserviciosindustriales.com/lan-7-sistema-de-mando-de-proximidad-de-tarjetas-con-tecnologia-transponder.php,producto (probable por estructura),PSI | Puertas y Servicios Industriales,"Venta, instalación y mantenimiento de puertas automáticas para diferentes sectores de la industria",," [JS: ""Productos Marca BFT""]",detalle-estatico,,,,UNKNOWN,Análisis estático; HTTP e indexación real UNKNOWN; title genérico heredado
lift-master-mod-h.php,https://puertasyserviciosindustriales.com/lift-master-mod-h.php,producto (probable),Lift Master Mod H | Blue Giant | Marcas | PSI | Puertas y Servicios Industriales,"Productos Lift Master Mod H Marca Blue Giant | Venta, instalación y mantenimiento de puertas automáticas para diferentes sectores de la industria",," [JS: ""Soluciones Industriales""]",detalle-estatico,,,fichas/Lift-Master-H-Sell-Sheet-Spanish.pdf,UNKNOWN,Análisis estático; HTTP e indexación real UNKNOWN
lift-master.php,https://puertasyserviciosindustriales.com/lift-master.php,marca,LiftMaster | Marcas | PSI | Puertas y Servicios Industriales,"Productos Marca LiftMaster | Venta, instalación y mantenimiento de puertas automáticas para diferentes sectores de la industria",," [JS: ""Marcas""]",listado-marca,,,,UNKNOWN,Análisis estático; HTTP e indexación real UNKNOWN
liftmaster-modh.php,https://puertasyserviciosindustriales.com/liftmaster-modh.php,producto (probable por estructura),PSI | Puertas y Servicios Industriales,"Venta, instalación y mantenimiento de puertas automáticas para diferentes sectores de la industria",," [JS: ""Soluciones Industriales""]",detalle-estatico,,,,UNKNOWN,Análisis estático; HTTP e indexación real UNKNOWN; title genérico heredado
light-communication-system-lcs.php,https://puertasyserviciosindustriales.com/light-communication-system-lcs.php,producto (probable por estructura),PSI | Puertas y Servicios Industriales,"Venta, instalación y mantenimiento de puertas automáticas para diferentes sectores de la industria",," [JS: ""Semaforos y señalizaciones para anden""]",detalle-estatico,,,,UNKNOWN,Análisis estático; HTTP e indexación real UNKNOWN; title genérico heredado
lux-2b-y-lux-gv-piston-hidraulico-para-puerta-abatible.php,https://puertasyserviciosindustriales.com/lux-2b-y-lux-gv-piston-hidraulico-para-puerta-abatible.php,producto (probable),LUX 2B y Lux GV Piston hidraulico para puerta abatible | BFT | Marcas | PSI | Puertas y Servicios Industriales,"Productos LUX 2B y Lux GV Piston hidraulico para puerta abatible Marca BFT | Venta, instalación y mantenimiento de puertas automáticas para diferentes sectores de la industria",," [JS: ""Soluciones Industriales""]",detalle-estatico,,,fichas/pistones-hidraulicos-lux.pdf,UNKNOWN,Análisis estático; HTTP e indexación real UNKNOWN
luxo-robusto-e-incansable-para-servicios-intensivos-para-hojas-de-hasta-5-m.php,https://puertasyserviciosindustriales.com/luxo-robusto-e-incansable-para-servicios-intensivos-para-hojas-de-hasta-5-m.php,producto (probable por estructura),PSI | Puertas y Servicios Industriales,"Venta, instalación y mantenimiento de puertas automáticas para diferentes sectores de la industria",," [JS: ""PWR Robusto e incansable, para servicios intensivos, para hojas de hasta 5 mts""]",detalle-estatico,,,,UNKNOWN,Análisis estático; HTTP e indexación real UNKNOWN; title genérico heredado
magic-fuerza-del-operador.php,https://puertasyserviciosindustriales.com/magic-fuerza-del-operador.php,producto (probable por estructura),PSI | Puertas y Servicios Industriales,"Venta, instalación y mantenimiento de puertas automáticas para diferentes sectores de la industria",," [JS: ""Soluciones Industriales""]",detalle-estatico,,,,UNKNOWN,Análisis estático; HTTP e indexación real UNKNOWN; title genérico heredado
marcas.php,https://puertasyserviciosindustriales.com/marcas.php,directorio estático de marcas,PSI | Puertas y Servicios Industriales,"Venta, instalación y mantenimiento de puertas automáticas para diferentes sectores de la industria",," [JS: ""Soluciones""]",marcas-estaticas,,,,UNKNOWN,Análisis estático; HTTP e indexación real UNKNOWN; title genérico heredado
marcasv1.php,https://puertasyserviciosindustriales.com/marcasv1.php,directorio dinámico de marcas,PSI | Puertas y Servicios Industriales,"Venta, instalación y mantenimiento de puertas automáticas para diferentes sectores de la industria",," [JS: ""Soluciones""]",marcas-dinamicas,,,,UNKNOWN,Análisis estático; HTTP e indexación real UNKNOWN; title genérico heredado
nosotros.php,https://puertasyserviciosindustriales.com/nosotros.php,página institucional,Nosotros | Quiénes somos | PSI | Puertas y Servicios Industriales,"Contamos con más de 15 años de experiencia, nos especializamos en la fabricación de puertas y ventanas de alta calidad, utilizando materiales como aluminio y acero inoxidable. | Venta, instalación y mantenimiento de puertas automáticas para diferentes sectores de la industria",," [JS: ""Nosotros""]",nosotros,,,,UNKNOWN,Análisis estático; HTTP e indexación real UNKNOWN
operador-comercial-rhx.php,https://puertasyserviciosindustriales.com/operador-comercial-rhx.php,producto (probable),Operador comercial RHX | Overhead Door | Marcas | PSI | Puertas y Servicios Industriales,"Productos Operador comercial RHX Marca Overhead Door | Venta, instalación y mantenimiento de puertas automáticas para diferentes sectores de la industria",," [JS: ""Soluciones Industriales""]",detalle-estatico,,,fichas/Operador-RHX-Folleto-comercial-para-cortina.pdf,UNKNOWN,Análisis estático; HTTP e indexación real UNKNOWN
operador-para-cortina-enrrollable-rsx.php,https://puertasyserviciosindustriales.com/operador-para-cortina-enrrollable-rsx.php,producto (probable),Operador para cortina enrrollable RSX | Overhead Door | Marcas | PSI | Puertas y Servicios Industriales,"Productos Operador para cortina enrrollable RSX Marca Overhead Door | Venta, instalación y mantenimiento de puertas automáticas para diferentes sectores de la industria",," [JS: ""Soluciones Industriales""]",detalle-estatico,,,fichas/operador-cortina.pdf,UNKNOWN,Análisis estático; HTTP e indexación real UNKNOWN
operador-para-perfilados-comerciales-jst.php,https://puertasyserviciosindustriales.com/operador-para-perfilados-comerciales-jst.php,producto (probable),Operador de puerta comercial RHX ® | Overhead Door | Marcas | PSI | Puertas y Servicios Industriales,"Productos Operador de puerta comercial RHX ® Marca Overhead Door | Venta, instalación y mantenimiento de puertas automáticas para diferentes sectores de la industria",," [JS: ""Soluciones Industriales""]",detalle-estatico,,,fichas/rhx-commercial-operator-brochure.pdf,UNKNOWN,Análisis estático; HTTP e indexación real UNKNOWN
operador-para-perfilados-comerciales-sel.php,https://puertasyserviciosindustriales.com/operador-para-perfilados-comerciales-sel.php,producto (probable),Operador de puerta comercial RMX ® | Overhead Door | Marcas | PSI | Puertas y Servicios Industriales,"Productos Operador de puerta comercial RMX ® Marca Overhead Door | Venta, instalación y mantenimiento de puertas automáticas para diferentes sectores de la industria",," [JS: ""Soluciones Industriales""]",detalle-estatico,,,fichas/rmx-commercial-operator-brochure.pdf,UNKNOWN,Análisis estático; HTTP e indexación real UNKNOWN
operadores-para-puerta-abatible.php,https://puertasyserviciosindustriales.com/operadores-para-puerta-abatible.php,categoría / landing SEO (probable),Operadores para puertas corredizas residenciales | Operadores para puerta abatible | PSI | Puertas y Servicios Industriales,"Soluciones de Productos Operadores para puertas abatibles residenciales | Venta, instalación y mantenimiento de puertas automáticas para diferentes sectores de la industria",," [JS: ""Soluciones""]",listado-estatico,,,,UNKNOWN,Análisis estático; HTTP e indexación real UNKNOWN
operadores-para-puerta-corrediza-industrial.php,https://puertasyserviciosindustriales.com/operadores-para-puerta-corrediza-industrial.php,categoría / landing SEO (probable),Operadores para puertas corredizas industriales | Soluciones | PSI | Puertas y Servicios Industriales,"Soluciones de Productos Operadores para puertas corredizas industriales | Venta, instalación y mantenimiento de puertas automáticas para diferentes sectores de la industria",," [JS: ""Soluciones""]",listado-estatico,,,,UNKNOWN,Análisis estático; HTTP e indexación real UNKNOWN
operadores-para-puertas-ascendentes.php,https://puertasyserviciosindustriales.com/operadores-para-puertas-ascendentes.php,categoría / landing SEO (probable),Operadores para puertas automáticas ascendentes residenciales | Operadores para puertas ascendentes | PSI | Puertas y Servicios Industriales,"Soluciones de Productos Operadores para puertas automáticas ascendentes residenciales | Venta, instalación y mantenimiento de puertas automáticas para diferentes sectores de la industria",," [JS: ""Soluciones Residenciales""]",listado-estatico,,,,UNKNOWN,Análisis estático; HTTP e indexación real UNKNOWN
operadores-para-puertas-corredizas-residenciales.php,https://puertasyserviciosindustriales.com/operadores-para-puertas-corredizas-residenciales.php,categoría / landing SEO (probable),Operadores para puertas corredizas residenciales | Operadores para puerta corrediza | PSI | Puertas y Servicios Industriales,"Soluciones de Productos Operadores para puertas corredizas residenciales | Venta, instalación y mantenimiento de puertas automáticas para diferentes sectores de la industria",," [JS: ""Soluciones""]",listado-estatico,,,,UNKNOWN,Análisis estático; HTTP e indexación real UNKNOWN
operadores-para-puertas-de-mostrador-cdo.php,https://puertasyserviciosindustriales.com/operadores-para-puertas-de-mostrador-cdo.php,producto (probable),Operador de puerta comercial CDX ® | Overhead Door | Marcas | PSI | Puertas y Servicios Industriales,"Productos Operador de puerta comercial CDX ® Marca Overhead Door | Venta, instalación y mantenimiento de puertas automáticas para diferentes sectores de la industria",," [JS: ""Soluciones Industriales""]",detalle-estatico,,,fichas/cdx-commercial-operator-sellsheet.pdf,UNKNOWN,Análisis estático; HTTP e indexación real UNKNOWN
operadores-puerta-abatible-industrial.php,https://puertasyserviciosindustriales.com/operadores-puerta-abatible-industrial.php,categoría / landing SEO (probable),Operadores para puertas corredizas industriales | Soluciones | PSI | Puertas y Servicios Industriales,"Soluciones de Productos Operadores para puertas corredizas industriales | Venta, instalación y mantenimiento de puertas automáticas para diferentes sectores de la industria",," [JS: ""Soluciones""]",listado-estatico,,,,UNKNOWN,Análisis estático; HTTP e indexación real UNKNOWN
operadores-puerta-abatible.php,https://puertasyserviciosindustriales.com/operadores-puerta-abatible.php,producto (probable),Operadores para puertas abatibles | Overhead Door | Marcas | PSI | Puertas y Servicios Industriales,"Productos Operadores para puertas abatibles Marca Overhead Door | Venta, instalación y mantenimiento de puertas automáticas para diferentes sectores de la industria",," [JS: ""Soluciones Residenciales""]",detalle-estatico,,,fichas/13.0.Folleto-Operador-AccessPRO-FS1000-SPEED-hoja-tecnica.pdf,UNKNOWN,Análisis estático; HTTP e indexación real UNKNOWN
operadores-puerta-corrediza-residencial.php,https://puertasyserviciosindustriales.com/operadores-puerta-corrediza-residencial.php,producto (probable),Operadores para puertas corredizas residenciales | Overhead Door | Marcas | PSI | Puertas y Servicios Industriales,"Productos Operadores para puertas corredizas residenciales Marca Overhead Door | Venta, instalación y mantenimiento de puertas automáticas para diferentes sectores de la industria",," [JS: ""Soluciones Residenciales""]",detalle-estatico,,,fichas/13.0.Folleto-Operador-AccessPRO-FS1000-SPEED-hoja-tecnica.pdf,UNKNOWN,Análisis estático; HTTP e indexación real UNKNOWN
operadores-puertas-ascendentes.php,https://puertasyserviciosindustriales.com/operadores-puertas-ascendentes.php,producto (probable),Operadores para puertas automáticas ascendentes | Overhead Door | Marcas | PSI | Puertas y Servicios Industriales,"Productos Operadores para puertas automáticas ascendentes Marca Overhead Door | Venta, instalación y mantenimiento de puertas automáticas para diferentes sectores de la industria",," [JS: ""Soluciones Residenciales""]",detalle-estatico,,,fichas/13.0.Folleto-Operador-AccessPRO-FS1000-SPEED-hoja-tecnica.pdf,UNKNOWN,Análisis estático; HTTP e indexación real UNKNOWN
operadores-puertas-seccionales-cortinas.php,https://puertasyserviciosindustriales.com/operadores-puertas-seccionales-cortinas.php,categoría / landing SEO (probable),Operadores para puertas automáticas seccionales y cortinas | Soluciones | PSI | Puertas y Servicios Industriales,"Soluciones de Productos Operadores para puertas automáticas seccionales y cortinas | Venta, instalación y mantenimiento de puertas automáticas para diferentes sectores de la industria",," [JS: ""Soluciones""]",listado-estatico,,,,UNKNOWN,Análisis estático; HTTP e indexación real UNKNOWN
overhead-door.php,https://puertasyserviciosindustriales.com/overhead-door.php,marca,Overhead Door | Marcas | PSI | Puertas y Servicios Industriales,"Productos Marca Overhead Door | Venta, instalación y mantenimiento de puertas automáticas para diferentes sectores de la industria",," [JS: ""Marcas""]",listado-marca,,,,UNKNOWN,Análisis estático; HTTP e indexación real UNKNOWN
p45-7-piston-hidraulico-para-puerta-abatible.php,https://puertasyserviciosindustriales.com/p45-7-piston-hidraulico-para-puerta-abatible.php,producto (probable),"P4,5-7 Piston Hidraulico para puerta abatible | BFT | Marcas | PSI | Puertas y Servicios Industriales","Productos P4,5-7 Piston Hidraulico para puerta abatible Marca BFT | Venta, instalación y mantenimiento de puertas automáticas para diferentes sectores de la industria",," [JS: ""Soluciones Industriales""]",detalle-estatico,,,fichas/pistones-hidraulicos-p457.pdf,UNKNOWN,Análisis estático; HTTP e indexación real UNKNOWN
pas-sensores-volumetricos.php,https://puertasyserviciosindustriales.com/pas-sensores-volumetricos.php,producto (probable por estructura),PSI | Puertas y Servicios Industriales,"Venta, instalación y mantenimiento de puertas automáticas para diferentes sectores de la industria",," [JS: ""Productos Marca BFT""]",detalle-estatico,,,,UNKNOWN,Análisis estático; HTTP e indexación real UNKNOWN; title genérico heredado
phobos-n-piston-electromecanico.php,https://puertasyserviciosindustriales.com/phobos-n-piston-electromecanico.php,producto (probable),PHOBOS N Piston Electromecanico | BFT | Marcas | PSI | Puertas y Servicios Industriales,"Productos PHOBOS N Piston Electromecanico Marca BFT | Venta, instalación y mantenimiento de puertas automáticas para diferentes sectores de la industria",," [JS: ""Soluciones Industriales""]",detalle-estatico,,,fichas/pistones-electromecanicos-phobos.pdf,UNKNOWN,Análisis estático; HTTP e indexación real UNKNOWN
politica-privacidad.php,https://puertasyserviciosindustriales.com/politica-privacidad.php,página institucional,PSI | Puertas y Servicios Industriales,"Venta, instalación y mantenimiento de puertas automáticas para diferentes sectores de la industria",,,politica-privacidad,,,,UNKNOWN,Análisis estático; HTTP e indexación real UNKNOWN; title genérico heredado
predadoor-nxt-door.php,https://puertasyserviciosindustriales.com/predadoor-nxt-door.php,producto (probable),PredaDoor® NXT® Door | Rytec | Marcas | PSI | Puertas y Servicios Industriales,"Productos PredaDoor® NXT® Door Marca Rytec | Venta, instalación y mantenimiento de puertas automáticas para diferentes sectores de la industria",," [JS: ""Soluciones Industriales""]",detalle-estatico,,,fichas/Predadoor_NXT_LIT020720_ES.pdf,UNKNOWN,Análisis estático; HTTP e indexación real UNKNOWN
productos.php,https://puertasyserviciosindustriales.com/productos.php,categoría / landing SEO (probable),,,,,controlador-productos,,,,UNKNOWN,Análisis estático; HTTP e indexación real UNKNOWN; Controlador; metadatos según parámetros; código posterior a die excluido
puert-seccional-de-acero-sin-aislamiento-430-uso-medio.php,https://puertasyserviciosindustriales.com/puert-seccional-de-acero-sin-aislamiento-430-uso-medio.php,producto (probable),Puerta seccional de acero sin aislamiento 430 (uso medio) | Overhead Door | Marcas | PSI | Puertas y Servicios Industriales,"Productos Puerta seccional de acero sin aislamiento 430 (uso medio) Marca Overhead Door | Venta, instalación y mantenimiento de puertas automáticas para diferentes sectores de la industria",," [JS: ""Puertas seccionales de acero ""]",detalle-estatico,,,fichas/puerta-430.pdf,UNKNOWN,Análisis estático; HTTP e indexación real UNKNOWN
puerta-contra-explosion.php,https://puertasyserviciosindustriales.com/puerta-contra-explosion.php,producto (probable),Puerta contra explosion | Doorlock | Marcas | PSI | Puertas y Servicios Industriales,"Productos Puerta contra explosion Marca Doorlock | Venta, instalación y mantenimiento de puertas automáticas para diferentes sectores de la industria",," [JS: ""Soluciones Industriales""]",detalle-estatico,,,fichas/CONTRA_EXPLOSION.pdf,UNKNOWN,Análisis estático; HTTP e indexación real UNKNOWN
puerta-contra-incendio.php,https://puertasyserviciosindustriales.com/puerta-contra-incendio.php,categoría / landing SEO (probable),Puertas contra incendios | PUERTAS PEATONALES | PSI | Puertas y Servicios Industriales,"PUERTAS PEATONALES de Productos Puertas contra incendios | Venta, instalación y mantenimiento de puertas automáticas para diferentes sectores de la industria",," [JS: ""PUERTAS PEATONALES""]",listado-estatico,,,,UNKNOWN,Análisis estático; HTTP e indexación real UNKNOWN
puerta-de-acero-acanalado-modelos-524.php,https://puertasyserviciosindustriales.com/puerta-de-acero-acanalado-modelos-524.php,producto (probable),"Puerta de acero acanalado modelos 524, 524V, 524S | Clopay | Marcas | PSI | Puertas y Servicios Industriales","Productos Puerta de acero acanalado modelos 524, 524V, 524S Marca Clopay | Venta, instalación y mantenimiento de puertas automáticas para diferentes sectores de la industria",," [JS: ""Soluciones Residenciales""]",detalle-estatico,,,fichas/CMDC-0524SP-14-1.pdf,UNKNOWN,Análisis estático; HTTP e indexación real UNKNOWN
puerta-de-acero-acanalado.php,https://puertasyserviciosindustriales.com/puerta-de-acero-acanalado.php,producto (probable por estructura),PSI | Puertas y Servicios Industriales,"Venta, instalación y mantenimiento de puertas automáticas para diferentes sectores de la industria",," [JS: ""Soluciones Residenciales""]",detalle-estatico,,,,UNKNOWN,Análisis estático; HTTP e indexación real UNKNOWN; title genérico heredado
puerta-estandar-reforzada.php,https://puertasyserviciosindustriales.com/puerta-estandar-reforzada.php,producto (probable),Puerta estándar reforzada | Doorlock | Marcas | PSI | Puertas y Servicios Industriales,"Productos Puerta estándar reforzada Marca Doorlock | Venta, instalación y mantenimiento de puertas automáticas para diferentes sectores de la industria",," [JS: ""Soluciones Industriales""]",detalle-estatico,,,fichas/Puerta-Estandar-Reforzada-Door-Lock.pdf | fichas/Puerta-Standar-Reforzada-folleto.pdf,UNKNOWN,Análisis estático; HTTP e indexación real UNKNOWN
puerta-estandar.php,https://puertasyserviciosindustriales.com/puerta-estandar.php,producto (probable),Puerta estándar | Doorlock | Marcas | PSI | Puertas y Servicios Industriales,"Productos Puerta estándar Marca Doorlock | Venta, instalación y mantenimiento de puertas automáticas para diferentes sectores de la industria",," [JS: ""Soluciones Industriales""]",detalle-estatico,,,fichas/Puerta-Standar-Folleto.pdf | fichas/Puerta_Estandar_Door-Lock.pdf,UNKNOWN,Análisis estático; HTTP e indexación real UNKNOWN
puerta-holandesa.php,https://puertasyserviciosindustriales.com/puerta-holandesa.php,producto (probable),Puerta Holandesa | Doorlock | Marcas | PSI | Puertas y Servicios Industriales,"Productos Puerta Holandesa Marca Doorlock | Venta, instalación y mantenimiento de puertas automáticas para diferentes sectores de la industria",," [JS: ""Soluciones Industriales""]",detalle-estatico,,,fichas/Puerta-Holandesa-Door-Lock.pdf,UNKNOWN,Análisis estático; HTTP e indexación real UNKNOWN
puerta-para-hospital.php,https://puertasyserviciosindustriales.com/puerta-para-hospital.php,producto (probable por estructura),Puerta para hospital | Doorlock | Marcas | PSI | Puertas y Servicios Industriales,"Productos Puerta para hospital Marca Doorlock | Venta, instalación y mantenimiento de puertas automáticas para diferentes sectores de la industria",," [JS: ""Soluciones Industriales""]",detalle-estatico,,,,UNKNOWN,Análisis estático; HTTP e indexación real UNKNOWN
puerta-seccionabl-acero-perfiles-422-uso-pesado.php,https://puertasyserviciosindustriales.com/puerta-seccionabl-acero-perfiles-422-uso-pesado.php,producto (probable),Puertas seccionales de acero perfiles 422 (uso pesado) | Overhead Door | Marcas | PSI | Puertas y Servicios Industriales,"Productos Puertas seccionales de acero perfiles 422 (uso pesado) Marca Overhead Door | Venta, instalación y mantenimiento de puertas automáticas para diferentes sectores de la industria",," [JS: ""Puertas seccionales de acero""]",detalle-estatico,,,fichas/puerta-seccional-422.pdf,UNKNOWN,Análisis estático; HTTP e indexación real UNKNOWN
puerta-seccional-de-acero-perfiles-418.php,https://puertasyserviciosindustriales.com/puerta-seccional-de-acero-perfiles-418.php,producto (probable),Puerta seccional de aluminio 418 | Overhead Door | Marcas | PSI | Puertas y Servicios Industriales,"Productos Puerta seccional de aluminio 418 Marca Overhead Door | Venta, instalación y mantenimiento de puertas automáticas para diferentes sectores de la industria",," [JS: ""Puertas seccionales de ""]",detalle-estatico,,,fichas/puerta-seccional-418.pdf,UNKNOWN,Análisis estático; HTTP e indexación real UNKNOWN
puerta-seccional-de-acero-perfiles-432-uso-medio.php,https://puertasyserviciosindustriales.com/puerta-seccional-de-acero-perfiles-432-uso-medio.php,producto (probable),Puertas seccionales de acero perfiles 432 (uso medio) | Overhead Door | Marcas | PSI | Puertas y Servicios Industriales,"Productos Puertas seccionales de acero perfiles 432 (uso medio) Marca Overhead Door | Venta, instalación y mantenimiento de puertas automáticas para diferentes sectores de la industria",," [JS: ""Puertas seccionales de acero""]",detalle-estatico,,,fichas/puerta-seccional-432.pdf,UNKNOWN,Análisis estático; HTTP e indexación real UNKNOWN
puerta-seccional-de-acero-sin-aislamiento-416-uso-muy-pesado.php,https://puertasyserviciosindustriales.com/puerta-seccional-de-acero-sin-aislamiento-416-uso-muy-pesado.php,producto (probable por estructura),Puertas seccionales de acero sin aislamiento 416 (uso muy pesado) | Overhead Door | Marcas | PSI | Puertas y Servicios Industriales,"Productos Puertas seccionales de acero sin aislamiento 416 (uso muy pesado) Marca Overhead Door | Venta, instalación y mantenimiento de puertas automáticas para diferentes sectores de la industria",," [JS: ""Puertas seccionales de acero ""]",detalle-estatico,,,,UNKNOWN,Análisis estático; HTTP e indexación real UNKNOWN
puerta-seccional-de-acero-sin-aislamiento-424-uso-pesado.php,https://puertasyserviciosindustriales.com/puerta-seccional-de-acero-sin-aislamiento-424-uso-pesado.php,producto (probable),Puerta seccional de acero sin aislamiento 424 (uso pesado) | Overhead Door | Marcas | PSI | Puertas y Servicios Industriales,"Productos Puerta seccional de acero sin aislamiento 424 (uso pesado) Marca Overhead Door | Venta, instalación y mantenimiento de puertas automáticas para diferentes sectores de la industria",," [JS: ""Puertas seccionales de acero ""]",detalle-estatico,,,fichas/puerta-424.pdf,UNKNOWN,Análisis estático; HTTP e indexación real UNKNOWN
puerta-seccional-de-acero-thermacore-593-uso-medio.php,https://puertasyserviciosindustriales.com/puerta-seccional-de-acero-thermacore-593-uso-medio.php,producto (probable),Puertas seccionales de acero Thermacore 593 (uso medio) | Overhead Door | Marcas | PSI | Puertas y Servicios Industriales,"Productos Puertas seccionales de acero Thermacore 593 (uso medio) Marca Overhead Door | Venta, instalación y mantenimiento de puertas automáticas para diferentes sectores de la industria",," [JS: ""Puertas seccionales de acero""]",detalle-estatico,,,fichas/puerta-thermacore-593.pdf,UNKNOWN,Análisis estático; HTTP e indexación real UNKNOWN
puerta-seccional-de-acero-thermacore-594-uso-medio.php,https://puertasyserviciosindustriales.com/puerta-seccional-de-acero-thermacore-594-uso-medio.php,producto (probable),Puertas seccionales de acero Thermacore 594 (uso medio) | Overhead Door | Marcas | PSI | Puertas y Servicios Industriales,"Productos Puertas seccionales de acero Thermacore 594 (uso medio) Marca Overhead Door | Venta, instalación y mantenimiento de puertas automáticas para diferentes sectores de la industria",," [JS: ""Puertas seccionales de acero""]",detalle-estatico,,,fichas/puerta-thermacore-594.pdf,UNKNOWN,Análisis estático; HTTP e indexación real UNKNOWN
puerta-seccional-de-acero-thermacore-595-uso-pesado.php,https://puertasyserviciosindustriales.com/puerta-seccional-de-acero-thermacore-595-uso-pesado.php,producto (probable),Puertas seccionales de acero Thermacore 593 (uso pesado) | Overhead Door | Marcas | PSI | Puertas y Servicios Industriales,"Productos Puertas seccionales de acero Thermacore 593 (uso pesado) Marca Overhead Door | Venta, instalación y mantenimiento de puertas automáticas para diferentes sectores de la industria",," [JS: ""Puertas seccionales de acero""]",detalle-estatico,,,fichas/puerta-thermacore-595.pdf,UNKNOWN,Análisis estático; HTTP e indexación real UNKNOWN
puerta-seccional-de-acero-thermacore-599-uso-muy-pesado.php,https://puertasyserviciosindustriales.com/puerta-seccional-de-acero-thermacore-599-uso-muy-pesado.php,producto (probable por estructura),Puertas seccionales de acero Thermacore 599 (uso muy pesado) | Overhead Door | Marcas | PSI | Puertas y Servicios Industriales,"Productos Puertas seccionales de acero Thermacore 599 (uso muy pesado) Marca Overhead Door | Venta, instalación y mantenimiento de puertas automáticas para diferentes sectores de la industria",," [JS: ""Puertas seccionales de acero""]",detalle-estatico,,,,UNKNOWN,Análisis estático; HTTP e indexación real UNKNOWN
puerta-seccional-de-acero-thermacore-serie-592.php,https://puertasyserviciosindustriales.com/puerta-seccional-de-acero-thermacore-serie-592.php,producto (probable),Puertas seccionales de acero Thermacore serie 592 | Overhead Door | Marcas | PSI | Puertas y Servicios Industriales,"Productos Puertas seccionales de acero Thermacore serie 592 Marca Overhead Door | Venta, instalación y mantenimiento de puertas automáticas para diferentes sectores de la industria",," [JS: ""Puertas seccionales de acero ""]",detalle-estatico,,,fichas/sectional-thermacore-doors-592-599-brochure.pdf,UNKNOWN,Análisis estático; HTTP e indexación real UNKNOWN
puerta-y-fijos-louver.php,https://puertasyserviciosindustriales.com/puerta-y-fijos-louver.php,producto (probable por estructura),Puerta y fijos Louver | Doorlock | Marcas | PSI | Puertas y Servicios Industriales,"Productos Puerta y fijos Louver Marca Doorlock | Venta, instalación y mantenimiento de puertas automáticas para diferentes sectores de la industria",," [JS: ""Soluciones Industriales""]",detalle-estatico,,,,UNKNOWN,Análisis estático; HTTP e indexación real UNKNOWN
puertas-blindadas.php,https://puertasyserviciosindustriales.com/puertas-blindadas.php,producto (probable),Puertas blindadas | Doorlock | Marcas | PSI | Puertas y Servicios Industriales,"Productos Puertas blindadas Marca Doorlock | Venta, instalación y mantenimiento de puertas automáticas para diferentes sectores de la industria",," [JS: ""Soluciones Industriales""]",detalle-estatico,,,fichas/Puerta-Blindada1.pdf | fichas/Ventana-blindad-y-pasa-documentos.pdf,UNKNOWN,Análisis estático; HTTP e indexación real UNKNOWN
puertas-contra-incendio.php,https://puertasyserviciosindustriales.com/puertas-contra-incendio.php,producto (probable),Puertas contra incendio | Doorlock | Marcas | PSI | Puertas y Servicios Industriales,"Productos Puertas contra incendio Marca Doorlock | Venta, instalación y mantenimiento de puertas automáticas para diferentes sectores de la industria",," [JS: ""Soluciones Industriales""]",detalle-estatico,,,fichas/Puerta-incendio-Door-Loock.pdf | fichas/Puertas-contra-incendio.pdf,UNKNOWN,Análisis estático; HTTP e indexación real UNKNOWN
puertas-contra-rayos-x.php,https://puertasyserviciosindustriales.com/puertas-contra-rayos-x.php,producto (probable),Puertas contra rayos X | Doorlock | Marcas | PSI | Puertas y Servicios Industriales,"Productos Puertas contra rayos X Marca Doorlock | Venta, instalación y mantenimiento de puertas automáticas para diferentes sectores de la industria",," [JS: ""Soluciones Industriales""]",detalle-estatico,,,fichas/Puerta-Rayos-X-fabricación.pdf | fichas/Puertas-Rayosx-folleto.pdf,UNKNOWN,Análisis estático; HTTP e indexación real UNKNOWN
puertas-de-garaje-aisladas.php,https://puertasyserviciosindustriales.com/puertas-de-garaje-aisladas.php,producto (probable por estructura),PSI | Puertas y Servicios Industriales,"Venta, instalación y mantenimiento de puertas automáticas para diferentes sectores de la industria",," [JS: ""Soluciones Residenciales""]",detalle-estatico,,,,UNKNOWN,Análisis estático; HTTP e indexación real UNKNOWN; title genérico heredado
puertas-enrollables-de-garage.php,https://puertasyserviciosindustriales.com/puertas-enrollables-de-garage.php,producto (probable por estructura),PSI | Puertas y Servicios Industriales,"Venta, instalación y mantenimiento de puertas automáticas para diferentes sectores de la industria",," [JS: ""Soluciones Residenciales""]",detalle-estatico,,,,UNKNOWN,Análisis estático; HTTP e indexación real UNKNOWN; title genérico heredado
puertas-industriales-dockman.php,https://puertasyserviciosindustriales.com/puertas-industriales-dockman.php,producto (probable),Puertas Industriales | Dockman | Marcas | PSI | Puertas y Servicios Industriales,"Productos Puertas Industriales Marca Dockman | Venta, instalación y mantenimiento de puertas automáticas para diferentes sectores de la industria",," [JS: ""Soluciones Residenciales""]",detalle-estatico,,,fichas/PUERTAS-INDUSTRIALES-DOCKMAN-1.pdf,UNKNOWN,Análisis estático; HTTP e indexación real UNKNOWN
puertas-peatonales-estandar-y-reforzada.php,https://puertasyserviciosindustriales.com/puertas-peatonales-estandar-y-reforzada.php,categoría / landing SEO (probable),Puertas estandares y reforzadas | Puertas peatonales de Salida de Emergencia | PSI | Puertas y Servicios Industriales,"Puertas estandares y reforzadas | Puertas peatonales de Salida de Emergencia | Venta, instalación y mantenimiento de puertas automáticas para diferentes sectores de la industria",," [JS: ""Puertas peatonales de Salida de Emergencia""]",listado-estatico,,,,UNKNOWN,Análisis estático; HTTP e indexación real UNKNOWN
puertas-peatonales-hospitales.php,https://puertasyserviciosindustriales.com/puertas-peatonales-hospitales.php,categoría / landing SEO (probable),Puertas para hospitales | PUERTAS PEATONALES PARA HOSPITALES | PSI | Puertas y Servicios Industriales,"Puertas para hospitales | Venta, instalación y mantenimiento de puertas automáticas para diferentes sectores de la industria",," [JS: ""PUERTAS PEATONALES PARA HOSPITALES""]",listado-estatico,,,,UNKNOWN,Análisis estático; HTTP e indexación real UNKNOWN
puertas-peatonales-rayos-x.php,https://puertasyserviciosindustriales.com/puertas-peatonales-rayos-x.php,categoría / landing SEO (probable),Puertas con protección para rayos X | Puertas peatonales rayos X | PSI | Puertas y Servicios Industriales,"Puertas con protección para rayos X | Venta, instalación y mantenimiento de puertas automáticas para diferentes sectores de la industria",," [JS: ""Puertas peatonales rayos X""]",listado-estatico,,,,UNKNOWN,Análisis estático; HTTP e indexación real UNKNOWN
puertas-peatonales-tipo-holandesa.php,https://puertasyserviciosindustriales.com/puertas-peatonales-tipo-holandesa.php,categoría / landing SEO (probable),Puerta holandesa | Puertas peatonales de Salida de Emergencia | PSI | Puertas y Servicios Industriales,"Puerta holandesa | Puertas peatonales de Salida de Emergencia | Venta, instalación y mantenimiento de puertas automáticas para diferentes sectores de la industria",," [JS: ""Puertas peatonales de Salida de Emergencia""]",listado-estatico,,,,UNKNOWN,Análisis estático; HTTP e indexación real UNKNOWN
puertas-rapidas-enrollables.php,https://puertasyserviciosindustriales.com/puertas-rapidas-enrollables.php,producto (probable por estructura),Puertas rápidas enrollables | Soluciones | PSI | Puertas y Servicios Industriales,"Soluciones de Productos Puertas rápidas enrollables | Venta, instalación y mantenimiento de puertas automáticas para diferentes sectores de la industria",," [JS: ""Soluciones Residenciales""]",detalle-estatico,,,,UNKNOWN,Análisis estático; HTTP e indexación real UNKNOWN
puertas-rapidas.php,https://puertasyserviciosindustriales.com/puertas-rapidas.php,categoría / landing SEO (probable),Puertas rápidas industriales | Soluciones | PSI | Puertas y Servicios Industriales,"Soluciones de Productos Puertas rápidas industriales | Venta, instalación y mantenimiento de puertas automáticas para diferentes sectores de la industria",," [JS: ""Soluciones Residenciales""]",listado-estatico,,,,UNKNOWN,Análisis estático; HTTP e indexación real UNKNOWN
puertas-residenciales.php,https://puertasyserviciosindustriales.com/puertas-residenciales.php,producto (probable por estructura),Puertas Residenciales | Soluciones Residenciales | PSI | Puertas y Servicios Industriales,"Puertas Residenciales | Venta, instalación y mantenimiento de puertas automáticas para diferentes sectores de la industria",," [JS: ""Soluciones Residenciales""]",detalle-estatico,,,,UNKNOWN,Análisis estático; HTTP e indexación real UNKNOWN
puertas-salida-emergencia.php,https://puertasyserviciosindustriales.com/puertas-salida-emergencia.php,categoría / landing SEO (probable),Puertas para salidas de emergencia | Puertas Peatonales de Emergencia | PSI | Puertas y Servicios Industriales,"Puertas para salidas de emergencia | Venta, instalación y mantenimiento de puertas automáticas para diferentes sectores de la industria",," [JS: ""PUERTAS PEATONALES SALIDA DE EMERGENCIA""]",listado-estatico,,,,UNKNOWN,Análisis estático; HTTP e indexación real UNKNOWN
puertas-seccionales-de-acero-aisladas-thermospan-modelo-150.php,https://puertasyserviciosindustriales.com/puertas-seccionales-de-acero-aisladas-thermospan-modelo-150.php,producto (probable),Puertas Seccionales de Acero Aisladas Thermospan ® | Wayne Dalton | Marcas | PSI | Puertas y Servicios Industriales,"Productos Puertas Seccionales de Acero Aisladas Thermospan ® Marca Wayne Dalton | Venta, instalación y mantenimiento de puertas automáticas para diferentes sectores de la industria",," [JS: ""Soluciones Residenciales""]",detalle-estatico,,,fichas/sectional-steel-door-model-150-brochure.pdf,UNKNOWN,Análisis estático; HTTP e indexación real UNKNOWN
puertas-seccionales-de-acero-aisladas-thermospan.php,https://puertasyserviciosindustriales.com/puertas-seccionales-de-acero-aisladas-thermospan.php,producto (probable),Puertas Seccionales de Acero Aisladas Thermospan ® | Wayne Dalton | Marcas | PSI | Puertas y Servicios Industriales,"Productos Puertas Seccionales de Acero Aisladas Thermospan ® Marca Wayne Dalton | Venta, instalación y mantenimiento de puertas automáticas para diferentes sectores de la industria",," [JS: ""Soluciones Residenciales""]",detalle-estatico,,,fichas/sectional-steel-door-model-150-brochure.pdf,UNKNOWN,Análisis estático; HTTP e indexación real UNKNOWN
puertas-seccionales-de-acero-modelo-2415.php,https://puertasyserviciosindustriales.com/puertas-seccionales-de-acero-modelo-2415.php,producto (probable),Puertas Seccionales de Acero Modelo 2415 | Wayne Dalton | Marcas | PSI | Puertas y Servicios Industriales,"Productos Puertas Seccionales de Acero Modelo 2415 Marca Wayne Dalton | Venta, instalación y mantenimiento de puertas automáticas para diferentes sectores de la industria",," [JS: ""Puertas seccionales de acero ""]",detalle-estatico,,,fichas/sectional-steel-door-2415-brochure.pdf,UNKNOWN,Análisis estático; HTTP e indexación real UNKNOWN
puertas-seccionales-de-acero-perfiles-426.php,https://puertasyserviciosindustriales.com/puertas-seccionales-de-acero-perfiles-426.php,producto (probable),Puertas seccionales de acero perfiles 426 | Overhead Door | Marcas | PSI | Puertas y Servicios Industriales,"Productos Puertas seccionales de acero perfiles 426 Marca Overhead Door | Venta, instalación y mantenimiento de puertas automáticas para diferentes sectores de la industria",," [JS: ""Puertas seccionales de acero""]",detalle-estatico,,,fichas/puerta-seccional-426.pdf,UNKNOWN,Análisis estático; HTTP e indexación real UNKNOWN
puertas-seccionales-de-acero-sin-aislamiento-420-uso-pesado.php,https://puertasyserviciosindustriales.com/puertas-seccionales-de-acero-sin-aislamiento-420-uso-pesado.php,producto (probable),Puertas seccionales de acero sin aislamiento 420 (uso pesado) | Overhead Door | Marcas | PSI | Puertas y Servicios Industriales,"Productos Puertas seccionales de acero sin aislamiento 420 (uso pesado) Marca Overhead Door | Venta, instalación y mantenimiento de puertas automáticas para diferentes sectores de la industria",," [JS: ""Puertas seccionales de acero ""]",detalle-estatico,,,fichas/puerta-420.pdf,UNKNOWN,Análisis estático; HTTP e indexación real UNKNOWN
puertas-seccionales-de-acero-thermacore-598-uso-liviano.php,https://puertasyserviciosindustriales.com/puertas-seccionales-de-acero-thermacore-598-uso-liviano.php,producto (probable por estructura),Puerta seccional de acero thermacore 525 | Overhead Door | Marcas | PSI | Puertas y Servicios Industriales,"Productos Puerta seccional de acero thermacore 525 Marca Overhead Door | Venta, instalación y mantenimiento de puertas automáticas para diferentes sectores de la industria",," [JS: ""Puertas seccionales de acero""]",detalle-estatico,,,,UNKNOWN,Análisis estático; HTTP e indexación real UNKNOWN
puertas-seccionales-de-aluminio-521.php,https://puertasyserviciosindustriales.com/puertas-seccionales-de-aluminio-521.php,producto (probable),Puerta seccional de aluminio 521 | Overhead Door | Marcas | PSI | Puertas y Servicios Industriales,"Productos Puerta seccional de aluminio 521 Marca Overhead Door | Venta, instalación y mantenimiento de puertas automáticas para diferentes sectores de la industria",," [JS: ""Puertas seccionales de ""]",detalle-estatico,,,fichas/puerta-521.pdf,UNKNOWN,Análisis estático; HTTP e indexación real UNKNOWN
puertas-seccionales-industriales.php,https://puertasyserviciosindustriales.com/puertas-seccionales-industriales.php,categoría / landing SEO (probable),Puertas seccionales industriales | Soluciones | PSI | Puertas y Servicios Industriales,"Soluciones de Productos Puertas seccionales industriales | Venta, instalación y mantenimiento de puertas automáticas para diferentes sectores de la industria",," [JS: ""Soluciones""]",listado-estatico,,,,UNKNOWN,Análisis estático; HTTP e indexación real UNKNOWN
puertas-y-fijos-louver.php,https://puertasyserviciosindustriales.com/puertas-y-fijos-louver.php,categoría / landing SEO (probable),Puertas tipo Louver y holandesa | Puertas peatonales de Salida de Emergencia | PSI | Puertas y Servicios Industriales,"Puertas tipo Louver y holandesa | Puertas peatonales de Salida de Emergencia | Venta, instalación y mantenimiento de puertas automáticas para diferentes sectores de la industria",," [JS: ""Puertas peatonales de Salida de Emergencia""]",listado-estatico,,,,UNKNOWN,Análisis estático; HTTP e indexación real UNKNOWN
puertasresidenciales.php,https://puertasyserviciosindustriales.com/puertasresidenciales.php,categoría / landing SEO (probable),Puertas Residenciales | Residencial | PSI | Puertas y Servicios Industriales,"Puertas Residenciales | Venta, instalación y mantenimiento de puertas automáticas para diferentes sectores de la industria",," [JS: ""Residencial""]",listado-estatico,,,,UNKNOWN,Análisis estático; HTTP e indexación real UNKNOWN
q-silent-max-eagle-3-4-hp.php,https://puertasyserviciosindustriales.com/q-silent-max-eagle-3-4-hp.php,producto (probable),Operadores para puertas abatibles | Overhead Door | Marcas | PSI | Puertas y Servicios Industriales,"Productos Operadores para puertas abatibles Marca Overhead Door | Venta, instalación y mantenimiento de puertas automáticas para diferentes sectores de la industria",," [JS: ""Soluciones Residenciales""]",detalle-estatico,,,fichas/13.0.Folleto-Operador-AccessPRO-FS1000-SPEED-hoja-tecnica.pdf,UNKNOWN,Análisis estático; HTTP e indexación real UNKNOWN
qik-barreras-automaticas-de-hasta-58-m.php,https://puertasyserviciosindustriales.com/qik-barreras-automaticas-de-hasta-58-m.php,producto (probable por estructura),PSI | Puertas y Servicios Industriales,"Venta, instalación y mantenimiento de puertas automáticas para diferentes sectores de la industria",,,detalle-estatico,,,,UNKNOWN,Análisis estático; HTTP e indexación real UNKNOWN; title genérico heredado
rampa-niveladora-mecanica-blue-giant.php,https://puertasyserviciosindustriales.com/rampa-niveladora-mecanica-blue-giant.php,producto (probable),RAMPA NIVELADORA MECÁNICA | Blue Giant | Marcas | PSI | Puertas y Servicios Industriales,"Productos RAMPA NIVELADORA MECÁNICA Marca Blue Giant | Venta, instalación y mantenimiento de puertas automáticas para diferentes sectores de la industria",," [JS: ""RAMPA NIVELADORA MECÁNICA""]",detalle-estatico,,,fichas/SPA_U-Series_Mechanical_Dock_Leveler.pdf,UNKNOWN,Análisis estático; HTTP e indexación real UNKNOWN
rampa-niveladora.php,https://puertasyserviciosindustriales.com/rampa-niveladora.php,categoría / landing SEO (probable),Rampa Niveladora | Equipos y Accesorios para Anden de Carga | PSI | Puertas y Servicios Industriales,"Soluciones de Productos Comerciales | Venta, instalación y mantenimiento de puertas automáticas para diferentes sectores de la industria",," [JS: ""Equipos y Accesorios para Anden de Carga""]",listado-estatico,,,,UNKNOWN,Análisis estático; HTTP e indexación real UNKNOWN
rampas-de-anden-hidraulicas-kelley.php,https://puertasyserviciosindustriales.com/rampas-de-anden-hidraulicas-kelley.php,producto (probable),Rampas de Andén Hidráulicas | Kelley | Marcas | PSI | Puertas y Servicios Industriales,"Productos Rampas de Andén Hidráulicas Marca Kelley | Venta, instalación y mantenimiento de puertas automáticas para diferentes sectores de la industria",," [JS: ""Soluciones Industriales""]",detalle-estatico,,,fichas/Kelley-Hydraulic-Dock-Leveler-Brochure_web.pdf,UNKNOWN,Análisis estático; HTTP e indexación real UNKNOWN
rampas-de-anden-hidraulicas.php,https://puertasyserviciosindustriales.com/rampas-de-anden-hidraulicas.php,producto (probable),Rampas de Andén Hidráulicas | Dockman | Marcas | PSI | Puertas y Servicios Industriales,"Productos Rampas de Andén Hidráulicas Marca Dockman | Venta, instalación y mantenimiento de puertas automáticas para diferentes sectores de la industria",," [JS: ""Soluciones Industriales""]",detalle-estatico,,,fichas/Rampas-Hidraulicas.pdf,UNKNOWN,Análisis estático; HTTP e indexación real UNKNOWN
rampas-de-anden-mecanicas.php,https://puertasyserviciosindustriales.com/rampas-de-anden-mecanicas.php,producto (probable),Rampas de Andén Mecánicas | Dockman | Marcas | PSI | Puertas y Servicios Industriales,"Productos Rampas de Andén Mecánicas Marca Dockman | Venta, instalación y mantenimiento de puertas automáticas para diferentes sectores de la industria",," [JS: ""Soluciones Industriales""]",detalle-estatico,,,fichas/Rampas-mecánicas.pdf,UNKNOWN,Análisis estático; HTTP e indexación real UNKNOWN
rapida-apilable.php,https://puertasyserviciosindustriales.com/rapida-apilable.php,producto (probable),RÁPIDA ENROLLABLE INDUSTRIAL | Infraca Quality Doors | Marcas | PSI | Puertas y Servicios Industriales,"Productos RÁPIDA ENROLLABLE INDUSTRIAL Marca Infraca Quality Doors | Venta, instalación y mantenimiento de puertas automáticas para diferentes sectores de la industria",," [JS: ""Soluciones Industriales""]",detalle-estatico,,,fichas/INFRACA-RÁPIDA-APILABLE.pdf,UNKNOWN,Análisis estático; HTTP e indexación real UNKNOWN
rapida-enrollable-industrial.php,https://puertasyserviciosindustriales.com/rapida-enrollable-industrial.php,producto (probable),RÁPIDA ENROLLABLE INDUSTRIAL | Infraca Quality Doors | Marcas | PSI | Puertas y Servicios Industriales,"Productos RÁPIDA ENROLLABLE INDUSTRIAL Marca Infraca Quality Doors | Venta, instalación y mantenimiento de puertas automáticas para diferentes sectores de la industria",," [JS: ""Soluciones Industriales""]",detalle-estatico,,,fichas/INFRACA-RAPIDA-ENROLLABLE.pdf,UNKNOWN,Análisis estático; HTTP e indexación real UNKNOWN
receptor-para-control-vehiculos.php,https://puertasyserviciosindustriales.com/receptor-para-control-vehiculos.php,categoría / landing SEO (probable),Receptor para control de paso de vehiculos | Soluciones comerciales | PSI | Puertas y Servicios Industriales,"Soluciones comerciales de Receptor para control de paso de vehiculos | Venta, instalación y mantenimiento de puertas automáticas para diferentes sectores de la industria",," [JS: ""Soluciones Comerciales""]",listado-estatico,,,,UNKNOWN,Análisis estático; HTTP e indexación real UNKNOWN
residencial.php,https://puertasyserviciosindustriales.com/residencial.php,categoría / landing SEO (probable),Residencial | Soluciones | PSI | Puertas y Servicios Industriales,"Soluciones de Productos Residenciales | Venta, instalación y mantenimiento de puertas automáticas para diferentes sectores de la industria",," [JS: ""Soluciones""]",listado-estatico,,,,UNKNOWN,Análisis estático; HTTP e indexación real UNKNOWN
retenedor-de-vehiculos.php,https://puertasyserviciosindustriales.com/retenedor-de-vehiculos.php,producto (probable),RETENEDOR DE VEHICULOS ( electrico) MOD HVR303 StrongArm™ | Blue Giant | Marcas | PSI | Puertas y Servicios Industriales,"Productos RETENEDOR DE VEHICULOS ( electrico) MOD HVR303 StrongArm™ Marca Blue Giant | Venta, instalación y mantenimiento de puertas automáticas para diferentes sectores de la industria",," [JS: ""RETENEDOR DE VEHICULOS ( electrico)""]",detalle-estatico,,,fichas/StrongArm_HVR303_Brochure_Spanish.pdf,UNKNOWN,Análisis estático; HTTP e indexación real UNKNOWN
retenedor-vehiculos-hvr303.php,https://puertasyserviciosindustriales.com/retenedor-vehiculos-hvr303.php,producto (probable por estructura),PSI | Puertas y Servicios Industriales,"Venta, instalación y mantenimiento de puertas automáticas para diferentes sectores de la industria",," [JS: ""RETENEDOR DE VEHICULOS ( eléctrico)""]",detalle-estatico,,,,UNKNOWN,Análisis estático; HTTP e indexación real UNKNOWN; title genérico heredado
retenedores-de-vehiculos-automatico.php,https://puertasyserviciosindustriales.com/retenedores-de-vehiculos-automatico.php,producto (probable),RETENEDORES DE VEHICULOS AUTOMATICO TPR | Dockman | Marcas | PSI | Puertas y Servicios Industriales,"Productos RETENEDORES DE VEHICULOS AUTOMATICO TPR Marca Dockman | Venta, instalación y mantenimiento de puertas automáticas para diferentes sectores de la industria",," [JS: ""Soluciones Industriales""]",detalle-estatico,,,fichas/Retenedor-de-vehiculos-automatico.pdf,UNKNOWN,Análisis estático; HTTP e indexación real UNKNOWN
retenedores-de-vehiculos.php,https://puertasyserviciosindustriales.com/retenedores-de-vehiculos.php,categoría / landing SEO (probable),Retenedores de Vehiculos | Equipos y Accesorios para Anden de Carga | PSI | Puertas y Servicios Industriales,"Retenedores de Vehiculos | Venta, instalación y mantenimiento de puertas automáticas para diferentes sectores de la industria",," [JS: ""Equipos y Accesorios para Anden de Carga""]",listado-estatico,,,,UNKNOWN,Análisis estático; HTTP e indexación real UNKNOWN
rolli-zip.php,https://puertasyserviciosindustriales.com/rolli-zip.php,producto (probable),ROLLI ZIP | GLG Porte Industriali | Marcas | PSI | Puertas y Servicios Industriales,"Productos ROLLI ZIP Marca GLG Porte Industriali | Venta, instalación y mantenimiento de puertas automáticas para diferentes sectores de la industria",," [JS: ""Soluciones Industriales""]",detalle-estatico,,,fichas/Rollizip-Technical-Specifications-15.pdf,UNKNOWN,Análisis estático; HTTP e indexación real UNKNOWN
rytec.php,https://puertasyserviciosindustriales.com/rytec.php,marca,Rytec | Marcas | PSI | Puertas y Servicios Industriales,"Productos Marca Rytec | Venta, instalación y mantenimiento de puertas automáticas para diferentes sectores de la industria",," [JS: ""Marcas""]",listado-marca,,,,UNKNOWN,Análisis estático; HTTP e indexación real UNKNOWN
sector-puertas-rapidas-enrollables-de-sectores-intercambiables-y-contrapesos.php,https://puertasyserviciosindustriales.com/sector-puertas-rapidas-enrollables-de-sectores-intercambiables-y-contrapesos.php,producto (probable por estructura),PSI | Puertas y Servicios Industriales,"Venta, instalación y mantenimiento de puertas automáticas para diferentes sectores de la industria",," [JS: ""Soluciones Industriales""]",detalle-estatico,,,,UNKNOWN,Análisis estático; HTTP e indexación real UNKNOWN; title genérico heredado
sector-reset.php,https://puertasyserviciosindustriales.com/sector-reset.php,producto (probable por estructura),PSI | Puertas y Servicios Industriales,"Venta, instalación y mantenimiento de puertas automáticas para diferentes sectores de la industria",," [JS: ""Soluciones Industriales""]",detalle-estatico,,,,UNKNOWN,Análisis estático; HTTP e indexación real UNKNOWN; title genérico heredado
sellos-de-anden.php,https://puertasyserviciosindustriales.com/sellos-de-anden.php,producto (probable),Sellos de Andén | Dockman | Marcas | PSI | Puertas y Servicios Industriales,"Productos Sellos de Andén Marca Dockman | Venta, instalación y mantenimiento de puertas automáticas para diferentes sectores de la industria",," [JS: ""Soluciones Industriales""]",detalle-estatico,,,fichas/Sellos-de-anden-BrochureW.pdf,UNKNOWN,Análisis estático; HTTP e indexación real UNKNOWN
sellos-nacionales.php,https://puertasyserviciosindustriales.com/sellos-nacionales.php,producto (probable),Sellos Nacionales | Dockman | Marcas | PSI | Puertas y Servicios Industriales,"Productos Sellos Nacionales Marca Dockman | Venta, instalación y mantenimiento de puertas automáticas para diferentes sectores de la industria",," [JS: ""Soluciones Industriales""]",detalle-estatico,,,fichas/FICHATECNICASELLOSSOLMMERS.pdf | fichas/SELLOSSOLMMER.pdf,UNKNOWN,Análisis estático; HTTP e indexación real UNKNOWN
sellos-para-anden-shelter-de-soporte-flexible.php,https://puertasyserviciosindustriales.com/sellos-para-anden-shelter-de-soporte-flexible.php,producto (probable por estructura),SELLOS PARA ANDEN – SHELTER DE SOPORTE FLEXIBLE | Dockman | Marcas | PSI | Puertas y Servicios Industriales,"Productos SELLOS PARA ANDEN – SHELTER DE SOPORTE FLEXIBLE Marca Dockman | Venta, instalación y mantenimiento de puertas automáticas para diferentes sectores de la industria",," [JS: ""Soluciones Industriales""]",detalle-estatico,,,,UNKNOWN,Análisis estático; HTTP e indexación real UNKNOWN
sellos-para-anden.php,https://puertasyserviciosindustriales.com/sellos-para-anden.php,categoría / landing SEO (probable),Sellos para anden | Equipos y Accesorios para Anden de Carga | PSI | Puertas y Servicios Industriales,"Sellos para anden | Venta, instalación y mantenimiento de puertas automáticas para diferentes sectores de la industria",," [JS: ""Equipos y Accesorios para Anden de Carga""]",listado-estatico,,,,UNKNOWN,Análisis estático; HTTP e indexación real UNKNOWN
semaforos-senalizaciones-para-anden.php,https://puertasyserviciosindustriales.com/semaforos-senalizaciones-para-anden.php,categoría / landing SEO (probable),Semaforos y señalizaciones para anden | Equipos y Accesorios para Anden de Carga | PSI | Puertas y Servicios Industriales,"Semaforos y señalizaciones para anden | Venta, instalación y mantenimiento de puertas automáticas para diferentes sectores de la industria",," [JS: ""Equipos y Accesorios para Anden de Carga""]",listado-estatico,,,,UNKNOWN,Análisis estático; HTTP e indexación real UNKNOWN
serie-620.php,https://puertasyserviciosindustriales.com/serie-620.php,producto (probable por estructura),PSI | Puertas y Servicios Industriales,"Venta, instalación y mantenimiento de puertas automáticas para diferentes sectores de la industria",," [JS: ""Soluciones Industriales""]",detalle-estatico,,,,UNKNOWN,Análisis estático; HTTP e indexación real UNKNOWN; title genérico heredado
serie-x130-motor-para-cortina-oculto.php,https://puertasyserviciosindustriales.com/serie-x130-motor-para-cortina-oculto.php,producto (probable),SERIE X130 Motor para cortina oculto | BFT | Marcas | PSI | Puertas y Servicios Industriales,"Productos SERIE X130 Motor para cortina oculto Marca BFT | Venta, instalación y mantenimiento de puertas automáticas para diferentes sectores de la industria",," [JS: ""Soluciones Industriales""]",detalle-estatico,,,fichas/SERIE-X130.pdf,UNKNOWN,Análisis estático; HTTP e indexación real UNKNOWN
sg-onixx-600.php,https://puertasyserviciosindustriales.com/sg-onixx-600.php,producto (probable por estructura),PSI | Puertas y Servicios Industriales,"Venta, instalación y mantenimiento de puertas automáticas para diferentes sectores de la industria",," [JS: ""Soluciones Industriales""]",detalle-estatico,,,,UNKNOWN,Análisis estático; HTTP e indexación real UNKNOWN; title genérico heredado
shelter-abrigo-estacionario-blue-giant.php,https://puertasyserviciosindustriales.com/shelter-abrigo-estacionario-blue-giant.php,producto (probable),ABRIGO ESTACIONARIO BG400 | Blue Giant | Marcas | PSI | Puertas y Servicios Industriales,"Productos ABRIGO ESTACIONARIO BG400 Marca Blue Giant | Venta, instalación y mantenimiento de puertas automáticas para diferentes sectores de la industria",," [JS: ""SHELTER ABRIGO ESTACIONARIO Blue Giant""]",detalle-estatico,,,fichas/Abrigo-de-anden-BG400.pdf | fichas/BGDSHS_Brochure_Sept2014_WEB.pdf,UNKNOWN,Análisis estático; HTTP e indexación real UNKNOWN
smart-puertas-rapidas-enrollables-de-sectores-intercambiables-con-motor-externo.php,https://puertasyserviciosindustriales.com/smart-puertas-rapidas-enrollables-de-sectores-intercambiables-con-motor-externo.php,producto (probable por estructura),PSI | Puertas y Servicios Industriales,"Venta, instalación y mantenimiento de puertas automáticas para diferentes sectores de la industria",," [JS: ""Soluciones Industriales""]",detalle-estatico,,,,UNKNOWN,Análisis estático; HTTP e indexación real UNKNOWN; title genérico heredado
soluciones.php,https://puertasyserviciosindustriales.com/soluciones.php,página pública / soluciones,"Industrial, Residencial y Marcas | Soluciones | PSI | Puertas y Servicios Industriales","Soluciones de Productos Industriales, Residenciales trabajando con las mejores marcas. | Venta, instalación y mantenimiento de puertas automáticas para diferentes sectores de la industria",," [JS: ""Servicios""]",soluciones,,,,UNKNOWN,Análisis estático; HTTP e indexación real UNKNOWN
sprint-automatizaciones-para-puertas-peatonales-pequenas-dimensiones.php,https://puertasyserviciosindustriales.com/sprint-automatizaciones-para-puertas-peatonales-pequenas-dimensiones.php,producto (probable por estructura),PSI | Puertas y Servicios Industriales,"Venta, instalación y mantenimiento de puertas automáticas para diferentes sectores de la industria",," [JS: ""SPRINT – Automatizaciónes para puertas ""]",detalle-estatico,,,,UNKNOWN,Análisis estático; HTTP e indexación real UNKNOWN; title genérico heredado
star1000-receptor-comercial.php,https://puertasyserviciosindustriales.com/star1000-receptor-comercial.php,producto (probable por estructura),PSI | Puertas y Servicios Industriales,"Venta, instalación y mantenimiento de puertas automáticas para diferentes sectores de la industria",," [JS: ""Productos Marca BFT""]",detalle-estatico,,,,UNKNOWN,Análisis estático; HTTP e indexación real UNKNOWN; title genérico heredado
star4-vehicle-restraint.php,https://puertasyserviciosindustriales.com/star4-vehicle-restraint.php,producto (probable),RETENEDOR DE VEHICULOS STAR4 | Kelley | Marcas | PSI | Puertas y Servicios Industriales,"Productos RETENEDOR DE VEHICULOS STAR4 Marca Kelley | Venta, instalación y mantenimiento de puertas automáticas para diferentes sectores de la industria",," [JS: ""Soluciones Industriales""]",detalle-estatico,,,fichas/Kelley-Vehicle-Restraint-Brochure_web.pdf,UNKNOWN,Análisis estático; HTTP e indexación real UNKNOWN
tiras-plasticas-hawaianas.php,https://puertasyserviciosindustriales.com/tiras-plasticas-hawaianas.php,producto (probable por estructura),PSI | Puertas y Servicios Industriales,"Venta, instalación y mantenimiento de puertas automáticas para diferentes sectores de la industria",,,detalle-estatico,,,,UNKNOWN,Análisis estático; HTTP e indexación real UNKNOWN; title genérico heredado
tiras-plasticas.php,https://puertasyserviciosindustriales.com/tiras-plasticas.php,categoría / landing SEO (probable),Tiras plasticas | Industrial | PSI | Puertas y Servicios Industriales,"Tiras plasticas | Venta, instalación y mantenimiento de puertas automáticas para diferentes sectores de la industria",," [JS: ""Industrial""]",listado-estatico,,,,UNKNOWN,Análisis estático; HTTP e indexación real UNKNOWN
traffic.php,https://puertasyserviciosindustriales.com/traffic.php,producto (probable por estructura),PSI | Puertas y Servicios Industriales,"Venta, instalación y mantenimiento de puertas automáticas para diferentes sectores de la industria",," [JS: ""Soluciones Industriales""]",detalle-estatico,,,,UNKNOWN,Análisis estático; HTTP e indexación real UNKNOWN; title genérico heredado
upper-up8e-barreras-automaticas-de-hasta-8-m.php,https://puertasyserviciosindustriales.com/upper-up8e-barreras-automaticas-de-hasta-8-m.php,producto (probable por estructura),PSI | Puertas y Servicios Industriales,"Venta, instalación y mantenimiento de puertas automáticas para diferentes sectores de la industria",,,detalle-estatico,,,,UNKNOWN,Análisis estático; HTTP e indexación real UNKNOWN; title genérico heredado
vertigo.php,https://puertasyserviciosindustriales.com/vertigo.php,producto (probable),VertigGO | GLG Porte Industriali | Marcas | PSI | Puertas y Servicios Industriales,"Productos VertigGO Marca GLG Porte Industriali | Venta, instalación y mantenimiento de puertas automáticas para diferentes sectores de la industria",," [JS: ""Soluciones Industriales""]",detalle-estatico,,,,UNKNOWN,Análisis estático; HTTP e indexación real UNKNOWN
wayne-dalton.php,https://puertasyserviciosindustriales.com/wayne-dalton.php,marca,Wayne Dalton | Marcas | PSI | Puertas y Servicios Industriales,"Productos Marca Wayne Dalton | Venta, instalación y mantenimiento de puertas automáticas para diferentes sectores de la industria",," [JS: ""Marcas""]",listado-marca,,,,UNKNOWN,Análisis estático; HTTP e indexación real UNKNOWN
wel-aotmatizacion-de-puertas-peatonales-pequena-y-robusta.php,https://puertasyserviciosindustriales.com/wel-aotmatizacion-de-puertas-peatonales-pequena-y-robusta.php,producto (probable por estructura),PSI | Puertas y Servicios Industriales,"Venta, instalación y mantenimiento de puertas automáticas para diferentes sectores de la industria",," [JS: ""DAB 105/205/305 Automatización de puertas ""]",detalle-estatico,,,,UNKNOWN,Análisis estático; HTTP e indexación real UNKNOWN; title genérico heredado
xel-5-selector-de-llave.php,https://puertasyserviciosindustriales.com/xel-5-selector-de-llave.php,producto (probable por estructura),PSI | Puertas y Servicios Industriales,"Venta, instalación y mantenimiento de puertas automáticas para diferentes sectores de la industria",," [JS: ""Productos Marca BFT""]",detalle-estatico,,,,UNKNOWN,Análisis estático; HTTP e indexación real UNKNOWN; title genérico heredado
index.php,https://puertasyserviciosindustriales.com/,URL sitemap,,,,,,,,,UNKNOWN,Literal de sitemap.xml; existencia pública sin verificar
fichas/Puerta-incendio-Door-Loock.pdf,https://puertasyserviciosindustriales.com/fichas/Puerta-incendio-Door-Loock.pdf,URL sitemap,,,,,,,,,UNKNOWN,Literal de sitemap.xml; existencia pública sin verificar; referencia adicional: Archivo local existente; no se infiere indexación
fichas/Puertas-contra-incendio.pdf,https://puertasyserviciosindustriales.com/fichas/Puertas-contra-incendio.pdf,URL sitemap,,,,,,,,,UNKNOWN,Literal de sitemap.xml; existencia pública sin verificar; referencia adicional: Archivo local existente; no se infiere indexación
fichas/Puerta_Estandar_Door-Lock.pdf,https://puertasyserviciosindustriales.com/fichas/Puerta_Estandar_Door-Lock.pdf,URL sitemap,,,,,,,,,UNKNOWN,Literal de sitemap.xml; existencia pública sin verificar; referencia adicional: Archivo local existente; no se infiere indexación
fichas/Puerta-Standar-Folleto.pdf,https://puertasyserviciosindustriales.com/fichas/Puerta-Standar-Folleto.pdf,URL sitemap,,,,,,,,,UNKNOWN,Literal de sitemap.xml; existencia pública sin verificar; referencia adicional: Archivo local existente; no se infiere indexación
fichas/Puerta-Estandar-Reforzada-Door-Lock.pdf,https://puertasyserviciosindustriales.com/fichas/Puerta-Estandar-Reforzada-Door-Lock.pdf,URL sitemap,,,,,,,,,UNKNOWN,Literal de sitemap.xml; existencia pública sin verificar; referencia adicional: Archivo local existente; no se infiere indexación
fichas/Puerta-Standar-Reforzada-folleto.pdf,https://puertasyserviciosindustriales.com/fichas/Puerta-Standar-Reforzada-folleto.pdf,URL sitemap,,,,,,,,,UNKNOWN,Literal de sitemap.xml; existencia pública sin verificar; referencia adicional: Archivo local existente; no se infiere indexación
fichas/Puerta-Holandesa-Door-Lock.pdf,https://puertasyserviciosindustriales.com/fichas/Puerta-Holandesa-Door-Lock.pdf,URL sitemap,,,,,,,,,UNKNOWN,Literal de sitemap.xml; existencia pública sin verificar; referencia adicional: Archivo local existente; no se infiere indexación
fichas/CONTRA_EXPLOSION.pdf,https://puertasyserviciosindustriales.com/fichas/CONTRA_EXPLOSION.pdf,URL sitemap,,,,,,,,,UNKNOWN,Literal de sitemap.xml; existencia pública sin verificar; referencia adicional: Archivo local existente; no se infiere indexación
fichas/Puerta-Blindada1.pdf,https://puertasyserviciosindustriales.com/fichas/Puerta-Blindada1.pdf,URL sitemap,,,,,,,,,UNKNOWN,Literal de sitemap.xml; existencia pública sin verificar; referencia adicional: Archivo local existente; no se infiere indexación
fichas/Ventana-blindad-y-pasa-documentos.pdf,https://puertasyserviciosindustriales.com/fichas/Ventana-blindad-y-pasa-documentos.pdf,URL sitemap,,,,,,,,,UNKNOWN,Literal de sitemap.xml; existencia pública sin verificar; referencia adicional: Archivo local existente; no se infiere indexación
fichas/Puertas-Rayosx-folleto.pdf,https://puertasyserviciosindustriales.com/fichas/Puertas-Rayosx-folleto.pdf,URL sitemap,,,,,,,,,UNKNOWN,Literal de sitemap.xml; existencia pública sin verificar; referencia adicional: Archivo local existente; no se infiere indexación
fichas/Puerta-Rayos-X-fabricación.pdf,https://puertasyserviciosindustriales.com/fichas/Puerta-Rayos-X-fabricaci%C3%B3n.pdf,URL sitemap,,,,,,,,,UNKNOWN,Literal de sitemap.xml; existencia pública sin verificar
fichas/13.0.Folleto-Operador-AccessPRO-FS1000-SPEED-hoja-tecnica.pdf,https://puertasyserviciosindustriales.com/fichas/13.0.Folleto-Operador-AccessPRO-FS1000-SPEED-hoja-tecnica.pdf,URL sitemap,,,,,,,,,UNKNOWN,Literal de sitemap.xml; existencia pública sin verificar; referencia adicional: Archivo local existente; no se infiere indexación
fichas/rolling-service-doors-625-brochure.pdf,https://puertasyserviciosindustriales.com/fichas/rolling-service-doors-625-brochure.pdf,URL sitemap,,,,,,,,,UNKNOWN,Literal de sitemap.xml; existencia pública sin verificar; referencia adicional: Archivo local existente; no se infiere indexación
fichas/commercial-aluminum-door-systems-brochure.pdf,https://puertasyserviciosindustriales.com/fichas/commercial-aluminum-door-systems-brochure.pdf,URL sitemap,,,,,,,,,UNKNOWN,Literal de sitemap.xml; existencia pública sin verificar; referencia adicional: Archivo local existente; no se infiere indexación
fichas/lisos.pdf,https://puertasyserviciosindustriales.com/fichas/lisos.pdf,URL sitemap,,,,,,,,,UNKNOWN,Literal de sitemap.xml; existencia pública sin verificar; referencia adicional: Archivo local existente; no se infiere indexación
fichas/rolling-steel-doors-610-620-brochure.pdf,https://puertasyserviciosindustriales.com/fichas/rolling-steel-doors-610-620-brochure.pdf,URL sitemap,,,,,,,,,UNKNOWN,Literal de sitemap.xml; existencia pública sin verificar; referencia adicional: Archivo local existente; no se infiere indexación
fichas/sectional-thermacore-doors-592-599-brochure.pdf,https://puertasyserviciosindustriales.com/fichas/sectional-thermacore-doors-592-599-brochure.pdf,URL sitemap,,,,,,,,,UNKNOWN,Literal de sitemap.xml; existencia pública sin verificar; referencia adicional: Archivo local existente; no se infiere indexación
fichas/RSIDENCIAL-SERIE-PREMIUM.pdf,https://puertasyserviciosindustriales.com/fichas/RSIDENCIAL-SERIE-PREMIUM.pdf,URL sitemap,,,,,,,,,UNKNOWN,Literal de sitemap.xml; existencia pública sin verificar; referencia adicional: Archivo local existente; no se infiere indexación
fichas/rolling-service-doors-600-brochure.pdf,https://puertasyserviciosindustriales.com/fichas/rolling-service-doors-600-brochure.pdf,URL sitemap,,,,,,,,,UNKNOWN,Literal de sitemap.xml; existencia pública sin verificar; referencia adicional: Archivo local existente; no se infiere indexación
fichas/fireking-fire-door-systems-brochure.pdf,https://puertasyserviciosindustriales.com/fichas/fireking-fire-door-systems-brochure.pdf,URL sitemap,,,,,,,,,UNKNOWN,Literal de sitemap.xml; existencia pública sin verificar; referencia adicional: Archivo local existente; no se infiere indexación
fichas/Operador-RHX-Folleto-comercial-para-cortina.pdf,https://puertasyserviciosindustriales.com/fichas/Operador-RHX-Folleto-comercial-para-cortina.pdf,URL sitemap,,,,,,,,,UNKNOWN,Literal de sitemap.xml; existencia pública sin verificar; referencia adicional: Archivo local existente; no se infiere indexación
fichas/Folleto-de-Cortina-Enrollable-Wayne-Dalton-Firestar-700-2.pdf,https://puertasyserviciosindustriales.com/fichas/Folleto-de-Cortina-Enrollable-Wayne-Dalton-Firestar-700-2.pdf,URL sitemap,,,,,,,,,UNKNOWN,Literal de sitemap.xml; existencia pública sin verificar; referencia adicional: Archivo local existente; no se infiere indexación
fichas/sectional-steel-door-model-150-brochure.pdf,https://puertasyserviciosindustriales.com/fichas/sectional-steel-door-model-150-brochure.pdf,URL sitemap,,,,,,,,,UNKNOWN,Literal de sitemap.xml; existencia pública sin verificar; referencia adicional: Archivo local existente; no se infiere indexación
fichas/sectional-steel-door-2415-brochure.pdf,https://puertasyserviciosindustriales.com/fichas/sectional-steel-door-2415-brochure.pdf,URL sitemap,,,,,,,,,UNKNOWN,Literal de sitemap.xml; existencia pública sin verificar; referencia adicional: Archivo local existente; no se infiere indexación
fichas/CMDC-3717-3718-11.pdf,https://puertasyserviciosindustriales.com/fichas/CMDC-3717-3718-11.pdf,URL sitemap,,,,,,,,,UNKNOWN,Literal de sitemap.xml; existencia pública sin verificar; referencia adicional: Archivo local existente; no se infiere indexación
fichas/M-28R.pdf,https://puertasyserviciosindustriales.com/fichas/M-28R.pdf,URL sitemap,,,,,,,,,UNKNOWN,Literal de sitemap.xml; existencia pública sin verificar; referencia adicional: Archivo local existente; no se infiere indexación
fichas/CMDC-0524SP-14-1.pdf,https://puertasyserviciosindustriales.com/fichas/CMDC-0524SP-14-1.pdf,URL sitemap,,,,,,,,,UNKNOWN,Literal de sitemap.xml; existencia pública sin verificar; referencia adicional: Archivo local existente; no se infiere indexación
fichas/Clopay-3720-07.pdf,https://puertasyserviciosindustriales.com/fichas/Clopay-3720-07.pdf,URL sitemap,,,,,,,,,UNKNOWN,Literal de sitemap.xml; existencia pública sin verificar; referencia adicional: Archivo local existente; no se infiere indexación
fichas/BGDSHS_Brochure_Sept2014_WEB.pdf,https://puertasyserviciosindustriales.com/fichas/BGDSHS_Brochure_Sept2014_WEB.pdf,URL sitemap,,,,,,,,,UNKNOWN,Literal de sitemap.xml; existencia pública sin verificar; referencia adicional: Archivo local existente; no se infiere indexación
fichas/Abrigo-de-anden-BG400.pdf,https://puertasyserviciosindustriales.com/fichas/Abrigo-de-anden-BG400.pdf,URL sitemap,,,,,,,,,UNKNOWN,Literal de sitemap.xml; existencia pública sin verificar; referencia adicional: Archivo local existente; no se infiere indexación
fichas/StrongArm_HVR303_Brochure_Spanish.pdf,https://puertasyserviciosindustriales.com/fichas/StrongArm_HVR303_Brochure_Spanish.pdf,URL sitemap,,,,,,,,,UNKNOWN,Literal de sitemap.xml; existencia pública sin verificar; referencia adicional: Archivo local existente; no se infiere indexación
fichas/SPA_U-Series_Mechanical_Dock_Leveler.pdf,https://puertasyserviciosindustriales.com/fichas/SPA_U-Series_Mechanical_Dock_Leveler.pdf,URL sitemap,,,,,,,,,UNKNOWN,Literal de sitemap.xml; existencia pública sin verificar; referencia adicional: Archivo local existente; no se infiere indexación
fichas/moovi50rm.pdf,https://puertasyserviciosindustriales.com/fichas/moovi50rm.pdf,URL sitemap,,,,,,,,,UNKNOWN,Literal de sitemap.xml; existencia pública sin verificar; referencia adicional: Archivo local existente; no se infiere indexación
fichas/Kelley-Hydraulic-Dock-Leveler-Brochure_web.pdf,https://puertasyserviciosindustriales.com/fichas/Kelley-Hydraulic-Dock-Leveler-Brochure_web.pdf,URL sitemap,,,,,,,,,UNKNOWN,Literal de sitemap.xml; existencia pública sin verificar; referencia adicional: Archivo local existente; no se infiere indexación
fichas/Kelley-Vehicle-Restraint-Brochure_web.pdf,https://puertasyserviciosindustriales.com/fichas/Kelley-Vehicle-Restraint-Brochure_web.pdf,URL sitemap,,,,,,,,,UNKNOWN,Literal de sitemap.xml; existencia pública sin verificar; referencia adicional: Archivo local existente; no se infiere indexación
fichas/accesorios-doorlock.pdf,https://puertasyserviciosindustriales.com/fichas/accesorios-doorlock.pdf,URL sitemap,,,,,,,,,UNKNOWN,Literal de sitemap.xml; existencia pública sin verificar; referencia adicional: Archivo local existente; no se infiere indexación
fichas/Fast-Seal_LIT020520_ES-2.pdf,https://puertasyserviciosindustriales.com/fichas/Fast-Seal_LIT020520_ES-2.pdf,URL sitemap,,,,,,,,,UNKNOWN,Literal de sitemap.xml; existencia pública sin verificar; referencia adicional: Archivo local existente; no se infiere indexación
fichas/Predadoor_NXT_LIT020720_ES.pdf,https://puertasyserviciosindustriales.com/fichas/Predadoor_NXT_LIT020720_ES.pdf,URL sitemap,,,,,,,,,UNKNOWN,Literal de sitemap.xml; existencia pública sin verificar; referencia adicional: Archivo local existente; no se infiere indexación
fichas/INFRACA-RAPIDA-ENROLLABLE.pdf,https://puertasyserviciosindustriales.com/fichas/INFRACA-RAPIDA-ENROLLABLE.pdf,URL sitemap,,,,,,,,,UNKNOWN,Literal de sitemap.xml; existencia pública sin verificar; referencia adicional: Archivo local existente; no se infiere indexación
UNKNOWN,https://puertasyserviciosindustriales.com/fichas/INFRACA-RA%CC%81PIDA-APILABLE.pdf,URL sitemap,,,,,,,,,UNKNOWN,Literal de sitemap.xml; existencia pública sin verificar
fichas/Rollizip-Technical-Specifications-15.pdf,https://puertasyserviciosindustriales.com/fichas/Rollizip-Technical-Specifications-15.pdf,URL sitemap,,,,,,,,,UNKNOWN,Literal de sitemap.xml; existencia pública sin verificar; referencia adicional: Archivo local existente; no se infiere indexación
fichas/Alumina-Technical-Specifications-15.pdf,https://puertasyserviciosindustriales.com/fichas/Alumina-Technical-Specifications-15.pdf,URL sitemap,,,,,,,,,UNKNOWN,Literal de sitemap.xml; existencia pública sin verificar; referencia adicional: Archivo local existente; no se infiere indexación
fichas/PUERTAS-INDUSTRIALES-DOCKMAN-1.pdf,https://puertasyserviciosindustriales.com/fichas/PUERTAS-INDUSTRIALES-DOCKMAN-1.pdf,URL sitemap,,,,,,,,,UNKNOWN,Literal de sitemap.xml; existencia pública sin verificar; referencia adicional: Archivo local existente; no se infiere indexación
fichas/Minidock.pdf,https://puertasyserviciosindustriales.com/fichas/Minidock.pdf,URL sitemap,,,,,,,,,UNKNOWN,Literal de sitemap.xml; existencia pública sin verificar; referencia adicional: Archivo local existente; no se infiere indexación
fichas/Sellos-de-anden-BrochureW.pdf,https://puertasyserviciosindustriales.com/fichas/Sellos-de-anden-BrochureW.pdf,URL sitemap,,,,,,,,,UNKNOWN,Literal de sitemap.xml; existencia pública sin verificar; referencia adicional: Archivo local existente; no se infiere indexación
fichas/CORTINA-PLANA.pdf,https://puertasyserviciosindustriales.com/fichas/CORTINA-PLANA.pdf,URL sitemap,,,,,,,,,UNKNOWN,Literal de sitemap.xml; existencia pública sin verificar; referencia adicional: Archivo local existente; no se infiere indexación
fichas/CORTINA-EUROPEA.pdf,https://puertasyserviciosindustriales.com/fichas/CORTINA-EUROPEA.pdf,URL sitemap,,,,,,,,,UNKNOWN,Literal de sitemap.xml; existencia pública sin verificar; referencia adicional: Archivo local existente; no se infiere indexación
fichas/Rampas-Hidraulicas.pdf,https://puertasyserviciosindustriales.com/fichas/Rampas-Hidraulicas.pdf,URL sitemap,,,,,,,,,UNKNOWN,Literal de sitemap.xml; existencia pública sin verificar; referencia adicional: Archivo local existente; no se infiere indexación
fichas/Rampas-mecánicas.pdf,https://puertasyserviciosindustriales.com/fichas/Rampas-mec%C3%A1nicas.pdf,URL sitemap,,,,,,,,,UNKNOWN,Literal de sitemap.xml; existencia pública sin verificar
fichas/Lift-Master-H-Sell-Sheet-Spanish.pdf,https://puertasyserviciosindustriales.com/fichas/Lift-Master-H-Sell-Sheet-Spanish.pdf,URL sitemap,,,,,,,,,UNKNOWN,Literal de sitemap.xml; existencia pública sin verificar; referencia adicional: Archivo local existente; no se infiere indexación
fichas/SERIE-X130.pdf,https://puertasyserviciosindustriales.com/fichas/SERIE-X130.pdf,URL sitemap,,,,,,,,,UNKNOWN,Literal de sitemap.xml; existencia pública sin verificar; referencia adicional: Archivo local existente; no se infiere indexación
fichas/pistones-electromecanicos-phobos.pdf,https://puertasyserviciosindustriales.com/fichas/pistones-electromecanicos-phobos.pdf,URL sitemap,,,,,,,,,UNKNOWN,Literal de sitemap.xml; existencia pública sin verificar; referencia adicional: Archivo local existente; no se infiere indexación
fichas/pistones-hidraulicos-lux.pdf,https://puertasyserviciosindustriales.com/fichas/pistones-hidraulicos-lux.pdf,URL sitemap,,,,,,,,,UNKNOWN,Literal de sitemap.xml; existencia pública sin verificar; referencia adicional: Archivo local existente; no se infiere indexación
fichas/pistones-hidraulicos-p457.pdf,https://puertasyserviciosindustriales.com/fichas/pistones-hidraulicos-p457.pdf,URL sitemap,,,,,,,,,UNKNOWN,Literal de sitemap.xml; existencia pública sin verificar; referencia adicional: Archivo local existente; no se infiere indexación
fichas/puerta-420.pdf,https://puertasyserviciosindustriales.com/fichas/puerta-420.pdf,URL sitemap,,,,,,,,,UNKNOWN,Literal de sitemap.xml; existencia pública sin verificar; referencia adicional: Archivo local existente; no se infiere indexación
fichas/puerta-424.pdf,https://puertasyserviciosindustriales.com/fichas/puerta-424.pdf,URL sitemap,,,,,,,,,UNKNOWN,Literal de sitemap.xml; existencia pública sin verificar; referencia adicional: Archivo local existente; no se infiere indexación
fichas/puerta-430.pdf,https://puertasyserviciosindustriales.com/fichas/puerta-430.pdf,URL sitemap,,,,,,,,,UNKNOWN,Literal de sitemap.xml; existencia pública sin verificar; referencia adicional: Archivo local existente; no se infiere indexación
fichas/puerta-521.pdf,https://puertasyserviciosindustriales.com/fichas/puerta-521.pdf,URL sitemap,,,,,,,,,UNKNOWN,Literal de sitemap.xml; existencia pública sin verificar; referencia adicional: Archivo local existente; no se infiere indexación
fichas/puerta-seccional-418.pdf,https://puertasyserviciosindustriales.com/fichas/puerta-seccional-418.pdf,URL sitemap,,,,,,,,,UNKNOWN,Literal de sitemap.xml; existencia pública sin verificar; referencia adicional: Archivo local existente; no se infiere indexación
fichas/puerta-seccional-422.pdf,https://puertasyserviciosindustriales.com/fichas/puerta-seccional-422.pdf,URL sitemap,,,,,,,,,UNKNOWN,Literal de sitemap.xml; existencia pública sin verificar; referencia adicional: Archivo local existente; no se infiere indexación
fichas/puerta-seccional-426.pdf,https://puertasyserviciosindustriales.com/fichas/puerta-seccional-426.pdf,URL sitemap,,,,,,,,,UNKNOWN,Literal de sitemap.xml; existencia pública sin verificar; referencia adicional: Archivo local existente; no se infiere indexación
fichas/puerta-seccional-432.pdf,https://puertasyserviciosindustriales.com/fichas/puerta-seccional-432.pdf,URL sitemap,,,,,,,,,UNKNOWN,Literal de sitemap.xml; existencia pública sin verificar; referencia adicional: Archivo local existente; no se infiere indexación
fichas/puerta-thermacore-593.pdf,https://puertasyserviciosindustriales.com/fichas/puerta-thermacore-593.pdf,URL sitemap,,,,,,,,,UNKNOWN,Literal de sitemap.xml; existencia pública sin verificar; referencia adicional: Archivo local existente; no se infiere indexación
fichas/puerta-thermacore-594.pdf,https://puertasyserviciosindustriales.com/fichas/puerta-thermacore-594.pdf,URL sitemap,,,,,,,,,UNKNOWN,Literal de sitemap.xml; existencia pública sin verificar; referencia adicional: Archivo local existente; no se infiere indexación
fichas/rhx-commercial-operator-brochure.pdf,https://puertasyserviciosindustriales.com/fichas/rhx-commercial-operator-brochure.pdf,URL sitemap,,,,,,,,,UNKNOWN,Literal de sitemap.xml; existencia pública sin verificar; referencia adicional: Archivo local existente; no se infiere indexación
fichas/rmx-commercial-operator-brochure.pdf,https://puertasyserviciosindustriales.com/fichas/rmx-commercial-operator-brochure.pdf,URL sitemap,,,,,,,,,UNKNOWN,Literal de sitemap.xml; existencia pública sin verificar; referencia adicional: Archivo local existente; no se infiere indexación
fichas/cdx-commercial-operator-sellsheet.pdf,https://puertasyserviciosindustriales.com/fichas/cdx-commercial-operator-sellsheet.pdf,URL sitemap,,,,,,,,,UNKNOWN,Literal de sitemap.xml; existencia pública sin verificar; referencia adicional: Archivo local existente; no se infiere indexación
fichas/operador-cortina.pdf,https://puertasyserviciosindustriales.com/fichas/operador-cortina.pdf,URL sitemap,,,,,,,,,UNKNOWN,Literal de sitemap.xml; existencia pública sin verificar; referencia adicional: Archivo local existente; no se infiere indexación
fichas/rolling-sheet-doors-790-780-770-brochure.pdf,https://puertasyserviciosindustriales.com/fichas/rolling-sheet-doors-790-780-770-brochure.pdf,URL sitemap,,,,,,,,,UNKNOWN,Literal de sitemap.xml; existencia pública sin verificar; referencia adicional: Archivo local existente; no se infiere indexación
fichas/Cortina-serie-610-620.pdf,https://puertasyserviciosindustriales.com/fichas/Cortina-serie-610-620.pdf,URL sitemap,,,,,,,,,UNKNOWN,Literal de sitemap.xml; existencia pública sin verificar; referencia adicional: Archivo local existente; no se infiere indexación
fichas/security-grilles-681-685-brochure.pdf,https://puertasyserviciosindustriales.com/fichas/security-grilles-681-685-brochure.pdf,URL sitemap,,,,,,,,,UNKNOWN,Literal de sitemap.xml; existencia pública sin verificar; referencia adicional: Archivo local existente; no se infiere indexación
fichas/security-grilles-670-671-brochure.pdf,https://puertasyserviciosindustriales.com/fichas/security-grilles-670-671-brochure.pdf,URL sitemap,,,,,,,,,UNKNOWN,Literal de sitemap.xml; existencia pública sin verificar; referencia adicional: Archivo local existente; no se infiere indexación
fichas/security-grilles-670-671-brochure1.pdf,https://puertasyserviciosindustriales.com/fichas/security-grilles-670-671-brochure1.pdf,URL sitemap,,,,,,,,,UNKNOWN,Literal de sitemap.xml; existencia pública sin verificar; referencia adicional: Archivo local existente; no se infiere indexación
fichas/SELLOSSOLMMER.pdf,https://puertasyserviciosindustriales.com/fichas/SELLOSSOLMMER.pdf,URL sitemap,,,,,,,,,UNKNOWN,Literal de sitemap.xml; existencia pública sin verificar; referencia adicional: Archivo local existente; no se infiere indexación
productos.php,https://puertasyserviciosindustriales.com/productos.php?cmd=loadProductos&productId=1,producto dinámico,,,,,ProductosView.php,,Overhead Door,https://puertasyserviciosindustriales.com/system/file.php?id=164&type=application/pdf,UNKNOWN,ID demostrado por dump público; alias /1/producto/{getFriendlyName()}/; slug exacto pendiente de validar codificación; relación 0 impide certificar metadatos del detalle
productos.php,https://puertasyserviciosindustriales.com/productos.php?cmd=loadProductos&productId=2,producto dinámico,,,,,ProductosView.php,Puertas Seccionales,,https://puertasyserviciosindustriales.com/system/file.php?id=9&type=application/pdf | https://puertasyserviciosindustriales.com/system/file.php?id=10&type=application/pdf,UNKNOWN,ID demostrado por dump público; alias /2/producto/{getFriendlyName()}/; slug exacto pendiente de validar codificación; relación 0 impide certificar metadatos del detalle
productos.php,https://puertasyserviciosindustriales.com/productos.php?cmd=loadProductos&productId=3,producto dinámico,,,,,ProductosView.php,Residenciales,,https://puertasyserviciosindustriales.com/system/file.php?id=35&type=application/pdf,UNKNOWN,ID demostrado por dump público; alias /3/producto/{getFriendlyName()}/; slug exacto pendiente de validar codificación; relación 0 impide certificar metadatos del detalle
productos.php,https://puertasyserviciosindustriales.com/productos.php?cmd=loadProductos&productId=4,producto dinámico,,,,,ProductosView.php,,Overhead Door,https://puertasyserviciosindustriales.com/system/file.php?id=173&type=application/pdf,UNKNOWN,ID demostrado por dump público; alias /4/producto/{getFriendlyName()}/; slug exacto pendiente de validar codificación; relación 0 impide certificar metadatos del detalle
productos.php,https://puertasyserviciosindustriales.com/productos.php?cmd=loadProductos&productId=5,producto dinámico,,,,,ProductosView.php,,Overhead Door,https://puertasyserviciosindustriales.com/system/file.php?id=178&type=application/pdf,UNKNOWN,ID demostrado por dump público; alias /5/producto/{getFriendlyName()}/; slug exacto pendiente de validar codificación; relación 0 impide certificar metadatos del detalle
productos.php,https://puertasyserviciosindustriales.com/productos.php?cmd=loadProductos&productId=6,producto dinámico,,,,,ProductosView.php,,Overhead Door,https://puertasyserviciosindustriales.com/system/file.php?id=195&type=application/pdf,UNKNOWN,ID demostrado por dump público; alias /6/producto/{getFriendlyName()}/; slug exacto pendiente de validar codificación; relación 0 impide certificar metadatos del detalle
productos.php,https://puertasyserviciosindustriales.com/productos.php?cmd=loadProductos&productId=7,producto dinámico,,,,,ProductosView.php,,Overhead Door,https://puertasyserviciosindustriales.com/system/file.php?id=200&type=application/pdf,UNKNOWN,ID demostrado por dump público; alias /7/producto/{getFriendlyName()}/; slug exacto pendiente de validar codificación; relación 0 impide certificar metadatos del detalle
productos.php,https://puertasyserviciosindustriales.com/productos.php?cmd=loadProductos&productId=8,producto dinámico,,,,,ProductosView.php,,Overhead Door,https://puertasyserviciosindustriales.com/system/file.php?id=205&type=application/pdf,UNKNOWN,ID demostrado por dump público; alias /8/producto/{getFriendlyName()}/; slug exacto pendiente de validar codificación; relación 0 impide certificar metadatos del detalle
productos.php,https://puertasyserviciosindustriales.com/productos.php?cmd=loadProductos&productId=9,producto dinámico,,,,,ProductosView.php,,Overhead Door,https://puertasyserviciosindustriales.com/system/file.php?id=226&type=application/pdf,UNKNOWN,ID demostrado por dump público; alias /9/producto/{getFriendlyName()}/; slug exacto pendiente de validar codificación; relación 0 impide certificar metadatos del detalle
productos.php,https://puertasyserviciosindustriales.com/productos.php?cmd=loadProductos&productId=10,producto dinámico,,,,,ProductosView.php,,Overhead Door,https://puertasyserviciosindustriales.com/system/file.php?id=235&type=application/pdf,UNKNOWN,ID demostrado por dump público; alias /10/producto/{getFriendlyName()}/; slug exacto pendiente de validar codificación; relación 0 impide certificar metadatos del detalle
productos.php,https://puertasyserviciosindustriales.com/productos.php?cmd=loadProductos&productId=11,producto dinámico,,,,,ProductosView.php,,Overhead Door,https://puertasyserviciosindustriales.com/system/file.php?id=240&type=application/pdf,UNKNOWN,ID demostrado por dump público; alias /11/producto/{getFriendlyName()}/; slug exacto pendiente de validar codificación; relación 0 impide certificar metadatos del detalle
productos.php,https://puertasyserviciosindustriales.com/productos.php?cmd=loadProductos&productId=12,producto dinámico,,,,,ProductosView.php,,Overhead Door,https://puertasyserviciosindustriales.com/system/file.php?id=245&type=application/pdf,UNKNOWN,ID demostrado por dump público; alias /12/producto/{getFriendlyName()}/; slug exacto pendiente de validar codificación; relación 0 impide certificar metadatos del detalle
productos.php,https://puertasyserviciosindustriales.com/productos.php?cmd=loadProductos&productId=13,producto dinámico,,,,,ProductosView.php,,Wayne Dalton,https://puertasyserviciosindustriales.com/system/file.php?id=250&type=application/pdf,UNKNOWN,ID demostrado por dump público; alias /13/producto/{getFriendlyName()}/; slug exacto pendiente de validar codificación; relación 0 impide certificar metadatos del detalle
productos.php,https://puertasyserviciosindustriales.com/productos.php?cmd=loadProductos&productId=14,producto dinámico,,,,,ProductosView.php,,Wayne Dalton,https://puertasyserviciosindustriales.com/system/file.php?id=259&type=application/pdf,UNKNOWN,ID demostrado por dump público; alias /14/producto/{getFriendlyName()}/; slug exacto pendiente de validar codificación; relación 0 impide certificar metadatos del detalle
productos.php,https://puertasyserviciosindustriales.com/productos.php?cmd=loadProductos&productId=15,producto dinámico,,,,,ProductosView.php,,Wayne Dalton,https://puertasyserviciosindustriales.com/system/file.php?id=268&type=application/pdf,UNKNOWN,ID demostrado por dump público; alias /15/producto/{getFriendlyName()}/; slug exacto pendiente de validar codificación; relación 0 impide certificar metadatos del detalle
productos.php,https://puertasyserviciosindustriales.com/productos.php?cmd=loadProductos&productId=16,producto dinámico,,,,,ProductosView.php,,Wayne Dalton,https://puertasyserviciosindustriales.com/system/file.php?id=285&type=application/pdf,UNKNOWN,ID demostrado por dump público; alias /16/producto/{getFriendlyName()}/; slug exacto pendiente de validar codificación; relación 0 impide certificar metadatos del detalle
productos.php,https://puertasyserviciosindustriales.com/productos.php?cmd=loadProductos&productId=17,producto dinámico,,,,,ProductosView.php,,Clopay,https://puertasyserviciosindustriales.com/system/file.php?id=294&type=application/pdf | https://puertasyserviciosindustriales.com/system/file.php?id=295&type=application/pdf,UNKNOWN,ID demostrado por dump público; alias /17/producto/{getFriendlyName()}/; slug exacto pendiente de validar codificación; relación 0 impide certificar metadatos del detalle
productos.php,https://puertasyserviciosindustriales.com/productos.php?cmd=loadProductos&productId=18,producto dinámico,,,,,ProductosView.php,,Clopay,https://puertasyserviciosindustriales.com/system/file.php?id=304&type=application/pdf,UNKNOWN,ID demostrado por dump público; alias /18/producto/{getFriendlyName()}/; slug exacto pendiente de validar codificación; relación 0 impide certificar metadatos del detalle
productos.php,https://puertasyserviciosindustriales.com/productos.php?cmd=loadProductos&productId=19,producto dinámico,,,,,ProductosView.php,,Clopay,https://puertasyserviciosindustriales.com/system/file.php?id=313&type=application/pdf,UNKNOWN,ID demostrado por dump público; alias /19/producto/{getFriendlyName()}/; slug exacto pendiente de validar codificación; relación 0 impide certificar metadatos del detalle
productos.php,https://puertasyserviciosindustriales.com/productos.php?cmd=loadProductos&productId=20,producto dinámico,,,,,ProductosView.php,,Clopay,https://puertasyserviciosindustriales.com/system/file.php?id=330&type=application/pdf,UNKNOWN,ID demostrado por dump público; alias /20/producto/{getFriendlyName()}/; slug exacto pendiente de validar codificación; relación 0 impide certificar metadatos del detalle
productos.php,https://puertasyserviciosindustriales.com/productos.php?cmd=loadProductos&productId=21,producto dinámico,,,,,ProductosView.php,,Blue Giant,https://puertasyserviciosindustriales.com/system/file.php?id=335&type=application/pdf | https://puertasyserviciosindustriales.com/system/file.php?id=336&type=application/pdf,UNKNOWN,ID demostrado por dump público; alias /21/producto/{getFriendlyName()}/; slug exacto pendiente de validar codificación; relación 0 impide certificar metadatos del detalle
productos.php,https://puertasyserviciosindustriales.com/productos.php?cmd=loadProductos&productId=22,producto dinámico,,,,,ProductosView.php,,Blue Giant,https://puertasyserviciosindustriales.com/system/file.php?id=341&type=application/pdf,UNKNOWN,ID demostrado por dump público; alias /22/producto/{getFriendlyName()}/; slug exacto pendiente de validar codificación; relación 0 impide certificar metadatos del detalle
productos.php,https://puertasyserviciosindustriales.com/productos.php?cmd=loadProductos&productId=23,producto dinámico,,,,,ProductosView.php,,Blue Giant,https://puertasyserviciosindustriales.com/system/file.php?id=346&type=application/pdf,UNKNOWN,ID demostrado por dump público; alias /23/producto/{getFriendlyName()}/; slug exacto pendiente de validar codificación; relación 0 impide certificar metadatos del detalle
productos.php,https://puertasyserviciosindustriales.com/productos.php?cmd=loadProductos&productId=24,producto dinámico,,,,,ProductosView.php,,Kelley,https://puertasyserviciosindustriales.com/system/file.php?id=355&type=application/pdf,UNKNOWN,ID demostrado por dump público; alias /24/producto/{getFriendlyName()}/; slug exacto pendiente de validar codificación; relación 0 impide certificar metadatos del detalle
productos.php,https://puertasyserviciosindustriales.com/productos.php?cmd=loadProductos&productId=25,producto dinámico,,,,,ProductosView.php,,Kelley,https://puertasyserviciosindustriales.com/system/file.php?id=360&type=application/pdf,UNKNOWN,ID demostrado por dump público; alias /25/producto/{getFriendlyName()}/; slug exacto pendiente de validar codificación; relación 0 impide certificar metadatos del detalle
productos.php,https://puertasyserviciosindustriales.com/productos.php?cmd=loadProductos&productId=26,producto dinámico,,,,,ProductosView.php,,Doorlock,https://puertasyserviciosindustriales.com/system/file.php?id=369&type=application/pdf,UNKNOWN,ID demostrado por dump público; alias /26/producto/{getFriendlyName()}/; slug exacto pendiente de validar codificación; relación 0 impide certificar metadatos del detalle
productos.php,https://puertasyserviciosindustriales.com/productos.php?cmd=loadProductos&productId=27,producto dinámico,,,,,ProductosView.php,,Doorlock,https://puertasyserviciosindustriales.com/system/file.php?id=378&type=application/pdf,UNKNOWN,ID demostrado por dump público; alias /27/producto/{getFriendlyName()}/; slug exacto pendiente de validar codificación; relación 0 impide certificar metadatos del detalle
productos.php,https://puertasyserviciosindustriales.com/productos.php?cmd=loadProductos&productId=28,producto dinámico,,,,,ProductosView.php,,Doorlock,https://puertasyserviciosindustriales.com/system/file.php?id=387&type=application/pdf | https://puertasyserviciosindustriales.com/system/file.php?id=388&type=application/pdf,UNKNOWN,ID demostrado por dump público; alias /28/producto/{getFriendlyName()}/; slug exacto pendiente de validar codificación; relación 0 impide certificar metadatos del detalle
productos.php,https://puertasyserviciosindustriales.com/productos.php?cmd=loadProductos&productId=29,producto dinámico,,,,,ProductosView.php,,Doorlock,https://puertasyserviciosindustriales.com/system/file.php?id=397&type=application/pdf | https://puertasyserviciosindustriales.com/system/file.php?id=398&type=application/pdf,UNKNOWN,ID demostrado por dump público; alias /29/producto/{getFriendlyName()}/; slug exacto pendiente de validar codificación; relación 0 impide certificar metadatos del detalle
productos.php,https://puertasyserviciosindustriales.com/productos.php?cmd=loadProductos&productId=30,producto dinámico,,,,,ProductosView.php,,Doorlock,https://puertasyserviciosindustriales.com/system/file.php?id=407&type=application/pdf | https://puertasyserviciosindustriales.com/system/file.php?id=408&type=application/pdf,UNKNOWN,ID demostrado por dump público; alias /30/producto/{getFriendlyName()}/; slug exacto pendiente de validar codificación; relación 0 impide certificar metadatos del detalle
productos.php,https://puertasyserviciosindustriales.com/productos.php?cmd=loadProductos&productId=31,producto dinámico,,,,,ProductosView.php,,Doorlock,https://puertasyserviciosindustriales.com/system/file.php?id=417&type=application/pdf | https://puertasyserviciosindustriales.com/system/file.php?id=418&type=application/pdf,UNKNOWN,ID demostrado por dump público; alias /31/producto/{getFriendlyName()}/; slug exacto pendiente de validar codificación; relación 0 impide certificar metadatos del detalle
productos.php,https://puertasyserviciosindustriales.com/productos.php?cmd=loadProductos&productId=32,producto dinámico,,,,,ProductosView.php,,Doorlock,https://puertasyserviciosindustriales.com/system/file.php?id=427&type=application/pdf | https://puertasyserviciosindustriales.com/system/file.php?id=428&type=application/pdf,UNKNOWN,ID demostrado por dump público; alias /32/producto/{getFriendlyName()}/; slug exacto pendiente de validar codificación; relación 0 impide certificar metadatos del detalle
productos.php,https://puertasyserviciosindustriales.com/productos.php?cmd=loadProductos&productId=33,producto dinámico,,,,,ProductosView.php,,Doorlock,https://puertasyserviciosindustriales.com/system/file.php?id=437&type=application/pdf,UNKNOWN,ID demostrado por dump público; alias /33/producto/{getFriendlyName()}/; slug exacto pendiente de validar codificación; relación 0 impide certificar metadatos del detalle
productos.php,https://puertasyserviciosindustriales.com/productos.php?cmd=loadProductos&productId=34,producto dinámico,,,,,ProductosView.php,,Doorlock,,UNKNOWN,ID demostrado por dump público; alias /34/producto/{getFriendlyName()}/; slug exacto pendiente de validar codificación; relación 0 impide certificar metadatos del detalle
productos.php,https://puertasyserviciosindustriales.com/productos.php?cmd=loadProductos&productId=35,producto dinámico,,,,,ProductosView.php,,Doorlock,,UNKNOWN,ID demostrado por dump público; alias /35/producto/{getFriendlyName()}/; slug exacto pendiente de validar codificación; relación 0 impide certificar metadatos del detalle
productos.php,https://puertasyserviciosindustriales.com/productos.php?cmd=loadProductos&productId=36,producto dinámico,,,,,ProductosView.php,,Rytec,https://puertasyserviciosindustriales.com/system/file.php?id=462&type=application/pdf,UNKNOWN,ID demostrado por dump público; alias /36/producto/{getFriendlyName()}/; slug exacto pendiente de validar codificación; relación 0 impide certificar metadatos del detalle
productos.php,https://puertasyserviciosindustriales.com/productos.php?cmd=loadProductos&productId=37,producto dinámico,,,,,ProductosView.php,,Rytec,https://puertasyserviciosindustriales.com/system/file.php?id=467&type=application/pdf,UNKNOWN,ID demostrado por dump público; alias /37/producto/{getFriendlyName()}/; slug exacto pendiente de validar codificación; relación 0 impide certificar metadatos del detalle
productos.php,https://puertasyserviciosindustriales.com/productos.php?cmd=loadProductos&productId=38,producto dinámico,,,,,ProductosView.php,,Infraca Quality Doors,https://puertasyserviciosindustriales.com/system/file.php?id=480&type=application/pdf,UNKNOWN,ID demostrado por dump público; alias /38/producto/{getFriendlyName()}/; slug exacto pendiente de validar codificación; relación 0 impide certificar metadatos del detalle
productos.php,https://puertasyserviciosindustriales.com/productos.php?cmd=loadProductos&productId=39,producto dinámico,,,,,ProductosView.php,,Infraca Quality Doors,https://puertasyserviciosindustriales.com/system/file.php?id=489&type=application/pdf,UNKNOWN,ID demostrado por dump público; alias /39/producto/{getFriendlyName()}/; slug exacto pendiente de validar codificación; relación 0 impide certificar metadatos del detalle
productos.php,https://puertasyserviciosindustriales.com/productos.php?cmd=loadProductos&productId=40,producto dinámico,,,,,ProductosView.php,,GLG Porter Industriali,https://puertasyserviciosindustriales.com/system/file.php?id=498&type=application/pdf,UNKNOWN,ID demostrado por dump público; alias /40/producto/{getFriendlyName()}/; slug exacto pendiente de validar codificación; relación 0 impide certificar metadatos del detalle
productos.php,https://puertasyserviciosindustriales.com/productos.php?cmd=loadProductos&productId=41,producto dinámico,,,,,ProductosView.php,,GLG Porter Industriali,https://puertasyserviciosindustriales.com/system/file.php?id=503&type=application/pdf,UNKNOWN,ID demostrado por dump público; alias /41/producto/{getFriendlyName()}/; slug exacto pendiente de validar codificación; relación 0 impide certificar metadatos del detalle
productos.php,https://puertasyserviciosindustriales.com/productos.php?cmd=loadProductos&productId=42,producto dinámico,,,,,ProductosView.php,,GLG Porter Industriali,,UNKNOWN,ID demostrado por dump público; alias /42/producto/{getFriendlyName()}/; slug exacto pendiente de validar codificación; relación 0 impide certificar metadatos del detalle
productos.php,https://puertasyserviciosindustriales.com/productos.php?cmd=loadProductos&productId=43,producto dinámico,,,,,ProductosView.php,,LiftMaster,https://puertasyserviciosindustriales.com/system/file.php?id=512&type=application/pdf,UNKNOWN,ID demostrado por dump público; alias /43/producto/{getFriendlyName()}/; slug exacto pendiente de validar codificación; relación 0 impide certificar metadatos del detalle
productos.php,https://puertasyserviciosindustriales.com/productos.php?cmd=loadProductos&productId=44,producto dinámico,,,,,ProductosView.php,,BFT,https://puertasyserviciosindustriales.com/system/file.php?id=517&type=application/pdf,UNKNOWN,ID demostrado por dump público; alias /44/producto/{getFriendlyName()}/; slug exacto pendiente de validar codificación; relación 0 impide certificar metadatos del detalle
productos.php,https://puertasyserviciosindustriales.com/productos.php?cmd=loadProductos&productId=45,producto dinámico,,,,,ProductosView.php,,BFT,https://puertasyserviciosindustriales.com/system/file.php?id=522&type=application/pdf,UNKNOWN,ID demostrado por dump público; alias /45/producto/{getFriendlyName()}/; slug exacto pendiente de validar codificación; relación 0 impide certificar metadatos del detalle
productos.php,https://puertasyserviciosindustriales.com/productos.php?cmd=loadProductos&productId=46,producto dinámico,,,,,ProductosView.php,,BFT,https://puertasyserviciosindustriales.com/system/file.php?id=527&type=application/pdf,UNKNOWN,ID demostrado por dump público; alias /46/producto/{getFriendlyName()}/; slug exacto pendiente de validar codificación; relación 0 impide certificar metadatos del detalle
productos.php,https://puertasyserviciosindustriales.com/productos.php?cmd=loadProductos&productId=47,producto dinámico,,,,,ProductosView.php,,BFT,https://puertasyserviciosindustriales.com/system/file.php?id=532&type=application/pdf,UNKNOWN,ID demostrado por dump público; alias /47/producto/{getFriendlyName()}/; slug exacto pendiente de validar codificación; relación 0 impide certificar metadatos del detalle
productos.php,https://puertasyserviciosindustriales.com/productos.php?cmd=loadProductos&productId=48,producto dinámico,,,,,ProductosView.php,,BFT,https://puertasyserviciosindustriales.com/system/file.php?id=537&type=application/pdf,UNKNOWN,ID demostrado por dump público; alias /48/producto/{getFriendlyName()}/; slug exacto pendiente de validar codificación; relación 0 impide certificar metadatos del detalle
productos.php,https://puertasyserviciosindustriales.com/productos.php?cmd=loadProductos&productId=49,producto dinámico,,,,,ProductosView.php,,BFT,https://puertasyserviciosindustriales.com/system/file.php?id=542&type=application/pdf,UNKNOWN,ID demostrado por dump público; alias /49/producto/{getFriendlyName()}/; slug exacto pendiente de validar codificación; relación 0 impide certificar metadatos del detalle
productos.php,https://puertasyserviciosindustriales.com/productos.php?cmd=loadProductos&productId=50,producto dinámico,,,,,ProductosView.php,,Dockman,https://puertasyserviciosindustriales.com/system/file.php?id=551&type=application/pdf,UNKNOWN,ID demostrado por dump público; alias /50/producto/{getFriendlyName()}/; slug exacto pendiente de validar codificación; relación 0 impide certificar metadatos del detalle
productos.php,https://puertasyserviciosindustriales.com/productos.php?cmd=loadProductos&productId=51,producto dinámico,,,,,ProductosView.php,,Dockman,https://puertasyserviciosindustriales.com/system/file.php?id=560&type=application/pdf,UNKNOWN,ID demostrado por dump público; alias /51/producto/{getFriendlyName()}/; slug exacto pendiente de validar codificación; relación 0 impide certificar metadatos del detalle
productos.php,https://puertasyserviciosindustriales.com/productos.php?cmd=loadProductos&productId=52,producto dinámico,,,,,ProductosView.php,,Dockman,https://puertasyserviciosindustriales.com/system/file.php?id=573&type=application/pdf,UNKNOWN,ID demostrado por dump público; alias /52/producto/{getFriendlyName()}/; slug exacto pendiente de validar codificación; relación 0 impide certificar metadatos del detalle
productos.php,https://puertasyserviciosindustriales.com/productos.php?cmd=loadProductos&productId=53,producto dinámico,,,,,ProductosView.php,,Dockman,https://puertasyserviciosindustriales.com/system/file.php?id=578&type=application/pdf,UNKNOWN,ID demostrado por dump público; alias /53/producto/{getFriendlyName()}/; slug exacto pendiente de validar codificación; relación 0 impide certificar metadatos del detalle
productos.php,https://puertasyserviciosindustriales.com/productos.php?cmd=loadProductos&productId=54,producto dinámico,,,,,ProductosView.php,,Dockman,https://puertasyserviciosindustriales.com/system/file.php?id=595&type=application/pdf,UNKNOWN,ID demostrado por dump público; alias /54/producto/{getFriendlyName()}/; slug exacto pendiente de validar codificación; relación 0 impide certificar metadatos del detalle
productos.php,https://puertasyserviciosindustriales.com/productos.php?cmd=loadProductos&productId=55,producto dinámico,,,,,ProductosView.php,,Dockman,https://puertasyserviciosindustriales.com/system/file.php?id=612&type=application/pdf,UNKNOWN,ID demostrado por dump público; alias /55/producto/{getFriendlyName()}/; slug exacto pendiente de validar codificación; relación 0 impide certificar metadatos del detalle
productos.php,https://puertasyserviciosindustriales.com/productos.php?cmd=loadProductos&productId=56,producto dinámico,,,,,ProductosView.php,,Dockman,https://puertasyserviciosindustriales.com/system/file.php?id=621&type=application/pdf,UNKNOWN,ID demostrado por dump público; alias /56/producto/{getFriendlyName()}/; slug exacto pendiente de validar codificación; relación 0 impide certificar metadatos del detalle
productos.php,https://puertasyserviciosindustriales.com/productos.php?cmd=loadProductos&productId=57,producto dinámico,,,,,ProductosView.php,Puertas Seccionales,,https://puertasyserviciosindustriales.com/system/file.php?id=626&type=application/pdf,UNKNOWN,ID demostrado por dump público; alias /57/producto/{getFriendlyName()}/; slug exacto pendiente de validar codificación; relación 0 impide certificar metadatos del detalle
productos.php,https://puertasyserviciosindustriales.com/productos.php?cmd=loadProductos&productId=58,producto dinámico,,,,,ProductosView.php,Puertas Seccionales,,https://puertasyserviciosindustriales.com/system/file.php?id=635&type=application/pdf,UNKNOWN,ID demostrado por dump público; alias /58/producto/{getFriendlyName()}/; slug exacto pendiente de validar codificación; relación 0 impide certificar metadatos del detalle
productos.php,https://puertasyserviciosindustriales.com/productos.php?cmd=loadProductos&productId=59,producto dinámico,,,,,ProductosView.php,Puertas Seccionales,,https://puertasyserviciosindustriales.com/system/file.php?id=644&type=application/pdf,UNKNOWN,ID demostrado por dump público; alias /59/producto/{getFriendlyName()}/; slug exacto pendiente de validar codificación; relación 0 impide certificar metadatos del detalle
productos.php,https://puertasyserviciosindustriales.com/productos.php?cmd=loadProductos&productId=60,producto dinámico,,,,,ProductosView.php,Puertas Seccionales,,https://puertasyserviciosindustriales.com/system/file.php?id=653&type=application/pdf,UNKNOWN,ID demostrado por dump público; alias /60/producto/{getFriendlyName()}/; slug exacto pendiente de validar codificación; relación 0 impide certificar metadatos del detalle
productos.php,https://puertasyserviciosindustriales.com/productos.php?cmd=loadProductos&productId=61,producto dinámico,,,,,ProductosView.php,Puertas Seccionales,,https://puertasyserviciosindustriales.com/system/file.php?id=662&type=application/pdf,UNKNOWN,ID demostrado por dump público; alias /61/producto/{getFriendlyName()}/; slug exacto pendiente de validar codificación; relación 0 impide certificar metadatos del detalle
productos.php,https://puertasyserviciosindustriales.com/productos.php?cmd=loadProductos&productId=62,producto dinámico,,,,,ProductosView.php,Puertas Seccionales,,https://puertasyserviciosindustriales.com/system/file.php?id=667&type=application/pdf,UNKNOWN,ID demostrado por dump público; alias /62/producto/{getFriendlyName()}/; slug exacto pendiente de validar codificación; relación 0 impide certificar metadatos del detalle
productos.php,https://puertasyserviciosindustriales.com/productos.php?cmd=loadProductos&productId=63,producto dinámico,,,,,ProductosView.php,Puertas Seccionales,,,UNKNOWN,ID demostrado por dump público; alias /63/producto/{getFriendlyName()}/; slug exacto pendiente de validar codificación; relación 0 impide certificar metadatos del detalle
productos.php,https://puertasyserviciosindustriales.com/productos.php?cmd=loadProductos&productId=64,producto dinámico,,,,,ProductosView.php,Puertas Seccionales,,https://puertasyserviciosindustriales.com/system/file.php?id=676&type=application/pdf,UNKNOWN,ID demostrado por dump público; alias /64/producto/{getFriendlyName()}/; slug exacto pendiente de validar codificación; relación 0 impide certificar metadatos del detalle
productos.php,https://puertasyserviciosindustriales.com/productos.php?cmd=loadProductos&productId=65,producto dinámico,,,,,ProductosView.php,Puertas Seccionales,,https://puertasyserviciosindustriales.com/system/file.php?id=681&type=application/pdf,UNKNOWN,ID demostrado por dump público; alias /65/producto/{getFriendlyName()}/; slug exacto pendiente de validar codificación; relación 0 impide certificar metadatos del detalle
productos.php,https://puertasyserviciosindustriales.com/productos.php?cmd=loadProductos&productId=66,producto dinámico,,,,,ProductosView.php,Puertas Seccionales,,https://puertasyserviciosindustriales.com/system/file.php?id=686&type=application/pdf,UNKNOWN,ID demostrado por dump público; alias /66/producto/{getFriendlyName()}/; slug exacto pendiente de validar codificación; relación 0 impide certificar metadatos del detalle
productos.php,https://puertasyserviciosindustriales.com/productos.php?cmd=loadProductos&productId=67,producto dinámico,,,,,ProductosView.php,Puertas Seccionales,,https://puertasyserviciosindustriales.com/system/file.php?id=691&type=application/pdf,UNKNOWN,ID demostrado por dump público; alias /67/producto/{getFriendlyName()}/; slug exacto pendiente de validar codificación; relación 0 impide certificar metadatos del detalle
productos.php,https://puertasyserviciosindustriales.com/productos.php?cmd=loadProductos&productId=68,producto dinámico,,,,,ProductosView.php,Puertas Seccionales,,https://puertasyserviciosindustriales.com/system/file.php?id=696&type=application/pdf,UNKNOWN,ID demostrado por dump público; alias /68/producto/{getFriendlyName()}/; slug exacto pendiente de validar codificación; relación 0 impide certificar metadatos del detalle
productos.php,https://puertasyserviciosindustriales.com/productos.php?cmd=loadProductos&productId=69,producto dinámico,,,,,ProductosView.php,Puertas Seccionales,,https://puertasyserviciosindustriales.com/system/file.php?id=701&type=application/pdf,UNKNOWN,ID demostrado por dump público; alias /69/producto/{getFriendlyName()}/; slug exacto pendiente de validar codificación; relación 0 impide certificar metadatos del detalle
productos.php,https://puertasyserviciosindustriales.com/productos.php?cmd=loadProductos&productId=70,producto dinámico,,,,,ProductosView.php,Puertas Seccionales,,https://puertasyserviciosindustriales.com/system/file.php?id=706&type=application/pdf,UNKNOWN,ID demostrado por dump público; alias /70/producto/{getFriendlyName()}/; slug exacto pendiente de validar codificación; relación 0 impide certificar metadatos del detalle
productos.php,https://puertasyserviciosindustriales.com/productos.php?cmd=loadProductos&productId=71,producto dinámico,,,,,ProductosView.php,Puertas Seccionales,,https://puertasyserviciosindustriales.com/system/file.php?id=711&type=application/pdf,UNKNOWN,ID demostrado por dump público; alias /71/producto/{getFriendlyName()}/; slug exacto pendiente de validar codificación; relación 0 impide certificar metadatos del detalle
productos.php,https://puertasyserviciosindustriales.com/productos.php?cmd=loadProductos&productId=72,producto dinámico,,,,,ProductosView.php,Puertas Seccionales,,https://puertasyserviciosindustriales.com/system/file.php?id=716&type=application/pdf,UNKNOWN,ID demostrado por dump público; alias /72/producto/{getFriendlyName()}/; slug exacto pendiente de validar codificación; relación 0 impide certificar metadatos del detalle
productos.php,https://puertasyserviciosindustriales.com/productos.php?cmd=loadProductos&productId=73,producto dinámico,,,,,ProductosView.php,Puertas Seccionales,,https://puertasyserviciosindustriales.com/system/file.php?id=721&type=application/pdf,UNKNOWN,ID demostrado por dump público; alias /73/producto/{getFriendlyName()}/; slug exacto pendiente de validar codificación; relación 0 impide certificar metadatos del detalle
productos.php,https://puertasyserviciosindustriales.com/productos.php?cmd=loadProductos&productId=74,producto dinámico,,,,,ProductosView.php,Puertas Seccionales,,,UNKNOWN,ID demostrado por dump público; alias /74/producto/{getFriendlyName()}/; slug exacto pendiente de validar codificación; relación 0 impide certificar metadatos del detalle
productos.php,https://puertasyserviciosindustriales.com/productos.php?cmd=loadProductos&productId=75,producto dinámico,,,,,ProductosView.php,Puertas Seccionales,,,UNKNOWN,ID demostrado por dump público; alias /75/producto/{getFriendlyName()}/; slug exacto pendiente de validar codificación; relación 0 impide certificar metadatos del detalle
productos.php,https://puertasyserviciosindustriales.com/productos.php?cmd=loadProductos&productId=76,producto dinámico,,,,,ProductosView.php,Operadores para puerta corrediza,,https://puertasyserviciosindustriales.com/system/file.php?id=734&type=application/pdf,UNKNOWN,ID demostrado por dump público; alias /76/producto/{getFriendlyName()}/; slug exacto pendiente de validar codificación; relación 0 impide certificar metadatos del detalle
productos.php,https://puertasyserviciosindustriales.com/productos.php?cmd=loadProductos&productId=77,producto dinámico,,,,,ProductosView.php,Operadores para puerta corrediza,,https://puertasyserviciosindustriales.com/system/file.php?id=739&type=application/pdf,UNKNOWN,ID demostrado por dump público; alias /77/producto/{getFriendlyName()}/; slug exacto pendiente de validar codificación; relación 0 impide certificar metadatos del detalle
productos.php,https://puertasyserviciosindustriales.com/productos.php?cmd=loadProductos&productId=78,producto dinámico,,,,,ProductosView.php,Operadores para puerta corrediza,,https://puertasyserviciosindustriales.com/system/file.php?id=744&type=application/pdf,UNKNOWN,ID demostrado por dump público; alias /78/producto/{getFriendlyName()}/; slug exacto pendiente de validar codificación; relación 0 impide certificar metadatos del detalle
productos.php,https://puertasyserviciosindustriales.com/productos.php?cmd=loadProductos&productId=79,producto dinámico,,,,,ProductosView.php,Operadores para puerta abatible,,https://puertasyserviciosindustriales.com/system/file.php?id=749&type=application/pdf,UNKNOWN,ID demostrado por dump público; alias /79/producto/{getFriendlyName()}/; slug exacto pendiente de validar codificación; relación 0 impide certificar metadatos del detalle
productos.php,https://puertasyserviciosindustriales.com/productos.php?cmd=loadProductos&productId=80,producto dinámico,,,,,ProductosView.php,Operadores para puerta abatible,,https://puertasyserviciosindustriales.com/system/file.php?id=754&type=application/pdf,UNKNOWN,ID demostrado por dump público; alias /80/producto/{getFriendlyName()}/; slug exacto pendiente de validar codificación; relación 0 impide certificar metadatos del detalle
productos.php,https://puertasyserviciosindustriales.com/productos.php?cmd=loadProductos&productId=81,producto dinámico,,,,,ProductosView.php,Operadores para puertas seccionales y cortinas enrollables,,https://puertasyserviciosindustriales.com/system/file.php?id=759&type=application/pdf,UNKNOWN,ID demostrado por dump público; alias /81/producto/{getFriendlyName()}/; slug exacto pendiente de validar codificación; relación 0 impide certificar metadatos del detalle
productos.php,https://puertasyserviciosindustriales.com/productos.php?cmd=loadProductos&productId=82,producto dinámico,,,,,ProductosView.php,Operadores para puertas seccionales y cortinas enrollables,,https://puertasyserviciosindustriales.com/system/file.php?id=764&type=application/pdf,UNKNOWN,ID demostrado por dump público; alias /82/producto/{getFriendlyName()}/; slug exacto pendiente de validar codificación; relación 0 impide certificar metadatos del detalle
productos.php,https://puertasyserviciosindustriales.com/productos.php?cmd=loadProductos&productId=83,producto dinámico,,,,,ProductosView.php,Operadores para puertas seccionales y cortinas enrollables,,https://puertasyserviciosindustriales.com/system/file.php?id=769&type=application/pdf,UNKNOWN,ID demostrado por dump público; alias /83/producto/{getFriendlyName()}/; slug exacto pendiente de validar codificación; relación 0 impide certificar metadatos del detalle
productos.php,https://puertasyserviciosindustriales.com/productos.php?cmd=loadProductos&productId=84,producto dinámico,,,,,ProductosView.php,Operadores para puertas seccionales y cortinas enrollables,,https://puertasyserviciosindustriales.com/system/file.php?id=774&type=application/pdf,UNKNOWN,ID demostrado por dump público; alias /84/producto/{getFriendlyName()}/; slug exacto pendiente de validar codificación; relación 0 impide certificar metadatos del detalle
productos.php,https://puertasyserviciosindustriales.com/productos.php?cmd=loadProductos&productId=85,producto dinámico,,,,,ProductosView.php,Operadores para puertas seccionales y cortinas enrollables,,https://puertasyserviciosindustriales.com/system/file.php?id=779&type=application/pdf,UNKNOWN,ID demostrado por dump público; alias /85/producto/{getFriendlyName()}/; slug exacto pendiente de validar codificación; relación 0 impide certificar metadatos del detalle
productos.php,https://puertasyserviciosindustriales.com/productos.php?cmd=loadProductos&productId=86,producto dinámico,,,,,ProductosView.php,Operadores para puertas seccionales y cortinas enrollables,,https://puertasyserviciosindustriales.com/system/file.php?id=784&type=application/pdf,UNKNOWN,ID demostrado por dump público; alias /86/producto/{getFriendlyName()}/; slug exacto pendiente de validar codificación; relación 0 impide certificar metadatos del detalle
productos.php,https://puertasyserviciosindustriales.com/productos.php?cmd=loadProductos&productId=87,producto dinámico,,,,,ProductosView.php,Cortinas enrollables,,https://puertasyserviciosindustriales.com/system/file.php?id=789&type=application/pdf,UNKNOWN,ID demostrado por dump público; alias /87/producto/{getFriendlyName()}/; slug exacto pendiente de validar codificación; relación 0 impide certificar metadatos del detalle
productos.php,https://puertasyserviciosindustriales.com/productos.php?cmd=loadProductos&productId=88,producto dinámico,,,,,ProductosView.php,Cortinas enrollables,,https://puertasyserviciosindustriales.com/system/file.php?id=794&type=application/pdf,UNKNOWN,ID demostrado por dump público; alias /88/producto/{getFriendlyName()}/; slug exacto pendiente de validar codificación; relación 0 impide certificar metadatos del detalle
productos.php,https://puertasyserviciosindustriales.com/productos.php?cmd=loadProductos&productId=89,producto dinámico,,,,,ProductosView.php,Cortinas enrollables,,https://puertasyserviciosindustriales.com/system/file.php?id=807&type=application/pdf,UNKNOWN,ID demostrado por dump público; alias /89/producto/{getFriendlyName()}/; slug exacto pendiente de validar codificación; relación 0 impide certificar metadatos del detalle
productos.php,https://puertasyserviciosindustriales.com/productos.php?cmd=loadProductos&productId=90,producto dinámico,,,,,ProductosView.php,Cortinas enrollables,,https://puertasyserviciosindustriales.com/system/file.php?id=820&type=application/pdf,UNKNOWN,ID demostrado por dump público; alias /90/producto/{getFriendlyName()}/; slug exacto pendiente de validar codificación; relación 0 impide certificar metadatos del detalle
productos.php,https://puertasyserviciosindustriales.com/productos.php?cmd=loadProductos&productId=91,producto dinámico,,,,,ProductosView.php,Cortinas enrollables,,https://puertasyserviciosindustriales.com/system/file.php?id=829&type=application/pdf,UNKNOWN,ID demostrado por dump público; alias /91/producto/{getFriendlyName()}/; slug exacto pendiente de validar codificación; relación 0 impide certificar metadatos del detalle
productos.php,https://puertasyserviciosindustriales.com/productos.php?cmd=loadProductos&productId=92,producto dinámico,,,,,ProductosView.php,Cortinas enrollables,,https://puertasyserviciosindustriales.com/system/file.php?id=838&type=application/pdf,UNKNOWN,ID demostrado por dump público; alias /92/producto/{getFriendlyName()}/; slug exacto pendiente de validar codificación; relación 0 impide certificar metadatos del detalle
productos.php,https://puertasyserviciosindustriales.com/productos.php?cmd=loadProductos&productId=93,producto dinámico,,,,,ProductosView.php,Cortinas enrollables,,https://puertasyserviciosindustriales.com/system/file.php?id=843&type=application/pdf,UNKNOWN,ID demostrado por dump público; alias /93/producto/{getFriendlyName()}/; slug exacto pendiente de validar codificación; relación 0 impide certificar metadatos del detalle
productos.php,https://puertasyserviciosindustriales.com/productos.php?cmd=loadProductos&productId=94,producto dinámico,,,,,ProductosView.php,Cortinas enrollables,,https://puertasyserviciosindustriales.com/system/file.php?id=848&type=application/pdf,UNKNOWN,ID demostrado por dump público; alias /94/producto/{getFriendlyName()}/; slug exacto pendiente de validar codificación; relación 0 impide certificar metadatos del detalle
productos.php,https://puertasyserviciosindustriales.com/productos.php?cmd=loadProductos&productId=95,producto dinámico,,,,,ProductosView.php,Cortinas enrollables,,https://puertasyserviciosindustriales.com/system/file.php?id=853&type=application/pdf,UNKNOWN,ID demostrado por dump público; alias /95/producto/{getFriendlyName()}/; slug exacto pendiente de validar codificación; relación 0 impide certificar metadatos del detalle
productos.php,https://puertasyserviciosindustriales.com/productos.php?cmd=loadProductos&productId=96,producto dinámico,,,,,ProductosView.php,Cortinas enrollables,,https://puertasyserviciosindustriales.com/system/file.php?id=858&type=application/pdf,UNKNOWN,ID demostrado por dump público; alias /96/producto/{getFriendlyName()}/; slug exacto pendiente de validar codificación; relación 0 impide certificar metadatos del detalle
productos.php,https://puertasyserviciosindustriales.com/productos.php?cmd=loadProductos&productId=97,producto dinámico,,,,,ProductosView.php,Cortinas enrollables,,https://puertasyserviciosindustriales.com/system/file.php?id=863&type=application/pdf,UNKNOWN,ID demostrado por dump público; alias /97/producto/{getFriendlyName()}/; slug exacto pendiente de validar codificación; relación 0 impide certificar metadatos del detalle
productos.php,https://puertasyserviciosindustriales.com/productos.php?cmd=loadProductos&productId=98,producto dinámico,,,,,ProductosView.php,Cortinas enrollables,,https://puertasyserviciosindustriales.com/system/file.php?id=868&type=application/pdf,UNKNOWN,ID demostrado por dump público; alias /98/producto/{getFriendlyName()}/; slug exacto pendiente de validar codificación; relación 0 impide certificar metadatos del detalle
productos.php,https://puertasyserviciosindustriales.com/productos.php?cmd=loadProductos&productId=99,producto dinámico,,,,,ProductosView.php,Cortinas enrollables,,https://puertasyserviciosindustriales.com/system/file.php?id=873&type=application/pdf,UNKNOWN,ID demostrado por dump público; alias /99/producto/{getFriendlyName()}/; slug exacto pendiente de validar codificación; relación 0 impide certificar metadatos del detalle
productos.php,https://puertasyserviciosindustriales.com/productos.php?cmd=loadProductos&productId=100,producto dinámico,,,,,ProductosView.php,Cortinas enrollables,,,UNKNOWN,ID demostrado por dump público; alias /100/producto/{getFriendlyName()}/; slug exacto pendiente de validar codificación; relación 0 impide certificar metadatos del detalle
productos.php,https://puertasyserviciosindustriales.com/productos.php?cmd=loadProductos&productId=101,producto dinámico,,,,,ProductosView.php,Puertas rÃ¡pidas,,https://puertasyserviciosindustriales.com/system/file.php?id=882&type=application/pdf,UNKNOWN,ID demostrado por dump público; alias /101/producto/{getFriendlyName()}/; slug exacto pendiente de validar codificación; relación 0 impide certificar metadatos del detalle
productos.php,https://puertasyserviciosindustriales.com/productos.php?cmd=loadProductos&productId=102,producto dinámico,,,,,ProductosView.php,Puertas rÃ¡pidas,,https://puertasyserviciosindustriales.com/system/file.php?id=887&type=application/pdf,UNKNOWN,ID demostrado por dump público; alias /102/producto/{getFriendlyName()}/; slug exacto pendiente de validar codificación; relación 0 impide certificar metadatos del detalle
productos.php,https://puertasyserviciosindustriales.com/productos.php?cmd=loadProductos&productId=103,producto dinámico,,,,,ProductosView.php,Puertas rÃ¡pidas,,https://puertasyserviciosindustriales.com/system/file.php?id=896&type=application/pdf,UNKNOWN,ID demostrado por dump público; alias /103/producto/{getFriendlyName()}/; slug exacto pendiente de validar codificación; relación 0 impide certificar metadatos del detalle
productos.php,https://puertasyserviciosindustriales.com/productos.php?cmd=loadProductos&productId=104,producto dinámico,,,,,ProductosView.php,Puertas rÃ¡pidas,,https://puertasyserviciosindustriales.com/system/file.php?id=909&type=application/pdf,UNKNOWN,ID demostrado por dump público; alias /104/producto/{getFriendlyName()}/; slug exacto pendiente de validar codificación; relación 0 impide certificar metadatos del detalle
productos.php,https://puertasyserviciosindustriales.com/productos.php?cmd=loadProductos&productId=105,producto dinámico,,,,,ProductosView.php,Puertas rÃ¡pidas,,https://puertasyserviciosindustriales.com/system/file.php?id=918&type=application/pdf,UNKNOWN,ID demostrado por dump público; alias /105/producto/{getFriendlyName()}/; slug exacto pendiente de validar codificación; relación 0 impide certificar metadatos del detalle
productos.php,https://puertasyserviciosindustriales.com/productos.php?cmd=loadProductos&productId=106,producto dinámico,,,,,ProductosView.php,Puertas rÃ¡pidas,,https://puertasyserviciosindustriales.com/system/file.php?id=923&type=application/pdf,UNKNOWN,ID demostrado por dump público; alias /106/producto/{getFriendlyName()}/; slug exacto pendiente de validar codificación; relación 0 impide certificar metadatos del detalle
productos.php,https://puertasyserviciosindustriales.com/productos.php?cmd=loadProductos&productId=107,producto dinámico,,,,,ProductosView.php,Puertas residenciales,,https://puertasyserviciosindustriales.com/system/file.php?id=940&type=application/pdf,UNKNOWN,ID demostrado por dump público; alias /107/producto/{getFriendlyName()}/; slug exacto pendiente de validar codificación; relación 0 impide certificar metadatos del detalle
productos.php,https://puertasyserviciosindustriales.com/productos.php?cmd=loadProductos&productId=108,producto dinámico,,,,,ProductosView.php,Puertas residenciales,,https://puertasyserviciosindustriales.com/system/file.php?id=961&type=application/pdf,UNKNOWN,ID demostrado por dump público; alias /108/producto/{getFriendlyName()}/; slug exacto pendiente de validar codificación; relación 0 impide certificar metadatos del detalle
productos.php,https://puertasyserviciosindustriales.com/productos.php?cmd=loadProductos&productId=109,producto dinámico,,,,,ProductosView.php,Operadores para puerta corrediza,,https://puertasyserviciosindustriales.com/system/file.php?id=970&type=application/pdf,UNKNOWN,ID demostrado por dump público; alias /109/producto/{getFriendlyName()}/; slug exacto pendiente de validar codificación; relación 0 impide certificar metadatos del detalle
productos.php,https://puertasyserviciosindustriales.com/productos.php?cmd=loadProductos&productId=110,producto dinámico,,,,,ProductosView.php,Operadores para puerta abatible,,https://puertasyserviciosindustriales.com/system/file.php?id=979&type=application/pdf,UNKNOWN,ID demostrado por dump público; alias /110/producto/{getFriendlyName()}/; slug exacto pendiente de validar codificación; relación 0 impide certificar metadatos del detalle
productos.php,https://puertasyserviciosindustriales.com/productos.php?cmd=loadProductos&productId=111,producto dinámico,,,,,ProductosView.php,Operadores para puerta abatible,,https://puertasyserviciosindustriales.com/system/file.php?id=984&type=application/pdf,UNKNOWN,ID demostrado por dump público; alias /111/producto/{getFriendlyName()}/; slug exacto pendiente de validar codificación; relación 0 impide certificar metadatos del detalle
productos.php,https://puertasyserviciosindustriales.com/productos.php?cmd=loadProductos&productId=112,producto dinámico,,,,,ProductosView.php,Operadores para puerta abatible,,https://puertasyserviciosindustriales.com/system/file.php?id=989&type=application/pdf,UNKNOWN,ID demostrado por dump público; alias /112/producto/{getFriendlyName()}/; slug exacto pendiente de validar codificación; relación 0 impide certificar metadatos del detalle
productos.php,https://puertasyserviciosindustriales.com/productos.php?cmd=loadProductos&productId=113,producto dinámico,,,,,ProductosView.php,Operadores para puerta abatible,,https://puertasyserviciosindustriales.com/system/file.php?id=994&type=application/pdf,UNKNOWN,ID demostrado por dump público; alias /113/producto/{getFriendlyName()}/; slug exacto pendiente de validar codificación; relación 0 impide certificar metadatos del detalle
productos.php,https://puertasyserviciosindustriales.com/productos.php?cmd=loadProductos&productId=114,producto dinámico,,,,,ProductosView.php,Operadores para puertas ascendentes,,https://puertasyserviciosindustriales.com/system/file.php?id=1003&type=application/pdf,UNKNOWN,ID demostrado por dump público; alias /114/producto/{getFriendlyName()}/; slug exacto pendiente de validar codificación; relación 0 impide certificar metadatos del detalle
productos.php,https://puertasyserviciosindustriales.com/productos.php?cmd=loadProductos&productId=115,producto dinámico,,,,,ProductosView.php,Puertas contra rayos x,,https://puertasyserviciosindustriales.com/system/file.php?id=1012&type=application/pdf | https://puertasyserviciosindustriales.com/system/file.php?id=1013&type=application/pdf,UNKNOWN,ID demostrado por dump público; alias /115/producto/{getFriendlyName()}/; slug exacto pendiente de validar codificación; relación 0 impide certificar metadatos del detalle
productos.php,https://puertasyserviciosindustriales.com/productos.php?cmd=loadProductos&productId=116,producto dinámico,,,,,ProductosView.php,Puertas contra incendio,,https://puertasyserviciosindustriales.com/system/file.php?id=1018&type=application/pdf | https://puertasyserviciosindustriales.com/system/file.php?id=1019&type=application/pdf,UNKNOWN,ID demostrado por dump público; alias /116/producto/{getFriendlyName()}/; slug exacto pendiente de validar codificación; relación 0 impide certificar metadatos del detalle
productos.php,https://puertasyserviciosindustriales.com/productos.php?cmd=loadProductos&productId=117,producto dinámico,,,,,ProductosView.php,Puerta contra explosion,,https://puertasyserviciosindustriales.com/system/file.php?id=1028&type=application/pdf,UNKNOWN,ID demostrado por dump público; alias /117/producto/{getFriendlyName()}/; slug exacto pendiente de validar codificación; relación 0 impide certificar metadatos del detalle
productos.php,https://puertasyserviciosindustriales.com/productos.php?cmd=loadProductos&productId=118,producto dinámico,,,,,ProductosView.php,Puertas blindadas,,https://puertasyserviciosindustriales.com/system/file.php?id=1037&type=application/pdf | https://puertasyserviciosindustriales.com/system/file.php?id=1038&type=application/pdf,UNKNOWN,ID demostrado por dump público; alias /118/producto/{getFriendlyName()}/; slug exacto pendiente de validar codificación; relación 0 impide certificar metadatos del detalle
productos.php,https://puertasyserviciosindustriales.com/productos.php?cmd=loadProductos&productId=119,producto dinámico,,,,,ProductosView.php,Puerta estÃ¡ndar,,https://puertasyserviciosindustriales.com/system/file.php?id=1043&type=application/pdf | https://puertasyserviciosindustriales.com/system/file.php?id=1044&type=application/pdf,UNKNOWN,ID demostrado por dump público; alias /119/producto/{getFriendlyName()}/; slug exacto pendiente de validar codificación; relación 0 impide certificar metadatos del detalle
productos.php,https://puertasyserviciosindustriales.com/productos.php?cmd=loadProductos&productId=120,producto dinámico,,,,,ProductosView.php,Puerta estÃ¡ndar reforzada,,https://puertasyserviciosindustriales.com/system/file.php?id=1049&type=application/pdf | https://puertasyserviciosindustriales.com/system/file.php?id=1050&type=application/pdf,UNKNOWN,ID demostrado por dump público; alias /120/producto/{getFriendlyName()}/; slug exacto pendiente de validar codificación; relación 0 impide certificar metadatos del detalle
productos.php,https://puertasyserviciosindustriales.com/productos.php?cmd=loadProductos&productId=121,producto dinámico,,,,,ProductosView.php,Puerta y fijos Louver,,,UNKNOWN,ID demostrado por dump público; alias /121/producto/{getFriendlyName()}/; slug exacto pendiente de validar codificación; relación 0 impide certificar metadatos del detalle
productos.php,https://puertasyserviciosindustriales.com/productos.php?cmd=loadProductos&productId=122,producto dinámico,,,,,ProductosView.php,Puerta Holandesa,,https://puertasyserviciosindustriales.com/system/file.php?id=1071&type=application/pdf,UNKNOWN,ID demostrado por dump público; alias /122/producto/{getFriendlyName()}/; slug exacto pendiente de validar codificación; relación 0 impide certificar metadatos del detalle
productos.php,https://puertasyserviciosindustriales.com/productos.php?cmd=loadProductos&productId=123,producto dinámico,,,,,ProductosView.php,Fraccionamientos y Condominios,,https://puertasyserviciosindustriales.com/system/file.php?id=1076&type=application/pdf,UNKNOWN,ID demostrado por dump público; alias /123/producto/{getFriendlyName()}/; slug exacto pendiente de validar codificación; relación 0 impide certificar metadatos del detalle
productos.php,https://puertasyserviciosindustriales.com/productos.php?cmd=loadProductos&productId=124,producto dinámico,,,,,ProductosView.php,Fraccionamientos y Condominios,,https://puertasyserviciosindustriales.com/system/file.php?id=1081&type=application/pdf,UNKNOWN,ID demostrado por dump público; alias /124/producto/{getFriendlyName()}/; slug exacto pendiente de validar codificación; relación 0 impide certificar metadatos del detalle
productos.php,https://puertasyserviciosindustriales.com/productos.php?cmd=loadProductos&productId=125,producto dinámico,,,,,ProductosView.php,Estacionamientos,,https://puertasyserviciosindustriales.com/system/file.php?id=1086&type=application/pdf,UNKNOWN,ID demostrado por dump público; alias /125/producto/{getFriendlyName()}/; slug exacto pendiente de validar codificación; relación 0 impide certificar metadatos del detalle
productos.php,https://puertasyserviciosindustriales.com/productos.php?cmd=loadProductos&productId=126,producto dinámico,,,,,ProductosView.php,Estacionamientos,,https://puertasyserviciosindustriales.com/system/file.php?id=1091&type=application/pdf,UNKNOWN,ID demostrado por dump público; alias /126/producto/{getFriendlyName()}/; slug exacto pendiente de validar codificación; relación 0 impide certificar metadatos del detalle
productos.php,https://puertasyserviciosindustriales.com/productos.php?cmd=loadProductos&productId=127,producto dinámico,,,,,ProductosView.php,Centros comerciales y hoteles,,https://puertasyserviciosindustriales.com/system/file.php?id=1100&type=application/pdf,UNKNOWN,ID demostrado por dump público; alias /127/producto/{getFriendlyName()}/; slug exacto pendiente de validar codificación; relación 0 impide certificar metadatos del detalle
productos.php,https://puertasyserviciosindustriales.com/productos.php?cmd=loadProductos&productId=128,producto dinámico,,,,,ProductosView.php,Centros comerciales y hoteles,,https://puertasyserviciosindustriales.com/system/file.php?id=1105&type=application/pdf,UNKNOWN,ID demostrado por dump público; alias /128/producto/{getFriendlyName()}/; slug exacto pendiente de validar codificación; relación 0 impide certificar metadatos del detalle
productos.php,https://puertasyserviciosindustriales.com/productos.php?cmd=loadProductos&productId=129,producto dinámico,,,,,ProductosView.php,Centros comerciales y hoteles,,https://puertasyserviciosindustriales.com/system/file.php?id=1118&type=application/pdf | https://puertasyserviciosindustriales.com/system/file.php?id=1119&type=application/pdf,UNKNOWN,ID demostrado por dump público; alias /129/producto/{getFriendlyName()}/; slug exacto pendiente de validar codificación; relación 0 impide certificar metadatos del detalle
productos.php,https://puertasyserviciosindustriales.com/productos.php?cmd=loadProductos&productId=130,producto dinámico,,,,,ProductosView.php,Centros comerciales y hoteles,,https://puertasyserviciosindustriales.com/system/file.php?id=1124&type=application/pdf | https://puertasyserviciosindustriales.com/system/file.php?id=1125&type=application/pdf,UNKNOWN,ID demostrado por dump público; alias /130/producto/{getFriendlyName()}/; slug exacto pendiente de validar codificación; relación 0 impide certificar metadatos del detalle
productos.php,https://puertasyserviciosindustriales.com/productos.php?cmd=loadProductos&productId=131,producto dinámico,,,,,ProductosView.php,Centros comerciales y hoteles,,https://puertasyserviciosindustriales.com/system/file.php?id=1130&type=application/pdf | https://puertasyserviciosindustriales.com/system/file.php?id=1131&type=application/pdf,UNKNOWN,ID demostrado por dump público; alias /131/producto/{getFriendlyName()}/; slug exacto pendiente de validar codificación; relación 0 impide certificar metadatos del detalle
productos.php,https://puertasyserviciosindustriales.com/productos.php?cmd=loadProductos&productId=132,producto dinámico,,,,,ProductosView.php,Centros comerciales y hoteles,,https://puertasyserviciosindustriales.com/system/file.php?id=1136&type=application/pdf | https://puertasyserviciosindustriales.com/system/file.php?id=1137&type=application/pdf,UNKNOWN,ID demostrado por dump público; alias /132/producto/{getFriendlyName()}/; slug exacto pendiente de validar codificación; relación 0 impide certificar metadatos del detalle
productos.php,https://puertasyserviciosindustriales.com/productos.php?cmd=loadProductos&productId=133,producto dinámico,,,,,ProductosView.php,Centros comerciales y hoteles,,https://puertasyserviciosindustriales.com/system/file.php?id=1146&type=application/pdf,UNKNOWN,ID demostrado por dump público; alias /133/producto/{getFriendlyName()}/; slug exacto pendiente de validar codificación; relación 0 impide certificar metadatos del detalle
productos.php,https://puertasyserviciosindustriales.com/productos.php?cmd=loadProductos&productId=134,producto dinámico,,,,,ProductosView.php,Centros comerciales y hoteles,,,UNKNOWN,ID demostrado por dump público; alias /134/producto/{getFriendlyName()}/; slug exacto pendiente de validar codificación; relación 0 impide certificar metadatos del detalle
productos.php,https://puertasyserviciosindustriales.com/productos.php?cmd=loadProductos&productId=135,producto dinámico,,,,,ProductosView.php,Centros comerciales y hoteles,,https://puertasyserviciosindustriales.com/system/file.php?id=1163&type=application/pdf,UNKNOWN,ID demostrado por dump público; alias /135/producto/{getFriendlyName()}/; slug exacto pendiente de validar codificación; relación 0 impide certificar metadatos del detalle
productos.php,https://puertasyserviciosindustriales.com/productos.php?cmd=loadProductos&productId=136,producto dinámico,,,,,ProductosView.php,Centros comerciales y hoteles,,https://puertasyserviciosindustriales.com/system/file.php?id=1176&type=application/pdf,UNKNOWN,ID demostrado por dump público; alias /136/producto/{getFriendlyName()}/; slug exacto pendiente de validar codificación; relación 0 impide certificar metadatos del detalle
productos.php,https://puertasyserviciosindustriales.com/productos.php?cmd=loadProductos&productId=137,producto dinámico,,,,,ProductosView.php,Centros comerciales y hoteles,,https://puertasyserviciosindustriales.com/system/file.php?id=1189&type=application/pdf,UNKNOWN,ID demostrado por dump público; alias /137/producto/{getFriendlyName()}/; slug exacto pendiente de validar codificación; relación 0 impide certificar metadatos del detalle
productos.php,https://puertasyserviciosindustriales.com/productos.php?cmd=loadProductos&productId=138,producto dinámico,,,,,ProductosView.php,Accesorios y dispositivos de control de acceso y seguridad,,https://puertasyserviciosindustriales.com/system/file.php?id=1198&type=application/pdf,UNKNOWN,ID demostrado por dump público; alias /138/producto/{getFriendlyName()}/; slug exacto pendiente de validar codificación; relación 0 impide certificar metadatos del detalle
productos.php,https://puertasyserviciosindustriales.com/productos.php?cmd=loadProductos&productId=139,producto dinámico,,,,,ProductosView.php,Rampa Niveladora,,https://puertasyserviciosindustriales.com/system/file.php?id=1203&type=application/pdf,UNKNOWN,ID demostrado por dump público; alias /139/producto/{getFriendlyName()}/; slug exacto pendiente de validar codificación; relación 0 impide certificar metadatos del detalle
productos.php,https://puertasyserviciosindustriales.com/productos.php?cmd=loadProductos&productId=140,producto dinámico,,,,,ProductosView.php,Rampa Niveladora,,https://puertasyserviciosindustriales.com/system/file.php?id=1208&type=application/pdf,UNKNOWN,ID demostrado por dump público; alias /140/producto/{getFriendlyName()}/; slug exacto pendiente de validar codificación; relación 0 impide certificar metadatos del detalle
productos.php,https://puertasyserviciosindustriales.com/productos.php?cmd=loadProductos&productId=141,producto dinámico,,,,,ProductosView.php,Rampa Niveladora,,https://puertasyserviciosindustriales.com/system/file.php?id=1213&type=application/pdf,UNKNOWN,ID demostrado por dump público; alias /141/producto/{getFriendlyName()}/; slug exacto pendiente de validar codificación; relación 0 impide certificar metadatos del detalle
productos.php,https://puertasyserviciosindustriales.com/productos.php?cmd=loadProductos&productId=142,producto dinámico,,,,,ProductosView.php,Rampa Niveladora,,https://puertasyserviciosindustriales.com/system/file.php?id=1222&type=application/pdf,UNKNOWN,ID demostrado por dump público; alias /142/producto/{getFriendlyName()}/; slug exacto pendiente de validar codificación; relación 0 impide certificar metadatos del detalle
productos.php,https://puertasyserviciosindustriales.com/productos.php?cmd=loadProductos&productId=143,producto dinámico,,,,,ProductosView.php,Labio de elevaciÃ³n para anden de carga,,https://puertasyserviciosindustriales.com/system/file.php?id=1231&type=application/pdf,UNKNOWN,ID demostrado por dump público; alias /143/producto/{getFriendlyName()}/; slug exacto pendiente de validar codificación; relación 0 impide certificar metadatos del detalle
productos.php,https://puertasyserviciosindustriales.com/productos.php?cmd=loadProductos&productId=144,producto dinámico,,,,,ProductosView.php,Retenedores de vehiculos,,https://puertasyserviciosindustriales.com/system/file.php?id=1236&type=application/pdf,UNKNOWN,ID demostrado por dump público; alias /144/producto/{getFriendlyName()}/; slug exacto pendiente de validar codificación; relación 0 impide certificar metadatos del detalle
productos.php,https://puertasyserviciosindustriales.com/productos.php?cmd=loadProductos&productId=145,producto dinámico,,,,,ProductosView.php,Retenedores de vehiculos,,https://puertasyserviciosindustriales.com/system/file.php?id=1241&type=application/pdf,UNKNOWN,ID demostrado por dump público; alias /145/producto/{getFriendlyName()}/; slug exacto pendiente de validar codificación; relación 0 impide certificar metadatos del detalle
productos.php,https://puertasyserviciosindustriales.com/productos.php?cmd=loadProductos&productId=146,producto dinámico,,,,,ProductosView.php,Retenedores de vehiculos,,,UNKNOWN,ID demostrado por dump público; alias /146/producto/{getFriendlyName()}/; slug exacto pendiente de validar codificación; relación 0 impide certificar metadatos del detalle
productos.php,https://puertasyserviciosindustriales.com/productos.php?cmd=loadProductos&productId=147,producto dinámico,,,,,ProductosView.php,Sellos para Anden,,https://puertasyserviciosindustriales.com/system/file.php?id=1254&type=application/pdf | https://puertasyserviciosindustriales.com/system/file.php?id=1255&type=application/pdf,UNKNOWN,ID demostrado por dump público; alias /147/producto/{getFriendlyName()}/; slug exacto pendiente de validar codificación; relación 0 impide certificar metadatos del detalle
productos.php,https://puertasyserviciosindustriales.com/productos.php?cmd=loadProductos&productId=148,producto dinámico,,,,,ProductosView.php,Sellos para Anden,,,UNKNOWN,ID demostrado por dump público; alias /148/producto/{getFriendlyName()}/; slug exacto pendiente de validar codificación; relación 0 impide certificar metadatos del detalle
productos.php,https://puertasyserviciosindustriales.com/productos.php?cmd=loadProductos&productId=149,producto dinámico,,,,,ProductosView.php,Sellos para Anden,,https://puertasyserviciosindustriales.com/system/file.php?id=1272&type=application/pdf,UNKNOWN,ID demostrado por dump público; alias /149/producto/{getFriendlyName()}/; slug exacto pendiente de validar codificación; relación 0 impide certificar metadatos del detalle
productos.php,https://puertasyserviciosindustriales.com/productos.php?cmd=loadProductos&productId=150,producto dinámico,,,,,ProductosView.php,Sellos para Anden,,https://puertasyserviciosindustriales.com/system/file.php?id=1293&type=application/pdf | https://puertasyserviciosindustriales.com/system/file.php?id=1294&type=application/pdf,UNKNOWN,ID demostrado por dump público; alias /150/producto/{getFriendlyName()}/; slug exacto pendiente de validar codificación; relación 0 impide certificar metadatos del detalle
productos.php,https://puertasyserviciosindustriales.com/productos.php?cmd=loadProductos&productId=151,producto dinámico,,,,,ProductosView.php,"Bumpers, semaforos y cepillos para rampa niveladora",,,UNKNOWN,ID demostrado por dump público; alias /151/producto/{getFriendlyName()}/; slug exacto pendiente de validar codificación; relación 0 impide certificar metadatos del detalle
productos.php,https://puertasyserviciosindustriales.com/productos.php?cmd=loadProductos&productId=152,producto dinámico,,,,,ProductosView.php,"Bumpers, semaforos y cepillos para rampa niveladora",,,UNKNOWN,ID demostrado por dump público; alias /152/producto/{getFriendlyName()}/; slug exacto pendiente de validar codificación; relación 0 impide certificar metadatos del detalle
productos.php,https://puertasyserviciosindustriales.com/productos.php?cmd=loadProductos&productId=153,producto dinámico,,,,,ProductosView.php,"Bumpers, semaforos y cepillos para rampa niveladora",,,UNKNOWN,ID demostrado por dump público; alias /153/producto/{getFriendlyName()}/; slug exacto pendiente de validar codificación; relación 0 impide certificar metadatos del detalle
productos.php,https://puertasyserviciosindustriales.com/productos.php?cmd=loadProductos&productId=154,producto dinámico,,,,,ProductosView.php,"Bumpers, semaforos y cepillos para rampa niveladora",,,UNKNOWN,ID demostrado por dump público; alias /154/producto/{getFriendlyName()}/; slug exacto pendiente de validar codificación; relación 0 impide certificar metadatos del detalle
productos.php,https://puertasyserviciosindustriales.com/productos.php?cmd=loadProductos&productId=155,producto dinámico,,,,,ProductosView.php,"Bumpers, semaforos y cepillos para rampa niveladora",,,UNKNOWN,ID demostrado por dump público; alias /155/producto/{getFriendlyName()}/; slug exacto pendiente de validar codificación; relación 0 impide certificar metadatos del detalle
productos.php,https://puertasyserviciosindustriales.com/productos.php?cmd=loadProductos&productId=156,producto dinámico,,,,,ProductosView.php,"Bumpers, semaforos y cepillos para rampa niveladora",,,UNKNOWN,ID demostrado por dump público; alias /156/producto/{getFriendlyName()}/; slug exacto pendiente de validar codificación; relación 0 impide certificar metadatos del detalle
productos.php,https://puertasyserviciosindustriales.com/productos.php?cmd=loadProductos&productId=157,producto dinámico,,,,,ProductosView.php,"Bumpers, semaforos y cepillos para rampa niveladora",,,UNKNOWN,ID demostrado por dump público; alias /157/producto/{getFriendlyName()}/; slug exacto pendiente de validar codificación; relación 0 impide certificar metadatos del detalle
productos.php,https://puertasyserviciosindustriales.com/productos.php?cmd=loadProductos&productId=158,producto dinámico,,,,,ProductosView.php,"Bumpers, semaforos y cepillos para rampa niveladora",,,UNKNOWN,ID demostrado por dump público; alias /158/producto/{getFriendlyName()}/; slug exacto pendiente de validar codificación; relación 0 impide certificar metadatos del detalle
productos.php,https://puertasyserviciosindustriales.com/productos.php?cmd=loadProductos&productId=159,producto dinámico,,,,,ProductosView.php,"Bumpers, semaforos y cepillos para rampa niveladora",,,UNKNOWN,ID demostrado por dump público; alias /159/producto/{getFriendlyName()}/; slug exacto pendiente de validar codificación; relación 0 impide certificar metadatos del detalle
productos.php,https://puertasyserviciosindustriales.com/productos.php?cmd=loadProductos&productId=160,producto dinámico,,,,,ProductosView.php,"Bumpers, semaforos y cepillos para rampa niveladora",,,UNKNOWN,ID demostrado por dump público; alias /160/producto/{getFriendlyName()}/; slug exacto pendiente de validar codificación; relación 0 impide certificar metadatos del detalle
productos.php,https://puertasyserviciosindustriales.com/productos.php?cmd=loadProductos&productId=161,producto dinámico,,,,,ProductosView.php,"Bumpers, semaforos y cepillos para rampa niveladora",,,UNKNOWN,ID demostrado por dump público; alias /161/producto/{getFriendlyName()}/; slug exacto pendiente de validar codificación; relación 0 impide certificar metadatos del detalle
productos.php,https://puertasyserviciosindustriales.com/productos.php?cmd=loadProductos&productId=162,producto dinámico,,,,,ProductosView.php,"Bumpers, semaforos y cepillos para rampa niveladora",,,UNKNOWN,ID demostrado por dump público; alias /162/producto/{getFriendlyName()}/; slug exacto pendiente de validar codificación; relación 0 impide certificar metadatos del detalle
productos.php,https://puertasyserviciosindustriales.com/productos.php?cmd=loadProductos&productId=163,producto dinámico,,,,,ProductosView.php,"Bumpers, semaforos y cepillos para rampa niveladora",,,UNKNOWN,ID demostrado por dump público; alias /163/producto/{getFriendlyName()}/; slug exacto pendiente de validar codificación; relación 0 impide certificar metadatos del detalle
productos.php,https://puertasyserviciosindustriales.com/productos.php?cmd=loadProductos&productId=164,producto dinámico,,,,,ProductosView.php,"Bumpers, semaforos y cepillos para rampa niveladora",,,UNKNOWN,ID demostrado por dump público; alias /164/producto/{getFriendlyName()}/; slug exacto pendiente de validar codificación; relación 0 impide certificar metadatos del detalle
productos.php,https://puertasyserviciosindustriales.com/productos.php?cmd=loadProductos&productId=165,producto dinámico,Prueba | Industrial | Overhead Door |  PSI | Puertas y Servicios Industriales,"Productos Prueba Marca Overhead Door |  Venta, instalación y mantenimiento de puertas automáticas para diferentes sectores de la industria",,[JS: Industrial | Overhead Door],ProductosView.php,Industrial,Overhead Door,https://puertasyserviciosindustriales.com/system/file.php?id=1355&type=application/pdf,UNKNOWN,ID demostrado por dump público; alias /165/producto/{getFriendlyName()}/; slug exacto pendiente de validar codificación
productos.php,https://puertasyserviciosindustriales.com/productos.php?cmd=search&CategoriaId=1,listado categoría,Productos Industrial |  PSI | Puertas y Servicios Industriales,"Productos Productos Industrial |  Venta, instalación y mantenimiento de puertas automáticas para diferentes sectores de la industria",,[JS: Categoria],ProductosMain.php,Industrial,,,UNKNOWN,URL por parámetros demostrados; ver fórmulas amigables en seo-inventory.md
categorias.php,https://puertasyserviciosindustriales.com/categorias.php?cmd=search&categoriaId=1,categoría padre,Industriales | Soluciones  |  PSI | Puertas y Servicios Industriales,"Soluciones de Productos Industriales |  Venta, instalación y mantenimiento de puertas automáticas para diferentes sectores de la industria",,[JS: Soluciones],CategoriasMain.php,Industrial,,,UNKNOWN,URL por parámetros demostrados; ver fórmulas amigables en seo-inventory.md
productos.php,https://puertasyserviciosindustriales.com/productos.php?cmd=search&CategoriaId=2,listado categoría,Productos Comercial |  PSI | Puertas y Servicios Industriales,"Productos Productos Comercial |  Venta, instalación y mantenimiento de puertas automáticas para diferentes sectores de la industria",,[JS: Categoria],ProductosMain.php,Comercial,,,UNKNOWN,URL por parámetros demostrados; ver fórmulas amigables en seo-inventory.md
categorias.php,https://puertasyserviciosindustriales.com/categorias.php?cmd=search&categoriaId=2,categoría padre,Comerciales | Soluciones  |  PSI | Puertas y Servicios Industriales,"Soluciones de Productos Comerciales |  Venta, instalación y mantenimiento de puertas automáticas para diferentes sectores de la industria",,[JS: Soluciones],CategoriasMain.php,Comercial,,,UNKNOWN,URL por parámetros demostrados; ver fórmulas amigables en seo-inventory.md
productos.php,https://puertasyserviciosindustriales.com/productos.php?cmd=search&CategoriaId=3,listado categoría,Productos Equipos y Accesorios para Anden de Carga |  PSI | Puertas y Servicios Industriales,"Productos Productos Equipos y Accesorios para Anden de Carga |  Venta, instalación y mantenimiento de puertas automáticas para diferentes sectores de la industria",,[JS: Categoria],ProductosMain.php,Equipos y Accesorios para Anden de Carga,,,UNKNOWN,URL por parámetros demostrados; ver fórmulas amigables en seo-inventory.md
categorias.php,https://puertasyserviciosindustriales.com/categorias.php?cmd=search&categoriaId=3,categoría padre,Equipos y Accesorios para Anden de Carga | Soluciones  |  PSI | Puertas y Servicios Industriales,"Soluciones de Productos Equipos y Accesorios para Anden de Carga |  Venta, instalación y mantenimiento de puertas automáticas para diferentes sectores de la industria",,[JS: Soluciones],CategoriasMain.php,Equipos y Accesorios para Anden de Carga,,,UNKNOWN,URL por parámetros demostrados; ver fórmulas amigables en seo-inventory.md
productos.php,https://puertasyserviciosindustriales.com/productos.php?cmd=search&CategoriaId=4,listado categoría,Productos Puertas peatonales de Salida de Emergencia |  PSI | Puertas y Servicios Industriales,"Productos Productos Puertas peatonales de Salida de Emergencia |  Venta, instalación y mantenimiento de puertas automáticas para diferentes sectores de la industria",,[JS: Categoria],ProductosMain.php,Puertas peatonales de Salida de Emergencia,,,UNKNOWN,URL por parámetros demostrados; ver fórmulas amigables en seo-inventory.md
categorias.php,https://puertasyserviciosindustriales.com/categorias.php?cmd=search&categoriaId=4,categoría padre,Puertas peatonales de Salida de Emergencia | Soluciones  |  PSI | Puertas y Servicios Industriales,"Soluciones de Productos Puertas peatonales de Salida de Emergencia |  Venta, instalación y mantenimiento de puertas automáticas para diferentes sectores de la industria",,[JS: Soluciones],CategoriasMain.php,Puertas peatonales de Salida de Emergencia,,,UNKNOWN,URL por parámetros demostrados; ver fórmulas amigables en seo-inventory.md
productos.php,https://puertasyserviciosindustriales.com/productos.php?cmd=search&CategoriaId=5,listado categoría,"Productos Puertas peatonales contra Incendio, Contra ExplosiÃ³n y Blindadas |  PSI | Puertas y Servicios Industriales","Productos Productos Puertas peatonales contra Incendio, Contra ExplosiÃ³n y Blindadas |  Venta, instalación y mantenimiento de puertas automáticas para diferentes sectores de la industria",,[JS: Categoria],ProductosMain.php,"Puertas peatonales contra Incendio, Contra ExplosiÃ³n y Blindadas",,,UNKNOWN,URL por parámetros demostrados; ver fórmulas amigables en seo-inventory.md
categorias.php,https://puertasyserviciosindustriales.com/categorias.php?cmd=search&categoriaId=5,categoría padre,"Puertas peatonales contra Incendio, Contra ExplosiÃ³n y Blindadas | Soluciones  |  PSI | Puertas y Servicios Industriales","Soluciones de Productos Puertas peatonales contra Incendio, Contra ExplosiÃ³n y Blindadas |  Venta, instalación y mantenimiento de puertas automáticas para diferentes sectores de la industria",,[JS: Soluciones],CategoriasMain.php,"Puertas peatonales contra Incendio, Contra ExplosiÃ³n y Blindadas",,,UNKNOWN,URL por parámetros demostrados; ver fórmulas amigables en seo-inventory.md
productos.php,https://puertasyserviciosindustriales.com/productos.php?cmd=search&CategoriaId=6,listado categoría,Productos Puertas peatonales para Hospitales |  PSI | Puertas y Servicios Industriales,"Productos Productos Puertas peatonales para Hospitales |  Venta, instalación y mantenimiento de puertas automáticas para diferentes sectores de la industria",,[JS: Categoria],ProductosMain.php,Puertas peatonales para Hospitales,,,UNKNOWN,URL por parámetros demostrados; ver fórmulas amigables en seo-inventory.md
categorias.php,https://puertasyserviciosindustriales.com/categorias.php?cmd=search&categoriaId=6,categoría padre,Puertas peatonales para Hospitales | Soluciones  |  PSI | Puertas y Servicios Industriales,"Soluciones de Productos Puertas peatonales para Hospitales |  Venta, instalación y mantenimiento de puertas automáticas para diferentes sectores de la industria",,[JS: Soluciones],CategoriasMain.php,Puertas peatonales para Hospitales,,,UNKNOWN,URL por parámetros demostrados; ver fórmulas amigables en seo-inventory.md
productos.php,https://puertasyserviciosindustriales.com/productos.php?cmd=search&CategoriaId=7,listado categoría,Productos Residenciales |  PSI | Puertas y Servicios Industriales,"Productos Productos Residenciales |  Venta, instalación y mantenimiento de puertas automáticas para diferentes sectores de la industria",,[JS: Categoria],ProductosMain.php,Residenciales,,,UNKNOWN,URL por parámetros demostrados; ver fórmulas amigables en seo-inventory.md
categorias.php,https://puertasyserviciosindustriales.com/categorias.php?cmd=search&categoriaId=7,categoría padre,Residenciales | Soluciones  |  PSI | Puertas y Servicios Industriales,"Soluciones de Productos Residenciales |  Venta, instalación y mantenimiento de puertas automáticas para diferentes sectores de la industria",,[JS: Soluciones],CategoriasMain.php,Residenciales,,,UNKNOWN,URL por parámetros demostrados; ver fórmulas amigables en seo-inventory.md
productos.php,https://puertasyserviciosindustriales.com/productos.php?cmd=search&CategoriaId=8,listado categoría,Productos Puertas Seccionales |  PSI | Puertas y Servicios Industriales,"Productos Productos Puertas Seccionales |  Venta, instalación y mantenimiento de puertas automáticas para diferentes sectores de la industria",,[JS: Categoria],ProductosMain.php,Puertas Seccionales,,,UNKNOWN,URL por parámetros demostrados; ver fórmulas amigables en seo-inventory.md
productos.php,https://puertasyserviciosindustriales.com/productos.php?cmd=search&CategoriaId=9,listado categoría,Productos Fraccionamientos y Condominios |  PSI | Puertas y Servicios Industriales,"Productos Productos Fraccionamientos y Condominios |  Venta, instalación y mantenimiento de puertas automáticas para diferentes sectores de la industria",,[JS: Categoria],ProductosMain.php,Fraccionamientos y Condominios,,,UNKNOWN,URL por parámetros demostrados; ver fórmulas amigables en seo-inventory.md
productos.php,https://puertasyserviciosindustriales.com/productos.php?cmd=search&CategoriaId=10,listado categoría,Productos Rampa Niveladora |  PSI | Puertas y Servicios Industriales,"Productos Productos Rampa Niveladora |  Venta, instalación y mantenimiento de puertas automáticas para diferentes sectores de la industria",,[JS: Categoria],ProductosMain.php,Rampa Niveladora,,,UNKNOWN,URL por parámetros demostrados; ver fórmulas amigables en seo-inventory.md
productos.php,https://puertasyserviciosindustriales.com/productos.php?cmd=search&CategoriaId=11,listado categoría,Productos Operadores para puerta corrediza |  PSI | Puertas y Servicios Industriales,"Productos Productos Operadores para puerta corrediza |  Venta, instalación y mantenimiento de puertas automáticas para diferentes sectores de la industria",,[JS: Categoria],ProductosMain.php,Operadores para puerta corrediza,,,UNKNOWN,URL por parámetros demostrados; ver fórmulas amigables en seo-inventory.md
productos.php,https://puertasyserviciosindustriales.com/productos.php?cmd=search&CategoriaId=12,listado categoría,Productos Operadores para puerta abatible |  PSI | Puertas y Servicios Industriales,"Productos Productos Operadores para puerta abatible |  Venta, instalación y mantenimiento de puertas automáticas para diferentes sectores de la industria",,[JS: Categoria],ProductosMain.php,Operadores para puerta abatible,,,UNKNOWN,URL por parámetros demostrados; ver fórmulas amigables en seo-inventory.md
productos.php,https://puertasyserviciosindustriales.com/productos.php?cmd=search&CategoriaId=13,listado categoría,Productos Operadores para puertas seccionales y cortinas enrollables |  PSI | Puertas y Servicios Industriales,"Productos Productos Operadores para puertas seccionales y cortinas enrollables |  Venta, instalación y mantenimiento de puertas automáticas para diferentes sectores de la industria",,[JS: Categoria],ProductosMain.php,Operadores para puertas seccionales y cortinas enrollables,,,UNKNOWN,URL por parámetros demostrados; ver fórmulas amigables en seo-inventory.md
productos.php,https://puertasyserviciosindustriales.com/productos.php?cmd=search&CategoriaId=14,listado categoría,Productos Cortinas enrollables |  PSI | Puertas y Servicios Industriales,"Productos Productos Cortinas enrollables |  Venta, instalación y mantenimiento de puertas automáticas para diferentes sectores de la industria",,[JS: Categoria],ProductosMain.php,Cortinas enrollables,,,UNKNOWN,URL por parámetros demostrados; ver fórmulas amigables en seo-inventory.md
productos.php,https://puertasyserviciosindustriales.com/productos.php?cmd=search&CategoriaId=16,listado categoría,Productos Tiras plÃ¡sticas |  PSI | Puertas y Servicios Industriales,"Productos Productos Tiras plÃ¡sticas |  Venta, instalación y mantenimiento de puertas automáticas para diferentes sectores de la industria",,[JS: Categoria],ProductosMain.php,Tiras plÃ¡sticas,,,UNKNOWN,URL por parámetros demostrados; ver fórmulas amigables en seo-inventory.md
productos.php,https://puertasyserviciosindustriales.com/productos.php?cmd=search&CategoriaId=17,listado categoría,Productos Puertas rÃ¡pidas |  PSI | Puertas y Servicios Industriales,"Productos Productos Puertas rÃ¡pidas |  Venta, instalación y mantenimiento de puertas automáticas para diferentes sectores de la industria",,[JS: Categoria],ProductosMain.php,Puertas rÃ¡pidas,,,UNKNOWN,URL por parámetros demostrados; ver fórmulas amigables en seo-inventory.md
productos.php,https://puertasyserviciosindustriales.com/productos.php?cmd=search&CategoriaId=18,listado categoría,Productos Estacionamientos |  PSI | Puertas y Servicios Industriales,"Productos Productos Estacionamientos |  Venta, instalación y mantenimiento de puertas automáticas para diferentes sectores de la industria",,[JS: Categoria],ProductosMain.php,Estacionamientos,,,UNKNOWN,URL por parámetros demostrados; ver fórmulas amigables en seo-inventory.md
productos.php,https://puertasyserviciosindustriales.com/productos.php?cmd=search&CategoriaId=19,listado categoría,Productos Centros comerciales y hoteles |  PSI | Puertas y Servicios Industriales,"Productos Productos Centros comerciales y hoteles |  Venta, instalación y mantenimiento de puertas automáticas para diferentes sectores de la industria",,[JS: Categoria],ProductosMain.php,Centros comerciales y hoteles,,,UNKNOWN,URL por parámetros demostrados; ver fórmulas amigables en seo-inventory.md
productos.php,https://puertasyserviciosindustriales.com/productos.php?cmd=search&CategoriaId=20,listado categoría,Productos Accesorios y dispositivos de control de acceso y seguridad |  PSI | Puertas y Servicios Industriales,"Productos Productos Accesorios y dispositivos de control de acceso y seguridad |  Venta, instalación y mantenimiento de puertas automáticas para diferentes sectores de la industria",,[JS: Categoria],ProductosMain.php,Accesorios y dispositivos de control de acceso y seguridad,,,UNKNOWN,URL por parámetros demostrados; ver fórmulas amigables en seo-inventory.md
productos.php,https://puertasyserviciosindustriales.com/productos.php?cmd=search&CategoriaId=21,listado categoría,Productos Labio de elevaciÃ³n para anden de carga |  PSI | Puertas y Servicios Industriales,"Productos Productos Labio de elevaciÃ³n para anden de carga |  Venta, instalación y mantenimiento de puertas automáticas para diferentes sectores de la industria",,[JS: Categoria],ProductosMain.php,Labio de elevaciÃ³n para anden de carga,,,UNKNOWN,URL por parámetros demostrados; ver fórmulas amigables en seo-inventory.md
productos.php,https://puertasyserviciosindustriales.com/productos.php?cmd=search&CategoriaId=22,listado categoría,Productos Retenedores de vehiculos |  PSI | Puertas y Servicios Industriales,"Productos Productos Retenedores de vehiculos |  Venta, instalación y mantenimiento de puertas automáticas para diferentes sectores de la industria",,[JS: Categoria],ProductosMain.php,Retenedores de vehiculos,,,UNKNOWN,URL por parámetros demostrados; ver fórmulas amigables en seo-inventory.md
productos.php,https://puertasyserviciosindustriales.com/productos.php?cmd=search&CategoriaId=23,listado categoría,Productos Sellos para Anden |  PSI | Puertas y Servicios Industriales,"Productos Productos Sellos para Anden |  Venta, instalación y mantenimiento de puertas automáticas para diferentes sectores de la industria",,[JS: Categoria],ProductosMain.php,Sellos para Anden,,,UNKNOWN,URL por parámetros demostrados; ver fórmulas amigables en seo-inventory.md
productos.php,https://puertasyserviciosindustriales.com/productos.php?cmd=search&CategoriaId=24,listado categoría,Productos Semaforos y seÃ±alizaciones para anden |  PSI | Puertas y Servicios Industriales,"Productos Productos Semaforos y seÃ±alizaciones para anden |  Venta, instalación y mantenimiento de puertas automáticas para diferentes sectores de la industria",,[JS: Categoria],ProductosMain.php,Semaforos y seÃ±alizaciones para anden,,,UNKNOWN,URL por parámetros demostrados; ver fórmulas amigables en seo-inventory.md
productos.php,https://puertasyserviciosindustriales.com/productos.php?cmd=search&CategoriaId=25,listado categoría,"Productos Bumpers, semaforos y cepillos para rampa niveladora |  PSI | Puertas y Servicios Industriales","Productos Productos Bumpers, semaforos y cepillos para rampa niveladora |  Venta, instalación y mantenimiento de puertas automáticas para diferentes sectores de la industria",,[JS: Categoria],ProductosMain.php,"Bumpers, semaforos y cepillos para rampa niveladora",,,UNKNOWN,URL por parámetros demostrados; ver fórmulas amigables en seo-inventory.md
productos.php,https://puertasyserviciosindustriales.com/productos.php?cmd=search&CategoriaId=26,listado categoría,Productos Puertas contra incendio |  PSI | Puertas y Servicios Industriales,"Productos Productos Puertas contra incendio |  Venta, instalación y mantenimiento de puertas automáticas para diferentes sectores de la industria",,[JS: Categoria],ProductosMain.php,Puertas contra incendio,,,UNKNOWN,URL por parámetros demostrados; ver fórmulas amigables en seo-inventory.md
categorias.php,https://puertasyserviciosindustriales.com/categorias.php?cmd=search&categoriaId=26,categoría padre, | Soluciones  |  PSI | Puertas y Servicios Industriales,"Soluciones de Productos  |  Venta, instalación y mantenimiento de puertas automáticas para diferentes sectores de la industria",,[JS: Soluciones],CategoriasMain.php,Puertas contra incendio,,,UNKNOWN,URL por parámetros demostrados; ver fórmulas amigables en seo-inventory.md
productos.php,https://puertasyserviciosindustriales.com/productos.php?cmd=search&CategoriaId=27,listado categoría,Productos Puerta estÃ¡ndar |  PSI | Puertas y Servicios Industriales,"Productos Productos Puerta estÃ¡ndar |  Venta, instalación y mantenimiento de puertas automáticas para diferentes sectores de la industria",,[JS: Categoria],ProductosMain.php,Puerta estÃ¡ndar,,,UNKNOWN,URL por parámetros demostrados; ver fórmulas amigables en seo-inventory.md
productos.php,https://puertasyserviciosindustriales.com/productos.php?cmd=search&CategoriaId=28,listado categoría,Productos Puerta estÃ¡ndar reforzada |  PSI | Puertas y Servicios Industriales,"Productos Productos Puerta estÃ¡ndar reforzada |  Venta, instalación y mantenimiento de puertas automáticas para diferentes sectores de la industria",,[JS: Categoria],ProductosMain.php,Puerta estÃ¡ndar reforzada,,,UNKNOWN,URL por parámetros demostrados; ver fórmulas amigables en seo-inventory.md
productos.php,https://puertasyserviciosindustriales.com/productos.php?cmd=search&CategoriaId=29,listado categoría,Productos Puerta Holandesa |  PSI | Puertas y Servicios Industriales,"Productos Productos Puerta Holandesa |  Venta, instalación y mantenimiento de puertas automáticas para diferentes sectores de la industria",,[JS: Categoria],ProductosMain.php,Puerta Holandesa,,,UNKNOWN,URL por parámetros demostrados; ver fórmulas amigables en seo-inventory.md
productos.php,https://puertasyserviciosindustriales.com/productos.php?cmd=search&CategoriaId=30,listado categoría,Productos Puerta y fijos Louver |  PSI | Puertas y Servicios Industriales,"Productos Productos Puerta y fijos Louver |  Venta, instalación y mantenimiento de puertas automáticas para diferentes sectores de la industria",,[JS: Categoria],ProductosMain.php,Puerta y fijos Louver,,,UNKNOWN,URL por parámetros demostrados; ver fórmulas amigables en seo-inventory.md
productos.php,https://puertasyserviciosindustriales.com/productos.php?cmd=search&CategoriaId=31,listado categoría,Productos Puerta contra explosion |  PSI | Puertas y Servicios Industriales,"Productos Productos Puerta contra explosion |  Venta, instalación y mantenimiento de puertas automáticas para diferentes sectores de la industria",,[JS: Categoria],ProductosMain.php,Puerta contra explosion,,,UNKNOWN,URL por parámetros demostrados; ver fórmulas amigables en seo-inventory.md
productos.php,https://puertasyserviciosindustriales.com/productos.php?cmd=search&CategoriaId=32,listado categoría,Productos Puertas blindadas |  PSI | Puertas y Servicios Industriales,"Productos Productos Puertas blindadas |  Venta, instalación y mantenimiento de puertas automáticas para diferentes sectores de la industria",,[JS: Categoria],ProductosMain.php,Puertas blindadas,,,UNKNOWN,URL por parámetros demostrados; ver fórmulas amigables en seo-inventory.md
productos.php,https://puertasyserviciosindustriales.com/productos.php?cmd=search&CategoriaId=33,listado categoría,Productos Puertas contra incendio |  PSI | Puertas y Servicios Industriales,"Productos Productos Puertas contra incendio |  Venta, instalación y mantenimiento de puertas automáticas para diferentes sectores de la industria",,[JS: Categoria],ProductosMain.php,Puertas contra incendio,,,UNKNOWN,URL por parámetros demostrados; ver fórmulas amigables en seo-inventory.md
productos.php,https://puertasyserviciosindustriales.com/productos.php?cmd=search&CategoriaId=34,listado categoría,Productos Puertas contra rayos x |  PSI | Puertas y Servicios Industriales,"Productos Productos Puertas contra rayos x |  Venta, instalación y mantenimiento de puertas automáticas para diferentes sectores de la industria",,[JS: Categoria],ProductosMain.php,Puertas contra rayos x,,,UNKNOWN,URL por parámetros demostrados; ver fórmulas amigables en seo-inventory.md
productos.php,https://puertasyserviciosindustriales.com/productos.php?cmd=search&CategoriaId=35,listado categoría,Productos Puerta para hospital |  PSI | Puertas y Servicios Industriales,"Productos Productos Puerta para hospital |  Venta, instalación y mantenimiento de puertas automáticas para diferentes sectores de la industria",,[JS: Categoria],ProductosMain.php,Puerta para hospital,,,UNKNOWN,URL por parámetros demostrados; ver fórmulas amigables en seo-inventory.md
productos.php,https://puertasyserviciosindustriales.com/productos.php?cmd=search&CategoriaId=36,listado categoría,Productos Puertas residenciales |  PSI | Puertas y Servicios Industriales,"Productos Productos Puertas residenciales |  Venta, instalación y mantenimiento de puertas automáticas para diferentes sectores de la industria",,[JS: Categoria],ProductosMain.php,Puertas residenciales,,,UNKNOWN,URL por parámetros demostrados; ver fórmulas amigables en seo-inventory.md
productos.php,https://puertasyserviciosindustriales.com/productos.php?cmd=search&CategoriaId=37,listado categoría,Productos Operadores para puerta corrediza |  PSI | Puertas y Servicios Industriales,"Productos Productos Operadores para puerta corrediza |  Venta, instalación y mantenimiento de puertas automáticas para diferentes sectores de la industria",,[JS: Categoria],ProductosMain.php,Operadores para puerta corrediza,,,UNKNOWN,URL por parámetros demostrados; ver fórmulas amigables en seo-inventory.md
productos.php,https://puertasyserviciosindustriales.com/productos.php?cmd=search&CategoriaId=38,listado categoría,Productos Operadores para puerta abatible |  PSI | Puertas y Servicios Industriales,"Productos Productos Operadores para puerta abatible |  Venta, instalación y mantenimiento de puertas automáticas para diferentes sectores de la industria",,[JS: Categoria],ProductosMain.php,Operadores para puerta abatible,,,UNKNOWN,URL por parámetros demostrados; ver fórmulas amigables en seo-inventory.md
productos.php,https://puertasyserviciosindustriales.com/productos.php?cmd=search&CategoriaId=39,listado categoría,Productos Operadores para puertas ascendentes |  PSI | Puertas y Servicios Industriales,"Productos Productos Operadores para puertas ascendentes |  Venta, instalación y mantenimiento de puertas automáticas para diferentes sectores de la industria",,[JS: Categoria],ProductosMain.php,Operadores para puertas ascendentes,,,UNKNOWN,URL por parámetros demostrados; ver fórmulas amigables en seo-inventory.md
productos.php,https://puertasyserviciosindustriales.com/productos.php?cmd=search&MarcaId=1,listado marca,Marca Overhead Door  |  PSI | Puertas y Servicios Industriales,"Productos Marca Overhead Door  |  Venta, instalación y mantenimiento de puertas automáticas para diferentes sectores de la industria",,[JS: Marca],ProductosMain.php,,Overhead Door,,UNKNOWN,URL por parámetros demostrados; ver fórmulas amigables en seo-inventory.md
productos.php,https://puertasyserviciosindustriales.com/productos.php?cmd=search&MarcaId=2,listado marca,Marca Wayne Dalton  |  PSI | Puertas y Servicios Industriales,"Productos Marca Wayne Dalton  |  Venta, instalación y mantenimiento de puertas automáticas para diferentes sectores de la industria",,[JS: Marca],ProductosMain.php,,Wayne Dalton,,UNKNOWN,URL por parámetros demostrados; ver fórmulas amigables en seo-inventory.md
productos.php,https://puertasyserviciosindustriales.com/productos.php?cmd=search&MarcaId=3,listado marca,Marca Clopay  |  PSI | Puertas y Servicios Industriales,"Productos Marca Clopay  |  Venta, instalación y mantenimiento de puertas automáticas para diferentes sectores de la industria",,[JS: Marca],ProductosMain.php,,Clopay,,UNKNOWN,URL por parámetros demostrados; ver fórmulas amigables en seo-inventory.md
productos.php,https://puertasyserviciosindustriales.com/productos.php?cmd=search&MarcaId=4,listado marca,Marca Blue Giant  |  PSI | Puertas y Servicios Industriales,"Productos Marca Blue Giant  |  Venta, instalación y mantenimiento de puertas automáticas para diferentes sectores de la industria",,[JS: Marca],ProductosMain.php,,Blue Giant,,UNKNOWN,URL por parámetros demostrados; ver fórmulas amigables en seo-inventory.md
productos.php,https://puertasyserviciosindustriales.com/productos.php?cmd=search&MarcaId=5,listado marca,Marca Kelley  |  PSI | Puertas y Servicios Industriales,"Productos Marca Kelley  |  Venta, instalación y mantenimiento de puertas automáticas para diferentes sectores de la industria",,[JS: Marca],ProductosMain.php,,Kelley,,UNKNOWN,URL por parámetros demostrados; ver fórmulas amigables en seo-inventory.md
productos.php,https://puertasyserviciosindustriales.com/productos.php?cmd=search&MarcaId=6,listado marca,Marca Doorlock  |  PSI | Puertas y Servicios Industriales,"Productos Marca Doorlock  |  Venta, instalación y mantenimiento de puertas automáticas para diferentes sectores de la industria",,[JS: Marca],ProductosMain.php,,Doorlock,,UNKNOWN,URL por parámetros demostrados; ver fórmulas amigables en seo-inventory.md
productos.php,https://puertasyserviciosindustriales.com/productos.php?cmd=search&MarcaId=7,listado marca,Marca Rytec  |  PSI | Puertas y Servicios Industriales,"Productos Marca Rytec  |  Venta, instalación y mantenimiento de puertas automáticas para diferentes sectores de la industria",,[JS: Marca],ProductosMain.php,,Rytec,,UNKNOWN,URL por parámetros demostrados; ver fórmulas amigables en seo-inventory.md
productos.php,https://puertasyserviciosindustriales.com/productos.php?cmd=search&MarcaId=8,listado marca,Marca Infraca Quality Doors  |  PSI | Puertas y Servicios Industriales,"Productos Marca Infraca Quality Doors  |  Venta, instalación y mantenimiento de puertas automáticas para diferentes sectores de la industria",,[JS: Marca],ProductosMain.php,,Infraca Quality Doors,,UNKNOWN,URL por parámetros demostrados; ver fórmulas amigables en seo-inventory.md
productos.php,https://puertasyserviciosindustriales.com/productos.php?cmd=search&MarcaId=9,listado marca,Marca GLG Porter Industriali  |  PSI | Puertas y Servicios Industriales,"Productos Marca GLG Porter Industriali  |  Venta, instalación y mantenimiento de puertas automáticas para diferentes sectores de la industria",,[JS: Marca],ProductosMain.php,,GLG Porter Industriali,,UNKNOWN,URL por parámetros demostrados; ver fórmulas amigables en seo-inventory.md
productos.php,https://puertasyserviciosindustriales.com/productos.php?cmd=search&MarcaId=10,listado marca,Marca Dockman  |  PSI | Puertas y Servicios Industriales,"Productos Marca Dockman  |  Venta, instalación y mantenimiento de puertas automáticas para diferentes sectores de la industria",,[JS: Marca],ProductosMain.php,,Dockman,,UNKNOWN,URL por parámetros demostrados; ver fórmulas amigables en seo-inventory.md
productos.php,https://puertasyserviciosindustriales.com/productos.php?cmd=search&MarcaId=11,listado marca,Marca LiftMaster  |  PSI | Puertas y Servicios Industriales,"Productos Marca LiftMaster  |  Venta, instalación y mantenimiento de puertas automáticas para diferentes sectores de la industria",,[JS: Marca],ProductosMain.php,,LiftMaster,,UNKNOWN,URL por parámetros demostrados; ver fórmulas amigables en seo-inventory.md
productos.php,https://puertasyserviciosindustriales.com/productos.php?cmd=search&MarcaId=12,listado marca,Marca BFT  |  PSI | Puertas y Servicios Industriales,"Productos Marca BFT  |  Venta, instalación y mantenimiento de puertas automáticas para diferentes sectores de la industria",,[JS: Marca],ProductosMain.php,,BFT,,UNKNOWN,URL por parámetros demostrados; ver fórmulas amigables en seo-inventory.md
index.php,https://puertasyserviciosindustriales.com/1/categoria/industrial/,ruta amigable literal,,,,,,,,,UNKNOWN,Enlace literal en index.php; referencia adicional: URL probable de getFriendlyNameUrlPadre; verificar codificación y respuesta HTTP
index.php,https://puertasyserviciosindustriales.com/2/categoria/comercial/,ruta amigable literal,,,,,,,,,UNKNOWN,Enlace literal en index.php; referencia adicional: URL probable de getFriendlyNameUrlPadre; verificar codificación y respuesta HTTP
index.php,https://puertasyserviciosindustriales.com/3/categoria/equipos-y-accesorios-para-anden-de-carga/,ruta amigable literal,,,,,,,,,UNKNOWN,Enlace literal en index.php; referencia adicional: URL probable de getFriendlyNameUrlPadre; verificar codificación y respuesta HTTP
index.php,https://puertasyserviciosindustriales.com/4/categoria/puertas-peatonales-de-salida-de-emergencia/,ruta amigable literal,,,,,,,,,UNKNOWN,Enlace literal en index.php; referencia adicional: URL probable de getFriendlyNameUrlPadre; verificar codificación y respuesta HTTP
index.php,https://puertasyserviciosindustriales.com/5/categoria/puertas-peatonales-contra-incendio-contra-explosion-y-blindadas/,ruta amigable literal,,,,,,,,,UNKNOWN,Enlace literal en index.php
index.php,https://puertasyserviciosindustriales.com/6/categoria/puertas-peatonales-para-hospitales/,ruta amigable literal,,,,,,,,,UNKNOWN,Enlace literal en index.php; referencia adicional: URL probable de getFriendlyNameUrlPadre; verificar codificación y respuesta HTTP
index.php,https://puertasyserviciosindustriales.com/7/categoria/residenciales/,ruta amigable literal,,,,,,,,,UNKNOWN,Enlace literal en index.php; referencia adicional: URL probable de getFriendlyNameUrlPadre; verificar codificación y respuesta HTTP
fichas/13.0.Folleto-Operador-AccessPRO-FS1000-SPEED-hoja-tecnica (1).pdf,https://puertasyserviciosindustriales.com/fichas/13.0.Folleto-Operador-AccessPRO-FS1000-SPEED-hoja-tecnica (1).pdf,PDF físico,,,,,,,,fichas/13.0.Folleto-Operador-AccessPRO-FS1000-SPEED-hoja-tecnica (1).pdf,UNKNOWN,Archivo local existente; no se infiere indexación
fichas/FICHATECNICASELLOSSOLMMER S.pdf,https://puertasyserviciosindustriales.com/fichas/FICHATECNICASELLOSSOLMMER S.pdf,PDF físico,,,,,,,,fichas/FICHATECNICASELLOSSOLMMER S.pdf,UNKNOWN,Archivo local existente; no se infiere indexación
fichas/Icaro-smart-AC-Aes.pdf,https://puertasyserviciosindustriales.com/fichas/Icaro-smart-AC-Aes.pdf,PDF físico,,,,,,,,fichas/Icaro-smart-AC-Aes.pdf,UNKNOWN,Archivo local existente; no se infiere indexación
fichas/INFRACA-RÁPIDA-APILABLE.pdf,https://puertasyserviciosindustriales.com/fichas/INFRACA-RÁPIDA-APILABLE.pdf,PDF físico,,,,,,,,fichas/INFRACA-RÁPIDA-APILABLE.pdf,UNKNOWN,Archivo local existente; no se infiere indexación
fichas/Puerta-Rayos-X-fabricación.pdf,https://puertasyserviciosindustriales.com/fichas/Puerta-Rayos-X-fabricación.pdf,PDF físico,,,,,,,,fichas/Puerta-Rayos-X-fabricación.pdf,UNKNOWN,Archivo local existente; no se infiere indexación
fichas/puerta-thermacore-595.pdf,https://puertasyserviciosindustriales.com/fichas/puerta-thermacore-595.pdf,PDF físico,,,,,,,,fichas/puerta-thermacore-595.pdf,UNKNOWN,Archivo local existente; no se infiere indexación
fichas/Rampas-mecánicas.pdf,https://puertasyserviciosindustriales.com/fichas/Rampas-mecánicas.pdf,PDF físico,,,,,,,,fichas/Rampas-mecánicas.pdf,UNKNOWN,Archivo local existente; no se infiere indexación
fichas/Retenedor-de-vehiculos-automatico.pdf,https://puertasyserviciosindustriales.com/fichas/Retenedor-de-vehiculos-automatico.pdf,PDF físico,,,,,,,,fichas/Retenedor-de-vehiculos-automatico.pdf,UNKNOWN,Archivo local existente; no se infiere indexación
system/Productos.php,https://puertasyserviciosindustriales.com/system/Productos.php,endpoint auxiliar / descarga / procesamiento,,,,,,,,,UNKNOWN,No equiparar a página independiente; parámetros o redirección; ver flujo
system/Categorias.php,https://puertasyserviciosindustriales.com/system/Categorias.php,endpoint auxiliar / descarga / procesamiento,,,,,,,,,UNKNOWN,No equiparar a página independiente; parámetros o redirección; ver flujo
system/Marcas.php,https://puertasyserviciosindustriales.com/system/Marcas.php,endpoint auxiliar / descarga / procesamiento,,,,,,,,,UNKNOWN,No equiparar a página independiente; parámetros o redirección; ver flujo
system/index.php,https://puertasyserviciosindustriales.com/system/index.php,endpoint auxiliar / descarga / procesamiento,,,,,,,,,UNKNOWN,No equiparar a página independiente; parámetros o redirección; ver flujo
system/file.php,https://puertasyserviciosindustriales.com/system/file.php,endpoint auxiliar / descarga / procesamiento,,,,,,,,,UNKNOWN,No equiparar a página independiente; parámetros o redirección; ver flujo
enviaContacto.php,https://puertasyserviciosindustriales.com/enviaContacto.php,endpoint auxiliar / descarga / procesamiento,,,,,,,,,UNKNOWN,No equiparar a página independiente; parámetros o redirección; ver flujo
system/file.php,https://puertasyserviciosindustriales.com/system/file.php?id=9&type=application/pdf,ficha PDF dinámica,,,,,,,,system/files/images/productos/b2588f4e4df68a23124a8dbc2b63374ec6959253,UNKNOWN,ID file demostrado; binario sin extensión localizado; cmd=download fuerza attachment
system/file.php,https://puertasyserviciosindustriales.com/system/file.php?id=10&type=application/pdf,ficha PDF dinámica,,,,,,,,system/files/images/productos/74237414514c37fbc6273d2d8ed63ba0af98464d,UNKNOWN,ID file demostrado; binario sin extensión localizado; cmd=download fuerza attachment
system/file.php,https://puertasyserviciosindustriales.com/system/file.php?id=35&type=application/pdf,ficha PDF dinámica,,,,,,,,system/files/images/productos/270dc5e4c6c6812ee093439acca26905e68f7d8d,UNKNOWN,ID file demostrado; binario sin extensión localizado; cmd=download fuerza attachment
system/file.php,https://puertasyserviciosindustriales.com/system/file.php?id=164&type=application/pdf,ficha PDF dinámica,,,,,,,,system/files/images/productos/959c0d9393ada51bef2817e8db59c54b487d2262,UNKNOWN,ID file demostrado; binario sin extensión localizado; cmd=download fuerza attachment
system/file.php,https://puertasyserviciosindustriales.com/system/file.php?id=173&type=application/pdf,ficha PDF dinámica,,,,,,,,system/files/images/productos/42ba96f71987cc30cb19107d18eb0649ee492636,UNKNOWN,ID file demostrado; binario sin extensión localizado; cmd=download fuerza attachment
system/file.php,https://puertasyserviciosindustriales.com/system/file.php?id=178&type=application/pdf,ficha PDF dinámica,,,,,,,,system/files/images/productos/282c6618830434da376551106d0722c97a5f2416,UNKNOWN,ID file demostrado; binario sin extensión localizado; cmd=download fuerza attachment
system/file.php,https://puertasyserviciosindustriales.com/system/file.php?id=195&type=application/pdf,ficha PDF dinámica,,,,,,,,system/files/images/productos/1bc8deceeea60e7d404142cf859897e4e36ccc86,UNKNOWN,ID file demostrado; binario sin extensión localizado; cmd=download fuerza attachment
system/file.php,https://puertasyserviciosindustriales.com/system/file.php?id=200&type=application/pdf,ficha PDF dinámica,,,,,,,,system/files/images/productos/6e1ed3d9b7cfc7e53a9396670b592b8e0a0aa2da,UNKNOWN,ID file demostrado; binario sin extensión localizado; cmd=download fuerza attachment
system/file.php,https://puertasyserviciosindustriales.com/system/file.php?id=205&type=application/pdf,ficha PDF dinámica,,,,,,,,system/files/images/productos/06bfd8e22a88d66d31acea15164a009c18912ca2,UNKNOWN,ID file demostrado; binario sin extensión localizado; cmd=download fuerza attachment
system/file.php,https://puertasyserviciosindustriales.com/system/file.php?id=226&type=application/pdf,ficha PDF dinámica,,,,,,,,system/files/images/productos/6d032a5579b0dd9ef150e1d93528463960040d95,UNKNOWN,ID file demostrado; binario sin extensión localizado; cmd=download fuerza attachment
system/file.php,https://puertasyserviciosindustriales.com/system/file.php?id=235&type=application/pdf,ficha PDF dinámica,,,,,,,,system/files/images/productos/a9cf3d4f6bde89180e0ae23231a70bb8f2ff3300,UNKNOWN,ID file demostrado; binario sin extensión localizado; cmd=download fuerza attachment
system/file.php,https://puertasyserviciosindustriales.com/system/file.php?id=240&type=application/pdf,ficha PDF dinámica,,,,,,,,system/files/images/productos/d1800119e28d2f25ab78a9219e103ecc4fc8afb5,UNKNOWN,ID file demostrado; binario sin extensión localizado; cmd=download fuerza attachment
system/file.php,https://puertasyserviciosindustriales.com/system/file.php?id=245&type=application/pdf,ficha PDF dinámica,,,,,,,,system/files/images/productos/19f7bf0ad0bb2559064e677d3dd6e122358914cd,UNKNOWN,ID file demostrado; binario sin extensión localizado; cmd=download fuerza attachment
system/file.php,https://puertasyserviciosindustriales.com/system/file.php?id=250&type=application/pdf,ficha PDF dinámica,,,,,,,,system/files/images/productos/e973955577670d4ea61bd906a517dd878118831f,UNKNOWN,ID file demostrado; binario sin extensión localizado; cmd=download fuerza attachment
system/file.php,https://puertasyserviciosindustriales.com/system/file.php?id=259&type=application/pdf,ficha PDF dinámica,,,,,,,,system/files/images/productos/ec68ab8e790ca2a96b4a8b409b96b9788018dc78,UNKNOWN,ID file demostrado; binario sin extensión localizado; cmd=download fuerza attachment
system/file.php,https://puertasyserviciosindustriales.com/system/file.php?id=268&type=application/pdf,ficha PDF dinámica,,,,,,,,system/files/images/productos/fba045304f5402c79a958b69ed499c1f46a48801,UNKNOWN,ID file demostrado; binario sin extensión localizado; cmd=download fuerza attachment
system/file.php,https://puertasyserviciosindustriales.com/system/file.php?id=285&type=application/pdf,ficha PDF dinámica,,,,,,,,system/files/images/productos/1bc8deceeea60e7d404142cf859897e4e36ccc86,UNKNOWN,ID file demostrado; binario sin extensión localizado; cmd=download fuerza attachment
system/file.php,https://puertasyserviciosindustriales.com/system/file.php?id=294&type=application/pdf,ficha PDF dinámica,,,,,,,,system/files/images/productos/74237414514c37fbc6273d2d8ed63ba0af98464d,UNKNOWN,ID file demostrado; binario sin extensión localizado; cmd=download fuerza attachment
system/file.php,https://puertasyserviciosindustriales.com/system/file.php?id=295&type=application/pdf,ficha PDF dinámica,,,,,,,,system/files/images/productos/b2588f4e4df68a23124a8dbc2b63374ec6959253,UNKNOWN,ID file demostrado; binario sin extensión localizado; cmd=download fuerza attachment
system/file.php,https://puertasyserviciosindustriales.com/system/file.php?id=304&type=application/pdf,ficha PDF dinámica,,,,,,,,system/files/images/productos/e1fc3c722338060ac5bc7cf2ece07503d6bc4a0c,UNKNOWN,ID file demostrado; binario sin extensión localizado; cmd=download fuerza attachment
system/file.php,https://puertasyserviciosindustriales.com/system/file.php?id=313&type=application/pdf,ficha PDF dinámica,,,,,,,,system/files/images/productos/b6b8d27db846f68a7050c59a82b2e31ff137b7e4,UNKNOWN,ID file demostrado; binario sin extensión localizado; cmd=download fuerza attachment
system/file.php,https://puertasyserviciosindustriales.com/system/file.php?id=330&type=application/pdf,ficha PDF dinámica,,,,,,,,system/files/images/productos/1bc8deceeea60e7d404142cf859897e4e36ccc86,UNKNOWN,ID file demostrado; binario sin extensión localizado; cmd=download fuerza attachment
system/file.php,https://puertasyserviciosindustriales.com/system/file.php?id=335&type=application/pdf,ficha PDF dinámica,,,,,,,,system/files/images/productos/33f5167b521302c8c32a8895a1e03fe27a09a124,UNKNOWN,ID file demostrado; binario sin extensión localizado; cmd=download fuerza attachment
system/file.php,https://puertasyserviciosindustriales.com/system/file.php?id=336&type=application/pdf,ficha PDF dinámica,,,,,,,,system/files/images/productos/b49e7cf13885d8dfdc8e03fcd247d2d93f35f213,UNKNOWN,ID file demostrado; binario sin extensión localizado; cmd=download fuerza attachment
system/file.php,https://puertasyserviciosindustriales.com/system/file.php?id=341&type=application/pdf,ficha PDF dinámica,,,,,,,,system/files/images/productos/f23e43600d8606ddea73c29f700d164d5afc0552,UNKNOWN,ID file demostrado; binario sin extensión localizado; cmd=download fuerza attachment
system/file.php,https://puertasyserviciosindustriales.com/system/file.php?id=346&type=application/pdf,ficha PDF dinámica,,,,,,,,system/files/images/productos/f6879270d9945c848fb0f732190100b3e8ffced7,UNKNOWN,ID file demostrado; binario sin extensión localizado; cmd=download fuerza attachment
system/file.php,https://puertasyserviciosindustriales.com/system/file.php?id=355&type=application/pdf,ficha PDF dinámica,,,,,,,,system/files/images/productos/270dc5e4c6c6812ee093439acca26905e68f7d8d,UNKNOWN,ID file demostrado; binario sin extensión localizado; cmd=download fuerza attachment
system/file.php,https://puertasyserviciosindustriales.com/system/file.php?id=360&type=application/pdf,ficha PDF dinámica,,,,,,,,system/files/images/productos/19f248004fb1cc292955cdb0c5b339e8cd3eda3c,UNKNOWN,ID file demostrado; binario sin extensión localizado; cmd=download fuerza attachment
system/file.php,https://puertasyserviciosindustriales.com/system/file.php?id=369&type=application/pdf,ficha PDF dinámica,,,,,,,,system/files/images/productos/0a6fa9cbeb5ba8ba1eecd18bd2e8c2f28145f2c9,UNKNOWN,ID file demostrado; binario sin extensión localizado; cmd=download fuerza attachment
system/file.php,https://puertasyserviciosindustriales.com/system/file.php?id=378&type=application/pdf,ficha PDF dinámica,,,,,,,,system/files/images/productos/552f92715162cbb278ab6cbdbdcb057ef483da65,UNKNOWN,ID file demostrado; binario sin extensión localizado; cmd=download fuerza attachment
system/file.php,https://puertasyserviciosindustriales.com/system/file.php?id=387&type=application/pdf,ficha PDF dinámica,,,,,,,,system/files/images/productos/9042045b07cea65fac66d1763d8fcc92b235b906,UNKNOWN,ID file demostrado; binario sin extensión localizado; cmd=download fuerza attachment
system/file.php,https://puertasyserviciosindustriales.com/system/file.php?id=388&type=application/pdf,ficha PDF dinámica,,,,,,,,system/files/images/productos/b2fc16c210f999a553d13a88a76211d8a8cbd583,UNKNOWN,ID file demostrado; binario sin extensión localizado; cmd=download fuerza attachment
system/file.php,https://puertasyserviciosindustriales.com/system/file.php?id=397&type=application/pdf,ficha PDF dinámica,,,,,,,,system/files/images/productos/300d21c729a7df172ac9f070a9b7485e88f8b038,UNKNOWN,ID file demostrado; binario sin extensión localizado; cmd=download fuerza attachment
system/file.php,https://puertasyserviciosindustriales.com/system/file.php?id=398&type=application/pdf,ficha PDF dinámica,,,,,,,,system/files/images/productos/8d7521a7a170e8ac85e5da1dd301ca17c0c24d71,UNKNOWN,ID file demostrado; binario sin extensión localizado; cmd=download fuerza attachment
system/file.php,https://puertasyserviciosindustriales.com/system/file.php?id=407&type=application/pdf,ficha PDF dinámica,,,,,,,,system/files/images/productos/ae22c94ae3eb5d4d4e7ccfdb5cfc086e37e1658c,UNKNOWN,ID file demostrado; binario sin extensión localizado; cmd=download fuerza attachment
system/file.php,https://puertasyserviciosindustriales.com/system/file.php?id=408&type=application/pdf,ficha PDF dinámica,,,,,,,,system/files/images/productos/adc000b103f864f06d51740c630158e411050fa1,UNKNOWN,ID file demostrado; binario sin extensión localizado; cmd=download fuerza attachment
system/file.php,https://puertasyserviciosindustriales.com/system/file.php?id=417&type=application/pdf,ficha PDF dinámica,,,,,,,,system/files/images/productos/a78bba8b99dcc3da6728b2ab918aebe4d8411e64,UNKNOWN,ID file demostrado; binario sin extensión localizado; cmd=download fuerza attachment
system/file.php,https://puertasyserviciosindustriales.com/system/file.php?id=418&type=application/pdf,ficha PDF dinámica,,,,,,,,system/files/images/productos/39c267d9d6655665608d4e1a6dd7d33a17e93e8d,UNKNOWN,ID file demostrado; binario sin extensión localizado; cmd=download fuerza attachment
system/file.php,https://puertasyserviciosindustriales.com/system/file.php?id=427&type=application/pdf,ficha PDF dinámica,,,,,,,,system/files/images/productos/3ba705421037a3956e500eec0062dec52829cea4,UNKNOWN,ID file demostrado; binario sin extensión localizado; cmd=download fuerza attachment
system/file.php,https://puertasyserviciosindustriales.com/system/file.php?id=428&type=application/pdf,ficha PDF dinámica,,,,,,,,system/files/images/productos/aa57141f525e4c01f137d26858f1477e6d6a0a8c,UNKNOWN,ID file demostrado; binario sin extensión localizado; cmd=download fuerza attachment
system/file.php,https://puertasyserviciosindustriales.com/system/file.php?id=437&type=application/pdf,ficha PDF dinámica,,,,,,,,system/files/images/productos/2cf9dcb700d1e35a5125093d4f22ff6952d4ebd0,UNKNOWN,ID file demostrado; binario sin extensión localizado; cmd=download fuerza attachment
system/file.php,https://puertasyserviciosindustriales.com/system/file.php?id=462&type=application/pdf,ficha PDF dinámica,,,,,,,,system/files/images/productos/d0d4d97dd90ffb84dc80c08ad38dbb6eaf83b0fa,UNKNOWN,ID file demostrado; binario sin extensión localizado; cmd=download fuerza attachment
system/file.php,https://puertasyserviciosindustriales.com/system/file.php?id=467&type=application/pdf,ficha PDF dinámica,,,,,,,,system/files/images/productos/e7558238c56779a33c10c7770146c9f7017bd375,UNKNOWN,ID file demostrado; binario sin extensión localizado; cmd=download fuerza attachment
system/file.php,https://puertasyserviciosindustriales.com/system/file.php?id=480&type=application/pdf,ficha PDF dinámica,,,,,,,,system/files/images/productos/d022de529fe9c4e48c5bf2c4652af466b87b3af6,UNKNOWN,ID file demostrado; binario sin extensión localizado; cmd=download fuerza attachment
system/file.php,https://puertasyserviciosindustriales.com/system/file.php?id=489&type=application/pdf,ficha PDF dinámica,,,,,,,,system/files/images/productos/ad6778fc1e386c13476d2051b66e504deddd77d7,UNKNOWN,ID file demostrado; binario sin extensión localizado; cmd=download fuerza attachment
system/file.php,https://puertasyserviciosindustriales.com/system/file.php?id=498&type=application/pdf,ficha PDF dinámica,,,,,,,,system/files/images/productos/9864659d131f5853c5c595c40be3adac9e56f2d9,UNKNOWN,ID file demostrado; binario sin extensión localizado; cmd=download fuerza attachment
system/file.php,https://puertasyserviciosindustriales.com/system/file.php?id=503&type=application/pdf,ficha PDF dinámica,,,,,,,,system/files/images/productos/edaa9d68e318711d183689d070ec145da123c768,UNKNOWN,ID file demostrado; binario sin extensión localizado; cmd=download fuerza attachment
system/file.php,https://puertasyserviciosindustriales.com/system/file.php?id=512&type=application/pdf,ficha PDF dinámica,,,,,,,,system/files/images/productos/d417331acf9a342ed7374017285970f68effabf4,UNKNOWN,ID file demostrado; binario sin extensión localizado; cmd=download fuerza attachment
system/file.php,https://puertasyserviciosindustriales.com/system/file.php?id=517&type=application/pdf,ficha PDF dinámica,,,,,,,,system/files/images/productos/9950f4930279c555f7be5fcc6d4382d10784836b,UNKNOWN,ID file demostrado; binario sin extensión localizado; cmd=download fuerza attachment
system/file.php,https://puertasyserviciosindustriales.com/system/file.php?id=522&type=application/pdf,ficha PDF dinámica,,,,,,,,system/files/images/productos/82d463dae7b7bf4aff07f9221be013b2497ceabf,UNKNOWN,ID file demostrado; binario sin extensión localizado; cmd=download fuerza attachment
system/file.php,https://puertasyserviciosindustriales.com/system/file.php?id=527&type=application/pdf,ficha PDF dinámica,,,,,,,,system/files/images/productos/28e179e98ded1fda52f4c0c570e252ee83a7e709,UNKNOWN,ID file demostrado; binario sin extensión localizado; cmd=download fuerza attachment
system/file.php,https://puertasyserviciosindustriales.com/system/file.php?id=532&type=application/pdf,ficha PDF dinámica,,,,,,,,system/files/images/productos/f11bb20047186203a5dd29076b6697e6cf181d69,UNKNOWN,ID file demostrado; binario sin extensión localizado; cmd=download fuerza attachment
system/file.php,https://puertasyserviciosindustriales.com/system/file.php?id=537&type=application/pdf,ficha PDF dinámica,,,,,,,,system/files/images/productos/8afd449897be23fa417b449c587ed9dd11093a1d,UNKNOWN,ID file demostrado; binario sin extensión localizado; cmd=download fuerza attachment
system/file.php,https://puertasyserviciosindustriales.com/system/file.php?id=542&type=application/pdf,ficha PDF dinámica,,,,,,,,system/files/images/productos/8afd449897be23fa417b449c587ed9dd11093a1d,UNKNOWN,ID file demostrado; binario sin extensión localizado; cmd=download fuerza attachment
system/file.php,https://puertasyserviciosindustriales.com/system/file.php?id=551&type=application/pdf,ficha PDF dinámica,,,,,,,,system/files/images/productos/c9ab51d31ce4b9a94967e2492d3a2a7f43b8b46f,UNKNOWN,ID file demostrado; binario sin extensión localizado; cmd=download fuerza attachment
system/file.php,https://puertasyserviciosindustriales.com/system/file.php?id=560&type=application/pdf,ficha PDF dinámica,,,,,,,,system/files/images/productos/19f80382b0e81db9f5bed545ec25447045202956,UNKNOWN,ID file demostrado; binario sin extensión localizado; cmd=download fuerza attachment
system/file.php,https://puertasyserviciosindustriales.com/system/file.php?id=573&type=application/pdf,ficha PDF dinámica,,,,,,,,system/files/images/productos/317ebb40c4284fa181ff3ddeccfb978b29b7248b,UNKNOWN,ID file demostrado; binario sin extensión localizado; cmd=download fuerza attachment
system/file.php,https://puertasyserviciosindustriales.com/system/file.php?id=578&type=application/pdf,ficha PDF dinámica,,,,,,,,system/files/images/productos/9c0a2ea15383debbe605065d9ce57e3ffbd36204,UNKNOWN,ID file demostrado; binario sin extensión localizado; cmd=download fuerza attachment
system/file.php,https://puertasyserviciosindustriales.com/system/file.php?id=595&type=application/pdf,ficha PDF dinámica,,,,,,,,system/files/images/productos/ae9af73339556620c5857321cb1a0400733819a0,UNKNOWN,ID file demostrado; binario sin extensión localizado; cmd=download fuerza attachment
system/file.php,https://puertasyserviciosindustriales.com/system/file.php?id=612&type=application/pdf,ficha PDF dinámica,,,,,,,,system/files/images/productos/6fd1dea200b4640b615b1e40838660d14a58c2fd,UNKNOWN,ID file demostrado; binario sin extensión localizado; cmd=download fuerza attachment
system/file.php,https://puertasyserviciosindustriales.com/system/file.php?id=621&type=application/pdf,ficha PDF dinámica,,,,,,,,system/files/images/productos/9044e3482acdc8f0e19ebf347a1a24c2e59dd10a,UNKNOWN,ID file demostrado; binario sin extensión localizado; cmd=download fuerza attachment
system/file.php,https://puertasyserviciosindustriales.com/system/file.php?id=626&type=application/pdf,ficha PDF dinámica,,,,,,,,system/files/images/productos/ec68ab8e790ca2a96b4a8b409b96b9788018dc78,UNKNOWN,ID file demostrado; binario sin extensión localizado; cmd=download fuerza attachment
system/file.php,https://puertasyserviciosindustriales.com/system/file.php?id=635&type=application/pdf,ficha PDF dinámica,,,,,,,,system/files/images/productos/e1fc3c722338060ac5bc7cf2ece07503d6bc4a0c,UNKNOWN,ID file demostrado; binario sin extensión localizado; cmd=download fuerza attachment
system/file.php,https://puertasyserviciosindustriales.com/system/file.php?id=644&type=application/pdf,ficha PDF dinámica,,,,,,,,system/files/images/productos/c9ab51d31ce4b9a94967e2492d3a2a7f43b8b46f,UNKNOWN,ID file demostrado; binario sin extensión localizado; cmd=download fuerza attachment
system/file.php,https://puertasyserviciosindustriales.com/system/file.php?id=653&type=application/pdf,ficha PDF dinámica,,,,,,,,system/files/images/productos/fba045304f5402c79a958b69ed499c1f46a48801,UNKNOWN,ID file demostrado; binario sin extensión localizado; cmd=download fuerza attachment
system/file.php,https://puertasyserviciosindustriales.com/system/file.php?id=662&type=application/pdf,ficha PDF dinámica,,,,,,,,system/files/images/productos/b6b8d27db846f68a7050c59a82b2e31ff137b7e4,UNKNOWN,ID file demostrado; binario sin extensión localizado; cmd=download fuerza attachment
system/file.php,https://puertasyserviciosindustriales.com/system/file.php?id=667&type=application/pdf,ficha PDF dinámica,,,,,,,,system/files/images/productos/06bfd8e22a88d66d31acea15164a009c18912ca2,UNKNOWN,ID file demostrado; binario sin extensión localizado; cmd=download fuerza attachment
system/file.php,https://puertasyserviciosindustriales.com/system/file.php?id=676&type=application/pdf,ficha PDF dinámica,,,,,,,,system/files/images/productos/9856266836c012c90673224e9379a1a7f4b32389,UNKNOWN,ID file demostrado; binario sin extensión localizado; cmd=download fuerza attachment
system/file.php,https://puertasyserviciosindustriales.com/system/file.php?id=681&type=application/pdf,ficha PDF dinámica,,,,,,,,system/files/images/productos/639b9801fe440dcd2179c23cca14401710c5e7e0,UNKNOWN,ID file demostrado; binario sin extensión localizado; cmd=download fuerza attachment
system/file.php,https://puertasyserviciosindustriales.com/system/file.php?id=686&type=application/pdf,ficha PDF dinámica,,,,,,,,system/files/images/productos/639b9801fe440dcd2179c23cca14401710c5e7e0,UNKNOWN,ID file demostrado; binario sin extensión localizado; cmd=download fuerza attachment
system/file.php,https://puertasyserviciosindustriales.com/system/file.php?id=691&type=application/pdf,ficha PDF dinámica,,,,,,,,system/files/images/productos/7cf4babfab2712e41d6fd1c050f5c31b604c97ae,UNKNOWN,ID file demostrado; binario sin extensión localizado; cmd=download fuerza attachment
system/file.php,https://puertasyserviciosindustriales.com/system/file.php?id=696&type=application/pdf,ficha PDF dinámica,,,,,,,,system/files/images/productos/7ab52eec612af22d23a62f849479371ebf1c2f22,UNKNOWN,ID file demostrado; binario sin extensión localizado; cmd=download fuerza attachment
system/file.php,https://puertasyserviciosindustriales.com/system/file.php?id=701&type=application/pdf,ficha PDF dinámica,,,,,,,,system/files/images/productos/7ab52eec612af22d23a62f849479371ebf1c2f22,UNKNOWN,ID file demostrado; binario sin extensión localizado; cmd=download fuerza attachment
system/file.php,https://puertasyserviciosindustriales.com/system/file.php?id=706&type=application/pdf,ficha PDF dinámica,,,,,,,,system/files/images/productos/3af12bf12f61eda51a19d1e8af3cefc05878f484,UNKNOWN,ID file demostrado; binario sin extensión localizado; cmd=download fuerza attachment
system/file.php,https://puertasyserviciosindustriales.com/system/file.php?id=711&type=application/pdf,ficha PDF dinámica,,,,,,,,system/files/images/productos/3af12bf12f61eda51a19d1e8af3cefc05878f484,UNKNOWN,ID file demostrado; binario sin extensión localizado; cmd=download fuerza attachment
system/file.php,https://puertasyserviciosindustriales.com/system/file.php?id=716&type=application/pdf,ficha PDF dinámica,,,,,,,,system/files/images/productos/7baea774c5fc4abe3735d40fdf16e84f1e3521ef,UNKNOWN,ID file demostrado; binario sin extensión localizado; cmd=download fuerza attachment
system/file.php,https://puertasyserviciosindustriales.com/system/file.php?id=721&type=application/pdf,ficha PDF dinámica,,,,,,,,system/files/images/productos/7baea774c5fc4abe3735d40fdf16e84f1e3521ef,UNKNOWN,ID file demostrado; binario sin extensión localizado; cmd=download fuerza attachment
system/file.php,https://puertasyserviciosindustriales.com/system/file.php?id=734&type=application/pdf,ficha PDF dinámica,,,,,,,,system/files/images/productos/8afd449897be23fa417b449c587ed9dd11093a1d,UNKNOWN,ID file demostrado; binario sin extensión localizado; cmd=download fuerza attachment
system/file.php,https://puertasyserviciosindustriales.com/system/file.php?id=739&type=application/pdf,ficha PDF dinámica,,,,,,,,system/files/images/productos/3e620ed84c43c5de234ae437f58f7083e93f6b8d,UNKNOWN,ID file demostrado; binario sin extensión localizado; cmd=download fuerza attachment
system/file.php,https://puertasyserviciosindustriales.com/system/file.php?id=744&type=application/pdf,ficha PDF dinámica,,,,,,,,system/files/images/productos/3fcb5fc39a3f48d550a13c6a20bd92b360ec7b65,UNKNOWN,ID file demostrado; binario sin extensión localizado; cmd=download fuerza attachment
system/file.php,https://puertasyserviciosindustriales.com/system/file.php?id=749&type=application/pdf,ficha PDF dinámica,,,,,,,,system/files/images/productos/8afd449897be23fa417b449c587ed9dd11093a1d,UNKNOWN,ID file demostrado; binario sin extensión localizado; cmd=download fuerza attachment
system/file.php,https://puertasyserviciosindustriales.com/system/file.php?id=754&type=application/pdf,ficha PDF dinámica,,,,,,,,system/files/images/productos/f11bb20047186203a5dd29076b6697e6cf181d69,UNKNOWN,ID file demostrado; binario sin extensión localizado; cmd=download fuerza attachment
system/file.php,https://puertasyserviciosindustriales.com/system/file.php?id=759&type=application/pdf,ficha PDF dinámica,,,,,,,,system/files/images/productos/d417331acf9a342ed7374017285970f68effabf4,UNKNOWN,ID file demostrado; binario sin extensión localizado; cmd=download fuerza attachment
system/file.php,https://puertasyserviciosindustriales.com/system/file.php?id=764&type=application/pdf,ficha PDF dinámica,,,,,,,,system/files/images/productos/19f7bf0ad0bb2559064e677d3dd6e122358914cd,UNKNOWN,ID file demostrado; binario sin extensión localizado; cmd=download fuerza attachment
system/file.php,https://puertasyserviciosindustriales.com/system/file.php?id=769&type=application/pdf,ficha PDF dinámica,,,,,,,,system/files/images/productos/82d463dae7b7bf4aff07f9221be013b2497ceabf,UNKNOWN,ID file demostrado; binario sin extensión localizado; cmd=download fuerza attachment
system/file.php,https://puertasyserviciosindustriales.com/system/file.php?id=774&type=application/pdf,ficha PDF dinámica,,,,,,,,system/files/images/productos/3fcb5fc39a3f48d550a13c6a20bd92b360ec7b65,UNKNOWN,ID file demostrado; binario sin extensión localizado; cmd=download fuerza attachment
system/file.php,https://puertasyserviciosindustriales.com/system/file.php?id=779&type=application/pdf,ficha PDF dinámica,,,,,,,,system/files/images/productos/e255e142299e7b62e25690084deb0bb49408f332,UNKNOWN,ID file demostrado; binario sin extensión localizado; cmd=download fuerza attachment
system/file.php,https://puertasyserviciosindustriales.com/system/file.php?id=784&type=application/pdf,ficha PDF dinámica,,,,,,,,system/files/images/productos/06d1ac8df445fdad9cabf6a632e3c4363258b6ee,UNKNOWN,ID file demostrado; binario sin extensión localizado; cmd=download fuerza attachment
system/file.php,https://puertasyserviciosindustriales.com/system/file.php?id=789&type=application/pdf,ficha PDF dinámica,,,,,,,,system/files/images/productos/42ba96f71987cc30cb19107d18eb0649ee492636,UNKNOWN,ID file demostrado; binario sin extensión localizado; cmd=download fuerza attachment
system/file.php,https://puertasyserviciosindustriales.com/system/file.php?id=794&type=application/pdf,ficha PDF dinámica,,,,,,,,system/files/images/productos/282c6618830434da376551106d0722c97a5f2416,UNKNOWN,ID file demostrado; binario sin extensión localizado; cmd=download fuerza attachment
system/file.php,https://puertasyserviciosindustriales.com/system/file.php?id=807&type=application/pdf,ficha PDF dinámica,,,,,,,,system/files/images/productos/ae9af73339556620c5857321cb1a0400733819a0,UNKNOWN,ID file demostrado; binario sin extensión localizado; cmd=download fuerza attachment
system/file.php,https://puertasyserviciosindustriales.com/system/file.php?id=820&type=application/pdf,ficha PDF dinámica,,,,,,,,system/files/images/productos/6fd1dea200b4640b615b1e40838660d14a58c2fd,UNKNOWN,ID file demostrado; binario sin extensión localizado; cmd=download fuerza attachment
system/file.php,https://puertasyserviciosindustriales.com/system/file.php?id=829&type=application/pdf,ficha PDF dinámica,,,,,,,,system/files/images/productos/6e1ed3d9b7cfc7e53a9396670b592b8e0a0aa2da,UNKNOWN,ID file demostrado; binario sin extensión localizado; cmd=download fuerza attachment
system/file.php,https://puertasyserviciosindustriales.com/system/file.php?id=838&type=application/pdf,ficha PDF dinámica,,,,,,,,system/files/images/productos/f02304a5117f7e8cc52916b2995eee7d5cd3bdf7,UNKNOWN,ID file demostrado; binario sin extensión localizado; cmd=download fuerza attachment
system/file.php,https://puertasyserviciosindustriales.com/system/file.php?id=843&type=application/pdf,ficha PDF dinámica,,,,,,,,system/files/images/productos/a9cf3d4f6bde89180e0ae23231a70bb8f2ff3300,UNKNOWN,ID file demostrado; binario sin extensión localizado; cmd=download fuerza attachment
system/file.php,https://puertasyserviciosindustriales.com/system/file.php?id=848&type=application/pdf,ficha PDF dinámica,,,,,,,,system/files/images/productos/d1800119e28d2f25ab78a9219e103ecc4fc8afb5,UNKNOWN,ID file demostrado; binario sin extensión localizado; cmd=download fuerza attachment
system/file.php,https://puertasyserviciosindustriales.com/system/file.php?id=853&type=application/pdf,ficha PDF dinámica,,,,,,,,system/files/images/productos/98b07de6dca4ad402a37385c485fb6999d5c3323,UNKNOWN,ID file demostrado; binario sin extensión localizado; cmd=download fuerza attachment
system/file.php,https://puertasyserviciosindustriales.com/system/file.php?id=858&type=application/pdf,ficha PDF dinámica,,,,,,,,system/files/images/productos/fcd7b006a2ccb75e9d55f0e15b1756f3a87079e9,UNKNOWN,ID file demostrado; binario sin extensión localizado; cmd=download fuerza attachment
system/file.php,https://puertasyserviciosindustriales.com/system/file.php?id=863&type=application/pdf,ficha PDF dinámica,,,,,,,,system/files/images/productos/e7a01529a67d2e176caece591f7981360e4805ff,UNKNOWN,ID file demostrado; binario sin extensión localizado; cmd=download fuerza attachment
system/file.php,https://puertasyserviciosindustriales.com/system/file.php?id=868&type=application/pdf,ficha PDF dinámica,,,,,,,,system/files/images/productos/e7a01529a67d2e176caece591f7981360e4805ff,UNKNOWN,ID file demostrado; binario sin extensión localizado; cmd=download fuerza attachment
system/file.php,https://puertasyserviciosindustriales.com/system/file.php?id=873&type=application/pdf,ficha PDF dinámica,,,,,,,,system/files/images/productos/e973955577670d4ea61bd906a517dd878118831f,UNKNOWN,ID file demostrado; binario sin extensión localizado; cmd=download fuerza attachment
system/file.php,https://puertasyserviciosindustriales.com/system/file.php?id=882&type=application/pdf,ficha PDF dinámica,,,,,,,,system/files/images/productos/d0d4d97dd90ffb84dc80c08ad38dbb6eaf83b0fa,UNKNOWN,ID file demostrado; binario sin extensión localizado; cmd=download fuerza attachment
system/file.php,https://puertasyserviciosindustriales.com/system/file.php?id=887&type=application/pdf,ficha PDF dinámica,,,,,,,,system/files/images/productos/e7558238c56779a33c10c7770146c9f7017bd375,UNKNOWN,ID file demostrado; binario sin extensión localizado; cmd=download fuerza attachment
system/file.php,https://puertasyserviciosindustriales.com/system/file.php?id=896&type=application/pdf,ficha PDF dinámica,,,,,,,,system/files/images/productos/d022de529fe9c4e48c5bf2c4652af466b87b3af6,UNKNOWN,ID file demostrado; binario sin extensión localizado; cmd=download fuerza attachment
system/file.php,https://puertasyserviciosindustriales.com/system/file.php?id=909&type=application/pdf,ficha PDF dinámica,,,,,,,,system/files/images/productos/ad6778fc1e386c13476d2051b66e504deddd77d7,UNKNOWN,ID file demostrado; binario sin extensión localizado; cmd=download fuerza attachment
system/file.php,https://puertasyserviciosindustriales.com/system/file.php?id=918&type=application/pdf,ficha PDF dinámica,,,,,,,,system/files/images/productos/9864659d131f5853c5c595c40be3adac9e56f2d9,UNKNOWN,ID file demostrado; binario sin extensión localizado; cmd=download fuerza attachment
system/file.php,https://puertasyserviciosindustriales.com/system/file.php?id=923&type=application/pdf,ficha PDF dinámica,,,,,,,,system/files/images/productos/edaa9d68e318711d183689d070ec145da123c768,UNKNOWN,ID file demostrado; binario sin extensión localizado; cmd=download fuerza attachment
system/file.php,https://puertasyserviciosindustriales.com/system/file.php?id=940&type=application/pdf,ficha PDF dinámica,,,,,,,,system/files/images/productos/1bc8deceeea60e7d404142cf859897e4e36ccc86,UNKNOWN,ID file demostrado; binario sin extensión localizado; cmd=download fuerza attachment
system/file.php,https://puertasyserviciosindustriales.com/system/file.php?id=961&type=application/pdf,ficha PDF dinámica,,,,,,,,system/files/images/productos/6d032a5579b0dd9ef150e1d93528463960040d95,UNKNOWN,ID file demostrado; binario sin extensión localizado; cmd=download fuerza attachment
system/file.php,https://puertasyserviciosindustriales.com/system/file.php?id=970&type=application/pdf,ficha PDF dinámica,,,,,,,,system/files/images/productos/959c0d9393ada51bef2817e8db59c54b487d2262,UNKNOWN,ID file demostrado; binario sin extensión localizado; cmd=download fuerza attachment
system/file.php,https://puertasyserviciosindustriales.com/system/file.php?id=979&type=application/pdf,ficha PDF dinámica,,,,,,,,system/files/images/productos/959c0d9393ada51bef2817e8db59c54b487d2262,UNKNOWN,ID file demostrado; binario sin extensión localizado; cmd=download fuerza attachment
system/file.php,https://puertasyserviciosindustriales.com/system/file.php?id=984&type=application/pdf,ficha PDF dinámica,,,,,,,,system/files/images/productos/28e179e98ded1fda52f4c0c570e252ee83a7e709,UNKNOWN,ID file demostrado; binario sin extensión localizado; cmd=download fuerza attachment
system/file.php,https://puertasyserviciosindustriales.com/system/file.php?id=989&type=application/pdf,ficha PDF dinámica,,,,,,,,system/files/images/productos/8afd449897be23fa417b449c587ed9dd11093a1d,UNKNOWN,ID file demostrado; binario sin extensión localizado; cmd=download fuerza attachment
system/file.php,https://puertasyserviciosindustriales.com/system/file.php?id=994&type=application/pdf,ficha PDF dinámica,,,,,,,,system/files/images/productos/f11bb20047186203a5dd29076b6697e6cf181d69,UNKNOWN,ID file demostrado; binario sin extensión localizado; cmd=download fuerza attachment
system/file.php,https://puertasyserviciosindustriales.com/system/file.php?id=1003&type=application/pdf,ficha PDF dinámica,,,,,,,,system/files/images/productos/959c0d9393ada51bef2817e8db59c54b487d2262,UNKNOWN,ID file demostrado; binario sin extensión localizado; cmd=download fuerza attachment
system/file.php,https://puertasyserviciosindustriales.com/system/file.php?id=1012&type=application/pdf,ficha PDF dinámica,,,,,,,,system/files/images/productos/ae22c94ae3eb5d4d4e7ccfdb5cfc086e37e1658c,UNKNOWN,ID file demostrado; binario sin extensión localizado; cmd=download fuerza attachment
system/file.php,https://puertasyserviciosindustriales.com/system/file.php?id=1013&type=application/pdf,ficha PDF dinámica,,,,,,,,system/files/images/productos/adc000b103f864f06d51740c630158e411050fa1,UNKNOWN,ID file demostrado; binario sin extensión localizado; cmd=download fuerza attachment
system/file.php,https://puertasyserviciosindustriales.com/system/file.php?id=1018&type=application/pdf,ficha PDF dinámica,,,,,,,,system/files/images/productos/300d21c729a7df172ac9f070a9b7485e88f8b038,UNKNOWN,ID file demostrado; binario sin extensión localizado; cmd=download fuerza attachment
system/file.php,https://puertasyserviciosindustriales.com/system/file.php?id=1019&type=application/pdf,ficha PDF dinámica,,,,,,,,system/files/images/productos/8d7521a7a170e8ac85e5da1dd301ca17c0c24d71,UNKNOWN,ID file demostrado; binario sin extensión localizado; cmd=download fuerza attachment
system/file.php,https://puertasyserviciosindustriales.com/system/file.php?id=1028&type=application/pdf,ficha PDF dinámica,,,,,,,,system/files/images/productos/0a6fa9cbeb5ba8ba1eecd18bd2e8c2f28145f2c9,UNKNOWN,ID file demostrado; binario sin extensión localizado; cmd=download fuerza attachment
system/file.php,https://puertasyserviciosindustriales.com/system/file.php?id=1037&type=application/pdf,ficha PDF dinámica,,,,,,,,system/files/images/productos/9042045b07cea65fac66d1763d8fcc92b235b906,UNKNOWN,ID file demostrado; binario sin extensión localizado; cmd=download fuerza attachment
system/file.php,https://puertasyserviciosindustriales.com/system/file.php?id=1038&type=application/pdf,ficha PDF dinámica,,,,,,,,system/files/images/productos/b2fc16c210f999a553d13a88a76211d8a8cbd583,UNKNOWN,ID file demostrado; binario sin extensión localizado; cmd=download fuerza attachment
system/file.php,https://puertasyserviciosindustriales.com/system/file.php?id=1043&type=application/pdf,ficha PDF dinámica,,,,,,,,system/files/images/productos/a78bba8b99dcc3da6728b2ab918aebe4d8411e64,UNKNOWN,ID file demostrado; binario sin extensión localizado; cmd=download fuerza attachment
system/file.php,https://puertasyserviciosindustriales.com/system/file.php?id=1044&type=application/pdf,ficha PDF dinámica,,,,,,,,system/files/images/productos/39c267d9d6655665608d4e1a6dd7d33a17e93e8d,UNKNOWN,ID file demostrado; binario sin extensión localizado; cmd=download fuerza attachment
system/file.php,https://puertasyserviciosindustriales.com/system/file.php?id=1049&type=application/pdf,ficha PDF dinámica,,,,,,,,system/files/images/productos/3ba705421037a3956e500eec0062dec52829cea4,UNKNOWN,ID file demostrado; binario sin extensión localizado; cmd=download fuerza attachment
system/file.php,https://puertasyserviciosindustriales.com/system/file.php?id=1050&type=application/pdf,ficha PDF dinámica,,,,,,,,system/files/images/productos/aa57141f525e4c01f137d26858f1477e6d6a0a8c,UNKNOWN,ID file demostrado; binario sin extensión localizado; cmd=download fuerza attachment
system/file.php,https://puertasyserviciosindustriales.com/system/file.php?id=1071&type=application/pdf,ficha PDF dinámica,,,,,,,,system/files/images/productos/2cf9dcb700d1e35a5125093d4f22ff6952d4ebd0,UNKNOWN,ID file demostrado; binario sin extensión localizado; cmd=download fuerza attachment
system/file.php,https://puertasyserviciosindustriales.com/system/file.php?id=1076&type=application/pdf,ficha PDF dinámica,,,,,,,,system/files/images/productos/9950f4930279c555f7be5fcc6d4382d10784836b,UNKNOWN,ID file demostrado; binario sin extensión localizado; cmd=download fuerza attachment
system/file.php,https://puertasyserviciosindustriales.com/system/file.php?id=1081&type=application/pdf,ficha PDF dinámica,,,,,,,,system/files/images/productos/8afd449897be23fa417b449c587ed9dd11093a1d,UNKNOWN,ID file demostrado; binario sin extensión localizado; cmd=download fuerza attachment
system/file.php,https://puertasyserviciosindustriales.com/system/file.php?id=1086&type=application/pdf,ficha PDF dinámica,,,,,,,,system/files/images/productos/9950f4930279c555f7be5fcc6d4382d10784836b,UNKNOWN,ID file demostrado; binario sin extensión localizado; cmd=download fuerza attachment
system/file.php,https://puertasyserviciosindustriales.com/system/file.php?id=1091&type=application/pdf,ficha PDF dinámica,,,,,,,,system/files/images/productos/8afd449897be23fa417b449c587ed9dd11093a1d,UNKNOWN,ID file demostrado; binario sin extensión localizado; cmd=download fuerza attachment
system/file.php,https://puertasyserviciosindustriales.com/system/file.php?id=1100&type=application/pdf,ficha PDF dinámica,,,,,,,,system/files/images/productos/a9cf3d4f6bde89180e0ae23231a70bb8f2ff3300,UNKNOWN,ID file demostrado; binario sin extensión localizado; cmd=download fuerza attachment
system/file.php,https://puertasyserviciosindustriales.com/system/file.php?id=1105&type=application/pdf,ficha PDF dinámica,,,,,,,,system/files/images/productos/fcd7b006a2ccb75e9d55f0e15b1756f3a87079e9,UNKNOWN,ID file demostrado; binario sin extensión localizado; cmd=download fuerza attachment
system/file.php,https://puertasyserviciosindustriales.com/system/file.php?id=1118&type=application/pdf,ficha PDF dinámica,,,,,,,,system/files/images/productos/9042045b07cea65fac66d1763d8fcc92b235b906,UNKNOWN,ID file demostrado; binario sin extensión localizado; cmd=download fuerza attachment
system/file.php,https://puertasyserviciosindustriales.com/system/file.php?id=1119&type=application/pdf,ficha PDF dinámica,,,,,,,,system/files/images/productos/b2fc16c210f999a553d13a88a76211d8a8cbd583,UNKNOWN,ID file demostrado; binario sin extensión localizado; cmd=download fuerza attachment
system/file.php,https://puertasyserviciosindustriales.com/system/file.php?id=1124&type=application/pdf,ficha PDF dinámica,,,,,,,,system/files/images/productos/300d21c729a7df172ac9f070a9b7485e88f8b038,UNKNOWN,ID file demostrado; binario sin extensión localizado; cmd=download fuerza attachment
system/file.php,https://puertasyserviciosindustriales.com/system/file.php?id=1125&type=application/pdf,ficha PDF dinámica,,,,,,,,system/files/images/productos/8d7521a7a170e8ac85e5da1dd301ca17c0c24d71,UNKNOWN,ID file demostrado; binario sin extensión localizado; cmd=download fuerza attachment
system/file.php,https://puertasyserviciosindustriales.com/system/file.php?id=1130&type=application/pdf,ficha PDF dinámica,,,,,,,,system/files/images/productos/a78bba8b99dcc3da6728b2ab918aebe4d8411e64,UNKNOWN,ID file demostrado; binario sin extensión localizado; cmd=download fuerza attachment
system/file.php,https://puertasyserviciosindustriales.com/system/file.php?id=1131&type=application/pdf,ficha PDF dinámica,,,,,,,,system/files/images/productos/39c267d9d6655665608d4e1a6dd7d33a17e93e8d,UNKNOWN,ID file demostrado; binario sin extensión localizado; cmd=download fuerza attachment
system/file.php,https://puertasyserviciosindustriales.com/system/file.php?id=1136&type=application/pdf,ficha PDF dinámica,,,,,,,,system/files/images/productos/3ba705421037a3956e500eec0062dec52829cea4,UNKNOWN,ID file demostrado; binario sin extensión localizado; cmd=download fuerza attachment
system/file.php,https://puertasyserviciosindustriales.com/system/file.php?id=1137&type=application/pdf,ficha PDF dinámica,,,,,,,,system/files/images/productos/aa57141f525e4c01f137d26858f1477e6d6a0a8c,UNKNOWN,ID file demostrado; binario sin extensión localizado; cmd=download fuerza attachment
system/file.php,https://puertasyserviciosindustriales.com/system/file.php?id=1146&type=application/pdf,ficha PDF dinámica,,,,,,,,system/files/images/productos/2cf9dcb700d1e35a5125093d4f22ff6952d4ebd0,UNKNOWN,ID file demostrado; binario sin extensión localizado; cmd=download fuerza attachment
system/file.php,https://puertasyserviciosindustriales.com/system/file.php?id=1163&type=application/pdf,ficha PDF dinámica,,,,,,,,system/files/images/productos/9950f4930279c555f7be5fcc6d4382d10784836b,UNKNOWN,ID file demostrado; binario sin extensión localizado; cmd=download fuerza attachment
system/file.php,https://puertasyserviciosindustriales.com/system/file.php?id=1176&type=application/pdf,ficha PDF dinámica,,,,,,,,system/files/images/productos/ae9af73339556620c5857321cb1a0400733819a0,UNKNOWN,ID file demostrado; binario sin extensión localizado; cmd=download fuerza attachment
system/file.php,https://puertasyserviciosindustriales.com/system/file.php?id=1189&type=application/pdf,ficha PDF dinámica,,,,,,,,system/files/images/productos/6fd1dea200b4640b615b1e40838660d14a58c2fd,UNKNOWN,ID file demostrado; binario sin extensión localizado; cmd=download fuerza attachment
system/file.php,https://puertasyserviciosindustriales.com/system/file.php?id=1198&type=application/pdf,ficha PDF dinámica,,,,,,,,system/files/images/productos/552f92715162cbb278ab6cbdbdcb057ef483da65,UNKNOWN,ID file demostrado; binario sin extensión localizado; cmd=download fuerza attachment
system/file.php,https://puertasyserviciosindustriales.com/system/file.php?id=1203&type=application/pdf,ficha PDF dinámica,,,,,,,,system/files/images/productos/270dc5e4c6c6812ee093439acca26905e68f7d8d,UNKNOWN,ID file demostrado; binario sin extensión localizado; cmd=download fuerza attachment
system/file.php,https://puertasyserviciosindustriales.com/system/file.php?id=1208&type=application/pdf,ficha PDF dinámica,,,,,,,,system/files/images/productos/f6879270d9945c848fb0f732190100b3e8ffced7,UNKNOWN,ID file demostrado; binario sin extensión localizado; cmd=download fuerza attachment
system/file.php,https://puertasyserviciosindustriales.com/system/file.php?id=1213&type=application/pdf,ficha PDF dinámica,,,,,,,,system/files/images/productos/9c0a2ea15383debbe605065d9ce57e3ffbd36204,UNKNOWN,ID file demostrado; binario sin extensión localizado; cmd=download fuerza attachment
system/file.php,https://puertasyserviciosindustriales.com/system/file.php?id=1222&type=application/pdf,ficha PDF dinámica,,,,,,,,system/files/images/productos/9044e3482acdc8f0e19ebf347a1a24c2e59dd10a,UNKNOWN,ID file demostrado; binario sin extensión localizado; cmd=download fuerza attachment
system/file.php,https://puertasyserviciosindustriales.com/system/file.php?id=1231&type=application/pdf,ficha PDF dinámica,,,,,,,,system/files/images/productos/19f80382b0e81db9f5bed545ec25447045202956,UNKNOWN,ID file demostrado; binario sin extensión localizado; cmd=download fuerza attachment
system/file.php,https://puertasyserviciosindustriales.com/system/file.php?id=1236&type=application/pdf,ficha PDF dinámica,,,,,,,,system/files/images/productos/f23e43600d8606ddea73c29f700d164d5afc0552,UNKNOWN,ID file demostrado; binario sin extensión localizado; cmd=download fuerza attachment
system/file.php,https://puertasyserviciosindustriales.com/system/file.php?id=1241&type=application/pdf,ficha PDF dinámica,,,,,,,,system/files/images/productos/19f248004fb1cc292955cdb0c5b339e8cd3eda3c,UNKNOWN,ID file demostrado; binario sin extensión localizado; cmd=download fuerza attachment
system/file.php,https://puertasyserviciosindustriales.com/system/file.php?id=1254&type=application/pdf,ficha PDF dinámica,,,,,,,,system/files/images/productos/33f5167b521302c8c32a8895a1e03fe27a09a124,UNKNOWN,ID file demostrado; binario sin extensión localizado; cmd=download fuerza attachment
system/file.php,https://puertasyserviciosindustriales.com/system/file.php?id=1255&type=application/pdf,ficha PDF dinámica,,,,,,,,system/files/images/productos/b49e7cf13885d8dfdc8e03fcd247d2d93f35f213,UNKNOWN,ID file demostrado; binario sin extensión localizado; cmd=download fuerza attachment
system/file.php,https://puertasyserviciosindustriales.com/system/file.php?id=1272&type=application/pdf,ficha PDF dinámica,,,,,,,,system/files/images/productos/317ebb40c4284fa181ff3ddeccfb978b29b7248b,UNKNOWN,ID file demostrado; binario sin extensión localizado; cmd=download fuerza attachment
system/file.php,https://puertasyserviciosindustriales.com/system/file.php?id=1293&type=application/pdf,ficha PDF dinámica,,,,,,,,system/files/images/productos/6e3aa822ebf160680a65c651fe69d07bd648180a,UNKNOWN,ID file demostrado; binario sin extensión localizado; cmd=download fuerza attachment
system/file.php,https://puertasyserviciosindustriales.com/system/file.php?id=1294&type=application/pdf,ficha PDF dinámica,,,,,,,,system/files/images/productos/82a2c23ba681ca31f4eaa85dd863f90a9a54c405,UNKNOWN,ID file demostrado; binario sin extensión localizado; cmd=download fuerza attachment
system/file.php,https://puertasyserviciosindustriales.com/system/file.php?id=1355&type=application/pdf,ficha PDF dinámica,,,,,,,,system/files/images/productos/800c352920fab91fa561da8cbc0cda7af293ddbf,UNKNOWN,ID file demostrado; binario sin extensión localizado; cmd=download fuerza attachment
productos.php,https://puertasyserviciosindustriales.com/1/producto/accesspro-fs1000speed/,producto dinámico,,,,,ProductosView.php,,Overhead Door,https://puertasyserviciosindustriales.com/system/file.php?id=164&type=application/pdf,UNKNOWN,URL probable derivada del dump y validStringForUrl; no observada por HTTP; revisar bytes/codificación. ID demostrado por dump público; alias /1/producto/{getFriendlyName()}/; slug exacto pendiente de validar codificación; relación 0 impide certificar metadatos del detalle
productos.php,https://puertasyserviciosindustriales.com/2/producto/energy-series-with-intellicorea®-3717-1-34/,producto dinámico,,,,,ProductosView.php,Puertas Seccionales,,https://puertasyserviciosindustriales.com/system/file.php?id=9&type=application/pdf | https://puertasyserviciosindustriales.com/system/file.php?id=10&type=application/pdf,UNKNOWN,URL probable derivada del dump y validStringForUrl; no observada por HTTP; revisar bytes/codificación. ID demostrado por dump público; alias /2/producto/{getFriendlyName()}/; slug exacto pendiente de validar codificación; relación 0 impide certificar metadatos del detalle
productos.php,https://puertasyserviciosindustriales.com/3/producto/nivelador-de-anda‰n-hidraulico-serie-hp/,producto dinámico,,,,,ProductosView.php,Residenciales,,https://puertasyserviciosindustriales.com/system/file.php?id=35&type=application/pdf,UNKNOWN,URL probable derivada del dump y validStringForUrl; no observada por HTTP; revisar bytes/codificación. ID demostrado por dump público; alias /3/producto/{getFriendlyName()}/; slug exacto pendiente de validar codificación; relación 0 impide certificar metadatos del detalle
productos.php,https://puertasyserviciosindustriales.com/4/producto/cortina-serie-625/,producto dinámico,,,,,ProductosView.php,,Overhead Door,https://puertasyserviciosindustriales.com/system/file.php?id=173&type=application/pdf,UNKNOWN,URL probable derivada del dump y validStringForUrl; no observada por HTTP; revisar bytes/codificación. ID demostrado por dump público; alias /4/producto/{getFriendlyName()}/; slug exacto pendiente de validar codificación; relación 0 impide certificar metadatos del detalle
productos.php,https://puertasyserviciosindustriales.com/5/producto/cortina-en-aluminio-serie-511521/,producto dinámico,,,,,ProductosView.php,,Overhead Door,https://puertasyserviciosindustriales.com/system/file.php?id=178&type=application/pdf,UNKNOWN,URL probable derivada del dump y validStringForUrl; no observada por HTTP; revisar bytes/codificación. ID demostrado por dump público; alias /5/producto/{getFriendlyName()}/; slug exacto pendiente de validar codificación; relación 0 impide certificar metadatos del detalle
productos.php,https://puertasyserviciosindustriales.com/6/producto/coleccia³n-modern-steela„¢/,producto dinámico,,,,,ProductosView.php,,Overhead Door,https://puertasyserviciosindustriales.com/system/file.php?id=195&type=application/pdf,UNKNOWN,URL probable derivada del dump y validStringForUrl; no observada por HTTP; revisar bytes/codificación. ID demostrado por dump público; alias /6/producto/{getFriendlyName()}/; slug exacto pendiente de validar codificación; relación 0 impide certificar metadatos del detalle
productos.php,https://puertasyserviciosindustriales.com/7/producto/cortina-serie-620/,producto dinámico,,,,,ProductosView.php,,Overhead Door,https://puertasyserviciosindustriales.com/system/file.php?id=200&type=application/pdf,UNKNOWN,URL probable derivada del dump y validStringForUrl; no observada por HTTP; revisar bytes/codificación. ID demostrado por dump público; alias /7/producto/{getFriendlyName()}/; slug exacto pendiente de validar codificación; relación 0 impide certificar metadatos del detalle
productos.php,https://puertasyserviciosindustriales.com/8/producto/thermacore-serie-592/,producto dinámico,,,,,ProductosView.php,,Overhead Door,https://puertasyserviciosindustriales.com/system/file.php?id=205&type=application/pdf,UNKNOWN,URL probable derivada del dump y validStringForUrl; no observada por HTTP; revisar bytes/codificación. ID demostrado por dump público; alias /8/producto/{getFriendlyName()}/; slug exacto pendiente de validar codificación; relación 0 impide certificar metadatos del detalle
productos.php,https://puertasyserviciosindustriales.com/9/producto/coleccia³n-classica„¢-a€“-serie-premium/,producto dinámico,,,,,ProductosView.php,,Overhead Door,https://puertasyserviciosindustriales.com/system/file.php?id=226&type=application/pdf,UNKNOWN,URL probable derivada del dump y validStringForUrl; no observada por HTTP; revisar bytes/codificación. ID demostrado por dump público; alias /9/producto/{getFriendlyName()}/; slug exacto pendiente de validar codificación; relación 0 impide certificar metadatos del detalle
productos.php,https://puertasyserviciosindustriales.com/10/producto/cortina-serie-600/,producto dinámico,,,,,ProductosView.php,,Overhead Door,https://puertasyserviciosindustriales.com/system/file.php?id=235&type=application/pdf,UNKNOWN,URL probable derivada del dump y validStringForUrl; no observada por HTTP; revisar bytes/codificación. ID demostrado por dump público; alias /10/producto/{getFriendlyName()}/; slug exacto pendiente de validar codificación; relación 0 impide certificar metadatos del detalle
productos.php,https://puertasyserviciosindustriales.com/11/producto/cortina-serie-630-631-634-635/,producto dinámico,,,,,ProductosView.php,,Overhead Door,https://puertasyserviciosindustriales.com/system/file.php?id=240&type=application/pdf,UNKNOWN,URL probable derivada del dump y validStringForUrl; no observada por HTTP; revisar bytes/codificación. ID demostrado por dump público; alias /11/producto/{getFriendlyName()}/; slug exacto pendiente de validar codificación; relación 0 impide certificar metadatos del detalle
productos.php,https://puertasyserviciosindustriales.com/12/producto/operador-comercial-rhx/,producto dinámico,,,,,ProductosView.php,,Overhead Door,https://puertasyserviciosindustriales.com/system/file.php?id=245&type=application/pdf,UNKNOWN,URL probable derivada del dump y validStringForUrl; no observada por HTTP; revisar bytes/codificación. ID demostrado por dump público; alias /12/producto/{getFriendlyName()}/; slug exacto pendiente de validar codificación; relación 0 impide certificar metadatos del detalle
productos.php,https://puertasyserviciosindustriales.com/13/producto/fire-rated-doors-firestara®-models-700-&-700c/,producto dinámico,,,,,ProductosView.php,,Wayne Dalton,https://puertasyserviciosindustriales.com/system/file.php?id=250&type=application/pdf,UNKNOWN,URL probable derivada del dump y validStringForUrl; no observada por HTTP; revisar bytes/codificación. ID demostrado por dump público; alias /13/producto/{getFriendlyName()}/; slug exacto pendiente de validar codificación; relación 0 impide certificar metadatos del detalle
productos.php,https://puertasyserviciosindustriales.com/14/producto/puertas-seccionales-de-acero-aisladas-thermospan-a®-modelo-150/,producto dinámico,,,,,ProductosView.php,,Wayne Dalton,https://puertasyserviciosindustriales.com/system/file.php?id=259&type=application/pdf,UNKNOWN,URL probable derivada del dump y validStringForUrl; no observada por HTTP; revisar bytes/codificación. ID demostrado por dump público; alias /14/producto/{getFriendlyName()}/; slug exacto pendiente de validar codificación; relación 0 impide certificar metadatos del detalle
productos.php,https://puertasyserviciosindustriales.com/15/producto/puertas-seccionales-de-acero-modelo-2415/,producto dinámico,,,,,ProductosView.php,,Wayne Dalton,https://puertasyserviciosindustriales.com/system/file.php?id=268&type=application/pdf,UNKNOWN,URL probable derivada del dump y validStringForUrl; no observada por HTTP; revisar bytes/codificación. ID demostrado por dump público; alias /15/producto/{getFriendlyName()}/; slug exacto pendiente de validar codificación; relación 0 impide certificar metadatos del detalle
productos.php,https://puertasyserviciosindustriales.com/16/producto/coleccia³n-modern-steela„¢/,producto dinámico,,,,,ProductosView.php,,Wayne Dalton,https://puertasyserviciosindustriales.com/system/file.php?id=285&type=application/pdf,UNKNOWN,URL probable derivada del dump y validStringForUrl; no observada por HTTP; revisar bytes/codificación. ID demostrado por dump público; alias /16/producto/{getFriendlyName()}/; slug exacto pendiente de validar codificación; relación 0 impide certificar metadatos del detalle
productos.php,https://puertasyserviciosindustriales.com/17/producto/energy-series-with-intellicorea®-3717-1-34a€³-3720-3724--3722/,producto dinámico,,,,,ProductosView.php,,Clopay,https://puertasyserviciosindustriales.com/system/file.php?id=294&type=application/pdf | https://puertasyserviciosindustriales.com/system/file.php?id=295&type=application/pdf,UNKNOWN,URL probable derivada del dump y validStringForUrl; no observada por HTTP; revisar bytes/codificación. ID demostrado por dump público; alias /17/producto/{getFriendlyName()}/; slug exacto pendiente de validar codificación; relación 0 impide certificar metadatos del detalle
productos.php,https://puertasyserviciosindustriales.com/18/producto/puertas-de-acero-acanalado-modelos-524-524v-524s/,producto dinámico,,,,,ProductosView.php,,Clopay,https://puertasyserviciosindustriales.com/system/file.php?id=304&type=application/pdf,UNKNOWN,URL probable derivada del dump y validStringForUrl; no observada por HTTP; revisar bytes/codificación. ID demostrado por dump público; alias /18/producto/{getFriendlyName()}/; slug exacto pendiente de validar codificación; relación 0 impide certificar metadatos del detalle
productos.php,https://puertasyserviciosindustriales.com/19/producto/energy-series-with-intellicorea®-3720-3724--3722/,producto dinámico,,,,,ProductosView.php,,Clopay,https://puertasyserviciosindustriales.com/system/file.php?id=313&type=application/pdf,UNKNOWN,URL probable derivada del dump y validStringForUrl; no observada por HTTP; revisar bytes/codificación. ID demostrado por dump público; alias /19/producto/{getFriendlyName()}/; slug exacto pendiente de validar codificación; relación 0 impide certificar metadatos del detalle
productos.php,https://puertasyserviciosindustriales.com/20/producto/coleccia³n-modern-steela„¢/,producto dinámico,,,,,ProductosView.php,,Clopay,https://puertasyserviciosindustriales.com/system/file.php?id=330&type=application/pdf,UNKNOWN,URL probable derivada del dump y validStringForUrl; no observada por HTTP; revisar bytes/codificación. ID demostrado por dump público; alias /20/producto/{getFriendlyName()}/; slug exacto pendiente de validar codificación; relación 0 impide certificar metadatos del detalle
productos.php,https://puertasyserviciosindustriales.com/21/producto/shelter-abrigo-estacionario-blue-giant/,producto dinámico,,,,,ProductosView.php,,Blue Giant,https://puertasyserviciosindustriales.com/system/file.php?id=335&type=application/pdf | https://puertasyserviciosindustriales.com/system/file.php?id=336&type=application/pdf,UNKNOWN,URL probable derivada del dump y validStringForUrl; no observada por HTTP; revisar bytes/codificación. ID demostrado por dump público; alias /21/producto/{getFriendlyName()}/; slug exacto pendiente de validar codificación; relación 0 impide certificar metadatos del detalle
productos.php,https://puertasyserviciosindustriales.com/22/producto/retenedor-de-vehiculos-(-electrico)-mod-hvr303-strongarma„¢/,producto dinámico,,,,,ProductosView.php,,Blue Giant,https://puertasyserviciosindustriales.com/system/file.php?id=341&type=application/pdf,UNKNOWN,URL probable derivada del dump y validStringForUrl; no observada por HTTP; revisar bytes/codificación. ID demostrado por dump público; alias /22/producto/{getFriendlyName()}/; slug exacto pendiente de validar codificación; relación 0 impide certificar metadatos del detalle
productos.php,https://puertasyserviciosindustriales.com/23/producto/rampa-niveladora-mecanica-blue-giant/,producto dinámico,,,,,ProductosView.php,,Blue Giant,https://puertasyserviciosindustriales.com/system/file.php?id=346&type=application/pdf,UNKNOWN,URL probable derivada del dump y validStringForUrl; no observada por HTTP; revisar bytes/codificación. ID demostrado por dump público; alias /23/producto/{getFriendlyName()}/; slug exacto pendiente de validar codificación; relación 0 impide certificar metadatos del detalle
productos.php,https://puertasyserviciosindustriales.com/24/producto/rampas-de-anda©n-hidra¡ulicas/,producto dinámico,,,,,ProductosView.php,,Kelley,https://puertasyserviciosindustriales.com/system/file.php?id=355&type=application/pdf,UNKNOWN,URL probable derivada del dump y validStringForUrl; no observada por HTTP; revisar bytes/codificación. ID demostrado por dump público; alias /24/producto/{getFriendlyName()}/; slug exacto pendiente de validar codificación; relación 0 impide certificar metadatos del detalle
productos.php,https://puertasyserviciosindustriales.com/25/producto/retenedor-de-vehiculos-star4/,producto dinámico,,,,,ProductosView.php,,Kelley,https://puertasyserviciosindustriales.com/system/file.php?id=360&type=application/pdf,UNKNOWN,URL probable derivada del dump y validStringForUrl; no observada por HTTP; revisar bytes/codificación. ID demostrado por dump público; alias /25/producto/{getFriendlyName()}/; slug exacto pendiente de validar codificación; relación 0 impide certificar metadatos del detalle
productos.php,https://puertasyserviciosindustriales.com/26/producto/puerta-contra-explosion/,producto dinámico,,,,,ProductosView.php,,Doorlock,https://puertasyserviciosindustriales.com/system/file.php?id=369&type=application/pdf,UNKNOWN,URL probable derivada del dump y validStringForUrl; no observada por HTTP; revisar bytes/codificación. ID demostrado por dump público; alias /26/producto/{getFriendlyName()}/; slug exacto pendiente de validar codificación; relación 0 impide certificar metadatos del detalle
productos.php,https://puertasyserviciosindustriales.com/27/producto/accesorios/,producto dinámico,,,,,ProductosView.php,,Doorlock,https://puertasyserviciosindustriales.com/system/file.php?id=378&type=application/pdf,UNKNOWN,URL probable derivada del dump y validStringForUrl; no observada por HTTP; revisar bytes/codificación. ID demostrado por dump público; alias /27/producto/{getFriendlyName()}/; slug exacto pendiente de validar codificación; relación 0 impide certificar metadatos del detalle
productos.php,https://puertasyserviciosindustriales.com/28/producto/puertas-blindadas/,producto dinámico,,,,,ProductosView.php,,Doorlock,https://puertasyserviciosindustriales.com/system/file.php?id=387&type=application/pdf | https://puertasyserviciosindustriales.com/system/file.php?id=388&type=application/pdf,UNKNOWN,URL probable derivada del dump y validStringForUrl; no observada por HTTP; revisar bytes/codificación. ID demostrado por dump público; alias /28/producto/{getFriendlyName()}/; slug exacto pendiente de validar codificación; relación 0 impide certificar metadatos del detalle
productos.php,https://puertasyserviciosindustriales.com/29/producto/puertas-contra-incendio/,producto dinámico,,,,,ProductosView.php,,Doorlock,https://puertasyserviciosindustriales.com/system/file.php?id=397&type=application/pdf | https://puertasyserviciosindustriales.com/system/file.php?id=398&type=application/pdf,UNKNOWN,URL probable derivada del dump y validStringForUrl; no observada por HTTP; revisar bytes/codificación. ID demostrado por dump público; alias /29/producto/{getFriendlyName()}/; slug exacto pendiente de validar codificación; relación 0 impide certificar metadatos del detalle
productos.php,https://puertasyserviciosindustriales.com/30/producto/puertas-contra-rayos-x/,producto dinámico,,,,,ProductosView.php,,Doorlock,https://puertasyserviciosindustriales.com/system/file.php?id=407&type=application/pdf | https://puertasyserviciosindustriales.com/system/file.php?id=408&type=application/pdf,UNKNOWN,URL probable derivada del dump y validStringForUrl; no observada por HTTP; revisar bytes/codificación. ID demostrado por dump público; alias /30/producto/{getFriendlyName()}/; slug exacto pendiente de validar codificación; relación 0 impide certificar metadatos del detalle
productos.php,https://puertasyserviciosindustriales.com/31/producto/puerta-esta¡ndar/,producto dinámico,,,,,ProductosView.php,,Doorlock,https://puertasyserviciosindustriales.com/system/file.php?id=417&type=application/pdf | https://puertasyserviciosindustriales.com/system/file.php?id=418&type=application/pdf,UNKNOWN,URL probable derivada del dump y validStringForUrl; no observada por HTTP; revisar bytes/codificación. ID demostrado por dump público; alias /31/producto/{getFriendlyName()}/; slug exacto pendiente de validar codificación; relación 0 impide certificar metadatos del detalle
productos.php,https://puertasyserviciosindustriales.com/32/producto/puerta-esta¡ndar-reforzada/,producto dinámico,,,,,ProductosView.php,,Doorlock,https://puertasyserviciosindustriales.com/system/file.php?id=427&type=application/pdf | https://puertasyserviciosindustriales.com/system/file.php?id=428&type=application/pdf,UNKNOWN,URL probable derivada del dump y validStringForUrl; no observada por HTTP; revisar bytes/codificación. ID demostrado por dump público; alias /32/producto/{getFriendlyName()}/; slug exacto pendiente de validar codificación; relación 0 impide certificar metadatos del detalle
productos.php,https://puertasyserviciosindustriales.com/33/producto/puerta-holandesa/,producto dinámico,,,,,ProductosView.php,,Doorlock,https://puertasyserviciosindustriales.com/system/file.php?id=437&type=application/pdf,UNKNOWN,URL probable derivada del dump y validStringForUrl; no observada por HTTP; revisar bytes/codificación. ID demostrado por dump público; alias /33/producto/{getFriendlyName()}/; slug exacto pendiente de validar codificación; relación 0 impide certificar metadatos del detalle
productos.php,https://puertasyserviciosindustriales.com/34/producto/puerta-para-hospital/,producto dinámico,,,,,ProductosView.php,,Doorlock,,UNKNOWN,URL probable derivada del dump y validStringForUrl; no observada por HTTP; revisar bytes/codificación. ID demostrado por dump público; alias /34/producto/{getFriendlyName()}/; slug exacto pendiente de validar codificación; relación 0 impide certificar metadatos del detalle
productos.php,https://puertasyserviciosindustriales.com/35/producto/puerta-y-fijos-louver/,producto dinámico,,,,,ProductosView.php,,Doorlock,,UNKNOWN,URL probable derivada del dump y validStringForUrl; no observada por HTTP; revisar bytes/codificación. ID demostrado por dump público; alias /35/producto/{getFriendlyName()}/; slug exacto pendiente de validar codificación; relación 0 impide certificar metadatos del detalle
productos.php,https://puertasyserviciosindustriales.com/36/producto/fast-seal-a®/,producto dinámico,,,,,ProductosView.php,,Rytec,https://puertasyserviciosindustriales.com/system/file.php?id=462&type=application/pdf,UNKNOWN,URL probable derivada del dump y validStringForUrl; no observada por HTTP; revisar bytes/codificación. ID demostrado por dump público; alias /36/producto/{getFriendlyName()}/; slug exacto pendiente de validar codificación; relación 0 impide certificar metadatos del detalle
productos.php,https://puertasyserviciosindustriales.com/37/producto/predadoora®-nxta®-door/,producto dinámico,,,,,ProductosView.php,,Rytec,https://puertasyserviciosindustriales.com/system/file.php?id=467&type=application/pdf,UNKNOWN,URL probable derivada del dump y validStringForUrl; no observada por HTTP; revisar bytes/codificación. ID demostrado por dump público; alias /37/producto/{getFriendlyName()}/; slug exacto pendiente de validar codificación; relación 0 impide certificar metadatos del detalle
productos.php,https://puertasyserviciosindustriales.com/38/producto/rapida-enrollable-industrial/,producto dinámico,,,,,ProductosView.php,,Infraca Quality Doors,https://puertasyserviciosindustriales.com/system/file.php?id=480&type=application/pdf,UNKNOWN,URL probable derivada del dump y validStringForUrl; no observada por HTTP; revisar bytes/codificación. ID demostrado por dump público; alias /38/producto/{getFriendlyName()}/; slug exacto pendiente de validar codificación; relación 0 impide certificar metadatos del detalle
productos.php,https://puertasyserviciosindustriales.com/39/producto/puerta-ra¡pida-apilable/,producto dinámico,,,,,ProductosView.php,,Infraca Quality Doors,https://puertasyserviciosindustriales.com/system/file.php?id=489&type=application/pdf,UNKNOWN,URL probable derivada del dump y validStringForUrl; no observada por HTTP; revisar bytes/codificación. ID demostrado por dump público; alias /39/producto/{getFriendlyName()}/; slug exacto pendiente de validar codificación; relación 0 impide certificar metadatos del detalle
productos.php,https://puertasyserviciosindustriales.com/40/producto/rolli-zip-puertas-ra¡pidas-enrollables-autorreparabale/,producto dinámico,,,,,ProductosView.php,,GLG Porter Industriali,https://puertasyserviciosindustriales.com/system/file.php?id=498&type=application/pdf,UNKNOWN,URL probable derivada del dump y validStringForUrl; no observada por HTTP; revisar bytes/codificación. ID demostrado por dump público; alias /40/producto/{getFriendlyName()}/; slug exacto pendiente de validar codificación; relación 0 impide certificar metadatos del detalle
productos.php,https://puertasyserviciosindustriales.com/41/producto/alumina-a€“-puertas-ra¡pidas-autorreparable/,producto dinámico,,,,,ProductosView.php,,GLG Porter Industriali,https://puertasyserviciosindustriales.com/system/file.php?id=503&type=application/pdf,UNKNOWN,URL probable derivada del dump y validStringForUrl; no observada por HTTP; revisar bytes/codificación. ID demostrado por dump público; alias /41/producto/{getFriendlyName()}/; slug exacto pendiente de validar codificación; relación 0 impide certificar metadatos del detalle
productos.php,https://puertasyserviciosindustriales.com/42/producto/vertigo/,producto dinámico,,,,,ProductosView.php,,GLG Porter Industriali,,UNKNOWN,URL probable derivada del dump y validStringForUrl; no observada por HTTP; revisar bytes/codificación. ID demostrado por dump público; alias /42/producto/{getFriendlyName()}/; slug exacto pendiente de validar codificación; relación 0 impide certificar metadatos del detalle
productos.php,https://puertasyserviciosindustriales.com/43/producto/lift-master-mod-h/,producto dinámico,,,,,ProductosView.php,,LiftMaster,https://puertasyserviciosindustriales.com/system/file.php?id=512&type=application/pdf,UNKNOWN,URL probable derivada del dump y validStringForUrl; no observada por HTTP; revisar bytes/codificación. ID demostrado por dump público; alias /43/producto/{getFriendlyName()}/; slug exacto pendiente de validar codificación; relación 0 impide certificar metadatos del detalle
productos.php,https://puertasyserviciosindustriales.com/44/producto/barreras-de-estacionamiento-moovi50rm/,producto dinámico,,,,,ProductosView.php,,BFT,https://puertasyserviciosindustriales.com/system/file.php?id=517&type=application/pdf,UNKNOWN,URL probable derivada del dump y validStringForUrl; no observada por HTTP; revisar bytes/codificación. ID demostrado por dump público; alias /44/producto/{getFriendlyName()}/; slug exacto pendiente de validar codificación; relación 0 impide certificar metadatos del detalle
productos.php,https://puertasyserviciosindustriales.com/45/producto/serie-x130-motor-para-cortina-oculto/,producto dinámico,,,,,ProductosView.php,,BFT,https://puertasyserviciosindustriales.com/system/file.php?id=522&type=application/pdf,UNKNOWN,URL probable derivada del dump y validStringForUrl; no observada por HTTP; revisar bytes/codificación. ID demostrado por dump público; alias /45/producto/{getFriendlyName()}/; slug exacto pendiente de validar codificación; relación 0 impide certificar metadatos del detalle
productos.php,https://puertasyserviciosindustriales.com/46/producto/phobos-n-piston-electromecanico/,producto dinámico,,,,,ProductosView.php,,BFT,https://puertasyserviciosindustriales.com/system/file.php?id=527&type=application/pdf,UNKNOWN,URL probable derivada del dump y validStringForUrl; no observada por HTTP; revisar bytes/codificación. ID demostrado por dump público; alias /46/producto/{getFriendlyName()}/; slug exacto pendiente de validar codificación; relación 0 impide certificar metadatos del detalle
productos.php,https://puertasyserviciosindustriales.com/47/producto/p45-7-piston-hidraulico-para-puerta-abatible/,producto dinámico,,,,,ProductosView.php,,BFT,https://puertasyserviciosindustriales.com/system/file.php?id=532&type=application/pdf,UNKNOWN,URL probable derivada del dump y validStringForUrl; no observada por HTTP; revisar bytes/codificación. ID demostrado por dump público; alias /47/producto/{getFriendlyName()}/; slug exacto pendiente de validar codificación; relación 0 impide certificar metadatos del detalle
productos.php,https://puertasyserviciosindustriales.com/48/producto/lux-2b-y-lux-gv-piston-hidraulico-para-puerta-abatible/,producto dinámico,,,,,ProductosView.php,,BFT,https://puertasyserviciosindustriales.com/system/file.php?id=537&type=application/pdf,UNKNOWN,URL probable derivada del dump y validStringForUrl; no observada por HTTP; revisar bytes/codificación. ID demostrado por dump público; alias /48/producto/{getFriendlyName()}/; slug exacto pendiente de validar codificación; relación 0 impide certificar metadatos del detalle
productos.php,https://puertasyserviciosindustriales.com/49/producto/icaro-smart-ac-a2000-120/,producto dinámico,,,,,ProductosView.php,,BFT,https://puertasyserviciosindustriales.com/system/file.php?id=542&type=application/pdf,UNKNOWN,URL probable derivada del dump y validStringForUrl; no observada por HTTP; revisar bytes/codificación. ID demostrado por dump público; alias /49/producto/{getFriendlyName()}/; slug exacto pendiente de validar codificación; relación 0 impide certificar metadatos del detalle
productos.php,https://puertasyserviciosindustriales.com/50/producto/puertas-industriales-dockman/,producto dinámico,,,,,ProductosView.php,,Dockman,https://puertasyserviciosindustriales.com/system/file.php?id=551&type=application/pdf,UNKNOWN,URL probable derivada del dump y validStringForUrl; no observada por HTTP; revisar bytes/codificación. ID demostrado por dump público; alias /50/producto/{getFriendlyName()}/; slug exacto pendiente de validar codificación; relación 0 impide certificar metadatos del detalle
productos.php,https://puertasyserviciosindustriales.com/51/producto/labio-de-elevacia³n-meca¡nico/,producto dinámico,,,,,ProductosView.php,,Dockman,https://puertasyserviciosindustriales.com/system/file.php?id=560&type=application/pdf,UNKNOWN,URL probable derivada del dump y validStringForUrl; no observada por HTTP; revisar bytes/codificación. ID demostrado por dump público; alias /51/producto/{getFriendlyName()}/; slug exacto pendiente de validar codificación; relación 0 impide certificar metadatos del detalle
productos.php,https://puertasyserviciosindustriales.com/52/producto/sellos-de-anda©n/,producto dinámico,,,,,ProductosView.php,,Dockman,https://puertasyserviciosindustriales.com/system/file.php?id=573&type=application/pdf,UNKNOWN,URL probable derivada del dump y validStringForUrl; no observada por HTTP; revisar bytes/codificación. ID demostrado por dump público; alias /52/producto/{getFriendlyName()}/; slug exacto pendiente de validar codificación; relación 0 impide certificar metadatos del detalle
productos.php,https://puertasyserviciosindustriales.com/53/producto/rampas-de-anda©n-hidra¡ulicas/,producto dinámico,,,,,ProductosView.php,,Dockman,https://puertasyserviciosindustriales.com/system/file.php?id=578&type=application/pdf,UNKNOWN,URL probable derivada del dump y validStringForUrl; no observada por HTTP; revisar bytes/codificación. ID demostrado por dump público; alias /53/producto/{getFriendlyName()}/; slug exacto pendiente de validar codificación; relación 0 impide certificar metadatos del detalle
productos.php,https://puertasyserviciosindustriales.com/54/producto/cortina-plana/,producto dinámico,,,,,ProductosView.php,,Dockman,https://puertasyserviciosindustriales.com/system/file.php?id=595&type=application/pdf,UNKNOWN,URL probable derivada del dump y validStringForUrl; no observada por HTTP; revisar bytes/codificación. ID demostrado por dump público; alias /54/producto/{getFriendlyName()}/; slug exacto pendiente de validar codificación; relación 0 impide certificar metadatos del detalle
productos.php,https://puertasyserviciosindustriales.com/55/producto/cortina-europea/,producto dinámico,,,,,ProductosView.php,,Dockman,https://puertasyserviciosindustriales.com/system/file.php?id=612&type=application/pdf,UNKNOWN,URL probable derivada del dump y validStringForUrl; no observada por HTTP; revisar bytes/codificación. ID demostrado por dump público; alias /55/producto/{getFriendlyName()}/; slug exacto pendiente de validar codificación; relación 0 impide certificar metadatos del detalle
productos.php,https://puertasyserviciosindustriales.com/56/producto/rampas-de-anda©n-meca¡nicas/,producto dinámico,,,,,ProductosView.php,,Dockman,https://puertasyserviciosindustriales.com/system/file.php?id=621&type=application/pdf,UNKNOWN,URL probable derivada del dump y validStringForUrl; no observada por HTTP; revisar bytes/codificación. ID demostrado por dump público; alias /56/producto/{getFriendlyName()}/; slug exacto pendiente de validar codificación; relación 0 impide certificar metadatos del detalle
productos.php,https://puertasyserviciosindustriales.com/57/producto/puertas-seccionales-de-acero-aisladas-thermospana®-modelo-150/,producto dinámico,,,,,ProductosView.php,Puertas Seccionales,,https://puertasyserviciosindustriales.com/system/file.php?id=626&type=application/pdf,UNKNOWN,URL probable derivada del dump y validStringForUrl; no observada por HTTP; revisar bytes/codificación. ID demostrado por dump público; alias /57/producto/{getFriendlyName()}/; slug exacto pendiente de validar codificación; relación 0 impide certificar metadatos del detalle
productos.php,https://puertasyserviciosindustriales.com/58/producto/puertas-de-acero-acanalado-modelos-524-524v-524s/,producto dinámico,,,,,ProductosView.php,Puertas Seccionales,,https://puertasyserviciosindustriales.com/system/file.php?id=635&type=application/pdf,UNKNOWN,URL probable derivada del dump y validStringForUrl; no observada por HTTP; revisar bytes/codificación. ID demostrado por dump público; alias /58/producto/{getFriendlyName()}/; slug exacto pendiente de validar codificación; relación 0 impide certificar metadatos del detalle
productos.php,https://puertasyserviciosindustriales.com/59/producto/puertas-industriales-dockman/,producto dinámico,,,,,ProductosView.php,Puertas Seccionales,,https://puertasyserviciosindustriales.com/system/file.php?id=644&type=application/pdf,UNKNOWN,URL probable derivada del dump y validStringForUrl; no observada por HTTP; revisar bytes/codificación. ID demostrado por dump público; alias /59/producto/{getFriendlyName()}/; slug exacto pendiente de validar codificación; relación 0 impide certificar metadatos del detalle
productos.php,https://puertasyserviciosindustriales.com/60/producto/puertas-seccionales-de-acero-modelo-2415/,producto dinámico,,,,,ProductosView.php,Puertas Seccionales,,https://puertasyserviciosindustriales.com/system/file.php?id=653&type=application/pdf,UNKNOWN,URL probable derivada del dump y validStringForUrl; no observada por HTTP; revisar bytes/codificación. ID demostrado por dump público; alias /60/producto/{getFriendlyName()}/; slug exacto pendiente de validar codificación; relación 0 impide certificar metadatos del detalle
productos.php,https://puertasyserviciosindustriales.com/61/producto/energy-series-with-intellicorea®-3720-3724--3722/,producto dinámico,,,,,ProductosView.php,Puertas Seccionales,,https://puertasyserviciosindustriales.com/system/file.php?id=662&type=application/pdf,UNKNOWN,URL probable derivada del dump y validStringForUrl; no observada por HTTP; revisar bytes/codificación. ID demostrado por dump público; alias /61/producto/{getFriendlyName()}/; slug exacto pendiente de validar codificación; relación 0 impide certificar metadatos del detalle
productos.php,https://puertasyserviciosindustriales.com/62/producto/puerta-seccional-de-acero-thermacore-serie-592/,producto dinámico,,,,,ProductosView.php,Puertas Seccionales,,https://puertasyserviciosindustriales.com/system/file.php?id=667&type=application/pdf,UNKNOWN,URL probable derivada del dump y validStringForUrl; no observada por HTTP; revisar bytes/codificación. ID demostrado por dump público; alias /62/producto/{getFriendlyName()}/; slug exacto pendiente de validar codificación; relación 0 impide certificar metadatos del detalle
productos.php,https://puertasyserviciosindustriales.com/63/producto/puerta-seccional-de-acero-sin-aislamiento-416-(uso-muy-pesado)/,producto dinámico,,,,,ProductosView.php,Puertas Seccionales,,,UNKNOWN,URL probable derivada del dump y validStringForUrl; no observada por HTTP; revisar bytes/codificación. ID demostrado por dump público; alias /63/producto/{getFriendlyName()}/; slug exacto pendiente de validar codificación; relación 0 impide certificar metadatos del detalle
productos.php,https://puertasyserviciosindustriales.com/64/producto/puertas-seccionales-de-acero-sin-aislamiento-420(uso-pesado)/,producto dinámico,,,,,ProductosView.php,Puertas Seccionales,,https://puertasyserviciosindustriales.com/system/file.php?id=676&type=application/pdf,UNKNOWN,URL probable derivada del dump y validStringForUrl; no observada por HTTP; revisar bytes/codificación. ID demostrado por dump público; alias /64/producto/{getFriendlyName()}/; slug exacto pendiente de validar codificación; relación 0 impide certificar metadatos del detalle
productos.php,https://puertasyserviciosindustriales.com/65/producto/puerta-seccional-de-acero-sin-aislamiento-424-(uso-pesado)/,producto dinámico,,,,,ProductosView.php,Puertas Seccionales,,https://puertasyserviciosindustriales.com/system/file.php?id=681&type=application/pdf,UNKNOWN,URL probable derivada del dump y validStringForUrl; no observada por HTTP; revisar bytes/codificación. ID demostrado por dump público; alias /65/producto/{getFriendlyName()}/; slug exacto pendiente de validar codificación; relación 0 impide certificar metadatos del detalle
productos.php,https://puertasyserviciosindustriales.com/66/producto/puerta-seccional-de-acero-sin-aislamiento-430-(uso-medio)/,producto dinámico,,,,,ProductosView.php,Puertas Seccionales,,https://puertasyserviciosindustriales.com/system/file.php?id=686&type=application/pdf,UNKNOWN,URL probable derivada del dump y validStringForUrl; no observada por HTTP; revisar bytes/codificación. ID demostrado por dump público; alias /66/producto/{getFriendlyName()}/; slug exacto pendiente de validar codificación; relación 0 impide certificar metadatos del detalle
productos.php,https://puertasyserviciosindustriales.com/67/producto/puertas-seccionales-de-aluminio-521/,producto dinámico,,,,,ProductosView.php,Puertas Seccionales,,https://puertasyserviciosindustriales.com/system/file.php?id=691&type=application/pdf,UNKNOWN,URL probable derivada del dump y validStringForUrl; no observada por HTTP; revisar bytes/codificación. ID demostrado por dump público; alias /67/producto/{getFriendlyName()}/; slug exacto pendiente de validar codificación; relación 0 impide certificar metadatos del detalle
productos.php,https://puertasyserviciosindustriales.com/68/producto/puerta-seccional-de-acero-perfiles-418/,producto dinámico,,,,,ProductosView.php,Puertas Seccionales,,https://puertasyserviciosindustriales.com/system/file.php?id=696&type=application/pdf,UNKNOWN,URL probable derivada del dump y validStringForUrl; no observada por HTTP; revisar bytes/codificación. ID demostrado por dump público; alias /68/producto/{getFriendlyName()}/; slug exacto pendiente de validar codificación; relación 0 impide certificar metadatos del detalle
productos.php,https://puertasyserviciosindustriales.com/69/producto/puerta-seccionable-acero-perfiles-422-(uso-pesado)/,producto dinámico,,,,,ProductosView.php,Puertas Seccionales,,https://puertasyserviciosindustriales.com/system/file.php?id=701&type=application/pdf,UNKNOWN,URL probable derivada del dump y validStringForUrl; no observada por HTTP; revisar bytes/codificación. ID demostrado por dump público; alias /69/producto/{getFriendlyName()}/; slug exacto pendiente de validar codificación; relación 0 impide certificar metadatos del detalle
productos.php,https://puertasyserviciosindustriales.com/70/producto/puertas-seccionales-de-acero-perfiles-426/,producto dinámico,,,,,ProductosView.php,Puertas Seccionales,,https://puertasyserviciosindustriales.com/system/file.php?id=706&type=application/pdf,UNKNOWN,URL probable derivada del dump y validStringForUrl; no observada por HTTP; revisar bytes/codificación. ID demostrado por dump público; alias /70/producto/{getFriendlyName()}/; slug exacto pendiente de validar codificación; relación 0 impide certificar metadatos del detalle
productos.php,https://puertasyserviciosindustriales.com/71/producto/puerta-seccional-de-acero-perfiles-432-(uso-medio)/,producto dinámico,,,,,ProductosView.php,Puertas Seccionales,,https://puertasyserviciosindustriales.com/system/file.php?id=711&type=application/pdf,UNKNOWN,URL probable derivada del dump y validStringForUrl; no observada por HTTP; revisar bytes/codificación. ID demostrado por dump público; alias /71/producto/{getFriendlyName()}/; slug exacto pendiente de validar codificación; relación 0 impide certificar metadatos del detalle
productos.php,https://puertasyserviciosindustriales.com/72/producto/puerta-seccional-de-acero-thermacore-593-(uso-medio)/,producto dinámico,,,,,ProductosView.php,Puertas Seccionales,,https://puertasyserviciosindustriales.com/system/file.php?id=716&type=application/pdf,UNKNOWN,URL probable derivada del dump y validStringForUrl; no observada por HTTP; revisar bytes/codificación. ID demostrado por dump público; alias /72/producto/{getFriendlyName()}/; slug exacto pendiente de validar codificación; relación 0 impide certificar metadatos del detalle
productos.php,https://puertasyserviciosindustriales.com/73/producto/puerta-seccional-de-acero-thermacore-594-(uso-medio)/,producto dinámico,,,,,ProductosView.php,Puertas Seccionales,,https://puertasyserviciosindustriales.com/system/file.php?id=721&type=application/pdf,UNKNOWN,URL probable derivada del dump y validStringForUrl; no observada por HTTP; revisar bytes/codificación. ID demostrado por dump público; alias /73/producto/{getFriendlyName()}/; slug exacto pendiente de validar codificación; relación 0 impide certificar metadatos del detalle
productos.php,https://puertasyserviciosindustriales.com/74/producto/puerta-seccional-de-acero-thermacore-525-(uso-liviano)/,producto dinámico,,,,,ProductosView.php,Puertas Seccionales,,,UNKNOWN,URL probable derivada del dump y validStringForUrl; no observada por HTTP; revisar bytes/codificación. ID demostrado por dump público; alias /74/producto/{getFriendlyName()}/; slug exacto pendiente de validar codificación; relación 0 impide certificar metadatos del detalle
productos.php,https://puertasyserviciosindustriales.com/75/producto/puerta-seccional-de-acero-thermacore-599-(uso-muy-pesado)/,producto dinámico,,,,,ProductosView.php,Puertas Seccionales,,,UNKNOWN,URL probable derivada del dump y validStringForUrl; no observada por HTTP; revisar bytes/codificación. ID demostrado por dump público; alias /75/producto/{getFriendlyName()}/; slug exacto pendiente de validar codificación; relación 0 impide certificar metadatos del detalle
productos.php,https://puertasyserviciosindustriales.com/76/producto/icaro-smart-ac-a2000-120/,producto dinámico,,,,,ProductosView.php,Operadores para puerta corrediza,,https://puertasyserviciosindustriales.com/system/file.php?id=734&type=application/pdf,UNKNOWN,URL probable derivada del dump y validStringForUrl; no observada por HTTP; revisar bytes/codificación. ID demostrado por dump público; alias /76/producto/{getFriendlyName()}/; slug exacto pendiente de validar codificación; relación 0 impide certificar metadatos del detalle
productos.php,https://puertasyserviciosindustriales.com/77/producto/operador-de-puerta-comercial-rhx-a®/,producto dinámico,,,,,ProductosView.php,Operadores para puerta corrediza,,https://puertasyserviciosindustriales.com/system/file.php?id=739&type=application/pdf,UNKNOWN,URL probable derivada del dump y validStringForUrl; no observada por HTTP; revisar bytes/codificación. ID demostrado por dump público; alias /77/producto/{getFriendlyName()}/; slug exacto pendiente de validar codificación; relación 0 impide certificar metadatos del detalle
productos.php,https://puertasyserviciosindustriales.com/78/producto/operador-de-puerta-comercial-rmx-a®/,producto dinámico,,,,,ProductosView.php,Operadores para puerta corrediza,,https://puertasyserviciosindustriales.com/system/file.php?id=744&type=application/pdf,UNKNOWN,URL probable derivada del dump y validStringForUrl; no observada por HTTP; revisar bytes/codificación. ID demostrado por dump público; alias /78/producto/{getFriendlyName()}/; slug exacto pendiente de validar codificación; relación 0 impide certificar metadatos del detalle
productos.php,https://puertasyserviciosindustriales.com/79/producto/lux-2b-y-lux-gv-piston-hidraulico-para-puerta-abatible/,producto dinámico,,,,,ProductosView.php,Operadores para puerta abatible,,https://puertasyserviciosindustriales.com/system/file.php?id=749&type=application/pdf,UNKNOWN,URL probable derivada del dump y validStringForUrl; no observada por HTTP; revisar bytes/codificación. ID demostrado por dump público; alias /79/producto/{getFriendlyName()}/; slug exacto pendiente de validar codificación; relación 0 impide certificar metadatos del detalle
productos.php,https://puertasyserviciosindustriales.com/80/producto/p45-7-piston-hidraulico-para-puerta-abatible/,producto dinámico,,,,,ProductosView.php,Operadores para puerta abatible,,https://puertasyserviciosindustriales.com/system/file.php?id=754&type=application/pdf,UNKNOWN,URL probable derivada del dump y validStringForUrl; no observada por HTTP; revisar bytes/codificación. ID demostrado por dump público; alias /80/producto/{getFriendlyName()}/; slug exacto pendiente de validar codificación; relación 0 impide certificar metadatos del detalle
productos.php,https://puertasyserviciosindustriales.com/81/producto/lift-master-mod-h/,producto dinámico,,,,,ProductosView.php,Operadores para puertas seccionales y cortinas enrollables,,https://puertasyserviciosindustriales.com/system/file.php?id=759&type=application/pdf,UNKNOWN,URL probable derivada del dump y validStringForUrl; no observada por HTTP; revisar bytes/codificación. ID demostrado por dump público; alias /81/producto/{getFriendlyName()}/; slug exacto pendiente de validar codificación; relación 0 impide certificar metadatos del detalle
productos.php,https://puertasyserviciosindustriales.com/82/producto/operador-comercial-rhx/,producto dinámico,,,,,ProductosView.php,Operadores para puertas seccionales y cortinas enrollables,,https://puertasyserviciosindustriales.com/system/file.php?id=764&type=application/pdf,UNKNOWN,URL probable derivada del dump y validStringForUrl; no observada por HTTP; revisar bytes/codificación. ID demostrado por dump público; alias /82/producto/{getFriendlyName()}/; slug exacto pendiente de validar codificación; relación 0 impide certificar metadatos del detalle
productos.php,https://puertasyserviciosindustriales.com/83/producto/serie-x130-motor-para-cortina-oculto/,producto dinámico,,,,,ProductosView.php,Operadores para puertas seccionales y cortinas enrollables,,https://puertasyserviciosindustriales.com/system/file.php?id=769&type=application/pdf,UNKNOWN,URL probable derivada del dump y validStringForUrl; no observada por HTTP; revisar bytes/codificación. ID demostrado por dump público; alias /83/producto/{getFriendlyName()}/; slug exacto pendiente de validar codificación; relación 0 impide certificar metadatos del detalle
productos.php,https://puertasyserviciosindustriales.com/84/producto/operador-de-puerta-comercial-rmx-a®/,producto dinámico,,,,,ProductosView.php,Operadores para puertas seccionales y cortinas enrollables,,https://puertasyserviciosindustriales.com/system/file.php?id=774&type=application/pdf,UNKNOWN,URL probable derivada del dump y validStringForUrl; no observada por HTTP; revisar bytes/codificación. ID demostrado por dump público; alias /84/producto/{getFriendlyName()}/; slug exacto pendiente de validar codificación; relación 0 impide certificar metadatos del detalle
productos.php,https://puertasyserviciosindustriales.com/85/producto/operador-de-puerta-comercial-cdx-a®/,producto dinámico,,,,,ProductosView.php,Operadores para puertas seccionales y cortinas enrollables,,https://puertasyserviciosindustriales.com/system/file.php?id=779&type=application/pdf,UNKNOWN,URL probable derivada del dump y validStringForUrl; no observada por HTTP; revisar bytes/codificación. ID demostrado por dump público; alias /85/producto/{getFriendlyName()}/; slug exacto pendiente de validar codificación; relación 0 impide certificar metadatos del detalle
productos.php,https://puertasyserviciosindustriales.com/86/producto/operador-para-cortina-enrrollable-rsx/,producto dinámico,,,,,ProductosView.php,Operadores para puertas seccionales y cortinas enrollables,,https://puertasyserviciosindustriales.com/system/file.php?id=784&type=application/pdf,UNKNOWN,URL probable derivada del dump y validStringForUrl; no observada por HTTP; revisar bytes/codificación. ID demostrado por dump público; alias /86/producto/{getFriendlyName()}/; slug exacto pendiente de validar codificación; relación 0 impide certificar metadatos del detalle
productos.php,https://puertasyserviciosindustriales.com/87/producto/cortina-serie-625/,producto dinámico,,,,,ProductosView.php,Cortinas enrollables,,https://puertasyserviciosindustriales.com/system/file.php?id=789&type=application/pdf,UNKNOWN,URL probable derivada del dump y validStringForUrl; no observada por HTTP; revisar bytes/codificación. ID demostrado por dump público; alias /87/producto/{getFriendlyName()}/; slug exacto pendiente de validar codificación; relación 0 impide certificar metadatos del detalle
productos.php,https://puertasyserviciosindustriales.com/88/producto/cortina-en-aluminio-serie-511--521/,producto dinámico,,,,,ProductosView.php,Cortinas enrollables,,https://puertasyserviciosindustriales.com/system/file.php?id=794&type=application/pdf,UNKNOWN,URL probable derivada del dump y validStringForUrl; no observada por HTTP; revisar bytes/codificación. ID demostrado por dump público; alias /88/producto/{getFriendlyName()}/; slug exacto pendiente de validar codificación; relación 0 impide certificar metadatos del detalle
productos.php,https://puertasyserviciosindustriales.com/89/producto/cortina-plana/,producto dinámico,,,,,ProductosView.php,Cortinas enrollables,,https://puertasyserviciosindustriales.com/system/file.php?id=807&type=application/pdf,UNKNOWN,URL probable derivada del dump y validStringForUrl; no observada por HTTP; revisar bytes/codificación. ID demostrado por dump público; alias /89/producto/{getFriendlyName()}/; slug exacto pendiente de validar codificación; relación 0 impide certificar metadatos del detalle
productos.php,https://puertasyserviciosindustriales.com/90/producto/cortina-europea/,producto dinámico,,,,,ProductosView.php,Cortinas enrollables,,https://puertasyserviciosindustriales.com/system/file.php?id=820&type=application/pdf,UNKNOWN,URL probable derivada del dump y validStringForUrl; no observada por HTTP; revisar bytes/codificación. ID demostrado por dump público; alias /90/producto/{getFriendlyName()}/; slug exacto pendiente de validar codificación; relación 0 impide certificar metadatos del detalle
productos.php,https://puertasyserviciosindustriales.com/91/producto/cortina-serie-620/,producto dinámico,,,,,ProductosView.php,Cortinas enrollables,,https://puertasyserviciosindustriales.com/system/file.php?id=829&type=application/pdf,UNKNOWN,URL probable derivada del dump y validStringForUrl; no observada por HTTP; revisar bytes/codificación. ID demostrado por dump público; alias /91/producto/{getFriendlyName()}/; slug exacto pendiente de validar codificación; relación 0 impide certificar metadatos del detalle
productos.php,https://puertasyserviciosindustriales.com/92/producto/cortina-serie-790-cw/,producto dinámico,,,,,ProductosView.php,Cortinas enrollables,,https://puertasyserviciosindustriales.com/system/file.php?id=838&type=application/pdf,UNKNOWN,URL probable derivada del dump y validStringForUrl; no observada por HTTP; revisar bytes/codificación. ID demostrado por dump público; alias /92/producto/{getFriendlyName()}/; slug exacto pendiente de validar codificación; relación 0 impide certificar metadatos del detalle
productos.php,https://puertasyserviciosindustriales.com/93/producto/cortina-serie-600/,producto dinámico,,,,,ProductosView.php,Cortinas enrollables,,https://puertasyserviciosindustriales.com/system/file.php?id=843&type=application/pdf,UNKNOWN,URL probable derivada del dump y validStringForUrl; no observada por HTTP; revisar bytes/codificación. ID demostrado por dump público; alias /93/producto/{getFriendlyName()}/; slug exacto pendiente de validar codificación; relación 0 impide certificar metadatos del detalle
productos.php,https://puertasyserviciosindustriales.com/94/producto/cortina-serie-630-631-634-635/,producto dinámico,,,,,ProductosView.php,Cortinas enrollables,,https://puertasyserviciosindustriales.com/system/file.php?id=848&type=application/pdf,UNKNOWN,URL probable derivada del dump y validStringForUrl; no observada por HTTP; revisar bytes/codificación. ID demostrado por dump público; alias /94/producto/{getFriendlyName()}/; slug exacto pendiente de validar codificación; relación 0 impide certificar metadatos del detalle
productos.php,https://puertasyserviciosindustriales.com/95/producto/cortina-serie-610/,producto dinámico,,,,,ProductosView.php,Cortinas enrollables,,https://puertasyserviciosindustriales.com/system/file.php?id=853&type=application/pdf,UNKNOWN,URL probable derivada del dump y validStringForUrl; no observada por HTTP; revisar bytes/codificación. ID demostrado por dump público; alias /95/producto/{getFriendlyName()}/; slug exacto pendiente de validar codificación; relación 0 impide certificar metadatos del detalle
productos.php,https://puertasyserviciosindustriales.com/96/producto/cortinas-ventiladas-685/,producto dinámico,,,,,ProductosView.php,Cortinas enrollables,,https://puertasyserviciosindustriales.com/system/file.php?id=858&type=application/pdf,UNKNOWN,URL probable derivada del dump y validStringForUrl; no observada por HTTP; revisar bytes/codificación. ID demostrado por dump público; alias /96/producto/{getFriendlyName()}/; slug exacto pendiente de validar codificación; relación 0 impide certificar metadatos del detalle
productos.php,https://puertasyserviciosindustriales.com/97/producto/cortina-de-seguridad-670/,producto dinámico,,,,,ProductosView.php,Cortinas enrollables,,https://puertasyserviciosindustriales.com/system/file.php?id=863&type=application/pdf,UNKNOWN,URL probable derivada del dump y validStringForUrl; no observada por HTTP; revisar bytes/codificación. ID demostrado por dump público; alias /97/producto/{getFriendlyName()}/; slug exacto pendiente de validar codificación; relación 0 impide certificar metadatos del detalle
productos.php,https://puertasyserviciosindustriales.com/98/producto/cortina-de-seguridad-671/,producto dinámico,,,,,ProductosView.php,Cortinas enrollables,,https://puertasyserviciosindustriales.com/system/file.php?id=868&type=application/pdf,UNKNOWN,URL probable derivada del dump y validStringForUrl; no observada por HTTP; revisar bytes/codificación. ID demostrado por dump público; alias /98/producto/{getFriendlyName()}/; slug exacto pendiente de validar codificación; relación 0 impide certificar metadatos del detalle
productos.php,https://puertasyserviciosindustriales.com/99/producto/fire-rated-doors-firestara®-models-700-&-700c/,producto dinámico,,,,,ProductosView.php,Cortinas enrollables,,https://puertasyserviciosindustriales.com/system/file.php?id=873&type=application/pdf,UNKNOWN,URL probable derivada del dump y validStringForUrl; no observada por HTTP; revisar bytes/codificación. ID demostrado por dump público; alias /99/producto/{getFriendlyName()}/; slug exacto pendiente de validar codificación; relación 0 impide certificar metadatos del detalle
productos.php,https://puertasyserviciosindustriales.com/100/producto/vertigo/,producto dinámico,,,,,ProductosView.php,Cortinas enrollables,,,UNKNOWN,URL probable derivada del dump y validStringForUrl; no observada por HTTP; revisar bytes/codificación. ID demostrado por dump público; alias /100/producto/{getFriendlyName()}/; slug exacto pendiente de validar codificación; relación 0 impide certificar metadatos del detalle
productos.php,https://puertasyserviciosindustriales.com/101/producto/fast-seala®-high-performance-door/,producto dinámico,,,,,ProductosView.php,Puertas rÃ¡pidas,,https://puertasyserviciosindustriales.com/system/file.php?id=882&type=application/pdf,UNKNOWN,URL probable derivada del dump y validStringForUrl; no observada por HTTP; revisar bytes/codificación. ID demostrado por dump público; alias /101/producto/{getFriendlyName()}/; slug exacto pendiente de validar codificación; relación 0 impide certificar metadatos del detalle
productos.php,https://puertasyserviciosindustriales.com/102/producto/predadoora®-nxta®-door/,producto dinámico,,,,,ProductosView.php,Puertas rÃ¡pidas,,https://puertasyserviciosindustriales.com/system/file.php?id=887&type=application/pdf,UNKNOWN,URL probable derivada del dump y validStringForUrl; no observada por HTTP; revisar bytes/codificación. ID demostrado por dump público; alias /102/producto/{getFriendlyName()}/; slug exacto pendiente de validar codificación; relación 0 impide certificar metadatos del detalle
productos.php,https://puertasyserviciosindustriales.com/103/producto/rapida-enrollable-industrial/,producto dinámico,,,,,ProductosView.php,Puertas rÃ¡pidas,,https://puertasyserviciosindustriales.com/system/file.php?id=896&type=application/pdf,UNKNOWN,URL probable derivada del dump y validStringForUrl; no observada por HTTP; revisar bytes/codificación. ID demostrado por dump público; alias /103/producto/{getFriendlyName()}/; slug exacto pendiente de validar codificación; relación 0 impide certificar metadatos del detalle
productos.php,https://puertasyserviciosindustriales.com/104/producto/rapida-apilable/,producto dinámico,,,,,ProductosView.php,Puertas rÃ¡pidas,,https://puertasyserviciosindustriales.com/system/file.php?id=909&type=application/pdf,UNKNOWN,URL probable derivada del dump y validStringForUrl; no observada por HTTP; revisar bytes/codificación. ID demostrado por dump público; alias /104/producto/{getFriendlyName()}/; slug exacto pendiente de validar codificación; relación 0 impide certificar metadatos del detalle
productos.php,https://puertasyserviciosindustriales.com/105/producto/rolli-zip-puertas-ra¡pidas-enrollables-autorreparable/,producto dinámico,,,,,ProductosView.php,Puertas rÃ¡pidas,,https://puertasyserviciosindustriales.com/system/file.php?id=918&type=application/pdf,UNKNOWN,URL probable derivada del dump y validStringForUrl; no observada por HTTP; revisar bytes/codificación. ID demostrado por dump público; alias /105/producto/{getFriendlyName()}/; slug exacto pendiente de validar codificación; relación 0 impide certificar metadatos del detalle
productos.php,https://puertasyserviciosindustriales.com/106/producto/alumina-a€“-puertas-ra¡pidas-autorreparable/,producto dinámico,,,,,ProductosView.php,Puertas rÃ¡pidas,,https://puertasyserviciosindustriales.com/system/file.php?id=923&type=application/pdf,UNKNOWN,URL probable derivada del dump y validStringForUrl; no observada por HTTP; revisar bytes/codificación. ID demostrado por dump público; alias /106/producto/{getFriendlyName()}/; slug exacto pendiente de validar codificación; relación 0 impide certificar metadatos del detalle
productos.php,https://puertasyserviciosindustriales.com/107/producto/coleccia³n-modern-steela„¢/,producto dinámico,,,,,ProductosView.php,Puertas residenciales,,https://puertasyserviciosindustriales.com/system/file.php?id=940&type=application/pdf,UNKNOWN,URL probable derivada del dump y validStringForUrl; no observada por HTTP; revisar bytes/codificación. ID demostrado por dump público; alias /107/producto/{getFriendlyName()}/; slug exacto pendiente de validar codificación; relación 0 impide certificar metadatos del detalle
productos.php,https://puertasyserviciosindustriales.com/108/producto/coleccia³n-classica„¢-a€“-serie-premium/,producto dinámico,,,,,ProductosView.php,Puertas residenciales,,https://puertasyserviciosindustriales.com/system/file.php?id=961&type=application/pdf,UNKNOWN,URL probable derivada del dump y validStringForUrl; no observada por HTTP; revisar bytes/codificación. ID demostrado por dump público; alias /108/producto/{getFriendlyName()}/; slug exacto pendiente de validar codificación; relación 0 impide certificar metadatos del detalle
productos.php,https://puertasyserviciosindustriales.com/109/producto/accesspro-fs1000speed/,producto dinámico,,,,,ProductosView.php,Operadores para puerta corrediza,,https://puertasyserviciosindustriales.com/system/file.php?id=970&type=application/pdf,UNKNOWN,URL probable derivada del dump y validStringForUrl; no observada por HTTP; revisar bytes/codificación. ID demostrado por dump público; alias /109/producto/{getFriendlyName()}/; slug exacto pendiente de validar codificación; relación 0 impide certificar metadatos del detalle
productos.php,https://puertasyserviciosindustriales.com/110/producto/accesspro-fs1000speed/,producto dinámico,,,,,ProductosView.php,Operadores para puerta abatible,,https://puertasyserviciosindustriales.com/system/file.php?id=979&type=application/pdf,UNKNOWN,URL probable derivada del dump y validStringForUrl; no observada por HTTP; revisar bytes/codificación. ID demostrado por dump público; alias /110/producto/{getFriendlyName()}/; slug exacto pendiente de validar codificación; relación 0 impide certificar metadatos del detalle
productos.php,https://puertasyserviciosindustriales.com/111/producto/phobos-n-piston-electromecanico/,producto dinámico,,,,,ProductosView.php,Operadores para puerta abatible,,https://puertasyserviciosindustriales.com/system/file.php?id=984&type=application/pdf,UNKNOWN,URL probable derivada del dump y validStringForUrl; no observada por HTTP; revisar bytes/codificación. ID demostrado por dump público; alias /111/producto/{getFriendlyName()}/; slug exacto pendiente de validar codificación; relación 0 impide certificar metadatos del detalle
productos.php,https://puertasyserviciosindustriales.com/112/producto/lux-2b-y-lux-gv-piston-hidraulico-para-puerta-abatible/,producto dinámico,,,,,ProductosView.php,Operadores para puerta abatible,,https://puertasyserviciosindustriales.com/system/file.php?id=989&type=application/pdf,UNKNOWN,URL probable derivada del dump y validStringForUrl; no observada por HTTP; revisar bytes/codificación. ID demostrado por dump público; alias /112/producto/{getFriendlyName()}/; slug exacto pendiente de validar codificación; relación 0 impide certificar metadatos del detalle
productos.php,https://puertasyserviciosindustriales.com/113/producto/p45-7-piston-hidraulico-para-puerta-abatible/,producto dinámico,,,,,ProductosView.php,Operadores para puerta abatible,,https://puertasyserviciosindustriales.com/system/file.php?id=994&type=application/pdf,UNKNOWN,URL probable derivada del dump y validStringForUrl; no observada por HTTP; revisar bytes/codificación. ID demostrado por dump público; alias /113/producto/{getFriendlyName()}/; slug exacto pendiente de validar codificación; relación 0 impide certificar metadatos del detalle
productos.php,https://puertasyserviciosindustriales.com/114/producto/accesspro-fs1000speed/,producto dinámico,,,,,ProductosView.php,Operadores para puertas ascendentes,,https://puertasyserviciosindustriales.com/system/file.php?id=1003&type=application/pdf,UNKNOWN,URL probable derivada del dump y validStringForUrl; no observada por HTTP; revisar bytes/codificación. ID demostrado por dump público; alias /114/producto/{getFriendlyName()}/; slug exacto pendiente de validar codificación; relación 0 impide certificar metadatos del detalle
productos.php,https://puertasyserviciosindustriales.com/115/producto/puertas-contra-rayos-x/,producto dinámico,,,,,ProductosView.php,Puertas contra rayos x,,https://puertasyserviciosindustriales.com/system/file.php?id=1012&type=application/pdf | https://puertasyserviciosindustriales.com/system/file.php?id=1013&type=application/pdf,UNKNOWN,URL probable derivada del dump y validStringForUrl; no observada por HTTP; revisar bytes/codificación. ID demostrado por dump público; alias /115/producto/{getFriendlyName()}/; slug exacto pendiente de validar codificación; relación 0 impide certificar metadatos del detalle
productos.php,https://puertasyserviciosindustriales.com/116/producto/puertas-contra-incendio/,producto dinámico,,,,,ProductosView.php,Puertas contra incendio,,https://puertasyserviciosindustriales.com/system/file.php?id=1018&type=application/pdf | https://puertasyserviciosindustriales.com/system/file.php?id=1019&type=application/pdf,UNKNOWN,URL probable derivada del dump y validStringForUrl; no observada por HTTP; revisar bytes/codificación. ID demostrado por dump público; alias /116/producto/{getFriendlyName()}/; slug exacto pendiente de validar codificación; relación 0 impide certificar metadatos del detalle
productos.php,https://puertasyserviciosindustriales.com/117/producto/puerta-contra-explosion/,producto dinámico,,,,,ProductosView.php,Puerta contra explosion,,https://puertasyserviciosindustriales.com/system/file.php?id=1028&type=application/pdf,UNKNOWN,URL probable derivada del dump y validStringForUrl; no observada por HTTP; revisar bytes/codificación. ID demostrado por dump público; alias /117/producto/{getFriendlyName()}/; slug exacto pendiente de validar codificación; relación 0 impide certificar metadatos del detalle
productos.php,https://puertasyserviciosindustriales.com/118/producto/puerta-blindada/,producto dinámico,,,,,ProductosView.php,Puertas blindadas,,https://puertasyserviciosindustriales.com/system/file.php?id=1037&type=application/pdf | https://puertasyserviciosindustriales.com/system/file.php?id=1038&type=application/pdf,UNKNOWN,URL probable derivada del dump y validStringForUrl; no observada por HTTP; revisar bytes/codificación. ID demostrado por dump público; alias /118/producto/{getFriendlyName()}/; slug exacto pendiente de validar codificación; relación 0 impide certificar metadatos del detalle
productos.php,https://puertasyserviciosindustriales.com/119/producto/puerta-esta¡ndar/,producto dinámico,,,,,ProductosView.php,Puerta estÃ¡ndar,,https://puertasyserviciosindustriales.com/system/file.php?id=1043&type=application/pdf | https://puertasyserviciosindustriales.com/system/file.php?id=1044&type=application/pdf,UNKNOWN,URL probable derivada del dump y validStringForUrl; no observada por HTTP; revisar bytes/codificación. ID demostrado por dump público; alias /119/producto/{getFriendlyName()}/; slug exacto pendiente de validar codificación; relación 0 impide certificar metadatos del detalle
productos.php,https://puertasyserviciosindustriales.com/120/producto/puerta-esta¡ndar-reforzada/,producto dinámico,,,,,ProductosView.php,Puerta estÃ¡ndar reforzada,,https://puertasyserviciosindustriales.com/system/file.php?id=1049&type=application/pdf | https://puertasyserviciosindustriales.com/system/file.php?id=1050&type=application/pdf,UNKNOWN,URL probable derivada del dump y validStringForUrl; no observada por HTTP; revisar bytes/codificación. ID demostrado por dump público; alias /120/producto/{getFriendlyName()}/; slug exacto pendiente de validar codificación; relación 0 impide certificar metadatos del detalle
productos.php,https://puertasyserviciosindustriales.com/121/producto/puerta-y-fijos-louver/,producto dinámico,,,,,ProductosView.php,Puerta y fijos Louver,,,UNKNOWN,URL probable derivada del dump y validStringForUrl; no observada por HTTP; revisar bytes/codificación. ID demostrado por dump público; alias /121/producto/{getFriendlyName()}/; slug exacto pendiente de validar codificación; relación 0 impide certificar metadatos del detalle
productos.php,https://puertasyserviciosindustriales.com/122/producto/puerta-holandesa/,producto dinámico,,,,,ProductosView.php,Puerta Holandesa,,https://puertasyserviciosindustriales.com/system/file.php?id=1071&type=application/pdf,UNKNOWN,URL probable derivada del dump y validStringForUrl; no observada por HTTP; revisar bytes/codificación. ID demostrado por dump público; alias /122/producto/{getFriendlyName()}/; slug exacto pendiente de validar codificación; relación 0 impide certificar metadatos del detalle
productos.php,https://puertasyserviciosindustriales.com/123/producto/barreras-de-estacionamiento-moovi50rm/,producto dinámico,,,,,ProductosView.php,Fraccionamientos y Condominios,,https://puertasyserviciosindustriales.com/system/file.php?id=1076&type=application/pdf,UNKNOWN,URL probable derivada del dump y validStringForUrl; no observada por HTTP; revisar bytes/codificación. ID demostrado por dump público; alias /123/producto/{getFriendlyName()}/; slug exacto pendiente de validar codificación; relación 0 impide certificar metadatos del detalle
productos.php,https://puertasyserviciosindustriales.com/124/producto/icaro-smart-ac-a2000-120/,producto dinámico,,,,,ProductosView.php,Fraccionamientos y Condominios,,https://puertasyserviciosindustriales.com/system/file.php?id=1081&type=application/pdf,UNKNOWN,URL probable derivada del dump y validStringForUrl; no observada por HTTP; revisar bytes/codificación. ID demostrado por dump público; alias /124/producto/{getFriendlyName()}/; slug exacto pendiente de validar codificación; relación 0 impide certificar metadatos del detalle
productos.php,https://puertasyserviciosindustriales.com/125/producto/barreras-de-estacionamiento-moovi50rm/,producto dinámico,,,,,ProductosView.php,Estacionamientos,,https://puertasyserviciosindustriales.com/system/file.php?id=1086&type=application/pdf,UNKNOWN,URL probable derivada del dump y validStringForUrl; no observada por HTTP; revisar bytes/codificación. ID demostrado por dump público; alias /125/producto/{getFriendlyName()}/; slug exacto pendiente de validar codificación; relación 0 impide certificar metadatos del detalle
productos.php,https://puertasyserviciosindustriales.com/126/producto/icaro-smart-ac-a2000-120/,producto dinámico,,,,,ProductosView.php,Estacionamientos,,https://puertasyserviciosindustriales.com/system/file.php?id=1091&type=application/pdf,UNKNOWN,URL probable derivada del dump y validStringForUrl; no observada por HTTP; revisar bytes/codificación. ID demostrado por dump público; alias /126/producto/{getFriendlyName()}/; slug exacto pendiente de validar codificación; relación 0 impide certificar metadatos del detalle
productos.php,https://puertasyserviciosindustriales.com/127/producto/cortina-serie-600/,producto dinámico,,,,,ProductosView.php,Centros comerciales y hoteles,,https://puertasyserviciosindustriales.com/system/file.php?id=1100&type=application/pdf,UNKNOWN,URL probable derivada del dump y validStringForUrl; no observada por HTTP; revisar bytes/codificación. ID demostrado por dump público; alias /127/producto/{getFriendlyName()}/; slug exacto pendiente de validar codificación; relación 0 impide certificar metadatos del detalle
productos.php,https://puertasyserviciosindustriales.com/128/producto/cortinas-ventiladas-685/,producto dinámico,,,,,ProductosView.php,Centros comerciales y hoteles,,https://puertasyserviciosindustriales.com/system/file.php?id=1105&type=application/pdf,UNKNOWN,URL probable derivada del dump y validStringForUrl; no observada por HTTP; revisar bytes/codificación. ID demostrado por dump público; alias /128/producto/{getFriendlyName()}/; slug exacto pendiente de validar codificación; relación 0 impide certificar metadatos del detalle
productos.php,https://puertasyserviciosindustriales.com/129/producto/puertas-blindadas/,producto dinámico,,,,,ProductosView.php,Centros comerciales y hoteles,,https://puertasyserviciosindustriales.com/system/file.php?id=1118&type=application/pdf | https://puertasyserviciosindustriales.com/system/file.php?id=1119&type=application/pdf,UNKNOWN,URL probable derivada del dump y validStringForUrl; no observada por HTTP; revisar bytes/codificación. ID demostrado por dump público; alias /129/producto/{getFriendlyName()}/; slug exacto pendiente de validar codificación; relación 0 impide certificar metadatos del detalle
productos.php,https://puertasyserviciosindustriales.com/130/producto/puertas-contra-incendio/,producto dinámico,,,,,ProductosView.php,Centros comerciales y hoteles,,https://puertasyserviciosindustriales.com/system/file.php?id=1124&type=application/pdf | https://puertasyserviciosindustriales.com/system/file.php?id=1125&type=application/pdf,UNKNOWN,URL probable derivada del dump y validStringForUrl; no observada por HTTP; revisar bytes/codificación. ID demostrado por dump público; alias /130/producto/{getFriendlyName()}/; slug exacto pendiente de validar codificación; relación 0 impide certificar metadatos del detalle
productos.php,https://puertasyserviciosindustriales.com/131/producto/puerta-esta¡ndar/,producto dinámico,,,,,ProductosView.php,Centros comerciales y hoteles,,https://puertasyserviciosindustriales.com/system/file.php?id=1130&type=application/pdf | https://puertasyserviciosindustriales.com/system/file.php?id=1131&type=application/pdf,UNKNOWN,URL probable derivada del dump y validStringForUrl; no observada por HTTP; revisar bytes/codificación. ID demostrado por dump público; alias /131/producto/{getFriendlyName()}/; slug exacto pendiente de validar codificación; relación 0 impide certificar metadatos del detalle
productos.php,https://puertasyserviciosindustriales.com/132/producto/puerta-esta¡ndar-reforzada/,producto dinámico,,,,,ProductosView.php,Centros comerciales y hoteles,,https://puertasyserviciosindustriales.com/system/file.php?id=1136&type=application/pdf | https://puertasyserviciosindustriales.com/system/file.php?id=1137&type=application/pdf,UNKNOWN,URL probable derivada del dump y validStringForUrl; no observada por HTTP; revisar bytes/codificación. ID demostrado por dump público; alias /132/producto/{getFriendlyName()}/; slug exacto pendiente de validar codificación; relación 0 impide certificar metadatos del detalle
productos.php,https://puertasyserviciosindustriales.com/133/producto/puerta-holandesa/,producto dinámico,,,,,ProductosView.php,Centros comerciales y hoteles,,https://puertasyserviciosindustriales.com/system/file.php?id=1146&type=application/pdf,UNKNOWN,URL probable derivada del dump y validStringForUrl; no observada por HTTP; revisar bytes/codificación. ID demostrado por dump público; alias /133/producto/{getFriendlyName()}/; slug exacto pendiente de validar codificación; relación 0 impide certificar metadatos del detalle
productos.php,https://puertasyserviciosindustriales.com/134/producto/puerta-y-fijos-louver/,producto dinámico,,,,,ProductosView.php,Centros comerciales y hoteles,,,UNKNOWN,URL probable derivada del dump y validStringForUrl; no observada por HTTP; revisar bytes/codificación. ID demostrado por dump público; alias /134/producto/{getFriendlyName()}/; slug exacto pendiente de validar codificación; relación 0 impide certificar metadatos del detalle
productos.php,https://puertasyserviciosindustriales.com/135/producto/barreras-de-estacionamiento-moovi50rm/,producto dinámico,,,,,ProductosView.php,Centros comerciales y hoteles,,https://puertasyserviciosindustriales.com/system/file.php?id=1163&type=application/pdf,UNKNOWN,URL probable derivada del dump y validStringForUrl; no observada por HTTP; revisar bytes/codificación. ID demostrado por dump público; alias /135/producto/{getFriendlyName()}/; slug exacto pendiente de validar codificación; relación 0 impide certificar metadatos del detalle
productos.php,https://puertasyserviciosindustriales.com/136/producto/cortina-plana/,producto dinámico,,,,,ProductosView.php,Centros comerciales y hoteles,,https://puertasyserviciosindustriales.com/system/file.php?id=1176&type=application/pdf,UNKNOWN,URL probable derivada del dump y validStringForUrl; no observada por HTTP; revisar bytes/codificación. ID demostrado por dump público; alias /136/producto/{getFriendlyName()}/; slug exacto pendiente de validar codificación; relación 0 impide certificar metadatos del detalle
productos.php,https://puertasyserviciosindustriales.com/137/producto/cortina-europea/,producto dinámico,,,,,ProductosView.php,Centros comerciales y hoteles,,https://puertasyserviciosindustriales.com/system/file.php?id=1189&type=application/pdf,UNKNOWN,URL probable derivada del dump y validStringForUrl; no observada por HTTP; revisar bytes/codificación. ID demostrado por dump público; alias /137/producto/{getFriendlyName()}/; slug exacto pendiente de validar codificación; relación 0 impide certificar metadatos del detalle
productos.php,https://puertasyserviciosindustriales.com/138/producto/accesorios/,producto dinámico,,,,,ProductosView.php,Accesorios y dispositivos de control de acceso y seguridad,,https://puertasyserviciosindustriales.com/system/file.php?id=1198&type=application/pdf,UNKNOWN,URL probable derivada del dump y validStringForUrl; no observada por HTTP; revisar bytes/codificación. ID demostrado por dump público; alias /138/producto/{getFriendlyName()}/; slug exacto pendiente de validar codificación; relación 0 impide certificar metadatos del detalle
productos.php,https://puertasyserviciosindustriales.com/139/producto/rampas-de-anda©n-hidra¡ulicas-kelley-rampa-niveladora-mecanica-blue-giant/,producto dinámico,,,,,ProductosView.php,Rampa Niveladora,,https://puertasyserviciosindustriales.com/system/file.php?id=1203&type=application/pdf,UNKNOWN,URL probable derivada del dump y validStringForUrl; no observada por HTTP; revisar bytes/codificación. ID demostrado por dump público; alias /139/producto/{getFriendlyName()}/; slug exacto pendiente de validar codificación; relación 0 impide certificar metadatos del detalle
productos.php,https://puertasyserviciosindustriales.com/140/producto/rampa-niveladora-mecanica-blue-giant/,producto dinámico,,,,,ProductosView.php,Rampa Niveladora,,https://puertasyserviciosindustriales.com/system/file.php?id=1208&type=application/pdf,UNKNOWN,URL probable derivada del dump y validStringForUrl; no observada por HTTP; revisar bytes/codificación. ID demostrado por dump público; alias /140/producto/{getFriendlyName()}/; slug exacto pendiente de validar codificación; relación 0 impide certificar metadatos del detalle
productos.php,https://puertasyserviciosindustriales.com/141/producto/rampas-de-anda©n-hidra¡ulicas/,producto dinámico,,,,,ProductosView.php,Rampa Niveladora,,https://puertasyserviciosindustriales.com/system/file.php?id=1213&type=application/pdf,UNKNOWN,URL probable derivada del dump y validStringForUrl; no observada por HTTP; revisar bytes/codificación. ID demostrado por dump público; alias /141/producto/{getFriendlyName()}/; slug exacto pendiente de validar codificación; relación 0 impide certificar metadatos del detalle
productos.php,https://puertasyserviciosindustriales.com/142/producto/rampas-de-anda©n-meca¡nicas/,producto dinámico,,,,,ProductosView.php,Rampa Niveladora,,https://puertasyserviciosindustriales.com/system/file.php?id=1222&type=application/pdf,UNKNOWN,URL probable derivada del dump y validStringForUrl; no observada por HTTP; revisar bytes/codificación. ID demostrado por dump público; alias /142/producto/{getFriendlyName()}/; slug exacto pendiente de validar codificación; relación 0 impide certificar metadatos del detalle
productos.php,https://puertasyserviciosindustriales.com/143/producto/labio-de-elevacia³n-meca¡nico-dockman/,producto dinámico,,,,,ProductosView.php,Labio de elevaciÃ³n para anden de carga,,https://puertasyserviciosindustriales.com/system/file.php?id=1231&type=application/pdf,UNKNOWN,URL probable derivada del dump y validStringForUrl; no observada por HTTP; revisar bytes/codificación. ID demostrado por dump público; alias /143/producto/{getFriendlyName()}/; slug exacto pendiente de validar codificación; relación 0 impide certificar metadatos del detalle
productos.php,https://puertasyserviciosindustriales.com/144/producto/retenedor-de-vehiculos-(-electrico)-mod-hvr303-strongarma„¢/,producto dinámico,,,,,ProductosView.php,Retenedores de vehiculos,,https://puertasyserviciosindustriales.com/system/file.php?id=1236&type=application/pdf,UNKNOWN,URL probable derivada del dump y validStringForUrl; no observada por HTTP; revisar bytes/codificación. ID demostrado por dump público; alias /144/producto/{getFriendlyName()}/; slug exacto pendiente de validar codificación; relación 0 impide certificar metadatos del detalle
productos.php,https://puertasyserviciosindustriales.com/145/producto/retenedor-de-vehiculos-star4/,producto dinámico,,,,,ProductosView.php,Retenedores de vehiculos,,https://puertasyserviciosindustriales.com/system/file.php?id=1241&type=application/pdf,UNKNOWN,URL probable derivada del dump y validStringForUrl; no observada por HTTP; revisar bytes/codificación. ID demostrado por dump público; alias /145/producto/{getFriendlyName()}/; slug exacto pendiente de validar codificación; relación 0 impide certificar metadatos del detalle
productos.php,https://puertasyserviciosindustriales.com/146/producto/retenedores-de-vehiculos-automatico-strongarma„¢-hvr303/,producto dinámico,,,,,ProductosView.php,Retenedores de vehiculos,,,UNKNOWN,URL probable derivada del dump y validStringForUrl; no observada por HTTP; revisar bytes/codificación. ID demostrado por dump público; alias /146/producto/{getFriendlyName()}/; slug exacto pendiente de validar codificación; relación 0 impide certificar metadatos del detalle
productos.php,https://puertasyserviciosindustriales.com/147/producto/shelter-abrigo-estacionario-blue-giant/,producto dinámico,,,,,ProductosView.php,Sellos para Anden,,https://puertasyserviciosindustriales.com/system/file.php?id=1254&type=application/pdf | https://puertasyserviciosindustriales.com/system/file.php?id=1255&type=application/pdf,UNKNOWN,URL probable derivada del dump y validStringForUrl; no observada por HTTP; revisar bytes/codificación. ID demostrado por dump público; alias /147/producto/{getFriendlyName()}/; slug exacto pendiente de validar codificación; relación 0 impide certificar metadatos del detalle
productos.php,https://puertasyserviciosindustriales.com/148/producto/sellos-para-anden-a€“-shelter-de-soporte-flexible/,producto dinámico,,,,,ProductosView.php,Sellos para Anden,,,UNKNOWN,URL probable derivada del dump y validStringForUrl; no observada por HTTP; revisar bytes/codificación. ID demostrado por dump público; alias /148/producto/{getFriendlyName()}/; slug exacto pendiente de validar codificación; relación 0 impide certificar metadatos del detalle
productos.php,https://puertasyserviciosindustriales.com/149/producto/sellos-de-anda©n/,producto dinámico,,,,,ProductosView.php,Sellos para Anden,,https://puertasyserviciosindustriales.com/system/file.php?id=1272&type=application/pdf,UNKNOWN,URL probable derivada del dump y validStringForUrl; no observada por HTTP; revisar bytes/codificación. ID demostrado por dump público; alias /149/producto/{getFriendlyName()}/; slug exacto pendiente de validar codificación; relación 0 impide certificar metadatos del detalle
productos.php,https://puertasyserviciosindustriales.com/150/producto/sellos-nacionales/,producto dinámico,,,,,ProductosView.php,Sellos para Anden,,https://puertasyserviciosindustriales.com/system/file.php?id=1293&type=application/pdf | https://puertasyserviciosindustriales.com/system/file.php?id=1294&type=application/pdf,UNKNOWN,URL probable derivada del dump y validStringForUrl; no observada por HTTP; revisar bytes/codificación. ID demostrado por dump público; alias /150/producto/{getFriendlyName()}/; slug exacto pendiente de validar codificación; relación 0 impide certificar metadatos del detalle
productos.php,https://puertasyserviciosindustriales.com/151/producto/sintitulo/,producto dinámico,,,,,ProductosView.php,"Bumpers, semaforos y cepillos para rampa niveladora",,,UNKNOWN,URL probable derivada del dump y validStringForUrl; no observada por HTTP; revisar bytes/codificación. ID demostrado por dump público; alias /151/producto/{getFriendlyName()}/; slug exacto pendiente de validar codificación; relación 0 impide certificar metadatos del detalle
productos.php,https://puertasyserviciosindustriales.com/152/producto/sintitulo/,producto dinámico,,,,,ProductosView.php,"Bumpers, semaforos y cepillos para rampa niveladora",,,UNKNOWN,URL probable derivada del dump y validStringForUrl; no observada por HTTP; revisar bytes/codificación. ID demostrado por dump público; alias /152/producto/{getFriendlyName()}/; slug exacto pendiente de validar codificación; relación 0 impide certificar metadatos del detalle
productos.php,https://puertasyserviciosindustriales.com/153/producto/sintitulo/,producto dinámico,,,,,ProductosView.php,"Bumpers, semaforos y cepillos para rampa niveladora",,,UNKNOWN,URL probable derivada del dump y validStringForUrl; no observada por HTTP; revisar bytes/codificación. ID demostrado por dump público; alias /153/producto/{getFriendlyName()}/; slug exacto pendiente de validar codificación; relación 0 impide certificar metadatos del detalle
productos.php,https://puertasyserviciosindustriales.com/154/producto/sintitulo/,producto dinámico,,,,,ProductosView.php,"Bumpers, semaforos y cepillos para rampa niveladora",,,UNKNOWN,URL probable derivada del dump y validStringForUrl; no observada por HTTP; revisar bytes/codificación. ID demostrado por dump público; alias /154/producto/{getFriendlyName()}/; slug exacto pendiente de validar codificación; relación 0 impide certificar metadatos del detalle
productos.php,https://puertasyserviciosindustriales.com/155/producto/sintitulo/,producto dinámico,,,,,ProductosView.php,"Bumpers, semaforos y cepillos para rampa niveladora",,,UNKNOWN,URL probable derivada del dump y validStringForUrl; no observada por HTTP; revisar bytes/codificación. ID demostrado por dump público; alias /155/producto/{getFriendlyName()}/; slug exacto pendiente de validar codificación; relación 0 impide certificar metadatos del detalle
productos.php,https://puertasyserviciosindustriales.com/156/producto/sintitulo/,producto dinámico,,,,,ProductosView.php,"Bumpers, semaforos y cepillos para rampa niveladora",,,UNKNOWN,URL probable derivada del dump y validStringForUrl; no observada por HTTP; revisar bytes/codificación. ID demostrado por dump público; alias /156/producto/{getFriendlyName()}/; slug exacto pendiente de validar codificación; relación 0 impide certificar metadatos del detalle
productos.php,https://puertasyserviciosindustriales.com/157/producto/sintitulo/,producto dinámico,,,,,ProductosView.php,"Bumpers, semaforos y cepillos para rampa niveladora",,,UNKNOWN,URL probable derivada del dump y validStringForUrl; no observada por HTTP; revisar bytes/codificación. ID demostrado por dump público; alias /157/producto/{getFriendlyName()}/; slug exacto pendiente de validar codificación; relación 0 impide certificar metadatos del detalle
productos.php,https://puertasyserviciosindustriales.com/158/producto/sintitulo/,producto dinámico,,,,,ProductosView.php,"Bumpers, semaforos y cepillos para rampa niveladora",,,UNKNOWN,URL probable derivada del dump y validStringForUrl; no observada por HTTP; revisar bytes/codificación. ID demostrado por dump público; alias /158/producto/{getFriendlyName()}/; slug exacto pendiente de validar codificación; relación 0 impide certificar metadatos del detalle
productos.php,https://puertasyserviciosindustriales.com/159/producto/sintitulo/,producto dinámico,,,,,ProductosView.php,"Bumpers, semaforos y cepillos para rampa niveladora",,,UNKNOWN,URL probable derivada del dump y validStringForUrl; no observada por HTTP; revisar bytes/codificación. ID demostrado por dump público; alias /159/producto/{getFriendlyName()}/; slug exacto pendiente de validar codificación; relación 0 impide certificar metadatos del detalle
productos.php,https://puertasyserviciosindustriales.com/160/producto/sintitulo/,producto dinámico,,,,,ProductosView.php,"Bumpers, semaforos y cepillos para rampa niveladora",,,UNKNOWN,URL probable derivada del dump y validStringForUrl; no observada por HTTP; revisar bytes/codificación. ID demostrado por dump público; alias /160/producto/{getFriendlyName()}/; slug exacto pendiente de validar codificación; relación 0 impide certificar metadatos del detalle
productos.php,https://puertasyserviciosindustriales.com/161/producto/sintitulo/,producto dinámico,,,,,ProductosView.php,"Bumpers, semaforos y cepillos para rampa niveladora",,,UNKNOWN,URL probable derivada del dump y validStringForUrl; no observada por HTTP; revisar bytes/codificación. ID demostrado por dump público; alias /161/producto/{getFriendlyName()}/; slug exacto pendiente de validar codificación; relación 0 impide certificar metadatos del detalle
productos.php,https://puertasyserviciosindustriales.com/162/producto/sintitulo/,producto dinámico,,,,,ProductosView.php,"Bumpers, semaforos y cepillos para rampa niveladora",,,UNKNOWN,URL probable derivada del dump y validStringForUrl; no observada por HTTP; revisar bytes/codificación. ID demostrado por dump público; alias /162/producto/{getFriendlyName()}/; slug exacto pendiente de validar codificación; relación 0 impide certificar metadatos del detalle
productos.php,https://puertasyserviciosindustriales.com/163/producto/sintitulo/,producto dinámico,,,,,ProductosView.php,"Bumpers, semaforos y cepillos para rampa niveladora",,,UNKNOWN,URL probable derivada del dump y validStringForUrl; no observada por HTTP; revisar bytes/codificación. ID demostrado por dump público; alias /163/producto/{getFriendlyName()}/; slug exacto pendiente de validar codificación; relación 0 impide certificar metadatos del detalle
productos.php,https://puertasyserviciosindustriales.com/164/producto/sintitulo/,producto dinámico,,,,,ProductosView.php,"Bumpers, semaforos y cepillos para rampa niveladora",,,UNKNOWN,URL probable derivada del dump y validStringForUrl; no observada por HTTP; revisar bytes/codificación. ID demostrado por dump público; alias /164/producto/{getFriendlyName()}/; slug exacto pendiente de validar codificación; relación 0 impide certificar metadatos del detalle
productos.php,https://puertasyserviciosindustriales.com/165/producto/prueba/,producto dinámico,Prueba | Industrial | Overhead Door |  PSI | Puertas y Servicios Industriales,"Productos Prueba Marca Overhead Door |  Venta, instalación y mantenimiento de puertas automáticas para diferentes sectores de la industria",,[JS: Industrial | Overhead Door],ProductosView.php,Industrial,Overhead Door,https://puertasyserviciosindustriales.com/system/file.php?id=1355&type=application/pdf,UNKNOWN,URL probable derivada del dump y validStringForUrl; no observada por HTTP; revisar bytes/codificación. ID demostrado por dump público; alias /165/producto/{getFriendlyName()}/; slug exacto pendiente de validar codificación
productos.php,https://puertasyserviciosindustriales.com/productos/categoria/1/industrial/,listado categoría,Productos Industrial |  PSI | Puertas y Servicios Industriales,"Productos Productos Industrial |  Venta, instalación y mantenimiento de puertas automáticas para diferentes sectores de la industria",,[JS: Categoria],ProductosMain.php,Industrial,,,UNKNOWN,URL probable derivada del dump y validStringForUrl; no observada por HTTP; revisar bytes/codificación. URL por parámetros demostrados; ver fórmulas amigables en seo-inventory.md
productos.php,https://puertasyserviciosindustriales.com/productos/categoria/2/comercial/,listado categoría,Productos Comercial |  PSI | Puertas y Servicios Industriales,"Productos Productos Comercial |  Venta, instalación y mantenimiento de puertas automáticas para diferentes sectores de la industria",,[JS: Categoria],ProductosMain.php,Comercial,,,UNKNOWN,URL probable derivada del dump y validStringForUrl; no observada por HTTP; revisar bytes/codificación. URL por parámetros demostrados; ver fórmulas amigables en seo-inventory.md
productos.php,https://puertasyserviciosindustriales.com/productos/categoria/3/equipos-y-accesorios-para-anden-de-carga/,listado categoría,Productos Equipos y Accesorios para Anden de Carga |  PSI | Puertas y Servicios Industriales,"Productos Productos Equipos y Accesorios para Anden de Carga |  Venta, instalación y mantenimiento de puertas automáticas para diferentes sectores de la industria",,[JS: Categoria],ProductosMain.php,Equipos y Accesorios para Anden de Carga,,,UNKNOWN,URL probable derivada del dump y validStringForUrl; no observada por HTTP; revisar bytes/codificación. URL por parámetros demostrados; ver fórmulas amigables en seo-inventory.md
productos.php,https://puertasyserviciosindustriales.com/productos/categoria/4/puertas-peatonales-de-salida-de-emergencia/,listado categoría,Productos Puertas peatonales de Salida de Emergencia |  PSI | Puertas y Servicios Industriales,"Productos Productos Puertas peatonales de Salida de Emergencia |  Venta, instalación y mantenimiento de puertas automáticas para diferentes sectores de la industria",,[JS: Categoria],ProductosMain.php,Puertas peatonales de Salida de Emergencia,,,UNKNOWN,URL probable derivada del dump y validStringForUrl; no observada por HTTP; revisar bytes/codificación. URL por parámetros demostrados; ver fórmulas amigables en seo-inventory.md
productos.php,https://puertasyserviciosindustriales.com/productos/categoria/5/puertas-peatonales-contra-incendio-contra-explosia³n-y-blindadas/,listado categoría,"Productos Puertas peatonales contra Incendio, Contra ExplosiÃ³n y Blindadas |  PSI | Puertas y Servicios Industriales","Productos Productos Puertas peatonales contra Incendio, Contra ExplosiÃ³n y Blindadas |  Venta, instalación y mantenimiento de puertas automáticas para diferentes sectores de la industria",,[JS: Categoria],ProductosMain.php,"Puertas peatonales contra Incendio, Contra ExplosiÃ³n y Blindadas",,,UNKNOWN,URL probable derivada del dump y validStringForUrl; no observada por HTTP; revisar bytes/codificación. URL por parámetros demostrados; ver fórmulas amigables en seo-inventory.md
categorias.php,https://puertasyserviciosindustriales.com/5/categoria/puertas-peatonales-contra-incendio-contra-explosia³n-y-blindadas/,categoría padre,"Puertas peatonales contra Incendio, Contra ExplosiÃ³n y Blindadas | Soluciones  |  PSI | Puertas y Servicios Industriales","Soluciones de Productos Puertas peatonales contra Incendio, Contra ExplosiÃ³n y Blindadas |  Venta, instalación y mantenimiento de puertas automáticas para diferentes sectores de la industria",,[JS: Soluciones],CategoriasMain.php,"Puertas peatonales contra Incendio, Contra ExplosiÃ³n y Blindadas",,,UNKNOWN,URL probable de getFriendlyNameUrlPadre; verificar codificación y respuesta HTTP
productos.php,https://puertasyserviciosindustriales.com/productos/categoria/6/puertas-peatonales-para-hospitales/,listado categoría,Productos Puertas peatonales para Hospitales |  PSI | Puertas y Servicios Industriales,"Productos Productos Puertas peatonales para Hospitales |  Venta, instalación y mantenimiento de puertas automáticas para diferentes sectores de la industria",,[JS: Categoria],ProductosMain.php,Puertas peatonales para Hospitales,,,UNKNOWN,URL probable derivada del dump y validStringForUrl; no observada por HTTP; revisar bytes/codificación. URL por parámetros demostrados; ver fórmulas amigables en seo-inventory.md
productos.php,https://puertasyserviciosindustriales.com/productos/categoria/7/residenciales/,listado categoría,Productos Residenciales |  PSI | Puertas y Servicios Industriales,"Productos Productos Residenciales |  Venta, instalación y mantenimiento de puertas automáticas para diferentes sectores de la industria",,[JS: Categoria],ProductosMain.php,Residenciales,,,UNKNOWN,URL probable derivada del dump y validStringForUrl; no observada por HTTP; revisar bytes/codificación. URL por parámetros demostrados; ver fórmulas amigables en seo-inventory.md
productos.php,https://puertasyserviciosindustriales.com/productos/categoria/8/puertas-seccionales/,listado categoría,Productos Puertas Seccionales |  PSI | Puertas y Servicios Industriales,"Productos Productos Puertas Seccionales |  Venta, instalación y mantenimiento de puertas automáticas para diferentes sectores de la industria",,[JS: Categoria],ProductosMain.php,Puertas Seccionales,,,UNKNOWN,URL probable derivada del dump y validStringForUrl; no observada por HTTP; revisar bytes/codificación. URL por parámetros demostrados; ver fórmulas amigables en seo-inventory.md
productos.php,https://puertasyserviciosindustriales.com/productos/categoria/9/fraccionamientos-y-condominios/,listado categoría,Productos Fraccionamientos y Condominios |  PSI | Puertas y Servicios Industriales,"Productos Productos Fraccionamientos y Condominios |  Venta, instalación y mantenimiento de puertas automáticas para diferentes sectores de la industria",,[JS: Categoria],ProductosMain.php,Fraccionamientos y Condominios,,,UNKNOWN,URL probable derivada del dump y validStringForUrl; no observada por HTTP; revisar bytes/codificación. URL por parámetros demostrados; ver fórmulas amigables en seo-inventory.md
productos.php,https://puertasyserviciosindustriales.com/productos/categoria/10/rampa-niveladora/,listado categoría,Productos Rampa Niveladora |  PSI | Puertas y Servicios Industriales,"Productos Productos Rampa Niveladora |  Venta, instalación y mantenimiento de puertas automáticas para diferentes sectores de la industria",,[JS: Categoria],ProductosMain.php,Rampa Niveladora,,,UNKNOWN,URL probable derivada del dump y validStringForUrl; no observada por HTTP; revisar bytes/codificación. URL por parámetros demostrados; ver fórmulas amigables en seo-inventory.md
productos.php,https://puertasyserviciosindustriales.com/productos/categoria/11/operadores-para-puerta-corrediza/,listado categoría,Productos Operadores para puerta corrediza |  PSI | Puertas y Servicios Industriales,"Productos Productos Operadores para puerta corrediza |  Venta, instalación y mantenimiento de puertas automáticas para diferentes sectores de la industria",,[JS: Categoria],ProductosMain.php,Operadores para puerta corrediza,,,UNKNOWN,URL probable derivada del dump y validStringForUrl; no observada por HTTP; revisar bytes/codificación. URL por parámetros demostrados; ver fórmulas amigables en seo-inventory.md
productos.php,https://puertasyserviciosindustriales.com/productos/categoria/12/operadores-para-puerta-abatible/,listado categoría,Productos Operadores para puerta abatible |  PSI | Puertas y Servicios Industriales,"Productos Productos Operadores para puerta abatible |  Venta, instalación y mantenimiento de puertas automáticas para diferentes sectores de la industria",,[JS: Categoria],ProductosMain.php,Operadores para puerta abatible,,,UNKNOWN,URL probable derivada del dump y validStringForUrl; no observada por HTTP; revisar bytes/codificación. URL por parámetros demostrados; ver fórmulas amigables en seo-inventory.md
productos.php,https://puertasyserviciosindustriales.com/productos/categoria/13/operadores-para-puertas-seccionales-y-cortinas-enrollables/,listado categoría,Productos Operadores para puertas seccionales y cortinas enrollables |  PSI | Puertas y Servicios Industriales,"Productos Productos Operadores para puertas seccionales y cortinas enrollables |  Venta, instalación y mantenimiento de puertas automáticas para diferentes sectores de la industria",,[JS: Categoria],ProductosMain.php,Operadores para puertas seccionales y cortinas enrollables,,,UNKNOWN,URL probable derivada del dump y validStringForUrl; no observada por HTTP; revisar bytes/codificación. URL por parámetros demostrados; ver fórmulas amigables en seo-inventory.md
productos.php,https://puertasyserviciosindustriales.com/productos/categoria/14/cortinas-enrollables/,listado categoría,Productos Cortinas enrollables |  PSI | Puertas y Servicios Industriales,"Productos Productos Cortinas enrollables |  Venta, instalación y mantenimiento de puertas automáticas para diferentes sectores de la industria",,[JS: Categoria],ProductosMain.php,Cortinas enrollables,,,UNKNOWN,URL probable derivada del dump y validStringForUrl; no observada por HTTP; revisar bytes/codificación. URL por parámetros demostrados; ver fórmulas amigables en seo-inventory.md
productos.php,https://puertasyserviciosindustriales.com/productos/categoria/16/tiras-pla¡sticas/,listado categoría,Productos Tiras plÃ¡sticas |  PSI | Puertas y Servicios Industriales,"Productos Productos Tiras plÃ¡sticas |  Venta, instalación y mantenimiento de puertas automáticas para diferentes sectores de la industria",,[JS: Categoria],ProductosMain.php,Tiras plÃ¡sticas,,,UNKNOWN,URL probable derivada del dump y validStringForUrl; no observada por HTTP; revisar bytes/codificación. URL por parámetros demostrados; ver fórmulas amigables en seo-inventory.md
productos.php,https://puertasyserviciosindustriales.com/productos/categoria/17/puertas-ra¡pidas/,listado categoría,Productos Puertas rÃ¡pidas |  PSI | Puertas y Servicios Industriales,"Productos Productos Puertas rÃ¡pidas |  Venta, instalación y mantenimiento de puertas automáticas para diferentes sectores de la industria",,[JS: Categoria],ProductosMain.php,Puertas rÃ¡pidas,,,UNKNOWN,URL probable derivada del dump y validStringForUrl; no observada por HTTP; revisar bytes/codificación. URL por parámetros demostrados; ver fórmulas amigables en seo-inventory.md
productos.php,https://puertasyserviciosindustriales.com/productos/categoria/18/estacionamientos/,listado categoría,Productos Estacionamientos |  PSI | Puertas y Servicios Industriales,"Productos Productos Estacionamientos |  Venta, instalación y mantenimiento de puertas automáticas para diferentes sectores de la industria",,[JS: Categoria],ProductosMain.php,Estacionamientos,,,UNKNOWN,URL probable derivada del dump y validStringForUrl; no observada por HTTP; revisar bytes/codificación. URL por parámetros demostrados; ver fórmulas amigables en seo-inventory.md
productos.php,https://puertasyserviciosindustriales.com/productos/categoria/19/centros-comerciales-y-hoteles/,listado categoría,Productos Centros comerciales y hoteles |  PSI | Puertas y Servicios Industriales,"Productos Productos Centros comerciales y hoteles |  Venta, instalación y mantenimiento de puertas automáticas para diferentes sectores de la industria",,[JS: Categoria],ProductosMain.php,Centros comerciales y hoteles,,,UNKNOWN,URL probable derivada del dump y validStringForUrl; no observada por HTTP; revisar bytes/codificación. URL por parámetros demostrados; ver fórmulas amigables en seo-inventory.md
productos.php,https://puertasyserviciosindustriales.com/productos/categoria/20/accesorios-y-dispositivos-de-control-de-acceso-y-seguridad/,listado categoría,Productos Accesorios y dispositivos de control de acceso y seguridad |  PSI | Puertas y Servicios Industriales,"Productos Productos Accesorios y dispositivos de control de acceso y seguridad |  Venta, instalación y mantenimiento de puertas automáticas para diferentes sectores de la industria",,[JS: Categoria],ProductosMain.php,Accesorios y dispositivos de control de acceso y seguridad,,,UNKNOWN,URL probable derivada del dump y validStringForUrl; no observada por HTTP; revisar bytes/codificación. URL por parámetros demostrados; ver fórmulas amigables en seo-inventory.md
productos.php,https://puertasyserviciosindustriales.com/productos/categoria/21/labio-de-elevacia³n-para-anden-de-carga/,listado categoría,Productos Labio de elevaciÃ³n para anden de carga |  PSI | Puertas y Servicios Industriales,"Productos Productos Labio de elevaciÃ³n para anden de carga |  Venta, instalación y mantenimiento de puertas automáticas para diferentes sectores de la industria",,[JS: Categoria],ProductosMain.php,Labio de elevaciÃ³n para anden de carga,,,UNKNOWN,URL probable derivada del dump y validStringForUrl; no observada por HTTP; revisar bytes/codificación. URL por parámetros demostrados; ver fórmulas amigables en seo-inventory.md
productos.php,https://puertasyserviciosindustriales.com/productos/categoria/22/retenedores-de-vehiculos/,listado categoría,Productos Retenedores de vehiculos |  PSI | Puertas y Servicios Industriales,"Productos Productos Retenedores de vehiculos |  Venta, instalación y mantenimiento de puertas automáticas para diferentes sectores de la industria",,[JS: Categoria],ProductosMain.php,Retenedores de vehiculos,,,UNKNOWN,URL probable derivada del dump y validStringForUrl; no observada por HTTP; revisar bytes/codificación. URL por parámetros demostrados; ver fórmulas amigables en seo-inventory.md
productos.php,https://puertasyserviciosindustriales.com/productos/categoria/23/sellos-para-anden/,listado categoría,Productos Sellos para Anden |  PSI | Puertas y Servicios Industriales,"Productos Productos Sellos para Anden |  Venta, instalación y mantenimiento de puertas automáticas para diferentes sectores de la industria",,[JS: Categoria],ProductosMain.php,Sellos para Anden,,,UNKNOWN,URL probable derivada del dump y validStringForUrl; no observada por HTTP; revisar bytes/codificación. URL por parámetros demostrados; ver fórmulas amigables en seo-inventory.md
productos.php,https://puertasyserviciosindustriales.com/productos/categoria/24/semaforos-y-sea±alizaciones-para-anden/,listado categoría,Productos Semaforos y seÃ±alizaciones para anden |  PSI | Puertas y Servicios Industriales,"Productos Productos Semaforos y seÃ±alizaciones para anden |  Venta, instalación y mantenimiento de puertas automáticas para diferentes sectores de la industria",,[JS: Categoria],ProductosMain.php,Semaforos y seÃ±alizaciones para anden,,,UNKNOWN,URL probable derivada del dump y validStringForUrl; no observada por HTTP; revisar bytes/codificación. URL por parámetros demostrados; ver fórmulas amigables en seo-inventory.md
productos.php,https://puertasyserviciosindustriales.com/productos/categoria/25/bumpers-semaforos-y-cepillos-para-rampa-niveladora/,listado categoría,"Productos Bumpers, semaforos y cepillos para rampa niveladora |  PSI | Puertas y Servicios Industriales","Productos Productos Bumpers, semaforos y cepillos para rampa niveladora |  Venta, instalación y mantenimiento de puertas automáticas para diferentes sectores de la industria",,[JS: Categoria],ProductosMain.php,"Bumpers, semaforos y cepillos para rampa niveladora",,,UNKNOWN,URL probable derivada del dump y validStringForUrl; no observada por HTTP; revisar bytes/codificación. URL por parámetros demostrados; ver fórmulas amigables en seo-inventory.md
productos.php,https://puertasyserviciosindustriales.com/productos/categoria/26/puertas-contra-incendio/,listado categoría,Productos Puertas contra incendio |  PSI | Puertas y Servicios Industriales,"Productos Productos Puertas contra incendio |  Venta, instalación y mantenimiento de puertas automáticas para diferentes sectores de la industria",,[JS: Categoria],ProductosMain.php,Puertas contra incendio,,,UNKNOWN,URL probable derivada del dump y validStringForUrl; no observada por HTTP; revisar bytes/codificación. URL por parámetros demostrados; ver fórmulas amigables en seo-inventory.md
categorias.php,https://puertasyserviciosindustriales.com/26/categoria/puertas-contra-incendio/,categoría padre, | Soluciones  |  PSI | Puertas y Servicios Industriales,"Soluciones de Productos  |  Venta, instalación y mantenimiento de puertas automáticas para diferentes sectores de la industria",,[JS: Soluciones],CategoriasMain.php,Puertas contra incendio,,,UNKNOWN,URL probable de getFriendlyNameUrlPadre; verificar codificación y respuesta HTTP
productos.php,https://puertasyserviciosindustriales.com/productos/categoria/27/puerta-esta¡ndar/,listado categoría,Productos Puerta estÃ¡ndar |  PSI | Puertas y Servicios Industriales,"Productos Productos Puerta estÃ¡ndar |  Venta, instalación y mantenimiento de puertas automáticas para diferentes sectores de la industria",,[JS: Categoria],ProductosMain.php,Puerta estÃ¡ndar,,,UNKNOWN,URL probable derivada del dump y validStringForUrl; no observada por HTTP; revisar bytes/codificación. URL por parámetros demostrados; ver fórmulas amigables en seo-inventory.md
productos.php,https://puertasyserviciosindustriales.com/productos/categoria/28/puerta-esta¡ndar-reforzada/,listado categoría,Productos Puerta estÃ¡ndar reforzada |  PSI | Puertas y Servicios Industriales,"Productos Productos Puerta estÃ¡ndar reforzada |  Venta, instalación y mantenimiento de puertas automáticas para diferentes sectores de la industria",,[JS: Categoria],ProductosMain.php,Puerta estÃ¡ndar reforzada,,,UNKNOWN,URL probable derivada del dump y validStringForUrl; no observada por HTTP; revisar bytes/codificación. URL por parámetros demostrados; ver fórmulas amigables en seo-inventory.md
productos.php,https://puertasyserviciosindustriales.com/productos/categoria/29/puerta-holandesa/,listado categoría,Productos Puerta Holandesa |  PSI | Puertas y Servicios Industriales,"Productos Productos Puerta Holandesa |  Venta, instalación y mantenimiento de puertas automáticas para diferentes sectores de la industria",,[JS: Categoria],ProductosMain.php,Puerta Holandesa,,,UNKNOWN,URL probable derivada del dump y validStringForUrl; no observada por HTTP; revisar bytes/codificación. URL por parámetros demostrados; ver fórmulas amigables en seo-inventory.md
productos.php,https://puertasyserviciosindustriales.com/productos/categoria/30/puerta-y-fijos-louver/,listado categoría,Productos Puerta y fijos Louver |  PSI | Puertas y Servicios Industriales,"Productos Productos Puerta y fijos Louver |  Venta, instalación y mantenimiento de puertas automáticas para diferentes sectores de la industria",,[JS: Categoria],ProductosMain.php,Puerta y fijos Louver,,,UNKNOWN,URL probable derivada del dump y validStringForUrl; no observada por HTTP; revisar bytes/codificación. URL por parámetros demostrados; ver fórmulas amigables en seo-inventory.md
productos.php,https://puertasyserviciosindustriales.com/productos/categoria/31/puerta-contra-explosion/,listado categoría,Productos Puerta contra explosion |  PSI | Puertas y Servicios Industriales,"Productos Productos Puerta contra explosion |  Venta, instalación y mantenimiento de puertas automáticas para diferentes sectores de la industria",,[JS: Categoria],ProductosMain.php,Puerta contra explosion,,,UNKNOWN,URL probable derivada del dump y validStringForUrl; no observada por HTTP; revisar bytes/codificación. URL por parámetros demostrados; ver fórmulas amigables en seo-inventory.md
productos.php,https://puertasyserviciosindustriales.com/productos/categoria/32/puertas-blindadas/,listado categoría,Productos Puertas blindadas |  PSI | Puertas y Servicios Industriales,"Productos Productos Puertas blindadas |  Venta, instalación y mantenimiento de puertas automáticas para diferentes sectores de la industria",,[JS: Categoria],ProductosMain.php,Puertas blindadas,,,UNKNOWN,URL probable derivada del dump y validStringForUrl; no observada por HTTP; revisar bytes/codificación. URL por parámetros demostrados; ver fórmulas amigables en seo-inventory.md
productos.php,https://puertasyserviciosindustriales.com/productos/categoria/33/puertas-contra-incendio/,listado categoría,Productos Puertas contra incendio |  PSI | Puertas y Servicios Industriales,"Productos Productos Puertas contra incendio |  Venta, instalación y mantenimiento de puertas automáticas para diferentes sectores de la industria",,[JS: Categoria],ProductosMain.php,Puertas contra incendio,,,UNKNOWN,URL probable derivada del dump y validStringForUrl; no observada por HTTP; revisar bytes/codificación. URL por parámetros demostrados; ver fórmulas amigables en seo-inventory.md
productos.php,https://puertasyserviciosindustriales.com/productos/categoria/34/puertas-contra-rayos-x/,listado categoría,Productos Puertas contra rayos x |  PSI | Puertas y Servicios Industriales,"Productos Productos Puertas contra rayos x |  Venta, instalación y mantenimiento de puertas automáticas para diferentes sectores de la industria",,[JS: Categoria],ProductosMain.php,Puertas contra rayos x,,,UNKNOWN,URL probable derivada del dump y validStringForUrl; no observada por HTTP; revisar bytes/codificación. URL por parámetros demostrados; ver fórmulas amigables en seo-inventory.md
productos.php,https://puertasyserviciosindustriales.com/productos/categoria/35/puerta-para-hospital/,listado categoría,Productos Puerta para hospital |  PSI | Puertas y Servicios Industriales,"Productos Productos Puerta para hospital |  Venta, instalación y mantenimiento de puertas automáticas para diferentes sectores de la industria",,[JS: Categoria],ProductosMain.php,Puerta para hospital,,,UNKNOWN,URL probable derivada del dump y validStringForUrl; no observada por HTTP; revisar bytes/codificación. URL por parámetros demostrados; ver fórmulas amigables en seo-inventory.md
productos.php,https://puertasyserviciosindustriales.com/productos/categoria/36/puertas-residenciales/,listado categoría,Productos Puertas residenciales |  PSI | Puertas y Servicios Industriales,"Productos Productos Puertas residenciales |  Venta, instalación y mantenimiento de puertas automáticas para diferentes sectores de la industria",,[JS: Categoria],ProductosMain.php,Puertas residenciales,,,UNKNOWN,URL probable derivada del dump y validStringForUrl; no observada por HTTP; revisar bytes/codificación. URL por parámetros demostrados; ver fórmulas amigables en seo-inventory.md
productos.php,https://puertasyserviciosindustriales.com/productos/categoria/37/operadores-para-puerta-corrediza/,listado categoría,Productos Operadores para puerta corrediza |  PSI | Puertas y Servicios Industriales,"Productos Productos Operadores para puerta corrediza |  Venta, instalación y mantenimiento de puertas automáticas para diferentes sectores de la industria",,[JS: Categoria],ProductosMain.php,Operadores para puerta corrediza,,,UNKNOWN,URL probable derivada del dump y validStringForUrl; no observada por HTTP; revisar bytes/codificación. URL por parámetros demostrados; ver fórmulas amigables en seo-inventory.md
productos.php,https://puertasyserviciosindustriales.com/productos/categoria/38/operadores-para-puerta-abatible/,listado categoría,Productos Operadores para puerta abatible |  PSI | Puertas y Servicios Industriales,"Productos Productos Operadores para puerta abatible |  Venta, instalación y mantenimiento de puertas automáticas para diferentes sectores de la industria",,[JS: Categoria],ProductosMain.php,Operadores para puerta abatible,,,UNKNOWN,URL probable derivada del dump y validStringForUrl; no observada por HTTP; revisar bytes/codificación. URL por parámetros demostrados; ver fórmulas amigables en seo-inventory.md
productos.php,https://puertasyserviciosindustriales.com/productos/categoria/39/operadores-para-puertas-ascendentes/,listado categoría,Productos Operadores para puertas ascendentes |  PSI | Puertas y Servicios Industriales,"Productos Productos Operadores para puertas ascendentes |  Venta, instalación y mantenimiento de puertas automáticas para diferentes sectores de la industria",,[JS: Categoria],ProductosMain.php,Operadores para puertas ascendentes,,,UNKNOWN,URL probable derivada del dump y validStringForUrl; no observada por HTTP; revisar bytes/codificación. URL por parámetros demostrados; ver fórmulas amigables en seo-inventory.md
productos.php,https://puertasyserviciosindustriales.com/productos/marca/1/overhead-door/,listado marca,Marca Overhead Door  |  PSI | Puertas y Servicios Industriales,"Productos Marca Overhead Door  |  Venta, instalación y mantenimiento de puertas automáticas para diferentes sectores de la industria",,[JS: Marca],ProductosMain.php,,Overhead Door,,UNKNOWN,URL probable derivada del dump y validStringForUrl; no observada por HTTP; revisar bytes/codificación. URL por parámetros demostrados; ver fórmulas amigables en seo-inventory.md
productos.php,https://puertasyserviciosindustriales.com/productos/marca/2/wayne-dalton/,listado marca,Marca Wayne Dalton  |  PSI | Puertas y Servicios Industriales,"Productos Marca Wayne Dalton  |  Venta, instalación y mantenimiento de puertas automáticas para diferentes sectores de la industria",,[JS: Marca],ProductosMain.php,,Wayne Dalton,,UNKNOWN,URL probable derivada del dump y validStringForUrl; no observada por HTTP; revisar bytes/codificación. URL por parámetros demostrados; ver fórmulas amigables en seo-inventory.md
productos.php,https://puertasyserviciosindustriales.com/productos/marca/3/clopay/,listado marca,Marca Clopay  |  PSI | Puertas y Servicios Industriales,"Productos Marca Clopay  |  Venta, instalación y mantenimiento de puertas automáticas para diferentes sectores de la industria",,[JS: Marca],ProductosMain.php,,Clopay,,UNKNOWN,URL probable derivada del dump y validStringForUrl; no observada por HTTP; revisar bytes/codificación. URL por parámetros demostrados; ver fórmulas amigables en seo-inventory.md
productos.php,https://puertasyserviciosindustriales.com/productos/marca/4/blue-giant/,listado marca,Marca Blue Giant  |  PSI | Puertas y Servicios Industriales,"Productos Marca Blue Giant  |  Venta, instalación y mantenimiento de puertas automáticas para diferentes sectores de la industria",,[JS: Marca],ProductosMain.php,,Blue Giant,,UNKNOWN,URL probable derivada del dump y validStringForUrl; no observada por HTTP; revisar bytes/codificación. URL por parámetros demostrados; ver fórmulas amigables en seo-inventory.md
productos.php,https://puertasyserviciosindustriales.com/productos/marca/5/kelley/,listado marca,Marca Kelley  |  PSI | Puertas y Servicios Industriales,"Productos Marca Kelley  |  Venta, instalación y mantenimiento de puertas automáticas para diferentes sectores de la industria",,[JS: Marca],ProductosMain.php,,Kelley,,UNKNOWN,URL probable derivada del dump y validStringForUrl; no observada por HTTP; revisar bytes/codificación. URL por parámetros demostrados; ver fórmulas amigables en seo-inventory.md
productos.php,https://puertasyserviciosindustriales.com/productos/marca/6/doorlock/,listado marca,Marca Doorlock  |  PSI | Puertas y Servicios Industriales,"Productos Marca Doorlock  |  Venta, instalación y mantenimiento de puertas automáticas para diferentes sectores de la industria",,[JS: Marca],ProductosMain.php,,Doorlock,,UNKNOWN,URL probable derivada del dump y validStringForUrl; no observada por HTTP; revisar bytes/codificación. URL por parámetros demostrados; ver fórmulas amigables en seo-inventory.md
productos.php,https://puertasyserviciosindustriales.com/productos/marca/7/rytec/,listado marca,Marca Rytec  |  PSI | Puertas y Servicios Industriales,"Productos Marca Rytec  |  Venta, instalación y mantenimiento de puertas automáticas para diferentes sectores de la industria",,[JS: Marca],ProductosMain.php,,Rytec,,UNKNOWN,URL probable derivada del dump y validStringForUrl; no observada por HTTP; revisar bytes/codificación. URL por parámetros demostrados; ver fórmulas amigables en seo-inventory.md
productos.php,https://puertasyserviciosindustriales.com/productos/marca/8/infraca-quality-doors/,listado marca,Marca Infraca Quality Doors  |  PSI | Puertas y Servicios Industriales,"Productos Marca Infraca Quality Doors  |  Venta, instalación y mantenimiento de puertas automáticas para diferentes sectores de la industria",,[JS: Marca],ProductosMain.php,,Infraca Quality Doors,,UNKNOWN,URL probable derivada del dump y validStringForUrl; no observada por HTTP; revisar bytes/codificación. URL por parámetros demostrados; ver fórmulas amigables en seo-inventory.md
productos.php,https://puertasyserviciosindustriales.com/productos/marca/9/glg-porter-industriali/,listado marca,Marca GLG Porter Industriali  |  PSI | Puertas y Servicios Industriales,"Productos Marca GLG Porter Industriali  |  Venta, instalación y mantenimiento de puertas automáticas para diferentes sectores de la industria",,[JS: Marca],ProductosMain.php,,GLG Porter Industriali,,UNKNOWN,URL probable derivada del dump y validStringForUrl; no observada por HTTP; revisar bytes/codificación. URL por parámetros demostrados; ver fórmulas amigables en seo-inventory.md
productos.php,https://puertasyserviciosindustriales.com/productos/marca/10/dockman/,listado marca,Marca Dockman  |  PSI | Puertas y Servicios Industriales,"Productos Marca Dockman  |  Venta, instalación y mantenimiento de puertas automáticas para diferentes sectores de la industria",,[JS: Marca],ProductosMain.php,,Dockman,,UNKNOWN,URL probable derivada del dump y validStringForUrl; no observada por HTTP; revisar bytes/codificación. URL por parámetros demostrados; ver fórmulas amigables en seo-inventory.md
productos.php,https://puertasyserviciosindustriales.com/productos/marca/11/liftmaster/,listado marca,Marca LiftMaster  |  PSI | Puertas y Servicios Industriales,"Productos Marca LiftMaster  |  Venta, instalación y mantenimiento de puertas automáticas para diferentes sectores de la industria",,[JS: Marca],ProductosMain.php,,LiftMaster,,UNKNOWN,URL probable derivada del dump y validStringForUrl; no observada por HTTP; revisar bytes/codificación. URL por parámetros demostrados; ver fórmulas amigables en seo-inventory.md
productos.php,https://puertasyserviciosindustriales.com/productos/marca/12/bft/,listado marca,Marca BFT  |  PSI | Puertas y Servicios Industriales,"Productos Marca BFT  |  Venta, instalación y mantenimiento de puertas automáticas para diferentes sectores de la industria",,[JS: Marca],ProductosMain.php,,BFT,,UNKNOWN,URL probable derivada del dump y validStringForUrl; no observada por HTTP; revisar bytes/codificación. URL por parámetros demostrados; ver fórmulas amigables en seo-inventory.md
