legacy_file,legacy_url,classification,title,h1,template_family,database_dependency,proposed_wordpress_type,preserve_url,migration_priority,notes,related_product_ids,classification_confidence,evidence
1500-revolving-door.php,https://puertasyserviciosindustriales.com/1500-revolving-door.php,PRODUCT_PAGE,PSI | Puertas y Servicios Industriales,Soluciones Industriales,detalle-estatico,No detected in own source/direct includes; content hardcoded,PRODUCT_CONTENT_CANDIDATE,YES,HIGH,Producto/familia solo en PHP; no hay correspondencia SQL fuerte; MUST preserve content,,STRONG_INFERENCE,page-source-evidence.json:1500-revolving-door.php
accesorios.php,https://puertasyserviciosindustriales.com/accesorios.php,PRODUCT_PAGE,Accesorios | Doorlock | Marcas ,Soluciones Industriales,detalle-estatico,No detected in own source/direct includes; content hardcoded,PRODUCT_CONTENT_CANDIDATE,YES,HIGH,,27|138,STRONG_INFERENCE,page-source-evidence.json:accesorios.php
accesspro-fs1000speed.php,https://puertasyserviciosindustriales.com/accesspro-fs1000speed.php,PRODUCT_PAGE,AccessPRO FS1000SPEED | Overhead Door | Marcas ,Soluciones Residenciales,detalle-estatico,No detected in own source/direct includes; content hardcoded,PRODUCT_CONTENT_CANDIDATE,YES,HIGH,Hay paginas equivalentes candidatas; sin fusion ni redirect,1|109|110|114,STRONG_INFERENCE,page-source-evidence.json:accesspro-fs1000speed.php
automatismos-para-cancelas-cubic.php,https://puertasyserviciosindustriales.com/automatismos-para-cancelas-cubic.php,PRODUCT_PAGE,PSI | Puertas y Servicios Industriales,CUBIC Automatismos ocultos al piso.,detalle-estatico,No detected in own source/direct includes; content hardcoded,PRODUCT_CONTENT_CANDIDATE,YES,HIGH,Producto/familia solo en PHP; no hay correspondencia SQL fuerte; MUST preserve content,,STRONG_INFERENCE,page-source-evidence.json:automatismos-para-cancelas-cubic.php
back-seccionales.php,https://puertasyserviciosindustriales.com/back-seccionales.php,LEGACY_INTERNAL,,,fragment/processor,No detected in own source/direct includes; content hardcoded,REVIEW_INTERNAL_FUNCTION,REVIEW,REVIEW,,,CONFIRMED,page-source-evidence.json:back-seccionales.php
barreras-estacionamiento-moovi50rm.php,https://puertasyserviciosindustriales.com/barreras-estacionamiento-moovi50rm.php,PRODUCT_PAGE,Barreras de estacionamiento MOOVI50RM | BFT | Marcas ,Productos Marca BFT,detalle-estatico,No detected in own source/direct includes; content hardcoded,PRODUCT_CONTENT_CANDIDATE,YES,HIGH,,44|123|125|135,STRONG_INFERENCE,page-source-evidence.json:barreras-estacionamiento-moovi50rm.php
bft-resp.php,https://puertasyserviciosindustriales.com/bft-resp.php,BRAND_PAGE,PSI | Puertas y Servicios Industriales,Productos,listado-estatico,No detected in own source/direct includes; content hardcoded,BRAND_CONTENT,YES,HIGH,"Variante historica aparente; URL se conserva pendiente trafico, no declarada obsoleta",,CONFIRMED,page-source-evidence.json:bft-resp.php
bft.php,https://puertasyserviciosindustriales.com/bft.php,BRAND_PAGE,BTF | Marcas ,Marcas,listado-marca,No detected in own source/direct includes; content hardcoded,BRAND_CONTENT,YES,HIGH,,,CONFIRMED,page-source-evidence.json:bft.php
bix-al-antena-externa-433-mhz.php,https://puertasyserviciosindustriales.com/bix-al-antena-externa-433-mhz.php,PRODUCT_PAGE,PSI | Puertas y Servicios Industriales,Productos Marca BFT,detalle-estatico,No detected in own source/direct includes; content hardcoded,PRODUCT_CONTENT_CANDIDATE,YES,HIGH,Producto/familia solo en PHP; no hay correspondencia SQL fuerte; MUST preserve content,,STRONG_INFERENCE,page-source-evidence.json:bix-al-antena-externa-433-mhz.php
blindadas.php,https://puertasyserviciosindustriales.com/blindadas.php,CATEGORY_PAGE,Puerta blindada | Puertas Blindadas,Puertas Blindadas,listado-estatico,No detected in own source/direct includes; content hardcoded,NAVIGATION_CONTENT,YES,HIGH,,,CONFIRMED,page-source-evidence.json:blindadas.php
blue-giant.php,https://puertasyserviciosindustriales.com/blue-giant.php,BRAND_PAGE,Blue Giant | Marcas ,Marcas|Productos,listado-marca,No detected in own source/direct includes; content hardcoded,BRAND_CONTENT,YES,HIGH,,,CONFIRMED,page-source-evidence.json:blue-giant.php
categorias.php,https://puertasyserviciosindustriales.com/categorias.php,UTILITY,,,controlador-categorias,categorias.php|system/common.php,REVIEW_INTERNAL_FUNCTION,YES,REVIEW,"Controlador dinamico, no pagina editorial autonoma",,CONFIRMED,page-source-evidence.json:categorias.php
centros-comerciales.php,https://puertasyserviciosindustriales.com/centros-comerciales.php,CATEGORY_PAGE,Puertas automáticas peatonales para centro comercial | Soluciones comerciales,Soluciones Comerciales,listado-estatico,No detected in own source/direct includes; content hardcoded,NAVIGATION_CONTENT,YES,HIGH,,,CONFIRMED,page-source-evidence.json:centros-comerciales.php
clopay.php,https://puertasyserviciosindustriales.com/clopay.php,BRAND_PAGE,Clopay | Marcas ,Marcas,listado-marca,No detected in own source/direct includes; content hardcoded,BRAND_CONTENT,YES,HIGH,,,CONFIRMED,page-source-evidence.json:clopay.php
coleccion-classic.php,https://puertasyserviciosindustriales.com/coleccion-classic.php,PRODUCT_PAGE,Colección Classic - Serie Premium | Overhead Door | Marcas ,Soluciones Residenciales,detalle-estatico,No detected in own source/direct includes; content hardcoded,PRODUCT_CONTENT_CANDIDATE,YES,HIGH,,9|108,STRONG_INFERENCE,page-source-evidence.json:coleccion-classic.php
coleccion-modern-steel.php,https://puertasyserviciosindustriales.com/coleccion-modern-steel.php,PRODUCT_PAGE,Puertas de garage Colección Modern Steel™ | Overhead Door | Marcas ,Puertas de garage,detalle-estatico,No detected in own source/direct includes; content hardcoded,PRODUCT_CONTENT_CANDIDATE,YES,HIGH,,6|16|20|107,STRONG_INFERENCE,page-source-evidence.json:coleccion-modern-steel.php
com-programadores-digitales-y-rotativos.php,https://puertasyserviciosindustriales.com/com-programadores-digitales-y-rotativos.php,PRODUCT_PAGE,PSI | Puertas y Servicios Industriales,Productos Marca BFT,detalle-estatico,No detected in own source/direct includes; content hardcoded,PRODUCT_CONTENT_CANDIDATE,YES,HIGH,Producto/familia solo en PHP; no hay correspondencia SQL fuerte; MUST preserve content,,STRONG_INFERENCE,page-source-evidence.json:com-programadores-digitales-y-rotativos.php
comercial.php,https://puertasyserviciosindustriales.com/comercial.php,CATEGORY_PAGE,Comerciales | Soluciones ,Soluciones,listado-estatico,No detected in own source/direct includes; content hardcoded,NAVIGATION_CONTENT,YES,HIGH,,,CONFIRMED,page-source-evidence.json:comercial.php
contacto.php,https://puertasyserviciosindustriales.com/contacto.php,CONTACT_PAGE,PSI | Puertas y Servicios Industriales,Contacto,contacto,headerv1.php|enviaContacto.php,CONTACT_CONTENT,YES,HIGH,,,CONFIRMED,page-source-evidence.json:contacto.php
contra-exposion.php,https://puertasyserviciosindustriales.com/contra-exposion.php,CATEGORY_PAGE,Puerta contra explosion | Contra explosion,Contra explosion,listado-estatico,No detected in own source/direct includes; content hardcoded,NAVIGATION_CONTENT,YES,HIGH,,,CONFIRMED,page-source-evidence.json:contra-exposion.php
contra-incendio.php,https://puertasyserviciosindustriales.com/contra-incendio.php,CATEGORY_PAGE,Puertas contra incendio | Contra incendio,Contra incendio,listado-estatico,No detected in own source/direct includes; content hardcoded,NAVIGATION_CONTENT,YES,HIGH,,,CONFIRMED,page-source-evidence.json:contra-incendio.php
cortina-de-seguridad-670.php,https://puertasyserviciosindustriales.com/cortina-de-seguridad-670.php,PRODUCT_PAGE,Cortina de seguridad 670 | Overhead Door | Marcas ,Soluciones Industriales,detalle-estatico,No detected in own source/direct includes; content hardcoded,PRODUCT_CONTENT_CANDIDATE,YES,HIGH,,97,STRONG_INFERENCE,page-source-evidence.json:cortina-de-seguridad-670.php
cortina-de-seguridad-671.php,https://puertasyserviciosindustriales.com/cortina-de-seguridad-671.php,PRODUCT_PAGE,Cortina de seguridad 671 | Overhead Door | Marcas ,Soluciones Industriales,detalle-estatico,No detected in own source/direct includes; content hardcoded,PRODUCT_CONTENT_CANDIDATE,YES,HIGH,,98,STRONG_INFERENCE,page-source-evidence.json:cortina-de-seguridad-671.php
cortina-en-aluminio-serie-511-521.php,https://puertasyserviciosindustriales.com/cortina-en-aluminio-serie-511-521.php,PRODUCT_PAGE,Cortina en aluminio serie 511 / 521 | Overhead Door | Marcas ,Soluciones Industriales,detalle-estatico,No detected in own source/direct includes; content hardcoded,PRODUCT_CONTENT_CANDIDATE,YES,HIGH,,5|88,STRONG_INFERENCE,page-source-evidence.json:cortina-en-aluminio-serie-511-521.php
cortina-europea.php,https://puertasyserviciosindustriales.com/cortina-europea.php,PRODUCT_PAGE,Cortina Europea | Dockman | Marcas ,Soluciones Industriales,detalle-estatico,No detected in own source/direct includes; content hardcoded,PRODUCT_CONTENT_CANDIDATE,YES,HIGH,,55|90|137,STRONG_INFERENCE,page-source-evidence.json:cortina-europea.php
cortina-plana.php,https://puertasyserviciosindustriales.com/cortina-plana.php,PRODUCT_PAGE,Cortinas enrollables industriales | Dockman | Marcas ,Soluciones Residenciales,detalle-estatico,No detected in own source/direct includes; content hardcoded,PRODUCT_CONTENT_CANDIDATE,YES,HIGH,,54|89|136,STRONG_INFERENCE,page-source-evidence.json:cortina-plana.php
cortina-serie-600.php,https://puertasyserviciosindustriales.com/cortina-serie-600.php,PRODUCT_PAGE,Cortina serie 600 | Overhead Door | Marcas ,Soluciones Industriales,detalle-estatico,No detected in own source/direct includes; content hardcoded,PRODUCT_CONTENT_CANDIDATE,YES,HIGH,,10|93|127,STRONG_INFERENCE,page-source-evidence.json:cortina-serie-600.php
cortina-serie-610.php,https://puertasyserviciosindustriales.com/cortina-serie-610.php,PRODUCT_PAGE,Cortina serie 610 | Overhead Door | Marcas ,Soluciones Industriales,detalle-estatico,No detected in own source/direct includes; content hardcoded,PRODUCT_CONTENT_CANDIDATE,YES,HIGH,,95,STRONG_INFERENCE,page-source-evidence.json:cortina-serie-610.php
cortina-serie-620.php,https://puertasyserviciosindustriales.com/cortina-serie-620.php,PRODUCT_PAGE,Cortina serie 620 | Overhead Door | Marcas ,Soluciones Industriales,detalle-estatico,No detected in own source/direct includes; content hardcoded,PRODUCT_CONTENT_CANDIDATE,YES,HIGH,Hay paginas equivalentes candidatas; sin fusion ni redirect,7|91,STRONG_INFERENCE,page-source-evidence.json:cortina-serie-620.php
cortina-serie-625.php,https://puertasyserviciosindustriales.com/cortina-serie-625.php,PRODUCT_PAGE,Cortina serie 625 | Overhead Door | Marcas ,Soluciones Industriales,detalle-estatico,No detected in own source/direct includes; content hardcoded,PRODUCT_CONTENT_CANDIDATE,YES,HIGH,,4|87,STRONG_INFERENCE,page-source-evidence.json:cortina-serie-625.php
cortina-serie-630.php,https://puertasyserviciosindustriales.com/cortina-serie-630.php,PRODUCT_PAGE,Cortina serie 630-631-634-635 | Overhead Door | Marcas ,Soluciones Industriales,detalle-estatico,No detected in own source/direct includes; content hardcoded,PRODUCT_CONTENT_CANDIDATE,YES,HIGH,,11|94,STRONG_INFERENCE,page-source-evidence.json:cortina-serie-630.php
cortina-serie-790-cw.php,https://puertasyserviciosindustriales.com/cortina-serie-790-cw.php,PRODUCT_PAGE,Cortina serie 790 CW | Overhead Door | Marcas ,Soluciones Industriales,detalle-estatico,No detected in own source/direct includes; content hardcoded,PRODUCT_CONTENT_CANDIDATE,YES,HIGH,,92,STRONG_INFERENCE,page-source-evidence.json:cortina-serie-790-cw.php
cortinas-enrollables-de-aluminio.php,https://puertasyserviciosindustriales.com/cortinas-enrollables-de-aluminio.php,SEO_LANDING,PSI | Puertas y Servicios Industriales,Soluciones Residenciales,detalle-estatico,No detected in own source/direct includes; content hardcoded,EDITORIAL_CONTENT,YES,HIGH,"Contenido compuesto/de gama; finalidad SEO es inferencia editorial, no dato SQL",,STRONG_INFERENCE,page-source-evidence.json:cortinas-enrollables-de-aluminio.php
cortinas-enrollables-industriales.php,https://puertasyserviciosindustriales.com/cortinas-enrollables-industriales.php,CATEGORY_PAGE,Cortinas enrollables industriales | Soluciones ,Soluciones Residenciales,listado-estatico,No detected in own source/direct includes; content hardcoded,NAVIGATION_CONTENT,YES,HIGH,,,CONFIRMED,page-source-evidence.json:cortinas-enrollables-industriales.php
cortinas-ventiladas-685.php,https://puertasyserviciosindustriales.com/cortinas-ventiladas-685.php,PRODUCT_PAGE,Cortinas ventiladas 685 | Overhead Door | Marcas ,Soluciones Industriales,detalle-estatico,No detected in own source/direct includes; content hardcoded,PRODUCT_CONTENT_CANDIDATE,YES,HIGH,,96|128,STRONG_INFERENCE,page-source-evidence.json:cortinas-ventiladas-685.php
cross-3e.php,https://puertasyserviciosindustriales.com/cross-3e.php,PRODUCT_PAGE,PSI | Puertas y Servicios Industriales,Soluciones Industriales,detalle-estatico,No detected in own source/direct includes; content hardcoded,PRODUCT_CONTENT_CANDIDATE,YES,HIGH,Producto/familia solo en PHP; no hay correspondencia SQL fuerte; MUST preserve content,,STRONG_INFERENCE,page-source-evidence.json:cross-3e.php
detector-de-masas-max-eagle.php,https://puertasyserviciosindustriales.com/detector-de-masas-max-eagle.php,PRODUCT_PAGE,PSI | Puertas y Servicios Industriales,Productos Marca BFT,detalle-estatico,No detected in own source/direct includes; content hardcoded,PRODUCT_CONTENT_CANDIDATE,YES,HIGH,Producto/familia solo en PHP; no hay correspondencia SQL fuerte; MUST preserve content,,STRONG_INFERENCE,page-source-evidence.json:detector-de-masas-max-eagle.php
ditec-neos-y-neos.php,https://puertasyserviciosindustriales.com/ditec-neos-y-neos.php,PRODUCT_PAGE,PSI | Puertas y Servicios Industriales,Soluciones Industriales,detalle-estatico,No detected in own source/direct includes; content hardcoded,PRODUCT_CONTENT_CANDIDATE,YES,HIGH,Producto/familia solo en PHP; no hay correspondencia SQL fuerte; MUST preserve content,,STRONG_INFERENCE,page-source-evidence.json:ditec-neos-y-neos.php
dockman.php,https://puertasyserviciosindustriales.com/dockman.php,BRAND_PAGE,Dockman | Marcas ,Marcas,listado-marca,No detected in own source/direct includes; content hardcoded,BRAND_CONTENT,YES,HIGH,,,CONFIRMED,page-source-evidence.json:dockman.php
dod-automatizacion-compacto-y-potente-para-portones-seccionales-correderos-y-enrollables.php,https://puertasyserviciosindustriales.com/dod-automatizacion-compacto-y-potente-para-portones-seccionales-correderos-y-enrollables.php,PRODUCT_PAGE,PSI | Puertas y Servicios Industriales,"DOD – Automatización compacto y potente para portones seccionales, correderos y enrollables",detalle-estatico,No detected in own source/direct includes; content hardcoded,PRODUCT_CONTENT_CANDIDATE,YES,HIGH,Producto/familia solo en PHP; no hay correspondencia SQL fuerte; MUST preserve content,,STRONG_INFERENCE,page-source-evidence.json:dod-automatizacion-compacto-y-potente-para-portones-seccionales-correderos-y-enrollables.php
doorlock.php,https://puertasyserviciosindustriales.com/doorlock.php,BRAND_PAGE,Doorlock | Marcas ,Marcas,listado-marca,No detected in own source/direct includes; content hardcoded,BRAND_CONTENT,YES,HIGH,,,CONFIRMED,page-source-evidence.json:doorlock.php
dura-glide-20003000-puerta.php,https://puertasyserviciosindustriales.com/dura-glide-20003000-puerta.php,PRODUCT_PAGE,PSI | Puertas y Servicios Industriales,Soluciones Industriales,detalle-estatico,No detected in own source/direct includes; content hardcoded,PRODUCT_CONTENT_CANDIDATE,YES,HIGH,Producto/familia solo en PHP; no hay correspondencia SQL fuerte; MUST preserve content,,STRONG_INFERENCE,page-source-evidence.json:dura-glide-20003000-puerta.php
energy-series-with-intellicore-37171-3-4.php,https://puertasyserviciosindustriales.com/energy-series-with-intellicore-37171-3-4.php,PRODUCT_PAGE,ENERGY SERIES WITH INTELLICORE® 3717 1 3/4″ | Clopay | Marcas ,Soluciones Residenciales,detalle-estatico,No detected in own source/direct includes; content hardcoded,PRODUCT_CONTENT_CANDIDATE,YES,HIGH,,2|17,STRONG_INFERENCE,page-source-evidence.json:energy-series-with-intellicore-37171-3-4.php
energy-series-with-intellicore-3720-3724-3722.php,https://puertasyserviciosindustriales.com/energy-series-with-intellicore-3720-3724-3722.php,PRODUCT_PAGE,ENERGY SERIES WITH INTELLICORE® 3720 /3724 / 3722 | Clopay | Marcas ,Soluciones Residenciales,detalle-estatico,No detected in own source/direct includes; content hardcoded,PRODUCT_CONTENT_CANDIDATE,YES,HIGH,,19|61,STRONG_INFERENCE,page-source-evidence.json:energy-series-with-intellicore-3720-3724-3722.php
enviaContacto.php,https://puertasyserviciosindustriales.com/enviaContacto.php,UTILITY,,,fragment/processor,enviaContacto.php,REVIEW_INTERNAL_FUNCTION,YES,REVIEW,,,CONFIRMED,page-source-evidence.json:enviaContacto.php
equipos-y-accesorios-para-anden-de-carga.php,https://puertasyserviciosindustriales.com/equipos-y-accesorios-para-anden-de-carga.php,CATEGORY_PAGE,Equipos y Accesorios para Anden de Carga | Soluciones comerciales,EQUIPOS Y ACCESORIOS PARA,listado-estatico,No detected in own source/direct includes; content hardcoded,NAVIGATION_CONTENT,YES,HIGH,,,CONFIRMED,page-source-evidence.json:equipos-y-accesorios-para-anden-de-carga.php
estacionamientos.php,https://puertasyserviciosindustriales.com/estacionamientos.php,CATEGORY_PAGE,Estacionamientos | Soluciones comerciales,Soluciones Comerciales,listado-estatico,No detected in own source/direct includes; content hardcoded,NAVIGATION_CONTENT,YES,HIGH,,,CONFIRMED,page-source-evidence.json:estacionamientos.php
fast-seal-high-performance-door.php,https://puertasyserviciosindustriales.com/fast-seal-high-performance-door.php,PRODUCT_PAGE,Fast-Seal® High Performance Door | Rytec | Marcas ,Soluciones Industriales,detalle-estatico,No detected in own source/direct includes; content hardcoded,PRODUCT_CONTENT_CANDIDATE,YES,HIGH,,36|101,STRONG_INFERENCE,page-source-evidence.json:fast-seal-high-performance-door.php
fire-rated-doors-firestar-models-700-700c.php,https://puertasyserviciosindustriales.com/fire-rated-doors-firestar-models-700-700c.php,PRODUCT_PAGE,Fire Rated Doors FireStar® Models 700 & 700c | Wayne Dalton | Marcas ,Soluciones Industriales,detalle-estatico,No detected in own source/direct includes; content hardcoded,PRODUCT_CONTENT_CANDIDATE,YES,HIGH,,13|99,STRONG_INFERENCE,page-source-evidence.json:fire-rated-doors-firestar-models-700-700c.php
footer.php,https://puertasyserviciosindustriales.com/footer.php,LEGACY_INTERNAL,,,fragment/processor,No detected in own source/direct includes; content hardcoded,REVIEW_INTERNAL_FUNCTION,REVIEW,REVIEW,,,CONFIRMED,page-source-evidence.json:footer.php
footerv1.php,https://puertasyserviciosindustriales.com/footerv1.php,LEGACY_INTERNAL,,,fragment/processor,footerv1.php,REVIEW_INTERNAL_FUNCTION,REVIEW,REVIEW,,,CONFIRMED,page-source-evidence.json:footerv1.php
fotoceldas.php,https://puertasyserviciosindustriales.com/fotoceldas.php,PRODUCT_PAGE,PSI | Puertas y Servicios Industriales,Productos Marca BFT,detalle-estatico,No detected in own source/direct includes; content hardcoded,PRODUCT_CONTENT_CANDIDATE,YES,HIGH,Producto/familia solo en PHP; no hay correspondencia SQL fuerte; MUST preserve content,,STRONG_INFERENCE,page-source-evidence.json:fotoceldas.php
fraccionamientos-y-condominios.php,https://puertasyserviciosindustriales.com/fraccionamientos-y-condominios.php,CATEGORY_PAGE,Fraccionamientos y Condominios | Soluciones ,Soluciones Comerciales,listado-estatico,No detected in own source/direct includes; content hardcoded,NAVIGATION_CONTENT,YES,HIGH,,,CONFIRMED,page-source-evidence.json:fraccionamientos-y-condominios.php
glg-porte-industriali.php,https://puertasyserviciosindustriales.com/glg-porte-industriali.php,BRAND_PAGE,GLG Porte Industriali | Marcas ,Marcas,listado-marca,No detected in own source/direct includes; content hardcoded,BRAND_CONTENT,YES,HIGH,,,CONFIRMED,page-source-evidence.json:glg-porte-industriali.php
gol-transmisores-de-cuatro-canales.php,https://puertasyserviciosindustriales.com/gol-transmisores-de-cuatro-canales.php,PRODUCT_PAGE,PSI | Puertas y Servicios Industriales,Productos Marca BFT,detalle-estatico,No detected in own source/direct includes; content hardcoded,PRODUCT_CONTENT_CANDIDATE,YES,HIGH,Producto/familia solo en PHP; no hay correspondencia SQL fuerte; MUST preserve content,,STRONG_INFERENCE,page-source-evidence.json:gol-transmisores-de-cuatro-canales.php
header.php,https://puertasyserviciosindustriales.com/header.php,LEGACY_INTERNAL,,,fragment/processor,No detected in own source/direct includes; content hardcoded,REVIEW_INTERNAL_FUNCTION,REVIEW,REVIEW,,,CONFIRMED,page-source-evidence.json:header.php
headerv1.php,https://puertasyserviciosindustriales.com/headerv1.php,LEGACY_INTERNAL,,,fragment/processor,headerv1.php|system/common.php,REVIEW_INTERNAL_FUNCTION,REVIEW,REVIEW,,,CONFIRMED,page-source-evidence.json:headerv1.php
icaro-smart.php,https://puertasyserviciosindustriales.com/icaro-smart.php,PRODUCT_PAGE,ICARO SMART AC A2000 120 | BFT | Marcas ,Soluciones Industriales,detalle-estatico,No detected in own source/direct includes; content hardcoded,PRODUCT_CONTENT_CANDIDATE,YES,HIGH,,49|76|124|126,STRONG_INFERENCE,page-source-evidence.json:icaro-smart.php
iconos-marcas.php,https://puertasyserviciosindustriales.com/iconos-marcas.php,LEGACY_INTERNAL,,,fragment/processor,No detected in own source/direct includes; content hardcoded,REVIEW_INTERNAL_FUNCTION,REVIEW,REVIEW,,,CONFIRMED,page-source-evidence.json:iconos-marcas.php
iconos-marcasv1.php,https://puertasyserviciosindustriales.com/iconos-marcasv1.php,LEGACY_INTERNAL,,,fragment/processor,iconos-marcasv1.php,REVIEW_INTERNAL_FUNCTION,REVIEW,REVIEW,,,CONFIRMED,page-source-evidence.json:iconos-marcasv1.php
index-estatico.php,https://puertasyserviciosindustriales.com/index-estatico.php,INSTITUTIONAL_PAGE,PSI | Puertas y Servicios Industriales,"Bienvenidos a nuestro sitio web .|Venta, instalación y mantenimiento de puertas automáticas|Venta, instalación y mantenimiento de rampas para Taller o Niveladoras de Andén|Venta, instalación y mantenimiento de rampas para Taller o Niveladoras de Andén",inicio,No detected in own source/direct includes; content hardcoded,EDITORIAL_CONTENT,YES,HIGH,"Variante historica aparente; URL se conserva pendiente trafico, no declarada obsoleta",,CONFIRMED,page-source-evidence.json:index-estatico.php
index-resp.php,https://puertasyserviciosindustriales.com/index-resp.php,INSTITUTIONAL_PAGE,PSI | Puertas y Servicios Industriales,"Bienvenidos a nuestro sitio web .|Venta, instalación y mantenimiento de puertas automáticas|Venta, instalación y mantenimiento de rampas para Taller o Niveladoras de Andén",inicio,No detected in own source/direct includes; content hardcoded,EDITORIAL_CONTENT,YES,HIGH,"Variante historica aparente; URL se conserva pendiente trafico, no declarada obsoleta",,CONFIRMED,page-source-evidence.json:index-resp.php
index.php,https://puertasyserviciosindustriales.com/index.php,INSTITUTIONAL_PAGE,PSI | Puertas y Servicios Industriales,"Bienvenidos a nuestro sitio web .|Venta, instalación y mantenimiento de puertas automáticas|Venta, instalación y mantenimiento de rampas para Taller o Niveladoras de Andén|Venta, instalación y mantenimiento de rampas para Taller o Niveladoras de Andén",inicio,index.php|headerv1.php|iconos-marcasv1.php|footerv1.php,EDITORIAL_CONTENT,YES,HIGH,,,CONFIRMED,page-source-evidence.json:index.php
industrial.php,https://puertasyserviciosindustriales.com/industrial.php,CATEGORY_PAGE,Industriales | Soluciones ,Soluciones,listado-estatico,No detected in own source/direct includes; content hardcoded,NAVIGATION_CONTENT,YES,HIGH,,,CONFIRMED,page-source-evidence.json:industrial.php
infraca-quality-doors.php,https://puertasyserviciosindustriales.com/infraca-quality-doors.php,BRAND_PAGE,Infraca Quality Doors | Marcas ,Marcas,listado-marca,No detected in own source/direct includes; content hardcoded,BRAND_CONTENT,YES,HIGH,,,CONFIRMED,page-source-evidence.json:infraca-quality-doors.php
kelley.php,https://puertasyserviciosindustriales.com/kelley.php,BRAND_PAGE,Kelley | Marcas ,Marcas,listado-marca,No detected in own source/direct includes; content hardcoded,BRAND_CONTENT,YES,HIGH,,,CONFIRMED,page-source-evidence.json:kelley.php
kronos-puertas-rapidas-de-sectores-modulares-autorreparable.php,https://puertasyserviciosindustriales.com/kronos-puertas-rapidas-de-sectores-modulares-autorreparable.php,PRODUCT_PAGE,ALUMINA – Puertas rápidas autorreparable | GLG Porte Industriali | Marcas ,Soluciones Industriales,detalle-estatico,No detected in own source/direct includes; content hardcoded,PRODUCT_CONTENT_CANDIDATE,YES,HIGH,,41|106,STRONG_INFERENCE,page-source-evidence.json:kronos-puertas-rapidas-de-sectores-modulares-autorreparable.php
lab-4-fotocelulas-de-rayos-infrarrojos.php,https://puertasyserviciosindustriales.com/lab-4-fotocelulas-de-rayos-infrarrojos.php,PRODUCT_PAGE,PSI | Puertas y Servicios Industriales,Productos Marca BFT,detalle-estatico,No detected in own source/direct includes; content hardcoded,PRODUCT_CONTENT_CANDIDATE,YES,HIGH,Producto/familia solo en PHP; no hay correspondencia SQL fuerte; MUST preserve content,,STRONG_INFERENCE,page-source-evidence.json:lab-4-fotocelulas-de-rayos-infrarrojos.php
lab-9-detectores-de-volumen-de-metal-loop.php,https://puertasyserviciosindustriales.com/lab-9-detectores-de-volumen-de-metal-loop.php,PRODUCT_PAGE,PSI | Puertas y Servicios Industriales,Productos Marca BFT,detalle-estatico,No detected in own source/direct includes; content hardcoded,PRODUCT_CONTENT_CANDIDATE,YES,HIGH,Producto/familia solo en PHP; no hay correspondencia SQL fuerte; MUST preserve content,,STRONG_INFERENCE,page-source-evidence.json:lab-9-detectores-de-volumen-de-metal-loop.php
labio-de-elevacion-mecanico-dockman.php,https://puertasyserviciosindustriales.com/labio-de-elevacion-mecanico-dockman.php,PRODUCT_PAGE,Labio de elevación mecánico | Dockman | Marcas ,Soluciones Industriales,detalle-estatico,No detected in own source/direct includes; content hardcoded,PRODUCT_CONTENT_CANDIDATE,YES,HIGH,,51|143,STRONG_INFERENCE,page-source-evidence.json:labio-de-elevacion-mecanico-dockman.php
labio-elevacion-anden-carga.php,https://puertasyserviciosindustriales.com/labio-elevacion-anden-carga.php,CATEGORY_PAGE,Labio de elevación | Equipos y Accesorios para Anden de Carga ,Equipos y Accesorios para Anden de Carga,listado-estatico,No detected in own source/direct includes; content hardcoded,NAVIGATION_CONTENT,YES,HIGH,,,CONFIRMED,page-source-evidence.json:labio-elevacion-anden-carga.php
lan-4-sistema-de-teclado-con-combinacion-digital.php,https://puertasyserviciosindustriales.com/lan-4-sistema-de-teclado-con-combinacion-digital.php,PRODUCT_PAGE,PSI | Puertas y Servicios Industriales,Productos Marca BFT,detalle-estatico,No detected in own source/direct includes; content hardcoded,PRODUCT_CONTENT_CANDIDATE,YES,HIGH,Producto/familia solo en PHP; no hay correspondencia SQL fuerte; MUST preserve content,,STRONG_INFERENCE,page-source-evidence.json:lan-4-sistema-de-teclado-con-combinacion-digital.php
lan-7-sistema-de-mando-de-proximidad-de-tarjetas-con-tecnologia-transponder.php,https://puertasyserviciosindustriales.com/lan-7-sistema-de-mando-de-proximidad-de-tarjetas-con-tecnologia-transponder.php,PRODUCT_PAGE,PSI | Puertas y Servicios Industriales,Productos Marca BFT,detalle-estatico,No detected in own source/direct includes; content hardcoded,PRODUCT_CONTENT_CANDIDATE,YES,HIGH,Producto/familia solo en PHP; no hay correspondencia SQL fuerte; MUST preserve content,,STRONG_INFERENCE,page-source-evidence.json:lan-7-sistema-de-mando-de-proximidad-de-tarjetas-con-tecnologia-transponder.php
lift-master-mod-h.php,https://puertasyserviciosindustriales.com/lift-master-mod-h.php,PRODUCT_PAGE,Lift Master Mod H | Blue Giant | Marcas ,Soluciones Industriales,detalle-estatico,No detected in own source/direct includes; content hardcoded,PRODUCT_CONTENT_CANDIDATE,YES,HIGH,Hay paginas equivalentes candidatas; sin fusion ni redirect,43|81,STRONG_INFERENCE,page-source-evidence.json:lift-master-mod-h.php
lift-master.php,https://puertasyserviciosindustriales.com/lift-master.php,BRAND_PAGE,LiftMaster | Marcas ,Marcas,listado-marca,No detected in own source/direct includes; content hardcoded,BRAND_CONTENT,YES,HIGH,,,CONFIRMED,page-source-evidence.json:lift-master.php
liftmaster-modh.php,https://puertasyserviciosindustriales.com/liftmaster-modh.php,PRODUCT_PAGE,PSI | Puertas y Servicios Industriales,Soluciones Industriales,detalle-estatico,No detected in own source/direct includes; content hardcoded,PRODUCT_CONTENT_CANDIDATE,YES,HIGH,,43|81,STRONG_INFERENCE,page-source-evidence.json:liftmaster-modh.php
light-communication-system-lcs.php,https://puertasyserviciosindustriales.com/light-communication-system-lcs.php,PRODUCT_PAGE,PSI | Puertas y Servicios Industriales,Semaforos y señalizaciones para anden,detalle-estatico,No detected in own source/direct includes; content hardcoded,PRODUCT_CONTENT_CANDIDATE,YES,HIGH,Producto/familia solo en PHP; no hay correspondencia SQL fuerte; MUST preserve content,,STRONG_INFERENCE,page-source-evidence.json:light-communication-system-lcs.php
links-menu-marcas.php,https://puertasyserviciosindustriales.com/links-menu-marcas.php,LEGACY_INTERNAL,,,fragment/processor,No detected in own source/direct includes; content hardcoded,REVIEW_INTERNAL_FUNCTION,REVIEW,REVIEW,,,CONFIRMED,page-source-evidence.json:links-menu-marcas.php
links-menu-marcasv1.php,https://puertasyserviciosindustriales.com/links-menu-marcasv1.php,LEGACY_INTERNAL,,,fragment/processor,links-menu-marcasv1.php,REVIEW_INTERNAL_FUNCTION,REVIEW,REVIEW,,,CONFIRMED,page-source-evidence.json:links-menu-marcasv1.php
links-menu.php,https://puertasyserviciosindustriales.com/links-menu.php,LEGACY_INTERNAL,,,fragment/processor,No detected in own source/direct includes; content hardcoded,REVIEW_INTERNAL_FUNCTION,REVIEW,REVIEW,,,CONFIRMED,page-source-evidence.json:links-menu.php
links-menuv1.php,https://puertasyserviciosindustriales.com/links-menuv1.php,LEGACY_INTERNAL,,,fragment/processor,links-menuv1.php,REVIEW_INTERNAL_FUNCTION,REVIEW,REVIEW,,,CONFIRMED,page-source-evidence.json:links-menuv1.php
lux-2b-y-lux-gv-piston-hidraulico-para-puerta-abatible.php,https://puertasyserviciosindustriales.com/lux-2b-y-lux-gv-piston-hidraulico-para-puerta-abatible.php,PRODUCT_PAGE,LUX 2B y Lux GV Piston hidraulico para puerta abatible | BFT | Marcas ,Soluciones Industriales,detalle-estatico,No detected in own source/direct includes; content hardcoded,PRODUCT_CONTENT_CANDIDATE,YES,HIGH,,48|79|112,STRONG_INFERENCE,page-source-evidence.json:lux-2b-y-lux-gv-piston-hidraulico-para-puerta-abatible.php
luxo-robusto-e-incansable-para-servicios-intensivos-para-hojas-de-hasta-5-m.php,https://puertasyserviciosindustriales.com/luxo-robusto-e-incansable-para-servicios-intensivos-para-hojas-de-hasta-5-m.php,PRODUCT_PAGE,PSI | Puertas y Servicios Industriales,"PWR Robusto e incansable, para servicios intensivos, para hojas de hasta 5 mts",detalle-estatico,No detected in own source/direct includes; content hardcoded,PRODUCT_CONTENT_CANDIDATE,YES,HIGH,Producto/familia solo en PHP; no hay correspondencia SQL fuerte; MUST preserve content,,STRONG_INFERENCE,page-source-evidence.json:luxo-robusto-e-incansable-para-servicios-intensivos-para-hojas-de-hasta-5-m.php
magic-fuerza-del-operador.php,https://puertasyserviciosindustriales.com/magic-fuerza-del-operador.php,PRODUCT_PAGE,PSI | Puertas y Servicios Industriales,Soluciones Industriales,detalle-estatico,No detected in own source/direct includes; content hardcoded,PRODUCT_CONTENT_CANDIDATE,YES,HIGH,Producto/familia solo en PHP; no hay correspondencia SQL fuerte; MUST preserve content,,STRONG_INFERENCE,page-source-evidence.json:magic-fuerza-del-operador.php
marcas.php,https://puertasyserviciosindustriales.com/marcas.php,CATEGORY_PAGE,PSI | Puertas y Servicios Industriales,Soluciones,marcas-estaticas,No detected in own source/direct includes; content hardcoded,NAVIGATION_CONTENT,YES,HIGH,"Directorio de marcas; CATEGORY_PAGE es contenedor segun vocabulario solicitado, no categoria tecnica",,CONFIRMED,page-source-evidence.json:marcas.php
marcasv1.php,https://puertasyserviciosindustriales.com/marcasv1.php,CATEGORY_PAGE,PSI | Puertas y Servicios Industriales,Soluciones,marcas-dinamicas,marcasv1.php|headerv1.php,NAVIGATION_CONTENT,YES,HIGH,"Directorio de marcas; CATEGORY_PAGE es contenedor segun vocabulario solicitado, no categoria tecnica",,CONFIRMED,page-source-evidence.json:marcasv1.php
menu-marcas.php,https://puertasyserviciosindustriales.com/menu-marcas.php,LEGACY_INTERNAL,,,fragment/processor,No detected in own source/direct includes; content hardcoded,REVIEW_INTERNAL_FUNCTION,REVIEW,REVIEW,,,CONFIRMED,page-source-evidence.json:menu-marcas.php
menu-marcasv1.php,https://puertasyserviciosindustriales.com/menu-marcasv1.php,LEGACY_INTERNAL,,,fragment/processor,links-menu-marcasv1.php,REVIEW_INTERNAL_FUNCTION,REVIEW,REVIEW,,,CONFIRMED,page-source-evidence.json:menu-marcasv1.php
menu-seccionales.php,https://puertasyserviciosindustriales.com/menu-seccionales.php,LEGACY_INTERNAL,,,fragment/processor,No detected in own source/direct includes; content hardcoded,REVIEW_INTERNAL_FUNCTION,REVIEW,REVIEW,,,CONFIRMED,page-source-evidence.json:menu-seccionales.php
menu-soluciones.php,https://puertasyserviciosindustriales.com/menu-soluciones.php,LEGACY_INTERNAL,,,fragment/processor,No detected in own source/direct includes; content hardcoded,REVIEW_INTERNAL_FUNCTION,REVIEW,REVIEW,,,CONFIRMED,page-source-evidence.json:menu-soluciones.php
menu-solucionesv1.php,https://puertasyserviciosindustriales.com/menu-solucionesv1.php,LEGACY_INTERNAL,,,fragment/processor,links-menuv1.php,REVIEW_INTERNAL_FUNCTION,REVIEW,REVIEW,,,CONFIRMED,page-source-evidence.json:menu-solucionesv1.php
nosotros.php,https://puertasyserviciosindustriales.com/nosotros.php,INSTITUTIONAL_PAGE,Nosotros | Quiénes somos ,Nosotros,nosotros,headerv1.php,EDITORIAL_CONTENT,YES,HIGH,,,CONFIRMED,page-source-evidence.json:nosotros.php
operador-comercial-rhx.php,https://puertasyserviciosindustriales.com/operador-comercial-rhx.php,PRODUCT_PAGE,Operador comercial RHX | Overhead Door | Marcas ,Soluciones Industriales,detalle-estatico,No detected in own source/direct includes; content hardcoded,PRODUCT_CONTENT_CANDIDATE,YES,HIGH,,12|82,STRONG_INFERENCE,page-source-evidence.json:operador-comercial-rhx.php
operador-para-cortina-enrrollable-rsx.php,https://puertasyserviciosindustriales.com/operador-para-cortina-enrrollable-rsx.php,PRODUCT_PAGE,Operador para cortina enrrollable RSX | Overhead Door | Marcas ,Soluciones Industriales,detalle-estatico,No detected in own source/direct includes; content hardcoded,PRODUCT_CONTENT_CANDIDATE,YES,HIGH,,86,STRONG_INFERENCE,page-source-evidence.json:operador-para-cortina-enrrollable-rsx.php
operador-para-perfilados-comerciales-jst.php,https://puertasyserviciosindustriales.com/operador-para-perfilados-comerciales-jst.php,PRODUCT_PAGE,Operador de puerta comercial RHX ® | Overhead Door | Marcas ,Soluciones Industriales,detalle-estatico,No detected in own source/direct includes; content hardcoded,PRODUCT_CONTENT_CANDIDATE,YES,HIGH,,77,STRONG_INFERENCE,page-source-evidence.json:operador-para-perfilados-comerciales-jst.php
operador-para-perfilados-comerciales-sel.php,https://puertasyserviciosindustriales.com/operador-para-perfilados-comerciales-sel.php,PRODUCT_PAGE,Operador de puerta comercial RMX ® | Overhead Door | Marcas ,Soluciones Industriales,detalle-estatico,No detected in own source/direct includes; content hardcoded,PRODUCT_CONTENT_CANDIDATE,YES,HIGH,,78|84,STRONG_INFERENCE,page-source-evidence.json:operador-para-perfilados-comerciales-sel.php
operadores-para-puerta-abatible.php,https://puertasyserviciosindustriales.com/operadores-para-puerta-abatible.php,CATEGORY_PAGE,Operadores para puertas corredizas residenciales | Operadores para puerta abatible ,Soluciones,listado-estatico,No detected in own source/direct includes; content hardcoded,NAVIGATION_CONTENT,YES,HIGH,,,CONFIRMED,page-source-evidence.json:operadores-para-puerta-abatible.php
operadores-para-puerta-corrediza-industrial.php,https://puertasyserviciosindustriales.com/operadores-para-puerta-corrediza-industrial.php,CATEGORY_PAGE,Operadores para puertas corredizas industriales | Soluciones ,Soluciones,listado-estatico,No detected in own source/direct includes; content hardcoded,NAVIGATION_CONTENT,YES,HIGH,,,CONFIRMED,page-source-evidence.json:operadores-para-puerta-corrediza-industrial.php
operadores-para-puertas-ascendentes.php,https://puertasyserviciosindustriales.com/operadores-para-puertas-ascendentes.php,CATEGORY_PAGE,Operadores para puertas automáticas ascendentes residenciales | Operadores para puertas ascendentes ,Soluciones Residenciales,listado-estatico,No detected in own source/direct includes; content hardcoded,NAVIGATION_CONTENT,YES,HIGH,,,CONFIRMED,page-source-evidence.json:operadores-para-puertas-ascendentes.php
operadores-para-puertas-corredizas-residenciales.php,https://puertasyserviciosindustriales.com/operadores-para-puertas-corredizas-residenciales.php,CATEGORY_PAGE,Operadores para puertas corredizas residenciales | Operadores para puerta corrediza ,Soluciones,listado-estatico,No detected in own source/direct includes; content hardcoded,NAVIGATION_CONTENT,YES,HIGH,,,CONFIRMED,page-source-evidence.json:operadores-para-puertas-corredizas-residenciales.php
operadores-para-puertas-de-mostrador-cdo.php,https://puertasyserviciosindustriales.com/operadores-para-puertas-de-mostrador-cdo.php,PRODUCT_PAGE,Operador de puerta comercial CDX ® | Overhead Door | Marcas ,Soluciones Industriales,detalle-estatico,No detected in own source/direct includes; content hardcoded,PRODUCT_CONTENT_CANDIDATE,YES,HIGH,,85,STRONG_INFERENCE,page-source-evidence.json:operadores-para-puertas-de-mostrador-cdo.php
operadores-puerta-abatible-industrial.php,https://puertasyserviciosindustriales.com/operadores-puerta-abatible-industrial.php,CATEGORY_PAGE,Operadores para puertas corredizas industriales | Soluciones ,Soluciones,listado-estatico,No detected in own source/direct includes; content hardcoded,NAVIGATION_CONTENT,YES,HIGH,,,CONFIRMED,page-source-evidence.json:operadores-puerta-abatible-industrial.php
operadores-puerta-abatible.php,https://puertasyserviciosindustriales.com/operadores-puerta-abatible.php,SEO_LANDING,Operadores para puertas abatibles | Overhead Door | Marcas ,Soluciones Residenciales,detalle-estatico,No detected in own source/direct includes; content hardcoded,EDITORIAL_CONTENT,YES,HIGH,"Contenido compuesto/de gama; finalidad SEO es inferencia editorial, no dato SQL",,STRONG_INFERENCE,page-source-evidence.json:operadores-puerta-abatible.php
operadores-puerta-corrediza-residencial.php,https://puertasyserviciosindustriales.com/operadores-puerta-corrediza-residencial.php,SEO_LANDING,Operadores para puertas corredizas residenciales | Overhead Door | Marcas ,Soluciones Residenciales,detalle-estatico,No detected in own source/direct includes; content hardcoded,EDITORIAL_CONTENT,YES,HIGH,"Contenido compuesto/de gama; finalidad SEO es inferencia editorial, no dato SQL",,STRONG_INFERENCE,page-source-evidence.json:operadores-puerta-corrediza-residencial.php
operadores-puertas-ascendentes.php,https://puertasyserviciosindustriales.com/operadores-puertas-ascendentes.php,SEO_LANDING,Operadores para puertas automáticas ascendentes | Overhead Door | Marcas ,Soluciones Residenciales,detalle-estatico,No detected in own source/direct includes; content hardcoded,EDITORIAL_CONTENT,YES,HIGH,"Contenido compuesto/de gama; finalidad SEO es inferencia editorial, no dato SQL",,STRONG_INFERENCE,page-source-evidence.json:operadores-puertas-ascendentes.php
operadores-puertas-seccionales-cortinas.php,https://puertasyserviciosindustriales.com/operadores-puertas-seccionales-cortinas.php,CATEGORY_PAGE,Operadores para puertas automáticas seccionales y cortinas | Soluciones ,Soluciones,listado-estatico,No detected in own source/direct includes; content hardcoded,NAVIGATION_CONTENT,YES,HIGH,,,CONFIRMED,page-source-evidence.json:operadores-puertas-seccionales-cortinas.php
overhead-door.php,https://puertasyserviciosindustriales.com/overhead-door.php,BRAND_PAGE,Overhead Door | Marcas ,Marcas,listado-marca,No detected in own source/direct includes; content hardcoded,BRAND_CONTENT,YES,HIGH,,,CONFIRMED,page-source-evidence.json:overhead-door.php
p45-7-piston-hidraulico-para-puerta-abatible.php,https://puertasyserviciosindustriales.com/p45-7-piston-hidraulico-para-puerta-abatible.php,PRODUCT_PAGE,"P4,5-7 Piston Hidraulico para puerta abatible | BFT | Marcas ",Soluciones Industriales,detalle-estatico,No detected in own source/direct includes; content hardcoded,PRODUCT_CONTENT_CANDIDATE,YES,HIGH,,47|80|113,STRONG_INFERENCE,page-source-evidence.json:p45-7-piston-hidraulico-para-puerta-abatible.php
pas-sensores-volumetricos.php,https://puertasyserviciosindustriales.com/pas-sensores-volumetricos.php,PRODUCT_PAGE,PSI | Puertas y Servicios Industriales,Productos Marca BFT,detalle-estatico,No detected in own source/direct includes; content hardcoded,PRODUCT_CONTENT_CANDIDATE,YES,HIGH,Producto/familia solo en PHP; no hay correspondencia SQL fuerte; MUST preserve content,,STRONG_INFERENCE,page-source-evidence.json:pas-sensores-volumetricos.php
phobos-n-piston-electromecanico.php,https://puertasyserviciosindustriales.com/phobos-n-piston-electromecanico.php,PRODUCT_PAGE,PHOBOS N Piston Electromecanico | BFT | Marcas ,Soluciones Industriales,detalle-estatico,No detected in own source/direct includes; content hardcoded,PRODUCT_CONTENT_CANDIDATE,YES,HIGH,,46|111,STRONG_INFERENCE,page-source-evidence.json:phobos-n-piston-electromecanico.php
politica-privacidad.php,https://puertasyserviciosindustriales.com/politica-privacidad.php,INSTITUTIONAL_PAGE,PSI | Puertas y Servicios Industriales,,politica-privacidad,No detected in own source/direct includes; content hardcoded,EDITORIAL_CONTENT,YES,HIGH,,,CONFIRMED,page-source-evidence.json:politica-privacidad.php
predadoor-nxt-door.php,https://puertasyserviciosindustriales.com/predadoor-nxt-door.php,PRODUCT_PAGE,PredaDoor® NXT® Door | Rytec | Marcas ,Soluciones Industriales,detalle-estatico,No detected in own source/direct includes; content hardcoded,PRODUCT_CONTENT_CANDIDATE,YES,HIGH,,37|102,STRONG_INFERENCE,page-source-evidence.json:predadoor-nxt-door.php
productos.php,https://puertasyserviciosindustriales.com/productos.php,UTILITY,,,controlador-productos,productos.php|system/common.php,REVIEW_INTERNAL_FUNCTION,YES,REVIEW,,,CONFIRMED,page-source-evidence.json:productos.php
puert-seccional-de-acero-sin-aislamiento-430-uso-medio.php,https://puertasyserviciosindustriales.com/puert-seccional-de-acero-sin-aislamiento-430-uso-medio.php,PRODUCT_PAGE,Puerta seccional de acero sin aislamiento 430 (uso medio) | Overhead Door | Marcas ,Puertas seccionales de acero,detalle-estatico,No detected in own source/direct includes; content hardcoded,PRODUCT_CONTENT_CANDIDATE,YES,HIGH,,66,STRONG_INFERENCE,page-source-evidence.json:puert-seccional-de-acero-sin-aislamiento-430-uso-medio.php
puerta-contra-explosion.php,https://puertasyserviciosindustriales.com/puerta-contra-explosion.php,PRODUCT_PAGE,Puerta contra explosion | Doorlock | Marcas ,Soluciones Industriales,detalle-estatico,No detected in own source/direct includes; content hardcoded,PRODUCT_CONTENT_CANDIDATE,YES,HIGH,,26|117,STRONG_INFERENCE,page-source-evidence.json:puerta-contra-explosion.php
puerta-contra-incendio.php,https://puertasyserviciosindustriales.com/puerta-contra-incendio.php,CATEGORY_PAGE,Puertas contra incendios | PUERTAS PEATONALES ,PUERTAS PEATONALES,listado-estatico,No detected in own source/direct includes; content hardcoded,NAVIGATION_CONTENT,YES,HIGH,,,CONFIRMED,page-source-evidence.json:puerta-contra-incendio.php
puerta-de-acero-acanalado-modelos-524.php,https://puertasyserviciosindustriales.com/puerta-de-acero-acanalado-modelos-524.php,PRODUCT_PAGE,"Puerta de acero acanalado modelos 524, 524V, 524S | Clopay | Marcas ",Soluciones Residenciales,detalle-estatico,No detected in own source/direct includes; content hardcoded,PRODUCT_CONTENT_CANDIDATE,YES,HIGH,Hay paginas equivalentes candidatas; sin fusion ni redirect,18|58,STRONG_INFERENCE,page-source-evidence.json:puerta-de-acero-acanalado-modelos-524.php
puerta-de-acero-acanalado.php,https://puertasyserviciosindustriales.com/puerta-de-acero-acanalado.php,PRODUCT_PAGE,PSI | Puertas y Servicios Industriales,Soluciones Residenciales,detalle-estatico,No detected in own source/direct includes; content hardcoded,PRODUCT_CONTENT_CANDIDATE,YES,HIGH,,18|58,STRONG_INFERENCE,page-source-evidence.json:puerta-de-acero-acanalado.php
puerta-estandar-reforzada.php,https://puertasyserviciosindustriales.com/puerta-estandar-reforzada.php,PRODUCT_PAGE,Puerta estándar reforzada | Doorlock | Marcas ,Soluciones Industriales,detalle-estatico,No detected in own source/direct includes; content hardcoded,PRODUCT_CONTENT_CANDIDATE,YES,HIGH,,32|120|132,STRONG_INFERENCE,page-source-evidence.json:puerta-estandar-reforzada.php
puerta-estandar.php,https://puertasyserviciosindustriales.com/puerta-estandar.php,PRODUCT_PAGE,Puerta estándar | Doorlock | Marcas ,Soluciones Industriales,detalle-estatico,No detected in own source/direct includes; content hardcoded,PRODUCT_CONTENT_CANDIDATE,YES,HIGH,,31|119|131,STRONG_INFERENCE,page-source-evidence.json:puerta-estandar.php
puerta-holandesa.php,https://puertasyserviciosindustriales.com/puerta-holandesa.php,PRODUCT_PAGE,Puerta Holandesa | Doorlock | Marcas ,Soluciones Industriales,detalle-estatico,No detected in own source/direct includes; content hardcoded,PRODUCT_CONTENT_CANDIDATE,YES,HIGH,,33|122|133,STRONG_INFERENCE,page-source-evidence.json:puerta-holandesa.php
puerta-para-hospital.php,https://puertasyserviciosindustriales.com/puerta-para-hospital.php,PRODUCT_PAGE,Puerta para hospital | Doorlock | Marcas ,Soluciones Industriales,detalle-estatico,No detected in own source/direct includes; content hardcoded,PRODUCT_CONTENT_CANDIDATE,YES,HIGH,,34,STRONG_INFERENCE,page-source-evidence.json:puerta-para-hospital.php
puerta-seccionabl-acero-perfiles-422-uso-pesado.php,https://puertasyserviciosindustriales.com/puerta-seccionabl-acero-perfiles-422-uso-pesado.php,PRODUCT_PAGE,Puertas seccionales de acero perfiles 422 (uso pesado) | Overhead Door | Marcas ,Puertas seccionales de acero,detalle-estatico,No detected in own source/direct includes; content hardcoded,PRODUCT_CONTENT_CANDIDATE,YES,HIGH,,69,STRONG_INFERENCE,page-source-evidence.json:puerta-seccionabl-acero-perfiles-422-uso-pesado.php
puerta-seccional-de-acero-perfiles-418.php,https://puertasyserviciosindustriales.com/puerta-seccional-de-acero-perfiles-418.php,PRODUCT_PAGE,Puerta seccional de aluminio 418 | Overhead Door | Marcas ,Puertas seccionales de,detalle-estatico,No detected in own source/direct includes; content hardcoded,PRODUCT_CONTENT_CANDIDATE,YES,HIGH,,68,STRONG_INFERENCE,page-source-evidence.json:puerta-seccional-de-acero-perfiles-418.php
puerta-seccional-de-acero-perfiles-432-uso-medio.php,https://puertasyserviciosindustriales.com/puerta-seccional-de-acero-perfiles-432-uso-medio.php,PRODUCT_PAGE,Puertas seccionales de acero perfiles 432 (uso medio) | Overhead Door | Marcas ,Puertas seccionales de acero,detalle-estatico,No detected in own source/direct includes; content hardcoded,PRODUCT_CONTENT_CANDIDATE,YES,HIGH,,71,STRONG_INFERENCE,page-source-evidence.json:puerta-seccional-de-acero-perfiles-432-uso-medio.php
puerta-seccional-de-acero-sin-aislamiento-416-uso-muy-pesado.php,https://puertasyserviciosindustriales.com/puerta-seccional-de-acero-sin-aislamiento-416-uso-muy-pesado.php,PRODUCT_PAGE,Puertas seccionales de acero sin aislamiento 416 (uso muy pesado) | Overhead Door | Marcas ,Puertas seccionales de acero,detalle-estatico,No detected in own source/direct includes; content hardcoded,PRODUCT_CONTENT_CANDIDATE,YES,HIGH,,63,STRONG_INFERENCE,page-source-evidence.json:puerta-seccional-de-acero-sin-aislamiento-416-uso-muy-pesado.php
puerta-seccional-de-acero-sin-aislamiento-424-uso-pesado.php,https://puertasyserviciosindustriales.com/puerta-seccional-de-acero-sin-aislamiento-424-uso-pesado.php,PRODUCT_PAGE,Puerta seccional de acero sin aislamiento 424 (uso pesado) | Overhead Door | Marcas ,Puertas seccionales de acero,detalle-estatico,No detected in own source/direct includes; content hardcoded,PRODUCT_CONTENT_CANDIDATE,YES,HIGH,,65,STRONG_INFERENCE,page-source-evidence.json:puerta-seccional-de-acero-sin-aislamiento-424-uso-pesado.php
puerta-seccional-de-acero-thermacore-593-uso-medio.php,https://puertasyserviciosindustriales.com/puerta-seccional-de-acero-thermacore-593-uso-medio.php,PRODUCT_PAGE,Puertas seccionales de acero Thermacore 593 (uso medio) | Overhead Door | Marcas ,Puertas seccionales de acero,detalle-estatico,No detected in own source/direct includes; content hardcoded,PRODUCT_CONTENT_CANDIDATE,YES,HIGH,,72,STRONG_INFERENCE,page-source-evidence.json:puerta-seccional-de-acero-thermacore-593-uso-medio.php
puerta-seccional-de-acero-thermacore-594-uso-medio.php,https://puertasyserviciosindustriales.com/puerta-seccional-de-acero-thermacore-594-uso-medio.php,PRODUCT_PAGE,Puertas seccionales de acero Thermacore 594 (uso medio) | Overhead Door | Marcas ,Puertas seccionales de acero,detalle-estatico,No detected in own source/direct includes; content hardcoded,PRODUCT_CONTENT_CANDIDATE,YES,HIGH,,73,STRONG_INFERENCE,page-source-evidence.json:puerta-seccional-de-acero-thermacore-594-uso-medio.php
puerta-seccional-de-acero-thermacore-595-uso-pesado.php,https://puertasyserviciosindustriales.com/puerta-seccional-de-acero-thermacore-595-uso-pesado.php,PRODUCT_PAGE,Puertas seccionales de acero Thermacore 593 (uso pesado) | Overhead Door | Marcas ,Puertas seccionales de acero,detalle-estatico,No detected in own source/direct includes; content hardcoded,PRODUCT_CONTENT_CANDIDATE,YES,HIGH,Producto/familia solo en PHP; no hay correspondencia SQL fuerte; MUST preserve content,,STRONG_INFERENCE,page-source-evidence.json:puerta-seccional-de-acero-thermacore-595-uso-pesado.php
puerta-seccional-de-acero-thermacore-599-uso-muy-pesado.php,https://puertasyserviciosindustriales.com/puerta-seccional-de-acero-thermacore-599-uso-muy-pesado.php,PRODUCT_PAGE,Puertas seccionales de acero Thermacore 599 (uso muy pesado) | Overhead Door | Marcas ,Puertas seccionales de acero,detalle-estatico,No detected in own source/direct includes; content hardcoded,PRODUCT_CONTENT_CANDIDATE,YES,HIGH,,75,STRONG_INFERENCE,page-source-evidence.json:puerta-seccional-de-acero-thermacore-599-uso-muy-pesado.php
puerta-seccional-de-acero-thermacore-serie-592.php,https://puertasyserviciosindustriales.com/puerta-seccional-de-acero-thermacore-serie-592.php,PRODUCT_PAGE,Puertas seccionales de acero Thermacore serie 592 | Overhead Door | Marcas ,Puertas seccionales de acero,detalle-estatico,No detected in own source/direct includes; content hardcoded,PRODUCT_CONTENT_CANDIDATE,YES,HIGH,,8|62,STRONG_INFERENCE,page-source-evidence.json:puerta-seccional-de-acero-thermacore-serie-592.php
puerta-y-fijos-louver.php,https://puertasyserviciosindustriales.com/puerta-y-fijos-louver.php,PRODUCT_PAGE,Puerta y fijos Louver | Doorlock | Marcas ,Soluciones Industriales,detalle-estatico,No detected in own source/direct includes; content hardcoded,PRODUCT_CONTENT_CANDIDATE,YES,HIGH,,35|121|134,STRONG_INFERENCE,page-source-evidence.json:puerta-y-fijos-louver.php
puertas-blindadas.php,https://puertasyserviciosindustriales.com/puertas-blindadas.php,PRODUCT_PAGE,Puertas blindadas | Doorlock | Marcas ,Soluciones Industriales,detalle-estatico,No detected in own source/direct includes; content hardcoded,PRODUCT_CONTENT_CANDIDATE,YES,HIGH,,28|118|129,STRONG_INFERENCE,page-source-evidence.json:puertas-blindadas.php
puertas-contra-incendio.php,https://puertasyserviciosindustriales.com/puertas-contra-incendio.php,PRODUCT_PAGE,Puertas contra incendio | Doorlock | Marcas ,Soluciones Industriales,detalle-estatico,No detected in own source/direct includes; content hardcoded,PRODUCT_CONTENT_CANDIDATE,YES,HIGH,,29|116|130,STRONG_INFERENCE,page-source-evidence.json:puertas-contra-incendio.php
puertas-contra-rayos-x.php,https://puertasyserviciosindustriales.com/puertas-contra-rayos-x.php,PRODUCT_PAGE,Puertas contra rayos X | Doorlock | Marcas ,Soluciones Industriales,detalle-estatico,No detected in own source/direct includes; content hardcoded,PRODUCT_CONTENT_CANDIDATE,YES,HIGH,,30|115,STRONG_INFERENCE,page-source-evidence.json:puertas-contra-rayos-x.php
puertas-de-garaje-aisladas.php,https://puertasyserviciosindustriales.com/puertas-de-garaje-aisladas.php,SEO_LANDING,PSI | Puertas y Servicios Industriales,Soluciones Residenciales,detalle-estatico,No detected in own source/direct includes; content hardcoded,EDITORIAL_CONTENT,YES,HIGH,"Contenido compuesto/de gama; finalidad SEO es inferencia editorial, no dato SQL",,STRONG_INFERENCE,page-source-evidence.json:puertas-de-garaje-aisladas.php
puertas-enrollables-de-garage.php,https://puertasyserviciosindustriales.com/puertas-enrollables-de-garage.php,SEO_LANDING,PSI | Puertas y Servicios Industriales,Soluciones Residenciales,detalle-estatico,No detected in own source/direct includes; content hardcoded,EDITORIAL_CONTENT,YES,HIGH,"Contenido compuesto/de gama; finalidad SEO es inferencia editorial, no dato SQL",,STRONG_INFERENCE,page-source-evidence.json:puertas-enrollables-de-garage.php
puertas-industriales-dockman.php,https://puertasyserviciosindustriales.com/puertas-industriales-dockman.php,PRODUCT_PAGE,Puertas Industriales | Dockman | Marcas ,Soluciones Residenciales,detalle-estatico,No detected in own source/direct includes; content hardcoded,PRODUCT_CONTENT_CANDIDATE,YES,HIGH,,50|59,STRONG_INFERENCE,page-source-evidence.json:puertas-industriales-dockman.php
puertas-peatonales-estandar-y-reforzada.php,https://puertasyserviciosindustriales.com/puertas-peatonales-estandar-y-reforzada.php,CATEGORY_PAGE,Puertas estandares y reforzadas | Puertas peatonales de Salida de Emergencia ,Puertas peatonales de Salida de Emergencia,listado-estatico,No detected in own source/direct includes; content hardcoded,NAVIGATION_CONTENT,YES,HIGH,,,CONFIRMED,page-source-evidence.json:puertas-peatonales-estandar-y-reforzada.php
puertas-peatonales-hospitales.php,https://puertasyserviciosindustriales.com/puertas-peatonales-hospitales.php,CATEGORY_PAGE,Puertas para hospitales | PUERTAS PEATONALES PARA HOSPITALES,PUERTAS PEATONALES PARA HOSPITALES,listado-estatico,No detected in own source/direct includes; content hardcoded,NAVIGATION_CONTENT,YES,HIGH,,,CONFIRMED,page-source-evidence.json:puertas-peatonales-hospitales.php
puertas-peatonales-rayos-x.php,https://puertasyserviciosindustriales.com/puertas-peatonales-rayos-x.php,CATEGORY_PAGE,Puertas con protección para rayos X | Puertas peatonales rayos X,Puertas peatonales rayos X,listado-estatico,No detected in own source/direct includes; content hardcoded,NAVIGATION_CONTENT,YES,HIGH,,,CONFIRMED,page-source-evidence.json:puertas-peatonales-rayos-x.php
puertas-peatonales-tipo-holandesa.php,https://puertasyserviciosindustriales.com/puertas-peatonales-tipo-holandesa.php,CATEGORY_PAGE,Puerta holandesa | Puertas peatonales de Salida de Emergencia ,Puertas peatonales de Salida de Emergencia,listado-estatico,No detected in own source/direct includes; content hardcoded,NAVIGATION_CONTENT,YES,HIGH,,,CONFIRMED,page-source-evidence.json:puertas-peatonales-tipo-holandesa.php
puertas-rapidas-enrollables.php,https://puertasyserviciosindustriales.com/puertas-rapidas-enrollables.php,SEO_LANDING,Puertas rápidas enrollables | Soluciones ,Soluciones Residenciales,detalle-estatico,No detected in own source/direct includes; content hardcoded,EDITORIAL_CONTENT,YES,HIGH,"Contenido compuesto/de gama; finalidad SEO es inferencia editorial, no dato SQL",,STRONG_INFERENCE,page-source-evidence.json:puertas-rapidas-enrollables.php
puertas-rapidas.php,https://puertasyserviciosindustriales.com/puertas-rapidas.php,CATEGORY_PAGE,Puertas rápidas industriales | Soluciones ,Soluciones Residenciales,listado-estatico,No detected in own source/direct includes; content hardcoded,NAVIGATION_CONTENT,YES,HIGH,,,CONFIRMED,page-source-evidence.json:puertas-rapidas.php
puertas-residenciales.php,https://puertasyserviciosindustriales.com/puertas-residenciales.php,SEO_LANDING,Puertas Residenciales | Soluciones Residenciales,Soluciones Residenciales,detalle-estatico,No detected in own source/direct includes; content hardcoded,EDITORIAL_CONTENT,YES,HIGH,"Contenido compuesto/de gama; finalidad SEO es inferencia editorial, no dato SQL",,STRONG_INFERENCE,page-source-evidence.json:puertas-residenciales.php
puertas-salida-emergencia.php,https://puertasyserviciosindustriales.com/puertas-salida-emergencia.php,CATEGORY_PAGE,Puertas para salidas de emergencia | Puertas Peatonales de Emergencia,PUERTAS PEATONALES SALIDA DE EMERGENCIA,listado-estatico,No detected in own source/direct includes; content hardcoded,NAVIGATION_CONTENT,YES,HIGH,,,CONFIRMED,page-source-evidence.json:puertas-salida-emergencia.php
puertas-seccionales-de-acero-aisladas-thermospan-modelo-150.php,https://puertasyserviciosindustriales.com/puertas-seccionales-de-acero-aisladas-thermospan-modelo-150.php,PRODUCT_PAGE,Puertas Seccionales de Acero Aisladas Thermospan ® | Wayne Dalton | Marcas ,Soluciones Residenciales,detalle-estatico,No detected in own source/direct includes; content hardcoded,PRODUCT_CONTENT_CANDIDATE,YES,HIGH,Hay paginas equivalentes candidatas; sin fusion ni redirect,14|57,STRONG_INFERENCE,page-source-evidence.json:puertas-seccionales-de-acero-aisladas-thermospan-modelo-150.php
puertas-seccionales-de-acero-aisladas-thermospan.php,https://puertasyserviciosindustriales.com/puertas-seccionales-de-acero-aisladas-thermospan.php,PRODUCT_PAGE,Puertas Seccionales de Acero Aisladas Thermospan ® | Wayne Dalton | Marcas ,Soluciones Residenciales,detalle-estatico,No detected in own source/direct includes; content hardcoded,PRODUCT_CONTENT_CANDIDATE,YES,HIGH,,14|57,STRONG_INFERENCE,page-source-evidence.json:puertas-seccionales-de-acero-aisladas-thermospan.php
puertas-seccionales-de-acero-modelo-2415.php,https://puertasyserviciosindustriales.com/puertas-seccionales-de-acero-modelo-2415.php,PRODUCT_PAGE,Puertas Seccionales de Acero Modelo 2415 | Wayne Dalton | Marcas ,Puertas seccionales de acero,detalle-estatico,No detected in own source/direct includes; content hardcoded,PRODUCT_CONTENT_CANDIDATE,YES,HIGH,,15|60,STRONG_INFERENCE,page-source-evidence.json:puertas-seccionales-de-acero-modelo-2415.php
puertas-seccionales-de-acero-perfiles-426.php,https://puertasyserviciosindustriales.com/puertas-seccionales-de-acero-perfiles-426.php,PRODUCT_PAGE,Puertas seccionales de acero perfiles 426 | Overhead Door | Marcas ,Puertas seccionales de acero,detalle-estatico,No detected in own source/direct includes; content hardcoded,PRODUCT_CONTENT_CANDIDATE,YES,HIGH,,70,STRONG_INFERENCE,page-source-evidence.json:puertas-seccionales-de-acero-perfiles-426.php
puertas-seccionales-de-acero-sin-aislamiento-420-uso-pesado.php,https://puertasyserviciosindustriales.com/puertas-seccionales-de-acero-sin-aislamiento-420-uso-pesado.php,PRODUCT_PAGE,Puertas seccionales de acero sin aislamiento 420 (uso pesado) | Overhead Door | Marcas ,Puertas seccionales de acero,detalle-estatico,No detected in own source/direct includes; content hardcoded,PRODUCT_CONTENT_CANDIDATE,YES,HIGH,,64,STRONG_INFERENCE,page-source-evidence.json:puertas-seccionales-de-acero-sin-aislamiento-420-uso-pesado.php
puertas-seccionales-de-acero-thermacore-598-uso-liviano.php,https://puertasyserviciosindustriales.com/puertas-seccionales-de-acero-thermacore-598-uso-liviano.php,PRODUCT_PAGE,Puerta seccional de acero thermacore 525 | Overhead Door | Marcas ,Puertas seccionales de acero,detalle-estatico,No detected in own source/direct includes; content hardcoded,PRODUCT_CONTENT_CANDIDATE,YES,HIGH,,74,STRONG_INFERENCE,page-source-evidence.json:puertas-seccionales-de-acero-thermacore-598-uso-liviano.php
puertas-seccionales-de-aluminio-521.php,https://puertasyserviciosindustriales.com/puertas-seccionales-de-aluminio-521.php,PRODUCT_PAGE,Puerta seccional de aluminio 521 | Overhead Door | Marcas ,Puertas seccionales de,detalle-estatico,No detected in own source/direct includes; content hardcoded,PRODUCT_CONTENT_CANDIDATE,YES,HIGH,,67,STRONG_INFERENCE,page-source-evidence.json:puertas-seccionales-de-aluminio-521.php
puertas-seccionales-industriales.php,https://puertasyserviciosindustriales.com/puertas-seccionales-industriales.php,CATEGORY_PAGE,Puertas seccionales industriales | Soluciones ,Soluciones,listado-estatico,No detected in own source/direct includes; content hardcoded,NAVIGATION_CONTENT,YES,HIGH,,,CONFIRMED,page-source-evidence.json:puertas-seccionales-industriales.php
puertas-y-fijos-louver.php,https://puertasyserviciosindustriales.com/puertas-y-fijos-louver.php,CATEGORY_PAGE,Puertas tipo Louver y holandesa | Puertas peatonales de Salida de Emergencia ,Puertas peatonales de Salida de Emergencia,listado-estatico,No detected in own source/direct includes; content hardcoded,NAVIGATION_CONTENT,YES,HIGH,,,CONFIRMED,page-source-evidence.json:puertas-y-fijos-louver.php
puertasresidenciales.php,https://puertasyserviciosindustriales.com/puertasresidenciales.php,CATEGORY_PAGE,Puertas Residenciales | Residencial ,Residencial,listado-estatico,No detected in own source/direct includes; content hardcoded,NAVIGATION_CONTENT,YES,HIGH,,,CONFIRMED,page-source-evidence.json:puertasresidenciales.php
q-silent-max-eagle-3-4-hp.php,https://puertasyserviciosindustriales.com/q-silent-max-eagle-3-4-hp.php,PRODUCT_PAGE,Operadores para puertas abatibles | Overhead Door | Marcas ,Soluciones Residenciales,detalle-estatico,No detected in own source/direct includes; content hardcoded,PRODUCT_CONTENT_CANDIDATE,YES,HIGH,,1|109|110|114,STRONG_INFERENCE,page-source-evidence.json:q-silent-max-eagle-3-4-hp.php
qik-barreras-automaticas-de-hasta-58-m.php,https://puertasyserviciosindustriales.com/qik-barreras-automaticas-de-hasta-58-m.php,PRODUCT_PAGE,PSI | Puertas y Servicios Industriales,,detalle-estatico,No detected in own source/direct includes; content hardcoded,PRODUCT_CONTENT_CANDIDATE,YES,HIGH,Producto/familia solo en PHP; no hay correspondencia SQL fuerte; MUST preserve content,,STRONG_INFERENCE,page-source-evidence.json:qik-barreras-automaticas-de-hasta-58-m.php
rampa-niveladora-mecanica-blue-giant.php,https://puertasyserviciosindustriales.com/rampa-niveladora-mecanica-blue-giant.php,PRODUCT_PAGE,RAMPA NIVELADORA MECÁNICA | Blue Giant | Marcas ,RAMPA NIVELADORA MECÁNICA,detalle-estatico,No detected in own source/direct includes; content hardcoded,PRODUCT_CONTENT_CANDIDATE,YES,HIGH,,23|140,STRONG_INFERENCE,page-source-evidence.json:rampa-niveladora-mecanica-blue-giant.php
rampa-niveladora.php,https://puertasyserviciosindustriales.com/rampa-niveladora.php,CATEGORY_PAGE,Rampa Niveladora | Equipos y Accesorios para Anden de Carga ,Equipos y Accesorios para Anden de Carga,listado-estatico,No detected in own source/direct includes; content hardcoded,NAVIGATION_CONTENT,YES,HIGH,,,CONFIRMED,page-source-evidence.json:rampa-niveladora.php
rampas-de-anden-hidraulicas-kelley.php,https://puertasyserviciosindustriales.com/rampas-de-anden-hidraulicas-kelley.php,PRODUCT_PAGE,Rampas de Andén Hidráulicas | Kelley | Marcas ,Soluciones Industriales,detalle-estatico,No detected in own source/direct includes; content hardcoded,PRODUCT_CONTENT_CANDIDATE,YES,HIGH,,3|24|139,STRONG_INFERENCE,page-source-evidence.json:rampas-de-anden-hidraulicas-kelley.php
rampas-de-anden-hidraulicas.php,https://puertasyserviciosindustriales.com/rampas-de-anden-hidraulicas.php,PRODUCT_PAGE,Rampas de Andén Hidráulicas | Dockman | Marcas ,Soluciones Industriales,detalle-estatico,No detected in own source/direct includes; content hardcoded,PRODUCT_CONTENT_CANDIDATE,YES,HIGH,,53|141,STRONG_INFERENCE,page-source-evidence.json:rampas-de-anden-hidraulicas.php
rampas-de-anden-mecanicas.php,https://puertasyserviciosindustriales.com/rampas-de-anden-mecanicas.php,PRODUCT_PAGE,Rampas de Andén Mecánicas | Dockman | Marcas ,Soluciones Industriales,detalle-estatico,No detected in own source/direct includes; content hardcoded,PRODUCT_CONTENT_CANDIDATE,YES,HIGH,,56|142,STRONG_INFERENCE,page-source-evidence.json:rampas-de-anden-mecanicas.php
rapida-apilable.php,https://puertasyserviciosindustriales.com/rapida-apilable.php,PRODUCT_PAGE,RÁPIDA ENROLLABLE INDUSTRIAL | Infraca Quality Doors | Marcas ,Soluciones Industriales,detalle-estatico,No detected in own source/direct includes; content hardcoded,PRODUCT_CONTENT_CANDIDATE,YES,HIGH,,39|104,STRONG_INFERENCE,page-source-evidence.json:rapida-apilable.php
rapida-enrollable-industrial.php,https://puertasyserviciosindustriales.com/rapida-enrollable-industrial.php,PRODUCT_PAGE,RÁPIDA ENROLLABLE INDUSTRIAL | Infraca Quality Doors | Marcas ,Soluciones Industriales,detalle-estatico,No detected in own source/direct includes; content hardcoded,PRODUCT_CONTENT_CANDIDATE,YES,HIGH,,38|103,STRONG_INFERENCE,page-source-evidence.json:rapida-enrollable-industrial.php
receptor-para-control-vehiculos.php,https://puertasyserviciosindustriales.com/receptor-para-control-vehiculos.php,CATEGORY_PAGE,Receptor para control de paso de vehiculos | Soluciones comerciales,Soluciones Comerciales,listado-estatico,No detected in own source/direct includes; content hardcoded,NAVIGATION_CONTENT,YES,HIGH,,,CONFIRMED,page-source-evidence.json:receptor-para-control-vehiculos.php
residencial.php,https://puertasyserviciosindustriales.com/residencial.php,CATEGORY_PAGE,Residencial | Soluciones ,Soluciones,listado-estatico,No detected in own source/direct includes; content hardcoded,NAVIGATION_CONTENT,YES,HIGH,,,CONFIRMED,page-source-evidence.json:residencial.php
retenedor-de-vehiculos.php,https://puertasyserviciosindustriales.com/retenedor-de-vehiculos.php,PRODUCT_PAGE,RETENEDOR DE VEHICULOS ( electrico) MOD HVR303 StrongArm™ | Blue Giant | Marcas ,RETENEDOR DE VEHICULOS ( electrico),detalle-estatico,No detected in own source/direct includes; content hardcoded,PRODUCT_CONTENT_CANDIDATE,YES,HIGH,,22|144,STRONG_INFERENCE,page-source-evidence.json:retenedor-de-vehiculos.php
retenedor-vehiculos-hvr303.php,https://puertasyserviciosindustriales.com/retenedor-vehiculos-hvr303.php,PRODUCT_PAGE,PSI | Puertas y Servicios Industriales,RETENEDOR DE VEHICULOS ( eléctrico),detalle-estatico,No detected in own source/direct includes; content hardcoded,PRODUCT_CONTENT_CANDIDATE,YES,HIGH,,146,STRONG_INFERENCE,page-source-evidence.json:retenedor-vehiculos-hvr303.php
retenedores-de-vehiculos-automatico.php,https://puertasyserviciosindustriales.com/retenedores-de-vehiculos-automatico.php,PRODUCT_PAGE,RETENEDORES DE VEHICULOS AUTOMATICO TPR | Dockman | Marcas ,Soluciones Industriales,detalle-estatico,No detected in own source/direct includes; content hardcoded,PRODUCT_CONTENT_CANDIDATE,YES,HIGH,Producto/familia solo en PHP; no hay correspondencia SQL fuerte; MUST preserve content,,STRONG_INFERENCE,page-source-evidence.json:retenedores-de-vehiculos-automatico.php
retenedores-de-vehiculos.php,https://puertasyserviciosindustriales.com/retenedores-de-vehiculos.php,CATEGORY_PAGE,Retenedores de Vehiculos | Equipos y Accesorios para Anden de Carga ,Equipos y Accesorios para Anden de Carga,listado-estatico,No detected in own source/direct includes; content hardcoded,NAVIGATION_CONTENT,YES,HIGH,,,CONFIRMED,page-source-evidence.json:retenedores-de-vehiculos.php
rolli-zip.php,https://puertasyserviciosindustriales.com/rolli-zip.php,PRODUCT_PAGE,ROLLI ZIP | GLG Porte Industriali | Marcas ,Soluciones Industriales,detalle-estatico,No detected in own source/direct includes; content hardcoded,PRODUCT_CONTENT_CANDIDATE,YES,HIGH,,40|105,STRONG_INFERENCE,page-source-evidence.json:rolli-zip.php
rytec.php,https://puertasyserviciosindustriales.com/rytec.php,BRAND_PAGE,Rytec | Marcas ,Marcas,listado-marca,No detected in own source/direct includes; content hardcoded,BRAND_CONTENT,YES,HIGH,,,CONFIRMED,page-source-evidence.json:rytec.php
sector-puertas-rapidas-enrollables-de-sectores-intercambiables-y-contrapesos.php,https://puertasyserviciosindustriales.com/sector-puertas-rapidas-enrollables-de-sectores-intercambiables-y-contrapesos.php,PRODUCT_PAGE,PSI | Puertas y Servicios Industriales,Soluciones Industriales,detalle-estatico,No detected in own source/direct includes; content hardcoded,PRODUCT_CONTENT_CANDIDATE,YES,HIGH,Producto/familia solo en PHP; no hay correspondencia SQL fuerte; MUST preserve content,,STRONG_INFERENCE,page-source-evidence.json:sector-puertas-rapidas-enrollables-de-sectores-intercambiables-y-contrapesos.php
sector-reset.php,https://puertasyserviciosindustriales.com/sector-reset.php,PRODUCT_PAGE,PSI | Puertas y Servicios Industriales,Soluciones Industriales,detalle-estatico,No detected in own source/direct includes; content hardcoded,PRODUCT_CONTENT_CANDIDATE,YES,HIGH,Producto/familia solo en PHP; no hay correspondencia SQL fuerte; MUST preserve content,,STRONG_INFERENCE,page-source-evidence.json:sector-reset.php
sellos-de-anden.php,https://puertasyserviciosindustriales.com/sellos-de-anden.php,PRODUCT_PAGE,Sellos de Andén | Dockman | Marcas ,Soluciones Industriales,detalle-estatico,No detected in own source/direct includes; content hardcoded,PRODUCT_CONTENT_CANDIDATE,YES,HIGH,,52|149,STRONG_INFERENCE,page-source-evidence.json:sellos-de-anden.php
sellos-nacionales.php,https://puertasyserviciosindustriales.com/sellos-nacionales.php,PRODUCT_PAGE,Sellos Nacionales | Dockman | Marcas ,Soluciones Industriales,detalle-estatico,No detected in own source/direct includes; content hardcoded,PRODUCT_CONTENT_CANDIDATE,YES,HIGH,,150,STRONG_INFERENCE,page-source-evidence.json:sellos-nacionales.php
sellos-para-anden-shelter-de-soporte-flexible.php,https://puertasyserviciosindustriales.com/sellos-para-anden-shelter-de-soporte-flexible.php,PRODUCT_PAGE,SELLOS PARA ANDEN – SHELTER DE SOPORTE FLEXIBLE | Dockman | Marcas ,Soluciones Industriales,detalle-estatico,No detected in own source/direct includes; content hardcoded,PRODUCT_CONTENT_CANDIDATE,YES,HIGH,,148,STRONG_INFERENCE,page-source-evidence.json:sellos-para-anden-shelter-de-soporte-flexible.php
sellos-para-anden.php,https://puertasyserviciosindustriales.com/sellos-para-anden.php,CATEGORY_PAGE,Sellos para anden | Equipos y Accesorios para Anden de Carga ,Equipos y Accesorios para Anden de Carga,listado-estatico,No detected in own source/direct includes; content hardcoded,NAVIGATION_CONTENT,YES,HIGH,,,CONFIRMED,page-source-evidence.json:sellos-para-anden.php
semaforos-senalizaciones-para-anden.php,https://puertasyserviciosindustriales.com/semaforos-senalizaciones-para-anden.php,CATEGORY_PAGE,Semaforos y señalizaciones para anden | Equipos y Accesorios para Anden de Carga ,Equipos y Accesorios para Anden de Carga,listado-estatico,No detected in own source/direct includes; content hardcoded,NAVIGATION_CONTENT,YES,HIGH,,,CONFIRMED,page-source-evidence.json:semaforos-senalizaciones-para-anden.php
serie-620.php,https://puertasyserviciosindustriales.com/serie-620.php,PRODUCT_PAGE,PSI | Puertas y Servicios Industriales,Soluciones Industriales,detalle-estatico,No detected in own source/direct includes; content hardcoded,PRODUCT_CONTENT_CANDIDATE,YES,HIGH,,7|91,STRONG_INFERENCE,page-source-evidence.json:serie-620.php
serie-x130-motor-para-cortina-oculto.php,https://puertasyserviciosindustriales.com/serie-x130-motor-para-cortina-oculto.php,PRODUCT_PAGE,SERIE X130 Motor para cortina oculto | BFT | Marcas ,Soluciones Industriales,detalle-estatico,No detected in own source/direct includes; content hardcoded,PRODUCT_CONTENT_CANDIDATE,YES,HIGH,,45|83,STRONG_INFERENCE,page-source-evidence.json:serie-x130-motor-para-cortina-oculto.php
sg-onixx-600.php,https://puertasyserviciosindustriales.com/sg-onixx-600.php,PRODUCT_PAGE,PSI | Puertas y Servicios Industriales,Soluciones Industriales,detalle-estatico,No detected in own source/direct includes; content hardcoded,PRODUCT_CONTENT_CANDIDATE,YES,HIGH,Producto/familia solo en PHP; no hay correspondencia SQL fuerte; MUST preserve content,,STRONG_INFERENCE,page-source-evidence.json:sg-onixx-600.php
shelter-abrigo-estacionario-blue-giant.php,https://puertasyserviciosindustriales.com/shelter-abrigo-estacionario-blue-giant.php,PRODUCT_PAGE,ABRIGO ESTACIONARIO BG400 | Blue Giant | Marcas ,SHELTER ABRIGO ESTACIONARIO Blue Giant,detalle-estatico,No detected in own source/direct includes; content hardcoded,PRODUCT_CONTENT_CANDIDATE,YES,HIGH,,21|147,STRONG_INFERENCE,page-source-evidence.json:shelter-abrigo-estacionario-blue-giant.php
smart-puertas-rapidas-enrollables-de-sectores-intercambiables-con-motor-externo.php,https://puertasyserviciosindustriales.com/smart-puertas-rapidas-enrollables-de-sectores-intercambiables-con-motor-externo.php,PRODUCT_PAGE,PSI | Puertas y Servicios Industriales,Soluciones Industriales,detalle-estatico,No detected in own source/direct includes; content hardcoded,PRODUCT_CONTENT_CANDIDATE,YES,HIGH,Producto/familia solo en PHP; no hay correspondencia SQL fuerte; MUST preserve content,,STRONG_INFERENCE,page-source-evidence.json:smart-puertas-rapidas-enrollables-de-sectores-intercambiables-con-motor-externo.php
soluciones.php,https://puertasyserviciosindustriales.com/soluciones.php,CATEGORY_PAGE,"Industrial, Residencial y Marcas | Soluciones ",Servicios,soluciones,No detected in own source/direct includes; content hardcoded,NAVIGATION_CONTENT,YES,HIGH,,,CONFIRMED,page-source-evidence.json:soluciones.php
sprint-automatizaciones-para-puertas-peatonales-pequenas-dimensiones.php,https://puertasyserviciosindustriales.com/sprint-automatizaciones-para-puertas-peatonales-pequenas-dimensiones.php,PRODUCT_PAGE,PSI | Puertas y Servicios Industriales,SPRINT – Automatizaciónes para puertas,detalle-estatico,No detected in own source/direct includes; content hardcoded,PRODUCT_CONTENT_CANDIDATE,YES,HIGH,Producto/familia solo en PHP; no hay correspondencia SQL fuerte; MUST preserve content,,STRONG_INFERENCE,page-source-evidence.json:sprint-automatizaciones-para-puertas-peatonales-pequenas-dimensiones.php
star1000-receptor-comercial.php,https://puertasyserviciosindustriales.com/star1000-receptor-comercial.php,PRODUCT_PAGE,PSI | Puertas y Servicios Industriales,Productos Marca BFT,detalle-estatico,No detected in own source/direct includes; content hardcoded,PRODUCT_CONTENT_CANDIDATE,YES,HIGH,Producto/familia solo en PHP; no hay correspondencia SQL fuerte; MUST preserve content,,STRONG_INFERENCE,page-source-evidence.json:star1000-receptor-comercial.php
star4-vehicle-restraint.php,https://puertasyserviciosindustriales.com/star4-vehicle-restraint.php,PRODUCT_PAGE,RETENEDOR DE VEHICULOS STAR4 | Kelley | Marcas ,Soluciones Industriales,detalle-estatico,No detected in own source/direct includes; content hardcoded,PRODUCT_CONTENT_CANDIDATE,YES,HIGH,,25|145,STRONG_INFERENCE,page-source-evidence.json:star4-vehicle-restraint.php
tiras-plasticas-hawaianas.php,https://puertasyserviciosindustriales.com/tiras-plasticas-hawaianas.php,SEO_LANDING,PSI | Puertas y Servicios Industriales,,detalle-estatico,No detected in own source/direct includes; content hardcoded,EDITORIAL_CONTENT,YES,HIGH,"Contenido compuesto/de gama; finalidad SEO es inferencia editorial, no dato SQL",,STRONG_INFERENCE,page-source-evidence.json:tiras-plasticas-hawaianas.php
tiras-plasticas.php,https://puertasyserviciosindustriales.com/tiras-plasticas.php,CATEGORY_PAGE,Tiras plasticas | Industrial ,Industrial,listado-estatico,No detected in own source/direct includes; content hardcoded,NAVIGATION_CONTENT,YES,HIGH,,,CONFIRMED,page-source-evidence.json:tiras-plasticas.php
traffic.php,https://puertasyserviciosindustriales.com/traffic.php,PRODUCT_PAGE,PSI | Puertas y Servicios Industriales,Soluciones Industriales,detalle-estatico,No detected in own source/direct includes; content hardcoded,PRODUCT_CONTENT_CANDIDATE,YES,HIGH,Producto/familia solo en PHP; no hay correspondencia SQL fuerte; MUST preserve content,,STRONG_INFERENCE,page-source-evidence.json:traffic.php
upper-up8e-barreras-automaticas-de-hasta-8-m.php,https://puertasyserviciosindustriales.com/upper-up8e-barreras-automaticas-de-hasta-8-m.php,PRODUCT_PAGE,PSI | Puertas y Servicios Industriales,,detalle-estatico,No detected in own source/direct includes; content hardcoded,PRODUCT_CONTENT_CANDIDATE,YES,HIGH,Producto/familia solo en PHP; no hay correspondencia SQL fuerte; MUST preserve content,,STRONG_INFERENCE,page-source-evidence.json:upper-up8e-barreras-automaticas-de-hasta-8-m.php
vertigo.php,https://puertasyserviciosindustriales.com/vertigo.php,PRODUCT_PAGE,VertigGO | GLG Porte Industriali | Marcas ,Soluciones Industriales,detalle-estatico,No detected in own source/direct includes; content hardcoded,PRODUCT_CONTENT_CANDIDATE,YES,HIGH,,42|100,STRONG_INFERENCE,page-source-evidence.json:vertigo.php
wayne-dalton.php,https://puertasyserviciosindustriales.com/wayne-dalton.php,BRAND_PAGE,Wayne Dalton | Marcas ,Marcas,listado-marca,No detected in own source/direct includes; content hardcoded,BRAND_CONTENT,YES,HIGH,,,CONFIRMED,page-source-evidence.json:wayne-dalton.php
wel-aotmatizacion-de-puertas-peatonales-pequena-y-robusta.php,https://puertasyserviciosindustriales.com/wel-aotmatizacion-de-puertas-peatonales-pequena-y-robusta.php,PRODUCT_PAGE,PSI | Puertas y Servicios Industriales,DAB 105/205/305 Automatización de puertas,detalle-estatico,No detected in own source/direct includes; content hardcoded,PRODUCT_CONTENT_CANDIDATE,YES,HIGH,Producto/familia solo en PHP; no hay correspondencia SQL fuerte; MUST preserve content,,STRONG_INFERENCE,page-source-evidence.json:wel-aotmatizacion-de-puertas-peatonales-pequena-y-robusta.php
xel-5-selector-de-llave.php,https://puertasyserviciosindustriales.com/xel-5-selector-de-llave.php,PRODUCT_PAGE,PSI | Puertas y Servicios Industriales,Productos Marca BFT,detalle-estatico,No detected in own source/direct includes; content hardcoded,PRODUCT_CONTENT_CANDIDATE,YES,HIGH,Producto/familia solo en PHP; no hay correspondencia SQL fuerte; MUST preserve content,,STRONG_INFERENCE,page-source-evidence.json:xel-5-selector-de-llave.php
PHPMailer/get_oauth_token.php,,LEGACY_INTERNAL,,,,Internal; see phase1 inventory,REVIEW_INTERNAL_FUNCTION,REVIEW,REVIEW,código interno / dependencia; no public route asserted,,CONFIRMED,docs/legacy-analysis/file-inventory.csv:PHPMailer/get_oauth_token.php
PHPMailer/language/phpmailer.lang-af.php,,LEGACY_INTERNAL,,,,Internal; see phase1 inventory,REVIEW_INTERNAL_FUNCTION,REVIEW,REVIEW,código interno / dependencia; no public route asserted,,CONFIRMED,docs/legacy-analysis/file-inventory.csv:PHPMailer/language/phpmailer.lang-af.php
PHPMailer/language/phpmailer.lang-ar.php,,LEGACY_INTERNAL,,,,Internal; see phase1 inventory,REVIEW_INTERNAL_FUNCTION,REVIEW,REVIEW,código interno / dependencia; no public route asserted,,CONFIRMED,docs/legacy-analysis/file-inventory.csv:PHPMailer/language/phpmailer.lang-ar.php
PHPMailer/language/phpmailer.lang-as.php,,LEGACY_INTERNAL,,,,Internal; see phase1 inventory,REVIEW_INTERNAL_FUNCTION,REVIEW,REVIEW,código interno / dependencia; no public route asserted,,CONFIRMED,docs/legacy-analysis/file-inventory.csv:PHPMailer/language/phpmailer.lang-as.php
PHPMailer/language/phpmailer.lang-az.php,,LEGACY_INTERNAL,,,,Internal; see phase1 inventory,REVIEW_INTERNAL_FUNCTION,REVIEW,REVIEW,código interno / dependencia; no public route asserted,,CONFIRMED,docs/legacy-analysis/file-inventory.csv:PHPMailer/language/phpmailer.lang-az.php
PHPMailer/language/phpmailer.lang-ba.php,,LEGACY_INTERNAL,,,,Internal; see phase1 inventory,REVIEW_INTERNAL_FUNCTION,REVIEW,REVIEW,código interno / dependencia; no public route asserted,,CONFIRMED,docs/legacy-analysis/file-inventory.csv:PHPMailer/language/phpmailer.lang-ba.php
PHPMailer/language/phpmailer.lang-be.php,,LEGACY_INTERNAL,,,,Internal; see phase1 inventory,REVIEW_INTERNAL_FUNCTION,REVIEW,REVIEW,código interno / dependencia; no public route asserted,,CONFIRMED,docs/legacy-analysis/file-inventory.csv:PHPMailer/language/phpmailer.lang-be.php
PHPMailer/language/phpmailer.lang-bg.php,,LEGACY_INTERNAL,,,,Internal; see phase1 inventory,REVIEW_INTERNAL_FUNCTION,REVIEW,REVIEW,código interno / dependencia; no public route asserted,,CONFIRMED,docs/legacy-analysis/file-inventory.csv:PHPMailer/language/phpmailer.lang-bg.php
PHPMailer/language/phpmailer.lang-bn.php,,LEGACY_INTERNAL,,,,Internal; see phase1 inventory,REVIEW_INTERNAL_FUNCTION,REVIEW,REVIEW,código interno / dependencia; no public route asserted,,CONFIRMED,docs/legacy-analysis/file-inventory.csv:PHPMailer/language/phpmailer.lang-bn.php
PHPMailer/language/phpmailer.lang-ca.php,,LEGACY_INTERNAL,,,,Internal; see phase1 inventory,REVIEW_INTERNAL_FUNCTION,REVIEW,REVIEW,código interno / dependencia; no public route asserted,,CONFIRMED,docs/legacy-analysis/file-inventory.csv:PHPMailer/language/phpmailer.lang-ca.php
PHPMailer/language/phpmailer.lang-cs.php,,LEGACY_INTERNAL,,,,Internal; see phase1 inventory,REVIEW_INTERNAL_FUNCTION,REVIEW,REVIEW,código interno / dependencia; no public route asserted,,CONFIRMED,docs/legacy-analysis/file-inventory.csv:PHPMailer/language/phpmailer.lang-cs.php
PHPMailer/language/phpmailer.lang-da.php,,LEGACY_INTERNAL,,,,Internal; see phase1 inventory,REVIEW_INTERNAL_FUNCTION,REVIEW,REVIEW,código interno / dependencia; no public route asserted,,CONFIRMED,docs/legacy-analysis/file-inventory.csv:PHPMailer/language/phpmailer.lang-da.php
PHPMailer/language/phpmailer.lang-de.php,,LEGACY_INTERNAL,,,,Internal; see phase1 inventory,REVIEW_INTERNAL_FUNCTION,REVIEW,REVIEW,código interno / dependencia; no public route asserted,,CONFIRMED,docs/legacy-analysis/file-inventory.csv:PHPMailer/language/phpmailer.lang-de.php
PHPMailer/language/phpmailer.lang-el.php,,LEGACY_INTERNAL,,,,Internal; see phase1 inventory,REVIEW_INTERNAL_FUNCTION,REVIEW,REVIEW,código interno / dependencia; no public route asserted,,CONFIRMED,docs/legacy-analysis/file-inventory.csv:PHPMailer/language/phpmailer.lang-el.php
PHPMailer/language/phpmailer.lang-eo.php,,LEGACY_INTERNAL,,,,Internal; see phase1 inventory,REVIEW_INTERNAL_FUNCTION,REVIEW,REVIEW,código interno / dependencia; no public route asserted,,CONFIRMED,docs/legacy-analysis/file-inventory.csv:PHPMailer/language/phpmailer.lang-eo.php
PHPMailer/language/phpmailer.lang-es.php,,LEGACY_INTERNAL,,,,Internal; see phase1 inventory,REVIEW_INTERNAL_FUNCTION,REVIEW,REVIEW,código interno / dependencia; no public route asserted,,CONFIRMED,docs/legacy-analysis/file-inventory.csv:PHPMailer/language/phpmailer.lang-es.php
PHPMailer/language/phpmailer.lang-et.php,,LEGACY_INTERNAL,,,,Internal; see phase1 inventory,REVIEW_INTERNAL_FUNCTION,REVIEW,REVIEW,código interno / dependencia; no public route asserted,,CONFIRMED,docs/legacy-analysis/file-inventory.csv:PHPMailer/language/phpmailer.lang-et.php
PHPMailer/language/phpmailer.lang-fa.php,,LEGACY_INTERNAL,,,,Internal; see phase1 inventory,REVIEW_INTERNAL_FUNCTION,REVIEW,REVIEW,código interno / dependencia; no public route asserted,,CONFIRMED,docs/legacy-analysis/file-inventory.csv:PHPMailer/language/phpmailer.lang-fa.php
PHPMailer/language/phpmailer.lang-fi.php,,LEGACY_INTERNAL,,,,Internal; see phase1 inventory,REVIEW_INTERNAL_FUNCTION,REVIEW,REVIEW,código interno / dependencia; no public route asserted,,CONFIRMED,docs/legacy-analysis/file-inventory.csv:PHPMailer/language/phpmailer.lang-fi.php
PHPMailer/language/phpmailer.lang-fo.php,,LEGACY_INTERNAL,,,,Internal; see phase1 inventory,REVIEW_INTERNAL_FUNCTION,REVIEW,REVIEW,código interno / dependencia; no public route asserted,,CONFIRMED,docs/legacy-analysis/file-inventory.csv:PHPMailer/language/phpmailer.lang-fo.php
PHPMailer/language/phpmailer.lang-fr.php,,LEGACY_INTERNAL,,,,Internal; see phase1 inventory,REVIEW_INTERNAL_FUNCTION,REVIEW,REVIEW,código interno / dependencia; no public route asserted,,CONFIRMED,docs/legacy-analysis/file-inventory.csv:PHPMailer/language/phpmailer.lang-fr.php
PHPMailer/language/phpmailer.lang-gl.php,,LEGACY_INTERNAL,,,,Internal; see phase1 inventory,REVIEW_INTERNAL_FUNCTION,REVIEW,REVIEW,código interno / dependencia; no public route asserted,,CONFIRMED,docs/legacy-analysis/file-inventory.csv:PHPMailer/language/phpmailer.lang-gl.php
PHPMailer/language/phpmailer.lang-he.php,,LEGACY_INTERNAL,,,,Internal; see phase1 inventory,REVIEW_INTERNAL_FUNCTION,REVIEW,REVIEW,código interno / dependencia; no public route asserted,,CONFIRMED,docs/legacy-analysis/file-inventory.csv:PHPMailer/language/phpmailer.lang-he.php
PHPMailer/language/phpmailer.lang-hi.php,,LEGACY_INTERNAL,,,,Internal; see phase1 inventory,REVIEW_INTERNAL_FUNCTION,REVIEW,REVIEW,código interno / dependencia; no public route asserted,,CONFIRMED,docs/legacy-analysis/file-inventory.csv:PHPMailer/language/phpmailer.lang-hi.php
PHPMailer/language/phpmailer.lang-hr.php,,LEGACY_INTERNAL,,,,Internal; see phase1 inventory,REVIEW_INTERNAL_FUNCTION,REVIEW,REVIEW,código interno / dependencia; no public route asserted,,CONFIRMED,docs/legacy-analysis/file-inventory.csv:PHPMailer/language/phpmailer.lang-hr.php
PHPMailer/language/phpmailer.lang-hu.php,,LEGACY_INTERNAL,,,,Internal; see phase1 inventory,REVIEW_INTERNAL_FUNCTION,REVIEW,REVIEW,código interno / dependencia; no public route asserted,,CONFIRMED,docs/legacy-analysis/file-inventory.csv:PHPMailer/language/phpmailer.lang-hu.php
PHPMailer/language/phpmailer.lang-hy.php,,LEGACY_INTERNAL,,,,Internal; see phase1 inventory,REVIEW_INTERNAL_FUNCTION,REVIEW,REVIEW,código interno / dependencia; no public route asserted,,CONFIRMED,docs/legacy-analysis/file-inventory.csv:PHPMailer/language/phpmailer.lang-hy.php
PHPMailer/language/phpmailer.lang-id.php,,LEGACY_INTERNAL,,,,Internal; see phase1 inventory,REVIEW_INTERNAL_FUNCTION,REVIEW,REVIEW,código interno / dependencia; no public route asserted,,CONFIRMED,docs/legacy-analysis/file-inventory.csv:PHPMailer/language/phpmailer.lang-id.php
PHPMailer/language/phpmailer.lang-it.php,,LEGACY_INTERNAL,,,,Internal; see phase1 inventory,REVIEW_INTERNAL_FUNCTION,REVIEW,REVIEW,código interno / dependencia; no public route asserted,,CONFIRMED,docs/legacy-analysis/file-inventory.csv:PHPMailer/language/phpmailer.lang-it.php
PHPMailer/language/phpmailer.lang-ja.php,,LEGACY_INTERNAL,,,,Internal; see phase1 inventory,REVIEW_INTERNAL_FUNCTION,REVIEW,REVIEW,código interno / dependencia; no public route asserted,,CONFIRMED,docs/legacy-analysis/file-inventory.csv:PHPMailer/language/phpmailer.lang-ja.php
PHPMailer/language/phpmailer.lang-ka.php,,LEGACY_INTERNAL,,,,Internal; see phase1 inventory,REVIEW_INTERNAL_FUNCTION,REVIEW,REVIEW,código interno / dependencia; no public route asserted,,CONFIRMED,docs/legacy-analysis/file-inventory.csv:PHPMailer/language/phpmailer.lang-ka.php
PHPMailer/language/phpmailer.lang-ko.php,,LEGACY_INTERNAL,,,,Internal; see phase1 inventory,REVIEW_INTERNAL_FUNCTION,REVIEW,REVIEW,código interno / dependencia; no public route asserted,,CONFIRMED,docs/legacy-analysis/file-inventory.csv:PHPMailer/language/phpmailer.lang-ko.php
PHPMailer/language/phpmailer.lang-lt.php,,LEGACY_INTERNAL,,,,Internal; see phase1 inventory,REVIEW_INTERNAL_FUNCTION,REVIEW,REVIEW,código interno / dependencia; no public route asserted,,CONFIRMED,docs/legacy-analysis/file-inventory.csv:PHPMailer/language/phpmailer.lang-lt.php
PHPMailer/language/phpmailer.lang-lv.php,,LEGACY_INTERNAL,,,,Internal; see phase1 inventory,REVIEW_INTERNAL_FUNCTION,REVIEW,REVIEW,código interno / dependencia; no public route asserted,,CONFIRMED,docs/legacy-analysis/file-inventory.csv:PHPMailer/language/phpmailer.lang-lv.php
PHPMailer/language/phpmailer.lang-mg.php,,LEGACY_INTERNAL,,,,Internal; see phase1 inventory,REVIEW_INTERNAL_FUNCTION,REVIEW,REVIEW,código interno / dependencia; no public route asserted,,CONFIRMED,docs/legacy-analysis/file-inventory.csv:PHPMailer/language/phpmailer.lang-mg.php
PHPMailer/language/phpmailer.lang-mn.php,,LEGACY_INTERNAL,,,,Internal; see phase1 inventory,REVIEW_INTERNAL_FUNCTION,REVIEW,REVIEW,código interno / dependencia; no public route asserted,,CONFIRMED,docs/legacy-analysis/file-inventory.csv:PHPMailer/language/phpmailer.lang-mn.php
PHPMailer/language/phpmailer.lang-ms.php,,LEGACY_INTERNAL,,,,Internal; see phase1 inventory,REVIEW_INTERNAL_FUNCTION,REVIEW,REVIEW,código interno / dependencia; no public route asserted,,CONFIRMED,docs/legacy-analysis/file-inventory.csv:PHPMailer/language/phpmailer.lang-ms.php
PHPMailer/language/phpmailer.lang-nb.php,,LEGACY_INTERNAL,,,,Internal; see phase1 inventory,REVIEW_INTERNAL_FUNCTION,REVIEW,REVIEW,código interno / dependencia; no public route asserted,,CONFIRMED,docs/legacy-analysis/file-inventory.csv:PHPMailer/language/phpmailer.lang-nb.php
PHPMailer/language/phpmailer.lang-nl.php,,LEGACY_INTERNAL,,,,Internal; see phase1 inventory,REVIEW_INTERNAL_FUNCTION,REVIEW,REVIEW,código interno / dependencia; no public route asserted,,CONFIRMED,docs/legacy-analysis/file-inventory.csv:PHPMailer/language/phpmailer.lang-nl.php
PHPMailer/language/phpmailer.lang-pl.php,,LEGACY_INTERNAL,,,,Internal; see phase1 inventory,REVIEW_INTERNAL_FUNCTION,REVIEW,REVIEW,código interno / dependencia; no public route asserted,,CONFIRMED,docs/legacy-analysis/file-inventory.csv:PHPMailer/language/phpmailer.lang-pl.php
PHPMailer/language/phpmailer.lang-pt.php,,LEGACY_INTERNAL,,,,Internal; see phase1 inventory,REVIEW_INTERNAL_FUNCTION,REVIEW,REVIEW,código interno / dependencia; no public route asserted,,CONFIRMED,docs/legacy-analysis/file-inventory.csv:PHPMailer/language/phpmailer.lang-pt.php
PHPMailer/language/phpmailer.lang-pt_br.php,,LEGACY_INTERNAL,,,,Internal; see phase1 inventory,REVIEW_INTERNAL_FUNCTION,REVIEW,REVIEW,código interno / dependencia; no public route asserted,,CONFIRMED,docs/legacy-analysis/file-inventory.csv:PHPMailer/language/phpmailer.lang-pt_br.php
PHPMailer/language/phpmailer.lang-ro.php,,LEGACY_INTERNAL,,,,Internal; see phase1 inventory,REVIEW_INTERNAL_FUNCTION,REVIEW,REVIEW,código interno / dependencia; no public route asserted,,CONFIRMED,docs/legacy-analysis/file-inventory.csv:PHPMailer/language/phpmailer.lang-ro.php
PHPMailer/language/phpmailer.lang-ru.php,,LEGACY_INTERNAL,,,,Internal; see phase1 inventory,REVIEW_INTERNAL_FUNCTION,REVIEW,REVIEW,código interno / dependencia; no public route asserted,,CONFIRMED,docs/legacy-analysis/file-inventory.csv:PHPMailer/language/phpmailer.lang-ru.php
PHPMailer/language/phpmailer.lang-si.php,,LEGACY_INTERNAL,,,,Internal; see phase1 inventory,REVIEW_INTERNAL_FUNCTION,REVIEW,REVIEW,código interno / dependencia; no public route asserted,,CONFIRMED,docs/legacy-analysis/file-inventory.csv:PHPMailer/language/phpmailer.lang-si.php
PHPMailer/language/phpmailer.lang-sk.php,,LEGACY_INTERNAL,,,,Internal; see phase1 inventory,REVIEW_INTERNAL_FUNCTION,REVIEW,REVIEW,código interno / dependencia; no public route asserted,,CONFIRMED,docs/legacy-analysis/file-inventory.csv:PHPMailer/language/phpmailer.lang-sk.php
PHPMailer/language/phpmailer.lang-sl.php,,LEGACY_INTERNAL,,,,Internal; see phase1 inventory,REVIEW_INTERNAL_FUNCTION,REVIEW,REVIEW,código interno / dependencia; no public route asserted,,CONFIRMED,docs/legacy-analysis/file-inventory.csv:PHPMailer/language/phpmailer.lang-sl.php
PHPMailer/language/phpmailer.lang-sr.php,,LEGACY_INTERNAL,,,,Internal; see phase1 inventory,REVIEW_INTERNAL_FUNCTION,REVIEW,REVIEW,código interno / dependencia; no public route asserted,,CONFIRMED,docs/legacy-analysis/file-inventory.csv:PHPMailer/language/phpmailer.lang-sr.php
PHPMailer/language/phpmailer.lang-sr_latn.php,,LEGACY_INTERNAL,,,,Internal; see phase1 inventory,REVIEW_INTERNAL_FUNCTION,REVIEW,REVIEW,código interno / dependencia; no public route asserted,,CONFIRMED,docs/legacy-analysis/file-inventory.csv:PHPMailer/language/phpmailer.lang-sr_latn.php
PHPMailer/language/phpmailer.lang-sv.php,,LEGACY_INTERNAL,,,,Internal; see phase1 inventory,REVIEW_INTERNAL_FUNCTION,REVIEW,REVIEW,código interno / dependencia; no public route asserted,,CONFIRMED,docs/legacy-analysis/file-inventory.csv:PHPMailer/language/phpmailer.lang-sv.php
PHPMailer/language/phpmailer.lang-tl.php,,LEGACY_INTERNAL,,,,Internal; see phase1 inventory,REVIEW_INTERNAL_FUNCTION,REVIEW,REVIEW,código interno / dependencia; no public route asserted,,CONFIRMED,docs/legacy-analysis/file-inventory.csv:PHPMailer/language/phpmailer.lang-tl.php
PHPMailer/language/phpmailer.lang-tr.php,,LEGACY_INTERNAL,,,,Internal; see phase1 inventory,REVIEW_INTERNAL_FUNCTION,REVIEW,REVIEW,código interno / dependencia; no public route asserted,,CONFIRMED,docs/legacy-analysis/file-inventory.csv:PHPMailer/language/phpmailer.lang-tr.php
PHPMailer/language/phpmailer.lang-uk.php,,LEGACY_INTERNAL,,,,Internal; see phase1 inventory,REVIEW_INTERNAL_FUNCTION,REVIEW,REVIEW,código interno / dependencia; no public route asserted,,CONFIRMED,docs/legacy-analysis/file-inventory.csv:PHPMailer/language/phpmailer.lang-uk.php
PHPMailer/language/phpmailer.lang-ur.php,,LEGACY_INTERNAL,,,,Internal; see phase1 inventory,REVIEW_INTERNAL_FUNCTION,REVIEW,REVIEW,código interno / dependencia; no public route asserted,,CONFIRMED,docs/legacy-analysis/file-inventory.csv:PHPMailer/language/phpmailer.lang-ur.php
PHPMailer/language/phpmailer.lang-vi.php,,LEGACY_INTERNAL,,,,Internal; see phase1 inventory,REVIEW_INTERNAL_FUNCTION,REVIEW,REVIEW,código interno / dependencia; no public route asserted,,CONFIRMED,docs/legacy-analysis/file-inventory.csv:PHPMailer/language/phpmailer.lang-vi.php
PHPMailer/language/phpmailer.lang-zh.php,,LEGACY_INTERNAL,,,,Internal; see phase1 inventory,REVIEW_INTERNAL_FUNCTION,REVIEW,REVIEW,código interno / dependencia; no public route asserted,,CONFIRMED,docs/legacy-analysis/file-inventory.csv:PHPMailer/language/phpmailer.lang-zh.php
PHPMailer/language/phpmailer.lang-zh_cn.php,,LEGACY_INTERNAL,,,,Internal; see phase1 inventory,REVIEW_INTERNAL_FUNCTION,REVIEW,REVIEW,código interno / dependencia; no public route asserted,,CONFIRMED,docs/legacy-analysis/file-inventory.csv:PHPMailer/language/phpmailer.lang-zh_cn.php
PHPMailer/src/DSNConfigurator.php,,LEGACY_INTERNAL,,,,Internal; see phase1 inventory,REVIEW_INTERNAL_FUNCTION,REVIEW,REVIEW,código interno / dependencia; no public route asserted,,CONFIRMED,docs/legacy-analysis/file-inventory.csv:PHPMailer/src/DSNConfigurator.php
PHPMailer/src/Exception.php,,LEGACY_INTERNAL,,,,Internal; see phase1 inventory,REVIEW_INTERNAL_FUNCTION,REVIEW,REVIEW,código interno / dependencia; no public route asserted,,CONFIRMED,docs/legacy-analysis/file-inventory.csv:PHPMailer/src/Exception.php
PHPMailer/src/OAuth.php,,LEGACY_INTERNAL,,,,Internal; see phase1 inventory,REVIEW_INTERNAL_FUNCTION,REVIEW,REVIEW,código interno / dependencia; no public route asserted,,CONFIRMED,docs/legacy-analysis/file-inventory.csv:PHPMailer/src/OAuth.php
PHPMailer/src/OAuthTokenProvider.php,,LEGACY_INTERNAL,,,,Internal; see phase1 inventory,REVIEW_INTERNAL_FUNCTION,REVIEW,REVIEW,código interno / dependencia; no public route asserted,,CONFIRMED,docs/legacy-analysis/file-inventory.csv:PHPMailer/src/OAuthTokenProvider.php
PHPMailer/src/PHPMailer.php,,LEGACY_INTERNAL,,,,Internal; see phase1 inventory,REVIEW_INTERNAL_FUNCTION,REVIEW,REVIEW,código interno / dependencia; no public route asserted,,CONFIRMED,docs/legacy-analysis/file-inventory.csv:PHPMailer/src/PHPMailer.php
PHPMailer/src/POP3.php,,LEGACY_INTERNAL,,,,Internal; see phase1 inventory,REVIEW_INTERNAL_FUNCTION,REVIEW,REVIEW,código interno / dependencia; no public route asserted,,CONFIRMED,docs/legacy-analysis/file-inventory.csv:PHPMailer/src/POP3.php
PHPMailer/src/SMTP.php,,LEGACY_INTERNAL,,,,Internal; see phase1 inventory,REVIEW_INTERNAL_FUNCTION,REVIEW,REVIEW,código interno / dependencia; no public route asserted,,CONFIRMED,docs/legacy-analysis/file-inventory.csv:PHPMailer/src/SMTP.php
sendMail/sendMail.php,,LEGACY_INTERNAL,,,,Internal; see phase1 inventory,REVIEW_INTERNAL_FUNCTION,REVIEW,REVIEW,include / correo; no public route asserted,,CONFIRMED,docs/legacy-analysis/file-inventory.csv:sendMail/sendMail.php
system/ajax/CreateStateSelect.php,,LEGACY_INTERNAL,,,,Internal; see phase1 inventory,REVIEW_INTERNAL_FUNCTION,REVIEW,REVIEW,procesamiento AJAX; no public route asserted,,CONFIRMED,docs/legacy-analysis/file-inventory.csv:system/ajax/CreateStateSelect.php
system/backoffice/Categorias/edit.php,,LEGACY_INTERNAL,,,,Internal; see phase1 inventory,REVIEW_INTERNAL_FUNCTION,REVIEW,REVIEW,administración / template; no public route asserted,,CONFIRMED,docs/legacy-analysis/file-inventory.csv:system/backoffice/Categorias/edit.php
system/backoffice/Categorias/list.php,,LEGACY_INTERNAL,,,,Internal; see phase1 inventory,REVIEW_INTERNAL_FUNCTION,REVIEW,REVIEW,administración / template; no public route asserted,,CONFIRMED,docs/legacy-analysis/file-inventory.csv:system/backoffice/Categorias/list.php
system/backoffice/Categorias.php,,LEGACY_INTERNAL,,,,Internal; see phase1 inventory,REVIEW_INTERNAL_FUNCTION,REVIEW,REVIEW,administración / template; no public route asserted,,CONFIRMED,docs/legacy-analysis/file-inventory.csv:system/backoffice/Categorias.php
system/backoffice/footer.php,,LEGACY_INTERNAL,,,,Internal; see phase1 inventory,REVIEW_INTERNAL_FUNCTION,REVIEW,REVIEW,administración / template; no public route asserted,,CONFIRMED,docs/legacy-analysis/file-inventory.csv:system/backoffice/footer.php
system/backoffice/footer_iframe.php,,LEGACY_INTERNAL,,,,Internal; see phase1 inventory,REVIEW_INTERNAL_FUNCTION,REVIEW,REVIEW,administración / template; no public route asserted,,CONFIRMED,docs/legacy-analysis/file-inventory.csv:system/backoffice/footer_iframe.php
system/backoffice/google_mapper.php,,LEGACY_INTERNAL,,,,Internal; see phase1 inventory,REVIEW_INTERNAL_FUNCTION,REVIEW,REVIEW,administración / template; no public route asserted,,CONFIRMED,docs/legacy-analysis/file-inventory.csv:system/backoffice/google_mapper.php
system/backoffice/header.php,,LEGACY_INTERNAL,,,,Internal; see phase1 inventory,REVIEW_INTERNAL_FUNCTION,REVIEW,REVIEW,administración / template; no public route asserted,,CONFIRMED,docs/legacy-analysis/file-inventory.csv:system/backoffice/header.php
system/backoffice/header_iframe.php,,LEGACY_INTERNAL,,,,Internal; see phase1 inventory,REVIEW_INTERNAL_FUNCTION,REVIEW,REVIEW,administración / template; no public route asserted,,CONFIRMED,docs/legacy-analysis/file-inventory.csv:system/backoffice/header_iframe.php
system/backoffice/includes/footer.php,,LEGACY_INTERNAL,,,,Internal; see phase1 inventory,REVIEW_INTERNAL_FUNCTION,REVIEW,REVIEW,administración / template; no public route asserted,,CONFIRMED,docs/legacy-analysis/file-inventory.csv:system/backoffice/includes/footer.php
system/backoffice/includes/header.php,,LEGACY_INTERNAL,,,,Internal; see phase1 inventory,REVIEW_INTERNAL_FUNCTION,REVIEW,REVIEW,administración / template; no public route asserted,,CONFIRMED,docs/legacy-analysis/file-inventory.csv:system/backoffice/includes/header.php
system/backoffice/includes/plugins/datatables/extensions/Scroller/examples/data/ssp.php,,LEGACY_INTERNAL,,,,Internal; see phase1 inventory,REVIEW_INTERNAL_FUNCTION,REVIEW,REVIEW,dependencia / ejemplo; no public route asserted,,CONFIRMED,docs/legacy-analysis/file-inventory.csv:system/backoffice/includes/plugins/datatables/extensions/Scroller/examples/data/ssp.php
system/backoffice/index.php,,LEGACY_INTERNAL,,,,Internal; see phase1 inventory,REVIEW_INTERNAL_FUNCTION,REVIEW,REVIEW,administración / template; no public route asserted,,CONFIRMED,docs/legacy-analysis/file-inventory.csv:system/backoffice/index.php
system/backoffice/main.php,,LEGACY_INTERNAL,,,,Internal; see phase1 inventory,REVIEW_INTERNAL_FUNCTION,REVIEW,REVIEW,administración / template; no public route asserted,,CONFIRMED,docs/legacy-analysis/file-inventory.csv:system/backoffice/main.php
system/backoffice/Marcas/edit.php,,LEGACY_INTERNAL,,,,Internal; see phase1 inventory,REVIEW_INTERNAL_FUNCTION,REVIEW,REVIEW,administración / template; no public route asserted,,CONFIRMED,docs/legacy-analysis/file-inventory.csv:system/backoffice/Marcas/edit.php
system/backoffice/Marcas/list.php,,LEGACY_INTERNAL,,,,Internal; see phase1 inventory,REVIEW_INTERNAL_FUNCTION,REVIEW,REVIEW,administración / template; no public route asserted,,CONFIRMED,docs/legacy-analysis/file-inventory.csv:system/backoffice/Marcas/list.php
system/backoffice/Marcas.php,,LEGACY_INTERNAL,,,,Internal; see phase1 inventory,REVIEW_INTERNAL_FUNCTION,REVIEW,REVIEW,administración / template; no public route asserted,,CONFIRMED,docs/legacy-analysis/file-inventory.csv:system/backoffice/Marcas.php
system/backoffice/menu.php,,LEGACY_INTERNAL,,,,Internal; see phase1 inventory,REVIEW_INTERNAL_FUNCTION,REVIEW,REVIEW,administración / template; no public route asserted,,CONFIRMED,docs/legacy-analysis/file-inventory.csv:system/backoffice/menu.php
system/backoffice/Productos/edit.php,,LEGACY_INTERNAL,,,,Internal; see phase1 inventory,REVIEW_INTERNAL_FUNCTION,REVIEW,REVIEW,administración / template; no public route asserted,,CONFIRMED,docs/legacy-analysis/file-inventory.csv:system/backoffice/Productos/edit.php
system/backoffice/Productos/list.php,,LEGACY_INTERNAL,,,,Internal; see phase1 inventory,REVIEW_INTERNAL_FUNCTION,REVIEW,REVIEW,administración / template; no public route asserted,,CONFIRMED,docs/legacy-analysis/file-inventory.csv:system/backoffice/Productos/list.php
system/backoffice/Productos.php,,LEGACY_INTERNAL,,,,Internal; see phase1 inventory,REVIEW_INTERNAL_FUNCTION,REVIEW,REVIEW,administración / template; no public route asserted,,CONFIRMED,docs/legacy-analysis/file-inventory.csv:system/backoffice/Productos.php
system/backoffice/user/edit.php,,LEGACY_INTERNAL,,,,Internal; see phase1 inventory,REVIEW_INTERNAL_FUNCTION,REVIEW,REVIEW,administración / template; no public route asserted,,CONFIRMED,docs/legacy-analysis/file-inventory.csv:system/backoffice/user/edit.php
system/backoffice/user/list.php,,LEGACY_INTERNAL,,,,Internal; see phase1 inventory,REVIEW_INTERNAL_FUNCTION,REVIEW,REVIEW,administración / template; no public route asserted,,CONFIRMED,docs/legacy-analysis/file-inventory.csv:system/backoffice/user/list.php
system/backoffice/user/user_login.php,,LEGACY_INTERNAL,,,,Internal; see phase1 inventory,REVIEW_INTERNAL_FUNCTION,REVIEW,REVIEW,administración / template; no public route asserted,,CONFIRMED,docs/legacy-analysis/file-inventory.csv:system/backoffice/user/user_login.php
system/backoffice/user.php,,LEGACY_INTERNAL,,,,Internal; see phase1 inventory,REVIEW_INTERNAL_FUNCTION,REVIEW,REVIEW,administración / template; no public route asserted,,CONFIRMED,docs/legacy-analysis/file-inventory.csv:system/backoffice/user.php
system/Categorias.php,,LEGACY_INTERNAL,,,,Internal; see phase1 inventory,REVIEW_INTERNAL_FUNCTION,REVIEW,REVIEW,endpoint / código interno; no public route asserted,,CONFIRMED,docs/legacy-analysis/file-inventory.csv:system/Categorias.php
system/common.php,,LEGACY_INTERNAL,,,,Internal; see phase1 inventory,REVIEW_INTERNAL_FUNCTION,REVIEW,REVIEW,configuración / bootstrap; no public route asserted,,CONFIRMED,docs/legacy-analysis/file-inventory.csv:system/common.php
system/debug.php,,LEGACY_INTERNAL,,,,Internal; see phase1 inventory,REVIEW_INTERNAL_FUNCTION,REVIEW,REVIEW,endpoint / código interno; no public route asserted,,CONFIRMED,docs/legacy-analysis/file-inventory.csv:system/debug.php
system/file.php,,LEGACY_INTERNAL,,,,Internal; see phase1 inventory,REVIEW_INTERNAL_FUNCTION,REVIEW,REVIEW,endpoint / código interno; no public route asserted,,CONFIRMED,docs/legacy-analysis/file-inventory.csv:system/file.php
system/index.php,,LEGACY_INTERNAL,,,,Internal; see phase1 inventory,REVIEW_INTERNAL_FUNCTION,REVIEW,REVIEW,endpoint / código interno; no public route asserted,,CONFIRMED,docs/legacy-analysis/file-inventory.csv:system/index.php
system/libs/CoreLibrary/_DB.class.php,,LEGACY_INTERNAL,,,,Internal; see phase1 inventory,REVIEW_INTERNAL_FUNCTION,REVIEW,REVIEW,código interno / dependencia; no public route asserted,,CONFIRMED,docs/legacy-analysis/file-inventory.csv:system/libs/CoreLibrary/_DB.class.php
system/libs/CoreLibrary/Application.class.php,,LEGACY_INTERNAL,,,,Internal; see phase1 inventory,REVIEW_INTERNAL_FUNCTION,REVIEW,REVIEW,código interno / dependencia; no public route asserted,,CONFIRMED,docs/legacy-analysis/file-inventory.csv:system/libs/CoreLibrary/Application.class.php
system/libs/CoreLibrary/Authentification.class.php,,LEGACY_INTERNAL,,,,Internal; see phase1 inventory,REVIEW_INTERNAL_FUNCTION,REVIEW,REVIEW,código interno / dependencia; no public route asserted,,CONFIRMED,docs/legacy-analysis/file-inventory.csv:system/libs/CoreLibrary/Authentification.class.php
system/libs/CoreLibrary/Banamex.class.php,,LEGACY_INTERNAL,,,,Internal; see phase1 inventory,REVIEW_INTERNAL_FUNCTION,REVIEW,REVIEW,código interno / dependencia; no public route asserted,,CONFIRMED,docs/legacy-analysis/file-inventory.csv:system/libs/CoreLibrary/Banamex.class.php
system/libs/CoreLibrary/Config.class.php,,LEGACY_INTERNAL,,,,Internal; see phase1 inventory,REVIEW_INTERNAL_FUNCTION,REVIEW,REVIEW,código interno / dependencia; no public route asserted,,CONFIRMED,docs/legacy-analysis/file-inventory.csv:system/libs/CoreLibrary/Config.class.php
system/libs/CoreLibrary/DB/Connections/LocalHostDB.class.php,,LEGACY_INTERNAL,,,,Internal; see phase1 inventory,REVIEW_INTERNAL_FUNCTION,REVIEW,REVIEW,código interno / dependencia; no public route asserted,,CONFIRMED,docs/legacy-analysis/file-inventory.csv:system/libs/CoreLibrary/DB/Connections/LocalHostDB.class.php
system/libs/CoreLibrary/DB/DAO/_AdvancedDAO.class.php,,LEGACY_INTERNAL,,,,Internal; see phase1 inventory,REVIEW_INTERNAL_FUNCTION,REVIEW,REVIEW,código interno / dependencia; no public route asserted,,CONFIRMED,docs/legacy-analysis/file-inventory.csv:system/libs/CoreLibrary/DB/DAO/_AdvancedDAO.class.php
system/libs/CoreLibrary/DB/DAO/_FileDAO.class.php,,LEGACY_INTERNAL,,,,Internal; see phase1 inventory,REVIEW_INTERNAL_FUNCTION,REVIEW,REVIEW,código interno / dependencia; no public route asserted,,CONFIRMED,docs/legacy-analysis/file-inventory.csv:system/libs/CoreLibrary/DB/DAO/_FileDAO.class.php
system/libs/CoreLibrary/DB/DAO/_GenericDAO.class.php,,LEGACY_INTERNAL,,,,Internal; see phase1 inventory,REVIEW_INTERNAL_FUNCTION,REVIEW,REVIEW,código interno / dependencia; no public route asserted,,CONFIRMED,docs/legacy-analysis/file-inventory.csv:system/libs/CoreLibrary/DB/DAO/_GenericDAO.class.php
system/libs/CoreLibrary/DB/DAO/AdvancedDAO.class.php,,LEGACY_INTERNAL,,,,Internal; see phase1 inventory,REVIEW_INTERNAL_FUNCTION,REVIEW,REVIEW,código interno / dependencia; no public route asserted,,CONFIRMED,docs/legacy-analysis/file-inventory.csv:system/libs/CoreLibrary/DB/DAO/AdvancedDAO.class.php
system/libs/CoreLibrary/DB/DAO/FileDAO.class.php,,LEGACY_INTERNAL,,,,Internal; see phase1 inventory,REVIEW_INTERNAL_FUNCTION,REVIEW,REVIEW,código interno / dependencia; no public route asserted,,CONFIRMED,docs/legacy-analysis/file-inventory.csv:system/libs/CoreLibrary/DB/DAO/FileDAO.class.php
system/libs/CoreLibrary/DB/DAO/GenericDAO.class.php,,LEGACY_INTERNAL,,,,Internal; see phase1 inventory,REVIEW_INTERNAL_FUNCTION,REVIEW,REVIEW,código interno / dependencia; no public route asserted,,CONFIRMED,docs/legacy-analysis/file-inventory.csv:system/libs/CoreLibrary/DB/DAO/GenericDAO.class.php
system/libs/CoreLibrary/DB/DAO/Timestampable.class.php,,LEGACY_INTERNAL,,,,Internal; see phase1 inventory,REVIEW_INTERNAL_FUNCTION,REVIEW,REVIEW,código interno / dependencia; no public route asserted,,CONFIRMED,docs/legacy-analysis/file-inventory.csv:system/libs/CoreLibrary/DB/DAO/Timestampable.class.php
system/libs/CoreLibrary/DB/DBConnection.class.php,,LEGACY_INTERNAL,,,,Internal; see phase1 inventory,REVIEW_INTERNAL_FUNCTION,REVIEW,REVIEW,código interno / dependencia; no public route asserted,,CONFIRMED,docs/legacy-analysis/file-inventory.csv:system/libs/CoreLibrary/DB/DBConnection.class.php
system/libs/CoreLibrary/DB/DBStrategy.class.php,,LEGACY_INTERNAL,,,,Internal; see phase1 inventory,REVIEW_INTERNAL_FUNCTION,REVIEW,REVIEW,código interno / dependencia; no public route asserted,,CONFIRMED,docs/legacy-analysis/file-inventory.csv:system/libs/CoreLibrary/DB/DBStrategy.class.php
system/libs/CoreLibrary/DB/MySQLStrategy.class.php,,LEGACY_INTERNAL,,,,Internal; see phase1 inventory,REVIEW_INTERNAL_FUNCTION,REVIEW,REVIEW,código interno / dependencia; no public route asserted,,CONFIRMED,docs/legacy-analysis/file-inventory.csv:system/libs/CoreLibrary/DB/MySQLStrategy.class.php
system/libs/CoreLibrary/DB.class.php,,LEGACY_INTERNAL,,,,Internal; see phase1 inventory,REVIEW_INTERNAL_FUNCTION,REVIEW,REVIEW,código interno / dependencia; no public route asserted,,CONFIRMED,docs/legacy-analysis/file-inventory.csv:system/libs/CoreLibrary/DB.class.php
system/libs/CoreLibrary/DBPEAR.class.php,,LEGACY_INTERNAL,,,,Internal; see phase1 inventory,REVIEW_INTERNAL_FUNCTION,REVIEW,REVIEW,código interno / dependencia; no public route asserted,,CONFIRMED,docs/legacy-analysis/file-inventory.csv:system/libs/CoreLibrary/DBPEAR.class.php
system/libs/CoreLibrary/ExcelWriter.class.php,,LEGACY_INTERNAL,,,,Internal; see phase1 inventory,REVIEW_INTERNAL_FUNCTION,REVIEW,REVIEW,código interno / dependencia; no public route asserted,,CONFIRMED,docs/legacy-analysis/file-inventory.csv:system/libs/CoreLibrary/ExcelWriter.class.php
system/libs/CoreLibrary/ExceptionHandler.class.php,,LEGACY_INTERNAL,,,,Internal; see phase1 inventory,REVIEW_INTERNAL_FUNCTION,REVIEW,REVIEW,código interno / dependencia; no public route asserted,,CONFIRMED,docs/legacy-analysis/file-inventory.csv:system/libs/CoreLibrary/ExceptionHandler.class.php
system/libs/CoreLibrary/Exceptions/ClassNotFoundException.class.php,,LEGACY_INTERNAL,,,,Internal; see phase1 inventory,REVIEW_INTERNAL_FUNCTION,REVIEW,REVIEW,código interno / dependencia; no public route asserted,,CONFIRMED,docs/legacy-analysis/file-inventory.csv:system/libs/CoreLibrary/Exceptions/ClassNotFoundException.class.php
system/libs/CoreLibrary/Exceptions/ErrorException2.class.php,,LEGACY_INTERNAL,,,,Internal; see phase1 inventory,REVIEW_INTERNAL_FUNCTION,REVIEW,REVIEW,código interno / dependencia; no public route asserted,,CONFIRMED,docs/legacy-analysis/file-inventory.csv:system/libs/CoreLibrary/Exceptions/ErrorException2.class.php
system/libs/CoreLibrary/Exceptions/MySQLException.class.php,,LEGACY_INTERNAL,,,,Internal; see phase1 inventory,REVIEW_INTERNAL_FUNCTION,REVIEW,REVIEW,código interno / dependencia; no public route asserted,,CONFIRMED,docs/legacy-analysis/file-inventory.csv:system/libs/CoreLibrary/Exceptions/MySQLException.class.php
system/libs/CoreLibrary/Exceptions/SQLException.class.php,,LEGACY_INTERNAL,,,,Internal; see phase1 inventory,REVIEW_INTERNAL_FUNCTION,REVIEW,REVIEW,código interno / dependencia; no public route asserted,,CONFIRMED,docs/legacy-analysis/file-inventory.csv:system/libs/CoreLibrary/Exceptions/SQLException.class.php
system/libs/CoreLibrary/Exceptions/WrongDataTypeException.class.php,,LEGACY_INTERNAL,,,,Internal; see phase1 inventory,REVIEW_INTERNAL_FUNCTION,REVIEW,REVIEW,código interno / dependencia; no public route asserted,,CONFIRMED,docs/legacy-analysis/file-inventory.csv:system/libs/CoreLibrary/Exceptions/WrongDataTypeException.class.php
system/libs/CoreLibrary/GUI/Calendar/CalendarApplication.class.php,,LEGACY_INTERNAL,,,,Internal; see phase1 inventory,REVIEW_INTERNAL_FUNCTION,REVIEW,REVIEW,código interno / dependencia; no public route asserted,,CONFIRMED,docs/legacy-analysis/file-inventory.csv:system/libs/CoreLibrary/GUI/Calendar/CalendarApplication.class.php
system/libs/CoreLibrary/GUI/Calendar/CalendarLanguage.class.php,,LEGACY_INTERNAL,,,,Internal; see phase1 inventory,REVIEW_INTERNAL_FUNCTION,REVIEW,REVIEW,código interno / dependencia; no public route asserted,,CONFIRMED,docs/legacy-analysis/file-inventory.csv:system/libs/CoreLibrary/GUI/Calendar/CalendarLanguage.class.php
system/libs/CoreLibrary/GUI/Calendar/CalendarLanguageSpanish.class.php,,LEGACY_INTERNAL,,,,Internal; see phase1 inventory,REVIEW_INTERNAL_FUNCTION,REVIEW,REVIEW,código interno / dependencia; no public route asserted,,CONFIRMED,docs/legacy-analysis/file-inventory.csv:system/libs/CoreLibrary/GUI/Calendar/CalendarLanguageSpanish.class.php
system/libs/CoreLibrary/GUI/Calendar/CalendarMonthDayColoring.class.php,,LEGACY_INTERNAL,,,,Internal; see phase1 inventory,REVIEW_INTERNAL_FUNCTION,REVIEW,REVIEW,código interno / dependencia; no public route asserted,,CONFIRMED,docs/legacy-analysis/file-inventory.csv:system/libs/CoreLibrary/GUI/Calendar/CalendarMonthDayColoring.class.php
system/libs/CoreLibrary/GUI/Calendar/CalendarMonthDayView.class.php,,LEGACY_INTERNAL,,,,Internal; see phase1 inventory,REVIEW_INTERNAL_FUNCTION,REVIEW,REVIEW,código interno / dependencia; no public route asserted,,CONFIRMED,docs/legacy-analysis/file-inventory.csv:system/libs/CoreLibrary/GUI/Calendar/CalendarMonthDayView.class.php
system/libs/CoreLibrary/GUI/Calendar/CalendarMonthSmallView.class.php,,LEGACY_INTERNAL,,,,Internal; see phase1 inventory,REVIEW_INTERNAL_FUNCTION,REVIEW,REVIEW,código interno / dependencia; no public route asserted,,CONFIRMED,docs/legacy-analysis/file-inventory.csv:system/libs/CoreLibrary/GUI/Calendar/CalendarMonthSmallView.class.php
system/libs/CoreLibrary/GUI/Calendar/CalendarMonthView.class.php,,LEGACY_INTERNAL,,,,Internal; see phase1 inventory,REVIEW_INTERNAL_FUNCTION,REVIEW,REVIEW,código interno / dependencia; no public route asserted,,CONFIRMED,docs/legacy-analysis/file-inventory.csv:system/libs/CoreLibrary/GUI/Calendar/CalendarMonthView.class.php
system/libs/CoreLibrary/GUI/Calendar/CalendarTools.class.php,,LEGACY_INTERNAL,,,,Internal; see phase1 inventory,REVIEW_INTERNAL_FUNCTION,REVIEW,REVIEW,código interno / dependencia; no public route asserted,,CONFIRMED,docs/legacy-analysis/file-inventory.csv:system/libs/CoreLibrary/GUI/Calendar/CalendarTools.class.php
system/libs/CoreLibrary/GUI/Calendar/CalendarView.class.php,,LEGACY_INTERNAL,,,,Internal; see phase1 inventory,REVIEW_INTERNAL_FUNCTION,REVIEW,REVIEW,código interno / dependencia; no public route asserted,,CONFIRMED,docs/legacy-analysis/file-inventory.csv:system/libs/CoreLibrary/GUI/Calendar/CalendarView.class.php
system/libs/CoreLibrary/GUI/Calendar/DB/CalendarEventsDAO.class.php,,LEGACY_INTERNAL,,,,Internal; see phase1 inventory,REVIEW_INTERNAL_FUNCTION,REVIEW,REVIEW,código interno / dependencia; no public route asserted,,CONFIRMED,docs/legacy-analysis/file-inventory.csv:system/libs/CoreLibrary/GUI/Calendar/DB/CalendarEventsDAO.class.php
system/libs/CoreLibrary/GUI/ListPanel/Action.class.php,,LEGACY_INTERNAL,,,,Internal; see phase1 inventory,REVIEW_INTERNAL_FUNCTION,REVIEW,REVIEW,código interno / dependencia; no public route asserted,,CONFIRMED,docs/legacy-analysis/file-inventory.csv:system/libs/CoreLibrary/GUI/ListPanel/Action.class.php
system/libs/CoreLibrary/GUI/ListPanel/Decorator/Decorator.class.php,,LEGACY_INTERNAL,,,,Internal; see phase1 inventory,REVIEW_INTERNAL_FUNCTION,REVIEW,REVIEW,código interno / dependencia; no public route asserted,,CONFIRMED,docs/legacy-analysis/file-inventory.csv:system/libs/CoreLibrary/GUI/ListPanel/Decorator/Decorator.class.php
system/libs/CoreLibrary/GUI/ListPanel/Decorator/Pager.class.php,,LEGACY_INTERNAL,,,,Internal; see phase1 inventory,REVIEW_INTERNAL_FUNCTION,REVIEW,REVIEW,código interno / dependencia; no public route asserted,,CONFIRMED,docs/legacy-analysis/file-inventory.csv:system/libs/CoreLibrary/GUI/ListPanel/Decorator/Pager.class.php
system/libs/CoreLibrary/GUI/ListPanel/Decorator/PagerTemplate.class.php,,LEGACY_INTERNAL,,,,Internal; see phase1 inventory,REVIEW_INTERNAL_FUNCTION,REVIEW,REVIEW,código interno / dependencia; no public route asserted,,CONFIRMED,docs/legacy-analysis/file-inventory.csv:system/libs/CoreLibrary/GUI/ListPanel/Decorator/PagerTemplate.class.php
system/libs/CoreLibrary/GUI/ListPanel/Decorator/RowActions.class.php,,LEGACY_INTERNAL,,,,Internal; see phase1 inventory,REVIEW_INTERNAL_FUNCTION,REVIEW,REVIEW,código interno / dependencia; no public route asserted,,CONFIRMED,docs/legacy-analysis/file-inventory.csv:system/libs/CoreLibrary/GUI/ListPanel/Decorator/RowActions.class.php
system/libs/CoreLibrary/GUI/ListPanel/Decorator/RowActionsTemplate.class.php,,LEGACY_INTERNAL,,,,Internal; see phase1 inventory,REVIEW_INTERNAL_FUNCTION,REVIEW,REVIEW,código interno / dependencia; no public route asserted,,CONFIRMED,docs/legacy-analysis/file-inventory.csv:system/libs/CoreLibrary/GUI/ListPanel/Decorator/RowActionsTemplate.class.php
system/libs/CoreLibrary/GUI/ListPanel/Decorator/Searcher.class.php,,LEGACY_INTERNAL,,,,Internal; see phase1 inventory,REVIEW_INTERNAL_FUNCTION,REVIEW,REVIEW,código interno / dependencia; no public route asserted,,CONFIRMED,docs/legacy-analysis/file-inventory.csv:system/libs/CoreLibrary/GUI/ListPanel/Decorator/Searcher.class.php
system/libs/CoreLibrary/GUI/ListPanel/Decorator/SearcherTemplate.class.php,,LEGACY_INTERNAL,,,,Internal; see phase1 inventory,REVIEW_INTERNAL_FUNCTION,REVIEW,REVIEW,código interno / dependencia; no public route asserted,,CONFIRMED,docs/legacy-analysis/file-inventory.csv:system/libs/CoreLibrary/GUI/ListPanel/Decorator/SearcherTemplate.class.php
system/libs/CoreLibrary/GUI/ListPanel/Decorator/Sorter.class.php,,LEGACY_INTERNAL,,,,Internal; see phase1 inventory,REVIEW_INTERNAL_FUNCTION,REVIEW,REVIEW,código interno / dependencia; no public route asserted,,CONFIRMED,docs/legacy-analysis/file-inventory.csv:system/libs/CoreLibrary/GUI/ListPanel/Decorator/Sorter.class.php
system/libs/CoreLibrary/GUI/ListPanel/Decorator/SorterTemplate.class.php,,LEGACY_INTERNAL,,,,Internal; see phase1 inventory,REVIEW_INTERNAL_FUNCTION,REVIEW,REVIEW,código interno / dependencia; no public route asserted,,CONFIRMED,docs/legacy-analysis/file-inventory.csv:system/libs/CoreLibrary/GUI/ListPanel/Decorator/SorterTemplate.class.php
system/libs/CoreLibrary/GUI/ListPanel/Decorator/TemplateDecorator.class.php,,LEGACY_INTERNAL,,,,Internal; see phase1 inventory,REVIEW_INTERNAL_FUNCTION,REVIEW,REVIEW,código interno / dependencia; no public route asserted,,CONFIRMED,docs/legacy-analysis/file-inventory.csv:system/libs/CoreLibrary/GUI/ListPanel/Decorator/TemplateDecorator.class.php
system/libs/CoreLibrary/GUI/ListPanel/ListPanel.class.php,,LEGACY_INTERNAL,,,,Internal; see phase1 inventory,REVIEW_INTERNAL_FUNCTION,REVIEW,REVIEW,código interno / dependencia; no public route asserted,,CONFIRMED,docs/legacy-analysis/file-inventory.csv:system/libs/CoreLibrary/GUI/ListPanel/ListPanel.class.php
system/libs/CoreLibrary/GUI/ListPanel/Template.class.php,,LEGACY_INTERNAL,,,,Internal; see phase1 inventory,REVIEW_INTERNAL_FUNCTION,REVIEW,REVIEW,código interno / dependencia; no public route asserted,,CONFIRMED,docs/legacy-analysis/file-inventory.csv:system/libs/CoreLibrary/GUI/ListPanel/Template.class.php
system/libs/CoreLibrary/IO/FileApplication.class.php,,LEGACY_INTERNAL,,,,Internal; see phase1 inventory,REVIEW_INTERNAL_FUNCTION,REVIEW,REVIEW,código interno / dependencia; no public route asserted,,CONFIRMED,docs/legacy-analysis/file-inventory.csv:system/libs/CoreLibrary/IO/FileApplication.class.php
system/libs/CoreLibrary/IO/FileSaver.class.php,,LEGACY_INTERNAL,,,,Internal; see phase1 inventory,REVIEW_INTERNAL_FUNCTION,REVIEW,REVIEW,código interno / dependencia; no public route asserted,,CONFIRMED,docs/legacy-analysis/file-inventory.csv:system/libs/CoreLibrary/IO/FileSaver.class.php
system/libs/CoreLibrary/IO/FileViewer.class.php,,LEGACY_INTERNAL,,,,Internal; see phase1 inventory,REVIEW_INTERNAL_FUNCTION,REVIEW,REVIEW,código interno / dependencia; no public route asserted,,CONFIRMED,docs/legacy-analysis/file-inventory.csv:system/libs/CoreLibrary/IO/FileViewer.class.php
system/libs/CoreLibrary/IO/ImageFileApplication.class.php,,LEGACY_INTERNAL,,,,Internal; see phase1 inventory,REVIEW_INTERNAL_FUNCTION,REVIEW,REVIEW,código interno / dependencia; no public route asserted,,CONFIRMED,docs/legacy-analysis/file-inventory.csv:system/libs/CoreLibrary/IO/ImageFileApplication.class.php
system/libs/CoreLibrary/IO/ImageFileViewer.class.php,,LEGACY_INTERNAL,,,,Internal; see phase1 inventory,REVIEW_INTERNAL_FUNCTION,REVIEW,REVIEW,código interno / dependencia; no public route asserted,,CONFIRMED,docs/legacy-analysis/file-inventory.csv:system/libs/CoreLibrary/IO/ImageFileViewer.class.php
system/libs/CoreLibrary/LoginApplication.class.php,,LEGACY_INTERNAL,,,,Internal; see phase1 inventory,REVIEW_INTERNAL_FUNCTION,REVIEW,REVIEW,código interno / dependencia; no public route asserted,,CONFIRMED,docs/legacy-analysis/file-inventory.csv:system/libs/CoreLibrary/LoginApplication.class.php
system/libs/CoreLibrary/Mailer.class.php,,LEGACY_INTERNAL,,,,Internal; see phase1 inventory,REVIEW_INTERNAL_FUNCTION,REVIEW,REVIEW,código interno / dependencia; no public route asserted,,CONFIRMED,docs/legacy-analysis/file-inventory.csv:system/libs/CoreLibrary/Mailer.class.php
system/libs/CoreLibrary/NestedException.class.php,,LEGACY_INTERNAL,,,,Internal; see phase1 inventory,REVIEW_INTERNAL_FUNCTION,REVIEW,REVIEW,código interno / dependencia; no public route asserted,,CONFIRMED,docs/legacy-analysis/file-inventory.csv:system/libs/CoreLibrary/NestedException.class.php
system/libs/CoreLibrary/Objeto.class.php,,LEGACY_INTERNAL,,,,Internal; see phase1 inventory,REVIEW_INTERNAL_FUNCTION,REVIEW,REVIEW,código interno / dependencia; no public route asserted,,CONFIRMED,docs/legacy-analysis/file-inventory.csv:system/libs/CoreLibrary/Objeto.class.php
system/libs/CoreLibrary/PaymentGateway/PayFlow/Exception.class.php,,LEGACY_INTERNAL,,,,Internal; see phase1 inventory,REVIEW_INTERNAL_FUNCTION,REVIEW,REVIEW,código interno / dependencia; no public route asserted,,CONFIRMED,docs/legacy-analysis/file-inventory.csv:system/libs/CoreLibrary/PaymentGateway/PayFlow/Exception.class.php
system/libs/CoreLibrary/PaymentGateway/PayFlow/Pro/Result/Approved.class.php,,LEGACY_INTERNAL,,,,Internal; see phase1 inventory,REVIEW_INTERNAL_FUNCTION,REVIEW,REVIEW,código interno / dependencia; no public route asserted,,CONFIRMED,docs/legacy-analysis/file-inventory.csv:system/libs/CoreLibrary/PaymentGateway/PayFlow/Pro/Result/Approved.class.php
system/libs/CoreLibrary/PaymentGateway/PayFlow/Pro/Result/Declined.class.php,,LEGACY_INTERNAL,,,,Internal; see phase1 inventory,REVIEW_INTERNAL_FUNCTION,REVIEW,REVIEW,código interno / dependencia; no public route asserted,,CONFIRMED,docs/legacy-analysis/file-inventory.csv:system/libs/CoreLibrary/PaymentGateway/PayFlow/Pro/Result/Declined.class.php
system/libs/CoreLibrary/PaymentGateway/PayFlow/Pro/Transaction/RecurrentBilling.class.php,,LEGACY_INTERNAL,,,,Internal; see phase1 inventory,REVIEW_INTERNAL_FUNCTION,REVIEW,REVIEW,código interno / dependencia; no public route asserted,,CONFIRMED,docs/legacy-analysis/file-inventory.csv:system/libs/CoreLibrary/PaymentGateway/PayFlow/Pro/Transaction/RecurrentBilling.class.php
system/libs/CoreLibrary/PaymentGateway/PayFlow/Pro/Transaction.class.php,,LEGACY_INTERNAL,,,,Internal; see phase1 inventory,REVIEW_INTERNAL_FUNCTION,REVIEW,REVIEW,código interno / dependencia; no public route asserted,,CONFIRMED,docs/legacy-analysis/file-inventory.csv:system/libs/CoreLibrary/PaymentGateway/PayFlow/Pro/Transaction.class.php
system/libs/CoreLibrary/PaymentGateway/PayFlow/Pro.class.php,,LEGACY_INTERNAL,,,,Internal; see phase1 inventory,REVIEW_INTERNAL_FUNCTION,REVIEW,REVIEW,código interno / dependencia; no public route asserted,,CONFIRMED,docs/legacy-analysis/file-inventory.csv:system/libs/CoreLibrary/PaymentGateway/PayFlow/Pro.class.php
system/libs/CoreLibrary/PaymentGateway/PayFlow.php,,LEGACY_INTERNAL,,,,Internal; see phase1 inventory,REVIEW_INTERNAL_FUNCTION,REVIEW,REVIEW,código interno / dependencia; no public route asserted,,CONFIRMED,docs/legacy-analysis/file-inventory.csv:system/libs/CoreLibrary/PaymentGateway/PayFlow.php
system/libs/CoreLibrary/PaymentGateway/USAePay/Check.class.php,,LEGACY_INTERNAL,,,,Internal; see phase1 inventory,REVIEW_INTERNAL_FUNCTION,REVIEW,REVIEW,código interno / dependencia; no public route asserted,,CONFIRMED,docs/legacy-analysis/file-inventory.csv:system/libs/CoreLibrary/PaymentGateway/USAePay/Check.class.php
system/libs/CoreLibrary/PaymentGateway/USAePay/CreditCard.class.php,,LEGACY_INTERNAL,,,,Internal; see phase1 inventory,REVIEW_INTERNAL_FUNCTION,REVIEW,REVIEW,código interno / dependencia; no public route asserted,,CONFIRMED,docs/legacy-analysis/file-inventory.csv:system/libs/CoreLibrary/PaymentGateway/USAePay/CreditCard.class.php
system/libs/CoreLibrary/PaymentGateway/USAePay/RecurrentBilling.class.php,,LEGACY_INTERNAL,,,,Internal; see phase1 inventory,REVIEW_INTERNAL_FUNCTION,REVIEW,REVIEW,código interno / dependencia; no public route asserted,,CONFIRMED,docs/legacy-analysis/file-inventory.csv:system/libs/CoreLibrary/PaymentGateway/USAePay/RecurrentBilling.class.php
system/libs/CoreLibrary/PaymentGateway/USAePay/Result/Approved.class.php,,LEGACY_INTERNAL,,,,Internal; see phase1 inventory,REVIEW_INTERNAL_FUNCTION,REVIEW,REVIEW,código interno / dependencia; no public route asserted,,CONFIRMED,docs/legacy-analysis/file-inventory.csv:system/libs/CoreLibrary/PaymentGateway/USAePay/Result/Approved.class.php
system/libs/CoreLibrary/PaymentGateway/USAePay/Result/Declined.class.php,,LEGACY_INTERNAL,,,,Internal; see phase1 inventory,REVIEW_INTERNAL_FUNCTION,REVIEW,REVIEW,código interno / dependencia; no public route asserted,,CONFIRMED,docs/legacy-analysis/file-inventory.csv:system/libs/CoreLibrary/PaymentGateway/USAePay/Result/Declined.class.php
system/libs/CoreLibrary/PaymentGateway/USAePay.class.php,,LEGACY_INTERNAL,,,,Internal; see phase1 inventory,REVIEW_INTERNAL_FUNCTION,REVIEW,REVIEW,código interno / dependencia; no public route asserted,,CONFIRMED,docs/legacy-analysis/file-inventory.csv:system/libs/CoreLibrary/PaymentGateway/USAePay.class.php
system/libs/CoreLibrary/PayPalPro.class.php,,LEGACY_INTERNAL,,,,Internal; see phase1 inventory,REVIEW_INTERNAL_FUNCTION,REVIEW,REVIEW,código interno / dependencia; no public route asserted,,CONFIRMED,docs/legacy-analysis/file-inventory.csv:system/libs/CoreLibrary/PayPalPro.class.php
system/libs/CoreLibrary/PermissionStrategy.class.php,,LEGACY_INTERNAL,,,,Internal; see phase1 inventory,REVIEW_INTERNAL_FUNCTION,REVIEW,REVIEW,código interno / dependencia; no public route asserted,,CONFIRMED,docs/legacy-analysis/file-inventory.csv:system/libs/CoreLibrary/PermissionStrategy.class.php
system/libs/CoreLibrary/RestHTTP.class.php,,LEGACY_INTERNAL,,,,Internal; see phase1 inventory,REVIEW_INTERNAL_FUNCTION,REVIEW,REVIEW,código interno / dependencia; no public route asserted,,CONFIRMED,docs/legacy-analysis/file-inventory.csv:system/libs/CoreLibrary/RestHTTP.class.php
system/libs/CoreLibrary/Security/Authentification.class.php,,LEGACY_INTERNAL,,,,Internal; see phase1 inventory,REVIEW_INTERNAL_FUNCTION,REVIEW,REVIEW,código interno / dependencia; no public route asserted,,CONFIRMED,docs/legacy-analysis/file-inventory.csv:system/libs/CoreLibrary/Security/Authentification.class.php
system/libs/CoreLibrary/Security/CaptchaSecurityImage.class.php,,LEGACY_INTERNAL,,,,Internal; see phase1 inventory,REVIEW_INTERNAL_FUNCTION,REVIEW,REVIEW,código interno / dependencia; no public route asserted,,CONFIRMED,docs/legacy-analysis/file-inventory.csv:system/libs/CoreLibrary/Security/CaptchaSecurityImage.class.php
system/libs/CoreLibrary/Util/CountryISOCodes.class.php,,LEGACY_INTERNAL,,,,Internal; see phase1 inventory,REVIEW_INTERNAL_FUNCTION,REVIEW,REVIEW,código interno / dependencia; no public route asserted,,CONFIRMED,docs/legacy-analysis/file-inventory.csv:system/libs/CoreLibrary/Util/CountryISOCodes.class.php
system/libs/CoreLibrary/Util/Date.class.php,,LEGACY_INTERNAL,,,,Internal; see phase1 inventory,REVIEW_INTERNAL_FUNCTION,REVIEW,REVIEW,código interno / dependencia; no public route asserted,,CONFIRMED,docs/legacy-analysis/file-inventory.csv:system/libs/CoreLibrary/Util/Date.class.php
system/libs/CoreLibrary/Util/Email.class.php,,LEGACY_INTERNAL,,,,Internal; see phase1 inventory,REVIEW_INTERNAL_FUNCTION,REVIEW,REVIEW,código interno / dependencia; no public route asserted,,CONFIRMED,docs/legacy-analysis/file-inventory.csv:system/libs/CoreLibrary/Util/Email.class.php
system/libs/CoreLibrary/Util/FriendlyURL.class.php,,LEGACY_INTERNAL,,,,Internal; see phase1 inventory,REVIEW_INTERNAL_FUNCTION,REVIEW,REVIEW,código interno / dependencia; no public route asserted,,CONFIRMED,docs/legacy-analysis/file-inventory.csv:system/libs/CoreLibrary/Util/FriendlyURL.class.php
system/libs/CoreLibrary/Util/HTML.class.php,,LEGACY_INTERNAL,,,,Internal; see phase1 inventory,REVIEW_INTERNAL_FUNCTION,REVIEW,REVIEW,código interno / dependencia; no public route asserted,,CONFIRMED,docs/legacy-analysis/file-inventory.csv:system/libs/CoreLibrary/Util/HTML.class.php
system/libs/CoreLibrary/Util/Server.class.php,,LEGACY_INTERNAL,,,,Internal; see phase1 inventory,REVIEW_INTERNAL_FUNCTION,REVIEW,REVIEW,código interno / dependencia; no public route asserted,,CONFIRMED,docs/legacy-analysis/file-inventory.csv:system/libs/CoreLibrary/Util/Server.class.php
system/libs/CoreLibrary/Util/SocialNetwork.class.php,,LEGACY_INTERNAL,,,,Internal; see phase1 inventory,REVIEW_INTERNAL_FUNCTION,REVIEW,REVIEW,código interno / dependencia; no public route asserted,,CONFIRMED,docs/legacy-analysis/file-inventory.csv:system/libs/CoreLibrary/Util/SocialNetwork.class.php
system/libs/CoreLibrary/Util/State/MXState.class.php,,LEGACY_INTERNAL,,,,Internal; see phase1 inventory,REVIEW_INTERNAL_FUNCTION,REVIEW,REVIEW,código interno / dependencia; no public route asserted,,CONFIRMED,docs/legacy-analysis/file-inventory.csv:system/libs/CoreLibrary/Util/State/MXState.class.php
system/libs/CoreLibrary/Util/State/USState.class.php,,LEGACY_INTERNAL,,,,Internal; see phase1 inventory,REVIEW_INTERNAL_FUNCTION,REVIEW,REVIEW,código interno / dependencia; no public route asserted,,CONFIRMED,docs/legacy-analysis/file-inventory.csv:system/libs/CoreLibrary/Util/State/USState.class.php
system/libs/CoreLibrary/Util/State.class.php,,LEGACY_INTERNAL,,,,Internal; see phase1 inventory,REVIEW_INTERNAL_FUNCTION,REVIEW,REVIEW,código interno / dependencia; no public route asserted,,CONFIRMED,docs/legacy-analysis/file-inventory.csv:system/libs/CoreLibrary/Util/State.class.php
system/libs/CoreLibrary/Util/String.class.php,,LEGACY_INTERNAL,,,,Internal; see phase1 inventory,REVIEW_INTERNAL_FUNCTION,REVIEW,REVIEW,código interno / dependencia; no public route asserted,,CONFIRMED,docs/legacy-analysis/file-inventory.csv:system/libs/CoreLibrary/Util/String.class.php
system/libs/CoreLibrary/Util/USStates.class.php,,LEGACY_INTERNAL,,,,Internal; see phase1 inventory,REVIEW_INTERNAL_FUNCTION,REVIEW,REVIEW,código interno / dependencia; no public route asserted,,CONFIRMED,docs/legacy-analysis/file-inventory.csv:system/libs/CoreLibrary/Util/USStates.class.php
system/libs/CoreLibrary/Validator/ErrorHandler.class.php,,LEGACY_INTERNAL,,,,Internal; see phase1 inventory,REVIEW_INTERNAL_FUNCTION,REVIEW,REVIEW,código interno / dependencia; no public route asserted,,CONFIRMED,docs/legacy-analysis/file-inventory.csv:system/libs/CoreLibrary/Validator/ErrorHandler.class.php
system/libs/CoreLibrary/Validator/Exception.class.php,,LEGACY_INTERNAL,,,,Internal; see phase1 inventory,REVIEW_INTERNAL_FUNCTION,REVIEW,REVIEW,código interno / dependencia; no public route asserted,,CONFIRMED,docs/legacy-analysis/file-inventory.csv:system/libs/CoreLibrary/Validator/Exception.class.php
system/libs/CoreLibrary/Validator/FileTester.class.php,,LEGACY_INTERNAL,,,,Internal; see phase1 inventory,REVIEW_INTERNAL_FUNCTION,REVIEW,REVIEW,código interno / dependencia; no public route asserted,,CONFIRMED,docs/legacy-analysis/file-inventory.csv:system/libs/CoreLibrary/Validator/FileTester.class.php
system/libs/CoreLibrary/Validator/Test/Address/CountryCode.class.php,,LEGACY_INTERNAL,,,,Internal; see phase1 inventory,REVIEW_INTERNAL_FUNCTION,REVIEW,REVIEW,código interno / dependencia; no public route asserted,,CONFIRMED,docs/legacy-analysis/file-inventory.csv:system/libs/CoreLibrary/Validator/Test/Address/CountryCode.class.php
system/libs/CoreLibrary/Validator/Test/Address/ZipCode.class.php,,LEGACY_INTERNAL,,,,Internal; see phase1 inventory,REVIEW_INTERNAL_FUNCTION,REVIEW,REVIEW,código interno / dependencia; no public route asserted,,CONFIRMED,docs/legacy-analysis/file-inventory.csv:system/libs/CoreLibrary/Validator/Test/Address/ZipCode.class.php
system/libs/CoreLibrary/Validator/Test/AlwaysNotValid.class.php,,LEGACY_INTERNAL,,,,Internal; see phase1 inventory,REVIEW_INTERNAL_FUNCTION,REVIEW,REVIEW,código interno / dependencia; no public route asserted,,CONFIRMED,docs/legacy-analysis/file-inventory.csv:system/libs/CoreLibrary/Validator/Test/AlwaysNotValid.class.php
system/libs/CoreLibrary/Validator/Test/Date/YYYYMMDD.class.php,,LEGACY_INTERNAL,,,,Internal; see phase1 inventory,REVIEW_INTERNAL_FUNCTION,REVIEW,REVIEW,código interno / dependencia; no public route asserted,,CONFIRMED,docs/legacy-analysis/file-inventory.csv:system/libs/CoreLibrary/Validator/Test/Date/YYYYMMDD.class.php
system/libs/CoreLibrary/Validator/Test/Date.class.php,,LEGACY_INTERNAL,,,,Internal; see phase1 inventory,REVIEW_INTERNAL_FUNCTION,REVIEW,REVIEW,código interno / dependencia; no public route asserted,,CONFIRMED,docs/legacy-analysis/file-inventory.csv:system/libs/CoreLibrary/Validator/Test/Date.class.php
system/libs/CoreLibrary/Validator/Test/Email.class.php,,LEGACY_INTERNAL,,,,Internal; see phase1 inventory,REVIEW_INTERNAL_FUNCTION,REVIEW,REVIEW,código interno / dependencia; no public route asserted,,CONFIRMED,docs/legacy-analysis/file-inventory.csv:system/libs/CoreLibrary/Validator/Test/Email.class.php
system/libs/CoreLibrary/Validator/Test/Equal.class.php,,LEGACY_INTERNAL,,,,Internal; see phase1 inventory,REVIEW_INTERNAL_FUNCTION,REVIEW,REVIEW,código interno / dependencia; no public route asserted,,CONFIRMED,docs/legacy-analysis/file-inventory.csv:system/libs/CoreLibrary/Validator/Test/Equal.class.php
system/libs/CoreLibrary/Validator/Test/FileUpload/Excel.class.php,,LEGACY_INTERNAL,,,,Internal; see phase1 inventory,REVIEW_INTERNAL_FUNCTION,REVIEW,REVIEW,código interno / dependencia; no public route asserted,,CONFIRMED,docs/legacy-analysis/file-inventory.csv:system/libs/CoreLibrary/Validator/Test/FileUpload/Excel.class.php
system/libs/CoreLibrary/Validator/Test/FileUpload/FLV.class.php,,LEGACY_INTERNAL,,,,Internal; see phase1 inventory,REVIEW_INTERNAL_FUNCTION,REVIEW,REVIEW,código interno / dependencia; no public route asserted,,CONFIRMED,docs/legacy-analysis/file-inventory.csv:system/libs/CoreLibrary/Validator/Test/FileUpload/FLV.class.php
system/libs/CoreLibrary/Validator/Test/FileUpload/Image.class.php,,LEGACY_INTERNAL,,,,Internal; see phase1 inventory,REVIEW_INTERNAL_FUNCTION,REVIEW,REVIEW,código interno / dependencia; no public route asserted,,CONFIRMED,docs/legacy-analysis/file-inventory.csv:system/libs/CoreLibrary/Validator/Test/FileUpload/Image.class.php
system/libs/CoreLibrary/Validator/Test/FileUpload/iPodM4V.class.php,,LEGACY_INTERNAL,,,,Internal; see phase1 inventory,REVIEW_INTERNAL_FUNCTION,REVIEW,REVIEW,código interno / dependencia; no public route asserted,,CONFIRMED,docs/legacy-analysis/file-inventory.csv:system/libs/CoreLibrary/Validator/Test/FileUpload/iPodM4V.class.php
system/libs/CoreLibrary/Validator/Test/FileUpload/MPG4.class.php,,LEGACY_INTERNAL,,,,Internal; see phase1 inventory,REVIEW_INTERNAL_FUNCTION,REVIEW,REVIEW,código interno / dependencia; no public route asserted,,CONFIRMED,docs/legacy-analysis/file-inventory.csv:system/libs/CoreLibrary/Validator/Test/FileUpload/MPG4.class.php
system/libs/CoreLibrary/Validator/Test/FileUpload/PDF.class.php,,LEGACY_INTERNAL,,,,Internal; see phase1 inventory,REVIEW_INTERNAL_FUNCTION,REVIEW,REVIEW,código interno / dependencia; no public route asserted,,CONFIRMED,docs/legacy-analysis/file-inventory.csv:system/libs/CoreLibrary/Validator/Test/FileUpload/PDF.class.php
system/libs/CoreLibrary/Validator/Test/FileUpload/PPT.class.php,,LEGACY_INTERNAL,,,,Internal; see phase1 inventory,REVIEW_INTERNAL_FUNCTION,REVIEW,REVIEW,código interno / dependencia; no public route asserted,,CONFIRMED,docs/legacy-analysis/file-inventory.csv:system/libs/CoreLibrary/Validator/Test/FileUpload/PPT.class.php
system/libs/CoreLibrary/Validator/Test/FileUpload/Word.class.php,,LEGACY_INTERNAL,,,,Internal; see phase1 inventory,REVIEW_INTERNAL_FUNCTION,REVIEW,REVIEW,código interno / dependencia; no public route asserted,,CONFIRMED,docs/legacy-analysis/file-inventory.csv:system/libs/CoreLibrary/Validator/Test/FileUpload/Word.class.php
system/libs/CoreLibrary/Validator/Test/FileUpload.class.php,,LEGACY_INTERNAL,,,,Internal; see phase1 inventory,REVIEW_INTERNAL_FUNCTION,REVIEW,REVIEW,código interno / dependencia; no public route asserted,,CONFIRMED,docs/legacy-analysis/file-inventory.csv:system/libs/CoreLibrary/Validator/Test/FileUpload.class.php
system/libs/CoreLibrary/Validator/Test/NotEmpty.class.php,,LEGACY_INTERNAL,,,,Internal; see phase1 inventory,REVIEW_INTERNAL_FUNCTION,REVIEW,REVIEW,código interno / dependencia; no public route asserted,,CONFIRMED,docs/legacy-analysis/file-inventory.csv:system/libs/CoreLibrary/Validator/Test/NotEmpty.class.php
system/libs/CoreLibrary/Validator/Test/NotEqual.class.php,,LEGACY_INTERNAL,,,,Internal; see phase1 inventory,REVIEW_INTERNAL_FUNCTION,REVIEW,REVIEW,código interno / dependencia; no public route asserted,,CONFIRMED,docs/legacy-analysis/file-inventory.csv:system/libs/CoreLibrary/Validator/Test/NotEqual.class.php
system/libs/CoreLibrary/Validator/Test/Numeric/Between.class.php,,LEGACY_INTERNAL,,,,Internal; see phase1 inventory,REVIEW_INTERNAL_FUNCTION,REVIEW,REVIEW,código interno / dependencia; no public route asserted,,CONFIRMED,docs/legacy-analysis/file-inventory.csv:system/libs/CoreLibrary/Validator/Test/Numeric/Between.class.php
system/libs/CoreLibrary/Validator/Test/Numeric/Float.class.php,,LEGACY_INTERNAL,,,,Internal; see phase1 inventory,REVIEW_INTERNAL_FUNCTION,REVIEW,REVIEW,código interno / dependencia; no public route asserted,,CONFIRMED,docs/legacy-analysis/file-inventory.csv:system/libs/CoreLibrary/Validator/Test/Numeric/Float.class.php
system/libs/CoreLibrary/Validator/Test/Numeric/Integer.class.php,,LEGACY_INTERNAL,,,,Internal; see phase1 inventory,REVIEW_INTERNAL_FUNCTION,REVIEW,REVIEW,código interno / dependencia; no public route asserted,,CONFIRMED,docs/legacy-analysis/file-inventory.csv:system/libs/CoreLibrary/Validator/Test/Numeric/Integer.class.php
system/libs/CoreLibrary/Validator/Test/Numeric/Unsigned.class.php,,LEGACY_INTERNAL,,,,Internal; see phase1 inventory,REVIEW_INTERNAL_FUNCTION,REVIEW,REVIEW,código interno / dependencia; no public route asserted,,CONFIRMED,docs/legacy-analysis/file-inventory.csv:system/libs/CoreLibrary/Validator/Test/Numeric/Unsigned.class.php
system/libs/CoreLibrary/Validator/Test/Numeric/UnsignedFloat.class.php,,LEGACY_INTERNAL,,,,Internal; see phase1 inventory,REVIEW_INTERNAL_FUNCTION,REVIEW,REVIEW,código interno / dependencia; no public route asserted,,CONFIRMED,docs/legacy-analysis/file-inventory.csv:system/libs/CoreLibrary/Validator/Test/Numeric/UnsignedFloat.class.php
system/libs/CoreLibrary/Validator/Test/Numeric/UnsignedInteger.class.php,,LEGACY_INTERNAL,,,,Internal; see phase1 inventory,REVIEW_INTERNAL_FUNCTION,REVIEW,REVIEW,código interno / dependencia; no public route asserted,,CONFIRMED,docs/legacy-analysis/file-inventory.csv:system/libs/CoreLibrary/Validator/Test/Numeric/UnsignedInteger.class.php
system/libs/CoreLibrary/Validator/Test/Numeric.class.php,,LEGACY_INTERNAL,,,,Internal; see phase1 inventory,REVIEW_INTERNAL_FUNCTION,REVIEW,REVIEW,código interno / dependencia; no public route asserted,,CONFIRMED,docs/legacy-analysis/file-inventory.csv:system/libs/CoreLibrary/Validator/Test/Numeric.class.php
system/libs/CoreLibrary/Validator/Test/RegEx.class.php,,LEGACY_INTERNAL,,,,Internal; see phase1 inventory,REVIEW_INTERNAL_FUNCTION,REVIEW,REVIEW,código interno / dependencia; no public route asserted,,CONFIRMED,docs/legacy-analysis/file-inventory.csv:system/libs/CoreLibrary/Validator/Test/RegEx.class.php
system/libs/CoreLibrary/Validator/Test/ReturnFalse.class.php,,LEGACY_INTERNAL,,,,Internal; see phase1 inventory,REVIEW_INTERNAL_FUNCTION,REVIEW,REVIEW,código interno / dependencia; no public route asserted,,CONFIRMED,docs/legacy-analysis/file-inventory.csv:system/libs/CoreLibrary/Validator/Test/ReturnFalse.class.php
system/libs/CoreLibrary/Validator/Test/String/NoHTML.class.php,,LEGACY_INTERNAL,,,,Internal; see phase1 inventory,REVIEW_INTERNAL_FUNCTION,REVIEW,REVIEW,código interno / dependencia; no public route asserted,,CONFIRMED,docs/legacy-analysis/file-inventory.csv:system/libs/CoreLibrary/Validator/Test/String/NoHTML.class.php
system/libs/CoreLibrary/Validator/Test/String.class.php,,LEGACY_INTERNAL,,,,Internal; see phase1 inventory,REVIEW_INTERNAL_FUNCTION,REVIEW,REVIEW,código interno / dependencia; no public route asserted,,CONFIRMED,docs/legacy-analysis/file-inventory.csv:system/libs/CoreLibrary/Validator/Test/String.class.php
system/libs/CoreLibrary/Validator/Test.class.php,,LEGACY_INTERNAL,,,,Internal; see phase1 inventory,REVIEW_INTERNAL_FUNCTION,REVIEW,REVIEW,código interno / dependencia; no public route asserted,,CONFIRMED,docs/legacy-analysis/file-inventory.csv:system/libs/CoreLibrary/Validator/Test.class.php
system/libs/CoreLibrary/Validator/Tester.class.php,,LEGACY_INTERNAL,,,,Internal; see phase1 inventory,REVIEW_INTERNAL_FUNCTION,REVIEW,REVIEW,código interno / dependencia; no public route asserted,,CONFIRMED,docs/legacy-analysis/file-inventory.csv:system/libs/CoreLibrary/Validator/Tester.class.php
system/libs/CoreLibrary/Validator/TestException.class.php,,LEGACY_INTERNAL,,,,Internal; see phase1 inventory,REVIEW_INTERNAL_FUNCTION,REVIEW,REVIEW,código interno / dependencia; no public route asserted,,CONFIRMED,docs/legacy-analysis/file-inventory.csv:system/libs/CoreLibrary/Validator/TestException.class.php
system/libs/CoreLibrary/Validator.class.php,,LEGACY_INTERNAL,,,,Internal; see phase1 inventory,REVIEW_INTERNAL_FUNCTION,REVIEW,REVIEW,código interno / dependencia; no public route asserted,,CONFIRMED,docs/legacy-analysis/file-inventory.csv:system/libs/CoreLibrary/Validator.class.php
system/libs/Entity/Search/Result/Video.class.php,,LEGACY_INTERNAL,,,,Internal; see phase1 inventory,REVIEW_INTERNAL_FUNCTION,REVIEW,REVIEW,código interno / dependencia; no public route asserted,,CONFIRMED,docs/legacy-analysis/file-inventory.csv:system/libs/Entity/Search/Result/Video.class.php
system/libs/Entity/Util/VideoArray.class.php,,LEGACY_INTERNAL,,,,Internal; see phase1 inventory,REVIEW_INTERNAL_FUNCTION,REVIEW,REVIEW,código interno / dependencia; no public route asserted,,CONFIRMED,docs/legacy-analysis/file-inventory.csv:system/libs/Entity/Util/VideoArray.class.php
system/libs/Entity/Video.class.php,,LEGACY_INTERNAL,,,,Internal; see phase1 inventory,REVIEW_INTERNAL_FUNCTION,REVIEW,REVIEW,código interno / dependencia; no public route asserted,,CONFIRMED,docs/legacy-analysis/file-inventory.csv:system/libs/Entity/Video.class.php
system/libs/HTTP/Net/URL2.php,,LEGACY_INTERNAL,,,,Internal; see phase1 inventory,REVIEW_INTERNAL_FUNCTION,REVIEW,REVIEW,código interno / dependencia; no public route asserted,,CONFIRMED,docs/legacy-analysis/file-inventory.csv:system/libs/HTTP/Net/URL2.php
system/libs/HTTP/Request2/Adapter/Curl.php,,LEGACY_INTERNAL,,,,Internal; see phase1 inventory,REVIEW_INTERNAL_FUNCTION,REVIEW,REVIEW,código interno / dependencia; no public route asserted,,CONFIRMED,docs/legacy-analysis/file-inventory.csv:system/libs/HTTP/Request2/Adapter/Curl.php
system/libs/HTTP/Request2/Adapter/Mock.php,,LEGACY_INTERNAL,,,,Internal; see phase1 inventory,REVIEW_INTERNAL_FUNCTION,REVIEW,REVIEW,código interno / dependencia; no public route asserted,,CONFIRMED,docs/legacy-analysis/file-inventory.csv:system/libs/HTTP/Request2/Adapter/Mock.php
system/libs/HTTP/Request2/Adapter/Socket.php,,LEGACY_INTERNAL,,,,Internal; see phase1 inventory,REVIEW_INTERNAL_FUNCTION,REVIEW,REVIEW,código interno / dependencia; no public route asserted,,CONFIRMED,docs/legacy-analysis/file-inventory.csv:system/libs/HTTP/Request2/Adapter/Socket.php
system/libs/HTTP/Request2/Adapter.php,,LEGACY_INTERNAL,,,,Internal; see phase1 inventory,REVIEW_INTERNAL_FUNCTION,REVIEW,REVIEW,código interno / dependencia; no public route asserted,,CONFIRMED,docs/legacy-analysis/file-inventory.csv:system/libs/HTTP/Request2/Adapter.php
system/libs/HTTP/Request2/ConnectionException.php,,LEGACY_INTERNAL,,,,Internal; see phase1 inventory,REVIEW_INTERNAL_FUNCTION,REVIEW,REVIEW,código interno / dependencia; no public route asserted,,CONFIRMED,docs/legacy-analysis/file-inventory.csv:system/libs/HTTP/Request2/ConnectionException.php
system/libs/HTTP/Request2/CookieJar.php,,LEGACY_INTERNAL,,,,Internal; see phase1 inventory,REVIEW_INTERNAL_FUNCTION,REVIEW,REVIEW,código interno / dependencia; no public route asserted,,CONFIRMED,docs/legacy-analysis/file-inventory.csv:system/libs/HTTP/Request2/CookieJar.php
system/libs/HTTP/Request2/Exception.php,,LEGACY_INTERNAL,,,,Internal; see phase1 inventory,REVIEW_INTERNAL_FUNCTION,REVIEW,REVIEW,código interno / dependencia; no public route asserted,,CONFIRMED,docs/legacy-analysis/file-inventory.csv:system/libs/HTTP/Request2/Exception.php
system/libs/HTTP/Request2/LogicException.php,,LEGACY_INTERNAL,,,,Internal; see phase1 inventory,REVIEW_INTERNAL_FUNCTION,REVIEW,REVIEW,código interno / dependencia; no public route asserted,,CONFIRMED,docs/legacy-analysis/file-inventory.csv:system/libs/HTTP/Request2/LogicException.php
system/libs/HTTP/Request2/MessageException.php,,LEGACY_INTERNAL,,,,Internal; see phase1 inventory,REVIEW_INTERNAL_FUNCTION,REVIEW,REVIEW,código interno / dependencia; no public route asserted,,CONFIRMED,docs/legacy-analysis/file-inventory.csv:system/libs/HTTP/Request2/MessageException.php
system/libs/HTTP/Request2/MultipartBody.php,,LEGACY_INTERNAL,,,,Internal; see phase1 inventory,REVIEW_INTERNAL_FUNCTION,REVIEW,REVIEW,código interno / dependencia; no public route asserted,,CONFIRMED,docs/legacy-analysis/file-inventory.csv:system/libs/HTTP/Request2/MultipartBody.php
system/libs/HTTP/Request2/NotImplementedException.php,,LEGACY_INTERNAL,,,,Internal; see phase1 inventory,REVIEW_INTERNAL_FUNCTION,REVIEW,REVIEW,código interno / dependencia; no public route asserted,,CONFIRMED,docs/legacy-analysis/file-inventory.csv:system/libs/HTTP/Request2/NotImplementedException.php
system/libs/HTTP/Request2/Observer/Log.php,,LEGACY_INTERNAL,,,,Internal; see phase1 inventory,REVIEW_INTERNAL_FUNCTION,REVIEW,REVIEW,código interno / dependencia; no public route asserted,,CONFIRMED,docs/legacy-analysis/file-inventory.csv:system/libs/HTTP/Request2/Observer/Log.php
system/libs/HTTP/Request2/Observer/UncompressingDownload.php,,LEGACY_INTERNAL,,,,Internal; see phase1 inventory,REVIEW_INTERNAL_FUNCTION,REVIEW,REVIEW,código interno / dependencia; no public route asserted,,CONFIRMED,docs/legacy-analysis/file-inventory.csv:system/libs/HTTP/Request2/Observer/UncompressingDownload.php
system/libs/HTTP/Request2/Response.php,,LEGACY_INTERNAL,,,,Internal; see phase1 inventory,REVIEW_INTERNAL_FUNCTION,REVIEW,REVIEW,código interno / dependencia; no public route asserted,,CONFIRMED,docs/legacy-analysis/file-inventory.csv:system/libs/HTTP/Request2/Response.php
system/libs/HTTP/Request2/SocketWrapper.php,,LEGACY_INTERNAL,,,,Internal; see phase1 inventory,REVIEW_INTERNAL_FUNCTION,REVIEW,REVIEW,código interno / dependencia; no public route asserted,,CONFIRMED,docs/legacy-analysis/file-inventory.csv:system/libs/HTTP/Request2/SocketWrapper.php
system/libs/HTTP/Request2/SOCKS5.php,,LEGACY_INTERNAL,,,,Internal; see phase1 inventory,REVIEW_INTERNAL_FUNCTION,REVIEW,REVIEW,código interno / dependencia; no public route asserted,,CONFIRMED,docs/legacy-analysis/file-inventory.csv:system/libs/HTTP/Request2/SOCKS5.php
system/libs/HTTP/Request2.php,,LEGACY_INTERNAL,,,,Internal; see phase1 inventory,REVIEW_INTERNAL_FUNCTION,REVIEW,REVIEW,código interno / dependencia; no public route asserted,,CONFIRMED,docs/legacy-analysis/file-inventory.csv:system/libs/HTTP/Request2.php
system/libs/Nusoap/nusoap-respaldo.php,,LEGACY_INTERNAL,,,,Internal; see phase1 inventory,REVIEW_INTERNAL_FUNCTION,REVIEW,REVIEW,código interno / dependencia; no public route asserted,,CONFIRMED,docs/legacy-analysis/file-inventory.csv:system/libs/Nusoap/nusoap-respaldo.php
system/libs/Nusoap/nusoap.php,,LEGACY_INTERNAL,,,,Internal; see phase1 inventory,REVIEW_INTERNAL_FUNCTION,REVIEW,REVIEW,código interno / dependencia; no public route asserted,,CONFIRMED,docs/legacy-analysis/file-inventory.csv:system/libs/Nusoap/nusoap.php
system/libs/Nusoap/nusoap0.7.3.php,,LEGACY_INTERNAL,,,,Internal; see phase1 inventory,REVIEW_INTERNAL_FUNCTION,REVIEW,REVIEW,código interno / dependencia; no public route asserted,,CONFIRMED,docs/legacy-analysis/file-inventory.csv:system/libs/Nusoap/nusoap0.7.3.php
system/libs/PEAR/DB/common.php,,LEGACY_INTERNAL,,,,Internal; see phase1 inventory,REVIEW_INTERNAL_FUNCTION,REVIEW,REVIEW,código interno / dependencia; no public route asserted,,CONFIRMED,docs/legacy-analysis/file-inventory.csv:system/libs/PEAR/DB/common.php
system/libs/PEAR/DB/dbase.php,,LEGACY_INTERNAL,,,,Internal; see phase1 inventory,REVIEW_INTERNAL_FUNCTION,REVIEW,REVIEW,código interno / dependencia; no public route asserted,,CONFIRMED,docs/legacy-analysis/file-inventory.csv:system/libs/PEAR/DB/dbase.php
system/libs/PEAR/DB/fbsql.php,,LEGACY_INTERNAL,,,,Internal; see phase1 inventory,REVIEW_INTERNAL_FUNCTION,REVIEW,REVIEW,código interno / dependencia; no public route asserted,,CONFIRMED,docs/legacy-analysis/file-inventory.csv:system/libs/PEAR/DB/fbsql.php
system/libs/PEAR/DB/ibase.php,,LEGACY_INTERNAL,,,,Internal; see phase1 inventory,REVIEW_INTERNAL_FUNCTION,REVIEW,REVIEW,código interno / dependencia; no public route asserted,,CONFIRMED,docs/legacy-analysis/file-inventory.csv:system/libs/PEAR/DB/ibase.php
system/libs/PEAR/DB/ifx.php,,LEGACY_INTERNAL,,,,Internal; see phase1 inventory,REVIEW_INTERNAL_FUNCTION,REVIEW,REVIEW,código interno / dependencia; no public route asserted,,CONFIRMED,docs/legacy-analysis/file-inventory.csv:system/libs/PEAR/DB/ifx.php
system/libs/PEAR/DB/msql.php,,LEGACY_INTERNAL,,,,Internal; see phase1 inventory,REVIEW_INTERNAL_FUNCTION,REVIEW,REVIEW,código interno / dependencia; no public route asserted,,CONFIRMED,docs/legacy-analysis/file-inventory.csv:system/libs/PEAR/DB/msql.php
system/libs/PEAR/DB/mssql.php,,LEGACY_INTERNAL,,,,Internal; see phase1 inventory,REVIEW_INTERNAL_FUNCTION,REVIEW,REVIEW,código interno / dependencia; no public route asserted,,CONFIRMED,docs/legacy-analysis/file-inventory.csv:system/libs/PEAR/DB/mssql.php
system/libs/PEAR/DB/mysql.php,,LEGACY_INTERNAL,,,,Internal; see phase1 inventory,REVIEW_INTERNAL_FUNCTION,REVIEW,REVIEW,código interno / dependencia; no public route asserted,,CONFIRMED,docs/legacy-analysis/file-inventory.csv:system/libs/PEAR/DB/mysql.php
system/libs/PEAR/DB/mysqli.php,,LEGACY_INTERNAL,,,,Internal; see phase1 inventory,REVIEW_INTERNAL_FUNCTION,REVIEW,REVIEW,código interno / dependencia; no public route asserted,,CONFIRMED,docs/legacy-analysis/file-inventory.csv:system/libs/PEAR/DB/mysqli.php
system/libs/PEAR/DB/oci8.php,,LEGACY_INTERNAL,,,,Internal; see phase1 inventory,REVIEW_INTERNAL_FUNCTION,REVIEW,REVIEW,código interno / dependencia; no public route asserted,,CONFIRMED,docs/legacy-analysis/file-inventory.csv:system/libs/PEAR/DB/oci8.php
system/libs/PEAR/DB/odbc.php,,LEGACY_INTERNAL,,,,Internal; see phase1 inventory,REVIEW_INTERNAL_FUNCTION,REVIEW,REVIEW,código interno / dependencia; no public route asserted,,CONFIRMED,docs/legacy-analysis/file-inventory.csv:system/libs/PEAR/DB/odbc.php
system/libs/PEAR/DB/pgsql.php,,LEGACY_INTERNAL,,,,Internal; see phase1 inventory,REVIEW_INTERNAL_FUNCTION,REVIEW,REVIEW,código interno / dependencia; no public route asserted,,CONFIRMED,docs/legacy-analysis/file-inventory.csv:system/libs/PEAR/DB/pgsql.php
system/libs/PEAR/DB/sqlite.php,,LEGACY_INTERNAL,,,,Internal; see phase1 inventory,REVIEW_INTERNAL_FUNCTION,REVIEW,REVIEW,código interno / dependencia; no public route asserted,,CONFIRMED,docs/legacy-analysis/file-inventory.csv:system/libs/PEAR/DB/sqlite.php
system/libs/PEAR/DB/storage.php,,LEGACY_INTERNAL,,,,Internal; see phase1 inventory,REVIEW_INTERNAL_FUNCTION,REVIEW,REVIEW,código interno / dependencia; no public route asserted,,CONFIRMED,docs/legacy-analysis/file-inventory.csv:system/libs/PEAR/DB/storage.php
system/libs/PEAR/DB/sybase.php,,LEGACY_INTERNAL,,,,Internal; see phase1 inventory,REVIEW_INTERNAL_FUNCTION,REVIEW,REVIEW,código interno / dependencia; no public route asserted,,CONFIRMED,docs/legacy-analysis/file-inventory.csv:system/libs/PEAR/DB/sybase.php
system/libs/PEAR/DB.php,,LEGACY_INTERNAL,,,,Internal; see phase1 inventory,REVIEW_INTERNAL_FUNCTION,REVIEW,REVIEW,código interno / dependencia; no public route asserted,,CONFIRMED,docs/legacy-analysis/file-inventory.csv:system/libs/PEAR/DB.php
system/libs/PEAR/PEAR.php,,LEGACY_INTERNAL,,,,Internal; see phase1 inventory,REVIEW_INTERNAL_FUNCTION,REVIEW,REVIEW,código interno / dependencia; no public route asserted,,CONFIRMED,docs/legacy-analysis/file-inventory.csv:system/libs/PEAR/PEAR.php
system/libs/PEAR/Savant3/Error.php,,LEGACY_INTERNAL,,,,Internal; see phase1 inventory,REVIEW_INTERNAL_FUNCTION,REVIEW,REVIEW,código interno / dependencia; no public route asserted,,CONFIRMED,docs/legacy-analysis/file-inventory.csv:system/libs/PEAR/Savant3/Error.php
system/libs/PEAR/Savant3/Exception.php,,LEGACY_INTERNAL,,,,Internal; see phase1 inventory,REVIEW_INTERNAL_FUNCTION,REVIEW,REVIEW,código interno / dependencia; no public route asserted,,CONFIRMED,docs/legacy-analysis/file-inventory.csv:system/libs/PEAR/Savant3/Exception.php
system/libs/PEAR/Savant3/Filter.php,,LEGACY_INTERNAL,,,,Internal; see phase1 inventory,REVIEW_INTERNAL_FUNCTION,REVIEW,REVIEW,código interno / dependencia; no public route asserted,,CONFIRMED,docs/legacy-analysis/file-inventory.csv:system/libs/PEAR/Savant3/Filter.php
system/libs/PEAR/Savant3/Plugin.php,,LEGACY_INTERNAL,,,,Internal; see phase1 inventory,REVIEW_INTERNAL_FUNCTION,REVIEW,REVIEW,código interno / dependencia; no public route asserted,,CONFIRMED,docs/legacy-analysis/file-inventory.csv:system/libs/PEAR/Savant3/Plugin.php
system/libs/PEAR/Savant3/resources/Savant3_Filter_trimwhitespace.php,,LEGACY_INTERNAL,,,,Internal; see phase1 inventory,REVIEW_INTERNAL_FUNCTION,REVIEW,REVIEW,código interno / dependencia; no public route asserted,,CONFIRMED,docs/legacy-analysis/file-inventory.csv:system/libs/PEAR/Savant3/resources/Savant3_Filter_trimwhitespace.php
system/libs/PEAR/Savant3/resources/Savant3_Plugin_ahref.php,,LEGACY_INTERNAL,,,,Internal; see phase1 inventory,REVIEW_INTERNAL_FUNCTION,REVIEW,REVIEW,código interno / dependencia; no public route asserted,,CONFIRMED,docs/legacy-analysis/file-inventory.csv:system/libs/PEAR/Savant3/resources/Savant3_Plugin_ahref.php
system/libs/PEAR/Savant3/resources/Savant3_Plugin_date.php,,LEGACY_INTERNAL,,,,Internal; see phase1 inventory,REVIEW_INTERNAL_FUNCTION,REVIEW,REVIEW,código interno / dependencia; no public route asserted,,CONFIRMED,docs/legacy-analysis/file-inventory.csv:system/libs/PEAR/Savant3/resources/Savant3_Plugin_date.php
system/libs/PEAR/Savant3/resources/Savant3_Plugin_htmlAttribs.php,,LEGACY_INTERNAL,,,,Internal; see phase1 inventory,REVIEW_INTERNAL_FUNCTION,REVIEW,REVIEW,código interno / dependencia; no public route asserted,,CONFIRMED,docs/legacy-analysis/file-inventory.csv:system/libs/PEAR/Savant3/resources/Savant3_Plugin_htmlAttribs.php
system/libs/PEAR/Savant3/resources/Savant3_Plugin_image.php,,LEGACY_INTERNAL,,,,Internal; see phase1 inventory,REVIEW_INTERNAL_FUNCTION,REVIEW,REVIEW,código interno / dependencia; no public route asserted,,CONFIRMED,docs/legacy-analysis/file-inventory.csv:system/libs/PEAR/Savant3/resources/Savant3_Plugin_image.php
system/libs/PEAR/Savant3.php,,LEGACY_INTERNAL,,,,Internal; see phase1 inventory,REVIEW_INTERNAL_FUNCTION,REVIEW,REVIEW,código interno / dependencia; no public route asserted,,CONFIRMED,docs/legacy-analysis/file-inventory.csv:system/libs/PEAR/Savant3.php
system/libs/PhpMailer/class.PHPMailer.php,,LEGACY_INTERNAL,,,,Internal; see phase1 inventory,REVIEW_INTERNAL_FUNCTION,REVIEW,REVIEW,código interno / dependencia; no public route asserted,,CONFIRMED,docs/legacy-analysis/file-inventory.csv:system/libs/PhpMailer/class.PHPMailer.php
system/libs/PhpMailer/class.pop3.php,,LEGACY_INTERNAL,,,,Internal; see phase1 inventory,REVIEW_INTERNAL_FUNCTION,REVIEW,REVIEW,código interno / dependencia; no public route asserted,,CONFIRMED,docs/legacy-analysis/file-inventory.csv:system/libs/PhpMailer/class.pop3.php
system/libs/PhpMailer/class.smtp.php,,LEGACY_INTERNAL,,,,Internal; see phase1 inventory,REVIEW_INTERNAL_FUNCTION,REVIEW,REVIEW,código interno / dependencia; no public route asserted,,CONFIRMED,docs/legacy-analysis/file-inventory.csv:system/libs/PhpMailer/class.smtp.php
system/libs/PhpMailer/language/phpmailer.lang-en.php,,LEGACY_INTERNAL,,,,Internal; see phase1 inventory,REVIEW_INTERNAL_FUNCTION,REVIEW,REVIEW,código interno / dependencia; no public route asserted,,CONFIRMED,docs/legacy-analysis/file-inventory.csv:system/libs/PhpMailer/language/phpmailer.lang-en.php
system/libs/PhpMailer/language/phpmailer.lang-es.php,,LEGACY_INTERNAL,,,,Internal; see phase1 inventory,REVIEW_INTERNAL_FUNCTION,REVIEW,REVIEW,código interno / dependencia; no public route asserted,,CONFIRMED,docs/legacy-analysis/file-inventory.csv:system/libs/PhpMailer/language/phpmailer.lang-es.php
system/libs/ProjectLibrary/Access/Categorias.class.php,,LEGACY_INTERNAL,,,,Internal; see phase1 inventory,REVIEW_INTERNAL_FUNCTION,REVIEW,REVIEW,código interno / aplicación; no public route asserted,,CONFIRMED,docs/legacy-analysis/file-inventory.csv:system/libs/ProjectLibrary/Access/Categorias.class.php
system/libs/ProjectLibrary/Access/Marcas.class.php,,LEGACY_INTERNAL,,,,Internal; see phase1 inventory,REVIEW_INTERNAL_FUNCTION,REVIEW,REVIEW,código interno / aplicación; no public route asserted,,CONFIRMED,docs/legacy-analysis/file-inventory.csv:system/libs/ProjectLibrary/Access/Marcas.class.php
system/libs/ProjectLibrary/Access/Productos.class.php,,LEGACY_INTERNAL,,,,Internal; see phase1 inventory,REVIEW_INTERNAL_FUNCTION,REVIEW,REVIEW,código interno / aplicación; no public route asserted,,CONFIRMED,docs/legacy-analysis/file-inventory.csv:system/libs/ProjectLibrary/Access/Productos.class.php
system/libs/ProjectLibrary/Access/User.class.php,,LEGACY_INTERNAL,,,,Internal; see phase1 inventory,REVIEW_INTERNAL_FUNCTION,REVIEW,REVIEW,código interno / aplicación; no public route asserted,,CONFIRMED,docs/legacy-analysis/file-inventory.csv:system/libs/ProjectLibrary/Access/User.class.php
system/libs/ProjectLibrary/Access.class.php,,LEGACY_INTERNAL,,,,Internal; see phase1 inventory,REVIEW_INTERNAL_FUNCTION,REVIEW,REVIEW,código interno / aplicación; no public route asserted,,CONFIRMED,docs/legacy-analysis/file-inventory.csv:system/libs/ProjectLibrary/Access.class.php
system/libs/ProjectLibrary/Entity/Categorias.class.php,,LEGACY_INTERNAL,,,,Internal; see phase1 inventory,REVIEW_INTERNAL_FUNCTION,REVIEW,REVIEW,código interno / aplicación; no public route asserted,,CONFIRMED,docs/legacy-analysis/file-inventory.csv:system/libs/ProjectLibrary/Entity/Categorias.class.php
system/libs/ProjectLibrary/Entity/IdsHandler.class.php,,LEGACY_INTERNAL,,,,Internal; see phase1 inventory,REVIEW_INTERNAL_FUNCTION,REVIEW,REVIEW,código interno / aplicación; no public route asserted,,CONFIRMED,docs/legacy-analysis/file-inventory.csv:system/libs/ProjectLibrary/Entity/IdsHandler.class.php
system/libs/ProjectLibrary/Entity/ImageHandler.class.php,,LEGACY_INTERNAL,,,,Internal; see phase1 inventory,REVIEW_INTERNAL_FUNCTION,REVIEW,REVIEW,código interno / aplicación; no public route asserted,,CONFIRMED,docs/legacy-analysis/file-inventory.csv:system/libs/ProjectLibrary/Entity/ImageHandler.class.php
system/libs/ProjectLibrary/Entity/Marcas.class.php,,LEGACY_INTERNAL,,,,Internal; see phase1 inventory,REVIEW_INTERNAL_FUNCTION,REVIEW,REVIEW,código interno / aplicación; no public route asserted,,CONFIRMED,docs/legacy-analysis/file-inventory.csv:system/libs/ProjectLibrary/Entity/Marcas.class.php
system/libs/ProjectLibrary/Entity/Productos.class.php,,LEGACY_INTERNAL,,,,Internal; see phase1 inventory,REVIEW_INTERNAL_FUNCTION,REVIEW,REVIEW,código interno / aplicación; no public route asserted,,CONFIRMED,docs/legacy-analysis/file-inventory.csv:system/libs/ProjectLibrary/Entity/Productos.class.php
system/libs/ProjectLibrary/Entity/Search/Result/Categorias.class.php,,LEGACY_INTERNAL,,,,Internal; see phase1 inventory,REVIEW_INTERNAL_FUNCTION,REVIEW,REVIEW,código interno / aplicación; no public route asserted,,CONFIRMED,docs/legacy-analysis/file-inventory.csv:system/libs/ProjectLibrary/Entity/Search/Result/Categorias.class.php
system/libs/ProjectLibrary/Entity/Search/Result/fileManagment.class.php,,LEGACY_INTERNAL,,,,Internal; see phase1 inventory,REVIEW_INTERNAL_FUNCTION,REVIEW,REVIEW,código interno / aplicación; no public route asserted,,CONFIRMED,docs/legacy-analysis/file-inventory.csv:system/libs/ProjectLibrary/Entity/Search/Result/fileManagment.class.php
system/libs/ProjectLibrary/Entity/Search/Result/Marcas.class.php,,LEGACY_INTERNAL,,,,Internal; see phase1 inventory,REVIEW_INTERNAL_FUNCTION,REVIEW,REVIEW,código interno / aplicación; no public route asserted,,CONFIRMED,docs/legacy-analysis/file-inventory.csv:system/libs/ProjectLibrary/Entity/Search/Result/Marcas.class.php
system/libs/ProjectLibrary/Entity/Search/Result/Productos.class.php,,LEGACY_INTERNAL,,,,Internal; see phase1 inventory,REVIEW_INTERNAL_FUNCTION,REVIEW,REVIEW,código interno / aplicación; no public route asserted,,CONFIRMED,docs/legacy-analysis/file-inventory.csv:system/libs/ProjectLibrary/Entity/Search/Result/Productos.class.php
system/libs/ProjectLibrary/Entity/Search/Result/User.class.php,,LEGACY_INTERNAL,,,,Internal; see phase1 inventory,REVIEW_INTERNAL_FUNCTION,REVIEW,REVIEW,código interno / aplicación; no public route asserted,,CONFIRMED,docs/legacy-analysis/file-inventory.csv:system/libs/ProjectLibrary/Entity/Search/Result/User.class.php
system/libs/ProjectLibrary/Entity/Search/Result.class.php,,LEGACY_INTERNAL,,,,Internal; see phase1 inventory,REVIEW_INTERNAL_FUNCTION,REVIEW,REVIEW,código interno / aplicación; no public route asserted,,CONFIRMED,docs/legacy-analysis/file-inventory.csv:system/libs/ProjectLibrary/Entity/Search/Result.class.php
system/libs/ProjectLibrary/Entity/Search.class.php,,LEGACY_INTERNAL,,,,Internal; see phase1 inventory,REVIEW_INTERNAL_FUNCTION,REVIEW,REVIEW,código interno / aplicación; no public route asserted,,CONFIRMED,docs/legacy-analysis/file-inventory.csv:system/libs/ProjectLibrary/Entity/Search.class.php
system/libs/ProjectLibrary/Entity/User.class.php,,LEGACY_INTERNAL,,,,Internal; see phase1 inventory,REVIEW_INTERNAL_FUNCTION,REVIEW,REVIEW,código interno / aplicación; no public route asserted,,CONFIRMED,docs/legacy-analysis/file-inventory.csv:system/libs/ProjectLibrary/Entity/User.class.php
system/libs/ProjectLibrary/Entity/Util/CategoriasArray.class.php,,LEGACY_INTERNAL,,,,Internal; see phase1 inventory,REVIEW_INTERNAL_FUNCTION,REVIEW,REVIEW,código interno / aplicación; no public route asserted,,CONFIRMED,docs/legacy-analysis/file-inventory.csv:system/libs/ProjectLibrary/Entity/Util/CategoriasArray.class.php
system/libs/ProjectLibrary/Entity/Util/CategoriasIterator.class.php,,LEGACY_INTERNAL,,,,Internal; see phase1 inventory,REVIEW_INTERNAL_FUNCTION,REVIEW,REVIEW,código interno / aplicación; no public route asserted,,CONFIRMED,docs/legacy-analysis/file-inventory.csv:system/libs/ProjectLibrary/Entity/Util/CategoriasIterator.class.php
system/libs/ProjectLibrary/Entity/Util/File.class.php,,LEGACY_INTERNAL,,,,Internal; see phase1 inventory,REVIEW_INTERNAL_FUNCTION,REVIEW,REVIEW,código interno / aplicación; no public route asserted,,CONFIRMED,docs/legacy-analysis/file-inventory.csv:system/libs/ProjectLibrary/Entity/Util/File.class.php
system/libs/ProjectLibrary/Entity/Util/fileManagmentArray.class.php,,LEGACY_INTERNAL,,,,Internal; see phase1 inventory,REVIEW_INTERNAL_FUNCTION,REVIEW,REVIEW,código interno / aplicación; no public route asserted,,CONFIRMED,docs/legacy-analysis/file-inventory.csv:system/libs/ProjectLibrary/Entity/Util/fileManagmentArray.class.php
system/libs/ProjectLibrary/Entity/Util/fileManagmentIterator.class.php,,LEGACY_INTERNAL,,,,Internal; see phase1 inventory,REVIEW_INTERNAL_FUNCTION,REVIEW,REVIEW,código interno / aplicación; no public route asserted,,CONFIRMED,docs/legacy-analysis/file-inventory.csv:system/libs/ProjectLibrary/Entity/Util/fileManagmentIterator.class.php
system/libs/ProjectLibrary/Entity/Util/FileUpload.class.php,,LEGACY_INTERNAL,,,,Internal; see phase1 inventory,REVIEW_INTERNAL_FUNCTION,REVIEW,REVIEW,código interno / aplicación; no public route asserted,,CONFIRMED,docs/legacy-analysis/file-inventory.csv:system/libs/ProjectLibrary/Entity/Util/FileUpload.class.php
system/libs/ProjectLibrary/Entity/Util/MarcasArray.class.php,,LEGACY_INTERNAL,,,,Internal; see phase1 inventory,REVIEW_INTERNAL_FUNCTION,REVIEW,REVIEW,código interno / aplicación; no public route asserted,,CONFIRMED,docs/legacy-analysis/file-inventory.csv:system/libs/ProjectLibrary/Entity/Util/MarcasArray.class.php
system/libs/ProjectLibrary/Entity/Util/MarcasIterator.class.php,,LEGACY_INTERNAL,,,,Internal; see phase1 inventory,REVIEW_INTERNAL_FUNCTION,REVIEW,REVIEW,código interno / aplicación; no public route asserted,,CONFIRMED,docs/legacy-analysis/file-inventory.csv:system/libs/ProjectLibrary/Entity/Util/MarcasIterator.class.php
system/libs/ProjectLibrary/Entity/Util/ProductosArray.class.php,,LEGACY_INTERNAL,,,,Internal; see phase1 inventory,REVIEW_INTERNAL_FUNCTION,REVIEW,REVIEW,código interno / aplicación; no public route asserted,,CONFIRMED,docs/legacy-analysis/file-inventory.csv:system/libs/ProjectLibrary/Entity/Util/ProductosArray.class.php
system/libs/ProjectLibrary/Entity/Util/ProductosIterator.class.php,,LEGACY_INTERNAL,,,,Internal; see phase1 inventory,REVIEW_INTERNAL_FUNCTION,REVIEW,REVIEW,código interno / aplicación; no public route asserted,,CONFIRMED,docs/legacy-analysis/file-inventory.csv:system/libs/ProjectLibrary/Entity/Util/ProductosIterator.class.php
system/libs/ProjectLibrary/Entity/Util/UserArray.class.php,,LEGACY_INTERNAL,,,,Internal; see phase1 inventory,REVIEW_INTERNAL_FUNCTION,REVIEW,REVIEW,código interno / aplicación; no public route asserted,,CONFIRMED,docs/legacy-analysis/file-inventory.csv:system/libs/ProjectLibrary/Entity/Util/UserArray.class.php
system/libs/ProjectLibrary/Entity/Util/UserIterator.class.php,,LEGACY_INTERNAL,,,,Internal; see phase1 inventory,REVIEW_INTERNAL_FUNCTION,REVIEW,REVIEW,código interno / aplicación; no public route asserted,,CONFIRMED,docs/legacy-analysis/file-inventory.csv:system/libs/ProjectLibrary/Entity/Util/UserIterator.class.php
system/libs/ProjectLibrary/Entity.class.php,,LEGACY_INTERNAL,,,,Internal; see phase1 inventory,REVIEW_INTERNAL_FUNCTION,REVIEW,REVIEW,código interno / aplicación; no public route asserted,,CONFIRMED,docs/legacy-analysis/file-inventory.csv:system/libs/ProjectLibrary/Entity.class.php
system/libs/ProjectLibrary/FrontEnd/BO/Authentification.class.php,,LEGACY_INTERNAL,,,,Internal; see phase1 inventory,REVIEW_INTERNAL_FUNCTION,REVIEW,REVIEW,código interno / aplicación; no public route asserted,,CONFIRMED,docs/legacy-analysis/file-inventory.csv:system/libs/ProjectLibrary/FrontEnd/BO/Authentification.class.php
system/libs/ProjectLibrary/FrontEnd/BO/Categorias.class.php,,LEGACY_INTERNAL,,,,Internal; see phase1 inventory,REVIEW_INTERNAL_FUNCTION,REVIEW,REVIEW,código interno / aplicación; no public route asserted,,CONFIRMED,docs/legacy-analysis/file-inventory.csv:system/libs/ProjectLibrary/FrontEnd/BO/Categorias.class.php
system/libs/ProjectLibrary/FrontEnd/BO/Marcas.class.php,,LEGACY_INTERNAL,,,,Internal; see phase1 inventory,REVIEW_INTERNAL_FUNCTION,REVIEW,REVIEW,código interno / aplicación; no public route asserted,,CONFIRMED,docs/legacy-analysis/file-inventory.csv:system/libs/ProjectLibrary/FrontEnd/BO/Marcas.class.php
system/libs/ProjectLibrary/FrontEnd/BO/Productos.class.php,,LEGACY_INTERNAL,,,,Internal; see phase1 inventory,REVIEW_INTERNAL_FUNCTION,REVIEW,REVIEW,código interno / aplicación; no public route asserted,,CONFIRMED,docs/legacy-analysis/file-inventory.csv:system/libs/ProjectLibrary/FrontEnd/BO/Productos.class.php
system/libs/ProjectLibrary/FrontEnd/BO/User.class.php,,LEGACY_INTERNAL,,,,Internal; see phase1 inventory,REVIEW_INTERNAL_FUNCTION,REVIEW,REVIEW,código interno / aplicación; no public route asserted,,CONFIRMED,docs/legacy-analysis/file-inventory.csv:system/libs/ProjectLibrary/FrontEnd/BO/User.class.php
system/libs/ProjectLibrary/FrontEnd/BO.class.php,,LEGACY_INTERNAL,,,,Internal; see phase1 inventory,REVIEW_INTERNAL_FUNCTION,REVIEW,REVIEW,código interno / aplicación; no public route asserted,,CONFIRMED,docs/legacy-analysis/file-inventory.csv:system/libs/ProjectLibrary/FrontEnd/BO.class.php
system/libs/ProjectLibrary/FrontEnd/FO/Authentification.class.php,,LEGACY_INTERNAL,,,,Internal; see phase1 inventory,REVIEW_INTERNAL_FUNCTION,REVIEW,REVIEW,código interno / aplicación; no public route asserted,,CONFIRMED,docs/legacy-analysis/file-inventory.csv:system/libs/ProjectLibrary/FrontEnd/FO/Authentification.class.php
system/libs/ProjectLibrary/FrontEnd/FO/Categorias.class.php,,LEGACY_INTERNAL,,,,Internal; see phase1 inventory,REVIEW_INTERNAL_FUNCTION,REVIEW,REVIEW,código interno / aplicación; no public route asserted,,CONFIRMED,docs/legacy-analysis/file-inventory.csv:system/libs/ProjectLibrary/FrontEnd/FO/Categorias.class.php
system/libs/ProjectLibrary/FrontEnd/FO/Marcas.class.php,,LEGACY_INTERNAL,,,,Internal; see phase1 inventory,REVIEW_INTERNAL_FUNCTION,REVIEW,REVIEW,código interno / aplicación; no public route asserted,,CONFIRMED,docs/legacy-analysis/file-inventory.csv:system/libs/ProjectLibrary/FrontEnd/FO/Marcas.class.php
system/libs/ProjectLibrary/FrontEnd/FO/Productos.class.php,,LEGACY_INTERNAL,,,,Internal; see phase1 inventory,REVIEW_INTERNAL_FUNCTION,REVIEW,REVIEW,código interno / aplicación; no public route asserted,,CONFIRMED,docs/legacy-analysis/file-inventory.csv:system/libs/ProjectLibrary/FrontEnd/FO/Productos.class.php
system/libs/ProjectLibrary/FrontEnd/FO.class.php,,LEGACY_INTERNAL,,,,Internal; see phase1 inventory,REVIEW_INTERNAL_FUNCTION,REVIEW,REVIEW,código interno / aplicación; no public route asserted,,CONFIRMED,docs/legacy-analysis/file-inventory.csv:system/libs/ProjectLibrary/FrontEnd/FO.class.php
system/libs/ProjectLibrary/FrontEnd/Util/Session.class.php,,LEGACY_INTERNAL,,,,Internal; see phase1 inventory,REVIEW_INTERNAL_FUNCTION,REVIEW,REVIEW,código interno / aplicación; no public route asserted,,CONFIRMED,docs/legacy-analysis/file-inventory.csv:system/libs/ProjectLibrary/FrontEnd/Util/Session.class.php
system/libs/ProjectLibrary/FrontEnd/Util/UserSession.class.php,,LEGACY_INTERNAL,,,,Internal; see phase1 inventory,REVIEW_INTERNAL_FUNCTION,REVIEW,REVIEW,código interno / aplicación; no public route asserted,,CONFIRMED,docs/legacy-analysis/file-inventory.csv:system/libs/ProjectLibrary/FrontEnd/Util/UserSession.class.php
system/libs/ProjectLibrary/Savant.class.php,,LEGACY_INTERNAL,,,,Internal; see phase1 inventory,REVIEW_INTERNAL_FUNCTION,REVIEW,REVIEW,código interno / aplicación; no public route asserted,,CONFIRMED,docs/legacy-analysis/file-inventory.csv:system/libs/ProjectLibrary/Savant.class.php
system/libs/ProjectLibrary/Savant_php2.class.php,,LEGACY_INTERNAL,,,,Internal; see phase1 inventory,REVIEW_INTERNAL_FUNCTION,REVIEW,REVIEW,código interno / aplicación; no public route asserted,,CONFIRMED,docs/legacy-analysis/file-inventory.csv:system/libs/ProjectLibrary/Savant_php2.class.php
system/libs/ProjectLibrary/SDO/Categorias.class.php,,LEGACY_INTERNAL,,,,Internal; see phase1 inventory,REVIEW_INTERNAL_FUNCTION,REVIEW,REVIEW,código interno / aplicación; no public route asserted,,CONFIRMED,docs/legacy-analysis/file-inventory.csv:system/libs/ProjectLibrary/SDO/Categorias.class.php
system/libs/ProjectLibrary/SDO/Core/Application/Categorias.class.php,,LEGACY_INTERNAL,,,,Internal; see phase1 inventory,REVIEW_INTERNAL_FUNCTION,REVIEW,REVIEW,código interno / aplicación; no public route asserted,,CONFIRMED,docs/legacy-analysis/file-inventory.csv:system/libs/ProjectLibrary/SDO/Core/Application/Categorias.class.php
system/libs/ProjectLibrary/SDO/Core/Application/Exception.class.php,,LEGACY_INTERNAL,,,,Internal; see phase1 inventory,REVIEW_INTERNAL_FUNCTION,REVIEW,REVIEW,código interno / aplicación; no public route asserted,,CONFIRMED,docs/legacy-analysis/file-inventory.csv:system/libs/ProjectLibrary/SDO/Core/Application/Exception.class.php
system/libs/ProjectLibrary/SDO/Core/Application/FileManagement.class.php,,LEGACY_INTERNAL,,,,Internal; see phase1 inventory,REVIEW_INTERNAL_FUNCTION,REVIEW,REVIEW,código interno / aplicación; no public route asserted,,CONFIRMED,docs/legacy-analysis/file-inventory.csv:system/libs/ProjectLibrary/SDO/Core/Application/FileManagement.class.php
system/libs/ProjectLibrary/SDO/Core/Application/Form.class.php,,LEGACY_INTERNAL,,,,Internal; see phase1 inventory,REVIEW_INTERNAL_FUNCTION,REVIEW,REVIEW,código interno / aplicación; no public route asserted,,CONFIRMED,docs/legacy-analysis/file-inventory.csv:system/libs/ProjectLibrary/SDO/Core/Application/Form.class.php
system/libs/ProjectLibrary/SDO/Core/Application/IdsHandler.class.php,,LEGACY_INTERNAL,,,,Internal; see phase1 inventory,REVIEW_INTERNAL_FUNCTION,REVIEW,REVIEW,código interno / aplicación; no public route asserted,,CONFIRMED,docs/legacy-analysis/file-inventory.csv:system/libs/ProjectLibrary/SDO/Core/Application/IdsHandler.class.php
system/libs/ProjectLibrary/SDO/Core/Application/ImageHandler.class.php,,LEGACY_INTERNAL,,,,Internal; see phase1 inventory,REVIEW_INTERNAL_FUNCTION,REVIEW,REVIEW,código interno / aplicación; no public route asserted,,CONFIRMED,docs/legacy-analysis/file-inventory.csv:system/libs/ProjectLibrary/SDO/Core/Application/ImageHandler.class.php
system/libs/ProjectLibrary/SDO/Core/Application/LanguageManager.class.php,,LEGACY_INTERNAL,,,,Internal; see phase1 inventory,REVIEW_INTERNAL_FUNCTION,REVIEW,REVIEW,código interno / aplicación; no public route asserted,,CONFIRMED,docs/legacy-analysis/file-inventory.csv:system/libs/ProjectLibrary/SDO/Core/Application/LanguageManager.class.php
system/libs/ProjectLibrary/SDO/Core/Application/Marcas.class.php,,LEGACY_INTERNAL,,,,Internal; see phase1 inventory,REVIEW_INTERNAL_FUNCTION,REVIEW,REVIEW,código interno / aplicación; no public route asserted,,CONFIRMED,docs/legacy-analysis/file-inventory.csv:system/libs/ProjectLibrary/SDO/Core/Application/Marcas.class.php
system/libs/ProjectLibrary/SDO/Core/Application/Productos.class.php,,LEGACY_INTERNAL,,,,Internal; see phase1 inventory,REVIEW_INTERNAL_FUNCTION,REVIEW,REVIEW,código interno / aplicación; no public route asserted,,CONFIRMED,docs/legacy-analysis/file-inventory.csv:system/libs/ProjectLibrary/SDO/Core/Application/Productos.class.php
system/libs/ProjectLibrary/SDO/Core/Application/Security/Authentication.class.php,,LEGACY_INTERNAL,,,,Internal; see phase1 inventory,REVIEW_INTERNAL_FUNCTION,REVIEW,REVIEW,código interno / aplicación; no public route asserted,,CONFIRMED,docs/legacy-analysis/file-inventory.csv:system/libs/ProjectLibrary/SDO/Core/Application/Security/Authentication.class.php
system/libs/ProjectLibrary/SDO/Core/Application/Security/Exception.class.php,,LEGACY_INTERNAL,,,,Internal; see phase1 inventory,REVIEW_INTERNAL_FUNCTION,REVIEW,REVIEW,código interno / aplicación; no public route asserted,,CONFIRMED,docs/legacy-analysis/file-inventory.csv:system/libs/ProjectLibrary/SDO/Core/Application/Security/Exception.class.php
system/libs/ProjectLibrary/SDO/Core/Application/User.class.php,,LEGACY_INTERNAL,,,,Internal; see phase1 inventory,REVIEW_INTERNAL_FUNCTION,REVIEW,REVIEW,código interno / aplicación; no public route asserted,,CONFIRMED,docs/legacy-analysis/file-inventory.csv:system/libs/ProjectLibrary/SDO/Core/Application/User.class.php
system/libs/ProjectLibrary/SDO/Core/Application.class.php,,LEGACY_INTERNAL,,,,Internal; see phase1 inventory,REVIEW_INTERNAL_FUNCTION,REVIEW,REVIEW,código interno / aplicación; no public route asserted,,CONFIRMED,docs/legacy-analysis/file-inventory.csv:system/libs/ProjectLibrary/SDO/Core/Application.class.php
system/libs/ProjectLibrary/SDO/Core/DAO/Categorias.class.php,,LEGACY_INTERNAL,,,,Internal; see phase1 inventory,REVIEW_INTERNAL_FUNCTION,REVIEW,REVIEW,código interno / aplicación; no public route asserted,,CONFIRMED,docs/legacy-analysis/file-inventory.csv:system/libs/ProjectLibrary/SDO/Core/DAO/Categorias.class.php
system/libs/ProjectLibrary/SDO/Core/DAO/File.class.php,,LEGACY_INTERNAL,,,,Internal; see phase1 inventory,REVIEW_INTERNAL_FUNCTION,REVIEW,REVIEW,código interno / aplicación; no public route asserted,,CONFIRMED,docs/legacy-analysis/file-inventory.csv:system/libs/ProjectLibrary/SDO/Core/DAO/File.class.php
system/libs/ProjectLibrary/SDO/Core/DAO/Marcas.class.php,,LEGACY_INTERNAL,,,,Internal; see phase1 inventory,REVIEW_INTERNAL_FUNCTION,REVIEW,REVIEW,código interno / aplicación; no public route asserted,,CONFIRMED,docs/legacy-analysis/file-inventory.csv:system/libs/ProjectLibrary/SDO/Core/DAO/Marcas.class.php
system/libs/ProjectLibrary/SDO/Core/DAO/Permission.class.php,,LEGACY_INTERNAL,,,,Internal; see phase1 inventory,REVIEW_INTERNAL_FUNCTION,REVIEW,REVIEW,código interno / aplicación; no public route asserted,,CONFIRMED,docs/legacy-analysis/file-inventory.csv:system/libs/ProjectLibrary/SDO/Core/DAO/Permission.class.php
system/libs/ProjectLibrary/SDO/Core/DAO/Productos.class.php,,LEGACY_INTERNAL,,,,Internal; see phase1 inventory,REVIEW_INTERNAL_FUNCTION,REVIEW,REVIEW,código interno / aplicación; no public route asserted,,CONFIRMED,docs/legacy-analysis/file-inventory.csv:system/libs/ProjectLibrary/SDO/Core/DAO/Productos.class.php
system/libs/ProjectLibrary/SDO/Core/DAO/User.class.php,,LEGACY_INTERNAL,,,,Internal; see phase1 inventory,REVIEW_INTERNAL_FUNCTION,REVIEW,REVIEW,código interno / aplicación; no public route asserted,,CONFIRMED,docs/legacy-analysis/file-inventory.csv:system/libs/ProjectLibrary/SDO/Core/DAO/User.class.php
system/libs/ProjectLibrary/SDO/Core/DAO.class.php,,LEGACY_INTERNAL,,,,Internal; see phase1 inventory,REVIEW_INTERNAL_FUNCTION,REVIEW,REVIEW,código interno / aplicación; no public route asserted,,CONFIRMED,docs/legacy-analysis/file-inventory.csv:system/libs/ProjectLibrary/SDO/Core/DAO.class.php
system/libs/ProjectLibrary/SDO/Core/DB/Exception.class.php,,LEGACY_INTERNAL,,,,Internal; see phase1 inventory,REVIEW_INTERNAL_FUNCTION,REVIEW,REVIEW,código interno / aplicación; no public route asserted,,CONFIRMED,docs/legacy-analysis/file-inventory.csv:system/libs/ProjectLibrary/SDO/Core/DB/Exception.class.php
system/libs/ProjectLibrary/SDO/Core/DB.class.php,,LEGACY_INTERNAL,,,,Internal; see phase1 inventory,REVIEW_INTERNAL_FUNCTION,REVIEW,REVIEW,código interno / aplicación; no public route asserted,,CONFIRMED,docs/legacy-analysis/file-inventory.csv:system/libs/ProjectLibrary/SDO/Core/DB.class.php
system/libs/ProjectLibrary/SDO/Core/IO/FileApplication.class.php,,LEGACY_INTERNAL,,,,Internal; see phase1 inventory,REVIEW_INTERNAL_FUNCTION,REVIEW,REVIEW,código interno / aplicación; no public route asserted,,CONFIRMED,docs/legacy-analysis/file-inventory.csv:system/libs/ProjectLibrary/SDO/Core/IO/FileApplication.class.php
system/libs/ProjectLibrary/SDO/Core/Util/EntityManager.class.php,,LEGACY_INTERNAL,,,,Internal; see phase1 inventory,REVIEW_INTERNAL_FUNCTION,REVIEW,REVIEW,código interno / aplicación; no public route asserted,,CONFIRMED,docs/legacy-analysis/file-inventory.csv:system/libs/ProjectLibrary/SDO/Core/Util/EntityManager.class.php
system/libs/ProjectLibrary/SDO/Core/Validator/Categorias.class.php,,LEGACY_INTERNAL,,,,Internal; see phase1 inventory,REVIEW_INTERNAL_FUNCTION,REVIEW,REVIEW,código interno / aplicación; no public route asserted,,CONFIRMED,docs/legacy-analysis/file-inventory.csv:system/libs/ProjectLibrary/SDO/Core/Validator/Categorias.class.php
system/libs/ProjectLibrary/SDO/Core/Validator/Exception.class.php,,LEGACY_INTERNAL,,,,Internal; see phase1 inventory,REVIEW_INTERNAL_FUNCTION,REVIEW,REVIEW,código interno / aplicación; no public route asserted,,CONFIRMED,docs/legacy-analysis/file-inventory.csv:system/libs/ProjectLibrary/SDO/Core/Validator/Exception.class.php
system/libs/ProjectLibrary/SDO/Core/Validator/File/Excel.class.php,,LEGACY_INTERNAL,,,,Internal; see phase1 inventory,REVIEW_INTERNAL_FUNCTION,REVIEW,REVIEW,código interno / aplicación; no public route asserted,,CONFIRMED,docs/legacy-analysis/file-inventory.csv:system/libs/ProjectLibrary/SDO/Core/Validator/File/Excel.class.php
system/libs/ProjectLibrary/SDO/Core/Validator/File/Image.class.php,,LEGACY_INTERNAL,,,,Internal; see phase1 inventory,REVIEW_INTERNAL_FUNCTION,REVIEW,REVIEW,código interno / aplicación; no public route asserted,,CONFIRMED,docs/legacy-analysis/file-inventory.csv:system/libs/ProjectLibrary/SDO/Core/Validator/File/Image.class.php
system/libs/ProjectLibrary/SDO/Core/Validator/File/MP3.class.php,,LEGACY_INTERNAL,,,,Internal; see phase1 inventory,REVIEW_INTERNAL_FUNCTION,REVIEW,REVIEW,código interno / aplicación; no public route asserted,,CONFIRMED,docs/legacy-analysis/file-inventory.csv:system/libs/ProjectLibrary/SDO/Core/Validator/File/MP3.class.php
system/libs/ProjectLibrary/SDO/Core/Validator/File/Pdf.class.php,,LEGACY_INTERNAL,,,,Internal; see phase1 inventory,REVIEW_INTERNAL_FUNCTION,REVIEW,REVIEW,código interno / aplicación; no public route asserted,,CONFIRMED,docs/legacy-analysis/file-inventory.csv:system/libs/ProjectLibrary/SDO/Core/Validator/File/Pdf.class.php
system/libs/ProjectLibrary/SDO/Core/Validator/File/Word.class.php,,LEGACY_INTERNAL,,,,Internal; see phase1 inventory,REVIEW_INTERNAL_FUNCTION,REVIEW,REVIEW,código interno / aplicación; no public route asserted,,CONFIRMED,docs/legacy-analysis/file-inventory.csv:system/libs/ProjectLibrary/SDO/Core/Validator/File/Word.class.php
system/libs/ProjectLibrary/SDO/Core/Validator/File.class.php,,LEGACY_INTERNAL,,,,Internal; see phase1 inventory,REVIEW_INTERNAL_FUNCTION,REVIEW,REVIEW,código interno / aplicación; no public route asserted,,CONFIRMED,docs/legacy-analysis/file-inventory.csv:system/libs/ProjectLibrary/SDO/Core/Validator/File.class.php
system/libs/ProjectLibrary/SDO/Core/Validator/Marcas.class.php,,LEGACY_INTERNAL,,,,Internal; see phase1 inventory,REVIEW_INTERNAL_FUNCTION,REVIEW,REVIEW,código interno / aplicación; no public route asserted,,CONFIRMED,docs/legacy-analysis/file-inventory.csv:system/libs/ProjectLibrary/SDO/Core/Validator/Marcas.class.php
system/libs/ProjectLibrary/SDO/Core/Validator/Productos.class.php,,LEGACY_INTERNAL,,,,Internal; see phase1 inventory,REVIEW_INTERNAL_FUNCTION,REVIEW,REVIEW,código interno / aplicación; no public route asserted,,CONFIRMED,docs/legacy-analysis/file-inventory.csv:system/libs/ProjectLibrary/SDO/Core/Validator/Productos.class.php
system/libs/ProjectLibrary/SDO/Core/Validator/Test/UniqueClusterEmail.class.php,,LEGACY_INTERNAL,,,,Internal; see phase1 inventory,REVIEW_INTERNAL_FUNCTION,REVIEW,REVIEW,código interno / aplicación; no public route asserted,,CONFIRMED,docs/legacy-analysis/file-inventory.csv:system/libs/ProjectLibrary/SDO/Core/Validator/Test/UniqueClusterEmail.class.php
system/libs/ProjectLibrary/SDO/Core/Validator/Test/UniqueProfileEmail.class.php,,LEGACY_INTERNAL,,,,Internal; see phase1 inventory,REVIEW_INTERNAL_FUNCTION,REVIEW,REVIEW,código interno / aplicación; no public route asserted,,CONFIRMED,docs/legacy-analysis/file-inventory.csv:system/libs/ProjectLibrary/SDO/Core/Validator/Test/UniqueProfileEmail.class.php
system/libs/ProjectLibrary/SDO/Core/Validator/User.class.php,,LEGACY_INTERNAL,,,,Internal; see phase1 inventory,REVIEW_INTERNAL_FUNCTION,REVIEW,REVIEW,código interno / aplicación; no public route asserted,,CONFIRMED,docs/legacy-analysis/file-inventory.csv:system/libs/ProjectLibrary/SDO/Core/Validator/User.class.php
system/libs/ProjectLibrary/SDO/Core/Validator.class.php,,LEGACY_INTERNAL,,,,Internal; see phase1 inventory,REVIEW_INTERNAL_FUNCTION,REVIEW,REVIEW,código interno / aplicación; no public route asserted,,CONFIRMED,docs/legacy-analysis/file-inventory.csv:system/libs/ProjectLibrary/SDO/Core/Validator.class.php
system/libs/ProjectLibrary/SDO/IdHandler.class.php,,LEGACY_INTERNAL,,,,Internal; see phase1 inventory,REVIEW_INTERNAL_FUNCTION,REVIEW,REVIEW,código interno / aplicación; no public route asserted,,CONFIRMED,docs/legacy-analysis/file-inventory.csv:system/libs/ProjectLibrary/SDO/IdHandler.class.php
system/libs/ProjectLibrary/SDO/ImageHandler.class.php,,LEGACY_INTERNAL,,,,Internal; see phase1 inventory,REVIEW_INTERNAL_FUNCTION,REVIEW,REVIEW,código interno / aplicación; no public route asserted,,CONFIRMED,docs/legacy-analysis/file-inventory.csv:system/libs/ProjectLibrary/SDO/ImageHandler.class.php
system/libs/ProjectLibrary/SDO/Marcas.class.php,,LEGACY_INTERNAL,,,,Internal; see phase1 inventory,REVIEW_INTERNAL_FUNCTION,REVIEW,REVIEW,código interno / aplicación; no public route asserted,,CONFIRMED,docs/legacy-analysis/file-inventory.csv:system/libs/ProjectLibrary/SDO/Marcas.class.php
system/libs/ProjectLibrary/SDO/Productos.class.php,,LEGACY_INTERNAL,,,,Internal; see phase1 inventory,REVIEW_INTERNAL_FUNCTION,REVIEW,REVIEW,código interno / aplicación; no public route asserted,,CONFIRMED,docs/legacy-analysis/file-inventory.csv:system/libs/ProjectLibrary/SDO/Productos.class.php
system/libs/ProjectLibrary/SDO/Security.class.php,,LEGACY_INTERNAL,,,,Internal; see phase1 inventory,REVIEW_INTERNAL_FUNCTION,REVIEW,REVIEW,código interno / aplicación; no public route asserted,,CONFIRMED,docs/legacy-analysis/file-inventory.csv:system/libs/ProjectLibrary/SDO/Security.class.php
system/libs/ProjectLibrary/SDO/User.class.php,,LEGACY_INTERNAL,,,,Internal; see phase1 inventory,REVIEW_INTERNAL_FUNCTION,REVIEW,REVIEW,código interno / aplicación; no public route asserted,,CONFIRMED,docs/legacy-analysis/file-inventory.csv:system/libs/ProjectLibrary/SDO/User.class.php
system/libs/Zend/Exception.php,,LEGACY_INTERNAL,,,,Internal; see phase1 inventory,REVIEW_INTERNAL_FUNCTION,REVIEW,REVIEW,código interno / dependencia; no public route asserted,,CONFIRMED,docs/legacy-analysis/file-inventory.csv:system/libs/Zend/Exception.php
system/libs/Zend/Loader/Exception.php,,LEGACY_INTERNAL,,,,Internal; see phase1 inventory,REVIEW_INTERNAL_FUNCTION,REVIEW,REVIEW,código interno / dependencia; no public route asserted,,CONFIRMED,docs/legacy-analysis/file-inventory.csv:system/libs/Zend/Loader/Exception.php
system/libs/Zend/Loader/PluginLoader/Exception.php,,LEGACY_INTERNAL,,,,Internal; see phase1 inventory,REVIEW_INTERNAL_FUNCTION,REVIEW,REVIEW,código interno / dependencia; no public route asserted,,CONFIRMED,docs/legacy-analysis/file-inventory.csv:system/libs/Zend/Loader/PluginLoader/Exception.php
system/libs/Zend/Loader/PluginLoader/Interface.php,,LEGACY_INTERNAL,,,,Internal; see phase1 inventory,REVIEW_INTERNAL_FUNCTION,REVIEW,REVIEW,código interno / dependencia; no public route asserted,,CONFIRMED,docs/legacy-analysis/file-inventory.csv:system/libs/Zend/Loader/PluginLoader/Interface.php
system/libs/Zend/Loader/PluginLoader.php,,LEGACY_INTERNAL,,,,Internal; see phase1 inventory,REVIEW_INTERNAL_FUNCTION,REVIEW,REVIEW,código interno / dependencia; no public route asserted,,CONFIRMED,docs/legacy-analysis/file-inventory.csv:system/libs/Zend/Loader/PluginLoader.php
system/libs/Zend/Loader.php,,LEGACY_INTERNAL,,,,Internal; see phase1 inventory,REVIEW_INTERNAL_FUNCTION,REVIEW,REVIEW,código interno / dependencia; no public route asserted,,CONFIRMED,docs/legacy-analysis/file-inventory.csv:system/libs/Zend/Loader.php
system/libs/Zend/Locale/Data/Translation.php,,LEGACY_INTERNAL,,,,Internal; see phase1 inventory,REVIEW_INTERNAL_FUNCTION,REVIEW,REVIEW,código interno / dependencia; no public route asserted,,CONFIRMED,docs/legacy-analysis/file-inventory.csv:system/libs/Zend/Locale/Data/Translation.php
system/libs/Zend/Locale/Data.php,,LEGACY_INTERNAL,,,,Internal; see phase1 inventory,REVIEW_INTERNAL_FUNCTION,REVIEW,REVIEW,código interno / dependencia; no public route asserted,,CONFIRMED,docs/legacy-analysis/file-inventory.csv:system/libs/Zend/Locale/Data.php
system/libs/Zend/Locale/Exception.php,,LEGACY_INTERNAL,,,,Internal; see phase1 inventory,REVIEW_INTERNAL_FUNCTION,REVIEW,REVIEW,código interno / dependencia; no public route asserted,,CONFIRMED,docs/legacy-analysis/file-inventory.csv:system/libs/Zend/Locale/Exception.php
system/libs/Zend/Locale/Format.php,,LEGACY_INTERNAL,,,,Internal; see phase1 inventory,REVIEW_INTERNAL_FUNCTION,REVIEW,REVIEW,código interno / dependencia; no public route asserted,,CONFIRMED,docs/legacy-analysis/file-inventory.csv:system/libs/Zend/Locale/Format.php
system/libs/Zend/Locale/Math/Exception.php,,LEGACY_INTERNAL,,,,Internal; see phase1 inventory,REVIEW_INTERNAL_FUNCTION,REVIEW,REVIEW,código interno / dependencia; no public route asserted,,CONFIRMED,docs/legacy-analysis/file-inventory.csv:system/libs/Zend/Locale/Math/Exception.php
system/libs/Zend/Locale/Math/PhpMath.php,,LEGACY_INTERNAL,,,,Internal; see phase1 inventory,REVIEW_INTERNAL_FUNCTION,REVIEW,REVIEW,código interno / dependencia; no public route asserted,,CONFIRMED,docs/legacy-analysis/file-inventory.csv:system/libs/Zend/Locale/Math/PhpMath.php
system/libs/Zend/Locale/Math.php,,LEGACY_INTERNAL,,,,Internal; see phase1 inventory,REVIEW_INTERNAL_FUNCTION,REVIEW,REVIEW,código interno / dependencia; no public route asserted,,CONFIRMED,docs/legacy-analysis/file-inventory.csv:system/libs/Zend/Locale/Math.php
system/libs/Zend/Locale.php,,LEGACY_INTERNAL,,,,Internal; see phase1 inventory,REVIEW_INTERNAL_FUNCTION,REVIEW,REVIEW,código interno / dependencia; no public route asserted,,CONFIRMED,docs/legacy-analysis/file-inventory.csv:system/libs/Zend/Locale.php
system/libs/Zend/Translate/Adapter/Array.php,,LEGACY_INTERNAL,,,,Internal; see phase1 inventory,REVIEW_INTERNAL_FUNCTION,REVIEW,REVIEW,código interno / dependencia; no public route asserted,,CONFIRMED,docs/legacy-analysis/file-inventory.csv:system/libs/Zend/Translate/Adapter/Array.php
system/libs/Zend/Translate/Adapter/Csv.php,,LEGACY_INTERNAL,,,,Internal; see phase1 inventory,REVIEW_INTERNAL_FUNCTION,REVIEW,REVIEW,código interno / dependencia; no public route asserted,,CONFIRMED,docs/legacy-analysis/file-inventory.csv:system/libs/Zend/Translate/Adapter/Csv.php
system/libs/Zend/Translate/Adapter/Gettext.php,,LEGACY_INTERNAL,,,,Internal; see phase1 inventory,REVIEW_INTERNAL_FUNCTION,REVIEW,REVIEW,código interno / dependencia; no public route asserted,,CONFIRMED,docs/legacy-analysis/file-inventory.csv:system/libs/Zend/Translate/Adapter/Gettext.php
system/libs/Zend/Translate/Adapter/Qt.php,,LEGACY_INTERNAL,,,,Internal; see phase1 inventory,REVIEW_INTERNAL_FUNCTION,REVIEW,REVIEW,código interno / dependencia; no public route asserted,,CONFIRMED,docs/legacy-analysis/file-inventory.csv:system/libs/Zend/Translate/Adapter/Qt.php
system/libs/Zend/Translate/Adapter/Tbx.php,,LEGACY_INTERNAL,,,,Internal; see phase1 inventory,REVIEW_INTERNAL_FUNCTION,REVIEW,REVIEW,código interno / dependencia; no public route asserted,,CONFIRMED,docs/legacy-analysis/file-inventory.csv:system/libs/Zend/Translate/Adapter/Tbx.php
system/libs/Zend/Translate/Adapter/Tmx.php,,LEGACY_INTERNAL,,,,Internal; see phase1 inventory,REVIEW_INTERNAL_FUNCTION,REVIEW,REVIEW,código interno / dependencia; no public route asserted,,CONFIRMED,docs/legacy-analysis/file-inventory.csv:system/libs/Zend/Translate/Adapter/Tmx.php
system/libs/Zend/Translate/Adapter/Xliff.php,,LEGACY_INTERNAL,,,,Internal; see phase1 inventory,REVIEW_INTERNAL_FUNCTION,REVIEW,REVIEW,código interno / dependencia; no public route asserted,,CONFIRMED,docs/legacy-analysis/file-inventory.csv:system/libs/Zend/Translate/Adapter/Xliff.php
system/libs/Zend/Translate/Adapter/XmlTm.php,,LEGACY_INTERNAL,,,,Internal; see phase1 inventory,REVIEW_INTERNAL_FUNCTION,REVIEW,REVIEW,código interno / dependencia; no public route asserted,,CONFIRMED,docs/legacy-analysis/file-inventory.csv:system/libs/Zend/Translate/Adapter/XmlTm.php
system/libs/Zend/Translate/Adapter.php,,LEGACY_INTERNAL,,,,Internal; see phase1 inventory,REVIEW_INTERNAL_FUNCTION,REVIEW,REVIEW,código interno / dependencia; no public route asserted,,CONFIRMED,docs/legacy-analysis/file-inventory.csv:system/libs/Zend/Translate/Adapter.php
system/libs/Zend/Translate/Exception.php,,LEGACY_INTERNAL,,,,Internal; see phase1 inventory,REVIEW_INTERNAL_FUNCTION,REVIEW,REVIEW,código interno / dependencia; no public route asserted,,CONFIRMED,docs/legacy-analysis/file-inventory.csv:system/libs/Zend/Translate/Exception.php
system/libs/Zend/Translate.php,,LEGACY_INTERNAL,,,,Internal; see phase1 inventory,REVIEW_INTERNAL_FUNCTION,REVIEW,REVIEW,código interno / dependencia; no public route asserted,,CONFIRMED,docs/legacy-analysis/file-inventory.csv:system/libs/Zend/Translate.php
system/Marcas.php,,LEGACY_INTERNAL,,,,Internal; see phase1 inventory,REVIEW_INTERNAL_FUNCTION,REVIEW,REVIEW,endpoint / código interno; no public route asserted,,CONFIRMED,docs/legacy-analysis/file-inventory.csv:system/Marcas.php
system/Productos.php,,LEGACY_INTERNAL,,,,Internal; see phase1 inventory,REVIEW_INTERNAL_FUNCTION,REVIEW,REVIEW,endpoint / código interno; no public route asserted,,CONFIRMED,docs/legacy-analysis/file-inventory.csv:system/Productos.php
system/view/AudioMain.php,,LEGACY_INTERNAL,,,,Internal; see phase1 inventory,REVIEW_INTERNAL_FUNCTION,REVIEW,REVIEW,template; no public route asserted,,CONFIRMED,docs/legacy-analysis/file-inventory.csv:system/view/AudioMain.php
system/view/AudioMultimedia.php,,LEGACY_INTERNAL,,,,Internal; see phase1 inventory,REVIEW_INTERNAL_FUNCTION,REVIEW,REVIEW,template; no public route asserted,,CONFIRMED,docs/legacy-analysis/file-inventory.csv:system/view/AudioMultimedia.php
system/view/AudioView.php,,LEGACY_INTERNAL,,,,Internal; see phase1 inventory,REVIEW_INTERNAL_FUNCTION,REVIEW,REVIEW,template; no public route asserted,,CONFIRMED,docs/legacy-analysis/file-inventory.csv:system/view/AudioView.php
system/view/BenefitsMain.php,,LEGACY_INTERNAL,,,,Internal; see phase1 inventory,REVIEW_INTERNAL_FUNCTION,REVIEW,REVIEW,template; no public route asserted,,CONFIRMED,docs/legacy-analysis/file-inventory.csv:system/view/BenefitsMain.php
system/view/BenefitsView.php,,LEGACY_INTERNAL,,,,Internal; see phase1 inventory,REVIEW_INTERNAL_FUNCTION,REVIEW,REVIEW,template; no public route asserted,,CONFIRMED,docs/legacy-analysis/file-inventory.csv:system/view/BenefitsView.php
system/view/CategoriasMain.php,,LEGACY_INTERNAL,,,,Internal; see phase1 inventory,REVIEW_INTERNAL_FUNCTION,REVIEW,REVIEW,template; no public route asserted,,CONFIRMED,docs/legacy-analysis/file-inventory.csv:system/view/CategoriasMain.php
system/view/CategoriasView.php,,LEGACY_INTERNAL,,,,Internal; see phase1 inventory,REVIEW_INTERNAL_FUNCTION,REVIEW,REVIEW,template; no public route asserted,,CONFIRMED,docs/legacy-analysis/file-inventory.csv:system/view/CategoriasView.php
system/view/ClusterMain.php,,LEGACY_INTERNAL,,,,Internal; see phase1 inventory,REVIEW_INTERNAL_FUNCTION,REVIEW,REVIEW,template; no public route asserted,,CONFIRMED,docs/legacy-analysis/file-inventory.csv:system/view/ClusterMain.php
system/view/ClusterView.php,,LEGACY_INTERNAL,,,,Internal; see phase1 inventory,REVIEW_INTERNAL_FUNCTION,REVIEW,REVIEW,template; no public route asserted,,CONFIRMED,docs/legacy-analysis/file-inventory.csv:system/view/ClusterView.php
system/view/InventarioLogMain.php,,LEGACY_INTERNAL,,,,Internal; see phase1 inventory,REVIEW_INTERNAL_FUNCTION,REVIEW,REVIEW,template; no public route asserted,,CONFIRMED,docs/legacy-analysis/file-inventory.csv:system/view/InventarioLogMain.php
system/view/InventarioLogView.php,,LEGACY_INTERNAL,,,,Internal; see phase1 inventory,REVIEW_INTERNAL_FUNCTION,REVIEW,REVIEW,template; no public route asserted,,CONFIRMED,docs/legacy-analysis/file-inventory.csv:system/view/InventarioLogView.php
system/view/InventarioMain.php,,LEGACY_INTERNAL,,,,Internal; see phase1 inventory,REVIEW_INTERNAL_FUNCTION,REVIEW,REVIEW,template; no public route asserted,,CONFIRMED,docs/legacy-analysis/file-inventory.csv:system/view/InventarioMain.php
system/view/InventarioSucursalMain.php,,LEGACY_INTERNAL,,,,Internal; see phase1 inventory,REVIEW_INTERNAL_FUNCTION,REVIEW,REVIEW,template; no public route asserted,,CONFIRMED,docs/legacy-analysis/file-inventory.csv:system/view/InventarioSucursalMain.php
system/view/InventarioSucursalView.php,,LEGACY_INTERNAL,,,,Internal; see phase1 inventory,REVIEW_INTERNAL_FUNCTION,REVIEW,REVIEW,template; no public route asserted,,CONFIRMED,docs/legacy-analysis/file-inventory.csv:system/view/InventarioSucursalView.php
system/view/InventarioView.php,,LEGACY_INTERNAL,,,,Internal; see phase1 inventory,REVIEW_INTERNAL_FUNCTION,REVIEW,REVIEW,template; no public route asserted,,CONFIRMED,docs/legacy-analysis/file-inventory.csv:system/view/InventarioView.php
system/view/LogMain.php,,LEGACY_INTERNAL,,,,Internal; see phase1 inventory,REVIEW_INTERNAL_FUNCTION,REVIEW,REVIEW,template; no public route asserted,,CONFIRMED,docs/legacy-analysis/file-inventory.csv:system/view/LogMain.php
system/view/LogView.php,,LEGACY_INTERNAL,,,,Internal; see phase1 inventory,REVIEW_INTERNAL_FUNCTION,REVIEW,REVIEW,template; no public route asserted,,CONFIRMED,docs/legacy-analysis/file-inventory.csv:system/view/LogView.php
system/view/MarcasMain.php,,LEGACY_INTERNAL,,,,Internal; see phase1 inventory,REVIEW_INTERNAL_FUNCTION,REVIEW,REVIEW,template; no public route asserted,,CONFIRMED,docs/legacy-analysis/file-inventory.csv:system/view/MarcasMain.php
system/view/MarcasView.php,,LEGACY_INTERNAL,,,,Internal; see phase1 inventory,REVIEW_INTERNAL_FUNCTION,REVIEW,REVIEW,template; no public route asserted,,CONFIRMED,docs/legacy-analysis/file-inventory.csv:system/view/MarcasView.php
system/view/ProductosMain.php,,LEGACY_INTERNAL,,,,Internal; see phase1 inventory,REVIEW_INTERNAL_FUNCTION,REVIEW,REVIEW,template; no public route asserted,,CONFIRMED,docs/legacy-analysis/file-inventory.csv:system/view/ProductosMain.php
system/view/ProductosView.php,,LEGACY_INTERNAL,,,,Internal; see phase1 inventory,REVIEW_INTERNAL_FUNCTION,REVIEW,REVIEW,template; no public route asserted,,CONFIRMED,docs/legacy-analysis/file-inventory.csv:system/view/ProductosView.php
system/view/ReporteMain.php,,LEGACY_INTERNAL,,,,Internal; see phase1 inventory,REVIEW_INTERNAL_FUNCTION,REVIEW,REVIEW,template; no public route asserted,,CONFIRMED,docs/legacy-analysis/file-inventory.csv:system/view/ReporteMain.php
system/view/ReporteView.php,,LEGACY_INTERNAL,,,,Internal; see phase1 inventory,REVIEW_INTERNAL_FUNCTION,REVIEW,REVIEW,template; no public route asserted,,CONFIRMED,docs/legacy-analysis/file-inventory.csv:system/view/ReporteView.php
system/view/RequisicionesMain.php,,LEGACY_INTERNAL,,,,Internal; see phase1 inventory,REVIEW_INTERNAL_FUNCTION,REVIEW,REVIEW,template; no public route asserted,,CONFIRMED,docs/legacy-analysis/file-inventory.csv:system/view/RequisicionesMain.php
system/view/RequisicionesView.php,,LEGACY_INTERNAL,,,,Internal; see phase1 inventory,REVIEW_INTERNAL_FUNCTION,REVIEW,REVIEW,template; no public route asserted,,CONFIRMED,docs/legacy-analysis/file-inventory.csv:system/view/RequisicionesView.php
system/view/SucursalesMain.php,,LEGACY_INTERNAL,,,,Internal; see phase1 inventory,REVIEW_INTERNAL_FUNCTION,REVIEW,REVIEW,template; no public route asserted,,CONFIRMED,docs/legacy-analysis/file-inventory.csv:system/view/SucursalesMain.php
system/view/SucursalesView.php,,LEGACY_INTERNAL,,,,Internal; see phase1 inventory,REVIEW_INTERNAL_FUNCTION,REVIEW,REVIEW,template; no public route asserted,,CONFIRMED,docs/legacy-analysis/file-inventory.csv:system/view/SucursalesView.php
